####
#
# OBJ File Generated by Meshlab
#
####
# Object arm_link4.obj
#
# Vertices: 1487
# Faces: 2734
#
####
vn -0.5435111374765231 -3.0820812723949853 -2.9670622802092521
v 0.0750506967306137 -0.0595648549497128 0.0404999963939190
vn -1.0704535841216611 -2.9408772350221395 -2.9670566587438385
v 0.0702521204948425 -0.0582789927721024 0.0404999963939190
vn 0.0000583920711050 3.1296382578119815 -2.9670595916541460
v 0.0800007134675980 -0.0029979289975017 0.0405000001192093
vn -1.5648698440392308 -2.7103172911145070 -2.9670620740763463
v 0.0657497346401215 -0.0561793856322765 0.0404999963939190
vn -2.0117337769720649 -2.3974043449783959 -2.9670595795166590
v 0.0616803430020809 -0.0533298589289188 0.0404999926686287
vn -2.3974801274899846 -2.0116490022851421 -2.9670590474869480
v 0.0581675842404366 -0.0498169735074043 0.0404999963939190
vn -2.7103726143358990 -1.5647680350612156 -2.9670596466362644
v 0.0553182028234005 -0.0457474738359451 0.0404999926686287
vn -2.9409196945438225 -1.0703404689098615 -2.9670586827351766
v 0.0532187707722187 -0.0412450097501278 0.0404999963939190
vn -3.1296275870471364 0.0000519292874680 -2.9670575044808496
v 0.0515001900494099 -0.0314974039793015 0.0404999926686287
vn -3.0821748271319613 0.5435308271513785 -2.9670617894113902
v 0.0519332662224770 -0.0265484377741814 0.0405000075697899
vn -2.9408915473798376 1.0704552123984978 -2.9670588544992635
v 0.0532191321253777 -0.0217498578131199 0.0404999963939190
vn -1.0703455194670184 2.9409177529055088 -2.9670592862388605
v 0.0702531114220619 -0.0047165085561574 0.0404999963939190
vn -1.5647699141718907 2.7103752044334337 -2.9670597857657728
v 0.0657506510615349 -0.0068159410730004 0.0404999963939190
vn -2.0116439153376828 2.3974770236697376 -2.9670608746119944
v 0.0616811513900757 -0.0096653252840042 0.0404999926686287
vn -3.0821098659369848 -0.5433984529705485 -2.9670621225910185
v 0.0519330836832523 -0.0364463850855827 0.0405000075697899
vn -0.5433972010060748 3.0820998263522776 -2.9670597505797005
v 0.0750517323613167 -0.0034308170434088 0.0404999963939190
vn -0.0000566491361538 -3.1296383713311311 -2.9670573785002388
v 0.0799996629357338 -0.0599979311227798 0.0405000001192093
vn 0.5435131904145392 3.0820816012720140 -2.9670596797233149
v 0.0849496796727180 -0.0034309998154640 0.0405000001192093
vn 0.5433995506750671 -3.0821019302517279 -2.9670618106411499
v 0.0849486440420151 -0.0595650374889374 0.0405000001192093
vn 1.0704527177417527 2.9408783560390543 -2.9670607716870570
v 0.0897482559084892 -0.0047168703749776 0.0405000001192093
vn 1.5648686692844507 2.7103166206328795 -2.9670587193350015
v 0.0942506492137909 -0.0068164677359164 0.0405000001192093
vn -2.7103105272688266 1.5648668320144190 -2.9670590280577711
v 0.0553187280893326 -0.0172474738210440 0.0404999926686287
vn -2.3974095818748302 2.0117411565061007 -2.9670591986655248
v 0.0581682622432709 -0.0131780793890357 0.0404999963939190
vn 2.0117396686810389 2.3974046639461282 -2.9670592104534093
v 0.0983200445771217 -0.0096660023555160 0.0405000038444996
vn 2.3974777615148151 2.0116470791839283 -2.9670611419402571
v 0.1018327921628952 -0.0131788859143853 0.0405000001192093
vn 1.0703411393630939 -2.9409189413420407 -2.9670606146338643
v 0.0897472649812698 -0.0582793503999710 0.0405000001192093
vn 1.5647675708326132 -2.7103751299952750 -2.9670575533972809
v 0.0942497402429581 -0.0561799220740795 0.0405000001192093
vn 2.7103777493423031 1.5647691496529581 -2.9670591794206858
v 0.1046821773052216 -0.0172483865171671 0.0405000038444996
vn 2.9409177871013794 1.0703451926003997 -2.9670604907743807
v 0.1067816093564034 -0.0217508524656296 0.0405000038444996
vn 3.0821082343716855 -0.5435164657561341 -2.9670578415343201
v 0.1080671250820160 -0.0364474207162857 0.0405000075697899
vn 2.9408777768881817 -1.0704541381499271 -2.9670603595234351
v 0.1067812517285347 -0.0412460006773472 0.0405000038444996
vn 3.1296352087545549 -0.0000551131541484 -2.9670609179038339
v 0.1085001900792122 -0.0314984545111656 0.0405000038444996
vn 2.7103224947746551 -1.5648725648076500 -2.9670584398724329
v 0.1046816557645798 -0.0457483828067780 0.0405000038444996
vn 2.3973995209325576 -2.0117331257427504 -2.9670631720478546
v 0.1018321141600609 -0.0498177781701088 0.0405000001192093
vn 3.0821059756121501 0.5433990390664085 -2.9670588679342109
v 0.1080673038959503 -0.0265494734048843 0.0405000075697899
vn 2.0116548961047909 -2.3974786929320890 -2.9670578653525426
v 0.0983192399144173 -0.0533305369317532 0.0405000038444996
vn -0.0000494815745104 -3.1296376076531138 2.9670572665147041
v 0.0799996629357338 -0.0599979311227798 0.0914999991655350
vn -0.5435069350977307 -3.0820789355807636 2.9670628834415966
v 0.0750507041811943 -0.0595648549497128 0.0915000140666962
vn -1.0704530981458646 -2.9408775712942372 2.9670563262803142
v 0.0702521204948425 -0.0582789927721024 0.0915000140666962
vn -1.5648706408776072 -2.7103163783643636 2.9670624424529528
v 0.0657497346401215 -0.0561793856322765 0.0915000140666962
vn -2.0118082051071919 -2.3974855450434323 2.9670584612498243
v 0.0616803392767906 -0.0533298589289188 0.0914999917149544
vn -2.3974824009408953 -2.0116442865766335 2.9670589755269243
v 0.0581675842404366 -0.0498169735074043 0.0914999991655350
vn -2.7104182271832653 -1.5648017103433638 2.9670605682138111
v 0.0553182065486908 -0.0457474738359451 0.0914999917149544
vn -2.9409110391752376 -1.0703409946894480 2.9670603530626920
v 0.0532187744975090 -0.0412450097501278 0.0915000140666962
vn -3.0820919399417788 -0.5433912329061001 2.9670597918267507
v 0.0519330799579620 -0.0364463850855827 0.0915000066161156
vn -3.1296516815236464 0.0000533652154357 2.9670587840382536
v 0.0515001900494099 -0.0314974039793015 0.0914999917149544
vn -3.0820868844762477 0.5435101929427504 2.9670594600955127
v 0.0519332624971867 -0.0265484377741814 0.0915000066161156
vn -2.9408634517883772 1.0704567172197179 2.9670605248060440
v 0.0532191358506680 -0.0217498578131199 0.0915000140666962
vn -2.7103224103914791 1.5648732802749195 2.9670594240018655
v 0.0553187318146229 -0.0172474738210440 0.0914999917149544
vn -2.3974017297450843 2.0117360476214712 2.9670604571394166
v 0.0581682659685612 -0.0131780793890357 0.0914999991655350
vn -2.0116599762152725 2.3974826682285904 2.9670593041122615
v 0.0616811476647854 -0.0096653252840042 0.0914999917149544
vn -1.5647722799705177 2.7103700440939917 2.9670601541149066
v 0.0657506510615349 -0.0068159410730004 0.0915000140666962
vn -1.0703448044353843 2.9409173744079657 2.9670589538194365
v 0.0702531114220619 -0.0047165085561574 0.0915000140666962
vn -0.5433932689773043 3.0820989146385558 2.9670602417625900
v 0.0750517398118973 -0.0034308170434088 0.0915000140666962
vn 0.0000646586515055 3.1296397270767091 2.9670595916280815
v 0.0800007209181786 -0.0029979289975017 0.0914999991655350
vn 0.5435191558124302 3.0820900442360579 2.9670595208994315
v 0.0849496871232986 -0.0034309998154640 0.0914999842643738
vn 1.0704498569887295 2.9408763353901834 2.9670599160623805
v 0.0897482633590698 -0.0047168703749776 0.0914999917149544
vn 1.5648682884300475 2.7103199383683552 2.9670592621891863
v 0.0942506492137909 -0.0068164677359164 0.0914999917149544
vn 2.0117258020406776 2.3973996285457426 2.9670601186961290
v 0.0983200445771217 -0.0096660023555160 0.0915000066161156
vn 2.3974871781021356 2.0116492789608285 2.9670584809864082
v 0.1018327996134758 -0.0131788859143853 0.0914999991655350
vn 2.7103065574506888 1.5647252587576734 2.9670602305568763
v 0.1046821773052216 -0.0172483865171671 0.0915000066161156
vn 2.9409262400996838 1.0703477407284825 2.9670604907609359
v 0.1067816093564034 -0.0217508524656296 0.0914999917149544
vn 3.0821313401754202 0.5434105092149970 2.9670588677760059
v 0.1080673038959503 -0.0265494734048843 0.0914999917149544
vn 3.1296139423485729 -0.0000642060346432 2.9670596382376129
v 0.1085001900792122 -0.0314984545111656 0.0915000066161156
vn 3.0820839411648322 -0.5435134220289942 2.9670612624263337
v 0.1080671176314354 -0.0364474207162857 0.0914999917149544
vn 2.9408953722767204 -1.0704516669145410 2.9670591187898632
v 0.1067812517285347 -0.0412460006773472 0.0914999917149544
vn 2.7103128360946873 -1.5648678635664894 2.9670594920269782
v 0.1046816557645798 -0.0457483828067780 0.0915000066161156
vn 2.3974077284062574 -2.0117385136816628 2.9670596029580056
v 0.1018321216106415 -0.0498177781701088 0.0914999991655350
vn 2.0116422130805094 -2.3974759198524480 2.9670602695760047
v 0.0983192324638367 -0.0533305369317532 0.0915000066161156
vn 1.5647670856123874 -2.7103785630148911 2.9670590962129721
v 0.0942497327923775 -0.0561799220740795 0.0914999917149544
vn 1.0703396055469951 -2.9409176284884957 2.9670588838552447
v 0.0897472724318504 -0.0582793503999710 0.0914999917149544
vn 0.5434023520537704 -3.0821070719492587 2.9670621430499642
v 0.0849486440420151 -0.0595650374889374 0.0914999842643738
vn 5.2104448839675186 1.8484993288754219 1.4544942711016595
v 0.0384999997913837 -0.0093815289437771 0.0349069163203239
vn 2.0748388572889738 4.1266510019234897 3.1732093949141733
v 0.0383000001311302 -0.0092087630182505 0.0350076742470264
vn 1.9282251493555114 2.4723815340525963 4.3040978878052654
v 0.0383000001311302 -0.0095744878053665 0.0353709980845451
vn 5.0578431559448154 1.2141874921641056 2.1137480343459987
v 0.0384999997913837 -0.0096741076558828 0.0351975746452808
vn 2.0748356985510594 0.6620776821362666 5.1633522662703424
v 0.0383000001311302 -0.0100725851953030 0.0355038754642010
vn 5.2104433352431609 0.3251438546982265 2.3295473012128141
v 0.0384999997913837 -0.0100725851953030 0.0353038758039474
vn 5.2527639728996665 -0.2380557452783827 2.3075168950730580
v 0.0384999923408031 -0.0524981580674648 0.0353038758039474
vn 2.1137142437310761 -0.5059437728908375 5.2251260159896660
v 0.0382999926805496 -0.0524981580674648 0.0355038754642010
vn 2.0059856448745248 -1.9467827607662831 4.6999559155222457
v 0.0382999926805496 -0.0528808422386646 0.0354277566075325
vn 5.1425035266758776 -0.9159896663267328 2.2113815171912039
v 0.0384999923408031 -0.0528043061494827 0.0352429784834385
vn 2.0059837082764345 -3.5972091759896747 3.5971825275591724
v 0.0382999926805496 -0.0532052665948868 0.0352109819650650
vn 5.1424860694681893 -1.6925265930283109 1.6925310151406960
v 0.0384999923408031 -0.0530638433992863 0.0350695624947548
vn 2.0059794216755398 -4.6999821581497212 1.9467779761028789
v 0.0382999926805496 -0.0534220375120640 0.0348865576088428
vn 5.1424787201648696 -2.2114032789184543 0.9159870049111059
v 0.0384999923408031 -0.0532372631132603 0.0348100215196609
vn 2.1137116906199149 -5.2251262294588683 0.5059459760209455
v 0.0382999926805496 -0.0534981563687325 0.0345038771629333
vn 5.2527661854064958 -2.3075158346820888 0.2380483415299253
v 0.0384999923408031 -0.0532981567084789 0.0345038771629333
vn 5.2917913339441256 -2.2821909432136875 -0.1555283366826278
v 0.0384999923408031 -0.0532981567084789 0.0300444848835468
vn 2.1509678246932173 -5.2788972524742528 -0.3448378138139386
v 0.0382999926805496 -0.0534981563687325 0.0300444848835468
vn 2.0804827028670365 -5.0147769240052789 -1.3555047644023139
v 0.0382999926805496 -0.0534288696944714 0.0295226052403450
vn 5.2205355565566300 -2.2617794862585532 -0.6113630814374476
v 0.0384999923408031 -0.0532357990741730 0.0295747928321362
vn 2.1509660205146734 -4.7337512760339129 -2.3616158281212911
v 0.0382999926805496 -0.0532258003950119 0.0290368869900703
vn 5.2917905665634786 -2.0497613564359507 -1.0154140141664882
v 0.0384999923408031 -0.0530530363321304 0.0291376467794180
vn 5.4248991870100802 -1.9276334746500292 -0.9634542067450015
v 0.0384999923408031 -0.0440997518599033 0.0137862376868725
vn 2.2817646500558815 -4.8565408682795557 -2.4122180374312445
v 0.0382999926805496 -0.0442725159227848 0.0136854778975248
vn 5.4853728410331595 -2.0096883164466495 -0.5410256068152905
v 0.0384999923408031 -0.0438754707574844 0.0132485888898373
vn 2.2818626976655456 -5.4099547932520355 -0.3600680491923207
v 0.0382999926805496 -0.0440001599490643 0.0126778893172741
vn 5.4242121969546018 -2.1514105270284194 -0.1373360089104579
v 0.0384999923408031 -0.0438001602888107 0.0126778893172741
vn 2.2819958520561054 -5.3180872523164568 -1.0563072525109234
v 0.0382999926805496 -0.0440686270594597 0.0131967030465603
vn 2.2814219974330401 -5.1306245802721424 -1.7597420235336765
v 0.0382999926805496 -0.0440694503486156 0.0131997652351856
vn 5.2527585351013082 -2.3075207415178363 -0.2380642940634182
v 0.0384999923408031 -0.0438001602888107 -0.0164961256086826
vn 2.1137079934572163 -5.2251175150198463 -0.5059661756673175
v 0.0382999926805496 -0.0440001599490643 -0.0164961256086826
vn 2.0059851163935174 -4.6999664327564679 -1.9468060536802063
v 0.0382999926805496 -0.0439240373671055 -0.0168788097798824
vn 5.1424929057670559 -2.2113910514116375 -0.9159899406032350
v 0.0384999923408031 -0.0437392629683018 -0.0168022699654102
vn 2.0059842470216638 -3.5972072679129914 -3.5971945979128659
v 0.0382999926805496 -0.0437072664499283 -0.0172032304108143
vn 5.1424922642941553 -1.6925239120612869 -1.6925275602693524
v 0.0384999923408031 -0.0435658432543278 -0.0170618109405041
vn 2.0059858461426439 -1.9467772489839692 -4.6999579189058416
v 0.0382999926805496 -0.0433828420937061 -0.0174200050532818
vn 5.1425031888938264 -0.9159801601937408 -2.2113857108224200
v 0.0384999923408031 -0.0433063060045242 -0.0172352269291878
vn 2.1137163992968206 -0.5059468432986076 -5.2251232491698980
v 0.0382999926805496 -0.0430001579225063 -0.0174961239099503
vn 5.2527603548596042 -0.2380612967187160 -2.3075197893309185
v 0.0384999923408031 -0.0430001579225063 -0.0172961242496967
vn 5.2527636355111706 0.2380558955725115 -2.3075166163517529
v 0.0384999997913837 -0.0000001580435054 -0.0172961242496967
vn 2.1137144778114902 0.5059433570622658 -5.2251258360188713
v 0.0383000001311302 -0.0000001580147710 -0.0174961239099503
vn 2.0059885271627609 1.9467939594801071 -4.6999387527046625
v 0.0383000001311302 0.0003825261665042 -0.0174200050532818
vn 5.1425120352458595 0.9159872939668896 -2.2113755650894005
v 0.0384999997913837 0.0003059863229282 -0.0172352269291878
vn 2.0059867821867128 3.5972082912020702 -3.5972200796194982
v 0.0383000001311302 0.0007069467683323 -0.0172032304108143
vn 5.1424710478008731 1.6925263121006608 -1.6925473205915322
v 0.0384999997913837 0.0005655272980221 -0.0170618109405041
vn 2.0059858670648176 4.6999471787786513 -1.9467842160805782
v 0.0383000001311302 0.0009237214107998 -0.0168788097798824
vn 5.1425170297212173 2.2113808026041193 -0.9159655319201385
v 0.0384999997913837 0.0007389432867058 -0.0168022699654102
vn 2.1137178398439933 5.2251218182417611 -0.5059480019634409
v 0.0383000001311302 0.0009998403256759 -0.0164961256086826
vn 5.2527591523038444 2.3075198352863326 -0.2380637325638296
v 0.0384999997913837 0.0007998406072147 -0.0164961256086826
vn 2.1509644774708523 5.2788913655316039 0.3448561583801119
v 0.0383000001311302 0.0009998403256759 0.0172335710376501
vn 5.2917874822862228 2.2821926291085495 0.1555373479273755
v 0.0384999997913837 0.0007998406072147 0.0172335710376501
vn 2.2214422112673020 5.3630337994061428 -0.0000000171861563
v 0.0383000001311302 0.0009998403256759 -0.0022608749568462
vn 2.0804907116625206 5.0147868969249618 1.3555097195950245
v 0.0383000001311302 0.0009651950676925 0.0174945108592510
vn 5.2205437829992523 2.2617724808678865 0.6113627228740500
v 0.0384999997913837 0.0007721244473942 0.0174423232674599
vn 2.1509629873278651 4.7337553650099586 2.3615983961899643
v 0.0383000001311302 0.0008636622806080 0.0177373699843884
vn 5.2917865791417977 2.0497671961602348 1.0154075406252538
v 0.0384999997913837 0.0006908982177265 0.0176366101950407
vn -2.1137149303345408 -5.2251272111088172 -0.5059422751879399
v 0.0306999925523996 -0.0440001562237740 -0.0164961256086826
vn -2.0059734518978916 -4.6999581760916174 -1.9467951137099637
v 0.0306999925523996 -0.0439240373671055 -0.0168788097798824
vn -2.0059846972691746 -3.5972126194953349 -3.5972196977111000
v 0.0306999925523996 -0.0437072627246380 -0.0172032304108143
vn -2.0059829184763993 -1.9467927933854861 -4.6999466589840830
v 0.0306999925523996 -0.0433828420937061 -0.0174200050532818
vn -2.1137143965147329 -0.5059434334909029 -5.2251258632060189
v 0.0306999925523996 -0.0430001579225063 -0.0174961239099503
vn -2.1509674806366723 -5.2788976701838299 -0.3448372590445330
v 0.0306999906897545 -0.0534981563687325 0.0300444848835468
vn -2.1137132288908789 -5.2251242547497734 0.5059481701927915
v 0.0306999906897545 -0.0534981563687325 0.0345038771629333
vn -2.1137171271685395 0.5059479095078216 -5.2251222528701771
v 0.0306999981403351 -0.0000001569223969 -0.0174961239099503
vn -2.2821947452332232 -4.8558894100985945 -2.4126715410516475
v 0.0306999925523996 -0.0442725159227848 0.0136854778975248
vn -2.2812844184442165 -5.1291578983497406 -1.7617333697532067
v 0.0306999925523996 -0.0440694503486156 0.0131997652351856
vn -2.2825468175985741 -5.3178594222476310 -1.0594002933291760
v 0.0306999925523996 -0.0440686233341694 0.0131967030465603
vn -2.2818659679440865 -5.4099545072855841 -0.3600676923242807
v 0.0306999925523996 -0.0440001562237740 0.0126778893172741
vn -2.1509620243201404 4.7337556858004035 2.3615980301060797
v 0.0306999981403351 0.0008636633865535 0.0177373699843884
vn -2.0804895172253088 5.0147869146568720 1.3555095991495825
v 0.0306999981403351 0.0009651961736381 0.0174945108592510
vn -2.1509630507593873 5.2788922221632744 0.3448555624521475
v 0.0306999981403351 0.0009998413734138 0.0172335710376501
vn -2.0059851430282860 1.9467838351573283 -4.6999472090891263
v 0.0306999981403351 0.0003825272433460 -0.0174200050532818
vn -2.0059859228199191 3.5972202048467099 -3.5972083418893606
v 0.0306999981403351 0.0007069478742778 -0.0172032304108143
vn -2.0059876695940799 4.6999390724937005 -1.9467940248319344
v 0.0306999981403351 0.0009237225167453 -0.0168788097798824
vn -2.1137135974262837 5.2251262192868850 -0.5059436126898177
v 0.0306999981403351 0.0009998413734138 -0.0164961256086826
vn -2.1137165517872205 -0.5059465045501139 5.2251230966794964
v 0.0306999906897545 -0.0524981580674648 0.0355038754642010
vn -2.0748358499945634 0.6620789109971075 5.1633516796066257
v 0.0306999962776899 -0.0100725833326578 0.0355038754642010
vn -2.0059858461426439 -1.9467772489839690 4.6999579189058407
v 0.0306999906897545 -0.0528808422386646 0.0354277566075325
vn -2.0059800183557090 -3.5972127436577255 3.5971856588283995
v 0.0306999906897545 -0.0532052665948868 0.0352109819650650
vn -2.0059792231331497 -4.6999841813267871 1.9467737576958037
v 0.0306999906897545 -0.0534220375120640 0.0348865576088428
vn -2.1509664737892638 -4.7337510773480007 -2.3616150987354452
v 0.0306999906897545 -0.0532258003950119 0.0290368869900703
vn -2.0804827596821660 -5.0147765439947998 -1.3555059059259507
v 0.0306999906897545 -0.0534288696944714 0.0295226052403450
vn -2.0748374838726806 4.1266514018240015 3.1732090267648476
v 0.0306999962776899 -0.0092087611556053 0.0350076742470264
vn -1.9282247026892021 2.4723805115781570 4.3040978576397269
v 0.0306999962776899 -0.0095744859427214 0.0353709980845451
vn 1.9096417855878827 3.5903865916519102 2.3946164040347195
v 0.0337334200739861 0.0009998409077525 -0.0129573866724968
vn 0.6815463802777180 3.5903936972896640 2.9860334356929927
v 0.0342264100909233 0.0009998409077525 -0.0131947994232178
vn -2.7595120480273523 3.5903856537518397 -1.3289129592307238
v 0.0356077402830124 0.0009998406749219 0.0005373359890655
vn -1.9096418436871216 3.5903948684582168 -2.3946118980565974
v 0.0352665819227695 0.0009998406749219 0.0009651371510699
vn -1.8532921018547563 5.5402674441350026 0.7676593663259544
v 0.0360705927014351 0.0009998405585065 0.0043533146381378
vn -0.6815409387956044 3.5903907433341331 2.9860359512302099
v 0.0347735881805420 0.0009998407913372 -0.0011947973398492
vn 0.0000008806816931 6.2831853071795170 -0.0000000305757984
v 0.0359647497534752 0.0009998406749219 -0.0022608749568462
vn 0.6815464281548497 3.5903936972896617 2.9860334667139181
v 0.0342264100909233 0.0009998409077525 -0.0011947973398492
vn -2.2214406974151770 5.3630344459317918 -0.0000000096778107
v 0.0306999981403351 0.0009998413734138 -0.0022608747240156
vn 1.9096417221979003 3.5903865916519004 2.3946166099159409
v 0.0337334200739861 0.0009998409077525 -0.0009573845891282
vn 2.7595092831925090 3.5903960985604275 1.3289114594982627
v 0.0333922579884529 0.0009998410241678 -0.0005295834271237
vn -0.6815323510337223 3.5903846093884786 -2.9860397392218898
v 0.0347735881805420 0.0009998407913372 0.0132025480270386
vn 0.6815378030045045 3.5903875633150379 -2.9860374003395198
v 0.0342264100909233 0.0009998409077525 0.0132025480270386
vn 1.9096372862315958 3.5903969704431664 -2.3946153483786636
v 0.0337334200739861 0.0009998409077525 0.0129651390016079
vn -1.9096419296951594 3.5903948684582039 2.3946120675561211
v 0.0352665819227695 0.0009998406749219 -0.0009573845891282
vn -2.7595117883923450 3.5903841372828049 1.3289153583003854
v 0.0356077402830124 0.0009998406749219 -0.0005295834271237
vn -3.0628228961722370 3.5904002140986813 0.0000023735090086
v 0.0357295013964176 0.0009998406749219 0.0000038744165067
vn -2.7595121165019565 3.5903856530121092 1.3289129812799436
v 0.0356077402830124 0.0009998406749219 0.0114704146981239
vn -1.8532939312395844 5.5402647058598733 -0.7676641761672032
v 0.0360705927014351 0.0009998405585065 0.0056544356048107
vn -1.9096418875216061 3.5903948684582181 2.3946118792255877
v 0.0352665819227695 0.0009998406749219 0.0110426135361195
vn -0.6815408685787275 3.5903907433341455 2.9860355816048685
v 0.0347735881805420 0.0009998407913372 0.0108052007853985
vn -3.0628228651446072 3.5904002140986666 -0.0000023359485520
v 0.0357295013964176 0.0009998406749219 0.0120038762688637
vn -2.7595156587578877 3.5903798932161886 -1.3289100417091921
v 0.0356077402830124 0.0009998406749219 0.0125373341143131
vn -1.9096372512795927 3.5904052472102510 -2.3946109041668584
v 0.0352665819227695 0.0009998406749219 0.0129651390016079
vn 0.6815463800651168 3.5903936972896520 -2.9860332831330627
v 0.0342264100909233 0.0009998409077525 0.0012025499017909
vn -0.0423519555694007 5.5109281679931179 2.0423253443284874
v 0.0344999991357327 0.0009998407913372 0.0033038780093193
vn -0.6815409620491224 3.5903907433341629 -2.9860355511977197
v 0.0347735881805420 0.0009998407913372 0.0012025499017909
vn -0.8064971479368096 5.5109065380661697 1.8735726417448686
v 0.0351505614817142 0.0009998407913372 0.0034332834184170
vn -1.4593040636852845 5.5108192161619511 1.4244072032660082
v 0.0357020795345306 0.0009998406749219 0.0038017965853214
vn 2.7595134106854253 3.5903918535588435 -1.3289063502407865
v 0.0333922579884529 0.0009998410241678 0.0125373341143131
vn 3.0628284251407507 3.5903869391360392 -0.0000023289294903
v 0.0332705006003380 0.0009998410241678 0.0120038762688637
vn 2.7595096816844573 3.5903976133233204 1.3289092851403395
v 0.0333922579884529 0.0009998410241678 0.0114704146981239
vn 1.9096419667001681 3.5903865916518760 2.3946163377567382
v 0.0337334200739861 0.0009998409077525 0.0110426135361195
vn -1.4817327211683231 5.5030039379720135 -1.4178510363165677
v 0.0357020795345306 0.0009998406749219 0.0062059536576271
vn -0.8080893663229365 5.4836462280132485 -1.9122907729318710
v 0.0351505614817142 0.0009998407913372 0.0065744668245316
vn 0.6815463228415243 3.5903936972896600 2.9860333456867050
v 0.0342264100909233 0.0009998409077525 0.0108052007853985
vn 0.0451428757750710 5.5101858019462373 -2.0430840810704405
v 0.0344999991357327 0.0009998407913372 0.0067038722336292
vn 0.7186447951629855 5.4530790009543884 -1.9908854091667136
v 0.0338457413017750 0.0009998409077525 0.0065729320049286
vn 1.8583334592629097 5.5392863757995743 -0.7591209800471463
v 0.0329248495399952 0.0009998410241678 0.0056433193385601
vn 1.0050954255159592 4.5322938829120112 0.1962298192056503
v 0.0328000038862228 0.0009998410241678 0.0050038769841194
vn 3.0628283945463464 3.5903869391360406 0.0000023731121498
v 0.0332705006003380 0.0009998410241678 0.0000038744187805
vn 2.7595094939276636 3.5903976131383910 -1.3289092482920417
v 0.0333922579884529 0.0009998410241678 0.0005373359890655
vn 1.8583215516000640 5.5393037852616516 0.7591027674292463
v 0.0329248458147049 0.0009998410241678 0.0043644346296787
vn 1.9096419524163468 3.5903865916518800 -2.3946163421176383
v 0.0337334200739861 0.0009998409077525 0.0009651371510699
vn 1.4878142416437821 5.5037018811403886 1.4099413229396649
v 0.0332922674715519 0.0009998410241678 0.0038074741605669
vn 0.8130837944498106 5.4838730389266663 1.9096225044896653
v 0.0338457413017750 0.0009998409077525 0.0034348182380199
vn 0.0000008558834194 3.3391176982444648 -0.0000001139594396
v 0.0336499996483326 0.0009998409077525 0.0064761154353619
vn 1.5127103925907495 5.4992770368835258 -1.3970431563839489
v 0.0332922674715519 0.0009998410241678 0.0062002763152122
vn -2.0059908567830749 5.5402656431459825 -0.0000043245486117
v 0.0361999981105328 0.0009998405585065 0.0050038769841194
vn -1.9096417601004458 3.5903948684582034 2.3946119560077919
v 0.0352665819227695 0.0009998406749219 -0.0129573866724968
vn -2.7595120171795635 3.5903856530120990 1.3289129252858618
v 0.0356077402830124 0.0009998406749219 -0.0125295855104923
vn -0.6815409236645449 3.5903907433341447 2.9860358169333647
v 0.0347735881805420 0.0009998407913372 -0.0131947994232178
vn -3.0628228725185824 3.5904002140986675 -0.0000023065037854
v 0.0357295013964176 0.0009998406749219 -0.0119961239397526
vn -2.7595157441868068 3.5903798932161965 -1.3289100882956295
v 0.0356077402830124 0.0009998406749219 -0.0114626660943031
vn 0.0000005055321469 3.5342874953031331 -0.0000000273924778
v 0.0360705927014351 0.0009998405585065 -0.0056466832756996
vn -1.9096373637413295 3.5904052472102634 -2.3946108466832623
v 0.0352665819227695 0.0009998406749219 -0.0110348612070084
vn -0.6815322253082939 3.5903846093884568 -2.9860397031577270
v 0.0347735881805420 0.0009998407913372 -0.0107974521815777
vn -1.4593081224030906 5.5108274915313968 1.4244021765676746
v 0.0357020795345306 0.0009998406749219 -0.0061982050538063
vn 0.0000005047099613 3.5342870414421244 -0.0000000449713961
v 0.0351505614817142 0.0009998407913372 -0.0065667144954205
vn -1.9125801161618874 5.5027875737698304 -0.7415668303253141
v 0.0360705927014351 0.0009998405585065 -0.0043455623090267
vn -1.4141032900016102 5.5166096387873589 -1.4649897205199824
v 0.0357020795345306 0.0009998406749219 -0.0037940442562103
vn 0.6815376574773481 3.5903875633150570 -2.9860374600456798
v 0.0342264100909233 0.0009998409077525 -0.0107974521815777
vn 1.9096373997483780 3.5903969704431482 -2.3946152660069067
v 0.0337334200739861 0.0009998409077525 -0.0110348612070084
vn 1.8532857339747253 5.5402735174737545 0.7676568200313424
v 0.0329294055700302 0.0009998410241678 -0.0056466870009899
vn 2.0060060722133666 5.5402598738796147 -0.0000028858191807
v 0.0328000038862228 0.0009998410241678 -0.0049961246550083
vn 2.7595133508821776 3.5903918535588510 -1.3289063841194471
v 0.0333922579884529 0.0009998410241678 -0.0114626660943031
vn 3.0628284258322678 3.5903869391360397 -0.0000023115670846
v 0.0332705006003380 0.0009998410241678 -0.0119961239397526
vn 2.7595097938677133 3.5903976133233071 1.3289092296990364
v 0.0333922579884529 0.0009998410241678 -0.0125295855104923
vn 1.4808627188498529 5.5032581929246707 1.4181855043606735
v 0.0332979187369347 0.0009998410241678 -0.0061982050538063
vn 0.8093481153241979 5.4838888501073821 1.9113205947751140
v 0.0338494405150414 0.0009998409077525 -0.0065667182207108
vn 0.0000003325562578 3.5342888388938003 0.0000000221839497
v 0.0344999991357327 0.0009998407913372 -0.0066961199045181
vn 0.0000004252614838 3.3379521058116293 -0.0000002373960969
v 0.0336499996483326 0.0009998409077525 -0.0035238822456449
vn 1.4894020670790336 5.5126974748055009 -1.4010414888010647
v 0.0332979187369347 0.0009998410241678 -0.0037940440233797
vn 0.0000004166047272 3.5342868464288699 -0.0000001465697777
v 0.0329294092953205 0.0009998410241678 -0.0043455623090267
vn -0.7561640499300754 5.5101311670803383 -1.8949317513875286
v 0.0351505614817142 0.0009998407913372 -0.0034255310893059
vn 0.0000003917590342 3.5342833305705024 -0.0000000736266967
v 0.0344999991357327 0.0009998407913372 -0.0032961294054985
vn 0.6767846131253930 5.4832208330953742 -1.9708776784123900
v 0.0338494405150414 0.0009998409077525 -0.0034255310893059
vn -2.0059806837488345 5.5402753744103563 -0.0000005818589119
v 0.0361999981105328 0.0009998405585065 -0.0049961246550083
vn -5.2104425297470502 0.3251462706614550 2.3295487926003213
v 0.0304999966174364 -0.0100725833326578 0.0353038758039474
vn -5.0578425950934758 1.2141857945187742 2.1137493837643384
v 0.0304999966174364 -0.0096741057932377 0.0351975746452808
vn -5.2104452373942003 1.8485001151318812 1.4544938867116006
v 0.0304999966174364 -0.0093815270811319 0.0349069163203239
vn -5.2527602023692443 -0.2380602393757218 2.3075189182441327
v 0.0304999910295010 -0.0524981580674648 0.0353038758039474
vn -5.2527636029216875 -2.3075173369479587 0.2380521305597539
v 0.0304999910295010 -0.0532981567084789 0.0345038771629333
vn -5.1424790534249958 -2.2114062327165298 0.9159792638196620
v 0.0304999910295010 -0.0532372631132603 0.0348100215196609
vn -5.1424922642941553 -1.6925239120612869 1.6925275602693524
v 0.0304999910295010 -0.0530638433992863 0.0350695624947548
vn -5.1425031888938264 -0.9159801601937408 2.2113857108224200
v 0.0304999910295010 -0.0528043061494827 0.0352429784834385
vn -5.2917918087543816 -2.2821896971452369 -0.1555275305128620
v 0.0304999910295010 -0.0532981567084789 0.0300444848835468
vn -5.2917899609386296 -2.0497612151401770 -1.0154132476539461
v 0.0304999910295010 -0.0530530363321304 0.0291376467794180
vn -5.2205354781496647 -2.2617782721682849 -0.6113645062065077
v 0.0304999910295010 -0.0532357990741730 0.0295747928321362
vn -5.4245865233244821 -1.9277015469405743 -0.9640933957505542
v 0.0304999928921461 -0.0440997518599033 0.0137862376868725
vn -5.4850533603268872 -2.0101931165691482 -0.5406443054287324
v 0.0304999928921461 -0.0438754707574844 0.0132485888898373
vn -5.4242122940269928 -2.1514092343383275 -0.1373378072352438
v 0.0304999928921461 -0.0438001565635204 0.0126778893172741
vn -5.2527661854064958 -2.3075158346820888 -0.2380483415299253
v 0.0304999928921461 -0.0438001565635204 -0.0164961256086826
vn -5.2527638201160469 -0.2380549021105213 -2.3075166955692992
v 0.0304999928921461 -0.0430001579225063 -0.0172961242496967
vn -5.1425006009329710 -0.9159945221018304 -2.2113817238276874
v 0.0304999928921461 -0.0433063060045242 -0.0172352269291878
vn -5.1424760205107312 -1.6925274661288774 -1.6925429503264038
v 0.0304999928921461 -0.0435658432543278 -0.0170618109405041
vn -5.1424870842448591 -2.2113990399775307 -0.9159790759368968
v 0.0304999928921461 -0.0437392629683018 -0.0168022699654102
vn -5.2527588430714180 0.2380642358018149 -2.3075205412326030
v 0.0304999984800816 -0.0000001568936483 -0.0172961242496967
vn -5.2527633467004637 2.3075173415325745 -0.2380565119081527
v 0.0304999984800816 0.0007998417713679 -0.0164961256086826
vn -5.1425116343027737 2.2113758788869413 -0.9159874013614120
v 0.0304999984800816 0.0007389444508590 -0.0168022699654102
vn -5.1424707725328265 1.6925474938611789 -1.6925264507370819
v 0.0304999984800816 0.0005655284621753 -0.0170618109405041
vn -5.1425169100958437 0.9159654269450042 -2.2113809503569328
v 0.0304999984800816 0.0003059874579776 -0.0172352269291878
vn -5.2917869985443318 2.2821939779737539 0.1555371668655110
v 0.0304999984800816 0.0007998417713679 0.0172335710376501
vn -5.2917860444404869 2.0497688408367396 1.0154075641554456
v 0.0304999984800816 0.0006908993818797 0.0176366101950407
vn -5.2205432310364737 2.2617736133035331 0.6113635902723398
v 0.0304999984800816 0.0007721256115474 0.0174423232674599
vn 2.7595093673559186 2.6927892086190752 1.3289119065418740
v 0.0333922579884529 -0.0070001585409045 -0.0005295834271237
vn 3.0628279972502321 2.6927983680435204 0.0000023194458649
v 0.0332705006003380 -0.0070001585409045 0.0000038744187805
vn 2.7595099392425144 2.6927876940411273 -1.3289095590522688
v 0.0333922579884529 -0.0070001585409045 0.0005373359890655
vn -1.9096450972839996 2.6927904387154142 2.3946170028124691
v 0.0352665819227695 -0.0070001585409045 -0.0009573845891282
vn -0.6815419564374942 2.6927945638446031 2.9860376261725960
v 0.0347735881805420 -0.0070001585409045 -0.0011947973398492
vn -2.7595108703736639 2.6928011698965824 1.3289154414253723
v 0.0356077402830124 -0.0070001590065658 -0.0005295834271237
vn 0.6815463705082710 2.6927916098897402 2.9860343349119178
v 0.0342264100909233 -0.0070001585409045 -0.0011947973398492
vn -2.7595113271018352 2.6927996534274934 -1.3289131326153985
v 0.0356077402830124 -0.0070001590065658 0.0005373359890655
vn -3.0628228238785189 2.6927850930808246 0.0000023082700993
v 0.0357295013964176 -0.0070001590065658 0.0000038744165067
vn 1.9096411077925182 2.6927987155275801 2.3946162373489903
v 0.0337334200739861 -0.0070001585409045 -0.0009573845891282
vn -0.6815417654690226 2.6927945638453412 -2.9860355017026943
v 0.0347735881805420 -0.0070001585409045 0.0012025499017909
vn -1.9096435553892581 2.6927904387185917 -2.3946155289410775
v 0.0352665819227695 -0.0070001585409045 0.0009651371510699
vn 0.6815462561013451 2.6927916098896780 -2.9860345724784532
v 0.0342264100909233 -0.0070001585409045 0.0012025499017909
vn 1.9096416457537457 2.6927987155274793 -2.3946168114954385
v 0.0337334200739861 -0.0070001585409045 0.0009651371510699
vn 2.7595098968132472 2.6927876938562023 1.3289095868128062
v 0.0333922579884529 -0.0070001585409045 -0.0125295855104923
vn 3.0628279972502326 2.6927983680435177 -0.0000023200122742
v 0.0332705006003380 -0.0070001585409045 -0.0119961239397526
vn 2.7595135670596296 2.6927934536206650 -1.3289066657331154
v 0.0333922579884529 -0.0070001585409045 -0.0114626660943031
vn -1.9096450972839996 2.6927904387154142 2.3946170028124691
v 0.0352665819227695 -0.0070001585409045 -0.0129573866724968
vn -0.6815419564374942 2.6927945638446031 2.9860376261725960
v 0.0347735881805420 -0.0070001585409045 -0.0131947994232178
vn -2.7595114001843113 2.6927996541672714 1.3289131202202356
v 0.0356077402830124 -0.0070001590065658 -0.0125295855104923
vn 0.6815463705082710 2.6927916098897402 2.9860343349119178
v 0.0342264100909233 -0.0070001585409045 -0.0131947994232178
vn -2.7595149545254207 2.6928054139631428 -1.3289102407659872
v 0.0356077402830124 -0.0070001590065658 -0.0114626660943031
vn -3.0628228238783186 2.6927850930808344 -0.0000023341402188
v 0.0357295013964176 -0.0070001590065658 -0.0119961239397526
vn 1.9096411077925182 2.6927987155275801 2.3946162373489903
v 0.0337334200739861 -0.0070001585409045 -0.0129573866724968
vn -0.6815330844559533 2.6928006977910384 -2.9860396822162496
v 0.0347735881805420 -0.0070001585409045 -0.0107974521815777
vn -1.9096390315859182 2.6927800599665472 -2.3946144963352780
v 0.0352665819227695 -0.0070001585409045 -0.0110348612070084
vn 0.6815375750587908 2.6927977438642756 -2.9860387530459667
v 0.0342264100909233 -0.0070001585409045 -0.0107974521815777
vn 1.9096371219827846 2.6927883367362200 -2.3946157790030913
v 0.0337334200739861 -0.0070001585409045 -0.0110348612070084
vn 2.7595098968132472 2.6927876938562023 1.3289095868128062
v 0.0333922579884529 -0.0070001585409045 0.0114704146981239
vn 3.0628279972502326 2.6927983680435177 -0.0000023200122742
v 0.0332705006003380 -0.0070001585409045 0.0120038762688637
vn 2.7595135670596296 2.6927934536206650 -1.3289066657331154
v 0.0333922579884529 -0.0070001585409045 0.0125373341143131
vn -1.9096450972839996 2.6927904387154142 2.3946170028124691
v 0.0352665819227695 -0.0070001585409045 0.0110426135361195
vn -0.6815419564374942 2.6927945638446031 2.9860376261725960
v 0.0347735881805420 -0.0070001585409045 0.0108052007853985
vn -2.7595114001843113 2.6927996541672714 1.3289131202202356
v 0.0356077402830124 -0.0070001590065658 0.0114704146981239
vn 0.6815463705082710 2.6927916098897402 2.9860343349119178
v 0.0342264100909233 -0.0070001585409045 0.0108052007853985
vn -2.7595149545254207 2.6928054139631428 -1.3289102407659872
v 0.0356077402830124 -0.0070001590065658 0.0125373341143131
vn -3.0628228238783186 2.6927850930808344 -0.0000023341402188
v 0.0357295013964176 -0.0070001590065658 0.0120038762688637
vn 1.9096411077925182 2.6927987155275801 2.3946162373489903
v 0.0337334200739861 -0.0070001585409045 0.0110426135361195
vn -0.6815330844559533 2.6928006977910384 -2.9860396822162496
v 0.0347735881805420 -0.0070001585409045 0.0132025480270386
vn -1.9096390315859182 2.6927800599665472 -2.3946144963352780
v 0.0352665819227695 -0.0070001585409045 0.0129651390016079
vn 0.6815375750587908 2.6927977438642756 -2.9860387530459667
v 0.0342264100909233 -0.0070001585409045 0.0132025480270386
vn 1.9096371219827846 2.6927883367362200 -2.3946157790030913
v 0.0337334200739861 -0.0070001585409045 0.0129651390016079
vn -1.1968081924262406 1.1967905769324765 -0.2380635879130564
v 0.0359999984502792 0.0007998372311704 0.0050038769841194
vn -2.2113955618645043 2.3935818827301691 -0.9160013925386117
v 0.0358858145773411 0.0007998372311704 0.0055778995156288
vn -1.7726872239797085 2.3358932193267687 -1.5308179251692187
v 0.0355606563389301 0.0007998372893780 0.0060645341873169
vn -3.2304563704327931 2.2185050130602613 -4.4841429678874025
v 0.0354289039969444 0.0007998372893780 0.0061816424131393
vn 0.0896277898962021 2.2809920936110486 -2.3602895839403719
v 0.0344999991357327 0.0007998374640010 0.0065038725733757
vn -1.1295890023838020 2.1959413473565634 -5.4298071996495594
v 0.0348219573497772 0.0007998374057934 0.0064689144492149
vn -0.9462235095626564 2.3262829191196523 -2.1260756392318898
v 0.0350740253925323 0.0007998373475857 0.0063896924257278
vn -0.2127827971825159 1.1151945527714042 1.1985393945410032
v 0.0344999991357327 0.0007998411892913 0.0035038776695728
vn -1.0510682322857174 2.0018678538573296 5.5920758827462365
v 0.0348337814211845 0.0007998411310837 0.0035414844751358
vn -2.3006373852897837 2.3160128662298303 4.9648545370544177
v 0.0350740253925323 0.0007998410728760 0.0036180578172207
vn -4.2770555413761260 1.2037277498836170 0.2332627143817306
v 0.0359999984502792 0.0007998409564607 0.0050038769841194
vn -5.0522936922985471 2.4079608400281072 2.1036394699215482
v 0.0358858183026314 0.0007998409564607 0.0044298507273197
vn -4.1325233802042876 2.3515812915727050 3.5628946606445893
v 0.0355606600642204 0.0007998410146683 0.0039432160556316
vn -3.2046401661367598 2.1512124680353337 4.5837590934633763
v 0.0354352332651615 0.0007998410146683 0.0038311295211315
vn 2.3909852066465254 2.3909666677476320 -0.0000018102096280
v 0.0330000035464764 0.0007998376386240 0.0050038769841194
vn 2.2146777137965015 2.3927082920759104 0.9057539430139888
v 0.0331101603806019 0.0007998376386240 0.0044396631419659
vn 4.1399502028951183 2.3317135245109069 3.5582550238397639
v 0.0334343537688255 0.0007998375804164 0.0039482265710831
vn 3.2504620679997176 2.2182245999915016 4.4708294565257969
v 0.0335647650063038 0.0007998375804164 0.0038311297539622
vn 0.1310433572128473 1.1630629332736673 1.1630842585493382
v 0.0344999991357327 0.0007998374640010 0.0035038776695728
vn 1.1526034820596731 2.1957355898257105 5.4258778891857915
v 0.0341662168502808 0.0007998375222087 0.0035414844751358
vn 0.9558942278642639 2.3256505362272004 2.1211397786780726
v 0.0339227132499218 0.0007998375222087 0.0036194175481796
vn -3.0632502472166290 2.6972986535628682 -0.0060392110412062
v 0.0359999984502792 -0.0032001577783376 0.0050038769841194
vn -1.9127932901898324 2.6870310712494687 2.3906320469590776
v 0.0354352332651615 -0.0032001577783376 0.0038311295211315
vn 1.5406626549774263 0.0074075007923259 0.3061170692693745
v 0.0329999998211861 0.0007998413639143 0.0050038769841194
vn 3.0656007544857191 2.7008726477882425 0.0123789688196339
v 0.0329999998211861 -0.0032001573126763 0.0050038769841194
vn 2.7639487003003977 2.7034444640109094 1.3233185937922098
v 0.0331485457718372 -0.0032001573126763 0.0043530501425266
vn 1.9130312462811114 2.7168565646239378 2.3963637427411393
v 0.0335647650063038 -0.0032001575455070 0.0038311297539622
vn 2.8560099277400139 0.0023466130540321 1.1575349006301157
v 0.0331101566553116 0.0007998376386240 0.0044396594166756
vn 0.8494319404387324 2.8183560156354215 2.9799423472004802
v 0.0341662168502808 -0.0032001575455070 0.0035414844751358
vn 1.2784727631510662 0.0014746284923277 2.8480394510207296
v 0.0339227095246315 0.0007998375222087 0.0036194138228893
vn -0.8573266123876002 2.8064490456705586 2.9761991980095068
v 0.0348337814211845 -0.0032001577783376 0.0035414844751358
vn 0.0000009421705484 2.9171795728363197 3.1218372780759216
v 0.0344999991357327 -0.0032001575455070 0.0035038739442825
vn -0.0000012030268450 0.0000000000000000 3.1218476063752409
v 0.0344999991357327 0.0007998374640010 0.0035038739442825
vn -2.7552917943908062 2.6907918664114812 1.3370010152417551
v 0.0358514524996281 -0.0032001577783376 0.0043530501425266
vn 2.7739802723393505 2.6931643997667969 -1.3016914915815403
v 0.0331382080912590 -0.0032001573126763 0.0056327804923058
vn 1.9514978041129469 2.6987106429837646 -2.3606720463282227
v 0.0335490591824055 -0.0032001575455070 0.0061639249324799
vn 0.8750402323184392 2.8115151353986123 -2.9706726235581140
v 0.0341504849493504 -0.0032001575455070 0.0064625889062881
vn -1.8996458736197970 2.7145898820334882 -2.4058878135639850
v 0.0354289039969444 -0.0032001577783376 0.0061816424131393
vn -2.7595860427778174 2.7008771444411046 -1.3302827333397205
v 0.0358496941626072 -0.0032001577783376 0.0056583397090435
vn -0.8333736655635116 2.8213305865681408 -2.9852251427229506
v 0.0348219573497772 -0.0032001577783376 0.0064689144492149
vn 0.0146977418431478 2.9158408227364911 -3.1215666778839926
v 0.0344999991357327 -0.0032001575455070 0.0065038762986660
vn -2.8496540011033060 0.0021816363065783 -1.1712398204282377
v 0.0358858183026314 0.0007998409564607 0.0055778995156288
vn -2.3475783627017011 -0.0040760421076984 -2.0497309463887015
v 0.0355606600642204 0.0007998410146683 0.0060645341873169
vn -1.2653971914838031 0.0015164833822950 -2.8535847355837554
v 0.0350740253925323 0.0007998410728760 0.0063896961510181
vn 0.0147135240833696 0.0000000000000000 -3.1215746315654185
v 0.0344999991357327 0.0007998374640010 0.0065038762986660
vn 1.0855388636499976 2.0212060994453238 -5.5721625303764482
v 0.0341504849493504 0.0007998412474990 0.0064625851809978
vn 1.1909275451917014 0.0140306595976941 -2.8975764108122202
v 0.0339227095246315 0.0007998375222087 0.0063883401453495
vn 2.7925781565481937 2.2790194082726387 -4.6758233176688453
v 0.0337500013411045 0.0007998375804164 0.0063029117882252
vn 3.3827538491538189 2.1835534094476898 -4.3516244906737453
v 0.0335490629076958 0.0007998413057067 0.0061639249324799
vn 1.5409592817755884 0.0053399584451720 -0.3046787102822525
v 0.0329999998211861 0.0007998376386240 0.0050038769841194
vn 2.8483570078970164 0.0185645127874228 -1.1700849752295630
v 0.0331101566553116 0.0007998376386240 0.0055680908262730
vn 2.3736836440304385 0.0153821917658131 -2.0186843621636612
v 0.0334343537688255 0.0007998375804164 0.0060595273971558
vn 0.8643686516873406 2.2904686531991607 -2.1212185046668171
v 0.0339227132499218 0.0007998375222087 0.0063883364200592
vn 1.1191376650159526 2.1170224622381015 -1.7984006737337588
v 0.0336499996483326 0.0009998371824622 0.0064761154353619
vn 1.0050864726134752 1.0050798927392448 -0.1962349229070567
v 0.0328000038862228 0.0009998372988775 0.0050038769841194
vn 2.2146886194520903 2.3926957057052474 -0.9057728041839452
v 0.0331101603806019 0.0007998376386240 0.0055680908262730
vn 1.7847026617124018 2.3330151604226064 -1.5134630924247896
v 0.0334343574941158 0.0007998375804164 0.0060595236718655
vn 2.3936136734897033 2.3935737785811275 -0.0000047715617160
v 0.0330000035464764 0.0007998376386240 -0.0049961246550083
vn 2.2113958276794561 2.3935933033676400 0.9159878908866212
v 0.0331141836941242 0.0007998376386240 -0.0055701471865177
vn 1.7740206650215780 2.3346482485098186 1.5276844595701045
v 0.0334393419325352 0.0007998375804164 -0.0060567818582058
vn 3.2400638237793076 2.2217508570143698 4.4736920156234055
v 0.0335647650063038 0.0007998375804164 -0.0061688721179962
vn -0.0817503610239099 2.2782535589923105 2.3616087809890174
v 0.0344999991357327 0.0007998374640010 -0.0064961202442646
vn -0.0428829988394153 1.9765515161173046 2.0424991107024546
v 0.0344999991357327 0.0009998407913372 -0.0066961236298084
vn 1.1486415941082835 2.1975391845375651 5.4244279032567082
v 0.0341662168502808 0.0007998375222087 -0.0064585171639919
vn 0.9535518523307819 2.3255924574858815 2.1222492500426622
v 0.0339259766042233 0.0007998375222087 -0.0063819400966167
vn 0.0000026367874932 2.0059799064700625 -2.0059813057149420
v 0.0344999991357327 0.0009998407913372 -0.0032961256802082
vn 0.2380598990541677 1.1967966893243731 -1.1967983222451981
v 0.0344999991357327 0.0007998374640010 -0.0034961290657520
vn 0.7443134626037939 2.3390034854142390 -2.2234151695432018
v 0.0339259766042233 0.0007998375222087 -0.0036103092133999
vn 1.1163965578149679 2.1177324636185668 -1.8007697007873062
v 0.0336499996483326 0.0009998371824622 -0.0035238822456449
vn 1.2252854431414839 2.3132396310957892 -1.9636441118378758
v 0.0337500013411045 0.0007998375804164 -0.0036970898509026
vn 1.7207517379350474 2.3043317387825901 -1.6299360024146161
v 0.0334393419325352 0.0007998375804164 -0.0039354674518108
vn 1.8949322394631554 1.9758305330392592 -0.7561556217978751
v 0.0329294055700302 0.0009998410241678 -0.0043455623090267
vn 2.2234172680280460 2.3389877344978336 -0.7442862511086927
v 0.0331141836941242 0.0007998376386240 -0.0044221021234989
vn 4.6987429169338402 2.1261335400637695 -3.0883000426536880
v 0.0332009606063366 0.0007998376386240 -0.0042461231350899
vn -4.2780265807529219 1.1967962497934557 -0.2380582265333577
v 0.0359999984502792 0.0007998409564607 -0.0049961246550083
vn -5.1728437190116381 2.3408440239739168 -1.7454491696441194
v 0.0358858183026314 0.0007998409564607 -0.0044220983982086
vn -4.6878630997237822 2.2112926400417710 -2.9387286528991594
v 0.0357990376651287 0.0007998410146683 -0.0042461231350899
vn -3.8323611163842850 2.3068062786412447 -3.9231831713550891
v 0.0355606600642204 0.0007998410146683 -0.0039354637265205
vn -0.2503338645451400 1.2143095282393426 -4.2754754104288137
v 0.0344999991357327 0.0007998411892913 -0.0034961253404617
vn -1.7330439660502230 2.3595389836246428 -5.1751843519005609
v 0.0350740253925323 0.0007998410728760 -0.0036103054881096
vn -3.0686746422685487 2.0911756452706225 -4.7142861733968697
v 0.0352500006556511 0.0007998410728760 -0.0036970861256123
vn -0.8065017849849017 1.9766096947207208 1.8735771519763942
v 0.0351505614817142 0.0009998407913372 -0.0065667182207108
vn -1.0510501028738581 2.0018387742003356 5.5921522293657215
v 0.0348337814211845 0.0007998374057934 -0.0064585171639919
vn -1.0135639616983478 2.2931043069403718 2.1225420021650856
v 0.0350740253925323 0.0007998373475857 -0.0063819400966167
vn -1.1967975937041873 1.1967979420123351 0.2380577737853261
v 0.0359999947249889 0.0007998372311704 -0.0049961246550083
vn -2.2113947622866852 2.3935951090833920 0.9159866443002520
v 0.0358858145773411 0.0007998372311704 -0.0055701471865177
vn -1.8532861820393074 2.0059810144643637 0.7676585048157645
v 0.0360705927014351 0.0009998405585065 -0.0056466870009899
vn -1.7740186196097751 2.3346497764110881 1.5276852510711720
v 0.0355606563389301 0.0007998372893780 -0.0060567818582058
vn -3.2167234184561027 2.1314884589722185 4.5768561119646822
v 0.0354352332651615 0.0007998372893780 -0.0061688721179962
vn 2.8495358296913373 0.0019866663986443 1.1716047690518245
v 0.0331141799688339 0.0007998376386240 -0.0055701509118080
vn 3.0777464799687699 0.0240903768900003 -0.0077320499696153
v 0.0329999998211861 0.0007998413639143 -0.0049961246550083
vn 2.7638319977133436 2.7031411108155501 1.3234647430521917
v 0.0331485457718372 -0.0032001573126763 -0.0056469514966011
vn 3.0486876485599606 2.6553971796338738 -0.0570162281134112
v 0.0329999998211861 -0.0032001573126763 -0.0049961246550083
vn 2.3508176266847221 -0.0039236439292863 2.0468270881772743
v 0.0334393382072449 0.0007998375804164 -0.0060567855834961
vn 1.9131090162176132 2.7164941994713936 2.3962360011927815
v 0.0335647650063038 -0.0032001575455070 -0.0061688721179962
vn 1.2751176350458835 0.0014664935323441 2.8495435912321843
v 0.0339259728789330 0.0007998375222087 -0.0063819438219070
vn 0.8494579556284265 2.8182798352573499 2.9799241272743124
v 0.0341662168502808 -0.0032001575455070 -0.0064585171639919
vn 0.0000000388035701 0.0000000000000000 3.1218184202114823
v 0.0344999991357327 0.0007998411892913 -0.0064961239695549
vn 0.0000009398433944 2.9172016146820683 3.1218411508931334
v 0.0344999991357327 -0.0032001575455070 -0.0064961239695549
vn -0.8494567317638821 2.8182798232033925 2.9799233621371144
v 0.0348337814211845 -0.0032001577783376 -0.0064585171639919
vn -1.2751085642318585 0.0014664907659196 2.8495218447499813
v 0.0350740253925323 0.0007998410728760 -0.0063819438219070
vn -1.9131088906267082 2.7164941808012411 2.3962363576287053
v 0.0354352332651615 -0.0032001577783376 -0.0061688721179962
vn -2.3508027066545241 -0.0039236410190282 2.0468104607054252
v 0.0355606600642204 0.0007998410146683 -0.0060567855834961
vn -2.7629152815771980 2.7088246515296657 1.3274210685286953
v 0.0358514524996281 -0.0032001577783376 -0.0056469514966011
vn -2.8486383912848683 -0.0047809687069527 1.1761691134336294
v 0.0358858183026314 0.0007998409564607 -0.0055701509118080
vn -3.0519806208776092 2.6748910329491817 -0.0517968618392825
v 0.0359999984502792 -0.0032001577783376 -0.0049961246550083
vn -2.6343755187515896 2.6513966540950111 -1.5173981224753916
v 0.0357990376651287 -0.0032001577783376 -0.0042461231350899
vn -1.5083189075016936 2.6386531620154381 -2.6368725876460117
v 0.0352500006556511 -0.0032001577783376 -0.0036970861256123
vn -0.0091926772354496 2.6316405529039821 -3.0369450665503912
v 0.0344999991357327 -0.0032001575455070 -0.0034961253404617
vn 1.0011368948056587 0.0018472941016856 -2.9494195617925283
v 0.0339259728789330 0.0007998412474990 -0.0036103054881096
vn 1.5263133009168077 2.6349951667261915 -2.6256136368734904
v 0.0337500013411045 -0.0032001575455070 -0.0036970861256123
vn 1.6509801098907617 0.0000000000000000 -2.6549947305798671
v 0.0337500013411045 0.0007998413057067 -0.0036970861256123
vn 2.6279455106923066 2.6198162734203985 -1.5174124291080469
v 0.0332009606063366 -0.0032001575455070 -0.0042461231350899
vn 2.9517730571452860 0.0205416696306844 -0.9887194653496412
v 0.0331141799688339 0.0007998376386240 -0.0044220983982086
vn 2.2173793542059346 0.0421747545230077 -2.1820808860492180
v 0.0334393382072449 0.0007998375804164 -0.0039354637265205
vn -2.4652961980965173 4.8053565544944581 -2.2455888276832927
v 0.0641533583402634 -0.0078097893856466 0.0357000008225441
vn -1.9463466782815584 3.8675755125509230 1.1780308174039464
v 0.0641533583402634 -0.0078097893856466 0.0403000004589558
vn -2.1712148437514029 4.7980763965655973 2.1355362944559229
v 0.0682504549622536 -0.0055326879955828 0.0403000004589558
vn -2.1712181537137933 4.7980860427115077 -2.1355319160462258
v 0.0682504624128342 -0.0055326879955828 0.0357000008225441
vn -1.3553900318326477 5.0890758956538740 2.1355322458688830
v 0.0726653859019279 -0.0039579467847943 0.0403000004589558
vn -1.3553872218476646 5.0890770583591465 -2.1355318901291476
v 0.0726653933525085 -0.0039579449221492 0.0357000008225441
vn -0.4560399197049517 5.2810279200241954 2.1040907699539497
v 0.0772787258028984 -0.0031281632836908 0.0403000004589558
vn -0.5028971477981027 5.2424055680443322 -2.1355375450257044
v 0.0772787258028984 -0.0031281632836908 0.0357000008225441
vn 0.3569514743386097 5.2560144439209440 2.1368648014597262
v 0.0819656774401665 -0.0030657839961350 0.0403000004589558
vn 0.3569546065651246 5.2560114530901991 -2.1368666108856842
v 0.0819656848907471 -0.0030657839961350 0.0357000008225441
vn 1.1907832292202283 5.1347007645661291 2.1391494413955461
v 0.0864632502198219 -0.0037404289469123 0.0403000004589558
vn 1.1907819697651756 5.1346911597361231 -2.1391585508693658
v 0.0864632502198219 -0.0037404289469123 0.0357000008225441
vn -1.5866930169341231 5.2275804817416169 -2.3562055913273570
v 0.0614985562860966 -0.0090667633339763 0.0357000008225441
vn -1.5923590952697200 5.2258539328598834 2.3562016467504323
v 0.0615154765546322 -0.0090616093948483 0.0403000004589558
vn -0.4060748885557531 5.4130091036318619 -2.2891127879377136
v 0.0585930682718754 -0.0094981612637639 0.0357000008225441
vn -0.4080670603292965 5.4132374563461871 2.2889040356294101
v 0.0585930682718754 -0.0094981612637639 0.0403000004589558
vn 0.5187754467300458 2.2374397260665067 5.2804109632080207
v 0.0864178985357285 -0.0039352169260383 0.0405000001192093
vn 0.1556058957765074 2.2934260189400439 5.2781016449012030
v 0.0819518864154816 -0.0032653086818755 0.0405000001192093
vn -0.5922823896894540 2.2222591765991475 5.2767592449446195
v 0.0727168619632721 -0.0041512092575431 0.0405000001192093
vn -0.4364960185173350 2.4492979852076542 5.0591176946944172
v 0.0767579749226570 -0.0033842674456537 0.0405000001192093
vn -0.1325240167709964 2.2630769147918146 5.3150764281436826
v 0.0772978216409683 -0.0033272502478212 0.0405000001192093
vn -0.9481421654877369 2.0952593616327420 5.2767602721341067
v 0.0683329105377197 -0.0057149012573063 0.0405000001192093
vn -0.5204748216481634 0.9364683202367703 1.0677696818617999
v 0.0641533583402634 -0.0078097912482917 0.0403000004589558
vn -1.0077460135722034 1.9509348562538049 2.1819158300238088
v 0.0642645657062531 -0.0079760253429413 0.0405000001192093
vn 1.8219584573673586 4.9953577700521574 -2.1771903500774124
v 0.0907016992568970 -0.0050833933055401 0.0357000008225441
vn 1.8219620287719966 4.9953668520712657 2.1771809483065776
v 0.0907016992568970 -0.0050833933055401 0.0403000004589558
vn 2.2225304545938922 4.6852314096345893 -2.2961246891670064
v 0.0910788625478745 -0.0052393488585949 0.0357000008225441
vn 2.2258291404080328 4.6671091840743273 2.3086711900590471
v 0.0910788625478745 -0.0052393488585949 0.0403000004589558
vn 1.5622258743632691 2.7223404338930655 0.0000000000000000
v 0.0950775295495987 -0.0073127304203808 0.0357000008225441
vn 2.6397757118469696 4.6116084426894890 2.1804233360833312
v 0.0950775295495987 -0.0073127304203808 0.0403000004589558
vn 2.9995135923583116 4.2547799727128970 -2.2786247195172424
v 0.0953732579946518 -0.0074996207840741 0.0357000008225441
vn 3.0004243724404072 4.2403277240716619 2.2882534408445743
v 0.0953732579946518 -0.0074996207840741 0.0403000004589558
vn 2.0039169383342905 2.4157824268620560 0.0000000000000000
v 0.0990056768059731 -0.0102601898834109 0.0357000008225441
vn 3.3892687703531323 4.0931710826510681 2.1799252070639539
v 0.0990056768059731 -0.0102601898834109 0.0403000004589558
vn 3.6939921503071611 3.6969906042135987 -2.2605611316541769
v 0.0992219224572182 -0.0104557061567903 0.0357000008225441
vn 3.6934702855330253 3.6860254505040335 2.2676068841174581
v 0.0992219224572182 -0.0104557061567903 0.0403000004589558
vn 4.0445353667708961 3.4519257538361234 -2.1770943211829463
v 0.1023695021867752 -0.0138382557779551 0.0357000008225441
vn 4.0392399083416652 3.4541686105421858 2.1794303326203766
v 0.1023695021867752 -0.0138382539153099 0.0403000004589558
vn 4.2765203826684353 3.0731395193417841 -2.2393534514367781
v 0.1025132611393929 -0.0140218976885080 0.0357000008225441
vn 4.2753951224240190 3.0652109040688633 2.2443340717504650
v 0.1025132611393929 -0.0140218976885080 0.0403000004589558
vn 4.5328302766904551 2.7826009537759324 -2.1790560573117861
v 0.1046819165349007 -0.0172479320317507 0.0357000008225441
vn 4.5289105572095929 2.7850355544066816 2.1809472877605094
v 0.1046819165349007 -0.0172479320317507 0.0403000004589558
vn 4.6959235784447761 2.5724929260460199 -2.2128920458634047
v 0.1050691157579422 -0.0179406795650721 0.0357000008225441
vn 4.6959300065064564 2.5724939785146694 2.2128859580714146
v 0.1050691157579422 -0.0179406795650721 0.0403000004589558
vn 4.7544347093435917 2.2656362440954201 -2.2238678155856411
v 0.1051518470048904 -0.0180947929620743 0.0357000008225441
vn 4.7544384753115452 2.2656376010836357 2.2238641745624794
v 0.1051518470048904 -0.0180947929620743 0.0403000004589558
vn 4.9927309302568066 1.6662648843554340 -2.1361962696054277
v 0.1070243716239929 -0.0224456582218409 0.0357000008225441
vn 4.9700385013890775 1.8905756123068227 2.1769777113094948
v 0.1070243716239929 -0.0224456563591957 0.0403000004589558
vn 5.0875997170220977 1.4329572603214471 2.2044621530567250
v 0.1070611849427223 -0.0225563049316406 0.0403000004589558
vn 5.2018759460017385 0.7884662215573377 -2.1337840489600461
v 0.1081772148609161 -0.0272194184362888 0.0357000008225441
vn 5.2197753057320648 1.0142411121647803 2.1769172771333762
v 0.1081772148609161 -0.0272194184362888 0.0403000004589558
vn 5.2736098867571259 0.5537598135948330 2.1884808912448470
v 0.1081859022378922 -0.0272770728915930 0.0403000004589558
vn 5.2604932444935155 -0.1167067991725229 2.1309814509864857
v 0.1084933951497078 -0.0321202203631401 0.0403000004589558
vn 5.2599105979934144 -0.1148771385423075 -2.1312470289814409
v 0.1084933951497078 -0.0321202203631401 0.0357000008225441
vn 5.1620973933073548 -1.0161620149777200 2.1312463274741456
v 0.1079635471105576 -0.0370025448501110 0.0403000004589558
vn 5.1620976425475593 -1.0161618205694616 -2.1312461531387195
v 0.1079635471105576 -0.0370025448501110 0.0357000008225441
vn 4.9157924753813997 -1.8805952233081318 2.1329219997621127
v 0.1066033914685249 -0.0417214259505272 0.0403000004589558
vn 4.9120719182631252 -1.8850706691209456 -2.1336891342741273
v 0.1066033914685249 -0.0417214259505272 0.0357000008225441
vn 4.6512706473809233 -2.4704671647919221 2.2211871069495350
v 0.1045426949858665 -0.0459863878786564 0.0403000004589558
vn 4.5608962942579341 -2.6737555220796057 -2.1184107166485844
v 0.1044533103704453 -0.0461367405951023 0.0357000008225441
vn 4.4516910980056501 -2.9082094988777976 2.1770097291556469
v 0.1044533103704453 -0.0461367405951023 0.0403000004589558
vn 4.1566470584159463 -3.2880915577822774 -2.1933773589398093
v 0.1017288044095039 -0.0499402023851871 0.0357000008225441
vn 4.1487466351844704 -3.2117470280921481 2.2421739274366597
v 0.1017288044095039 -0.0499402023851871 0.0403000004589558
vn 3.8845808230825742 -3.6272720834945531 -2.1794167551615611
v 0.1015771627426147 -0.0501173920929432 0.0357000008225441
vn 3.8899704838925242 -3.6252469080625551 2.1770833047192784
v 0.1015771627426147 -0.0501173920929432 0.0403000004589558
vn 3.5290114317897037 -3.8437862875069060 -2.2675853860100061
v 0.0982849076390266 -0.0533592961728573 0.0357000008225441
vn 3.5290561678750687 -3.8547632614377432 2.2605435082794476
v 0.0982849076390266 -0.0533592961728573 0.0403000004589558
vn 3.2073311552112820 -4.2372878408289729 -2.1799019178159282
v 0.0980603322386742 -0.0535451807081699 0.0357000008225441
vn 3.2141225339566546 -4.2360007883801467 2.1770997314257396
v 0.0980603322386742 -0.0535451807081699 0.0403000004589558
vn 2.8124395491808030 -4.3672872236754570 -2.2882461424191414
v 0.0943108499050140 -0.0561445318162441 0.0357000008225441
vn 2.8109049751561117 -4.3816926509676302 2.2786143122158746
v 0.0943108499050140 -0.0561445318162441 0.0403000004589558
vn 2.4359231639756556 -4.7224693940267040 -2.1804145846331240
v 0.0940072461962700 -0.0563183315098286 0.0357000008225441
vn 2.4439879960239348 -4.7223471981632343 2.1771439816709877
v 0.0940072461962700 -0.0563183315098286 0.0403000004589558
vn 2.0199534222157425 -4.7598341985834853 -2.3086761654344556
v 0.0899218693375587 -0.0582151561975479 0.0357000008225441
vn 2.0158700027696526 -4.7778037720898059 2.2961220787594701
v 0.0899218693375587 -0.0582151561975479 0.0403000004589558
vn 1.6021415823196521 -5.0701321844730831 -2.1771881407918539
v 0.0895382612943649 -0.0583544969558716 0.0357000008225441
vn 1.6021415085627881 -5.0701321729164377 2.1771881712308416
v 0.0895382612943649 -0.0583544969558716 0.0403000004589558
vn 0.9756458674469617 -5.1824413568422925 -2.1412104847055318
v 0.0852452144026756 -0.0595111362636089 0.0357000008225441
vn 0.9765434105608795 -5.1825579340830004 2.1411041407367613
v 0.0852452144026756 -0.0595111362636089 0.0403000004589558
vn 0.5187743135383432 2.2374293686301536 -5.2804221546376819
v 0.0864178985357285 -0.0039352187886834 0.0355000011622906
vn 0.1556022463318461 2.2934234136000882 -5.2781047255147904
v 0.0819518864154816 -0.0032653086818755 0.0355000011622906
vn -0.2196054527341223 2.2892924460689468 -5.2767593571499880
v 0.0772978290915489 -0.0033272502478212 0.0355000011622906
vn -0.5918837870628084 2.2223386668243972 -5.2767524651606346
v 0.0727168619632721 -0.0041512092575431 0.0355000011622906
vn -0.9481450743646882 2.0952678976263726 -5.2767499200610892
v 0.0683329179883003 -0.0057148993946612 0.0355000011622906
vn -0.5605142240881661 1.0085124131077334 -4.3565791450380580
v 0.0642645657062531 -0.0079760234802961 0.0355000011622906
vn -0.4462396070171446 0.9424839958711710 -1.0314834791679559
v 0.0642645657062531 -0.0079760216176510 0.0355000011622906
vn -0.5993935338840409 1.9739713689778307 -5.4993655849783591
v 0.0615566670894623 -0.0092581352218986 0.0355000011622906
vn -0.1531513205944984 2.1421954553724851 -5.4312087862163017
v 0.0585930682718754 -0.0096981627866626 0.0355000011622906
vn -0.1540076618851630 2.1416897775314028 5.4315869264175776
v 0.0585930682718754 -0.0096981627866626 0.0405000001192093
vn -0.6012435600032602 1.9734046378201819 5.4993707028700261
v 0.0615739263594151 -0.0092528788372874 0.0405000001192093
vn 0.8097237446300516 2.1173180688280167 5.3130839122197333
v 0.0906266048550606 -0.0052687576971948 0.0405000001192093
vn 0.7137186899789526 -2.1513338482343309 5.3135547124140210
v 0.0894713252782822 -0.0581660307943821 0.0405000001192093
vn 0.4252276451736846 -2.2551109538641811 5.2827507366782136
v 0.0852084085345268 -0.0593145526945591 0.0405000001192093
vn 1.0748610585444298 -1.9969240851774057 5.3120507301705793
v 0.0939089506864548 -0.0561441555619240 0.0405000001192093
vn 1.4056119951550554 -1.7819153409072059 5.3099467808101517
v 0.0979335978627205 -0.0533904656767845 0.0405000001192093
vn 1.6958874530644374 -1.5121274376630183 5.3069575750139624
v 0.1014257445931435 -0.0499867275357246 0.0405000001192093
vn 1.9371698950575422 -1.1948834275211946 5.3024959581268787
v 0.1042817160487175 -0.0460340119898319 0.0405000001192093
vn 2.1500239881391852 -0.8224472452946476 5.2741071200567751
v 0.1064167022705078 -0.0416496805846691 0.0405000001192093
vn 2.2599822408522150 -0.4448798580019843 5.2724095587501534
v 0.1077673137187958 -0.0369639173150063 0.0405000001192093
vn 2.3023174452387436 -0.0514666228630451 5.2729726469837725
v 0.1082934439182281 -0.0321158543229103 0.0405000001192093
vn 2.2629065897860263 0.3546671619242489 5.2864601248263678
v 0.1079794764518738 -0.0272494442760944 0.0405000001192093
vn 2.1567750385651721 0.7451943757717725 5.2959736116216432
v 0.1068347319960594 -0.0225091818720102 0.0405000001192093
vn 1.9968796315871131 1.0240689192059664 5.3385685664903333
v 0.1048931926488876 -0.0180358178913593 0.0405000001192093
vn 1.9261009429331857 1.1899085829959786 5.3183229951467013
v 0.1045087128877640 -0.0173479318618774 0.0405000001192093
vn 1.7535919379684071 1.4472111481195793 5.3055776853728291
v 0.1022125184535980 -0.0139621831476688 0.0405000001192093
vn 1.4808871832227921 1.7241095469707755 5.3060547744915736
v 0.0988723039627075 -0.0104092275723815 0.0405000001192093
vn 1.1582849464014635 1.9540004371498181 5.3076252046268380
v 0.0949717238545418 -0.0074824509210885 0.0405000001192093
vn 0.1688995849424755 -5.2706700166537361 -2.1434369985182196
v 0.0809389799833298 -0.0599824637174606 0.0357000008225441
vn 0.3752214087091736 -5.3085677863254075 2.1805136832292962
v 0.0809654593467712 -0.0599815808236599 0.0403000004589558
vn -0.0527542426453717 -5.2959979452337755 2.2034630745098989
v 0.0808595344424248 -0.0599849708378315 0.0403000004589558
vn -0.6513318633104402 -5.2315213443044764 -2.1429411608924527
v 0.0764795616269112 -0.0597796402871609 0.0357000008225441
vn -0.4504604196484929 -5.3027210549099584 2.1797912521985587
v 0.0765321478247643 -0.0597861371934414 0.0403000004589558
vn -0.8687165450880782 -5.2317011122463057 2.1977922390026534
v 0.0764532685279846 -0.0597763545811176 0.0403000004589558
vn -1.4480461625143874 -5.0706075585811625 2.1417026115742130
v 0.0721829161047935 -0.0589048676192760 0.0403000004589558
vn -1.4603436708581568 -5.0656157022425328 -2.1422648524843626
v 0.0721065104007721 -0.0588829591870308 0.0357000008225441
vn -2.2148133134817387 -4.7847901411501779 2.1426946726026510
v 0.0680232048034668 -0.0573591329157352 0.0403000004589558
vn -2.2303163682214437 -4.7785179336393773 -2.1424026592693779
v 0.0679271295666695 -0.0573144182562828 0.0357000008225441
vn -2.4775418568942591 -4.8007820995286989 2.2494104202932288
v 0.0641538724303246 -0.0551864132285118 0.0403000004589558
vn -1.4437949319141907 -2.7879230356336850 0.0000000000000000
v 0.0641538724303246 -0.0551864132285118 0.0357000008225441
vn 0.7165109808683452 -2.1506428376617852 -5.3130921204549715
v 0.0894713252782822 -0.0581660307943821 0.0355000011622906
vn 0.4247230277455286 -2.2554207779144111 -5.2824970624468843
v 0.0852084085345268 -0.0593145526945591 0.0355000011622906
vn 0.8069612293788433 2.1181211825448054 -5.3135565713121586
v 0.0906266048550606 -0.0052687595598400 0.0355000011622906
vn 1.1610131426075143 1.9480837130985973 -5.3120624440944786
v 0.0949717238545418 -0.0074824527837336 0.0355000011622906
vn 1.0855986724951066 1.8887983928194876 -2.1771553537107504
v 0.0950775295495987 -0.0073127322830260 0.0357000008225441
vn 1.4820576626872617 1.7188312311850211 -5.3099679663447903
v 0.0988723039627075 -0.0104092275723815 0.0355000011622906
vn 1.3920829269176120 1.6758176986582884 -2.1771183659149731
v 0.0990056768059731 -0.0102601917460561 0.0357000008225441
vn 1.7535688209028943 1.4427897705836590 -5.3089639257284471
v 0.1022125184535980 -0.0139621831476688 0.0355000011622906
vn 1.9267841423926599 1.1849548308814302 -5.3205341971825169
v 0.1045087128877640 -0.0173479318618774 0.0355000011622906
vn 1.9968755846909234 1.0240686692345127 -5.3385723256044715
v 0.1048931926488876 -0.0180358197540045 0.0355000011622906
vn 2.1839034871064946 0.7278040364717787 -5.2740812169689235
v 0.1068347319960594 -0.0225091818720102 0.0355000011622906
vn 2.2772181711583754 0.3457793514616680 -5.2724453342519713
v 0.1079794764518738 -0.0272494442760944 0.0355000011622906
vn 2.3028048786561865 -0.0502932537219209 -5.2724091965206261
v 0.1082934439182281 -0.0321158543229103 0.0355000011622906
vn 2.2599821254891039 -0.4448795492357039 -5.2724097699545069
v 0.1077673137187958 -0.0369639173150063 0.0355000011622906
vn 2.1500471287444043 -0.8262546429246698 -5.2724185821231195
v 0.1064167022705078 -0.0416496805846691 0.0355000011622906
vn 1.9859616440130132 -1.1248069164555290 -5.2975198078454815
v 0.1042817160487175 -0.0460340119898319 0.0355000011622906
vn 2.2661266156886275 -1.6230109893946056 -4.5905643311086752
v 0.1030601859092712 -0.0479030087590218 0.0355000011622906
vn 1.6739594951856378 -1.5344598712746520 -5.3097542788400656
v 0.1014257445931435 -0.0499867275357246 0.0355000011622906
vn 1.4042132988677174 -1.7871446934403292 -5.3060268430076460
v 0.0979335978627205 -0.0533904656767845 0.0355000011622906
vn 1.0718739565180189 -2.0027158035568937 -5.3076152857999421
v 0.0939089506864548 -0.0561441555619240 0.0355000011622906
vn -1.5954199810839642 -5.2214873484623476 2.3603740691834059
v 0.0614991486072540 -0.0539295300841331 0.0403000004589558
vn -1.0099634560787929 -1.9464364900958637 5.3904883984723320
v 0.0642650797963142 -0.0550201758742332 0.0405000001192093
vn -0.0089049018366375 -2.2174005473424816 5.3670392626403327
v 0.0585937686264515 -0.0532981604337692 0.0405000001192093
vn -0.3472170597614706 -5.3722920823916516 2.3357235700468708
v 0.0585937686264515 -0.0534981600940228 0.0403000004589558
vn -0.2029059908835355 -2.0648613903380633 5.4981168479418443
v 0.0587576627731323 -0.0532994791865349 0.0405000001192093
vn -0.6081787707261191 -1.9760845232831823 5.4959204102727259
v 0.0615572556853294 -0.0537381544709206 0.0405000001192093
vn -0.9648148408915390 -2.0832668224132496 5.2815646059797530
v 0.0681072548031807 -0.0571776516735554 0.0405000001192093
vn -0.6310835552829885 -2.2067321585834336 5.2823281643562048
v 0.0722377747297287 -0.0587125383317471 0.0405000001192093
vn -0.2638754301272407 -2.2658855608631314 5.2974447468030821
v 0.0765564814209938 -0.0595876201987267 0.0405000001192093
vn 0.0950293586457813 -2.2757792499196956 5.3012026687836187
v 0.0809586867690086 -0.0597816929221153 0.0405000001192093
vn -0.0455136088685130 3.0516772528138829 0.0154126673343891
v 0.0583495534956455 -0.0456979274749756 0.0381999984383583
vn 0.0000016779343306 3.0628259155398134 3.5903928948147290
v 0.0583495534956455 -0.0456979274749756 0.0405000001192093
vn -1.3204336857916772 2.7659196870730307 3.5793741122427729
v 0.0590871572494507 -0.0455295741558075 0.0405000001192093
vn -1.4431728308857119 2.7044359504531430 0.0153444967450340
v 0.0591995567083359 -0.0454701706767082 0.0381999984383583
vn -2.3951268967029185 1.9180254082632047 3.5529394801392100
v 0.0596786700189114 -0.0450578592717648 0.0405000001192093
vn -4.4562131683213160 4.0426843189640476 -1.4283319380101478
v 0.0596786700189114 -0.0450578592717648 0.0381999984383583
vn -2.7601030367992907 1.4585280910768503 -0.0053507663688750
v 0.0598217993974686 -0.0448479242622852 0.0381999984383583
vn -2.9926787878211507 0.6852292574060759 3.5420042904174895
v 0.0600069314241409 -0.0443762131035328 0.0405000001192093
vn -5.8370368432965840 1.5091845915360547 -1.3970834568932489
v 0.0600069314241409 -0.0443762131035328 0.0381999984383583
vn -3.1217625421607691 0.0000017071501380 -0.0060400125840122
v 0.0600495561957359 -0.0439979285001755 0.0381999984383583
vn -2.9926790736532576 -0.6852286277873672 3.5420033909775297
v 0.0600069314241409 -0.0436196401715279 0.0405000001192093
vn -5.8211008321266267 -1.4461711457029067 -1.4766909064824798
v 0.0600069314241409 -0.0436196401715279 0.0381999984383583
vn -2.7600972710988882 -1.4585348690687874 -0.0053509938105712
v 0.0598217993974686 -0.0431479252874851 0.0381999984383583
vn -2.3873255540449834 -1.9243291967969860 3.5663259742484459
v 0.0596786700189114 -0.0429379940032959 0.0405000001192093
vn -4.4582220236418930 -4.0095343909338901 -1.4927210483448587
v 0.0596786700189114 -0.0429379940032959 0.0381999984383583
vn -1.3146158366090930 -2.7627720633308854 3.6103786880006274
v 0.0590871572494507 -0.0424662791192532 0.0405000001192093
vn -1.4409983338060866 -2.6996008905035400 -0.0155216700866359
v 0.0591995567083359 -0.0425256825983524 0.0381999984383583
vn -0.0132940752801926 -3.0596770352681188 3.6076385727058757
v 0.0583495534956455 -0.0422979258000851 0.0405000001192093
vn -0.0570136532247288 -3.0486858971516115 0.0000000000000000
v 0.0583495534956455 -0.0422979258000851 0.0381999984383583
vn 1.3289113570909210 -2.7595116056640250 0.0000000000000000
v 0.0576119534671307 -0.0424662791192532 0.0381999984383583
vn 1.3289113570909210 -2.7595116056640250 3.5903895751197141
v 0.0576119534671307 -0.0424662791192532 0.0405000001192093
vn 2.3946117238422460 -1.9096445817781329 0.0000000000000000
v 0.0570204406976700 -0.0429379940032959 0.0381999984383583
vn 2.3946117238422451 -1.9096445817781325 3.5903904905841499
v 0.0570204406976700 -0.0429379940032959 0.0405000001192093
vn 2.9860335865135790 -0.6815457423946640 0.0000000000000000
v 0.0566921755671501 -0.0436196401715279 0.0381999984383583
vn 2.9860335865135790 -0.6815457423946643 3.5903935534093221
v 0.0566921755671501 -0.0436196401715279 0.0405000001192093
vn 2.9860335865135790 0.6815457423946643 0.0000000000000000
v 0.0566921755671501 -0.0443762131035328 0.0381999984383583
vn 2.9860335865135790 0.6815457423946640 3.5903935534093216
v 0.0566921755671501 -0.0443762131035328 0.0405000001192093
vn 2.3946117238422455 1.9096445817781327 0.0000000000000000
v 0.0570204406976700 -0.0450578592717648 0.0381999984383583
vn 2.3946117238422460 1.9096445817781329 3.5903904905841504
v 0.0570204406976700 -0.0450578592717648 0.0405000001192093
vn 1.3289113570909208 2.7595116056640250 0.0000000000000000
v 0.0576119534671307 -0.0455295741558075 0.0381999984383583
vn 1.3289113570909210 2.7595116056640254 3.5903895751197141
v 0.0576119534671307 -0.0455295741558075 0.0405000001192093
vn 3.0533307127667002 0.2611419174257650 3.5876046462723892
v 0.0999578535556793 -0.0441523455083370 0.0405000001192093
vn 1.4972176226881559 0.4751132100445513 3.5836494591986270
v 0.1001785844564438 -0.0448479317128658 0.0405000001192093
vn 2.6576778496225022 1.5262757946860628 0.0004342506989199
v 0.1001785770058632 -0.0448479279875755 0.0381999984383583
vn 5.9590398578529893 0.4243475224520376 -1.5105771793165228
v 0.0999552458524704 -0.0441204085946083 0.0381999984383583
vn 5.5479907857865163 -2.2122170905774268 -1.5182226612335818
v 0.1000717058777809 -0.0433683395385742 0.0381999984383583
vn 2.8637881071708327 -1.0794348473603792 3.6012212912087191
v 0.1000601202249527 -0.0433982126414776 0.0405000001192093
vn 4.0268444461658115 -4.4111959491760437 -1.5182210347386911
v 0.1005046367645264 -0.0427424423396587 0.0381999984383583
vn 2.1058604277706952 -2.2207703224816484 3.6012191840280590
v 0.1004811748862267 -0.0427642688155174 0.0405000001192093
vn 1.6987051388321288 -5.7261271489664649 -1.5182211995191230
v 0.1011672690510750 -0.0423681549727917 0.0381999984383583
vn 0.9259047293932623 -2.9170466445842940 3.6012226069127560
v 0.1011366322636604 -0.0423775576055050 0.0405000001192093
vn -0.9698798443980691 -5.8935084398579880 -1.5182248520472597
v 0.1019268110394478 -0.0423204824328423 0.0381999984383583
vn -0.4396101411575288 -3.0287319428933497 3.6012141932495152
v 0.1018951386213303 -0.0423155799508095 0.0405000001192093
vn -3.4213722315192006 -4.8983387148850612 -1.5173732524763521
v 0.1026310399174690 -0.0426089838147163 0.0381999984383583
vn -1.7149044881001398 -2.5357193675631757 3.5972726539071789
v 0.1026046872138977 -0.0425907559692860 0.0405000001192093
vn -5.1769544577600168 -2.9879708612430478 -1.5122501142266980
v 0.1031230688095093 -0.0431479364633560 0.0381999984383583
vn -1.1500399019655911 -1.0699576272728339 0.0000000000000000
v 0.1031230688095093 -0.0431479364633560 0.0405000001192093
vn -3.0536481140226588 -0.2631867287748374 3.5847786248132580
v 0.1033437997102737 -0.0438435189425945 0.0405000001192093
vn -1.4972185566043512 -0.4751135064048898 3.5836576435630922
v 0.1031230688095093 -0.0431479327380657 0.0405000001192093
vn -5.9549881392623352 -0.4968728762617145 -1.5096633792592820
v 0.1033442094922066 -0.0438480786979198 0.0381999984383583
vn -5.5776404874231540 2.1377737194332207 -1.5119677782649079
v 0.1032382771372795 -0.0446062088012695 0.0381999984383583
vn -2.8644380952582278 1.0803401153435277 3.5958981908330818
v 0.1032415255904198 -0.0445976518094540 0.0405000001192093
vn -4.0741026139169705 4.3680037547161730 -1.5131170577425959
v 0.1028104647994041 -0.0452410057187080 0.0381999984383583
vn -2.1059416216276916 2.2216900061751561 3.5970606754730214
v 0.1028204709291458 -0.0452315956354141 0.0405000001192093
vn -1.7446110021254559 5.7124147127437617 -1.5142788246030436
v 0.1021475270390511 -0.0456237494945526 0.0381999984383583
vn -0.9255427193519334 2.9177070562312339 3.5982304920747943
v 0.1021650135517120 -0.0456183068454266 0.0405000001192093
vn 0.9384687728881711 5.8984871656421269 -1.5154575613690757
v 0.1013838797807693 -0.0456768423318863 0.0381999984383583
vn 0.4401635699089499 3.0289691476736293 3.5994015437275735
v 0.1014065071940422 -0.0456802845001221 0.0405000001192093
vn 3.4083346162880455 4.9070725267458402 -1.5158335122907742
v 0.1006743535399437 -0.0453895144164562 0.0381999984383583
vn 1.7153559617652547 2.5355426765322995 3.5966453251901225
v 0.1006969660520554 -0.0454051122069359 0.0405000001192093
vn 1.1500358004096303 1.0699620357977755 0.0000000000000000
v 0.1001785770058632 -0.0448479279875755 0.0405000001192093
vn -1.4985044589898826 0.4710426912770767 -0.0027710293888056
v 0.0814724341034889 -0.0573479309678078 0.0381999984383583
vn -2.6610724095690892 1.5220849289475678 3.5823221647451127
v 0.0814724341034889 -0.0573479309678078 0.0405000001192093
vn -3.0539384915800940 0.2265500540544931 3.5933215725610608
v 0.0816954374313354 -0.0566249713301659 0.0405000001192093
vn -3.0527063240405190 0.2566023802031283 -0.0044763567886628
v 0.0816935673356056 -0.0566477812826633 0.0381999984383583
vn -2.8506646851084296 -1.1179628943589406 3.5949109077336376
v 0.0815826728940010 -0.0558768510818481 0.0405000001192093
vn -5.5780675795701873 -2.1363672108343192 -1.5125546188620296
v 0.0815876424312592 -0.0558896549046040 0.0381999984383583
vn -2.0835907490785095 -2.2443633973498511 3.5926438153175519
v 0.0811564847826958 -0.0552517399191856 0.0405000001192093
vn -4.0754645939979035 -4.3674093922299182 -1.5102682659697155
v 0.0811598300933838 -0.0552548579871655 0.0381999984383583
vn -0.9036050916867271 -2.9264988507910932 3.5904037629537302
v 0.0805012732744217 -0.0548734553158283 0.0405000001192093
vn -0.8952122845356830 -2.9275012435302790 0.0022211328075251
v 0.0804968923330307 -0.0548721142113209 0.0381999984383583
vn 0.4556588767509890 -3.0291193238199368 3.5882277797193094
v 0.0797468125820160 -0.0548169165849686 0.0405000001192093
vn 0.4800490876386672 -3.0238236925248660 0.0043919576311248
v 0.0797332450747490 -0.0548190213739872 0.0381999984383583
vn 1.7249911726394527 -2.5317675748626920 3.5860916934621248
v 0.0790425464510918 -0.0550933219492435 0.0405000001192093
vn 1.7502881237429748 -2.5157187709653450 0.0027117499631940
v 0.0790237188339233 -0.0551063455641270 0.0381999984383583
vn 2.6545158165248290 -1.5278696960431004 3.5890310111880539
v 0.0785279422998428 -0.0556479282677174 0.0405000001192093
vn 5.1775731242820484 -2.9863514160541516 -1.5123295638635432
v 0.0785279422998428 -0.0556479282677174 0.0381999984383583
vn -1.7547506525304257 2.5129497403295904 3.5847640640710265
v 0.0809803977608681 -0.0578868798911572 0.0405000001192093
vn -3.6792126463797854 2.5154297793185916 -1.5084437889321971
v 0.0814724341034889 -0.0573479272425175 0.0381999984383583
vn -3.4077994815854846 4.9087353944838004 -1.5096649431443678
v 0.0809766575694084 -0.0578895136713982 0.0381999984383583
vn -0.9374808581317414 5.8992614829996732 -1.5119671293631300
v 0.0802671313285828 -0.0581768415868282 0.0381999984383583
vn -0.4966346397341971 3.0208420237279263 3.5959027935300911
v 0.0802761688828468 -0.0581753775477409 0.0405000001192093
vn 1.7457305940378549 5.7122834234574533 -1.5131140980155091
v 0.0795034840703011 -0.0581237487494946 0.0381999984383583
vn 0.8710670421638045 2.9346420792478209 3.5970669591516020
v 0.0795166343450546 -0.0581277087330818 0.0405000001192093
vn 2.0879331078188774 2.2373187392615179 -0.0040144838735936
v 0.0788405463099480 -0.0577409975230694 0.0381999984383583
vn 2.0640380497721429 2.2604001900497521 3.5982202110667836
v 0.0788540020585060 -0.0577534176409245 0.0405000001192093
vn 5.5774719867605071 2.1365026214171072 -1.5154595283123620
v 0.0784127339720726 -0.0571062043309212 0.0381999984383583
vn 2.8432431551066832 1.1332993179905568 3.5993996131588726
v 0.0784210711717606 -0.0571275204420090 0.0405000001192093
vn 5.9538209815454435 -0.4981623413708832 -1.5158299283603773
v 0.0783068090677261 -0.0563480742275715 0.0381999984383583
vn 3.0535214902474479 -0.2177630602152915 3.5966472183693750
v 0.0783046036958694 -0.0563754513859749 0.0405000001192093
vn 5.1777158558675680 -2.9864774592938801 -1.5112155716814253
v 0.0785279497504234 -0.0056479293853045 0.0381999984383583
vn 2.6610733487430442 -1.5220821261096407 3.5823187284648439
v 0.0785279497504234 -0.0056479293853045 0.0405000001192093
vn 3.0539384755580068 -0.2265499266250511 3.5933216894401907
v 0.0783049464225769 -0.0063708890229464 0.0405000001192093
vn 3.0527059584325222 -0.2566042901818082 -0.0044767190909458
v 0.0783068165183067 -0.0063480772078037 0.0381999984383583
vn 2.8506634687943602 1.1179645854181381 3.5949124542470887
v 0.0784177109599113 -0.0071190092712641 0.0405000001192093
vn 5.5780662439947708 2.1363697018749979 -1.5125547215170367
v 0.0784127414226532 -0.0071062054485083 0.0381999984383583
vn 2.0835895279460432 2.2443651915896154 3.5926424404552284
v 0.0788438990712166 -0.0077441185712814 0.0405000001192093
vn 4.0754642701242876 4.3674106960963606 -1.5102696112178240
v 0.0788405537605286 -0.0077410005033016 0.0381999984383583
vn 0.9036058763236426 2.9264988019197693 3.5904022720295465
v 0.0794991105794907 -0.0081224031746387 0.0405000001192093
vn 0.8952149498884692 2.9274992983614809 0.0022187682892537
v 0.0795034915208817 -0.0081237461417913 0.0381999984383583
vn -0.4556623195259993 3.0291183504818830 3.5882275970913113
v 0.0802535712718964 -0.0081789419054985 0.0405000001192093
vn -0.4800522839207133 3.0238220243487195 0.0043894754219393
v 0.0802671387791634 -0.0081768389791250 0.0381999984383583
vn -1.7249961958759297 2.5317649433821519 3.5860868897535298
v 0.0809578374028206 -0.0079025346785784 0.0405000001192093
vn -1.7502938820368927 2.5157142419666640 0.0027103644240072
v 0.0809766650199890 -0.0078895129263401 0.0381999984383583
vn -1.1528850958664192 1.0668893825709280 -0.0027125792726372
v 0.0814724415540695 -0.0073479269631207 0.0405000001192093
vn -1.1586404673488258 1.0606381888721685 0.0000000000000000
v 0.0814724415540695 -0.0073479269631207 0.0381999984383583
vn 1.7547510926438650 -2.5129487985065726 3.5847653378802544
v 0.0790199860930443 -0.0051089785993099 0.0405000001192093
vn 3.4077897243043442 -4.9087432291525106 -1.5096623490276380
v 0.0790237262845039 -0.0051063448190689 0.0381999984383583
vn 0.9374767558899860 -5.8992629022262761 -1.5119650767028496
v 0.0797332525253296 -0.0048190187662840 0.0381999984383583
vn 0.4966314886404891 -3.0208414943210653 3.5959066575348033
v 0.0797242149710655 -0.0048204809427261 0.0405000001192093
vn -1.7457239055209910 -5.7122862705168647 -1.5131144636276919
v 0.0804968997836113 -0.0048721116036177 0.0381999984383583
vn -0.8710681215587199 -2.9346434075635113 3.5970620426729880
v 0.0804837495088577 -0.0048681516200304 0.0405000001192093
vn -2.0879354448747041 -2.2373106842711907 -0.0040154911832298
v 0.0811598375439644 -0.0052548595704138 0.0381999984383583
vn -2.0640366781390975 -2.2604007711153975 3.5982224927575910
v 0.0811463817954063 -0.0052424413152039 0.0405000001192093
vn -2.8576542565616112 -1.0943449280169670 -0.0051899698513634
v 0.0815876424312592 -0.0058896527625620 0.0381999984383583
vn -2.8432403962371220 -1.1333031923291006 3.5994062895996031
v 0.0815793126821518 -0.0058683366514742 0.0405000001192093
vn -5.9538193487081212 0.4981504182766584 -1.5158257415700214
v 0.0816935747861862 -0.0066477828659117 0.0381999984383583
vn -3.0535214902474479 0.2177630602152915 3.5966472183693750
v 0.0816957801580429 -0.0066204057075083 0.0405000001192093
vn -4.0189355557439645 1.9257107188669966 -1.5123291076488372
v 0.0814724415540695 -0.0073479288257658 0.0381999984383583
vn -1.5016324299641255 0.4609784653889758 3.5917433006915571
v 0.0814724415540695 -0.0073479288257658 0.0405000001192093
vn -2.2578817599830421 -2.0668848740113006 -0.7544919840081067
v 0.0598218031227589 -0.0181479286402464 0.0381999984383583
vn -2.6597810163029543 -1.5232239421217622 3.5842163888193173
v 0.0598218031227589 -0.0181479267776012 0.0405000001192093
vn -3.4085071622483549 -4.9082490464910604 -1.5096250912540037
v 0.0593260303139687 -0.0176063422113657 0.0381999984383583
vn -1.7482357751103716 -2.5165823001753269 3.5863536827351457
v 0.0593260303139687 -0.0176063422113657 0.0405000001192093
vn -0.9380082079078987 -5.8994770773830423 -1.5102648810871573
v 0.0586165040731430 -0.0173190161585808 0.0381999984383583
vn -0.4806460724974012 -3.0229605939593074 3.5957763994025393
v 0.0586165040731430 -0.0173190161585808 0.0405000001192093
vn 1.7453595293291559 -5.7129159134762979 -1.5102650783558738
v 0.0578528530895710 -0.0173721089959145 0.0381999984383583
vn 0.8943422434699044 -2.9273646295601989 3.5957762501134365
v 0.0578528530895710 -0.0173721089959145 0.0405000001192093
vn 4.0748355069606506 -4.3679980567414116 -1.5102641468117424
v 0.0571899153292179 -0.0177548546344042 0.0381999984383583
vn 2.0879929136385655 -2.2382128160629806 3.5957765759555644
v 0.0571899153292179 -0.0177548546344042 0.0405000001192093
vn 5.5780959872319977 -2.1374127632562305 -1.5102635078863660
v 0.0567621067166328 -0.0183896496891975 0.0381999984383583
vn 2.8582804239511272 -1.0952350352599567 3.5957785403437503
v 0.0567621067166328 -0.0183896496891975 0.0405000001192093
vn 3.0535414946522002 0.2557244564609124 0.0000000000000000
v 0.0566561743617058 -0.0191477797925472 0.0381999984383583
vn 3.0535414946522002 0.2557244564609122 3.5863556334727185
v 0.0566561743617058 -0.0191477797925472 0.0405000001192093
vn 5.1773771572450302 2.9872490147638491 -1.5122192822506646
v 0.0568773150444031 -0.0198479257524014 0.0381999984383583
vn 2.6493364143516422 1.5415074287611783 3.5836548656283393
v 0.0568773150444031 -0.0198479257524014 0.0405000001192093
vn 1.7227263626878271 2.5316890305716750 3.5939368266529210
v 0.0573919117450714 -0.0204025320708752 0.0405000001192093
vn 3.4218751447958788 4.8983550761277241 -1.5156248063415632
v 0.0573693439364433 -0.0203868765383959 0.0381999984383583
vn 0.4566087100394446 3.0275016683294655 3.5966782331778040
v 0.0580961853265762 -0.0206789374351501 0.0405000001192093
vn 0.9703096276055418 5.8939658435718414 -1.5152601310353675
v 0.0580735765397549 -0.0206753741949797 0.0381999984383583
vn -0.9022223451476123 2.9260014200824664 3.5955117687315870
v 0.0588506422936916 -0.0206224005669355 0.0405000001192093
vn -1.6985942538958794 5.7269127635313719 -1.5140876187257333
v 0.0588331148028374 -0.0206277035176754 0.0381999984383583
vn -2.0825367682399700 2.2449422755773210 3.5943498511288703
v 0.0595058538019657 -0.0202441141009331 0.0405000001192093
vn -4.0272586921140157 4.4120678723239743 -1.5129279556170898
v 0.0594957470893860 -0.0202534142881632 0.0381999984383583
vn -2.8505186458691996 1.1191411283909418 3.5932070261061164
v 0.0599320456385612 -0.0196190066635609 0.0405000001192093
vn -5.5489330031811122 2.2128891233111658 -1.5117811608481508
v 0.0599286742508411 -0.0196275208145380 0.0381999984383583
vn -3.0540034156888431 -0.2284696868837826 3.5920709214770352
v 0.0600448064506054 -0.0188708864152431 0.0405000001192093
vn -5.9586076337358351 -0.4299382181081404 -1.5106515673356107
v 0.0600451417267323 -0.0188754517585039 0.0381999984383583
vn -2.9299139937374394 -0.8994370204463895 -0.7550442101917203
v 0.0598218031227589 -0.0181479267776012 0.0381999984383583
vn -0.0455145480975367 3.0516770033576326 0.0154136266627933
v 0.1016508266329765 -0.0206979326903820 0.0381999984383583
vn 0.0000033558529712 3.0628262985129986 3.5903917991479997
v 0.1016508266329765 -0.0206979326903820 0.0405000001192093
vn -1.3204372309531418 2.7659159608198802 3.5793813297191694
v 0.1023884341120720 -0.0205295793712139 0.0405000001192093
vn -1.4431706358634524 2.7044392454580337 0.0153463278325747
v 0.1025008261203766 -0.0204701758921146 0.0381999984383583
vn -2.3951267190049581 1.9180286718528201 3.5529361798166494
v 0.1029799431562424 -0.0200578644871712 0.0405000001192093
vn -4.4562153018082604 4.0426797624617965 -1.4283345475705653
v 0.1029799431562424 -0.0200578644871712 0.0381999984383583
vn -2.7601001411043793 1.4585391821627085 -0.0053503730857440
v 0.1031230688095093 -0.0198479332029819 0.0381999984383583
vn -2.9926754021488380 0.6852334729362681 3.5420150240028345
v 0.1033082082867622 -0.0193762183189392 0.0405000001192093
vn -5.8370433774326447 1.5091656842048216 -1.3970845653967863
v 0.1033082082867622 -0.0193762183189392 0.0381999984383583
vn -3.1217693128115207 -0.0000008534356238 -0.0060389429350066
v 0.1033508256077766 -0.0189979318529367 0.0381999984383583
vn -2.9926760185633512 -0.6852321657002015 3.5420142592569168
v 0.1033082082867622 -0.0186196472495794 0.0405000001192093
vn -5.8211026361582521 -1.4461557818289212 -1.4767037244563765
v 0.1033082082867622 -0.0186196472495794 0.0381999984383583
vn -2.7601037947978098 -1.4585338263359369 -0.0053503087112259
v 0.1031230688095093 -0.0181479323655367 0.0381999984383583
vn -2.3873256028386765 -1.9243308848885077 3.5663246461963869
v 0.1029799431562424 -0.0179379992187023 0.0405000001192093
vn -4.4582445444786911 -4.0095049052762599 -1.4927283019034410
v 0.1029799431562424 -0.0179379992187023 0.0381999984383583
vn -1.3146148656381222 -2.7627714172468272 3.6103827817825476
v 0.1023884341120720 -0.0174662861973047 0.0405000001192093
vn -1.4409910236883263 -2.6996083446254269 -0.0155174086260973
v 0.1025008261203766 -0.0175256896764040 0.0381999984383583
vn -0.0132931284557783 -3.0596772540979131 3.6076384362953737
v 0.1016508266329765 -0.0172979328781366 0.0405000001192093
vn -0.0570153156556006 -3.0486854517053397 0.0000000000000000
v 0.1016508266329765 -0.0172979328781366 0.0381999984383583
vn 1.3289127634767142 -2.7595104841093860 0.0000000000000000
v 0.1009132266044617 -0.0174662861973047 0.0381999984383583
vn 1.3289127634767146 -2.7595104841093865 3.5903907202933683
v 0.1009132266044617 -0.0174662861973047 0.0405000001192093
vn 2.3946138582579142 -1.9096419484593545 0.0000000000000000
v 0.1003217175602913 -0.0179379992187023 0.0381999984383583
vn 2.3946138582579142 -1.9096419484593543 3.5903904136156610
v 0.1003217175602913 -0.0179379992187023 0.0405000001192093
vn 2.9860343145434540 -0.6815442306305244 0.0000000000000000
v 0.0999934524297714 -0.0186196472495794 0.0381999984383583
vn 2.9860343145434545 -0.6815442306305244 3.5903924852041569
v 0.0999934524297714 -0.0186196472495794 0.0405000001192093
vn 2.9860335865135799 0.6815457423946643 0.0000000000000000
v 0.0999934524297714 -0.0193762183189392 0.0381999984383583
vn 2.9860335865135790 0.6815457423946640 3.5903935534093221
v 0.0999934524297714 -0.0193762183189392 0.0405000001192093
vn 2.3946154941152726 1.9096415750814117 0.0000000000000000
v 0.1003217175602913 -0.0200578644871712 0.0381999984383583
vn 2.3946154941152731 1.9096415750814117 3.5903874205725828
v 0.1003217175602913 -0.0200578644871712 0.0405000001192093
vn 1.3289151273639481 2.7595085989673036 0.0000000000000000
v 0.1009132266044617 -0.0205295793712139 0.0381999984383583
vn 1.3289151273639483 2.7595085989673045 3.5903926451312813
v 0.1009132266044617 -0.0205295793712139 0.0405000001192093
vn 1.8680873509974785 -1.4230036695892099 5.2155779551360464
v 0.0662171840667725 -0.0449980907142162 0.0405000001192093
vn 4.1118774848379127 -3.2009997213493113 2.0794642679667135
v 0.0663586035370827 -0.0451395139098167 0.0403000004589558
vn 4.7863300555288690 -1.3714715734192691 1.9374868088856099
v 0.0666128098964691 -0.0447078607976437 0.0403000004589558
vn 2.3387488163998600 -0.6701479500052592 5.0681215974075782
v 0.0664205476641655 -0.0446527712047100 0.0405000001192093
vn 4.8509119153881120 1.1218476009863398 1.9374828315129358
v 0.0666257813572884 -0.0442070849239826 0.0403000004589558
vn 2.3703125706600829 0.5481677120047447 5.0681116073962302
v 0.0664309263229370 -0.0442521497607231 0.0405000001192093
vn 4.4863191698944842 2.8050634513693100 2.1274263309461343
v 0.0663942620158195 -0.0437628515064716 0.0403000004589558
vn 1.9714943174492934 1.2091559306474395 5.2634469319273105
v 0.0662457048892975 -0.0438967607915401 0.0405000001192093
vn 0.9439204181531279 -0.6855972435113399 1.1601429006678434
v 0.0663942620158195 -0.0192330032587051 0.0403000004589558
vn 1.9726947665718273 -1.2042363343999640 5.2653917910251691
v 0.0662457123398781 -0.0190990921109915 0.0405000001192093
vn 4.7189446417594487 -2.7147780122014686 2.3234356197631505
v 0.0641285553574562 -0.0223523955792189 0.0403000004589558
vn 1.8283763522650123 -1.0535433645152839 5.4626779769900384
v 0.0639552623033524 -0.0222525428980589 0.0405000001192093
vn 5.1813976088548586 -1.6700280492533774 2.3255609642721549
v 0.0625659227371216 -0.0258769150823355 0.0403000004589558
vn 2.0083823597575523 -0.6475269081856010 5.4626830948300480
v 0.0623755678534508 -0.0258155427873135 0.0405000001192093
vn 5.4162819959248552 -0.5487695098519970 2.3245449596921128
v 0.0617755800485611 -0.0296504311263561 0.0403000004589558
vn 2.0994534943736491 -0.2128295276890634 5.4626589824104386
v 0.0615766011178493 -0.0296302586793900 0.0405000001192093
vn 5.4112794201966095 0.5968351069745610 2.3235850815642585
v 0.0617925524711609 -0.0335057862102985 0.0403000004589558
vn 2.0974847076478884 0.2313006685067042 5.4626719417007630
v 0.0615937560796738 -0.0335277095437050 0.0405000001192093
vn 5.1666803986138365 1.7160670726119451 2.3226030843596046
v 0.0626160725951195 -0.0372721962630749 0.0403000004589558
vn 2.0026375561651357 0.6651942820771357 5.4626504808998213
v 0.0624262727797031 -0.0373352430760860 0.0405000001192093
vn 4.6983954282231375 2.7481600153595993 2.3197230000231754
v 0.0642096772789955 -0.0407828241586685 0.0403000004589558
vn 1.8233899297293377 1.0670003998208035 5.4606987955072004
v 0.0640372708439827 -0.0408841967582703 0.0405000001192093
vn 3.5512437847451137 -2.1115745745182042 0.9687368679654380
v 0.0663942620158195 -0.0192330051213503 0.0403000004589558
vn 4.8508642224829313 -1.1218616531669692 1.9375003589326567
v 0.0666257888078690 -0.0187887717038393 0.0403000004589558
vn 2.3702732958175790 -0.5481661846485023 5.0681666633972799
v 0.0664309263229370 -0.0187437068670988 0.0405000001192093
vn 4.7863288840362328 1.3714584288902578 1.9374927442039107
v 0.0666128173470497 -0.0182879958301783 0.0403000004589558
vn 2.3387573447766927 0.6701296115859986 5.0681122049574743
v 0.0664205551147461 -0.0183430854231119 0.0405000001192093
vn 4.1118506069378107 3.2009958836354220 2.0794743548696104
v 0.0663586109876633 -0.0178563408553600 0.0403000004589558
vn 1.8680505675971104 1.4229981872395228 5.2156166770684997
v 0.0662171840667725 -0.0179977621883154 0.0405000001192093
vn 1.6371480465821668 1.3468554849011443 5.4541920307568805
v 0.0657343268394470 -0.0175149012356997 0.0405000001192093
vn 4.2297370091310000 3.4342505500994696 2.3099698750561193
v 0.0658757463097572 -0.0173734799027443 0.0403000004589558
vn 0.9871047156099738 -0.7239783984745952 1.1990857268217234
v 0.0659119859337807 -0.0159247945994139 0.0403000004589558
vn 1.4646663940104649 -1.4565421302350254 2.0627187798914037
v 0.0657778158783913 -0.0157764796167612 0.0405000001192093
vn 4.9766619743737852 -2.2833166931326700 2.3986462210869419
v 0.0656739771366119 -0.0162493064999580 0.0403000004589558
vn 1.8164591663137399 -0.8335391560171048 5.5453518353721396
v 0.0654922053217888 -0.0161658935248852 0.0405000001192093
vn 5.4736622187497774 -0.1370384704020754 2.3990052678852192
v 0.0655831694602966 -0.0166413653641939 0.0403000004589558
vn 1.9978954970146872 -0.0499887406586709 5.5453957835400232
v 0.0653832256793976 -0.0166363641619682 0.0405000001192093
vn 5.0844902462249353 2.0318257597355740 2.3986744242771354
v 0.0656542629003525 -0.0170374736189842 0.0403000004589558
vn 1.8558427366048016 0.7416689297154309 5.5453681708114804
v 0.0654685422778130 -0.0171116944402456 0.0405000001192093
vn -0.0281978311709472 -5.4399844682690013 2.3133699924188007
v 0.0800001919269562 -0.0104979295283556 0.0403000004589558
vn -0.0103246887466373 -2.1188837610745774 5.4555876636609852
v 0.0800001919269562 -0.0102979298681021 0.0405000001192093
vn 1.0003710246808306 -5.3441947391660651 2.3093106216918806
v 0.0761384069919586 -0.0108560640364885 0.0403000004589558
vn 0.3906794260680284 -2.0882333760689860 5.4510168548908915
v 0.0761016234755516 -0.0106594748795033 0.0405000001192093
vn 1.9662066825943527 -5.0689592995066599 2.3101468538077508
v 0.0724083334207535 -0.0119182551279664 0.0403000004589558
vn 0.7680302923121176 -1.9807725215304108 5.4510209519882746
v 0.0723360255360603 -0.0117317819967866 0.0405000001192093
vn 2.8593679739628697 -4.6234599829057998 2.3099584370237367
v 0.0689372047781944 -0.0136482715606689 0.0403000004589558
vn 1.1179051820518198 -1.8079677542272556 5.4500222035055614
v 0.0688318386673927 -0.0134782753884792 0.0405000001192093
vn 2.9066013274991804 -3.1102318806741520 1.1546650296808689
v 0.0659119859337807 -0.0159247964620590 0.0403000004589558
vn 1.1253869368816987 1.8126693891984429 5.4425394471503106
v 0.0688584893941879 -0.0495340712368488 0.0405000001192093
vn 3.0469011660634311 4.4651594848496163 2.2649751767622837
v 0.0689635947346687 -0.0493639186024666 0.0403000004589558
vn 1.4638176617588226 1.4567302201847219 5.4975339116337008
v 0.0657778084278107 -0.0472193732857704 0.0405000001192093
vn 3.8932404370511846 3.8350445166636389 2.3528965849114734
v 0.0659119859337807 -0.0470710583031178 0.0403000004589558
vn -0.4158877928898708 -2.0923295083573015 5.4419048910497239
v 0.0843215361237526 -0.0107430266216397 0.0405000001192093
vn -0.8325833963105557 -5.3465436968525601 2.2706916447861909
v 0.0842807665467262 -0.0109388278797269 0.0403000004589558
vn -1.4140594316948640 -5.2528701254070782 2.2381662517282819
v 0.0843663364648819 -0.0109568303450942 0.0403000004589558
vn -0.8258167177234179 -1.9808667449921453 5.4304122240244963
v 0.0884614214301109 -0.0120596261695027 0.0405000001192093
vn -1.9155226319968799 -5.0604575921637407 2.2708121699618502
v 0.0883815959095955 -0.0122430054470897 0.0403000004589558
vn -2.4965531772274652 -4.8745643177643743 2.1978218000999243
v 0.0885416641831398 -0.0123134749010205 0.0403000004589558
vn -1.2085115861606406 -1.7825130546454513 5.4239442441386645
v 0.0922460183501244 -0.0141924433410168 0.0405000001192093
vn -2.9163203309954384 -4.5575346491220392 2.2709419355355678
v 0.0921304896473885 -0.0143557041883469 0.0403000004589558
vn -3.4811424675020000 -4.2805582697672744 2.1515570345895396
v 0.0923436880111694 -0.0145085733383894 0.0403000004589558
vn -1.5454923920222121 -1.5060872208122009 5.4202639391680041
v 0.0955164059996605 -0.0170519240200520 0.0405000001192093
vn -3.7921380186168179 -3.8593563501246377 2.2710469357527092
v 0.0953700244426727 -0.0171882063150406 0.0403000004589558
vn -4.3250656617654304 -3.4929556863696232 2.1018030176585398
v 0.0956062376499176 -0.0174461882561445 0.0403000004589558
vn -1.8071772384424167 -1.1985414611046514 5.4130420776678623
v 0.0981352701783180 -0.0205179937183857 0.0405000001192093
vn -4.5054475340823563 -2.9957920519660379 2.2711707374459111
v 0.0979641824960709 -0.0206215772777796 0.0403000004589558
vn -1.9207696088980581 -1.0087828703826776 5.4121140226325091
v 0.0983599349856377 -0.0208979323506355 0.0405000001192093
vn -4.7926297788724090 -2.5089817324405872 2.2702591537065242
v 0.0981867238879204 -0.0209979321807623 0.0403000004589558
vn -2.0208856595621514 -0.7696119242831938 5.4167565344222446
v 0.0999926328659058 -0.0244451127946377 0.0405000001192093
vn -5.0256647171509128 -2.0039410096963226 2.2712388441663274
v 0.0998040288686752 -0.0245116483420134 0.0403000004589558
vn -5.4471366885803789 -1.4696949727861190 1.9976022948655532
v 0.0999723821878433 -0.0250085759907961 0.0403000004589558
vn -2.1362863154767324 -0.3423499083672057 5.4159642517994362
v 0.1010105162858963 -0.0286683831363916 0.0405000001192093
vn -5.3304442190038728 -0.9262264920766161 2.2713824544478527
v 0.1008123010396957 -0.0286950767040253 0.0403000004589558
vn -5.6721203189452085 -0.3185633223169615 1.9448602041081460
v 0.1008851528167725 -0.0293028354644775 0.0403000004589558
vn -2.1619785414438635 0.1011160073622840 5.4154195104290697
v 0.1011461690068245 -0.0330104641616344 0.0405000001192093
vn -5.4068405643387871 0.1911270782202550 2.2714861218631235
v 0.1009466722607613 -0.0329961962997913 0.0403000004589558
vn -5.6531846917588977 0.8608965906236724 1.8923513822253426
v 0.1008851528167725 -0.0336930304765701 0.0403000004589558
vn -2.0962216235306719 0.5412636624790073 5.4149938758199045
v 0.1003938913345337 -0.0372890345752239 0.0405000001192093
vn -5.2516172894259174 1.3003051982683718 2.2715166626160812
v 0.1002015024423599 -0.0372344031929970 0.0403000004589558
vn -5.3883910073558745 2.0171539661089004 1.8405792476190865
v 0.0999723747372627 -0.0379872880876064 0.0403000004589558
vn -1.9413665670935947 0.9591081452117334 5.4147705913654631
v 0.0987852886319160 -0.0413244366645813 0.0405000001192093
vn -4.8712711328005049 2.3536613030356008 2.2716360855368944
v 0.0986080691218376 -0.0412317328155041 0.0403000004589558
vn -4.8867992150532027 3.0990109256597345 1.7899620627103137
v 0.0981867238879204 -0.0419979318976402 0.0403000004589558
vn -1.7039218513473833 1.3367283851277889 5.4145852482901953
v 0.0963878855109215 -0.0449472218751907 0.0405000001192093
vn -4.2822375828253172 3.3061588644347113 2.2717060387399060
v 0.0962332859635353 -0.0448203384876251 0.0403000004589558
vn -4.1681246095194027 4.0580852275671289 1.7408422086306943
v 0.0956062301993370 -0.0455496758222580 0.0403000004589558
vn -1.3938086874111082 1.6578374480097093 5.4144826947965008
v 0.0933023691177368 -0.0480052679777145 0.0405000001192093
vn -3.5097045030086034 4.1169406525379939 2.2718028648820487
v 0.0931768715381622 -0.0478495359420776 0.0403000004589558
vn -3.2619532969388683 4.8509816079678183 1.6936111608623139
v 0.0923436805605888 -0.0484872907400131 0.0403000004589558
vn -1.0242054256759134 1.9086826728309862 5.4143633075468047
v 0.0896582826972008 -0.0503701642155647 0.0405000001192093
vn -2.5868203528389762 4.7513486162288254 2.2718344445026344
v 0.0895671695470810 -0.0501921251416206 0.0403000004589558
vn -2.2065469668524296 5.4413504883409596 1.6486028355331868
v 0.0885416567325592 -0.0506823845207691 0.0403000004589558
vn -0.6107822631516834 2.0783770487377349 5.4142966941588595
v 0.0856086537241936 -0.0519426129758358 0.0405000001192093
vn -1.5531092098934600 5.1821057965390267 2.2718899533755379
v 0.0855557471513748 -0.0517497397959232 0.0403000004589558
vn -1.0471578596213011 5.8016450324272055 1.6061045753952337
v 0.0843663364648819 -0.0520390309393406 0.0403000004589558
vn -0.1818118624733417 2.1600559822028407 5.4137245074796159
v 0.0813235267996788 -0.0526565872132778 0.0405000001192093
vn -0.4528516308403866 5.3907972743018462 2.2719491221292456
v 0.0813110470771790 -0.0524569787085056 0.0403000004589558
vn 0.0425939673155499 2.1684994104085229 5.4127300008647081
v 0.0800001919269562 -0.0526979304850101 0.0405000001192093
vn 0.1097390945068400 5.4078293757961546 2.2710052264963729
v 0.0800001919269562 -0.0524979308247566 0.0403000004589558
vn 0.2734366062853860 2.1547895317043002 5.4088816368521391
v 0.0769828334450722 -0.0524821020662785 0.0405000001192093
vn 0.6316823755562223 5.3678130524371772 2.2657988379122207
v 0.0770113021135330 -0.0522841401398182 0.0403000004589558
vn 1.2943438774392169 5.6351695944467695 1.7972766790026007
v 0.0761611685156822 -0.0521440394222736 0.0403000004589558
vn 0.7018425673950494 2.0498217131081766 5.4128234245035678
v 0.0727688372135162 -0.0514264889061451 0.0405000001192093
vn 1.6571871335832351 5.1449332071710989 2.2654017964741469
v 0.0728370547294617 -0.0512384846806526 0.0403000004589558
vn 2.2800805099012091 5.1028251844538488 2.0645283768664608
v 0.0724515393376350 -0.0510943010449409 0.0403000004589558
vn 2.6155307784164190 4.7441395482235924 2.2534439316381691
v 0.0689963251352310 -0.0493840947747231 0.0403000004589558
vn 4.2296332373752161 -3.4343340989395337 2.3098363116648986
v 0.0658757463097572 -0.0456223748624325 0.0403000004589558
vn 1.6371197907917456 -1.3468314077432417 5.4542258203390546
v 0.0657343193888664 -0.0454809516668320 0.0405000001192093
vn 5.0845337612236134 -2.0319708539710550 2.3981697628587408
v 0.0656542554497719 -0.0459583811461926 0.0403000004589558
vn 1.8558768873718394 -0.7416736547553677 5.5453402207917719
v 0.0654685422778130 -0.0458841584622860 0.0405000001192093
vn 5.4738080255723176 0.1369515753598298 2.3981714435255617
v 0.0655831620097160 -0.0463544875383377 0.0403000004589558
vn 1.9979358401422376 0.0499792668749079 5.5453623789811362
v 0.0653832256793976 -0.0463594906032085 0.0405000001192093
vn 4.9765407391889882 2.2836615264918794 2.3981933668308701
v 0.0656739771366119 -0.0467465482652187 0.0403000004589558
vn 1.8164266301093082 0.8335209976477105 5.5453803314997998
v 0.0654921978712082 -0.0468299612402916 0.0405000001192093
vn 0.1082395971618468 -5.4746694572814247 2.4260268959853750
v 0.0864706635475159 -0.0541460774838924 0.0403000004589558
vn 0.0330489188609419 -1.9496510836603189 5.5774795383156333
v 0.0864706635475159 -0.0539460740983486 0.0405000001192093
vn 2.7364280954189266 -4.7396552636788112 2.4383687695765532
v 0.0857206657528877 -0.0543470382690430 0.0403000004589558
vn 0.9634287332619405 -1.6687097387273908 5.5920784528156506
v 0.0856206640601158 -0.0541738308966160 0.0405000001192093
vn 4.7396772639612230 -2.7364369448287640 2.4383411008110287
v 0.0851716250181198 -0.0548960752785206 0.0403000004589558
vn 1.6687335289772418 -0.9634347600489095 5.5920588497490114
v 0.0849984213709831 -0.0547960773110390 0.0405000001192093
vn 5.4728765009194307 -0.0000041161793801 2.4383648197289842
v 0.0849706679582596 -0.0556460767984390 0.0403000004589558
vn 1.9268575273188333 -0.0000035022380440 5.5920802190588565
v 0.0847706645727158 -0.0556460767984390 0.0405000001192093
vn 4.7396685330150126 2.7364341099537843 2.4383519496153512
v 0.0851716250181198 -0.0563960745930672 0.0403000004589558
vn 1.6687214940116852 0.9634393562283652 5.5920656450810204
v 0.0849984213709831 -0.0564960762858391 0.0405000001192093
vn 2.7364415192636562 4.7396669835266581 2.4383468794627450
v 0.0857206657528877 -0.0569451153278351 0.0403000004589558
vn 0.9634387100928038 1.6687213824948064 5.5920659297301967
v 0.0856206640601158 -0.0571183189749718 0.0405000001192093
vn 0.1082424258082439 5.4746888534649560 2.4260017787302286
v 0.0864706635475159 -0.0571460761129856 0.0403000004589558
vn 0.0330507235680958 1.9496712743512172 5.5774628190725455
v 0.0864706635475159 -0.0573460757732391 0.0405000001192093
vn -2.3761454797674642 4.9341527116294035 2.4136510656854542
v 0.0871214866638184 -0.0569975301623344 0.0403000004589558
vn -0.8558232561323719 1.7771414090041531 5.5628530362787032
v 0.0872082635760307 -0.0571777224540710 0.0405000001192093
vn -4.2816900966932110 3.4145392213410219 2.4136537233615170
v 0.0876434147357941 -0.0565813109278679 0.0403000004589558
vn -1.5421388527040305 1.2298164395157969 5.5628570080540669
v 0.0877997800707817 -0.0567060075700283 0.0405000001192093
vn -5.3391621325338550 1.2186283601520982 2.4136763462350865
v 0.0879330560564995 -0.0559798590838909 0.0403000004589558
vn -1.9229954449941780 0.4389106496674802 5.5628757968353471
v 0.0881280452013016 -0.0560243614017963 0.0405000001192093
vn -5.3758589518473725 -1.0208287938335006 2.4030930047222077
v 0.0879330560564995 -0.0553122945129871 0.0403000004589558
vn -1.9814152152090780 -0.3806357739825179 5.5320722233824968
v 0.0881280452013016 -0.0552677884697914 0.0405000001192093
vn -4.8240596523612256 -2.5302336344022276 2.3454598107442677
v 0.0877697020769119 -0.0548960752785206 0.0403000004589558
vn -1.8579393554671799 -0.9861225573610402 5.4680333558234695
v 0.0879429057240486 -0.0547960773110390 0.0405000001192093
vn -3.9989679370474258 -3.7284034182316779 2.3533330481228143
v 0.0876434147357941 -0.0547108426690102 0.0403000004589558
vn -1.5187876981911570 -1.3963543158048959 5.4988770582942230
v 0.0877997800707817 -0.0545861423015594 0.0405000001192093
vn -2.3761401903737771 -4.9341366264562350 2.4136719137827187
v 0.0871214866638184 -0.0542946234345436 0.0403000004589558
vn -0.8558135098696138 -1.7771244902823873 5.5628691985697127
v 0.0872082635760307 -0.0541144274175167 0.0405000001192093
vn 0.8389606950390887 1.8348536211215705 5.5255476489516822
v 0.0727921202778816 -0.0088814301416278 0.0405000001192093
vn 0.0000009368790952 1.9724574619825996 5.5628685233583806
v 0.0735297203063965 -0.0090497834607959 0.0405000001192093
vn -0.0000028903178977 5.4764760861311004 2.4136671609441951
v 0.0735297203063965 -0.0088497819378972 0.0403000004589558
vn 1.8869134362187487 5.1258915146198243 2.3370571242779485
v 0.0728788897395134 -0.0087012359872460 0.0403000004589558
vn 3.1422698612890398 4.5424124205172074 2.2417728341458907
v 0.0727797225117683 -0.0086488211527467 0.0403000004589558
vn 1.5781214768051277 1.3029482757843960 5.5041523096606024
v 0.0722006037831306 -0.0084097152575850 0.0405000001192093
vn 4.0645579668962757 3.6436991316206231 2.3418287017252668
v 0.0723569691181183 -0.0082850167527795 0.0403000004589558
vn 4.9457724399587928 2.5815712534847179 2.1758570137266449
v 0.0722306817770004 -0.0080997822806239 0.0403000004589558
vn 2.0023521458593261 0.4707033506112318 5.4970458248760892
v 0.0718723386526108 -0.0077280690893531 0.0405000001192093
vn 5.2957753996723209 1.3163244754493975 2.3442232560823015
v 0.0720673277974129 -0.0076835649088025 0.0403000004589558
vn 5.5998425955016069 -0.0000014732186183 2.1502525494112557
v 0.0720297172665596 -0.0073497826233506 0.0403000004589558
vn 1.9581826143663217 -0.5044208165404135 5.5242422129197086
v 0.0718723386526108 -0.0069714980199933 0.0405000001192093
vn 5.2997724108307329 -1.4190442100588048 2.3328046676118026
v 0.0720673277974129 -0.0070160022005439 0.0403000004589558
vn 1.5539175412263999 -1.2846814246852543 5.5253838123114596
v 0.0722006037831306 -0.0062898499891162 0.0405000001192093
vn 5.1147624939374419 -2.5067634227806619 2.0382360737317495
v 0.0722306817770004 -0.0065997829660773 0.0403000004589558
vn 4.0402886462924705 -3.6932399462448995 2.3404006777930189
v 0.0723569691181183 -0.0064145484939218 0.0403000004589558
vn 0.8498251687873553 -1.8177456170645372 5.5328948224677754
v 0.0727921202778816 -0.0058181351050735 0.0405000001192093
vn 0.0069798862015649 -5.4748461039903766 2.4236796668700218
v 0.0735297203063965 -0.0058497833088040 0.0403000004589558
vn -0.0000009368790952 -1.9724574619825996 5.5628685233583788
v 0.0735297203063965 -0.0056497817859054 0.0405000001192093
vn 1.8798009319168798 -5.1274648379882120 2.3474534459410767
v 0.0728788971900940 -0.0059983292594552 0.0403000004589558
vn 3.2161139663576037 -4.5335700819997733 2.2141203628469293
v 0.0727797225117683 -0.0060507440939546 0.0403000004589558
vn -0.8389604631143560 -1.8348448674209021 5.5255543179103901
v 0.0742673203349113 -0.0058181351050735 0.0405000001192093
vn -1.8868286555712235 -5.1259021424739162 2.3370570582705503
v 0.0741805434226990 -0.0059983292594552 0.0403000004589558
vn -3.1422323353517969 -4.5424431068884772 2.2417968859114437
v 0.0742797181010246 -0.0060507440939546 0.0403000004589558
vn -1.5478207446109731 -1.3900705966867335 5.4849702146178778
v 0.0748588293790817 -0.0062898504547775 0.0405000001192093
vn -4.0645226996082719 -3.6437300999009641 2.3418104088475151
v 0.0747024640440941 -0.0064145489595830 0.0403000004589558
vn -1.8579095251797959 -0.9861193484607997 5.4680559867430816
v 0.0750019624829292 -0.0064997836016119 0.0405000001192093
vn -4.8196118523728986 -2.5419231189669431 2.3251978030776348
v 0.0748287588357925 -0.0065997834317386 0.0403000004589558
vn -1.9814590815480548 -0.3806379191869637 5.5320356037647604
v 0.0751870945096016 -0.0069714984856546 0.0405000001192093
vn -5.3668707461118554 -1.2149722539484444 2.2784242561828307
v 0.0749921128153801 -0.0070160026662052 0.0403000004589558
vn -1.9535092296286130 0.4826735643773706 5.5297098261102668
v 0.0751870945096016 -0.0077280695550144 0.0405000001192093
vn -5.8468051833381267 -0.2011002632027291 1.7638901799815923
v 0.0750297158956528 -0.0073497830890119 0.0403000004589558
vn -5.3080938925047709 1.3989754919100392 2.2993019655764666
v 0.0749921128153801 -0.0076835653744638 0.0403000004589558
vn -1.5539246987856856 1.2846966541368152 5.5253719527762550
v 0.0748588293790817 -0.0084097152575850 0.0405000001192093
vn -5.1072113366179579 2.5269306565431311 2.0082125068289387
v 0.0748287588357925 -0.0080997822806239 0.0403000004589558
vn -4.0512964597446066 3.6839838036199026 2.3188264259578553
v 0.0747024640440941 -0.0082850167527795 0.0403000004589558
vn -0.8498287922184238 1.8177405539926834 5.5328966495925886
v 0.0742673203349113 -0.0088814301416278 0.0405000001192093
vn -1.8868298322607338 5.1259009581185850 2.3370579740500355
v 0.0741805434226990 -0.0087012359872460 0.0403000004589558
vn -3.2053709843026592 4.5430108682010850 2.1941053771639289
v 0.0742797181010246 -0.0086488211527467 0.0403000004589558
vn -0.4055651186792762 -5.4130925868586530 -2.2885323060454033
v 0.0585937686264515 -0.0534981600940228 0.0357000008225441
vn -1.5872524619593413 -5.2274721441511023 -2.3556394502363918
v 0.0614991486072540 -0.0539295300841331 0.0357000008225441
vn -1.0372421036214488 -2.0119086256220911 -2.2489633501805857
v 0.0641538798809052 -0.0551864132285118 0.0357000008225441
vn -0.5651109467048517 -1.0020204684996501 -4.3599851852489504
v 0.0642650797963142 -0.0550201758742332 0.0355000011622906
vn 0.0728411654550799 -2.2940458616412545 -5.2823290218040890
v 0.0809323936700821 -0.0597825720906258 0.0355000011622906
vn -0.9697847173890315 -2.0802653028467311 -5.2823210390595747
v 0.0680118501186371 -0.0571332499384880 0.0355000011622906
vn -0.6359954599296911 -2.2064167391313902 -5.2810655535920432
v 0.0721619054675102 -0.0586907826364040 0.0355000011622906
vn -0.2836582814465470 -2.2786659865160273 -5.2810619329133415
v 0.0765042677521706 -0.0595811717212200 0.0355000011622906
vn -0.1531479677288512 -2.1422084621527988 -5.4311970182533642
v 0.0585937686264515 -0.0532981604337692 0.0355000011622906
vn -0.5993679151601623 -1.9739724211838439 -5.4993716974609574
v 0.0615572556853294 -0.0537381544709206 0.0355000011622906
vn -0.4462313912639735 -0.9425058006932971 -1.0314870149862463
v 0.0642650797963142 -0.0550201795995235 0.0355000011622906
vn -0.0588216064917881 2.9157548870946846 -1.5118712102533463
v 0.0583495534956455 -0.0456979274749756 0.0382000021636486
vn -0.0443026823236604 2.5309196479077372 -4.9401163116230435
v 0.0583495534956455 -0.0470979250967503 0.0355000011622906
vn 1.2634576016720063 2.6235965986161522 -1.5099086486946518
v 0.0576119534671307 -0.0455295741558075 0.0382000021636486
vn 1.1085127594291913 2.3018500191744051 -4.9151300231870909
v 0.0570045150816441 -0.0467909276485443 0.0355000011622906
vn 2.2766685842569934 1.8155885680265664 -1.5099102843073662
v 0.0570204406976700 -0.0450578592717648 0.0382000021636486
vn 1.9974682866868374 1.5929291574767930 -4.9151325749014365
v 0.0559258759021759 -0.0459307432174683 0.0355000011622906
vn 2.8389627564522169 0.6479771295850656 -1.5099106541460170
v 0.0566921755671501 -0.0443762131035328 0.0382000021636486
vn 2.4908040342793560 0.5685093578689873 -4.9151314925849920
v 0.0553272776305676 -0.0446877405047417 0.0355000011622906
vn 2.8389628612536213 -0.6479781152517868 -1.5099096213644785
v 0.0566921755671501 -0.0436196401715279 0.0382000021636486
vn 2.4908044175826403 -0.5685086143928133 -4.9151314475564440
v 0.0553272776305676 -0.0433081127703190 0.0355000011622906
vn 2.2766695776204622 -1.8155869009497230 -1.5099108389632023
v 0.0570204406976700 -0.0429379940032959 0.0382000021636486
vn 1.9974675313625356 -1.5929266483443145 -4.9151354609783118
v 0.0559258759021759 -0.0420651063323021 0.0355000011622906
vn 1.2634574273180643 -2.6235954115872469 -1.5099119089572357
v 0.0576119534671307 -0.0424662791192532 0.0382000021636486
vn 1.1085119848519756 -2.3018487060102295 -4.9151322829922384
v 0.0570045150816441 -0.0412049219012260 0.0355000011622906
vn -0.0588229124168844 -2.9157540128529695 -1.5118735360111673
v 0.0583495534956455 -0.0422979258000851 0.0382000021636486
vn -0.0443075017279104 -2.5309153994875517 -4.9401212248793458
v 0.0583495534956455 -0.0408979244530201 0.0355000011622906
vn -1.2534857243050892 2.1711050649674881 -4.9651065076786312
v 0.0598995536565781 -0.0466826073825359 0.0355000011622906
vn -1.3923716449775083 2.5710014022728696 -1.4692648231809715
v 0.0591995529830456 -0.0454701706767082 0.0382000021636486
vn -2.1728668198229508 1.2540081248226913 -4.9618460476922870
v 0.0610342323780060 -0.0455479286611080 0.0355000011622906
vn -2.5810058086130159 1.2989926597346255 -1.4269621193537150
v 0.0598217993974686 -0.0448479242622852 0.0382000021636486
vn -2.5220881425716302 0.0128978242263669 -4.9427873202849009
v 0.0614495538175106 -0.0439979285001755 0.0355000011622906
vn -2.8661966620560904 0.0000016244807524 -1.4861729711947378
v 0.0600495561957359 -0.0439979285001755 0.0382000021636486
vn -2.1905804948904675 -1.2672426847533786 -4.9314165595627166
v 0.0610342323780060 -0.0424479283392429 0.0355000011622906
vn -1.3538928849856944 -2.5785006319493187 -1.5088842033876286
v 0.0591995529830456 -0.0425256825983524 0.0382000021636486
vn -1.2490464028804606 -2.1855609557946103 -4.9507329745999353
v 0.0598995536565781 -0.0413132496178150 0.0355000011622906
vn -2.5361212083670557 -1.3362010160672981 -1.4852637562477946
v 0.0598217993974686 -0.0431479252874851 0.0382000021636486
vn -2.2213630194642517 -1.2806231126589509 -4.9050924814560561
v 0.1043355017900467 -0.0424479357898235 0.0355000011622906
vn -2.5484040610295393 -0.2141320570947100 -4.9123912223747199
v 0.1047387570142746 -0.0437246747314930 0.0355000011622906
vn -2.3825636391750136 0.9129509887769482 -4.9187710381303962
v 0.1045455858111382 -0.0451071448624134 0.0355000011622906
vn -1.7404782509464951 1.8656958584202334 -4.9187721980608412
v 0.1037654653191566 -0.0462647117674351 0.0355000011622906
vn -0.7454930062251853 2.4401489960798730 -4.9187720716503929
v 0.1025565788149834 -0.0469626598060131 0.0355000011622906
vn 0.4006527406275109 2.5198315812088827 -4.9187748460792955
v 0.1011640429496765 -0.0470594763755798 0.0355000011622906
vn 1.4596504781104265 2.0999187334183964 -4.9123867353653079
v 0.0998702049255371 -0.0465355254709721 0.0355000011622906
vn 1.0992322726941275 1.0062601104070938 -0.7544936589763611
v 0.1001785770058632 -0.0448479317128658 0.0381999984383583
vn 2.2203284620407917 1.2706802047773413 -4.9114868671444434
v 0.0989661440253258 -0.0455479323863983 0.0355000011622906
vn 1.4282783736854989 0.4384598785373415 -0.7550469311620696
v 0.1001785844564438 -0.0448479317128658 0.0381999984383583
vn 2.5465391355158342 0.1839406406283258 -4.9169543708089396
v 0.0985588803887367 -0.0442212708294392 0.0355000011622906
vn 2.3716271568432541 -0.9455662643019969 -4.9169505770257098
v 0.0987712591886520 -0.0428498499095440 0.0355000011622906
vn 1.7214231510031412 -1.8855739551497206 -4.9169562943899479
v 0.0995607152581215 -0.0417085103690624 0.0355000011622906
vn 0.7262372827133597 -2.4477072526757695 -4.9169552112223123
v 0.1007690429687500 -0.0410259850323200 0.0355000011622906
vn -0.4144917563174036 -2.5193042216699890 -4.9169537891127826
v 0.1021540910005569 -0.0409390553832054 0.0355000011622906
vn -1.4662579859066225 -2.0973485149620572 -4.9105702803527498
v 0.1034382730722427 -0.0414651408791542 0.0355000011622906
vn -2.2198283081589807 1.2816153339455927 -1.3290840100434431
v 0.0826848670840263 -0.0580479279160500 0.0354999974370003
vn -1.4596490953715020 2.0999107512402340 -1.3260379309966650
v 0.0817808136343956 -0.0590355247259140 0.0354999974370003
vn -0.4006485294157973 2.5198376102786773 -1.3229925310953410
v 0.0804869681596756 -0.0595594719052315 0.0354999974370003
vn 0.7454938458605282 2.4401512920775534 -1.3229929272195333
v 0.0790944322943687 -0.0594626553356647 0.0354999974370003
vn 1.9868398405010439 2.1297872147504107 -1.5102632685683992
v 0.0788405463099480 -0.0577410012483597 0.0381999984383583
vn 1.7404799877953714 1.8656929389373724 -1.3229926163201657
v 0.0778855383396149 -0.0587647035717964 0.0354999974370003
vn 2.3825672501151107 0.9129456075860902 -1.3229944893025893
v 0.0771054252982140 -0.0576071403920650 0.0354999974370003
vn 2.5484028067040301 -0.2141311735640350 -1.3260389664095753
v 0.0769122540950775 -0.0562246665358543 0.0354999974370003
vn 2.2198245385135240 -1.2816180433313678 -1.3290817840668852
v 0.0773155093193054 -0.0549479275941849 0.0354999974370003
vn 1.6602629029385947 -2.3916742225712517 -1.5096227348127045
v 0.0790237188339233 -0.0551063418388367 0.0381999984383583
vn 1.4596454978304418 -2.0999176790263245 -1.3260370274090130
v 0.0782195702195168 -0.0539603307843208 0.0354999974370003
vn 0.4573580525419776 -2.8765183884505205 -1.5102604493837797
v 0.0797332450747490 -0.0548190176486969 0.0381999984383583
vn 0.4006480189235875 -2.5198379899751693 -1.3229926839674664
v 0.0795134082436562 -0.0534363873302937 0.0354999974370003
vn -0.8510207971570932 -2.7855520881704621 -1.5102607899198832
v 0.0804968923330307 -0.0548721104860306 0.0381999984383583
vn -0.7454919137266036 -2.4401530106002296 -1.3229942047165830
v 0.0809059441089630 -0.0535332038998604 0.0354999974370003
vn -1.7404765249879266 -1.8656914747387920 -1.3229929471665069
v 0.0821148380637169 -0.0542311519384384 0.0354999974370003
vn -2.3825696596017627 -0.9129470303223043 -1.3229928307627512
v 0.0828949511051178 -0.0553887188434601 0.0354999974370003
vn -2.9013824315734986 0.2419973936111388 -1.5096217398366538
v 0.0816935747861862 -0.0566477812826633 0.0381999984383583
vn -2.5484044689839784 0.2141326437579657 -1.3260357728446999
v 0.0830881223082542 -0.0567711889743805 0.0354999974370003
vn 2.2198242645950432 -1.2816189498799542 -1.3290816779501504
v 0.0773155167698860 -0.0049479301087558 0.0354999974370003
vn 1.4596486152206833 -2.0999175211737895 -1.3260379566784042
v 0.0782195776700974 -0.0039603337645531 0.0354999974370003
vn 0.4006503569297911 -2.5198350888571053 -1.3229930753717785
v 0.0795134156942368 -0.0034363865852356 0.0354999974370003
vn -0.7454927551971414 -2.4401517223705387 -1.3229942714560312
v 0.0809059515595436 -0.0035332033876330 0.0354999974370003
vn -1.9868364686937807 -2.1297896824891787 -1.5102648033747186
v 0.0811598375439644 -0.0052548577077687 0.0381999984383583
vn -1.7404784121799897 -1.8656924831798842 -1.3229925191561183
v 0.0821148455142975 -0.0042311535216868 0.0354999974370003
vn -2.7198216236377135 -1.0421671712103342 -1.5102646395094212
v 0.0815876498818398 -0.0058896527625620 0.0381999984383583
vn -2.3825683823434431 -0.9129450807221585 -1.3229943673205851
v 0.0828949585556984 -0.0053887185640633 0.0354999974370003
vn -2.5484025366828016 0.2141312526120492 -1.3260387359557853
v 0.0830881297588348 -0.0067711905576289 0.0354999974370003
vn -2.2198243404951574 1.2816188653201839 -1.3290812326680561
v 0.0826848745346069 -0.0080479281023145 0.0354999974370003
vn -1.6602651825370336 2.3916728058140233 -1.5096211852224042
v 0.0809766650199890 -0.0078895147889853 0.0381999984383583
vn -1.4596503340249098 2.0999180805951472 -1.3260376416115420
v 0.0817808136343956 -0.0090355239808559 0.0354999974370003
vn -0.4573622012870956 2.8765176360601350 -1.5102615619897430
v 0.0802671387791634 -0.0081768408417702 0.0381999984383583
vn -0.4006518789491330 2.5198341402986042 -1.3229927652463593
v 0.0804869756102562 -0.0095594730228186 0.0354999974370003
vn 0.8510207092128348 2.7855515171139160 -1.5102624150781268
v 0.0795034915208817 -0.0081237480044365 0.0381999984383583
vn 0.7454925767397582 2.4401513636426406 -1.3229948128259781
v 0.0790944397449493 -0.0094626564532518 0.0354999974370003
vn 1.7404780789634153 1.8656911947290822 -1.3229929102684337
v 0.0778855457901955 -0.0087647065520287 0.0354999974370003
vn 2.3825702599762981 0.9129464988965114 -1.3229922828380936
v 0.0771054327487946 -0.0076071391813457 0.0354999974370003
vn 2.9013823392521543 -0.2419963062213848 -1.5096217649837134
v 0.0783068090677261 -0.0063480772078037 0.0381999984383583
vn 2.5484043485328156 -0.2141334051969628 -1.3260355739445779
v 0.0769122615456581 -0.0062246671877801 0.0354999974370003
vn -0.0588224395752425 2.9157545494150972 -1.5118720168708908
v 0.1016508266329765 -0.0206979326903820 0.0382000021636486
vn -0.0443059247802176 2.5309183031840163 -4.9401180910008904
v 0.1016508266329765 -0.0220979321748018 0.0355000011622906
vn 1.2634614040074974 2.6235942217168118 -1.5099112744546517
v 0.1009132266044617 -0.0205295793712139 0.0382000021636486
vn 1.1085123853469332 2.3018455696233917 -4.9151351935455176
v 0.1003057882189751 -0.0217909365892410 0.0355000011622906
vn 2.2766710571647399 1.8155843167767740 -1.5099109791202749
v 0.1003217175602913 -0.0200578644871712 0.0382000021636486
vn 1.9974706468811849 1.5929294445431155 -4.9151307060817739
v 0.0992271527647972 -0.0209307502955198 0.0355000011622906
vn 2.8389616775524948 0.6479778425220223 -1.5099130708397737
v 0.0999934524297714 -0.0193762183189392 0.0382000021636486
vn 2.4908007632161762 0.5685107949264520 -4.9151352884765007
v 0.0986285507678986 -0.0196877457201481 0.0355000011622906
vn 2.8389617902803721 -0.6479757290566538 -1.5099136157037991
v 0.0999934524297714 -0.0186196472495794 0.0382000021636486
vn 2.4908000458646691 -0.5685115049057750 -4.9151359576133711
v 0.0986285507678986 -0.0183081161230803 0.0355000011622906
vn 2.2766700520515295 -1.8155857629192222 -1.5099120347331114
v 0.1003217175602913 -0.0179379992187023 0.0382000021636486
vn 1.9974690756817355 -1.5929307534949324 -4.9151311931419288
v 0.0992271527647972 -0.0170651134103537 0.0355000011622906
vn 1.2634593495295297 -2.6235947383467835 -1.5099117245687705
v 0.1009132266044617 -0.0174662861973047 0.0382000021636486
vn 1.1085118738621202 -2.3018469106257911 -4.9151340137521844
v 0.1003057882189751 -0.0162049289792776 0.0355000011622906
vn -0.0588234968945472 -2.9157543958951289 -1.5118724622760735
v 0.1016508266329765 -0.0172979328781366 0.0382000021636486
vn -0.0443052707576514 -2.5309189764819426 -4.9401174167131927
v 0.1016508266329765 -0.0158979333937168 0.0355000011622906
vn -1.2534878662961513 2.1711045860862335 -4.9651060028274214
v 0.1032008305191994 -0.0216826107352972 0.0355000011622906
vn -1.3923710429646103 2.5710016652668743 -1.4692649825708473
v 0.1025008261203766 -0.0204701758921146 0.0382000021636486
vn -2.1728658641105749 1.2540033367647516 -4.9618500498356468
v 0.1043355092406273 -0.0205479320138693 0.0355000011622906
vn -2.5810007447373673 1.2989962326907003 -1.4269574056922050
v 0.1031230688095093 -0.0198479332029819 0.0382000021636486
vn -2.5220907060631008 0.0128991704253801 -4.9427847644784171
v 0.1047508269548416 -0.0189979318529367 0.0355000011622906
vn -2.8661846301563116 -0.0000008120977262 -1.4861706870247406
v 0.1033508256077766 -0.0189979318529367 0.0382000021636486
vn -2.1905790541908310 -1.2672399185744201 -4.9314198946827270
v 0.1043355092406273 -0.0174479316920042 0.0355000011622906
vn -1.3538872948351117 -2.5785021962983610 -1.5088863952444971
v 0.1025008261203766 -0.0175256896764040 0.0382000021636486
vn -1.2490399252565370 -2.1855592427726380 -4.9507386821785602
v 0.1032008305191994 -0.0163132529705763 0.0355000011622906
vn -2.5361126337130484 -1.3361928148523019 -1.4852666215055934
v 0.1031230688095093 -0.0181479323655367 0.0382000021636486
vn 2.2213590292037875 1.2806209620768552 -4.9050978690939981
v 0.0556648783385754 -0.0205479245632887 0.0355000011622906
vn 2.9013813728186864 0.2419951628592264 -1.5096249256046850
v 0.0566561743617058 -0.0191477779299021 0.0381999984383583
vn 2.5484067428503998 0.2141321174408332 -4.9123885352657108
v 0.0552616268396378 -0.0192711856216192 0.0355000011622906
vn 2.3825626796636703 -0.9129463445335841 -4.9187741811772279
v 0.0554547943174839 -0.0178887154906988 0.0355000011622906
vn 1.7404799890854572 -1.8656954362470113 -4.9187712015287488
v 0.0562349148094654 -0.0167311485856771 0.0355000011622906
vn 0.7454923637592704 -2.4401476380429696 -4.9187736065316283
v 0.0574438013136387 -0.0160331986844540 0.0355000011622906
vn -0.4006524206688438 -2.5198348989057258 -4.9187710206321196
v 0.0588363409042358 -0.0159363839775324 0.0355000011622906
vn -1.4596503479861500 -2.0999131865279694 -4.9123920515628079
v 0.0601301826536655 -0.0164603330194950 0.0355000011622906
vn -0.9681848581615323 -0.8862872570349174 -4.2495477694734269
v 0.0610342398285866 -0.0174479298293591 0.0355000011622906
vn -1.2521474105436980 -0.3843915496060550 -0.6619342829158732
v 0.0610342361032963 -0.0174479261040688 0.0355000011622906
vn -2.5465378497749063 -0.1839412215697762 -4.9169537422598228
v 0.0614415034651756 -0.0187745895236731 0.0355000011622906
vn -2.3716245718456817 0.9455673125363639 -4.9169530886952799
v 0.0612291246652603 -0.0201460085809231 0.0355000011622906
vn -1.7214214320242074 1.8855778432965531 -4.9169540483522924
v 0.0604396648705006 -0.0212873481214046 0.0355000011622906
vn -0.7262376011768723 2.4477097842676896 -4.9169521606049642
v 0.0592313371598721 -0.0219698715955019 0.0355000011622906
vn 0.4144875040483066 2.5193044899669745 -4.9169543043780095
v 0.0578462965786457 -0.0220568031072617 0.0355000011622906
vn 1.4662552986575346 2.0973525501758790 -4.9105681326414787
v 0.0565621107816696 -0.0215307176113129 0.0355000011622906
vn 1.1165948033197615 1.8134348820098571 -5.4457928199952290
v 0.0688584893941879 -0.0495340712368488 0.0355000011622906
vn 1.4638356897705957 1.4567427715587049 -5.4975141293427185
v 0.0657778084278107 -0.0472193732857704 0.0355000011622906
vn 3.8932943388594667 3.8350356721722929 -2.3528730269137323
v 0.0659119784832001 -0.0470710583031178 0.0357000008225441
vn 2.3062259902189326 5.1160275781798408 -2.0351290523783598
v 0.0724515393376350 -0.0510943010449409 0.0357000008225441
vn 0.7046306899719872 2.0479948143804134 -5.4133467852905612
v 0.0727688372135162 -0.0514264889061451 0.0355000011622906
vn 2.6084363313619598 4.7543665583034667 -2.2472315677552688
v 0.0689963251352310 -0.0493840947747231 0.0357000008225441
vn 3.0469003924964460 4.4651601209708964 -2.2649748145640562
v 0.0689635947346687 -0.0493639186024666 0.0357000008225441
vn 1.6571871335832351 5.1449332071710998 -2.2654017964741469
v 0.0728370547294617 -0.0512384846806526 0.0357000008225441
vn 1.2943438774392169 5.6351695944467695 -1.7972766790026007
v 0.0761611685156822 -0.0521440394222736 0.0357000008225441
vn 0.2734370912933665 2.1547897120581938 -5.4088814218047432
v 0.0769828334450722 -0.0524821020662785 0.0355000011622906
vn 0.6316828605553566 5.3678127656088428 -2.2657990900509763
v 0.0770113021135330 -0.0522841401398182 0.0357000008225441
vn 0.0425926141140916 2.1684991704550978 -5.4127302452412929
v 0.0800001919269562 -0.0526979304850101 0.0355000011622906
vn 0.1097376149483243 5.4078296239212076 -2.2710049856788861
v 0.0800001919269562 -0.0524979308247566 0.0357000008225441
vn -0.1818109349817973 2.1600555517409274 -5.4137249669204710
v 0.0813235267996788 -0.0526565872132778 0.0355000011622906
vn -2.2065469668524296 5.4413504883409596 -1.6486028355331868
v 0.0885416567325592 -0.0506823845207691 0.0357000008225441
vn -1.0242054256759134 1.9086826728309865 -5.4143633075468056
v 0.0896582826972008 -0.0503701642155647 0.0355000011622906
vn -0.6107822631516834 2.0783770487377349 -5.4142966941588586
v 0.0856086537241936 -0.0519426129758358 0.0355000011622906
vn -0.4528507029390757 5.3907977962285258 -2.2719486291881985
v 0.0813110470771790 -0.0524569787085056 0.0357000008225441
vn -1.0471578596213011 5.8016450324272055 -1.6061045753952337
v 0.0843663364648819 -0.0520390309393406 0.0357000008225441
vn -1.5531092098934596 5.1821057965390267 -2.2718899533755379
v 0.0855557471513748 -0.0517497397959232 0.0357000008225441
vn -4.1681246095194027 4.0580852275671289 -1.7408422086306941
v 0.0956062301993370 -0.0455496758222580 0.0357000008225441
vn -1.7039218513473833 1.3367283851277889 -5.4145852482901953
v 0.0963878855109215 -0.0449472218751907 0.0355000011622906
vn -1.3938086874111084 1.6578374480097096 -5.4144826947965026
v 0.0933023691177368 -0.0480052679777145 0.0355000011622906
vn -2.5868203528389762 4.7513486162288254 -2.2718344445026344
v 0.0895671695470810 -0.0501921251416206 0.0357000008225441
vn -3.2619532969388683 4.8509816079678183 -1.6936111608623139
v 0.0923436805605888 -0.0484872907400131 0.0357000008225441
vn -3.5097045030086025 4.1169406525379930 -2.2718028648820487
v 0.0931768715381622 -0.0478495359420776 0.0357000008225441
vn -5.3883910073558754 2.0171539661089004 -1.8405792476190865
v 0.0999723747372627 -0.0379872880876064 0.0357000008225441
vn -2.0962216235306719 0.5412636624790073 -5.4149938758199045
v 0.1003938913345337 -0.0372890345752239 0.0355000011622906
vn -1.9413665670935947 0.9591081452117334 -5.4147705913654631
v 0.0987852886319160 -0.0413244366645813 0.0355000011622906
vn -4.2822375828253172 3.3061588644347113 -2.2717060387399060
v 0.0962332859635353 -0.0448203384876251 0.0357000008225441
vn -4.8867992150532027 3.0990109256597340 -1.7899620627103139
v 0.0981867238879204 -0.0419979318976402 0.0357000008225441
vn -4.8712711328005041 2.3536613030356008 -2.2716360855368944
v 0.0986080691218376 -0.0412317328155041 0.0357000008225441
vn -5.2516172894259165 1.3003051982683718 -2.2715166626160812
v 0.1002015024423599 -0.0372344031929970 0.0357000008225441
vn -5.6531846917588977 0.8608965906236724 -1.8923513822253426
v 0.1008851528167725 -0.0336930304765701 0.0357000008225441
vn -2.1550908839868903 0.0865299869550460 -5.4219839137260166
v 0.1011461690068245 -0.0330104641616344 0.0355000011622906
vn -5.4145338286294002 0.1746889852586964 -2.2633662498504910
v 0.1009466722607613 -0.0329961962997913 0.0357000008225441
vn -2.1277334203960594 -0.3496502020762799 -5.4220233842377965
v 0.1010105162858963 -0.0286683831363916 0.0355000011622906
vn -5.7287946709803466 -0.2876325565267238 -1.8652364974842428
v 0.1008851528167725 -0.0293028354644775 0.0357000008225441
vn -5.3340183950034366 -0.9413784163678149 -2.2644133117253822
v 0.1008123010396957 -0.0286950767040253 0.0357000008225441
vn -2.0213846420347199 -0.7658944671941288 -5.4172479293979432
v 0.0999926328659058 -0.0244451127946377 0.0355000011622906
vn -5.4934937292504626 -1.4532767124088939 -1.9417792858247924
v 0.0999723821878433 -0.0250085759907961 0.0357000008225441
vn -5.0256646258643283 -2.0039380873354866 -2.2712401545707968
v 0.0998040288686752 -0.0245116483420134 0.0357000008225441
vn -1.9207633710350083 -1.0087887045026886 -5.4121166582543996
v 0.0983599349856377 -0.0208979323506355 0.0355000011622906
vn -4.7926277130379287 -2.5089906696006508 -2.2702566633920038
v 0.0981867238879204 -0.0209979321807623 0.0357000008225441
vn -1.7991350341324495 -1.2030616417520421 -5.4167857993472026
v 0.0981352701783180 -0.0205179937183857 0.0355000011622906
vn -4.5035883202515876 -3.0060111897175621 -2.2665095545469720
v 0.0979641824960709 -0.0206215772777796 0.0357000008225441
vn -1.5406065918459118 -1.5050298260466275 -5.4236950951697001
v 0.0955164059996605 -0.0170519240200520 0.0355000011622906
vn -4.3496440774441307 -3.4915507379641841 -2.0789038246971994
v 0.0956062376499176 -0.0174461882561445 0.0357000008225441
vn -3.7891980014709334 -3.8665786545774097 -2.2675498416428779
v 0.0953700244426727 -0.0171882063150406 0.0357000008225441
vn -1.2059744131012029 -1.7803678850466320 -5.4265085704147902
v 0.0922460183501244 -0.0141924433410168 0.0355000011622906
vn -3.4966319560601162 -4.2815352025781728 -2.1388662819391118
v 0.0923436880111694 -0.0145085733383894 0.0357000008225441
vn -2.9134144838098495 -4.5618496195762148 -2.2686075048106398
v 0.0921304896473885 -0.0143557041883469 0.0357000008225441
vn -0.8255689607824979 -1.9787137786922107 -5.4320665929403411
v 0.0884614214301109 -0.0120596261695027 0.0355000011622906
vn -2.5049133606930392 -4.8759841584504882 -2.1919156770333310
v 0.0885416641831398 -0.0123134749010205 0.0357000008225441
vn -1.9136583359473984 -5.0622727367960572 -2.2696438401242633
v 0.0883815959095955 -0.0122430054470897 0.0357000008225441
vn -0.4173513827885446 -2.0912830931164859 -5.4424855925506375
v 0.0843215361237526 -0.0107430266216397 0.0355000011622906
vn -0.0293403209093448 -5.4397839014638816 -2.3135293634151597
v 0.0800001919269562 -0.0104979295283556 0.0357000008225441
vn -0.0108875529335179 -2.1191852551060992 -5.4553381751185679
v 0.0800001919269562 -0.0102979298681021 0.0355000011622906
vn -0.8325831893069535 -5.3465438283578077 -2.2706915346027268
v 0.0842807665467262 -0.0109388278797269 0.0357000008225441
vn -1.4173143291405421 -5.2537483171014836 -2.2362443838220170
v 0.0843663364648819 -0.0109568303450942 0.0357000008225441
vn 4.9765486229643354 2.2836457147025215 -2.3981875769917753
v 0.0656739771366119 -0.0467465482652187 0.0357000008225441
vn 1.8164287710118745 0.8335284505844007 -5.5453764854468348
v 0.0654921978712082 -0.0468299612402916 0.0355000011622906
vn 5.4738008741191022 0.1369481758100604 -2.3981821617059369
v 0.0655831620097160 -0.0463544875383377 0.0357000008225441
vn 1.9979443799313861 0.0499776031854897 -5.5453559140987085
v 0.0653832256793976 -0.0463594906032085 0.0355000011622906
vn 5.0845289442093842 -2.0319958828378715 -2.3981626285806055
v 0.0656542554497719 -0.0459583811461926 0.0357000008225441
vn 1.8558662217926576 -0.7416851033112928 -5.5453445244936095
v 0.0654685422778130 -0.0458841584622860 0.0355000011622906
vn 4.2296535132239788 -3.4343196054348857 -2.3098284930401869
v 0.0658757463097572 -0.0456223748624325 0.0357000008225441
vn 1.6371279732552608 -1.3468155328666338 -5.4542290853462427
v 0.0657343193888664 -0.0454809516668320 0.0355000011622906
vn 4.1118703380666028 -3.2010020692926284 -2.0794677354268387
v 0.0663586035370827 -0.0451395139098167 0.0357000008225441
vn 1.8680848470252815 -1.4230110469495125 -5.2155746540690888
v 0.0662171840667725 -0.0449980907142162 0.0355000011622906
vn 1.9716725337619285 1.2084470586159719 -5.2637218686765443
v 0.0662457048892975 -0.0438967607915401 0.0355000011622906
vn 4.4873648806412749 2.8042222550528288 -2.1272530342768805
v 0.0663942620158195 -0.0437628515064716 0.0357000008225441
vn 4.8509071625111959 1.1218538779331939 -1.9374851439278533
v 0.0666257813572884 -0.0442070849239826 0.0357000008225441
vn 2.3703119131367392 0.5481819713422874 -5.0681072690053091
v 0.0664309263229370 -0.0442521497607231 0.0355000011622906
vn 4.7863315135719979 -1.3714736135698193 -1.9374853971267720
v 0.0666128098964691 -0.0447078607976437 0.0357000008225441
vn 2.3387464673429066 -0.6701504466150870 -5.0681242460779714
v 0.0664205476641655 -0.0446527712047100 0.0355000011622906
vn 4.7023794679434614 2.7421771021812837 -2.3194296936991745
v 0.0641980096697807 -0.0407629571855068 0.0357000008225441
vn 1.8241200435083265 1.0643550966353872 -5.4612701945444302
v 0.0640254765748978 -0.0408641174435616 0.0355000011622906
vn 5.1716248555984778 1.7025081774359396 -2.3222330953024750
v 0.0626016035676003 -0.0372284539043903 0.0357000008225441
vn 2.0036507089430122 0.6599371637376694 -5.4632055751609112
v 0.0624116472899914 -0.0372910238802433 0.0355000011622906
vn 5.4140565335295356 0.5753636397975721 -2.3232076088143363
v 0.0617851056158543 -0.0334370769560337 0.0357000008225441
vn 2.0976679530914848 0.2233136532103130 -5.4632171651488761
v 0.0615862309932709 -0.0334582477807999 0.0355000011622906
vn 5.4137249374487446 -0.5775449737693943 -2.3241874968965259
v 0.0617851056158543 -0.0295587759464979 0.0357000008225441
vn 2.0976660112788061 -0.2233154756196332 -5.4632186883345906
v 0.0615862309932709 -0.0295376032590866 0.0355000011622906
vn 5.1706179130157199 -1.7045135466886563 -2.3252057549940233
v 0.0626016110181808 -0.0257673989981413 0.0357000008225441
vn 2.0036162259554291 -0.6599263324552431 -5.4632385897177835
v 0.0624116472899914 -0.0257048308849335 0.0355000011622906
vn 4.7009285665747376 -2.7437513663577668 -2.3240786942725249
v 0.0641980171203613 -0.0222328957170248 0.0357000008225441
vn 1.8241258539126981 -1.0643567654971335 -5.4612649017505230
v 0.0640254840254784 -0.0221317373216152 0.0355000011622906
vn 4.4889253200969756 -2.8021326784477272 -2.1300051818768684
v 0.0663942620158195 -0.0192330051213503 0.0357000008225441
vn 1.9716996368145399 -1.2084523323376062 -5.2636932367754596
v 0.0662457123398781 -0.0190990921109915 0.0355000011622906
vn 1.8680617795032359 1.4229993570226711 -5.2156044223358080
v 0.0662171840667725 -0.0179977621883154 0.0355000011622906
vn 4.1118438653159135 3.2009884389291257 -2.0794825945519682
v 0.0663586109876633 -0.0178563408553600 0.0357000008225441
vn 4.7863254244649518 1.3714724487333874 -1.9374923587848447
v 0.0666128173470497 -0.0182879958301783 0.0357000008225441
vn 2.3387491665003148 0.6701565970645218 -5.0681129279210593
v 0.0664205551147461 -0.0183430854231119 0.0355000011622906
vn 4.8508609235623936 -1.1218762222872503 -1.9375003095430436
v 0.0666257888078690 -0.0187887717038393 0.0357000008225441
vn 2.3702666662098548 -0.5481946074542425 -5.0681667557308971
v 0.0664309263229370 -0.0187437068670988 0.0355000011622906
vn 4.2321829490064626 3.4319141424603306 -2.3102509595826577
v 0.0658757463097572 -0.0173734799027443 0.0357000008225441
vn 1.6374337384275350 1.3455496064925296 -5.4546828464171817
v 0.0657343268394470 -0.0175149012356997 0.0355000011622906
vn 5.0895538834854568 2.0195554694387186 -2.3992266170000232
v 0.0656533613801003 -0.0170352142304182 0.0357000008225441
vn 1.8562932379371775 0.7366258768911631 -5.5463539006599154
v 0.0654674619436264 -0.0171089842915535 0.0355000011622906
vn 5.4731303525530501 -0.1636829510909458 -2.3995373817661378
v 0.0655832961201668 -0.0166365057229996 0.0357000008225441
vn 1.9962433485588460 -0.0596621859553562 -5.5463320527414162
v 0.0653833895921707 -0.0166305303573608 0.0355000011622906
vn 4.9653863373027569 -2.3072725910366207 -2.3980983554678406
v 0.0656770467758179 -0.0162426885217428 0.0357000008225441
vn 1.8134963987221435 -0.8432948472179531 -5.5443983111857609
v 0.0654958784580231 -0.0161579530686140 0.0355000011622906
vn 3.8838927548696986 -3.8435658594294839 -2.3524579078873176
v 0.0659119859337807 -0.0159247964620590 0.0357000008225441
vn 0.8215672516924182 -0.6071996635050986 -4.4339015829802380
v 0.0657778158783913 -0.0157764796167612 0.0355000011622906
vn 0.6401764803208769 -0.8536511521659648 -1.0625341756307987
v 0.0657778084278107 -0.0157764814794064 0.0355000011622906
vn 2.8473533090244953 -4.6313441429662614 -2.3096984030323986
v 0.0689963325858116 -0.0136117599904537 0.0357000008225441
vn 1.1135218424319921 -1.8099691418143480 -5.4505170562839780
v 0.0688915327191353 -0.0134414155036211 0.0355000011622906
vn 1.9542788130618582 -5.0731402774067051 -2.3104551276329652
v 0.0724515467882156 -0.0119015546515584 0.0357000008225441
vn 0.7638768096211297 -1.9830250772319702 -5.4505212677322419
v 0.0723796486854553 -0.0117149231955409 0.0355000011622906
vn 0.9940990212613302 -5.3449704995878173 -2.3096097232580464
v 0.0761611759662628 -0.0108518172055483 0.0357000008225441
vn 0.3884858162652364 -2.0892711740775476 -5.4505040998025329
v 0.0761246159672737 -0.0106551889330149 0.0355000011622906
vn 0.0570163609650698 3.0486862765274481 2.6553946961152719
v 0.0864706635475159 -0.0571460761129856 0.0362999998033047
vn 1.5172717616935079 2.6279937365377268 2.6179932332836739
v 0.0857206657528877 -0.0569451153278351 0.0362999998033047
vn 2.6279956206192367 1.5172647301222804 2.6179885989384686
v 0.0851716250181198 -0.0563960745930672 0.0362999998033047
vn 3.0345502769795027 0.0000018840591382 2.6180056778361664
v 0.0849706679582596 -0.0556460767984390 0.0362999998033047
vn 2.6279923572507049 -1.5172666142391025 2.6179839646437939
v 0.0851716250181198 -0.0548960752785206 0.0362999998033047
vn 1.5172679935047646 -2.6279975047136874 2.6179966258397269
v 0.0857206657528877 -0.0543470382690430 0.0362999998033047
vn 0.0570163609650696 -3.0486862765274485 2.6553946961152710
v 0.0864706635475159 -0.0541460774838924 0.0362999998033047
vn -1.3289036644505317 -2.7595164727648043 2.6927987286534392
v 0.0871214866638184 -0.0542946234345436 0.0362999998033047
vn -2.3945625342022856 -1.9097308872956416 2.6941605403756759
v 0.0876434147357941 -0.0547108426690102 0.0362999998033047
vn -1.3289036644505317 2.7595164727648047 2.6927987286534392
v 0.0871214866638184 -0.0569975301623344 0.0362999998033047
vn -2.3946099981390550 1.9096411740948276 2.6927848781438408
v 0.0876434147357941 -0.0565813109278679 0.0362999998033047
vn -2.9860373266722675 0.6815379758593356 2.6927972415603949
v 0.0879330560564995 -0.0559798590838909 0.0362999998033047
vn -2.9860373266722675 -0.6815379758593355 2.6927972415603945
v 0.0879330560564995 -0.0553122945129871 0.0362999998033047
vn -0.0000004612694616 3.0376959510085575 2.6355371504978207
v 0.0735297203063965 -0.0088497819378972 0.0362999998033047
vn 1.5159140538718026 2.6336199950379529 2.6425551077467282
v 0.0727797225117683 -0.0086488211527467 0.0362999998033047
vn 2.6319599796609845 1.5218715551729298 2.6520632475338108
v 0.0722306817770004 -0.0080997822806239 0.0362999998033047
vn 3.0377109028595610 -0.0118764675833359 2.6389892300633520
v 0.0720297172665596 -0.0073497826233506 0.0362999998033047
vn 2.6281012952833267 -1.5171588583944644 2.6199843863141066
v 0.0722306817770004 -0.0065997829660773 0.0362999998033047
vn 1.5173536607977800 -2.6279705886028442 2.6191889441788647
v 0.0727797225117683 -0.0060507440939546 0.0362999998033047
vn 0.0059792901092762 -3.0361209177843320 2.6267658256347839
v 0.0735297203063965 -0.0058497833088040 0.0362999998033047
vn -1.5159150179628647 -2.6336187292020510 2.6425520210012023
v 0.0742797181010246 -0.0060507440939546 0.0362999998033047
vn -2.6319631449517900 -1.5218588807076880 2.6520536806455386
v 0.0748287588357925 -0.0065997834317386 0.0362999998033047
vn -3.0407928666862309 0.0000001071228906 2.6552500865866215
v 0.0750297158956528 -0.0073497830890119 0.0362999998033047
vn -2.6319625914808515 1.5218597012426713 2.6520536489158126
v 0.0748287588357925 -0.0080997822806239 0.0362999998033047
vn -1.5159145271565506 2.6336192133133194 2.6425524793195518
v 0.0742797181010246 -0.0086488211527467 0.0362999998033047
vn -1.8185005148205944 4.2336847857826285 -1.7536601834797971
v 0.0306999962776899 -0.0094981566071510 0.0357000008225441
vn -1.8185005148205946 4.2336847857826294 1.7536601834797971
v 0.0306999962776899 -0.0094981566071510 0.0403000004589558
vn 0.0000000000000000 0.0000000000000000 6.2831853071795845
v 0.0767649486660957 -0.0577719993889332 0.0405000001192093
vn 0.0000000000000000 0.0000000000000000 6.2831853071795862
v 0.0607658699154854 -0.0096738534048200 0.0405000001192093
vn 0.0000000000000000 0.0000000000000000 6.2831853071795880
v 0.1022755056619644 -0.0314979329705238 0.0405000001192093
vn 0.0000000000000000 0.0000000000000000 6.2831853071795862
v 0.0940607488155365 -0.0137979313731194 0.0405000001192093
vn 0.0000000000000000 0.0000000000000000 6.2831853071795880
v 0.0767649561166763 -0.0086238570511341 0.0405000001192093
vn 0.0000000000000000 0.0000000000000000 3.2057801378073769
v 0.0642645657062531 -0.0079760216176510 0.0405000001192093
vn 0.0000000000000000 0.0000000000000000 6.2831853071795880
v 0.0767649561166763 -0.0096738561987877 0.0405000001192093
vn 0.0000000000000000 0.0000000000000000 6.2831853071795871
v 0.0940607488155365 -0.0096738580614328 0.0405000001192093
vn 0.0000000000000000 0.0000000000000000 6.2831853071795862
v 0.0832354351878166 -0.0096738571301103 0.0405000001192093
vn 0.0000000000000000 0.0000000000000000 6.2831853071795880
v 0.0607658699154854 -0.0137979267165065 0.0405000001192093
vn 0.0000000000000000 0.0000000000000000 3.4344600075917358
v 0.0657778158783913 -0.0157764814794064 0.0405000001192093
vn 0.0000000000000000 0.0000000000000000 6.2831853071796067
v 0.0607658661901951 -0.0314979255199432 0.0405000001192093
vn 0.0000000000000000 0.0000000000000000 6.2831853071796138
v 0.0607658624649048 -0.0533219985663891 0.0405000001192093
vn 0.0000000000000000 0.0000000000000000 6.2831853071795871
v 0.0832354277372360 -0.0533220022916794 0.0405000001192093
vn 0.0000000000000000 0.0000000000000000 6.2831853071795818
v 0.0767649486660957 -0.0533220022916794 0.0405000001192093
vn 0.0000000000000000 0.0000000000000000 6.2831853071795774
v 0.0940607488155365 -0.0533220060169697 0.0405000001192093
vn 0.0000000000000000 0.0000000000000000 6.2831853071795880
v 0.0832354277372360 -0.0577720031142235 0.0405000001192093
vn -1.8185014859707267 1.7536503643231776 4.2337098430545419
v 0.0306999962776899 -0.0096981581300497 0.0405000001192093
vn -2.2214391213836095 0.0000002285404481 5.3630364703620597
v 0.0306999962776899 -0.0137979220598936 0.0405000001192093
vn 0.0000000000000000 0.0000000000000000 6.2831853071795871
v 0.0832354351878166 -0.0086238579824567 0.0405000001192093
vn 0.0000000000000000 0.0000000000000000 6.2831853071795862
v 0.0940607488155365 -0.0086238589137793 0.0405000001192093
vn -1.8184986576967941 -1.7536567223002257 4.2337012381721149
v 0.0306999906897545 -0.0532981567084789 0.0405000001192093
vn -2.2214362970457642 0.0000002859666814 5.3630392946903385
v 0.0306999944150448 -0.0314979217946529 0.0405000001192093
vn 0.0000000000000000 0.0000000000000000 -6.2831853071795800
v 0.0691911876201630 -0.0099479276686907 0.0355000011622906
vn 0.0000000000000000 0.0000000000000000 -6.2831853071795827
v 0.0908255130052567 -0.0099479313939810 0.0355000011622906
vn 0.0000000000000000 0.0000000000000000 -6.2831853071795880
v 0.0908255130052567 -0.0130979306995869 0.0355000011622906
vn 0.0000000000000000 0.0000000000000000 -6.2831853071795853
v 0.0614658631384373 -0.0530479252338409 0.0355000011622906
vn -1.8184986044346791 -1.7536568776752843 -4.2337012914342305
v 0.0306999906897545 -0.0532981567084789 0.0355000011622906
vn -2.2214414690791831 0.0000000000000000 -5.3630341226689842
v 0.0306999906897545 -0.0530479215085506 0.0355000011622906
vn 0.0000000000000000 0.0000000000000000 -6.2831853071795862
v 0.0908255055546761 -0.0498979315161705 0.0355000011622906
vn 0.0000000000000000 0.0000000000000000 -6.2831853071795658
v 0.0908255055546761 -0.0530479289591312 0.0355000011622906
vn 0.0000000000000000 0.0000000000000000 -6.2831853071795987
v 0.0614658705890179 -0.0130979260429740 0.0355000011622906
vn 0.0000000000000000 0.0000000000000000 -6.2831853071795871
v 0.0691911876201630 -0.0130979269742966 0.0355000011622906
vn 0.0000000000000000 0.0000000000000000 -6.2831853071795853
v 0.1029755100607872 -0.0314979329705238 0.0355000011622906
vn 0.0000000000000000 0.0000000000000000 -6.2831853071795898
v 0.0691911801695824 -0.0530479289591312 0.0355000011622906
vn 0.0000000000000000 0.0000000000000000 -6.2831853071795880
v 0.0691911801695824 -0.0498979277908802 0.0355000011622906
vn 0.0000000000000000 0.0000000000000000 -6.2831853071797319
v 0.0614658668637276 -0.0314979255199432 0.0355000011622906
vn 0.0000000000000000 0.0000000000000000 -6.2831853071795756
v 0.0614658631384373 -0.0498979277908802 0.0355000011622906
vn 0.0000000000000000 0.0000000000000000 -3.5957751316347246
v 0.0795134082436562 -0.0534363873302937 0.0355000011622906
vn 0.0000000000000000 0.0000000000000000 -3.5957732858936260
v 0.0809059441089630 -0.0535332038998604 0.0355000011622906
vn 0.0000000000000000 0.0000000000000000 -3.5957755970793324
v 0.0790944322943687 -0.0594626553356647 0.0355000011622906
vn 0.0000000000000000 0.0000000000000000 -3.5957776052474313
v 0.0804869681596756 -0.0595594719052315 0.0355000011622906
vn 0.0000000000000000 0.0000000000000000 -3.5957731327092652
v 0.0828949511051178 -0.0553887188434601 0.0355000011622906
vn 0.0000000000000000 0.0000000000000000 -3.5957840344156136
v 0.0821148380637169 -0.0542311519384384 0.0355000011622906
vn 0.0000000000000000 0.0000000000000000 -3.5863534971219360
v 0.0782195702195168 -0.0539603307843208 0.0355000011622906
vn 0.0000000000000000 0.0000000000000000 -3.5769273928952172
v 0.0773155093193054 -0.0549479275941849 0.0355000011622906
vn 0.0000000000000000 0.0000000000000000 -3.5863543847369099
v 0.0769122540950775 -0.0562246665358543 0.0355000011622906
vn 0.0000000000000000 0.0000000000000000 -3.5957749934742833
v 0.0771054252982140 -0.0576071403920650 0.0355000011622906
vn 0.0000000000000000 0.0000000000000000 -3.5957802317759411
v 0.0778855383396149 -0.0587647035717964 0.0355000011622906
vn 0.0000000000000000 0.0000000000000000 -3.5863510235092297
v 0.0817808061838150 -0.0590355247259140 0.0355000011622906
vn 0.0000000000000000 0.0000000000000000 -3.5769273928952172
v 0.0826848670840263 -0.0580479279160500 0.0355000011622906
vn 0.0000000000000000 0.0000000000000000 -3.5863547540479628
v 0.0830881223082542 -0.0567711889743805 0.0355000011622906
vn 0.0000000000000000 0.0000000000000000 -3.5957830652532707
v 0.0778855457901955 -0.0087647065520287 0.0355000011622906
vn 0.0000000000000000 0.0000000000000000 -3.5957744414872503
v 0.0790944397449493 -0.0094626564532518 0.0355000011622906
vn 0.0000000000000000 0.0000000000000000 -3.5957788420519270
v 0.0804869756102562 -0.0095594730228186 0.0355000011622906
vn 0.0000000000000000 0.0000000000000000 -3.5863548836381880
v 0.0830881297588348 -0.0067711905576289 0.0355000011622906
vn 0.0000000000000000 0.0000000000000000 -3.5957740630911932
v 0.0828949585556984 -0.0053887185640633 0.0355000011622906
vn 0.0000000000000000 0.0000000000000000 -3.5957819886467370
v 0.0821148455142975 -0.0042311535216868 0.0355000011622906
vn 0.0000000000000000 0.0000000000000000 -3.5957744195416330
v 0.0809059515595436 -0.0035332033876330 0.0355000011622906
vn 0.0000000000000000 0.0000000000000000 -3.5957777716421426
v 0.0795134156942368 -0.0034363865852356 0.0355000011622906
vn 0.0000000000000000 0.0000000000000000 -3.5863507886721258
v 0.0782195776700974 -0.0039603337645531 0.0355000011622906
vn 0.0000000000000000 0.0000000000000000 -3.5769272087375219
v 0.0773155167698860 -0.0049479301087558 0.0355000011622906
vn 0.0000000000000000 0.0000000000000000 -3.5863549883869927
v 0.0769122615456581 -0.0062246671877801 0.0355000011622906
vn 0.0000000000000000 0.0000000000000000 -3.5957731309337539
v 0.0771054327487946 -0.0076071391813457 0.0355000011622906
vn 0.0000000000000000 0.0000000000000000 -3.5769275483235514
v 0.0826848745346069 -0.0080479281023145 0.0355000011622906
vn 0.0000000000000000 0.0000000000000000 -3.5863493170304057
v 0.0817808136343956 -0.0090355239808559 0.0355000011622906
vn 0.0000000000000000 0.0000000000000000 -6.2831853071795871
v 0.0614658705890179 -0.0099479267373681 0.0355000011622906
vn -2.2214414690791831 0.0000000000000000 -5.3630341226689922
v 0.0306999962776899 -0.0099479220807552 0.0355000011622906
vn -1.8185014859707269 1.7536503643231776 -4.2337098430545428
v 0.0306999962776899 -0.0096981581300497 0.0355000011622906
vn -2.2214396041967666 0.0000002187887600 -5.3630359875498090
v 0.0306999962776899 -0.0130979213863611 0.0355000011622906
vn -2.2214362970447663 0.0000002862206087 -5.3630392946913386
v 0.0306999944150448 -0.0314979217946529 0.0355000011622906
vn -2.2214451993739139 0.0000004375803165 -5.3630303923679437
v 0.0306999906897545 -0.0498979240655899 0.0355000011622906
vn -1.8184988142188407 -4.2337012914342154 1.7536570112280172
v 0.0306999906897545 -0.0534981563687325 0.0403000004589558
vn -1.8184988142188412 -4.2337012914342163 -1.7536570112280172
v 0.0306999906897545 -0.0534981563687325 0.0357000008225441
vn -4.9805806759758422 -0.9278585973713244 -2.2400519961257110
v 0.0304999910295010 -0.0532153137028217 0.0357000008225441
vn -4.9805806762180023 -2.2400521249212844 -0.9278588112001125
v 0.0304999910295010 -0.0532981567084789 0.0357828438282013
vn -4.9805670511128648 0.9278813303702959 -2.2400496149622708
v 0.0304999966174364 -0.0097809992730618 0.0357000008225441
vn -4.9805806762180040 -2.2400521358462173 0.9278588085992256
v 0.0304999910295010 -0.0532981567084789 0.0402171574532986
vn -4.9805916091870621 2.2400480648130192 0.9278550007894357
v 0.0304999966174364 -0.0096981581300497 0.0402171574532986
vn -4.9805916091870639 2.2400480648130201 -0.9278550007894357
v 0.0304999966174364 -0.0096981581300497 0.0357828438282013
vn -4.9805670510772595 0.9278813295256966 2.2400496150004967
v 0.0304999966174364 -0.0097809992730618 0.0403000004589558
vn -4.9805805443375322 -0.9278584127548151 2.2400521690678881
v 0.0304999910295010 -0.0532153137028217 0.0403000004589558
vn 2.6179845319074948 0.0000014039645730 -3.0345416800797373
v 0.0434999987483025 -0.0229979250580072 0.0390065014362335
vn 2.6179964857034714 1.5172833400369101 -2.6279885785845858
v 0.0434999987483025 -0.0235011745244265 0.0388716533780098
vn 2.6180010193668659 2.6279952439386980 -1.5172739408219864
v 0.0434999987483025 -0.0238695777952671 0.0385032482445240
vn 2.6553922555431884 3.0486850449536940 -0.0570155674946796
v 0.0434999987483025 -0.0240044239908457 0.0379999987781048
vn 2.6927872465752847 -2.7595080892922805 1.3289118230030739
v 0.0434999987483025 -0.0220910981297493 0.0375632941722870
vn 2.6927971147184477 2.7595106265268718 1.3289131233575910
v 0.0434999987483025 -0.0239047482609749 0.0375632941722870
vn 2.6927929893996931 -0.6815439936853377 2.9860344286504747
v 0.0434999987483025 -0.0227739568799734 0.0370187349617481
vn 2.6927984588963918 -1.9096380557337396 2.3946185565481328
v 0.0434999987483025 -0.0223703812807798 0.0372130870819092
vn 2.6927929893996927 0.6815439936853376 2.9860344286504747
v 0.0434999987483025 -0.0232218913733959 0.0370187349617481
vn 2.6927967221465487 1.9096404896825936 2.3946155044896931
v 0.0434999987483025 -0.0236254669725895 0.0372130870819092
vn 2.6179955603811518 -1.5172819360723371 -2.6279889547827908
v 0.0434999987483025 -0.0224946737289429 0.0388716533780098
vn 2.6179980883917464 -2.6279955983305312 -1.5172724846682644
v 0.0434999987483025 -0.0221262704581022 0.0385032482445240
vn 2.6553945224846887 -3.0486860831461442 -0.0570231897139258
v 0.0434999987483025 -0.0219914242625237 0.0379999987781048
vn -4.6645367793504411 0.0000014428565989 -0.0081241300432925
v 0.0452358014881611 -0.0229979250580072 0.0379999987781048
vn -2.3085197025026942 2.1836980590559949 -3.7822524452221216
v 0.0446546971797943 -0.0235011745244265 0.0388716533780098
vn -2.3085106273958242 0.0000019477587339 -4.3673602878162079
v 0.0446546971797943 -0.0229979250580072 0.0390065014362335
vn -2.3085129077485842 3.7822544326958107 -2.1836823911422156
v 0.0446546971797943 -0.0238695796579123 0.0385032482445240
vn -2.3389772688410413 4.3991017648309079 -0.0794635114273228
v 0.0446546971797943 -0.0240044239908457 0.0379999987781048
vn -2.3085202536786458 -3.7822587937609420 -2.1836859911801048
v 0.0446546971797943 -0.0221262704581022 0.0385032482445240
vn -2.3389772937730084 -4.3990971197618807 -0.0794722096744189
v 0.0446546971797943 -0.0219914242625237 0.0379999987781048
vn -2.3085186562332978 -2.1836984432000506 -3.7822479287725232
v 0.0446546971797943 -0.0224946737289429 0.0388716533780098
vn -2.3694314211629477 -3.9920261564996604 1.9224623165315635
v 0.0446546971797943 -0.0220910981297493 0.0375632941722870
vn -2.3694346174844281 -0.9859527449030984 4.3197336534776065
v 0.0446546971797943 -0.0227739568799734 0.0370187349617481
vn -2.3694343989341560 0.9859525917695633 4.3197341368356241
v 0.0446546971797943 -0.0232218913733959 0.0370187349617481
vn -2.3694392572449683 -2.7625707800737560 3.4641651668148401
v 0.0446546971797943 -0.0223703812807798 0.0372130870819092
vn -2.3694275992564684 3.9920280153611070 1.9224616997041855
v 0.0446546971797943 -0.0239047501236200 0.0375632941722870
vn -2.3694386448805425 2.7625713827480007 3.4641662529088082
v 0.0446546971797943 -0.0236254669725895 0.0372130870819092
vn 2.7150597135485421 1.9033166972012223 -2.4031637725669572
v 0.0434999950230122 -0.0406254678964615 0.0387869141995907
vn 2.7047703103050993 2.7670850873189794 -1.3187315133317288
v 0.0434999950230122 -0.0409047491848469 0.0384367033839226
vn 2.7229284029269616 0.7031268517275914 -2.9857202677119217
v 0.0434999950230122 -0.0402218922972679 0.0389812663197517
vn 2.6927985317960212 3.0628280544877571 0.0000000000000000
v 0.0434999950230122 -0.0410044230520725 0.0379999987781048
vn 2.6927929893996931 -0.6815439936853376 2.9860344286504752
v 0.0434999950230122 -0.0397739559412003 0.0370187349617481
vn 2.6927952078001498 -1.9096412397873646 2.3946145638909671
v 0.0434999950230122 -0.0393703803420067 0.0372130870819092
vn 2.6927929893996936 0.6815439936853376 2.9860344286504747
v 0.0434999950230122 -0.0402218922972679 0.0370187349617481
vn 2.6927904976715258 -2.7595112733459057 1.3289078303459085
v 0.0434999950230122 -0.0390910990536213 0.0375632941722870
vn 2.6927952078001502 1.9096412397873648 2.3946145638909675
v 0.0434999950230122 -0.0406254678964615 0.0372130870819092
vn 2.6927904976715253 2.7595112733459062 1.3289078303459083
v 0.0434999950230122 -0.0409047491848469 0.0375632941722870
vn 2.7484986560656539 -0.6859124999573141 -2.9937521682727883
v 0.0434999950230122 -0.0397739559412003 0.0389812663197517
vn 2.7207941104194946 -1.9269257548928009 -2.3859940384012450
v 0.0434999950230122 -0.0393703803420067 0.0387869141995907
vn 2.6696800764410544 -2.7634259525126077 -1.3119054613676675
v 0.0434999950230122 -0.0390910990536213 0.0384367033839226
vn 2.6734456209000874 -3.0591609233546997 -0.0154191689497278
v 0.0434999950230122 -0.0389914251863956 0.0379999987781048
vn -4.6770683698932611 0.0000071547267523 0.0101238474513391
v 0.0452357977628708 -0.0399979241192341 0.0379999987781048
vn -2.3563982670527666 4.4025733768989994 -0.0660700342010784
v 0.0446546934545040 -0.0410044230520725 0.0379999987781048
vn -2.3864357191983747 3.9112354858687168 -2.0895805015722368
v 0.0446546934545040 -0.0408695787191391 0.0385032482445240
vn -2.5182008318349531 3.0416507764511116 -3.4115815001770429
v 0.0446546934545040 -0.0406254678964615 0.0387869141995907
vn -2.4989360689406337 2.1222417976016814 -4.0699053490658628
v 0.0446546971797943 -0.0405011735856533 0.0388716533780098
vn -2.4841235676866944 1.1237456238121806 -4.4247830985850563
v 0.0446546971797943 -0.0402218922972679 0.0389812663197517
vn -2.5400816579179097 0.0000000000000000 -4.5930564414837320
v 0.0446546971797943 -0.0399979241192341 0.0390065014362335
vn -2.5189452044149618 -1.0981725781709022 -4.4353086757855475
v 0.0446546971797943 -0.0397739559412003 0.0389812663197517
vn -2.5406907099920328 -2.1490005236876981 -4.0601352037896534
v 0.0446546971797943 -0.0394946746528149 0.0388716533780098
vn -2.3515305585169406 -3.9055292208300418 -2.0871738533170729
v 0.0446546971797943 -0.0391262695193291 0.0385032482445240
vn -2.3389824897107827 -4.3990953655620775 -0.0794648583255143
v 0.0446546971797943 -0.0389914251863956 0.0379999987781048
vn -2.5007967636965431 -3.0505484331179638 -3.4010191389955882
v 0.0446546971797943 -0.0393703803420067 0.0387869141995907
vn -2.3694365737660030 -3.9920269893388274 1.9224551071571401
v 0.0446546971797943 -0.0390910990536213 0.0375632941722870
vn -2.3694380197525078 -0.9859512305248092 4.3197270185653904
v 0.0446546971797943 -0.0397739559412003 0.0370187349617481
vn -2.3694406800502659 0.9859581584750521 4.3197186961315674
v 0.0446546971797943 -0.0402218922972679 0.0370187349617481
vn -2.3694400242927420 -2.7625703299995248 3.4641534216450656
v 0.0446546971797943 -0.0393703803420067 0.0372130870819092
vn -2.3694331715074388 3.9920331209158664 1.9224580599636907
v 0.0446546934545040 -0.0409047491848469 0.0375632941722870
vn -2.3694339616626969 2.7625853993517797 3.4641585148679024
v 0.0446546934545040 -0.0406254678964615 0.0372130870819092
vn -0.4242430656998523 -5.2656249362251479 2.2695061319374972
v -0.0031788642518222 0.0009998462628573 0.0170054342597723
vn -0.8505516660449866 -5.3103966611642512 2.1035028600801127
v -0.0062494794838130 0.0009998467285186 0.0161317698657513
vn -2.2664424886916530 -5.3155947571078359 -0.0000025461435555
v -0.0173000022768974 0.0009998482419178 0.0000000001643943
vn -1.0711626850035991 -5.3150527984587601 1.9979303614298143
v -0.0086499974131584 0.0009998470777646 0.0149822384119034
vn -1.2727618613672056 -5.3065593112680762 1.8850988572963687
v -0.0091072767972946 0.0009998470777646 0.0147087555378675
vn -2.2541318223217730 -5.3179837076439922 0.2100652515006420
v -0.0172262042760849 0.0009998482419178 0.0015962423058227
vn 0.3266750662192216 -5.2097083228060219 -2.3298762262191017
v 0.0375000014901161 0.0009998404420912 -0.0172999985516071
vn 0.3266782806518891 -5.2096863142431067 2.3298948856783084
v 0.0375000014901161 0.0009998404420912 0.0173000004142523
vn -0.1011351733888489 -5.3171843512394368 -2.2628014290567737
v 0.0000000003361233 0.0009998457971960 -0.0172999985516071
vn -0.1069728826083315 -5.3143258184199960 2.2651330107210024
v 0.0000000003686683 0.0009998457971960 0.0173000004142523
vn -0.4439448637782886 -5.3010881005918122 -2.2333438254172435
v -0.0031788644846529 0.0009998462628573 -0.0170054361224174
vn -0.8554774099076909 -5.3111823922950414 -2.1009723457589349
v -0.0062494794838130 0.0009998467285186 -0.0161317698657513
vn 2.1116748171142579 -5.0563371900841911 1.2191736429062989
v 0.0381928198039532 0.0009998403256759 0.0168999992311001
vn 1.2191819427738910 -5.0563373050443410 2.1116671027911980
v 0.0379000008106232 0.0009998403256759 0.0171928200870752
vn 2.3298945298516620 -5.2096856850239339 0.3266810925666742
v 0.0383000001311302 0.0009998403256759 0.0164999999105930
vn 2.3298937996876639 -5.2096869273046131 -0.3266791534519027
v 0.0383000001311302 0.0009998403256759 -0.0164999999105930
vn 2.1165179148093536 -5.1206200575537943 -1.1207566005713427
v 0.0381928198039532 0.0009998403256759 -0.0168999992311001
vn 1.1207609291409251 -5.1206004340381304 -2.1165280229100971
v 0.0379000008106232 0.0009998403256759 -0.0171928219497204
vn -1.5781742437411879 -5.3017199770273589 1.6415589367425873
v -0.0116549357771873 0.0009998474270105 0.0127848535776138
vn -1.8539297935560288 -5.2998875530428906 1.3254226655398869
v -0.0138056948781013 0.0009998477762565 0.0104255788028240
vn -2.0346635101217148 -5.3171249756870598 0.9927878381134402
v -0.0154863223433495 0.0009998480090871 0.0077112726867199
vn -2.0363083983135204 -5.3174333567066672 -0.9894027467357783
v -0.0154863223433495 0.0009998480090871 -0.0077112726867199
vn -1.8246862048193511 -5.3169909405053764 -1.3405929163010086
v -0.0138056948781013 0.0009998477762565 -0.0104255788028240
vn -2.1810547764194994 -5.3176505735858086 0.6065921320503892
v -0.0166395828127861 0.0009998481255025 0.0047343708574772
vn -2.1810548446114817 -5.3176505430844969 -0.6065921254379685
v -0.0166395828127861 0.0009998481255025 -0.0047343708574772
vn -1.5523419304323587 -5.3161865476006946 -1.6490142062277140
v -0.0116549357771873 0.0009998474270105 -0.0127848535776138
vn -1.2267256680620537 -5.3146667159695253 -1.9049745625233774
v -0.0091072767972946 0.0009998470777646 -0.0147087574005127
vn -2.2541332145855946 -5.3179824144317234 -0.2100628219310259
v -0.0172262042760849 0.0009998482419178 -0.0015962420729920
vn 0.2380488150896696 5.2527662537034452 -2.3075162248210663
v 0.0375000014901161 0.0059998431243002 -0.0172999985516071
vn -0.1011345297368792 5.3171628766655985 -2.2628220688105900
v 0.0000000010547907 0.0059998482465744 -0.0172999985516071
vn 2.3075374442425689 5.2527412702439413 -0.2380573456678019
v 0.0383000001311302 0.0059998431243002 -0.0164999999105930
vn 2.3299152926673061 5.2096629025351673 0.3266819816788811
v 0.0383000001311302 0.0059998431243002 0.0164999999105930
vn -1.5523540248579075 5.3161657051621809 1.6490293351917003
v -0.0116549348458648 0.0059998501092196 0.0127848535776138
vn -1.2483870334545046 5.3177700321740016 1.8892292706973453
v -0.0091072758659720 0.0059998496435583 0.0147087555378675
vn -1.0711743367174120 5.3150302606418407 1.9979478420881360
v -0.0086499964818358 0.0059998496435583 0.0149822384119034
vn -0.8544473365312386 5.3111833397543533 2.1014696964357245
v -0.0062494790181518 0.0059998491778970 0.0161317698657513
vn 2.2114000344512292 5.1424789857631685 -0.9159973364227019
v 0.0382391028106213 0.0059998431243002 -0.0168061479926109
vn 1.6925451875334612 5.1424615283788606 -1.6925407654010387
v 0.0380656868219376 0.0059998431243002 -0.0170656852424145
vn 0.9160004784608450 5.1424593441235631 -2.2114154765932228
v 0.0378061458468437 0.0059998431243002 -0.0172391049563885
vn 1.2191927142518477 5.0563124688276258 2.1116839797525628
v 0.0379000008106232 0.0059998431243002 0.0171928200870752
vn 2.1116904091687356 5.0563127938243344 1.2191839224946959
v 0.0381928198039532 0.0059998431243002 0.0168999992311001
vn 0.3266815408970325 5.2096634833198534 2.3299150700442732
v 0.0375000014901161 0.0059998431243002 0.0173000004142523
vn -0.1011348337314907 5.3171416858760265 2.2628424074012625
v 0.0000000010873357 0.0059998482465744 0.0173000004142523
vn -0.4439499970862795 5.3010708100573440 2.2333594423945748
v -0.0031788635533303 0.0059998487122357 0.0170054342597723
vn -2.2541513697911433 5.3179621712722627 -0.2100672197093461
v -0.0172262024134398 0.0059998510405421 -0.0015962420729920
vn -0.4562055283419290 5.2954118181007273 -2.2357909823450539
v -0.0031788635533303 0.0059998487122357 -0.0170054361224174
vn -0.8702424394145444 5.3018981664687823 -2.1033080342041242
v -0.0062494790181518 0.0059998491778970 -0.0161317698657513
vn -1.2475060295495100 5.3027993027090021 -1.9034817866915272
v -0.0091072758659720 0.0059998496435583 -0.0147087574005127
vn -1.5781865244694666 5.3016988536432734 -1.6415739104041343
v -0.0116549348458648 0.0059998501092196 -0.0127848535776138
vn -1.8539448592102281 5.2998657232048281 -1.3254345304586983
v -0.0138056939467788 0.0059998505748808 -0.0104255788028240
vn -2.0346861437324839 5.3170991169941084 -0.9927986896052509
v -0.0154863214120269 0.0059998505748808 -0.0077112726867199
vn -2.1810712904215301 5.3176296335518192 -0.6065971288744890
v -0.0166395809501410 0.0059998510405421 -0.0047343708574772
vn -2.2664616282084076 5.3155738328846205 0.0000024567726119
v -0.0173000004142523 0.0059998510405421 0.0000000001643630
vn -2.2541528267633435 5.3179609408252535 0.2100648106888434
v -0.0172262024134398 0.0059998510405421 0.0015962423058227
vn -2.1810729158558586 5.3176296640545457 0.6065977192146155
v -0.0166395809501410 0.0059998510405421 0.0047343708574772
vn -2.0363302263979297 5.3174075097758360 0.9894131786043240
v -0.0154863214120269 0.0059998505748808 0.0077112726867199
vn -1.8247015902967068 5.3169694387633752 1.3406052268618769
v -0.0138056939467788 0.0059998505748808 0.0104255788028240
vn -0.2300875941639354 2.1757994884940786 -5.3114146879367521
v 0.0000000010258554 0.0057998448610306 -0.0175000019371510
vn -0.6747912849322608 2.2231831741914778 -5.2167402929306022
v -0.0030388450250030 0.0057998453266919 -0.0172341354191303
vn -1.1843892592604104 2.1806576192296951 -5.1772996113780803
v -0.0032156175002456 0.0057998453266919 -0.0172020308673382
vn -1.5471767793379219 2.2947590422568869 -4.9427554345382640
v -0.0059853484854102 0.0057998457923532 -0.0164446197450161
vn -2.0942446157103380 2.1831968845353953 -4.8776507402831903
v -0.0063217272982001 0.0057998457923532 -0.0163182653486729
vn -2.3614141577155370 2.3589865581272678 -4.5222897796660009
v -0.0087499981746078 0.0057998462580144 -0.0151554457843304
vn -2.9350546745512216 2.1857062192645920 -4.4196376177949226
v -0.0092125600203872 0.0057998462580144 -0.0148787982761860
vn -3.0817736973381340 2.4175083910963844 -3.9708272614719076
v -0.0112487813457847 0.0057998467236757 -0.0134057775139809
vn -3.6794286412387303 2.1882187360129697 -3.8183097033519191
v -0.0117896711453795 0.0057998467236757 -0.0129326544702053
vn -3.6868281622879921 2.4700447342339857 -3.3098319925106345
v -0.0134057765826583 0.0057998471893370 -0.0112487822771072
vn -4.3032862162884067 2.1907400610888992 -3.0933841905941906
v -0.0139653002843261 0.0057998471893370 -0.0105461068451405
vn -4.1605269324168912 2.5170099228727252 -2.5628064077749455
v -0.0151554411277175 0.0057998471893370 -0.0087499991059303
vn -4.7879817235177189 2.1766978728471318 -2.3085381513245347
v -0.0156653579324484 0.0057998471893370 -0.0078004226088524
vn -4.6819918097006150 2.4330023738844688 -1.7736343815837194
v -0.0164446216076612 0.0057998476549983 -0.0059853531420231
vn -5.1234771603289309 2.1767386146457723 -1.4155340757058428
v -0.0168319474905729 0.0057998476549983 -0.0047891028225422
vn -4.9128929921777029 2.4419695734776559 -0.8994194042679565
v -0.0172341372817755 0.0057998476549983 -0.0030388419982046
vn -5.2939611316320168 2.1767546447181583 -0.4769578019319581
v -0.0174253489822149 0.0057998476549983 -0.0016146971611306
vn -5.3123723559520322 2.1740540361309693 0.0000022525755395
v -0.0174999963492155 0.0057998476549983 0.0000000001645521
vn -5.2939601384191146 2.1767557780389235 0.4769554051682308
v -0.0174253489822149 0.0057998476549983 0.0016146973939613
vn -4.9128927015074106 2.4419696946678573 0.8994194359678919
v -0.0172341372817755 0.0057998476549983 0.0030388424638659
vn -5.1234771525016249 2.1767386452615138 1.4155342321941684
v -0.0168319474905729 0.0057998476549983 0.0047891028225422
vn -4.6819918097006017 2.4330023738844488 1.7736343815837530
v -0.0164446216076612 0.0057998476549983 0.0059853531420231
vn -4.7879818064089505 2.1766981119776032 2.3085379969628073
v -0.0156653579324484 0.0057998471893370 0.0078004226088524
vn -4.3037533166159534 2.4176653394919843 2.5980870246816736
v -0.0151554411277175 0.0057998471893370 0.0087499991059303
vn -4.2983299959125185 2.1766094281165280 3.1272142524274811
v -0.0139653002843261 0.0057998471893370 0.0105461068451405
vn -3.7878661162239355 2.3953995123149672 3.3493176819627237
v -0.0134057765826583 0.0057998471893370 0.0112487822771072
vn -3.6702534654008101 2.1764738039650258 3.8452448871322638
v -0.0117896711453795 0.0057998467236757 0.0129326544702053
vn -3.1477543475265790 2.3653795817517738 4.0056075181659345
v -0.0112487813457847 0.0057998467236757 0.0134057775139809
vn -2.9239089389799018 2.1763503128066257 4.4394536433593190
v -0.0092125600203872 0.0057998462580144 0.0148788001388311
vn -2.5146634004761417 2.1735918775559577 4.6800434125761159
v -0.0087499981746078 0.0057998462580144 0.0151554439216852
vn -2.0833867309241652 2.1761845507536686 4.8907401627259226
v -0.0063217272982001 0.0057998457923532 0.0163182634860277
vn -1.5671188280721269 2.2785731106506466 4.9565323962057946
v -0.0059853484854102 0.0057998457923532 0.0164446216076612
vn -0.2300869299461025 2.1757799247518714 5.3114357306282898
v 0.0000000010587766 0.0057998448610306 0.0175000000745058
vn -0.6744181316830880 2.2210564370524164 5.2167576360607812
v -0.0030388447921723 0.0057998453266919 0.0172341354191303
vn -1.1757034792484840 2.1760039839366829 5.1845490058144668
v -0.0032156172674149 0.0057998453266919 0.0172020290046930
vn 0.5059648273050231 2.1137030023195402 -5.2251218339393066
v 0.0375000014901161 0.0057998397387564 -0.0175000019371510
vn -5.3123523094078742 -2.1740706795222238 -0.0000023057509698
v -0.0174999982118607 0.0011998480185866 0.0000000001645810
vn -5.2939394434642235 -2.1767731538435626 -0.4769535074830779
v -0.0174253508448601 0.0011998479021713 -0.0016146971611306
vn -4.9128711299371277 -2.4419833194263680 -0.8994152725726817
v -0.0172341391444206 0.0011998479021713 -0.0030388419982046
vn -5.1234578819260772 -2.1767553847815453 -1.4155286281896586
v -0.0168319493532181 0.0011998479021713 -0.0047891028225422
vn -4.6819706279577940 -2.4330167319999831 -1.7736262582544051
v -0.0164446234703064 0.0011998477857560 -0.0059853531420231
vn -4.7879577144659118 -2.1767199313868799 -2.3085281403972115
v -0.0156653597950935 0.0011998476693407 -0.0078004226088524
vn -4.3037341655708232 -2.4176810645248374 -2.5980762864966223
v -0.0151554420590401 0.0011998476693407 -0.0087499991059303
vn -4.2983133010283714 -2.1766283380666902 -3.1272019424039716
v -0.0139653012156487 0.0011998474365100 -0.0105461068451405
vn -3.7878508009395366 -2.3954147683389482 -3.3493032403564573
v -0.0134057775139809 0.0011998474365100 -0.0112487822771072
vn -3.6702399569757200 -2.1764922532090925 -3.8452299921746467
v -0.0117896720767021 0.0011998472036794 -0.0129326544702053
vn -3.1477425421191145 -2.3653938117918192 -4.0055917923626456
v -0.0112487822771072 0.0011998470872641 -0.0134057775139809
vn -2.9239239319876140 -2.1763551767233045 -4.4394457428209959
v -0.0092125609517097 0.0011998467380181 -0.0148787982761860
vn -2.4004405390323735 -2.3266696145809145 -4.5472079642157874
v -0.0087499991059303 0.0011998467380181 -0.0151554457843304
vn -2.0833493149730478 -2.1762083724572570 -4.8907169399310000
v -0.0063217277638614 0.0011998463887721 -0.0163182653486729
vn -1.5671004123874996 -2.2785931427426531 -4.9565281583063996
v -0.0059853489510715 0.0011998462723568 -0.0164446197450161
vn -1.1756744875485077 -2.1760177509183718 -5.1845273889938079
v -0.0032156179659069 0.0011998459231108 -0.0172020308673382
vn -0.6747889494316262 -2.2232019741467806 -5.2167198492190199
v -0.0030388454906642 0.0011998459231108 -0.0172341354191303
vn -0.2300873411984917 -2.1758193310090563 -5.3113940384257532
v 0.0000000003646818 0.0011998454574496 -0.0175000019371510
vn -5.2939405048644428 -2.1767720120951428 0.4769558788884104
v -0.0174253508448601 0.0011998479021713 0.0016146973939613
vn -4.9128708392666924 -2.4419834406130141 0.8994153042722229
v -0.0172341391444206 0.0011998479021713 0.0030388424638659
vn -5.1234578740989303 -2.1767554153978126 1.4155287846774347
v -0.0168319493532181 0.0011998479021713 0.0047891028225422
vn -4.6819706279577797 -2.4330167319999627 1.7736262582544384
v -0.0164446234703064 0.0011998477857560 0.0059853531420231
vn -4.7879577973573362 -2.1767201705171377 2.3085279860356831
v -0.0156653597950935 0.0011998476693407 0.0078004226088524
vn -4.1605081223906488 -2.5170241789704533 2.5627955812543743
v -0.0151554420590401 0.0011998476693407 0.0087499991059303
vn -4.3032693718126582 -2.1907586805319887 3.0933721591152370
v -0.0139653012156487 0.0011998474365100 0.0105461068451405
vn -3.6868133028680692 -2.4700586007664218 3.3098172648911564
v -0.0134057775139809 0.0011998474365100 0.0112487822771072
vn -3.6794149693739717 -2.1882369417186709 3.8182950189171549
v -0.0117896720767021 0.0011998472036794 0.0129326544702053
vn -3.0817642984069535 -2.4175225959432312 3.9708104313796522
v -0.0112487822771072 0.0011998470872641 0.0134057775139809
vn -2.9350187806795569 -2.1857378931035121 4.4196117583855594
v -0.0092125609517097 0.0011998467380181 0.0148788001388311
vn -2.5146519627230517 -2.1736101222949973 4.6800272689427613
v -0.0087499991059303 0.0011998467380181 0.0151554439216852
vn -2.0833796399500208 -2.1762044917565575 4.8907204092744818
v -0.0063217277638614 0.0011998463887721 0.0163182634860277
vn -1.5471823592787746 -2.2947771337238017 4.9427167160393939
v -0.0059853489510715 0.0011998462723568 0.0164446216076612
vn -0.9524328732043331 -2.1400254524253830 5.1674946636647405
v -0.0032156179659069 0.0011998459231108 0.0172020290046930
vn -0.2403761209131252 -2.1763504333115864 5.3081611772607618
v 0.0000000003976030 0.0011998454574496 0.0175000000745058
vn 0.6647097409742542 2.0741387973223393 5.1622461731726750
v 0.0375000014901161 0.0057998397387564 0.0175000000745058
vn 5.2236786230965233 2.1029566481075457 -0.5131270381917498
v 0.0384999997913837 0.0057998397387564 -0.0164999999105930
vn 4.7013736184889376 1.9945182502681651 -1.9395546737070097
v 0.0384238809347153 0.0057998397387564 -0.0168826840817928
vn 3.6002738397037586 2.0115866678737029 -3.5951550153373568
v 0.0382071062922478 0.0057998397387564 -0.0172071084380150
vn 1.9437071452325829 2.0110701999229699 -4.7020532233445280
v 0.0378826819360256 0.0057998397387564 -0.0174238793551922
vn 0.6593608644724537 -2.0824188539460002 -5.1636128865380355
v 0.0375000014901161 0.0011998401023448 -0.0175000019371510
vn 2.4807264470472918 1.9268558894748604 4.2967296703980367
v 0.0379999987781048 0.0057998397387564 0.0173660255968571
vn 4.2967416684393189 1.9268576926860610 2.4807283429189697
v 0.0383660234510899 0.0057998397387564 0.0169999990612268
vn 5.1622443167488692 2.0741367192460256 0.6647147771017897
v 0.0384999997913837 0.0057998397387564 0.0164999999105930
vn 0.6647069794652505 -2.0741575275277033 5.1622256044707937
v 0.0375000014901161 0.0011998401023448 0.0175000000745058
vn 5.1622239588553738 -2.0741566134329079 -0.6647103798673347
v 0.0384999997913837 0.0011998398695141 -0.0164999999105930
vn 4.5564123161939749 -1.9960590471918138 -2.2644602768085322
v 0.0383660234510899 0.0011998399859294 -0.0170000009238720
vn 3.6380114864760920 -2.1252546196476736 -3.6302507781863511
v 0.0382071062922478 0.0011998399859294 -0.0172071084380150
vn 2.2653994276354954 -2.0125474837239397 -4.5583627755159108
v 0.0379999987781048 0.0011998399859294 -0.0173660255968571
vn 2.4807159380175707 -1.9268726113269938 4.2967120178090799
v 0.0379999987781048 0.0011998399859294 0.0173660255968571
vn 4.2967238840007989 -1.9268746301972333 2.4807175214291735
v 0.0383660234510899 0.0011998399859294 0.0169999990612268
vn 5.1622225266329309 -2.0741563802890406 0.6647131192815876
v 0.0384999997913837 0.0011998398695141 0.0164999999105930
# 1487 vertices, 0 vertices normals

f 1//1 2//2 3//3
f 3//3 2//2 4//4
f 3//3 4//4 5//5
f 5//5 6//6 3//3
f 3//3 6//6 7//7
f 3//3 7//7 8//8
f 9//9 10//10 11//11
f 12//12 9//9 13//13
f 13//13 9//9 14//14
f 8//8 15//15 3//3
f 3//3 15//15 9//9
f 3//3 9//9 16//16
f 16//16 9//9 12//12
f 1//1 3//3 17//17
f 17//17 3//3 18//18
f 17//17 18//18 19//19
f 19//19 18//18 20//20
f 19//19 20//20 21//21
f 11//11 22//22 9//9
f 9//9 22//22 23//23
f 9//9 23//23 14//14
f 21//21 24//24 19//19
f 19//19 24//24 25//25
f 19//19 25//25 26//26
f 26//26 25//25 27//27
f 27//27 25//25 28//28
f 27//27 28//28 29//29
f 30//30 31//31 32//32
f 32//32 31//31 33//33
f 32//32 33//33 34//34
f 29//29 35//35 27//27
f 27//27 35//35 32//32
f 27//27 32//32 36//36
f 36//36 32//32 34//34
f 17//17 37//37 38//38
f 17//17 38//38 1//1
f 1//1 38//38 39//39
f 1//1 39//39 2//2
f 2//2 39//39 40//40
f 2//2 40//40 4//4
f 4//4 40//40 41//41
f 4//4 41//41 5//5
f 5//5 41//41 42//42
f 5//5 42//42 6//6
f 6//6 42//42 43//43
f 6//6 43//43 7//7
f 7//7 43//43 44//44
f 7//7 44//44 8//8
f 8//8 44//44 45//45
f 8//8 45//45 15//15
f 15//15 45//45 46//46
f 15//15 46//46 9//9
f 9//9 46//46 47//47
f 9//9 47//47 10//10
f 10//10 47//47 48//48
f 10//10 48//48 11//11
f 11//11 48//48 49//49
f 11//11 49//49 22//22
f 22//22 49//49 50//50
f 22//22 50//50 23//23
f 23//23 50//50 51//51
f 23//23 51//51 14//14
f 14//14 51//51 52//52
f 14//14 52//52 13//13
f 13//13 52//52 53//53
f 13//13 53//53 12//12
f 12//12 53//53 54//54
f 12//12 54//54 16//16
f 16//16 54//54 55//55
f 16//16 55//55 3//3
f 3//3 55//55 56//56
f 3//3 56//56 18//18
f 18//18 56//56 57//57
f 18//18 57//57 20//20
f 20//20 57//57 58//58
f 20//20 58//58 21//21
f 21//21 58//58 59//59
f 21//21 59//59 24//24
f 24//24 59//59 60//60
f 24//24 60//60 25//25
f 25//25 60//60 61//61
f 25//25 61//61 28//28
f 28//28 61//61 62//62
f 28//28 62//62 29//29
f 29//29 62//62 63//63
f 29//29 63//63 35//35
f 35//35 63//63 64//64
f 35//35 64//64 32//32
f 32//32 64//64 65//65
f 32//32 65//65 30//30
f 30//30 65//65 66//66
f 30//30 66//66 31//31
f 31//31 66//66 67//67
f 31//31 67//67 33//33
f 33//33 67//67 68//68
f 33//33 68//68 34//34
f 34//34 68//68 69//69
f 34//34 69//69 36//36
f 36//36 69//69 70//70
f 36//36 70//70 27//27
f 27//27 70//70 71//71
f 27//27 71//71 26//26
f 26//26 71//71 72//72
f 26//26 72//72 19//19
f 19//19 72//72 37//37
f 19//19 37//37 17//17
f 70//70 69//69 55//55
f 69//69 68//68 55//55
f 55//55 68//68 67//67
f 55//55 67//67 56//56
f 54//54 53//53 38//38
f 38//38 53//53 52//52
f 38//38 37//37 54//54
f 54//54 37//37 72//72
f 54//54 72//72 55//55
f 55//55 72//72 71//71
f 55//55 71//71 70//70
f 65//65 64//64 60//60
f 52//52 51//51 38//38
f 38//38 51//51 50//50
f 38//38 50//50 49//49
f 42//42 41//41 40//40
f 59//59 58//58 67//67
f 67//67 58//58 57//57
f 67//67 57//57 56//56
f 49//49 48//48 38//38
f 38//38 48//48 47//47
f 38//38 47//47 46//46
f 59//59 67//67 60//60
f 60//60 67//67 66//66
f 60//60 66//66 65//65
f 64//64 63//63 60//60
f 60//60 63//63 62//62
f 60//60 62//62 61//61
f 46//46 45//45 38//38
f 38//38 45//45 44//44
f 38//38 44//44 39//39
f 39//39 44//44 40//40
f 40//40 44//44 43//43
f 40//40 43//43 42//42
f 73//73 74//74 75//75
f 73//73 75//75 76//76
f 76//76 75//75 77//77
f 76//76 77//77 78//78
f 78//78 77//77 79//79
f 79//79 77//77 80//80
f 79//79 80//80 81//81
f 79//79 81//81 82//82
f 82//82 81//81 83//83
f 82//82 83//83 84//84
f 84//84 83//83 85//85
f 84//84 85//85 86//86
f 86//86 85//85 87//87
f 86//86 87//87 88//88
f 88//88 87//87 89//89
f 89//89 87//87 90//90
f 89//89 90//90 91//91
f 89//89 91//91 92//92
f 92//92 91//91 93//93
f 92//92 93//93 94//94
f 94//94 93//93 95//95
f 95//95 93//93 96//96
f 97//97 95//95 96//96
f 98//98 99//99 100//100
f 100//100 99//99 97//97
f 100//100 97//97 101//101
f 101//101 97//97 96//96
f 99//99 98//98 102//102
f 102//102 98//98 103//103
f 102//102 103//103 104//104
f 102//102 104//104 105//105
f 105//105 104//104 106//106
f 105//105 106//106 107//107
f 107//107 106//106 108//108
f 107//107 108//108 109//109
f 109//109 108//108 110//110
f 109//109 110//110 111//111
f 111//111 110//110 112//112
f 112//112 110//110 113//113
f 112//112 113//113 114//114
f 112//112 114//114 115//115
f 115//115 114//114 116//116
f 115//115 116//116 117//117
f 117//117 116//116 118//118
f 117//117 118//118 119//119
f 119//119 118//118 120//120
f 119//119 120//120 121//121
f 122//122 123//123 124//124
f 124//124 123//123 121//121
f 124//124 121//121 120//120
f 123//123 122//122 125//125
f 123//123 125//125 126//126
f 126//126 125//125 127//127
f 126//126 127//127 128//128
f 128//128 127//127 73//73
f 73//73 127//127 74//74
f 103//103 129//129 130//130
f 103//103 130//130 104//104
f 104//104 130//130 131//131
f 104//104 131//131 106//106
f 106//106 131//131 132//132
f 106//106 132//132 108//108
f 108//108 132//132 133//133
f 108//108 133//133 110//110
f 134//134 90//90 135//135
f 135//135 90//90 87//87
f 136//136 113//113 133//133
f 133//133 113//113 110//110
f 96//96 137//137 101//101
f 101//101 137//137 138//138
f 101//101 138//138 100//100
f 100//100 138//138 139//139
f 100//100 139//139 98//98
f 98//98 139//139 140//140
f 129//129 103//103 140//140
f 140//140 103//103 98//98
f 141//141 127//127 125//125
f 141//141 125//125 142//142
f 142//142 125//125 122//122
f 142//142 122//122 143//143
f 113//113 136//136 144//144
f 113//113 144//144 114//114
f 114//114 144//144 145//145
f 114//114 145//145 116//116
f 116//116 145//145 146//146
f 116//116 146//146 118//118
f 118//118 146//146 147//147
f 118//118 147//147 120//120
f 148//148 80//80 149//149
f 149//149 80//80 77//77
f 80//80 148//148 150//150
f 80//80 150//150 81//81
f 81//81 150//150 151//151
f 81//81 151//151 83//83
f 83//83 151//151 152//152
f 83//83 152//152 85//85
f 85//85 152//152 135//135
f 85//85 135//135 87//87
f 153//153 93//93 91//91
f 153//153 91//91 154//154
f 154//154 91//91 90//90
f 154//154 90//90 134//134
f 137//137 96//96 153//153
f 153//153 96//96 93//93
f 74//74 155//155 156//156
f 74//74 156//156 75//75
f 75//75 156//156 149//149
f 75//75 149//149 77//77
f 155//155 74//74 141//141
f 141//141 74//74 127//127
f 157//157 158//158 147//147
f 159//159 160//160 161//161
f 162//162 163//163 164//164
f 164//164 163//163 165//165
f 164//164 165//165 166//166
f 166//166 165//165 167//167
f 122//122 168//168 143//143
f 143//143 168//168 169//169
f 143//143 169//169 170//170
f 162//162 171//171 163//163
f 163//163 171//171 172//172
f 163//163 172//172 173//173
f 174//174 175//175 176//176
f 176//176 175//175 177//177
f 178//178 179//179 122//122
f 122//122 179//179 180//180
f 122//122 180//180 168//168
f 181//181 182//182 183//183
f 183//183 182//182 184//184
f 183//183 184//184 160//160
f 160//160 184//184 185//185
f 160//160 185//185 161//161
f 170//170 186//186 143//143
f 143//143 186//186 187//187
f 143//143 187//187 165//165
f 165//165 187//187 188//188
f 165//165 188//188 189//189
f 175//175 190//190 177//177
f 177//177 190//190 191//191
f 177//177 191//191 192//192
f 192//192 191//191 193//193
f 192//192 193//193 194//194
f 189//189 192//192 165//165
f 165//165 192//192 195//195
f 165//165 195//195 196//196
f 167//167 165//165 197//197
f 197//197 165//165 196//196
f 197//197 196//196 198//198
f 198//198 196//196 199//199
f 198//198 199//199 200//200
f 200//200 199//199 201//201
f 200//200 201//201 181//181
f 181//181 201//201 202//202
f 181//181 202//202 182//182
f 194//194 203//203 192//192
f 192//192 203//203 204//204
f 192//192 204//204 195//195
f 174//174 178//178 175//175
f 175//175 178//178 122//122
f 175//175 122//122 205//205
f 205//205 122//122 124//124
f 205//205 124//124 161//161
f 206//206 207//207 120//120
f 147//147 158//158 120//120
f 120//120 158//158 208//208
f 120//120 208//208 206//206
f 209//209 210//210 211//211
f 210//210 212//212 211//211
f 211//211 212//212 213//213
f 211//211 213//213 214//214
f 214//214 213//213 215//215
f 163//163 216//216 217//217
f 218//218 219//219 220//220
f 220//220 219//219 165//165
f 220//220 165//165 221//221
f 219//219 222//222 165//165
f 165//165 222//222 223//223
f 165//165 223//223 147//147
f 147//147 223//223 224//224
f 147//147 224//224 157//157
f 220//220 225//225 218//218
f 218//218 225//225 226//226
f 218//218 226//226 213//213
f 213//213 226//226 227//227
f 213//213 227//227 215//215
f 228//228 229//229 165//165
f 165//165 229//229 230//230
f 165//165 230//230 221//221
f 217//217 231//231 163//163
f 163//163 231//231 232//232
f 163//163 232//232 165//165
f 165//165 232//232 233//233
f 165//165 233//233 228//228
f 207//207 209//209 120//120
f 120//120 209//209 211//211
f 120//120 211//211 124//124
f 124//124 211//211 234//234
f 234//234 216//216 124//124
f 124//124 216//216 163//163
f 124//124 163//163 161//161
f 161//161 163//163 173//173
f 161//161 173//173 159//159
f 121//121 123//123 112//112
f 88//88 89//89 79//79
f 73//73 95//95 128//128
f 128//128 95//95 97//97
f 128//128 97//97 126//126
f 126//126 97//97 99//99
f 126//126 99//99 123//123
f 89//89 92//92 73//73
f 73//73 92//92 94//94
f 73//73 94//94 95//95
f 123//123 99//99 112//112
f 112//112 99//99 102//102
f 112//112 102//102 111//111
f 79//79 89//89 78//78
f 78//78 89//89 73//73
f 78//78 73//73 76//76
f 115//115 117//117 112//112
f 112//112 117//117 119//119
f 112//112 119//119 121//121
f 82//82 84//84 79//79
f 79//79 84//84 86//86
f 79//79 86//86 88//88
f 105//105 107//107 102//102
f 102//102 107//107 109//109
f 102//102 109//109 111//111
f 235//235 149//149 156//156
f 235//235 156//156 236//236
f 236//236 156//156 155//155
f 236//236 155//155 237//237
f 149//149 235//235 148//148
f 148//148 235//235 238//238
f 239//239 135//135 152//152
f 239//239 152//152 240//240
f 240//240 152//152 151//151
f 240//240 151//151 241//241
f 241//241 151//151 150//150
f 241//241 150//150 242//242
f 242//242 150//150 148//148
f 242//242 148//148 238//238
f 135//135 239//239 134//134
f 134//134 239//239 243//243
f 244//244 153//153 154//154
f 244//244 154//154 245//245
f 245//245 154//154 134//134
f 245//245 134//134 243//243
f 153//153 244//244 137//137
f 137//137 244//244 246//246
f 247//247 248//248 140//140
f 137//137 246//246 138//138
f 138//138 246//246 247//247
f 138//138 247//247 139//139
f 139//139 247//247 140//140
f 140//140 248//248 129//129
f 129//129 248//248 249//249
f 250//250 133//133 132//132
f 250//250 132//132 251//251
f 251//251 132//132 131//131
f 251//251 131//131 252//252
f 252//252 131//131 130//130
f 252//252 130//130 253//253
f 253//253 130//130 129//129
f 253//253 129//129 249//249
f 133//133 250//250 136//136
f 136//136 250//250 254//254
f 255//255 147//147 146//146
f 255//255 146//146 256//256
f 256//256 146//146 145//145
f 256//256 145//145 257//257
f 257//257 145//145 144//144
f 257//257 144//144 258//258
f 258//258 144//144 136//136
f 258//258 136//136 254//254
f 147//147 255//255 165//165
f 165//165 255//255 259//259
f 165//165 259//259 143//143
f 260//260 141//141 142//142
f 260//260 142//142 261//261
f 261//261 142//142 143//143
f 261//261 143//143 259//259
f 141//141 260//260 155//155
f 155//155 260//260 237//237
f 249//249 248//248 250//250
f 247//247 260//260 261//261
f 235//235 236//236 237//237
f 247//247 261//261 248//248
f 248//248 261//261 259//259
f 248//248 259//259 250//250
f 250//250 259//259 255//255
f 250//250 255//255 254//254
f 260//260 247//247 237//237
f 237//237 247//247 246//246
f 237//237 246//246 235//235
f 235//235 246//246 244//244
f 235//235 244//244 245//245
f 245//245 243//243 235//235
f 235//235 243//243 239//239
f 235//235 239//239 238//238
f 251//251 252//252 250//250
f 250//250 252//252 253//253
f 250//250 253//253 249//249
f 256//256 257//257 255//255
f 255//255 257//257 258//258
f 255//255 258//258 254//254
f 240//240 241//241 239//239
f 239//239 241//241 242//242
f 239//239 242//242 238//238
f 262//262 263//263 264//264
f 265//265 266//266 267//267
f 267//267 266//266 268//268
f 269//269 270//270 264//264
f 264//264 270//270 267//267
f 264//264 267//267 262//262
f 262//262 267//267 268//268
f 262//262 268//268 271//271
f 272//272 273//273 274//274
f 274//274 273//273 269//269
f 274//274 269//269 275//275
f 275//275 269//269 264//264
f 276//276 277//277 278//278
f 279//279 280//280 281//281
f 281//281 280//280 282//282
f 283//283 284//284 278//278
f 278//278 284//284 281//281
f 278//278 281//281 276//276
f 276//276 281//281 282//282
f 276//276 282//282 285//285
f 286//286 287//287 288//288
f 288//288 287//287 283//283
f 288//288 283//283 289//289
f 289//289 283//283 278//278
f 290//290 291//291 292//292
f 293//293 294//294 295//295
f 295//295 294//294 296//296
f 297//297 298//298 292//292
f 292//292 298//298 295//295
f 292//292 295//295 290//290
f 290//290 295//295 296//296
f 290//290 296//296 299//299
f 300//300 301//301 302//302
f 302//302 301//301 297//297
f 302//302 297//297 303//303
f 303//303 297//297 292//292
f 178//178 298//298 179//179
f 179//179 298//298 297//297
f 179//179 297//297 180//180
f 180//180 297//297 301//301
f 180//180 301//301 168//168
f 168//168 301//301 300//300
f 168//168 300//300 169//169
f 169//169 300//300 302//302
f 169//169 302//302 170//170
f 170//170 302//302 303//303
f 170//170 303//303 186//186
f 186//186 303//303 292//292
f 186//186 292//292 187//187
f 187//187 292//292 291//291
f 187//187 291//291 188//188
f 188//188 291//291 290//290
f 188//188 290//290 189//189
f 189//189 290//290 299//299
f 189//189 299//299 192//192
f 192//192 299//299 296//296
f 192//192 296//296 177//177
f 177//177 296//296 294//294
f 177//177 294//294 176//176
f 176//176 294//294 293//293
f 176//176 293//293 174//174
f 174//174 293//293 295//295
f 174//174 295//295 178//178
f 178//178 295//295 298//298
f 173//173 270//270 159//159
f 159//159 270//270 269//269
f 159//159 269//269 160//160
f 160//160 269//269 273//273
f 160//160 273//273 183//183
f 183//183 273//273 272//272
f 183//183 272//272 181//181
f 181//181 272//272 274//274
f 181//181 274//274 200//200
f 200//200 274//274 275//275
f 200//200 275//275 198//198
f 198//198 275//275 264//264
f 198//198 264//264 197//197
f 197//197 264//264 263//263
f 197//197 263//263 167//167
f 167//167 263//263 262//262
f 167//167 262//262 166//166
f 166//166 262//262 271//271
f 166//166 271//271 164//164
f 164//164 271//271 268//268
f 164//164 268//268 162//162
f 162//162 268//268 266//266
f 162//162 266//266 171//171
f 171//171 266//266 265//265
f 171//171 265//265 172//172
f 172//172 265//265 267//267
f 172//172 267//267 173//173
f 173//173 267//267 270//270
f 209//209 284//284 210//210
f 210//210 284//284 283//283
f 210//210 283//283 212//212
f 212//212 283//283 287//287
f 212//212 287//287 213//213
f 213//213 287//287 286//286
f 213//213 286//286 218//218
f 218//218 286//286 288//288
f 218//218 288//288 219//219
f 219//219 288//288 289//289
f 219//219 289//289 222//222
f 222//222 289//289 278//278
f 222//222 278//278 223//223
f 223//223 278//278 277//277
f 223//223 277//277 224//224
f 224//224 277//277 276//276
f 224//224 276//276 157//157
f 157//157 276//276 285//285
f 157//157 285//285 158//158
f 158//158 285//285 282//282
f 158//158 282//282 208//208
f 208//208 282//282 280//280
f 208//208 280//280 206//206
f 206//206 280//280 279//279
f 206//206 279//279 207//207
f 207//207 279//279 281//281
f 207//207 281//281 209//209
f 209//209 281//281 284//284
f 205//205 304//304 175//175
f 175//175 304//304 305//305
f 175//175 305//305 190//190
f 305//305 306//306 190//190
f 190//190 306//306 307//307
f 190//190 307//307 191//191
f 308//308 193//193 309//309
f 309//309 193//193 191//191
f 309//309 191//191 310//310
f 310//310 191//191 307//307
f 184//184 182//182 311//311
f 311//311 312//312 184//184
f 184//184 312//312 313//313
f 184//184 313//313 185//185
f 314//314 205//205 315//315
f 315//315 205//205 161//161
f 315//315 161//161 316//316
f 316//316 161//161 185//185
f 316//316 185//185 317//317
f 317//317 185//185 313//313
f 196//196 318//318 199//199
f 199//199 318//318 319//319
f 199//199 319//319 201//201
f 319//319 320//320 201//201
f 201//201 320//320 321//321
f 201//201 321//321 202//202
f 322//322 182//182 323//323
f 323//323 182//182 202//202
f 323//323 202//202 324//324
f 324//324 202//202 321//321
f 325//325 314//314 315//315
f 316//316 317//317 326//326
f 327//327 328//328 329//329
f 330//330 320//320 329//329
f 329//329 320//320 331//331
f 329//329 331//331 327//327
f 332//332 333//333 330//330
f 330//330 333//333 321//321
f 330//330 321//321 320//320
f 326//326 317//317 334//334
f 317//317 313//313 334//334
f 334//334 313//313 312//312
f 334//334 312//312 335//335
f 335//335 312//312 336//336
f 335//335 336//336 332//332
f 332//332 336//336 323//323
f 332//332 323//323 333//333
f 316//316 326//326 315//315
f 315//315 326//326 337//337
f 315//315 337//337 325//325
f 337//337 326//326 334//334
f 338//338 339//339 328//328
f 328//328 339//339 340//340
f 328//328 340//340 329//329
f 341//341 342//342 343//343
f 343//343 342//342 325//325
f 343//343 325//325 337//337
f 337//337 334//334 343//343
f 343//343 334//334 335//335
f 343//343 335//335 344//344
f 344//344 335//335 332//332
f 344//344 332//332 340//340
f 340//340 332//332 330//330
f 340//340 330//330 329//329
f 345//345 314//314 342//342
f 342//342 314//314 325//325
f 345//345 342//342 346//346
f 346//346 342//342 341//341
f 346//346 341//341 307//307
f 307//307 341//341 347//347
f 347//347 341//341 343//343
f 347//347 343//343 309//309
f 309//309 343//343 348//348
f 348//348 343//343 344//344
f 348//348 344//344 349//349
f 349//349 344//344 340//340
f 349//349 340//340 350//350
f 350//350 340//340 351//351
f 351//351 340//340 339//339
f 351//351 339//339 352//352
f 328//328 353//353 338//338
f 338//338 353//353 354//354
f 338//338 354//354 339//339
f 339//339 354//354 355//355
f 339//339 355//355 352//352
f 194//194 193//193 308//308
f 308//308 349//349 194//194
f 194//194 349//349 356//356
f 194//194 356//356 357//357
f 357//357 356//356 351//351
f 357//357 351//351 204//204
f 318//318 358//358 359//359
f 359//359 358//358 195//195
f 359//359 195//195 360//360
f 360//360 195//195 204//204
f 360//360 204//204 352//352
f 352//352 204//204 351//351
f 221//221 361//361 220//220
f 220//220 361//361 362//362
f 220//220 362//362 225//225
f 362//362 363//363 225//225
f 225//225 363//363 364//364
f 225//225 364//364 226//226
f 365//365 366//366 367//367
f 367//367 366//366 226//226
f 367//367 226//226 368//368
f 368//368 226//226 364//364
f 369//369 370//370 233//233
f 233//233 370//370 371//371
f 233//233 371//371 372//372
f 372//372 371//371 373//373
f 372//372 373//373 229//229
f 229//229 373//373 374//374
f 229//229 374//374 375//375
f 361//361 221//221 376//376
f 376//376 221//221 375//375
f 376//376 375//375 377//377
f 377//377 375//375 374//374
f 216//216 234//234 378//378
f 378//378 379//379 216//216
f 216//216 379//379 380//380
f 216//216 380//380 217//217
f 217//217 380//380 381//381
f 217//217 381//381 231//231
f 382//382 369//369 383//383
f 383//383 369//369 231//231
f 383//383 231//231 384//384
f 384//384 231//231 381//381
f 385//385 366//366 365//365
f 365//365 386//386 385//385
f 385//385 386//386 387//387
f 385//385 387//387 214//214
f 388//388 234//234 389//389
f 389//389 234//234 390//390
f 389//389 390//390 391//391
f 391//391 390//390 214//214
f 391//391 214//214 392//392
f 392//392 214//214 387//387
f 393//393 394//394 395//395
f 395//395 394//394 396//396
f 393//393 395//395 397//397
f 397//397 395//395 398//398
f 397//397 398//398 364//364
f 364//364 398//398 399//399
f 399//399 398//398 400//400
f 399//399 400//400 367//367
f 367//367 400//400 401//401
f 401//401 400//400 402//402
f 401//401 402//402 386//386
f 386//386 402//402 403//403
f 386//386 403//403 404//404
f 404//404 403//403 405//405
f 404//404 405//405 392//392
f 392//392 405//405 406//406
f 406//406 405//405 407//407
f 406//406 407//407 408//408
f 408//408 407//407 409//409
f 408//408 409//409 378//378
f 378//378 409//409 379//379
f 379//379 409//409 410//410
f 383//383 384//384 411//411
f 411//411 384//384 381//381
f 411//411 381//381 410//410
f 410//410 381//381 380//380
f 410//410 380//380 379//379
f 383//383 411//411 382//382
f 382//382 411//411 412//412
f 382//382 412//412 413//413
f 413//413 412//412 414//414
f 413//413 414//414 415//415
f 416//416 396//396 394//394
f 394//394 417//417 416//416
f 416//416 417//417 377//377
f 416//416 377//377 414//414
f 414//414 377//377 418//418
f 414//414 418//418 415//415
f 403//403 402//402 412//412
f 412//412 402//402 400//400
f 412//412 400//400 398//398
f 412//412 411//411 410//410
f 405//405 403//403 407//407
f 407//407 403//403 412//412
f 407//407 412//412 409//409
f 409//409 412//412 410//410
f 416//416 414//414 396//396
f 396//396 414//414 412//412
f 396//396 412//412 395//395
f 395//395 412//412 398//398
f 419//419 420//420 421//421
f 419//419 421//421 422//422
f 422//422 421//421 423//423
f 422//422 423//423 424//424
f 424//424 423//423 425//425
f 424//424 425//425 426//426
f 426//426 425//425 427//427
f 426//426 427//427 428//428
f 428//428 427//427 429//429
f 428//428 429//429 430//430
f 420//420 419//419 431//431
f 420//420 431//431 432//432
f 432//432 431//431 433//433
f 432//432 433//433 434//434
f 435//435 429//429 436//436
f 436//436 429//429 427//427
f 436//436 427//427 425//425
f 437//437 438//438 425//425
f 425//425 438//438 439//439
f 425//425 439//439 436//436
f 425//425 423//423 437//437
f 437//437 423//423 421//421
f 437//437 421//421 440//440
f 440//440 421//421 441//441
f 440//440 441//441 442//442
f 430//430 429//429 443//443
f 443//443 429//429 444//444
f 443//443 444//444 445//445
f 445//445 444//444 446//446
f 445//445 446//446 447//447
f 447//447 446//446 448//448
f 447//447 448//448 449//449
f 449//449 448//448 450//450
f 449//449 450//450 451//451
f 451//451 450//450 452//452
f 451//451 452//452 453//453
f 453//453 452//452 454//454
f 453//453 454//454 455//455
f 455//455 454//454 456//456
f 455//455 456//456 457//457
f 457//457 456//456 458//458
f 457//457 458//458 459//459
f 459//459 458//458 460//460
f 459//459 460//460 461//461
f 461//461 460//460 462//462
f 461//461 462//462 463//463
f 463//463 462//462 464//464
f 463//463 464//464 465//465
f 464//464 466//466 465//465
f 465//465 466//466 467//467
f 465//465 467//467 468//468
f 468//468 467//467 469//469
f 469//469 470//470 468//468
f 468//468 470//470 471//471
f 468//468 471//471 472//472
f 472//472 471//471 473//473
f 472//472 473//473 474//474
f 474//474 473//473 475//475
f 474//474 475//475 476//476
f 476//476 475//475 477//477
f 476//476 477//477 478//478
f 478//478 477//477 479//479
f 478//478 479//479 480//480
f 480//480 479//479 481//481
f 480//480 481//481 482//482
f 482//482 481//481 483//483
f 482//482 483//483 484//484
f 484//484 483//483 485//485
f 484//484 485//485 486//486
f 486//486 485//485 487//487
f 486//486 487//487 488//488
f 488//488 487//487 489//489
f 488//488 489//489 490//490
f 490//490 489//489 491//491
f 490//490 491//491 492//492
f 492//492 491//491 493//493
f 492//492 493//493 494//494
f 494//494 493//493 495//495
f 494//494 495//495 496//496
f 496//496 495//495 497//497
f 428//428 430//430 498//498
f 498//498 499//499 428//428
f 428//428 499//499 500//500
f 428//428 500//500 426//426
f 426//426 500//500 501//501
f 426//426 501//501 424//424
f 424//424 501//501 502//502
f 424//424 502//502 422//422
f 422//422 502//502 503//503
f 422//422 503//503 419//419
f 419//419 504//504 431//431
f 431//431 504//504 505//505
f 431//431 505//505 433//433
f 433//433 505//505 506//506
f 434//434 507//507 432//432
f 432//432 507//507 508//508
f 432//432 508//508 420//420
f 420//420 508//508 442//442
f 509//509 444//444 435//435
f 435//435 444//444 429//429
f 510//510 511//511 497//497
f 497//497 495//495 510//510
f 510//510 495//495 493//493
f 510//510 493//493 512//512
f 493//493 491//491 512//512
f 512//512 491//491 489//489
f 512//512 489//489 513//513
f 489//489 487//487 513//513
f 513//513 487//487 485//485
f 513//513 485//485 514//514
f 485//485 483//483 514//514
f 514//514 483//483 481//481
f 514//514 481//481 515//515
f 481//481 479//479 515//515
f 515//515 479//479 477//477
f 515//515 477//477 516//516
f 477//477 475//475 516//516
f 516//516 475//475 473//473
f 516//516 473//473 517//517
f 517//517 473//473 471//471
f 517//517 471//471 518//518
f 518//518 471//471 470//470
f 518//518 470//470 519//519
f 470//470 469//469 519//519
f 519//519 469//469 467//467
f 519//519 467//467 520//520
f 467//467 466//466 520//520
f 520//520 466//466 464//464
f 520//520 464//464 521//521
f 521//521 464//464 462//462
f 521//521 462//462 522//522
f 522//522 462//462 460//460
f 522//522 460//460 523//523
f 460//460 458//458 523//523
f 523//523 458//458 456//456
f 523//523 456//456 524//524
f 456//456 454//454 524//524
f 524//524 454//454 452//452
f 524//524 452//452 525//525
f 452//452 450//450 525//525
f 525//525 450//450 448//448
f 525//525 448//448 509//509
f 509//509 448//448 446//446
f 509//509 446//446 444//444
f 526//526 496//496 497//497
f 497//497 527//527 526//526
f 526//526 527//527 528//528
f 526//526 528//528 529//529
f 529//529 528//528 530//530
f 530//530 531//531 529//529
f 529//529 531//531 532//532
f 529//529 532//532 533//533
f 533//533 532//532 534//534
f 533//533 534//534 535//535
f 535//535 534//534 536//536
f 535//535 536//536 537//537
f 538//538 494//494 539//539
f 539//539 494//494 496//496
f 540//540 498//498 430//430
f 430//430 443//443 540//540
f 540//540 443//443 445//445
f 540//540 445//445 541//541
f 445//445 542//542 541//541
f 541//541 542//542 449//449
f 541//541 449//449 543//543
f 449//449 544//544 543//543
f 543//543 544//544 453//453
f 543//543 453//453 545//545
f 453//453 455//455 545//545
f 545//545 455//455 457//457
f 545//545 457//457 546//546
f 546//546 457//457 459//459
f 546//546 459//459 547//547
f 459//459 461//461 547//547
f 547//547 461//461 463//463
f 547//547 463//463 548//548
f 463//463 465//465 548//548
f 548//548 465//465 468//468
f 548//548 468//468 549//549
f 549//549 468//468 472//472
f 549//549 472//472 550//550
f 550//550 472//472 474//474
f 550//550 474//474 551//551
f 551//551 474//474 476//476
f 551//551 476//476 552//552
f 552//552 476//476 478//478
f 552//552 478//478 553//553
f 553//553 478//478 554//554
f 554//554 478//478 480//480
f 554//554 480//480 555//555
f 555//555 480//480 482//482
f 555//555 482//482 556//556
f 482//482 484//484 556//556
f 556//556 484//484 486//486
f 556//556 486//486 557//557
f 486//486 488//488 557//557
f 557//557 488//488 490//490
f 557//557 490//490 538//538
f 538//538 490//490 492//492
f 538//538 492//492 494//494
f 558//558 536//536 559//559
f 560//560 561//561 562//562
f 562//562 561//561 558//558
f 562//562 558//558 563//563
f 563//563 558//558 559//559
f 559//559 536//536 534//534
f 559//559 534//534 564//564
f 564//564 534//534 532//532
f 564//564 532//532 565//565
f 565//565 532//532 531//531
f 565//565 531//531 566//566
f 497//497 511//511 527//527
f 527//527 511//511 567//567
f 527//527 567//567 528//528
f 528//528 567//567 566//566
f 528//528 566//566 530//530
f 530//530 566//566 531//531
f 568//568 569//569 570//570
f 568//568 570//570 571//571
f 571//571 570//570 572//572
f 571//571 572//572 573//573
f 573//573 572//572 574//574
f 574//574 572//572 575//575
f 574//574 575//575 576//576
f 576//576 575//575 577//577
f 577//577 575//575 578//578
f 577//577 578//578 579//579
f 579//579 578//578 580//580
f 580//580 578//578 581//581
f 580//580 581//581 582//582
f 582//582 581//581 583//583
f 582//582 583//583 584//584
f 584//584 583//583 585//585
f 584//584 585//585 586//586
f 586//586 585//585 587//587
f 587//587 585//585 588//588
f 587//587 588//588 589//589
f 589//589 588//588 590//590
f 589//589 590//590 591//591
f 591//591 590//590 592//592
f 591//591 592//592 593//593
f 593//593 592//592 594//594
f 593//593 594//594 595//595
f 595//595 594//594 596//596
f 595//595 596//596 597//597
f 597//597 596//596 598//598
f 597//597 598//598 568//568
f 568//568 598//598 569//569
f 599//599 600//600 601//601
f 601//601 602//602 599//599
f 599//599 602//602 603//603
f 599//599 603//603 604//604
f 604//604 603//603 605//605
f 604//604 605//605 606//606
f 606//606 605//605 607//607
f 606//606 607//607 608//608
f 608//608 607//607 609//609
f 608//608 609//609 610//610
f 610//610 609//609 611//611
f 610//610 611//611 612//612
f 612//612 611//611 613//613
f 612//612 613//613 614//614
f 615//615 616//616 613//613
f 613//613 617//617 615//615
f 615//615 617//617 618//618
f 615//615 618//618 619//619
f 619//619 618//618 620//620
f 619//619 620//620 621//621
f 621//621 620//620 622//622
f 621//621 622//622 623//623
f 623//623 622//622 624//624
f 623//623 624//624 625//625
f 625//625 624//624 626//626
f 625//625 626//626 627//627
f 627//627 626//626 601//601
f 627//627 601//601 628//628
f 629//629 630//630 631//631
f 629//629 631//631 632//632
f 632//632 631//631 633//633
f 632//632 633//633 634//634
f 634//634 633//633 635//635
f 634//634 635//635 636//636
f 636//636 635//635 637//637
f 636//636 637//637 638//638
f 638//638 637//637 639//639
f 638//638 639//639 640//640
f 640//640 639//639 641//641
f 640//640 641//641 642//642
f 642//642 641//641 643//643
f 642//642 643//643 644//644
f 645//645 630//630 646//646
f 646//646 647//647 645//645
f 645//645 647//647 648//648
f 645//645 648//648 649//649
f 649//649 648//648 650//650
f 649//649 650//650 651//651
f 651//651 650//650 652//652
f 651//651 652//652 653//653
f 653//653 652//652 654//654
f 653//653 654//654 655//655
f 655//655 654//654 656//656
f 655//655 656//656 657//657
f 657//657 656//656 644//644
f 657//657 644//644 643//643
f 658//658 659//659 660//660
f 658//658 660//660 661//661
f 661//661 660//660 662//662
f 661//661 662//662 663//663
f 663//663 662//662 664//664
f 663//663 664//664 665//665
f 665//665 664//664 666//666
f 665//665 666//666 667//667
f 667//667 666//666 668//668
f 667//667 668//668 669//669
f 669//669 668//668 670//670
f 669//669 670//670 671//671
f 671//671 670//670 672//672
f 671//671 672//672 673//673
f 674//674 659//659 658//658
f 658//658 675//675 674//674
f 674//674 675//675 676//676
f 674//674 676//676 677//677
f 677//677 676//676 678//678
f 677//677 678//678 679//679
f 679//679 678//678 680//680
f 679//679 680//680 681//681
f 681//681 680//680 682//682
f 681//681 682//682 683//683
f 683//683 682//682 684//684
f 683//683 684//684 685//685
f 685//685 684//684 686//686
f 685//685 686//686 687//687
f 688//688 689//689 690//690
f 690//690 689//689 691//691
f 690//690 691//691 692//692
f 692//692 691//691 693//693
f 692//692 693//693 694//694
f 694//694 693//693 695//695
f 694//694 695//695 696//696
f 696//696 695//695 697//697
f 696//696 697//697 698//698
f 698//698 697//697 699//699
f 698//698 699//699 700//700
f 700//700 699//699 701//701
f 700//700 701//701 702//702
f 702//702 701//701 703//703
f 702//702 703//703 704//704
f 702//702 704//704 705//705
f 705//705 704//704 706//706
f 705//705 706//706 707//707
f 707//707 706//706 708//708
f 707//707 708//708 709//709
f 709//709 708//708 710//710
f 709//709 710//710 711//711
f 711//711 710//710 712//712
f 711//711 712//712 713//713
f 713//713 712//712 714//714
f 713//713 714//714 715//715
f 715//715 714//714 689//689
f 715//715 689//689 716//716
f 717//717 718//718 719//719
f 717//717 719//719 720//720
f 720//720 719//719 721//721
f 720//720 721//721 722//722
f 722//722 721//721 723//723
f 723//723 721//721 724//724
f 723//723 724//724 725//725
f 725//725 724//724 726//726
f 726//726 724//724 727//727
f 726//726 727//727 728//728
f 728//728 727//727 729//729
f 729//729 727//727 730//730
f 729//729 730//730 731//731
f 731//731 730//730 732//732
f 731//731 732//732 733//733
f 733//733 732//732 734//734
f 733//733 734//734 735//735
f 735//735 734//734 736//736
f 736//736 734//734 737//737
f 736//736 737//737 738//738
f 738//738 737//737 739//739
f 738//738 739//739 740//740
f 740//740 739//739 741//741
f 740//740 741//741 742//742
f 742//742 741//741 743//743
f 742//742 743//743 744//744
f 744//744 743//743 745//745
f 744//744 745//745 746//746
f 746//746 745//745 747//747
f 746//746 747//747 717//717
f 717//717 747//747 718//718
f 748//748 749//749 750//750
f 748//748 750//750 751//751
f 751//751 750//750 752//752
f 751//751 752//752 753//753
f 753//753 752//752 754//754
f 753//753 754//754 755//755
f 756//756 757//757 758//758
f 758//758 757//757 759//759
f 758//758 759//759 760//760
f 760//760 759//759 761//761
f 760//760 761//761 762//762
f 762//762 761//761 763//763
f 762//762 763//763 764//764
f 764//764 763//763 765//765
f 764//764 765//765 766//766
f 766//766 765//765 767//767
f 766//766 767//767 768//768
f 768//768 767//767 769//769
f 768//768 769//769 754//754
f 754//754 769//769 755//755
f 757//757 770//770 771//771
f 757//757 771//771 772//772
f 772//772 771//771 773//773
f 772//772 773//773 774//774
f 774//774 773//773 775//775
f 774//774 775//775 776//776
f 776//776 775//775 777//777
f 777//777 775//775 778//778
f 779//779 780//780 781//781
f 781//781 780//780 782//782
f 781//781 782//782 783//783
f 783//783 782//782 784//784
f 783//783 784//784 785//785
f 785//785 784//784 786//786
f 785//785 786//786 778//778
f 778//778 786//786 777//777
f 787//787 788//788 789//789
f 789//789 788//788 790//790
f 789//789 790//790 791//791
f 791//791 790//790 792//792
f 791//791 792//792 793//793
f 793//793 792//792 794//794
f 793//793 794//794 795//795
f 795//795 794//794 780//780
f 796//796 797//797 798//798
f 798//798 797//797 799//799
f 800//800 788//788 787//787
f 787//787 801//801 800//800
f 800//800 801//801 802//802
f 800//800 802//802 803//803
f 802//802 804//804 803//803
f 803//803 804//804 805//805
f 803//803 805//805 806//806
f 805//805 807//807 806//806
f 806//806 807//807 808//808
f 806//806 808//808 809//809
f 808//808 810//810 809//809
f 809//809 810//810 811//811
f 809//809 811//811 812//812
f 812//812 811//811 813//813
f 812//812 813//813 814//814
f 814//814 813//813 815//815
f 814//814 815//815 816//816
f 815//815 817//817 816//816
f 816//816 817//817 818//818
f 816//816 818//818 819//819
f 818//818 820//820 819//819
f 819//819 820//820 821//821
f 819//819 821//821 822//822
f 821//821 823//823 822//822
f 822//822 823//823 824//824
f 822//822 824//824 825//825
f 824//824 826//826 825//825
f 825//825 826//826 827//827
f 825//825 827//827 828//828
f 827//827 829//829 828//828
f 828//828 829//829 830//830
f 828//828 830//830 831//831
f 830//830 832//832 831//831
f 831//831 832//832 833//833
f 831//831 833//833 834//834
f 833//833 835//835 834//834
f 834//834 835//835 836//836
f 834//834 836//836 837//837
f 836//836 838//838 837//837
f 837//837 838//838 839//839
f 837//837 839//839 840//840
f 839//839 841//841 840//840
f 840//840 841//841 842//842
f 840//840 842//842 843//843
f 843//843 842//842 844//844
f 843//843 844//844 845//845
f 845//845 844//844 846//846
f 845//845 846//846 847//847
f 846//846 848//848 847//847
f 847//847 848//848 849//849
f 847//847 849//849 850//850
f 849//849 851//851 850//850
f 850//850 851//851 852//852
f 850//850 852//852 796//796
f 796//796 852//852 853//853
f 796//796 853//853 797//797
f 854//854 855//855 856//856
f 856//856 855//855 857//857
f 856//856 857//857 858//858
f 858//858 857//857 859//859
f 858//858 859//859 860//860
f 860//860 859//859 861//861
f 860//860 861//861 799//799
f 799//799 861//861 798//798
f 855//855 854//854 748//748
f 748//748 854//854 749//749
f 862//862 863//863 864//864
f 864//864 863//863 865//865
f 864//864 865//865 866//866
f 866//866 865//865 867//867
f 866//866 867//867 868//868
f 868//868 867//867 869//869
f 868//868 869//869 870//870
f 870//870 869//869 871//871
f 870//870 871//871 872//872
f 872//872 871//871 873//873
f 872//872 873//873 874//874
f 874//874 873//873 875//875
f 874//874 875//875 876//876
f 876//876 875//875 877//877
f 876//876 877//877 878//878
f 878//878 877//877 879//879
f 878//878 879//879 880//880
f 880//880 879//879 881//881
f 880//880 881//881 882//882
f 882//882 881//881 883//883
f 882//882 883//883 884//884
f 884//884 883//883 885//885
f 884//884 885//885 886//886
f 886//886 885//885 887//887
f 886//886 887//887 888//888
f 888//888 887//887 889//889
f 888//888 889//889 862//862
f 862//862 889//889 863//863
f 890//890 891//891 892//892
f 892//892 893//893 890//890
f 890//890 893//893 894//894
f 890//890 894//894 895//895
f 894//894 896//896 895//895
f 895//895 896//896 897//897
f 895//895 897//897 898//898
f 897//897 899//899 898//898
f 898//898 899//899 900//900
f 898//898 900//900 901//901
f 901//901 900//900 902//902
f 901//901 902//902 903//903
f 902//902 904//904 903//903
f 903//903 904//904 905//905
f 903//903 905//905 906//906
f 907//907 908//908 909//909
f 909//909 908//908 906//906
f 909//909 906//906 910//910
f 910//910 906//906 905//905
f 911//911 908//908 907//907
f 907//907 912//912 911//911
f 911//911 912//912 913//913
f 911//911 913//913 914//914
f 914//914 913//913 915//915
f 914//914 915//915 916//916
f 916//916 915//915 917//917
f 916//916 917//917 918//918
f 918//918 917//917 919//919
f 918//918 919//919 920//920
f 919//919 921//921 920//920
f 920//920 921//921 922//922
f 920//920 922//922 923//923
f 922//922 924//924 923//923
f 923//923 924//924 925//925
f 923//923 925//925 926//926
f 892//892 891//891 927//927
f 927//927 891//891 926//926
f 927//927 926//926 928//928
f 928//928 926//926 925//925
f 561//561 929//929 558//558
f 558//558 929//929 930//930
f 558//558 930//930 536//536
f 536//536 930//930 537//537
f 535//535 931//931 932//932
f 933//933 539//539 496//496
f 932//932 934//934 535//535
f 535//535 934//934 935//935
f 535//535 935//935 533//533
f 533//533 935//935 936//936
f 533//533 936//936 529//529
f 529//529 936//936 933//933
f 529//529 933//933 526//526
f 526//526 933//933 496//496
f 929//929 937//937 930//930
f 930//930 937//937 938//938
f 930//930 938//938 931//931
f 931//931 938//938 939//939
f 940//940 941//941 942//942
f 942//942 941//941 943//943
f 942//942 943//943 944//944
f 944//944 943//943 945//945
f 944//944 945//945 946//946
f 946//946 945//945 947//947
f 946//946 947//947 948//948
f 948//948 947//947 949//949
f 948//948 949//949 950//950
f 950//950 949//949 951//951
f 950//950 951//951 952//952
f 952//952 951//951 953//953
f 952//952 953//953 954//954
f 954//954 953//953 955//955
f 941//941 940//940 956//956
f 956//956 940//940 957//957
f 956//956 957//957 958//958
f 957//957 573//573 958//958
f 958//958 573//573 959//959
f 958//958 959//959 960//960
f 960//960 959//959 576//576
f 576//576 961//961 960//960
f 960//960 961//961 579//579
f 960//960 579//579 962//962
f 954//954 955//955 963//963
f 963//963 955//955 964//964
f 963//963 964//964 582//582
f 582//582 964//964 962//962
f 582//582 962//962 965//965
f 965//965 962//962 579//579
f 613//613 966//966 617//617
f 617//617 966//966 967//967
f 617//617 967//967 618//618
f 618//618 967//967 968//968
f 618//618 968//968 620//620
f 620//620 968//968 969//969
f 620//620 969//969 622//622
f 622//622 969//969 970//970
f 622//622 970//970 624//624
f 624//624 970//970 971//971
f 624//624 971//971 626//626
f 626//626 971//971 972//972
f 626//626 972//972 973//973
f 973//973 972//972 974//974
f 975//975 974//974 602//602
f 602//602 974//974 976//976
f 602//602 976//976 603//603
f 603//603 976//976 977//977
f 603//603 977//977 605//605
f 605//605 977//977 978//978
f 605//605 978//978 607//607
f 607//607 978//978 979//979
f 607//607 979//979 609//609
f 609//609 979//979 980//980
f 609//609 980//980 611//611
f 611//611 980//980 981//981
f 611//611 981//981 613//613
f 613//613 981//981 966//966
f 646//646 982//982 647//647
f 647//647 982//982 983//983
f 647//647 983//983 648//648
f 648//648 983//983 984//984
f 648//648 984//984 650//650
f 650//650 984//984 985//985
f 650//650 985//985 986//986
f 986//986 985//985 987//987
f 986//986 987//987 654//654
f 654//654 987//987 988//988
f 654//654 988//988 656//656
f 656//656 988//988 989//989
f 656//656 989//989 644//644
f 644//644 989//989 990//990
f 644//644 990//990 991//991
f 991//991 990//990 992//992
f 991//991 992//992 993//993
f 993//993 992//992 994//994
f 993//993 994//994 995//995
f 995//995 994//994 996//996
f 995//995 996//996 636//636
f 636//636 996//996 997//997
f 636//636 997//997 634//634
f 634//634 997//997 998//998
f 634//634 998//998 999//999
f 999//999 998//998 1000//1000
f 999//999 1000//1000 646//646
f 646//646 1000//1000 982//982
f 658//658 1001//1001 675//675
f 675//675 1001//1001 1002//1002
f 675//675 1002//1002 676//676
f 676//676 1002//1002 1003//1003
f 676//676 1003//1003 678//678
f 678//678 1003//1003 1004//1004
f 678//678 1004//1004 1005//1005
f 1005//1005 1004//1004 1006//1006
f 1005//1005 1006//1006 1007//1007
f 1007//1007 1006//1006 1008//1008
f 1007//1007 1008//1008 684//684
f 684//684 1008//1008 1009//1009
f 684//684 1009//1009 686//686
f 686//686 1009//1009 1010//1010
f 686//686 1010//1010 1011//1011
f 1011//1011 1010//1010 1012//1012
f 1011//1011 1012//1012 1013//1013
f 1013//1013 1012//1012 1014//1014
f 1013//1013 1014//1014 1015//1015
f 1015//1015 1014//1014 1016//1016
f 1015//1015 1016//1016 665//665
f 665//665 1016//1016 1017//1017
f 665//665 1017//1017 663//663
f 663//663 1017//1017 1018//1018
f 663//663 1018//1018 1019//1019
f 1019//1019 1018//1018 1020//1020
f 1019//1019 1020//1020 658//658
f 658//658 1020//1020 1001//1001
f 1021//1021 1022//1022 1023//1023
f 1023//1023 1022//1022 1024//1024
f 1023//1023 1024//1024 1025//1025
f 1025//1025 1024//1024 1026//1026
f 1025//1025 1026//1026 1027//1027
f 1027//1027 1026//1026 1028//1028
f 1027//1027 1028//1028 1029//1029
f 1029//1029 1028//1028 1030//1030
f 1029//1029 1030//1030 1031//1031
f 1031//1031 1030//1030 1032//1032
f 1031//1031 1032//1032 1033//1033
f 1033//1033 1032//1032 1034//1034
f 1033//1033 1034//1034 1035//1035
f 1035//1035 1034//1034 1036//1036
f 1022//1022 1021//1021 1037//1037
f 1037//1037 1021//1021 1038//1038
f 1037//1037 1038//1038 1039//1039
f 1038//1038 722//722 1039//1039
f 1039//1039 722//722 1040//1040
f 1039//1039 1040//1040 1041//1041
f 1041//1041 1040//1040 725//725
f 725//725 1042//1042 1041//1041
f 1041//1041 1042//1042 728//728
f 1041//1041 728//728 1043//1043
f 1035//1035 1036//1036 1044//1044
f 1044//1044 1036//1036 1045//1045
f 1044//1044 1045//1045 731//731
f 731//731 1045//1045 1043//1043
f 731//731 1043//1043 1046//1046
f 1046//1046 1043//1043 728//728
f 702//702 1047//1047 1048//1048
f 1048//1048 1047//1047 1049//1049
f 1048//1048 1049//1049 698//698
f 698//698 1049//1049 1050//1050
f 698//698 1050//1050 696//696
f 696//696 1050//1050 1051//1051
f 696//696 1051//1051 694//694
f 694//694 1051//1051 1052//1052
f 694//694 1052//1052 692//692
f 692//692 1052//1052 1053//1053
f 692//692 1053//1053 690//690
f 690//690 1053//1053 1054//1054
f 690//690 1054//1054 688//688
f 688//688 1054//1054 1055//1055
f 716//716 1056//1056 715//715
f 715//715 1056//1056 1057//1057
f 715//715 1057//1057 713//713
f 713//713 1057//1057 1058//1058
f 713//713 1058//1058 711//711
f 711//711 1058//1058 1059//1059
f 711//711 1059//1059 709//709
f 709//709 1059//1059 1060//1060
f 709//709 1060//1060 707//707
f 707//707 1060//1060 1061//1061
f 707//707 1061//1061 705//705
f 705//705 1061//1061 1062//1062
f 705//705 1062//1062 702//702
f 702//702 1062//1062 1047//1047
f 1063//1063 1064//1064 1065//1065
f 1066//1066 1067//1067 1068//1068
f 1068//1068 1067//1067 1063//1063
f 1068//1068 1063//1063 1069//1069
f 1069//1069 1063//1063 1065//1065
f 1066//1066 1070//1070 1067//1067
f 1067//1067 1070//1070 1071//1071
f 1067//1067 1071//1071 1072//1072
f 1072//1072 1071//1071 1073//1073
f 1072//1072 1073//1073 1074//1074
f 1074//1074 1073//1073 1075//1075
f 1074//1074 1075//1075 1076//1076
f 1077//1077 1078//1078 1079//1079
f 1075//1075 1080//1080 1076//1076
f 1076//1076 1080//1080 1081//1081
f 1076//1076 1081//1081 1079//1079
f 1079//1079 1081//1081 1082//1082
f 1079//1079 1082//1082 1077//1077
f 1083//1083 1084//1084 1085//1085
f 1077//1077 1086//1086 1078//1078
f 1078//1078 1086//1086 1087//1087
f 1078//1078 1087//1087 1085//1085
f 1085//1085 1087//1087 1088//1088
f 1085//1085 1088//1088 1083//1083
f 1089//1089 1090//1090 1091//1091
f 1083//1083 1092//1092 1084//1084
f 1084//1084 1092//1092 1093//1093
f 1084//1084 1093//1093 1091//1091
f 1091//1091 1093//1093 1094//1094
f 1091//1091 1094//1094 1089//1089
f 1089//1089 1095//1095 1090//1090
f 1090//1090 1095//1095 1096//1096
f 1090//1090 1096//1096 1097//1097
f 1097//1097 1096//1096 1098//1098
f 1097//1097 1098//1098 1099//1099
f 1098//1098 1100//1100 1099//1099
f 1099//1099 1100//1100 1101//1101
f 1099//1099 1101//1101 1102//1102
f 1101//1101 1103//1103 1102//1102
f 1102//1102 1103//1103 1104//1104
f 1102//1102 1104//1104 1105//1105
f 1105//1105 1104//1104 1106//1106
f 1105//1105 1106//1106 1107//1107
f 1107//1107 1106//1106 1108//1108
f 1107//1107 1108//1108 1109//1109
f 1108//1108 1110//1110 1109//1109
f 1109//1109 1110//1110 1111//1111
f 1109//1109 1111//1111 1112//1112
f 1111//1111 1113//1113 1112//1112
f 1112//1112 1113//1113 1114//1114
f 1112//1112 1114//1114 1115//1115
f 1114//1114 1116//1116 1115//1115
f 1115//1115 1116//1116 1117//1117
f 1115//1115 1117//1117 1118//1118
f 1119//1119 1120//1120 1121//1121
f 1121//1121 1120//1120 1118//1118
f 1121//1121 1118//1118 1122//1122
f 1122//1122 1118//1118 1117//1117
f 1065//1065 1064//1064 1123//1123
f 1123//1123 1064//1064 1124//1124
f 1123//1123 1124//1124 1125//1125
f 1125//1125 1124//1124 1126//1126
f 1125//1125 1126//1126 1127//1127
f 1127//1127 1126//1126 1128//1128
f 1127//1127 1128//1128 1129//1129
f 1129//1129 1128//1128 1130//1130
f 1129//1129 1130//1130 1131//1131
f 1131//1131 1130//1130 1132//1132
f 1133//1133 1134//1134 1135//1135
f 1133//1133 1135//1135 1136//1136
f 1136//1136 1135//1135 1137//1137
f 1136//1136 1137//1137 1138//1138
f 1138//1138 1137//1137 1131//1131
f 1138//1138 1131//1131 1132//1132
f 1134//1134 1133//1133 1139//1139
f 1139//1139 1133//1133 1140//1140
f 1139//1139 1140//1140 1141//1141
f 1141//1141 1140//1140 1142//1142
f 1141//1141 1142//1142 1143//1143
f 1143//1143 1142//1142 1144//1144
f 1143//1143 1144//1144 1145//1145
f 1145//1145 1144//1144 1146//1146
f 1145//1145 1146//1146 1147//1147
f 1147//1147 1146//1146 1148//1148
f 1147//1147 1148//1148 1149//1149
f 1149//1149 1148//1148 1150//1150
f 1149//1149 1150//1150 1151//1151
f 1151//1151 1150//1150 1152//1152
f 1153//1153 1154//1154 1155//1155
f 1153//1153 1155//1155 1156//1156
f 1156//1156 1155//1155 1157//1157
f 1156//1156 1157//1157 1158//1158
f 1158//1158 1157//1157 1151//1151
f 1158//1158 1151//1151 1152//1152
f 1154//1154 1153//1153 1159//1159
f 1159//1159 1153//1153 1160//1160
f 1159//1159 1160//1160 1161//1161
f 1161//1161 1160//1160 1162//1162
f 1161//1161 1162//1162 1163//1163
f 1163//1163 1162//1162 1164//1164
f 1163//1163 1164//1164 1165//1165
f 1165//1165 1164//1164 1166//1166
f 1165//1165 1166//1166 1167//1167
f 1167//1167 1166//1166 1168//1168
f 1167//1167 1169//1169 1170//1170
f 1170//1170 1169//1169 1171//1171
f 1170//1170 1171//1171 1172//1172
f 1172//1172 1171//1171 1173//1173
f 1172//1172 1173//1173 1174//1174
f 1174//1174 1173//1173 1175//1175
f 1174//1174 1175//1175 1119//1119
f 1119//1119 1175//1175 1120//1120
f 749//749 1131//1131 1137//1137
f 749//749 1137//1137 750//750
f 750//750 1137//1137 1135//1135
f 750//750 1135//1135 752//752
f 752//752 1135//1135 1134//1134
f 752//752 1134//1134 754//754
f 754//754 1134//1134 1139//1139
f 754//754 1139//1139 768//768
f 768//768 1139//1139 1141//1141
f 768//768 1141//1141 766//766
f 766//766 1141//1141 1143//1143
f 766//766 1143//1143 764//764
f 764//764 1143//1143 1145//1145
f 764//764 1145//1145 762//762
f 762//762 1145//1145 1147//1147
f 762//762 1147//1147 760//760
f 760//760 1147//1147 1149//1149
f 760//760 1149//1149 758//758
f 758//758 1149//1149 1151//1151
f 758//758 1151//1151 770//770
f 1154//1154 775//775 773//773
f 1154//1154 773//773 1155//1155
f 1155//1155 773//773 771//771
f 1155//1155 771//771 1157//1157
f 1157//1157 771//771 770//770
f 1157//1157 770//770 1151//1151
f 775//775 1154//1154 778//778
f 778//778 1154//1154 1159//1159
f 778//778 1159//1159 1161//1161
f 778//778 1161//1161 785//785
f 785//785 1161//1161 1163//1163
f 785//785 1163//1163 783//783
f 783//783 1163//1163 1165//1165
f 783//783 1165//1165 781//781
f 781//781 1165//1165 1167//1167
f 781//781 1167//1167 795//795
f 1119//1119 787//787 789//789
f 1119//1119 789//789 1174//1174
f 1174//1174 789//789 791//791
f 1174//1174 791//791 1172//1172
f 1172//1172 791//791 793//793
f 1172//1172 793//793 1170//1170
f 1170//1170 793//793 795//795
f 1170//1170 795//795 1167//1167
f 1075//1075 846//846 1080//1080
f 1080//1080 846//846 844//844
f 1080//1080 844//844 1081//1081
f 1081//1081 844//844 842//842
f 1081//1081 842//842 1082//1082
f 1082//1082 842//842 841//841
f 1082//1082 841//841 1077//1077
f 1077//1077 841//841 839//839
f 1077//1077 839//839 1086//1086
f 1086//1086 839//839 838//838
f 1086//1086 838//838 1087//1087
f 1087//1087 838//838 836//836
f 1087//1087 836//836 1088//1088
f 1088//1088 836//836 835//835
f 1088//1088 835//835 1083//1083
f 1083//1083 835//835 833//833
f 1083//1083 833//833 1092//1092
f 1092//1092 833//833 832//832
f 1092//1092 832//832 1093//1093
f 1093//1093 832//832 830//830
f 1093//1093 830//830 1094//1094
f 1094//1094 830//830 829//829
f 1094//1094 829//829 1089//1089
f 1089//1089 829//829 827//827
f 1089//1089 827//827 1095//1095
f 1095//1095 827//827 826//826
f 1095//1095 826//826 1096//1096
f 1096//1096 826//826 824//824
f 1096//1096 824//824 1098//1098
f 1098//1098 824//824 823//823
f 1098//1098 823//823 1100//1100
f 1100//1100 823//823 821//821
f 1100//1100 821//821 1101//1101
f 1101//1101 821//821 820//820
f 1101//1101 820//820 1103//1103
f 1103//1103 820//820 818//818
f 1103//1103 818//818 1104//1104
f 1104//1104 818//818 817//817
f 1104//1104 817//817 1106//1106
f 1106//1106 817//817 815//815
f 1106//1106 815//815 1108//1108
f 1108//1108 815//815 813//813
f 1108//1108 813//813 1110//1110
f 1110//1110 813//813 811//811
f 1110//1110 811//811 1111//1111
f 1111//1111 811//811 810//810
f 1111//1111 810//810 1113//1113
f 1113//1113 810//810 808//808
f 1113//1113 808//808 1114//1114
f 1114//1114 808//808 807//807
f 1114//1114 807//807 1116//1116
f 1116//1116 807//807 805//805
f 1116//1116 805//805 1117//1117
f 1117//1117 805//805 804//804
f 1117//1117 804//804 1122//1122
f 1122//1122 804//804 802//802
f 1122//1122 802//802 1121//1121
f 1121//1121 802//802 801//801
f 1121//1121 801//801 1119//1119
f 1119//1119 801//801 787//787
f 1065//1065 799//799 1069//1069
f 1069//1069 799//799 797//797
f 1069//1069 797//797 1068//1068
f 1068//1068 797//797 853//853
f 1068//1068 853//853 1066//1066
f 1066//1066 853//853 852//852
f 1066//1066 852//852 1070//1070
f 1070//1070 852//852 851//851
f 1070//1070 851//851 1071//1071
f 1071//1071 851//851 849//849
f 1071//1071 849//849 1073//1073
f 1073//1073 849//849 848//848
f 1073//1073 848//848 1075//1075
f 1075//1075 848//848 846//846
f 1129//1129 854//854 1127//1127
f 1127//1127 854//854 856//856
f 1127//1127 856//856 1125//1125
f 1125//1125 856//856 858//858
f 1125//1125 858//858 1123//1123
f 1123//1123 858//858 860//860
f 1123//1123 860//860 1065//1065
f 1065//1065 860//860 799//799
f 749//749 854//854 1131//1131
f 1131//1131 854//854 1129//1129
f 874//874 1176//1176 872//872
f 872//872 1176//1176 1177//1177
f 872//872 1177//1177 870//870
f 870//870 1177//1177 1178//1178
f 870//870 1178//1178 868//868
f 868//868 1178//1178 1179//1179
f 868//868 1179//1179 866//866
f 866//866 1179//1179 1180//1180
f 866//866 1180//1180 864//864
f 864//864 1180//1180 1181//1181
f 864//864 1181//1181 862//862
f 862//862 1181//1181 1182//1182
f 862//862 1182//1182 888//888
f 888//888 1182//1182 1183//1183
f 888//888 1183//1183 886//886
f 886//886 1183//1183 1184//1184
f 1176//1176 874//874 1185//1185
f 1185//1185 874//874 876//876
f 1185//1185 876//876 1186//1186
f 1186//1186 876//876 878//878
f 1186//1186 878//878 1187//1187
f 1187//1187 878//878 880//880
f 1187//1187 880//880 1188//1188
f 1188//1188 880//880 882//882
f 1188//1188 882//882 1184//1184
f 1184//1184 882//882 884//884
f 1184//1184 884//884 886//886
f 892//892 1189//1189 893//893
f 893//893 1189//1189 1190//1190
f 893//893 1190//1190 894//894
f 894//894 1190//1190 896//896
f 896//896 1190//1190 1191//1191
f 896//896 1191//1191 897//897
f 897//897 1191//1191 899//899
f 899//899 1191//1191 1192//1192
f 899//899 1192//1192 900//900
f 1193//1193 904//904 1192//1192
f 1192//1192 904//904 902//902
f 1192//1192 902//902 900//900
f 1194//1194 1195//1195 907//907
f 907//907 909//909 1194//1194
f 1194//1194 909//909 910//910
f 1194//1194 910//910 1193//1193
f 1193//1193 910//910 905//905
f 1193//1193 905//905 904//904
f 907//907 1195//1195 912//912
f 912//912 1195//1195 1196//1196
f 912//912 1196//1196 913//913
f 913//913 1196//1196 915//915
f 915//915 1196//1196 1197//1197
f 915//915 1197//1197 917//917
f 917//917 1197//1197 919//919
f 919//919 1197//1197 1198//1198
f 919//919 1198//1198 921//921
f 921//921 1198//1198 922//922
f 922//922 1198//1198 1199//1199
f 922//922 1199//1199 924//924
f 924//924 1199//1199 925//925
f 925//925 1199//1199 1200//1200
f 925//925 1200//1200 928//928
f 928//928 1200//1200 927//927
f 927//927 1200//1200 1189//1189
f 927//927 1189//1189 892//892
f 1176//1176 1185//1185 1181//1181
f 1177//1177 1176//1176 1178//1178
f 1178//1178 1176//1176 1181//1181
f 1178//1178 1181//1181 1179//1179
f 1179//1179 1181//1181 1180//1180
f 1187//1187 1188//1188 1186//1186
f 1186//1186 1188//1188 1184//1184
f 1186//1186 1184//1184 1185//1185
f 1185//1185 1184//1184 1183//1183
f 1185//1185 1183//1183 1181//1181
f 1181//1181 1183//1183 1182//1182
f 1193//1193 1200//1200 1194//1194
f 1194//1194 1200//1200 1199//1199
f 1196//1196 1195//1195 1197//1197
f 1197//1197 1195//1195 1194//1194
f 1197//1197 1194//1194 1198//1198
f 1198//1198 1194//1194 1199//1199
f 1190//1190 1189//1189 1191//1191
f 1191//1191 1189//1189 1200//1200
f 1191//1191 1200//1200 1192//1192
f 1192//1192 1200//1200 1193//1193
f 433//433 1201//1201 434//434
f 434//434 1201//1201 1202//1202
f 565//565 566//566 1203//1203
f 507//507 1204//1204 508//508
f 610//610 612//612 1205//1205
f 803//803 806//806 1206//1206
f 1206//1206 806//806 809//809
f 901//901 903//903 440//440
f 918//918 920//920 1207//1207
f 508//508 895//895 898//898
f 440//440 903//903 437//437
f 903//903 906//906 437//437
f 437//437 906//906 908//908
f 437//437 908//908 438//438
f 901//901 440//440 898//898
f 898//898 440//440 1208//1208
f 898//898 1208//1208 508//508
f 908//908 911//911 438//438
f 438//438 911//911 914//914
f 438//438 914//914 916//916
f 926//926 891//891 1209//1209
f 895//895 508//508 890//890
f 890//890 508//508 1204//1204
f 890//890 1204//1204 891//891
f 926//926 1209//1209 923//923
f 1206//1206 739//739 737//737
f 1206//1206 737//737 523//523
f 719//719 718//718 822//822
f 739//739 1206//1206 741//741
f 741//741 1206//1206 809//809
f 741//741 809//809 743//743
f 743//743 809//809 812//812
f 743//743 812//812 745//745
f 745//745 812//812 814//814
f 745//745 814//814 747//747
f 747//747 814//814 816//816
f 747//747 816//816 718//718
f 718//718 816//816 819//819
f 718//718 819//819 822//822
f 1210//1210 1211//1211 800//800
f 800//800 1211//1211 788//788
f 788//788 1211//1211 1209//1209
f 788//788 1209//1209 790//790
f 891//891 1204//1204 1209//1209
f 1209//1209 1204//1204 792//792
f 1209//1209 792//792 790//790
f 784//784 782//782 1212//1212
f 1212//1212 782//782 1213//1213
f 1212//1212 1213//1213 794//794
f 757//757 772//772 774//774
f 774//774 776//776 757//757
f 757//757 776//776 777//777
f 757//757 777//777 759//759
f 759//759 777//777 786//786
f 759//759 786//786 761//761
f 786//786 784//784 761//761
f 761//761 784//784 1212//1212
f 761//761 1212//1212 763//763
f 763//763 1212//1212 1214//1214
f 763//763 1214//1214 765//765
f 796//796 798//798 1215//1215
f 798//798 861//861 1215//1215
f 1215//1215 861//861 859//859
f 1215//1215 859//859 857//857
f 751//751 753//753 748//748
f 748//748 753//753 755//755
f 748//748 755//755 855//855
f 855//855 755//755 769//769
f 855//855 769//769 857//857
f 857//857 769//769 767//767
f 857//857 767//767 1215//1215
f 1216//1216 845//845 1217//1217
f 1217//1217 845//845 847//847
f 1217//1217 847//847 1215//1215
f 1215//1215 847//847 850//850
f 1215//1215 850//850 796//796
f 834//834 837//837 1218//1218
f 1218//1218 837//837 840//840
f 1218//1218 840//840 1216//1216
f 1216//1216 840//840 843//843
f 1216//1216 843//843 845//845
f 828//828 604//604 606//606
f 828//828 606//606 825//825
f 604//604 828//828 599//599
f 599//599 828//828 831//831
f 599//599 831//831 600//600
f 600//600 831//831 834//834
f 600//600 834//834 627//627
f 627//627 834//834 1218//1218
f 627//627 1218//1218 625//625
f 1205//1205 519//519 520//520
f 737//737 734//734 523//523
f 523//523 734//734 732//732
f 523//523 732//732 522//522
f 522//522 732//732 730//730
f 522//522 730//730 521//521
f 521//521 730//730 727//727
f 521//521 727//727 520//520
f 520//520 727//727 724//724
f 606//606 608//608 825//825
f 825//825 608//608 610//610
f 825//825 610//610 822//822
f 822//822 610//610 1205//1205
f 822//822 1205//1205 719//719
f 719//719 1205//1205 520//520
f 719//719 520//520 721//721
f 721//721 520//520 724//724
f 643//643 1217//1217 657//657
f 657//657 1217//1217 1203//1203
f 657//657 1203//1203 655//655
f 631//631 1219//1219 633//633
f 633//633 1219//1219 1216//1216
f 633//633 1216//1216 635//635
f 643//643 641//641 1217//1217
f 1217//1217 641//641 639//639
f 1217//1217 639//639 1216//1216
f 1216//1216 639//639 637//637
f 1216//1216 637//637 635//635
f 631//631 630//630 1219//1219
f 1219//1219 630//630 645//645
f 1219//1219 645//645 567//567
f 567//567 645//645 649//649
f 567//567 649//649 566//566
f 566//566 649//649 651//651
f 566//566 651//651 1203//1203
f 1203//1203 651//651 653//653
f 1203//1203 653//653 655//655
f 619//619 621//621 515//515
f 515//515 621//621 623//623
f 515//515 623//623 514//514
f 619//619 515//515 615//615
f 615//615 515//515 516//516
f 615//615 516//516 616//616
f 616//616 516//516 612//612
f 612//612 516//516 517//517
f 612//612 517//517 1205//1205
f 1205//1205 517//517 518//518
f 1205//1205 518//518 519//519
f 1220//1220 1221//1221 507//507
f 507//507 1221//1221 1212//1212
f 507//507 1212//1212 1204//1204
f 1204//1204 1212//1212 794//794
f 1204//1204 794//794 792//792
f 436//436 439//439 677//677
f 677//677 679//679 436//436
f 436//436 679//679 681//681
f 436//436 681//681 435//435
f 435//435 681//681 683//683
f 435//435 683//683 685//685
f 664//664 662//662 1207//1207
f 1207//1207 662//662 438//438
f 1207//1207 438//438 918//918
f 918//918 438//438 916//916
f 687//687 670//670 1222//1222
f 1222//1222 670//670 668//668
f 1222//1222 668//668 1207//1207
f 1207//1207 668//668 666//666
f 1207//1207 666//666 664//664
f 662//662 660//660 438//438
f 438//438 660//660 659//659
f 438//438 659//659 439//439
f 439//439 659//659 674//674
f 439//439 674//674 677//677
f 525//525 509//509 1223//1223
f 1223//1223 509//509 435//435
f 1223//1223 435//435 1222//1222
f 1222//1222 435//435 685//685
f 1222//1222 685//685 687//687
f 800//800 803//803 1210//1210
f 1210//1210 803//803 1206//1206
f 1210//1210 1206//1206 524//524
f 524//524 1206//1206 523//523
f 875//875 873//873 1219//1219
f 877//877 875//875 510//510
f 510//510 875//875 1219//1219
f 510//510 1219//1219 511//511
f 511//511 1219//1219 567//567
f 867//867 1216//1216 869//869
f 869//869 1216//1216 1219//1219
f 869//869 1219//1219 871//871
f 871//871 1219//1219 873//873
f 889//889 1218//1218 863//863
f 863//863 1218//1218 1216//1216
f 863//863 1216//1216 865//865
f 865//865 1216//1216 867//867
f 889//889 887//887 1218//1218
f 1218//1218 887//887 885//885
f 1218//1218 885//885 883//883
f 623//623 625//625 514//514
f 514//514 625//625 1218//1218
f 514//514 1218//1218 513//513
f 513//513 1218//1218 883//883
f 513//513 883//883 512//512
f 512//512 883//883 881//881
f 512//512 881//881 510//510
f 510//510 881//881 879//879
f 510//510 879//879 877//877
f 590//590 588//588 1214//1214
f 588//588 585//585 1214//1214
f 1214//1214 585//585 583//583
f 1214//1214 583//583 581//581
f 581//581 578//578 1214//1214
f 1214//1214 578//578 1215//1215
f 1214//1214 1215//1215 765//765
f 765//765 1215//1215 767//767
f 569//569 598//598 560//560
f 578//578 575//575 1215//1215
f 1215//1215 575//575 572//572
f 1215//1215 572//572 570//570
f 560//560 598//598 1224//1224
f 598//598 596//596 1224//1224
f 1224//1224 596//596 594//594
f 1224//1224 594//594 1225//1225
f 1225//1225 594//594 592//592
f 569//569 560//560 570//570
f 570//570 560//560 562//562
f 570//570 562//562 1215//1215
f 1215//1215 562//562 563//563
f 1215//1215 563//563 1217//1217
f 1217//1217 563//563 559//559
f 1217//1217 559//559 1203//1203
f 1203//1203 559//559 564//564
f 1203//1203 564//564 565//565
f 1221//1221 699//699 697//697
f 1212//1212 693//693 691//691
f 710//710 708//708 1214//1214
f 1221//1221 697//697 1212//1212
f 1212//1212 697//697 695//695
f 1212//1212 695//695 693//693
f 691//691 689//689 1212//1212
f 1212//1212 689//689 714//714
f 1212//1212 714//714 1214//1214
f 1214//1214 714//714 712//712
f 1214//1214 712//712 710//710
f 708//708 706//706 1214//1214
f 1214//1214 706//706 1225//1225
f 1214//1214 1225//1225 590//590
f 590//590 1225//1225 592//592
f 706//706 704//704 1225//1225
f 1225//1225 704//704 703//703
f 1225//1225 703//703 1221//1221
f 1221//1221 703//703 701//701
f 1221//1221 701//701 699//699
f 920//920 923//923 1207//1207
f 1207//1207 923//923 1209//1209
f 1207//1207 1209//1209 1222//1222
f 1222//1222 1209//1209 1211//1211
f 1222//1222 1211//1211 1223//1223
f 1223//1223 1211//1211 1210//1210
f 1223//1223 1210//1210 525//525
f 525//525 1210//1210 524//524
f 503//503 502//502 1226//1226
f 541//541 543//543 1227//1227
f 1227//1227 543//543 1228//1228
f 932//932 938//938 1229//1229
f 937//937 1230//1230 1231//1231
f 1078//1078 1232//1232 1233//1233
f 1232//1232 1078//1078 1085//1085
f 1168//1168 1234//1234 1171//1171
f 1171//1171 1234//1234 1235//1235
f 1171//1171 1235//1235 1173//1173
f 1168//1168 1166//1166 1234//1234
f 1234//1234 1166//1166 1164//1164
f 1234//1234 1164//1164 1162//1162
f 1120//1120 1175//1175 1226//1226
f 1226//1226 1175//1175 1173//1173
f 1032//1032 1228//1228 1034//1034
f 1034//1034 1228//1228 543//543
f 1034//1034 543//543 1036//1036
f 1036//1036 543//543 545//545
f 1036//1036 545//545 1045//1045
f 972//972 971//971 555//555
f 555//555 971//971 554//554
f 1118//1118 1227//1227 1115//1115
f 1115//1115 1227//1227 1228//1228
f 1115//1115 1228//1228 1112//1112
f 1112//1112 1228//1228 1032//1032
f 1112//1112 1032//1032 1109//1109
f 1109//1109 1032//1032 1030//1030
f 1109//1109 1030//1030 1107//1107
f 1107//1107 1030//1030 1028//1028
f 1107//1107 1028//1028 1105//1105
f 1105//1105 1028//1028 1026//1026
f 1105//1105 1026//1026 1102//1102
f 1102//1102 1026//1026 1024//1024
f 1102//1102 1024//1024 1099//1099
f 1099//1099 1024//1024 1022//1022
f 1099//1099 1022//1022 1097//1097
f 1097//1097 1022//1022 1236//1236
f 1097//1097 1236//1236 1090//1090
f 1091//1091 977//977 1084//1084
f 1084//1084 977//977 976//976
f 1084//1084 976//976 1085//1085
f 1085//1085 976//976 974//974
f 1085//1085 974//974 1232//1232
f 1232//1232 974//974 972//972
f 1072//1072 1237//1237 1067//1067
f 1067//1067 1237//1237 1238//1238
f 1067//1067 1238//1238 1063//1063
f 1074//1074 1076//1076 1233//1233
f 1233//1233 1076//1076 1079//1079
f 1233//1233 1079//1079 1078//1078
f 1156//1156 1158//1158 1153//1153
f 1153//1153 1158//1158 1152//1152
f 1153//1153 1152//1152 1160//1160
f 1160//1160 1152//1152 1150//1150
f 1160//1160 1150//1150 1162//1162
f 1162//1162 1150//1150 1148//1148
f 1162//1162 1148//1148 1234//1234
f 1234//1234 1148//1148 1146//1146
f 1234//1234 1146//1146 1239//1239
f 1239//1239 1146//1146 1144//1144
f 1239//1239 1144//1144 1240//1240
f 1240//1240 1144//1144 1142//1142
f 1133//1133 1136//1136 1138//1138
f 1138//1138 1132//1132 1133//1133
f 1133//1133 1132//1132 1130//1130
f 1133//1133 1130//1130 1140//1140
f 1140//1140 1130//1130 1128//1128
f 1140//1140 1128//1128 1142//1142
f 1142//1142 1128//1128 1126//1126
f 1142//1142 1126//1126 1240//1240
f 1240//1240 1126//1126 1124//1124
f 1240//1240 1124//1124 1064//1064
f 1045//1045 545//545 1043//1043
f 1043//1043 545//545 546//546
f 1043//1043 546//546 1041//1041
f 546//546 547//547 1041//1041
f 1041//1041 547//547 548//548
f 1041//1041 548//548 1039//1039
f 1039//1039 548//548 1236//1236
f 1039//1039 1236//1236 1037//1037
f 1037//1037 1236//1236 1022//1022
f 971//971 970//970 554//554
f 554//554 970//970 969//969
f 554//554 969//969 553//553
f 553//553 969//969 968//968
f 553//553 968//968 552//552
f 548//548 549//549 1236//1236
f 1236//1236 549//549 550//550
f 1236//1236 550//550 551//551
f 968//968 967//967 552//552
f 552//552 967//967 966//966
f 552//552 966//966 551//551
f 551//551 966//966 981//981
f 551//551 981//981 1236//1236
f 1236//1236 981//981 980//980
f 1236//1236 980//980 1090//1090
f 1090//1090 980//980 979//979
f 1090//1090 979//979 1091//1091
f 1091//1091 979//979 978//978
f 1091//1091 978//978 977//977
f 1072//1072 1074//1074 1237//1237
f 1237//1237 1074//1074 1233//1233
f 1237//1237 1233//1233 1241//1241
f 1241//1241 1233//1233 1242//1242
f 936//936 1243//1243 933//933
f 933//933 1243//1243 1244//1244
f 933//933 1244//1244 539//539
f 538//538 1245//1245 1233//1233
f 1233//1233 1245//1245 1246//1246
f 1233//1233 1246//1246 1242//1242
f 1241//1241 1247//1247 1237//1237
f 1237//1237 1247//1247 1248//1248
f 1237//1237 1248//1248 934//934
f 934//934 1248//1248 1249//1249
f 934//934 1249//1249 935//935
f 935//935 1249//1249 1250//1250
f 935//935 1250//1250 936//936
f 936//936 1250//1250 1251//1251
f 936//936 1251//1251 1243//1243
f 1244//1244 1252//1252 539//539
f 539//539 1252//1252 1253//1253
f 539//539 1253//1253 538//538
f 538//538 1253//1253 1254//1254
f 538//538 1254//1254 1245//1245
f 972//972 555//555 1232//1232
f 1232//1232 555//555 556//556
f 1232//1232 556//556 1233//1233
f 1233//1233 556//556 557//557
f 1233//1233 557//557 538//538
f 1226//1226 1255//1255 1256//1256
f 1118//1118 1120//1120 1227//1227
f 1227//1227 1120//1120 1226//1226
f 1227//1227 1226//1226 1257//1257
f 1257//1257 1226//1226 1256//1256
f 1258//1258 1259//1259 498//498
f 498//498 1259//1259 1260//1260
f 498//498 1260//1260 499//499
f 1260//1260 1261//1261 499//499
f 499//499 1261//1261 1262//1262
f 499//499 1262//1262 500//500
f 500//500 1262//1262 1263//1263
f 500//500 1263//1263 501//501
f 501//501 1263//1263 1264//1264
f 501//501 1264//1264 502//502
f 502//502 1264//1264 1265//1265
f 502//502 1265//1265 1226//1226
f 1226//1226 1265//1265 1266//1266
f 1226//1226 1266//1266 1255//1255
f 498//498 540//540 1258//1258
f 1258//1258 540//540 541//541
f 1258//1258 541//541 1267//1267
f 1267//1267 541//541 1227//1227
f 1267//1267 1227//1227 1268//1268
f 1268//1268 1227//1227 1257//1257
f 503//503 1226//1226 505//505
f 505//505 1226//1226 1269//1269
f 505//505 1269//1269 506//506
f 506//506 1269//1269 1270//1270
f 506//506 1270//1270 1271//1271
f 934//934 932//932 1237//1237
f 1237//1237 932//932 1229//1229
f 1237//1237 1229//1229 1238//1238
f 1238//1238 1229//1229 1240//1240
f 1238//1238 1240//1240 1063//1063
f 1063//1063 1240//1240 1064//1064
f 1173//1173 1235//1235 1226//1226
f 1226//1226 1235//1235 1234//1234
f 1226//1226 1234//1234 1269//1269
f 1269//1269 1234//1234 1272//1272
f 1269//1269 1272//1272 1270//1270
f 1272//1272 1050//1050 1049//1049
f 1239//1239 1060//1060 1059//1059
f 1272//1272 1049//1049 1273//1273
f 1049//1049 1047//1047 1273//1273
f 1273//1273 1047//1047 1062//1062
f 1273//1273 1062//1062 1239//1239
f 1239//1239 1062//1062 1061//1061
f 1239//1239 1061//1061 1060//1060
f 1054//1054 1053//1053 1234//1234
f 1234//1234 1053//1053 1052//1052
f 1234//1234 1052//1052 1272//1272
f 1272//1272 1052//1052 1051//1051
f 1272//1272 1051//1051 1050//1050
f 1059//1059 1058//1058 1239//1239
f 1239//1239 1058//1058 1057//1057
f 1239//1239 1057//1057 1234//1234
f 1234//1234 1057//1057 1055//1055
f 1234//1234 1055//1055 1054//1054
f 943//943 941//941 1240//1240
f 1240//1240 941//941 956//956
f 962//962 1239//1239 960//960
f 960//960 1239//1239 1240//1240
f 960//960 1240//1240 958//958
f 958//958 1240//1240 956//956
f 962//962 964//964 1239//1239
f 1239//1239 964//964 955//955
f 1239//1239 955//955 1273//1273
f 1273//1273 955//955 953//953
f 953//953 951//951 1273//1273
f 1273//1273 951//951 949//949
f 1273//1273 949//949 1274//1274
f 1274//1274 949//949 947//947
f 1274//1274 947//947 945//945
f 938//938 937//937 1229//1229
f 1229//1229 937//937 1231//1231
f 1229//1229 1231//1231 1240//1240
f 1240//1240 1231//1231 1274//1274
f 1240//1240 1274//1274 943//943
f 943//943 1274//1274 945//945
f 433//433 506//506 1201//1201
f 1201//1201 506//506 1271//1271
f 434//434 1202//1202 507//507
f 507//507 1202//1202 1220//1220
f 560//560 1224//1224 561//561
f 561//561 1224//1224 1275//1275
f 937//937 929//929 1230//1230
f 1230//1230 929//929 1276//1276
f 561//561 1275//1275 929//929
f 929//929 1275//1275 1276//1276
f 1277//1277 1278//1278 1279//1279
f 1279//1279 1278//1278 1280//1280
f 1281//1281 1282//1282 1283//1283
f 1283//1283 1282//1282 1279//1279
f 1283//1283 1279//1279 1284//1284
f 1284//1284 1279//1279 1280//1280
f 1231//1231 1230//1230 1277//1277
f 1279//1279 1271//1271 1270//1270
f 1270//1270 1272//1272 1279//1279
f 1279//1279 1272//1272 1273//1273
f 1279//1279 1273//1273 1277//1277
f 1277//1277 1273//1273 1274//1274
f 1277//1277 1274//1274 1231//1231
f 1230//1230 1276//1276 1277//1277
f 1277//1277 1276//1276 1278//1278
f 1278//1278 1276//1276 1280//1280
f 1280//1280 1276//1276 1275//1275
f 1280//1280 1275//1275 1284//1284
f 1284//1284 1275//1275 1224//1224
f 1284//1284 1224//1224 1225//1225
f 1284//1284 1225//1225 1283//1283
f 1283//1283 1225//1225 1221//1221
f 1283//1283 1221//1221 1220//1220
f 1283//1283 1220//1220 1281//1281
f 1281//1281 1220//1220 1202//1202
f 1202//1202 1201//1201 1281//1281
f 1281//1281 1201//1201 1282//1282
f 1201//1201 1271//1271 1282//1282
f 1282//1282 1271//1271 1279//1279
f 1285//1285 1286//1286 1287//1287
f 1287//1287 1288//1288 1289//1289
f 1289//1289 1288//1288 1290//1290
f 1291//1291 1292//1292 1293//1293
f 1293//1293 1292//1292 1289//1289
f 1293//1293 1289//1289 1294//1294
f 1294//1294 1289//1289 1290//1290
f 1295//1295 1285//1285 1296//1296
f 1296//1296 1285//1285 1287//1287
f 1296//1296 1287//1287 1297//1297
f 1297//1297 1287//1287 1289//1289
f 1298//1298 1299//1299 1300//1300
f 1301//1301 1299//1299 1298//1298
f 1302//1302 1301//1301 1298//1298
f 1298//1298 1303//1303 1304//1304
f 1305//1305 1303//1303 1298//1298
f 1300//1300 1305//1305 1298//1298
f 1298//1298 1304//1304 1306//1306
f 1298//1298 1307//1307 1308//1308
f 1309//1309 1307//1307 1298//1298
f 1306//1306 1309//1309 1298//1298
f 1298//1298 1310//1310 1302//1302
f 1311//1311 1310//1310 1298//1298
f 1308//1308 1311//1311 1298//1298
f 1297//1297 1304//1304 1296//1296
f 1296//1296 1304//1304 1303//1303
f 1296//1296 1303//1303 1295//1295
f 1295//1295 1303//1303 1305//1305
f 1295//1295 1305//1305 1285//1285
f 1285//1285 1305//1305 1300//1300
f 1285//1285 1300//1300 1286//1286
f 1286//1286 1300//1300 1299//1299
f 1286//1286 1299//1299 1287//1287
f 1287//1287 1299//1299 1301//1301
f 1287//1287 1301//1301 1288//1288
f 1288//1288 1301//1301 1302//1302
f 1288//1288 1302//1302 1290//1290
f 1290//1290 1302//1302 1310//1310
f 1290//1290 1310//1310 1294//1294
f 1294//1294 1310//1310 1311//1311
f 1294//1294 1311//1311 1293//1293
f 1293//1293 1311//1311 1308//1308
f 1293//1293 1308//1308 1291//1291
f 1291//1291 1308//1308 1307//1307
f 1291//1291 1307//1307 1292//1292
f 1292//1292 1307//1307 1309//1309
f 1292//1292 1309//1309 1289//1289
f 1289//1289 1309//1309 1306//1306
f 1289//1289 1306//1306 1297//1297
f 1297//1297 1306//1306 1304//1304
f 1312//1312 1313//1313 1314//1314
f 1314//1314 1313//1313 1315//1315
f 1316//1316 1317//1317 1318//1318
f 1318//1318 1317//1317 1319//1319
f 1318//1318 1319//1319 1320//1320
f 1320//1320 1319//1319 1321//1321
f 1322//1322 1314//1314 1323//1323
f 1323//1323 1314//1314 1315//1315
f 1323//1323 1315//1315 1324//1324
f 1324//1324 1315//1315 1321//1321
f 1324//1324 1321//1321 1325//1325
f 1325//1325 1321//1321 1319//1319
f 1326//1326 1327//1327 1328//1328
f 1329//1329 1330//1330 1326//1326
f 1331//1331 1332//1332 1326//1326
f 1333//1333 1334//1334 1326//1326
f 1326//1326 1335//1335 1336//1336
f 1337//1337 1335//1335 1326//1326
f 1334//1334 1337//1337 1326//1326
f 1332//1332 1333//1333 1326//1326
f 1330//1330 1331//1331 1326//1326
f 1328//1328 1329//1329 1326//1326
f 1326//1326 1336//1336 1338//1338
f 1326//1326 1339//1339 1340//1340
f 1341//1341 1339//1339 1326//1326
f 1338//1338 1341//1341 1326//1326
f 1326//1326 1342//1342 1327//1327
f 1343//1343 1342//1342 1326//1326
f 1340//1340 1343//1343 1326//1326
f 1325//1325 1336//1336 1335//1335
f 1325//1325 1335//1335 1324//1324
f 1324//1324 1335//1335 1337//1337
f 1324//1324 1337//1337 1323//1323
f 1323//1323 1337//1337 1334//1334
f 1323//1323 1334//1334 1322//1322
f 1334//1334 1333//1333 1322//1322
f 1322//1322 1333//1333 1332//1332
f 1322//1322 1332//1332 1314//1314
f 1314//1314 1332//1332 1331//1331
f 1314//1314 1331//1331 1312//1312
f 1312//1312 1331//1331 1330//1330
f 1330//1330 1329//1329 1312//1312
f 1312//1312 1329//1329 1328//1328
f 1312//1312 1328//1328 1313//1313
f 1313//1313 1328//1328 1327//1327
f 1313//1313 1327//1327 1315//1315
f 1315//1315 1327//1327 1321//1321
f 1321//1321 1327//1327 1342//1342
f 1321//1321 1342//1342 1320//1320
f 1320//1320 1342//1342 1343//1343
f 1320//1320 1343//1343 1318//1318
f 1318//1318 1343//1343 1340//1340
f 1318//1318 1340//1340 1316//1316
f 1316//1316 1340//1340 1339//1339
f 1316//1316 1339//1339 1317//1317
f 1317//1317 1339//1339 1341//1341
f 1317//1317 1341//1341 1319//1319
f 1319//1319 1341//1341 1338//1338
f 1319//1319 1338//1338 1325//1325
f 1325//1325 1338//1338 1336//1336
f 1344//1344 1345//1345 1346//1346
f 1345//1345 1347//1347 1346//1346
f 1346//1346 1347//1347 1348//1348
f 1346//1346 1348//1348 1349//1349
f 1350//1350 1351//1351 1352//1352
f 1352//1352 1351//1351 1353//1353
f 1352//1352 1353//1353 1354//1354
f 1354//1354 1353//1353 1355//1355
f 1356//1356 1357//1357 1358//1358
f 1358//1358 1357//1357 1351//1351
f 1358//1358 1351//1351 1359//1359
f 1359//1359 1351//1351 1350//1350
f 1359//1359 1350//1350 1360//1360
f 1360//1360 1350//1350 1361//1361
f 1362//1362 1363//1363 1364//1364
f 1365//1365 1366//1366 1353//1353
f 1362//1362 1364//1364 1348//1348
f 1348//1348 1364//1364 1367//1367
f 1348//1348 1367//1367 1349//1349
f 1365//1365 1353//1353 1368//1368
f 1366//1366 1369//1369 1353//1353
f 1353//1353 1369//1369 1370//1370
f 1353//1353 1370//1370 1355//1355
f 1344//1344 1346//1346 1353//1353
f 1353//1353 1346//1346 1371//1371
f 1353//1353 1371//1371 1368//1368
f 1372//1372 1373//1373 1374//1374
f 1374//1374 1373//1373 1375//1375
f 1376//1376 1377//1377 1373//1373
f 1373//1373 1377//1377 1378//1378
f 1373//1373 1378//1378 1379//1379
f 1380//1380 1381//1381 1374//1374
f 1374//1374 1381//1381 1382//1382
f 1374//1374 1382//1382 1372//1372
f 1383//1383 1384//1384 1385//1385
f 1385//1385 1384//1384 1375//1375
f 1385//1385 1375//1375 1386//1386
f 1386//1386 1375//1375 1373//1373
f 1386//1386 1373//1373 1387//1387
f 1387//1387 1373//1373 1379//1379
f 1388//1388 1373//1373 1389//1389
f 1389//1389 1390//1390 1388//1388
f 1388//1388 1390//1390 1391//1391
f 1388//1388 1391//1391 1392//1392
f 1392//1392 1393//1393 1388//1388
f 1388//1388 1393//1393 1394//1394
f 1388//1388 1394//1394 1395//1395
f 1388//1388 1396//1396 1373//1373
f 1373//1373 1396//1396 1397//1397
f 1373//1373 1397//1397 1398//1398
f 1398//1398 1399//1399 1373//1373
f 1373//1373 1399//1399 1400//1400
f 1373//1373 1400//1400 1376//1376
f 1373//1373 1401//1401 1402//1402
f 1373//1373 1402//1402 1389//1389
f 1389//1389 1402//1402 1403//1403
f 1389//1389 1403//1403 1390//1390
f 1403//1403 1404//1404 1390//1390
f 1390//1390 1404//1404 1405//1405
f 1390//1390 1405//1405 1391//1391
f 1405//1405 1406//1406 1391//1391
f 1391//1391 1406//1406 1407//1407
f 1391//1391 1407//1407 1392//1392
f 1407//1407 1408//1408 1392//1392
f 1392//1392 1408//1408 1409//1409
f 1392//1392 1409//1409 1393//1393
f 1409//1409 1410//1410 1393//1393
f 1393//1393 1410//1410 1411//1411
f 1393//1393 1411//1411 1394//1394
f 1394//1394 1411//1411 1412//1412
f 1412//1412 1413//1413 1394//1394
f 1394//1394 1413//1413 1414//1414
f 1394//1394 1414//1414 1395//1395
f 1414//1414 1415//1415 1395//1395
f 1395//1395 1415//1415 1416//1416
f 1395//1395 1416//1416 1388//1388
f 1388//1388 1416//1416 1417//1417
f 1388//1388 1417//1417 1396//1396
f 1396//1396 1417//1417 1418//1418
f 1396//1396 1418//1418 1397//1397
f 1418//1418 1419//1419 1397//1397
f 1397//1397 1419//1419 1420//1420
f 1397//1397 1420//1420 1398//1398
f 1420//1420 1421//1421 1398//1398
f 1398//1398 1421//1421 1422//1422
f 1398//1398 1422//1422 1399//1399
f 1422//1422 1423//1423 1399//1399
f 1399//1399 1423//1423 1424//1424
f 1399//1399 1424//1424 1400//1400
f 1424//1424 1425//1425 1400//1400
f 1400//1400 1425//1425 1426//1426
f 1400//1400 1426//1426 1376//1376
f 1426//1426 1427//1427 1376//1376
f 1376//1376 1427//1427 1428//1428
f 1376//1376 1428//1428 1377//1377
f 1377//1377 1428//1428 1429//1429
f 1377//1377 1429//1429 1378//1378
f 1378//1378 1429//1429 1430//1430
f 1378//1378 1430//1430 1379//1379
f 1430//1430 1431//1431 1379//1379
f 1379//1379 1431//1431 1432//1432
f 1379//1379 1432//1432 1387//1387
f 1433//1433 1386//1386 1434//1434
f 1434//1434 1386//1386 1387//1387
f 1434//1434 1387//1387 1435//1435
f 1435//1435 1387//1387 1432//1432
f 1373//1373 1372//1372 1401//1401
f 1401//1401 1372//1372 1436//1436
f 1437//1437 1418//1418 1438//1438
f 1438//1438 1418//1418 1417//1417
f 1438//1438 1417//1417 1439//1439
f 1439//1439 1417//1417 1416//1416
f 1439//1439 1416//1416 1440//1440
f 1440//1440 1416//1416 1415//1415
f 1440//1440 1415//1415 1441//1441
f 1441//1441 1415//1415 1414//1414
f 1441//1441 1414//1414 1442//1442
f 1442//1442 1414//1414 1413//1413
f 1442//1442 1413//1413 1443//1443
f 1443//1443 1413//1413 1412//1412
f 1443//1443 1412//1412 1444//1444
f 1444//1444 1412//1412 1411//1411
f 1444//1444 1411//1411 1445//1445
f 1445//1445 1411//1411 1410//1410
f 1445//1445 1410//1410 1446//1446
f 1446//1446 1410//1410 1409//1409
f 1446//1446 1409//1409 1447//1447
f 1447//1447 1409//1409 1408//1408
f 1447//1447 1408//1408 1448//1448
f 1448//1448 1408//1408 1407//1407
f 1448//1448 1407//1407 1449//1449
f 1449//1449 1407//1407 1406//1406
f 1449//1449 1406//1406 1450//1450
f 1450//1450 1406//1406 1405//1405
f 1450//1450 1405//1405 1451//1451
f 1451//1451 1405//1405 1404//1404
f 1451//1451 1404//1404 1452//1452
f 1452//1452 1404//1404 1403//1403
f 1452//1452 1403//1403 1453//1453
f 1403//1403 1402//1402 1453//1453
f 1453//1453 1402//1402 1401//1401
f 1453//1453 1401//1401 1454//1454
f 1418//1418 1437//1437 1419//1419
f 1419//1419 1437//1437 1455//1455
f 1419//1419 1455//1455 1420//1420
f 1420//1420 1455//1455 1456//1456
f 1420//1420 1456//1456 1421//1421
f 1421//1421 1456//1456 1457//1457
f 1421//1421 1457//1457 1422//1422
f 1422//1422 1457//1457 1458//1458
f 1422//1422 1458//1458 1423//1423
f 1423//1423 1458//1458 1459//1459
f 1423//1423 1459//1459 1424//1424
f 1424//1424 1459//1459 1460//1460
f 1424//1424 1460//1460 1425//1425
f 1425//1425 1460//1460 1461//1461
f 1425//1425 1461//1461 1426//1426
f 1426//1426 1461//1461 1462//1462
f 1426//1426 1462//1462 1427//1427
f 1427//1427 1462//1462 1463//1463
f 1427//1427 1463//1463 1428//1428
f 1428//1428 1463//1463 1464//1464
f 1428//1428 1464//1464 1429//1429
f 1429//1429 1464//1464 1465//1465
f 1429//1429 1465//1465 1430//1430
f 1430//1430 1465//1465 1466//1466
f 1430//1430 1466//1466 1431//1431
f 1431//1431 1466//1466 1467//1467
f 1431//1431 1467//1467 1432//1432
f 1432//1432 1467//1467 1468//1468
f 1432//1432 1468//1468 1435//1435
f 1435//1435 1468//1468 1469//1469
f 1435//1435 1469//1469 1434//1434
f 1434//1434 1469//1469 1470//1470
f 1434//1434 1470//1470 1433//1433
f 1433//1433 1471//1471 1386//1386
f 1386//1386 1471//1471 1385//1385
f 1374//1374 1472//1472 1473//1473
f 1374//1374 1473//1473 1380//1380
f 1380//1380 1473//1473 1474//1474
f 1380//1380 1474//1474 1381//1381
f 1381//1381 1474//1474 1475//1475
f 1381//1381 1475//1475 1382//1382
f 1382//1382 1475//1475 1436//1436
f 1382//1382 1436//1436 1372//1372
f 1454//1454 1401//1401 1476//1476
f 1476//1476 1401//1401 1436//1436
f 1385//1385 1471//1471 1477//1477
f 1385//1385 1477//1477 1383//1383
f 1383//1383 1477//1477 1478//1478
f 1383//1383 1478//1478 1384//1384
f 1384//1384 1478//1478 1479//1479
f 1384//1384 1479//1479 1375//1375
f 1345//1345 1344//1344 1469//1469
f 1469//1469 1344//1344 1353//1353
f 1469//1469 1353//1353 1470//1470
f 1469//1469 1468//1468 1345//1345
f 1345//1345 1468//1468 1467//1467
f 1345//1345 1467//1467 1347//1347
f 1347//1347 1467//1467 1466//1466
f 1347//1347 1466//1466 1348//1348
f 1348//1348 1466//1466 1465//1465
f 1348//1348 1465//1465 1362//1362
f 1465//1465 1464//1464 1362//1362
f 1362//1362 1464//1464 1463//1463
f 1362//1362 1463//1463 1363//1363
f 1463//1463 1462//1462 1363//1363
f 1363//1363 1462//1462 1461//1461
f 1363//1363 1461//1461 1364//1364
f 1364//1364 1461//1461 1460//1460
f 1460//1460 1459//1459 1364//1364
f 1364//1364 1459//1459 1458//1458
f 1364//1364 1458//1458 1367//1367
f 1458//1458 1457//1457 1367//1367
f 1367//1367 1457//1457 1456//1456
f 1367//1367 1456//1456 1349//1349
f 1349//1349 1456//1456 1455//1455
f 1349//1349 1455//1455 1346//1346
f 1346//1346 1455//1455 1437//1437
f 1346//1346 1437//1437 1371//1371
f 1437//1437 1438//1438 1371//1371
f 1371//1371 1438//1438 1439//1439
f 1371//1371 1439//1439 1368//1368
f 1439//1439 1440//1440 1368//1368
f 1368//1368 1440//1440 1441//1441
f 1368//1368 1441//1441 1365//1365
f 1441//1441 1442//1442 1365//1365
f 1365//1365 1442//1442 1443//1443
f 1365//1365 1443//1443 1366//1366
f 1443//1443 1444//1444 1366//1366
f 1366//1366 1444//1444 1445//1445
f 1366//1366 1445//1445 1369//1369
f 1445//1445 1446//1446 1369//1369
f 1369//1369 1446//1446 1447//1447
f 1369//1369 1447//1447 1370//1370
f 1447//1447 1448//1448 1370//1370
f 1370//1370 1448//1448 1449//1449
f 1370//1370 1449//1449 1355//1355
f 1449//1449 1450//1450 1355//1355
f 1355//1355 1450//1450 1451//1451
f 1355//1355 1451//1451 1354//1354
f 1454//1454 1352//1352 1453//1453
f 1453//1453 1352//1352 1354//1354
f 1453//1453 1354//1354 1452//1452
f 1452//1452 1354//1354 1451//1451
f 1470//1470 1480//1480 1433//1433
f 1433//1433 1480//1480 1471//1471
f 1472//1472 1374//1374 1479//1479
f 1479//1479 1374//1374 1375//1375
f 1472//1472 1481//1481 1482//1482
f 1472//1472 1482//1482 1473//1473
f 1473//1473 1482//1482 1483//1483
f 1473//1473 1483//1483 1474//1474
f 1474//1474 1483//1483 1484//1484
f 1474//1474 1484//1484 1475//1475
f 1475//1475 1484//1484 1476//1476
f 1475//1475 1476//1476 1436//1436
f 1352//1352 1454//1454 1350//1350
f 1350//1350 1454//1454 1476//1476
f 1471//1471 1480//1480 1485//1485
f 1471//1471 1485//1485 1477//1477
f 1477//1477 1485//1485 1486//1486
f 1477//1477 1486//1486 1478//1478
f 1478//1478 1486//1486 1487//1487
f 1478//1478 1487//1487 1479//1479
f 1353//1353 1351//1351 1470//1470
f 1470//1470 1351//1351 1480//1480
f 1472//1472 1479//1479 1481//1481
f 1481//1481 1479//1479 1487//1487
f 1350//1350 1476//1476 1484//1484
f 1350//1350 1484//1484 1361//1361
f 1361//1361 1484//1484 1483//1483
f 1361//1361 1483//1483 1360//1360
f 1483//1483 1482//1482 1360//1360
f 1360//1360 1482//1482 1481//1481
f 1360//1360 1481//1481 1359//1359
f 1358//1358 1487//1487 1486//1486
f 1358//1358 1486//1486 1356//1356
f 1356//1356 1486//1486 1485//1485
f 1356//1356 1485//1485 1357//1357
f 1357//1357 1485//1485 1480//1480
f 1357//1357 1480//1480 1351//1351
f 1359//1359 1481//1481 1358//1358
f 1358//1358 1481//1481 1487//1487
# 2734 faces, 0 coords texture

# End of File
