####
#
# OBJ File Generated by Meshlab
#
####
# Object arm_link6.obj
#
# Vertices: 1499
# Faces: 3020
#
####
vn 2.6927985373866279 2.3946171814952599 1.9096495145990695
v 0.0075000035576522 0.0110895335674286 -0.0153054948896170
vn 2.6927988793816344 1.3289159792128997 2.7595055617121185
v 0.0075000002980232 0.0121333785355091 -0.0161379333585501
vn 2.6928063476569419 -0.0000012899252475 -3.0628303334541886
v 0.0075000021606684 0.0134350284934044 -0.0104350354522467
vn 2.6927845855411943 -0.0000034120446803 3.0628231797605818
v 0.0075000021606684 0.0134350284934044 -0.0164350327104330
vn 2.6927977792479409 -1.3289189302501025 2.7595137918845154
v 0.0075000040233135 0.0147366784512997 -0.0161379333585501
vn 2.6927965550267179 -2.3946054798654366 1.9096436954583358
v 0.0075000007636845 0.0157805234193802 -0.0153054948896170
vn 2.6927917123041540 -2.3945877704608867 -1.9096181878463949
v 0.0075000007636845 0.0157805234193802 -0.0115645583719015
vn 2.6927868981950747 -1.3289051292458969 -2.7595185171925420
v 0.0075000040233135 0.0147366784512997 -0.0107321199029684
vn 2.6927933990202013 -2.9860374847951574 -0.6815414241398103
v 0.0075000040233135 0.0163598135113716 -0.0127674695104361
vn 2.6927885564687308 -2.9860397970208465 0.6815464735138927
v 0.0075000040233135 0.0163598135113716 -0.0141025986522436
vn 2.6927879982063203 1.3288900768269025 -2.7594888101804660
v 0.0075000002980232 0.0121333785355091 -0.0107321199029684
vn 2.6927936948470768 2.3946194602472390 -1.9096446803117284
v 0.0075000035576522 0.0110895335674286 -0.0115645583719015
vn 2.6927910284312127 2.9860244807724907 0.6815498465866823
v 0.0075000002980232 0.0105102434754372 -0.0141025986522436
vn 2.6927958709380411 2.9860183601664403 -0.6815406833893896
v 0.0075000002980232 0.0105102434754372 -0.0127674695104361
vn 2.6927917124836411 -2.3946098018950006 -1.9096348230039952
v 0.0075000007636845 0.0157805234193802 0.0153054986149073
vn 2.6927977791362152 -1.3289281696293149 -2.7595343472279357
v 0.0075000040233135 0.0147366784512997 0.0161379370838404
vn 2.6927845855429409 -0.0000006803613743 -3.0628233391112225
v 0.0075000021606684 0.0134350284934044 0.0164350364357233
vn 2.6927845855411943 -0.0000034120446803 3.0628231797605818
v 0.0075000021606684 0.0134350284934044 0.0104350242763758
vn 2.6927977792472260 -1.3289189302508770 2.7595137918815702
v 0.0075000040233135 0.0147366784512997 0.0107321236282587
vn 2.6927958709755666 2.9860280030009321 0.6815437093629940
v 0.0075000002980232 0.0105102434754372 0.0127674732357264
vn 2.6927936948462792 2.3946204819248571 1.9096426612138973
v 0.0075000035576522 0.0110895335674286 0.0115645620971918
vn 2.6927988793821824 1.3289159792121303 2.7595055617150570
v 0.0075000002980232 0.0121333785355091 0.0107321236282587
vn 2.6927933989703581 -2.9860527402333537 -0.6815426461354919
v 0.0075000040233135 0.0163598135113716 0.0141025874763727
vn 2.6927933990082513 -2.9860433191850699 0.6815403362861505
v 0.0075000040233135 0.0163598135113716 0.0127674732357264
vn 2.6927917124822396 -2.3946087802580713 1.9096368421471408
v 0.0075000007636845 0.0157805234193802 0.0115645620971918
vn 2.6927988792702715 1.3289067398335888 -2.7594850063686924
v 0.0075000002980232 0.0121333785355091 0.0161379370838404
vn 2.6927936948231492 2.3946237699514166 -1.9096507299326984
v 0.0075000035576522 0.0110895335674286 0.0153054986149073
vn 2.6927958709859525 2.9860331937861972 -0.6815424343299964
v 0.0075000002980232 0.0105102434754372 0.0141025874763727
vn 2.6927965188198288 1.3289159417767142 2.7595066087713787
v 0.0074999951757491 -0.0147366821765900 0.0107321236282587
vn 2.6927858273264342 -0.0000030079831844 3.0628239538472810
v 0.0074999970383942 -0.0134350284934044 0.0104350242763758
vn 2.6927858273276315 -0.0000015331851385 -3.0628238872541695
v 0.0074999970383942 -0.0134350284934044 0.0164350364357233
vn 2.6927934520018262 -2.3945920744951468 -1.9096176958447360
v 0.0074999956414104 -0.0110895335674286 0.0153054986149073
vn 2.6927954186842538 -1.3289216086500408 -2.7595111413765907
v 0.0074999984353781 -0.0121333748102188 0.0161379370838404
vn 2.6927933990164044 -2.9860402065348919 -0.6815433074016876
v 0.0074999989010394 -0.0105102434754372 0.0141025874763727
vn 2.6927965187261158 1.3289086246686785 -2.7594859027477154
v 0.0074999951757491 -0.0147366821765900 0.0161379370838404
vn 2.6927954344991551 2.3946250910942526 -1.9096486220506028
v 0.0074999979697168 -0.0157805234193802 0.0153054986149073
vn 2.6927933989723263 -2.9860527402336210 0.6815426461355789
v 0.0074999989010394 -0.0105102434754372 0.0127674732357264
vn 2.6927934521574217 -2.3946116634577339 1.9096358285915733
v 0.0074999956414104 -0.0110895335674286 0.0115645620971918
vn 2.6927954186841934 -1.3289196205110372 2.7595115182418297
v 0.0074999984353781 -0.0121333748102188 0.0107321236282587
vn 2.6927954343661127 2.3946414606621196 1.9096583999273569
v 0.0074999979697168 -0.0157805234193802 0.0115645620971918
vn 2.6927958709858446 2.9860337667747117 0.6815417757103749
v 0.0074999947100878 -0.0163598135113716 0.0127674732357264
vn 2.6927958709846815 2.9860327205092814 -0.6815423784656477
v 0.0074999947100878 -0.0163598135113716 0.0141025874763727
vn 2.6927858273264342 -0.0000030079831844 3.0628239538472810
v 0.0074999970383942 -0.0134350284934044 -0.0164350327104330
vn 2.6927954186841934 -1.3289196205106713 2.7595115182440360
v 0.0074999984353781 -0.0121333748102188 -0.0161379333585501
vn 2.6928075893847501 -0.0000026004217056 -3.0628320782014953
v 0.0074999970383942 -0.0134350284934044 -0.0104350354522467
vn 2.6927982947003715 -2.3946084124152947 1.9096419857028342
v 0.0074999956414104 -0.0110895335674286 -0.0153054948896170
vn 2.6927910283940610 2.9860150597668182 0.6815475367178745
v 0.0074999947100878 -0.0163598135113716 -0.0141025986522436
vn 2.6928002770289958 2.3946269167612551 1.9096534909630407
v 0.0074999979697168 -0.0157805234193802 -0.0153054948896170
vn 2.6927958709720747 2.9860266296351563 -0.6815430488243448
v 0.0074999947100878 -0.0163598135113716 -0.0127674695104361
vn 2.6927965188194647 1.3289163119155964 2.7595060855241074
v 0.0074999951757491 -0.0147366821765900 -0.0161379333585501
vn 2.6927954345168064 2.3946237270690842 -1.9096417839870334
v 0.0074999979697168 -0.0157805234193802 -0.0115645583719015
vn 2.6927934520018262 -2.3945920744951468 -1.9096176958447360
v 0.0074999956414104 -0.0110895335674286 -0.0115645583719015
vn 2.6927845376621495 -1.3289049452465345 -2.7595149446263898
v 0.0074999984353781 -0.0121333748102188 -0.0107321199029684
vn 2.6927933990200308 -2.9860375348466648 -0.6815413613774985
v 0.0074999989010394 -0.0105102434754372 -0.0127674695104361
vn 2.6927885564687024 -2.9860397970208625 0.6815464735138173
v 0.0074999989010394 -0.0105102434754372 -0.0141025986522436
vn 2.6927856377828490 1.3289000834928908 -2.7595091374810923
v 0.0074999951757491 -0.0147366821765900 -0.0107321199029684
vn 3.5904007216316569 -0.0000057622144492 3.0628227494113176
v 0.0120000038295984 0.0134350266307592 -0.0164350327104330
vn 3.5903864277223634 -1.3289009546839221 2.7594983207368728
v 0.0120000056922436 0.0147366765886545 -0.0161379333585501
vn 3.5903867697591685 -2.3946030168849788 1.9096388288018875
v 0.0120000019669533 0.0157805215567350 -0.0153054948896170
vn 3.5903942745013682 -2.9858700744546525 0.6815450684009787
v 0.0120000056922436 0.0163598116487265 -0.0141025986522436
vn 3.5903894319617669 -2.9858732176157474 -0.6815396033027704
v 0.0120000056922436 0.0163598116487265 -0.0127674695104361
vn 3.5903916123095994 -2.3946204140205909 -1.9096391441803100
v 0.0120000019669533 0.0157805215567350 -0.0115645583719015
vn 3.5903973087947216 -1.3288948694899980 -2.7594967186529575
v 0.0120000056922436 0.0147366765886545 -0.0107321199029684
vn 3.5903789594966797 -0.0000001376802363 -3.0628183578562722
v 0.0120000038295984 0.0134350266307592 -0.0104350354522467
vn 3.5903984089674204 1.3289012761142838 -2.7595188349558151
v 0.0120000019669533 0.0121333766728640 -0.0107321199029684
vn 3.5903935946600178 2.3946045792230373 -1.9096352837478090
v 0.0120000047609210 0.0110895317047834 -0.0115645583719015
vn 3.5903919081573372 2.9860350773947784 -0.6815427956330814
v 0.0120000019669533 0.0105102416127920 -0.0127674695104361
vn 3.5903967506983383 2.9860317723966512 0.6815499776653688
v 0.0120000019669533 0.0105102416127920 -0.0141025986522436
vn 3.5903887520884057 2.3946007026484102 1.9096335802605813
v 0.0120000047609210 0.0110895317047834 -0.0153054948896170
vn 3.5903875279247672 1.3289167975804486 2.7595100624430837
v 0.0120000019669533 0.0121333766728640 -0.0161379333585501
vn 3.5904007216076104 0.0000024347863594 3.0628109344964156
v 0.0120000038295984 0.0134350266307592 0.0104350242763758
vn 3.5903864277081534 -1.3289159241022552 2.7595296470710875
v 0.0119999982416630 0.0147366765886545 0.0107321236282587
vn 3.5903916122853126 -2.3946018511772769 1.9096361001190130
v 0.0120000019669533 0.0157805215567350 0.0115645620971918
vn 3.5903894357173112 -2.9860896191111554 0.6815433311733822
v 0.0119999982416630 0.0163598116487265 0.0127674732357264
vn 3.5903894357172872 -2.9860895663736091 -0.6815437957013002
v 0.0119999982416630 0.0163598116487265 0.0141025874763727
vn 3.5903916122565915 -2.3946034708007509 -1.9096253946186525
v 0.0120000019669533 0.0157805215567350 0.0153054986149073
vn 3.5903864277776454 -1.3289172744284226 -2.7595145932703589
v 0.0119999982416630 0.0147366765886545 0.0161379370838404
vn 3.5904007216114806 0.0000067557265045 -3.0628164049613340
v 0.0120000038295984 0.0134350266307592 0.0164350364357233
vn 3.5903875279092214 1.3289071411319746 -2.7595102612092406
v 0.0120000019669533 0.0121333766728640 0.0161379370838404
vn 3.5903935946050596 2.3946346907272180 -1.9096441125526349
v 0.0119999973103404 0.0110895317047834 0.0153054986149073
vn 3.5903919081540461 2.9860358794013075 -0.6815398813728659
v 0.0120000019669533 0.0105102416127920 0.0141025874763727
vn 3.5903919081545075 2.9860359067221678 0.6815395721822336
v 0.0120000019669533 0.0105102416127920 0.0127674732357264
vn 3.5903935946158598 2.3946312776357779 1.9096467313230643
v 0.0119999973103404 0.0110895317047834 0.0115645620971918
vn 3.5903875279122230 1.3289113504999186 2.7595169237828006
v 0.0120000019669533 0.0121333766728640 0.0107321236282587
vn 3.5903994798476058 -0.0000042983500620 3.0628208802555617
v 0.0119999982416630 -0.0134350303560495 0.0104350242763758
vn 3.5903887883515697 -1.3289188270796657 2.7595047801475552
v 0.0120000001043081 -0.0121333766728640 0.0107321236282587
vn 3.5903898726163996 -2.3946282958903606 1.9096435291907135
v 0.0119999973103404 -0.0110895354300737 0.0115645620971918
vn 3.5903894361839352 -2.9860430123989707 0.6815406729469284
v 0.0120000001043081 -0.0105102453380823 0.0127674732357264
vn 3.5903894361840440 -2.9860430035837728 -0.6815407727083065
v 0.0120000001043081 -0.0105102453380823 0.0141025874763727
vn 3.5903898726167589 -2.3946295324937692 -1.9096413449703278
v 0.0119999973103404 -0.0110895354300737 0.0153054986149073
vn 3.5903887883492618 -1.3289158863872939 -2.7595050041106686
v 0.0120000001043081 -0.0121333766728640 0.0161379370838404
vn 3.5903994798485006 -0.0000039856138490 -3.0628222554480162
v 0.0119999982416630 -0.0134350303560495 0.0164350364357233
vn 3.5903898884672856 1.3289284310831164 -2.7595128342021922
v 0.0119999963790178 -0.0147366840392351 0.0161379370838404
vn 3.5903918548853540 2.3945914692337356 -1.9096270923977612
v 0.0120000001043081 -0.0157805252820253 0.0153054986149073
vn 3.5903919076876383 2.9859807304727659 -0.6815424117274588
v 0.0119999963790178 -0.0163598153740168 0.0141025874763727
vn 3.5903919076875241 2.9859807063238692 0.6815426244364967
v 0.0119999963790178 -0.0163598153740168 0.0127674732357264
vn 3.5903918549229190 2.3945968307676693 1.9096294368916533
v 0.0120000001043081 -0.0157805252820253 0.0115645620971918
vn 3.5903898884874779 1.3289186971827249 2.7595085913129695
v 0.0119999963790178 -0.0147366840392351 0.0107321236282587
vn 3.5903994798455914 -0.0000064795012058 3.0628227421096432
v 0.0119999982416630 -0.0134350303560495 -0.0164350327104330
vn 3.5903887883513343 -1.3289151410743183 2.7595071438269430
v 0.0120000001043081 -0.0121333766728640 -0.0161379333585501
vn 3.5903850300837084 -2.3946242851785247 1.9096478730434818
v 0.0119999973103404 -0.0110895354300737 -0.0153054948896170
vn 3.5903942787277892 -2.9860397144589665 0.6815473495361782
v 0.0120000001043081 -0.0105102453380823 -0.0141025986522436
vn 3.5903894361839841 -2.9860430123989534 -0.6815406729469620
v 0.0120000001043081 -0.0105102453380823 -0.0127674695104361
vn 3.5903898726164485 -2.3946282958903771 -1.9096435291906801
v 0.0119999973103404 -0.0110895354300737 -0.0115645583719015
vn 3.5903996693874571 -1.3289021637707912 -2.7595085833522051
v 0.0120000001043081 -0.0121333766728640 -0.0107321199029684
vn 3.5903777177895893 -0.0000042983114942 -3.0628284868640909
v 0.0119999982416630 -0.0134350303560495 -0.0104350354522467
vn 3.5904007695095141 1.3289020337926791 -2.7595123946133100
v 0.0119999963790178 -0.0147366840392351 -0.0107321199029684
vn 3.5903918549228999 2.3945968307677261 -1.9096294368915874
v 0.0120000001043081 -0.0157805252820253 -0.0115645583719015
vn 3.5903919075675446 2.9860957887362400 -0.6815386577484444
v 0.0119999963790178 -0.0163598153740168 -0.0127674695104361
vn 3.5903967464648403 2.9861944583660094 0.6815517213899323
v 0.0119999963790178 -0.0163598153740168 -0.0141025986522436
vn 3.5903870123299204 2.3946065730765222 1.9096188094453359
v 0.0120000001043081 -0.0157805252820253 -0.0153054948896170
vn 3.5903898884898116 1.3289163087964158 2.7595069831197501
v 0.0119999963790178 -0.0147366840392351 -0.0161379333585501
vn 0.0101030926421192 3.9661943343451211 -2.2898906645804460
v 0.0084999995306134 0.0099667198956013 -0.0057542826980352
vn -0.0775391072116649 -0.2102640120816627 -5.0077591187873933
v 0.0085000004619360 0.0116503164172173 -0.0048210527747869
vn -2.0980848921148221 0.0602972713930442 -4.5985703173504762
v 0.0093250013887882 0.0115397861227393 -0.0050125028938055
vn -3.4450631661774382 0.6242329455715918 -3.9069026276610641
v 0.0097900256514549 0.0113396961241961 -0.0053590741008520
vn -4.0999731076281849 1.0999112470258940 -3.1412942580560750
v 0.0099289398640394 0.0112378140911460 -0.0055355336517096
vn -4.4787432563293859 1.6061430480481238 -2.2077556796849263
v 0.0101086292415857 0.0110088959336281 -0.0059320237487555
vn -4.6383260293297015 2.1854539560541109 -1.2617535871175816
v 0.0101499985903502 0.0108253164216876 -0.0062499996274710
vn -4.4787739144555170 2.7150321721129047 -0.2870755293405021
v 0.0101086292415857 0.0106417350471020 -0.0065679755061865
vn -4.0999352090181151 3.2703939243823150 0.6180963777287226
v 0.0099289398640394 0.0104128150269389 -0.0069644656032324
vn -2.0975070812360919 4.0049516220074608 2.2502311962321135
v 0.0093250051140785 0.0101108467206359 -0.0074874963611364
vn -0.0801956709599129 4.2278087022243156 2.6874413661809498
v 0.0085000004619360 0.0100003182888031 -0.0076789464801550
vn -3.4429671503295043 3.6929621193689854 1.4164577557734677
v 0.0097900219261646 0.0103109385818243 -0.0071409251540899
vn 1.9409801380911260 4.0483843021992447 2.3166114909050681
v 0.0077840904705226 0.0100820157676935 -0.0075374301522970
vn 1.3752758419266886 2.1901060615753738 -0.9019908212927713
v 0.0068913721479475 0.0106417387723923 -0.0065679755061865
vn 4.3612948064135848 1.5354469697859294 -2.0359274308133455
v 0.0068913712166250 0.0110088959336281 -0.0059320237487555
vn 3.4975169373423634 3.4277613712533084 1.2416272813360290
v 0.0072099827229977 0.0103109376505017 -0.0071409251540899
vn 1.9409986084967832 0.0179399050496361 -4.6643306261794004
v 0.0077840955927968 0.0115686152130365 -0.0049625691026449
vn 3.4975101752069007 0.6385697711363483 -3.5893537505238200
v 0.0072099794633687 0.0113396951928735 -0.0053590741008520
vn -0.0000026295198595 0.0000049049051384 4.5745609436299892
v 0.0085000013932586 -0.0000000039117252 0.0115085784345865
vn 0.0000114830127558 4.4734647468778546 2.3476982284888392
v 0.0085000004619360 -0.0016500020865351 0.0124999973922968
vn -1.9409664671028668 4.0304500538787504 2.3476977157163610
v 0.0092159081250429 -0.0014866016572341 0.0124999973922968
vn -4.3613169999612218 0.9954519956210248 2.3477080212284438
v 0.0101086273789406 -0.0003671610320453 0.0124999973922968
vn -4.3612975677046393 -0.9954312113533457 2.3476922079889748
v 0.0101086329668760 0.0003671607410070 0.0124999973922968
vn -3.4975062927511127 2.7891517159971526 2.3476998431712532
v 0.0097900209948421 -0.0010287592886016 0.0124999973922968
vn -1.9409777639571413 -4.0304455561594787 2.3477026624805388
v 0.0092159109190106 0.0014865972334519 0.0124999973922968
vn -0.0000108722855207 -4.4734602093153182 2.3477009658774781
v 0.0085000023245811 0.0016500016208738 0.0124999973922968
vn -3.4975002406000497 -2.7891666225800607 2.3477075471787474
v 0.0097900219261646 0.0010287557961419 0.0124999973922968
vn 1.9409540751579826 -4.0304571090572994 2.3477056100773894
v 0.0077840951271355 0.0014866013079882 0.0124999973922968
vn 4.3613083332047609 -0.9954295347766835 2.3477032507657523
v 0.0068913684226573 0.0003671606536955 0.0124999973922968
vn 4.3613129952729164 0.9954360521248832 2.3477061266173651
v 0.0068913698196411 -0.0003671611193568 0.0124999973922968
vn 3.4974890343114722 -2.7891548413921212 2.3476990291380897
v 0.0072099748067558 0.0010287588229403 0.0124999973922968
vn 1.9409703774093594 4.0304603383769440 2.3477057009159239
v 0.0077840923331678 -0.0014865975826979 0.0124999973922968
vn 3.4974935093608246 2.7891541034383414 2.3476958084393003
v 0.0072099738754332 -0.0010287562618032 0.0124999973922968
vn 0.0081074899473922 -3.9549328012597305 -2.2833867577653133
v 0.0084999958053231 -0.0099667198956013 -0.0057542826980352
vn 0.0802122024997172 -4.2278111104449776 2.6874484094539746
v 0.0084999948740005 -0.0100003220140934 -0.0076789464801550
vn -1.9409605096604898 -4.0483926393939305 2.3166151742289021
v 0.0092159053310752 -0.0100820157676935 -0.0075374301522970
vn -4.3613283853346969 -2.5308806509340536 -0.3117481738959663
v 0.0101086311042309 -0.0106417424976826 -0.0065679755061865
vn -4.3612903538267540 -1.5354485200795611 -2.0359285239980198
v 0.0101086311042309 -0.0110088996589184 -0.0059320237487555
vn -3.4975033439735075 -3.4277562445765151 1.2416242040416912
v 0.0097900200635195 -0.0103109385818243 -0.0071409251540899
vn -1.9409972042921166 -0.0179497757518192 -4.6643301799097543
v 0.0092159071937203 -0.0115686152130365 -0.0049625691026449
vn 0.0801877201582458 0.2134798080569588 -5.0050930722352476
v 0.0085000023245811 -0.0116503201425076 -0.0048210527747869
vn -3.4975118401328986 -0.6385651673243280 -3.5893503607892270
v 0.0097900237888098 -0.0113396998494864 -0.0053590741008520
vn 3.8184118772997220 -0.8788927877471592 -3.0530486987319394
v 0.0070710554718971 -0.0112378150224686 -0.0055355336517096
vn 4.4091159689803803 -1.9811747867153962 -1.1438301414433145
v 0.0068499967455864 -0.0108253164216876 -0.0062499996274710
vn 2.2045863422318623 -0.0719646996665512 -4.4506851402715295
v 0.0076750013977289 -0.0115397907793522 -0.0050125028938055
vn 2.2045773766547372 -3.8903935418437596 2.1630081261085135
v 0.0076749981380999 -0.0101108513772488 -0.0074874963611364
vn 3.8184081308118065 -3.0834658508741697 0.7653785517853040
v 0.0070710559375584 -0.0104128196835518 -0.0069644656032324
vn 2.6928062700439437 0.0000000385433005 -3.0628288247643765
v 0.0075000012293458 -0.0067500029690564 -0.0086913462728262
vn 3.5903789409649831 0.0000029096359698 -3.0628280445463338
v 0.0120000028982759 -0.0067500039003789 -0.0086913462728262
vn 2.6927903773961113 1.3288951695680375 -2.7595085671805606
v 0.0074999993667006 -0.0080516487360001 -0.0089884307235479
vn 3.5903961260390229 1.3288910496224551 -2.7595168884212318
v 0.0120000010356307 -0.0080516505986452 -0.0089884307235479
vn 2.6927919551763324 2.3946198659436129 -1.9096455830024242
v 0.0075000026263297 -0.0090954974293709 -0.0098208691924810
vn 3.5903984491494509 2.3946288341361734 -1.9096400007246841
v 0.0119999963790178 -0.0090954992920160 -0.0098208691924810
vn 2.6927928399912502 2.9860291218304145 -0.6815415255794868
v 0.0074999993667006 -0.0096747875213623 -0.0110237803310156
vn 3.5903819364268315 2.9860399830193387 -0.6815320982787616
v 0.0120000010356307 -0.0096747819334269 -0.0110237803310156
vn 2.6927860845175635 2.9860276054273802 0.6815487172619995
v 0.0074999993667006 -0.0096747875213623 -0.0123589094728231
vn 3.5903886918800527 2.9860360495227245 0.6815409524768713
v 0.0120000010356307 -0.0096747819334269 -0.0123589094728231
vn 2.6927948847720837 2.3946138331713054 1.9096533434839023
v 0.0075000026263297 -0.0090954974293709 -0.0135618057101965
vn 3.5903955195717003 2.3946294733019613 1.9096478456234798
v 0.0119999963790178 -0.0090954992920160 -0.0135618057101965
vn 2.6928013175437400 1.3289145681101808 2.7595018474341235
v 0.0074999993667006 -0.0080516487360001 -0.0143942441791296
vn 3.5903851859048541 1.3289097637448921 2.7595178409625398
v 0.0120000010356307 -0.0080516505986452 -0.0143942441791296
vn 2.6927845669850248 -0.0000010281565833 3.0628236087049650
v 0.0075000012293458 -0.0067500029690564 -0.0146913435310125
vn 3.5904006440180232 0.0000026124213888 3.0628166965482340
v 0.0120000028982759 -0.0067500039003789 -0.0146913435310125
vn 2.6927956937101594 -1.3289203527377744 2.7595153938347861
v 0.0075000030919909 -0.0054483492858708 -0.0143942441791296
vn 3.5903890631836699 -1.3289183287843862 2.7595421776316384
v 0.0119999973103404 -0.0054483502171934 -0.0143942441791296
vn 2.6927989474110734 -2.3946116539136630 1.9096433427555772
v 0.0074999998323619 -0.0044045080430806 -0.0135618057101965
vn 3.5903855632328394 -2.3946087657217707 1.9096377756154512
v 0.0120000019669533 -0.0044045089744031 -0.0135618057101965
vn 2.6927888279073171 -2.9860378097763856 0.6815466384578033
v 0.0075000030919909 -0.0038252177182585 -0.0123589094728231
vn 3.5903944305987601 -2.9860356916855335 0.6815539568623693
v 0.0119999973103404 -0.0038252191152424 -0.0123589094728231
vn 2.6927935508837511 -2.9860434262484126 -0.6815392361158580
v 0.0075000030919909 -0.0038252177182585 -0.0110237803310156
vn 3.5903897076098459 -2.9860402266070993 -0.6815493966498923
v 0.0119999973103404 -0.0038252191152424 -0.0110237803310156
vn 2.6927939853074729 -2.3946138384671718 -1.9096376720408186
v 0.0074999998323619 -0.0044045080430806 -0.0098208691924810
vn 3.5903905253424764 -2.3946151155222686 -1.9096326251393267
v 0.0120000019669533 -0.0044045089744031 -0.0098208691924810
vn 2.6927848126882719 -1.3289034013038736 -2.7595178109567930
v 0.0075000030919909 -0.0054483492858708 -0.0089884307235479
vn 3.5903999443651200 -1.3289015663396615 -2.7595271910941488
v 0.0119999973103404 -0.0054483502171934 -0.0089884307235479
vn 2.6928069870634772 0.0000019901632238 -3.0628262227997336
v 0.0074999975040555 0.0067500020377338 -0.0086913462728262
vn 3.5903784162621051 -0.0000064437527880 -3.0628315211964336
v 0.0119999991729856 0.0067500011064112 -0.0086913462728262
vn 2.6927853627243334 1.3289108948023689 -2.7595206793112679
v 0.0075000035576522 0.0054483483545482 -0.0089884307235479
vn 3.5904004944557588 1.3289119304264860 -2.7595184164453923
v 0.0119999973103404 0.0054483474232256 -0.0089884307235479
vn 2.6927947817900302 2.3946062887958002 -1.9096349354930111
v 0.0074999989010394 0.0044045071117580 -0.0098208691924810
vn 3.5903913218599626 2.3946145878094072 -1.9096384082590516
v 0.0120000010356307 0.0044045061804354 -0.0098208691924810
vn 2.6927955995173436 2.9860503986770404 -0.6815411983534790
v 0.0075000030919909 0.0038252172525972 -0.0110237803310156
vn 3.5903917562701873 2.9860395644112940 -0.6815482161760892
v 0.0119999973103404 0.0038252158556134 -0.0110237803310156
vn 2.6927908765546484 2.9860408139402970 0.6815505070877779
v 0.0075000030919909 0.0038252172525972 -0.0123589094728231
vn 3.5903964792577101 2.9860352567220474 0.6815531708888632
v 0.0119999973103404 0.0038252158556134 -0.0123589094728231
vn 2.6927997438894642 2.3946064814865493 1.9096357144682123
v 0.0074999989010394 0.0044045071117580 -0.0135618057101965
vn 3.5903863597445440 2.3946099436967998 1.9096397574888058
v 0.0120000010356307 0.0044045061804354 -0.0135618057101965
vn 2.6927962437468698 1.3289256569289238 2.7595217221833028
v 0.0075000035576522 0.0054483483545482 -0.0143942441791296
vn 3.5903896134192754 1.3289209698692164 2.7595220624817651
v 0.0119999973103404 0.0054483474232256 -0.0143942441791296
vn 2.6927852840342128 0.0000030318992265 3.0628180894826760
v 0.0074999975040555 0.0067500020377338 -0.0146913435310125
vn 3.5904001192745185 -0.0000029897448177 3.0628349473728091
v 0.0119999991729856 0.0067500011064112 -0.0146913435310125
vn 2.6927960210196034 -1.3289251130792343 2.7595062744955574
v 0.0074999993667006 0.0080516524612904 -0.0143942441791296
vn 3.5903880898489415 -1.3289200794826141 2.7595084376314336
v 0.0120000010356307 0.0080516505986452 -0.0143942441791296
vn 2.6927982946822997 -2.3946216960284907 1.9096507010063688
v 0.0075000035576522 0.0090954937040806 -0.0135618057101965
vn 3.5903850300135751 -2.3946350463084931 1.9096534116394217
v 0.0119999982416630 0.0090954918414354 -0.0135618057101965
vn 2.6927885564749032 -2.9860286533448002 0.6815519930225352
v 0.0074999993667006 0.0096747837960720 -0.0123589094728231
vn 3.5903942787283087 -2.9860396126289719 0.6815482461573004
v 0.0120000010356307 0.0096747819334269 -0.0123589094728231
vn 2.6927933990158142 -2.9860313912577809 -0.6815452902965462
v 0.0074999993667006 0.0096747837960720 -0.0110237803310156
vn 3.5903894361832305 -2.9860430131900482 -0.6815404567519399
v 0.0120000010356307 0.0096747819334269 -0.0110237803310156
vn 2.6927934521357977 -2.3946260554467926 -1.9096436580817977
v 0.0075000035576522 0.0090954937040806 -0.0098208691924810
vn 3.5903898720889025 -2.3946465856254542 -1.9096873649889861
v 0.0119999982416630 0.0090954918414354 -0.0098208691924810
vn 2.6927850809159843 -1.3289077125153477 -2.7595106053200182
v 0.0074999993667006 0.0080516524612904 -0.0089884307235479
vn 3.5903990299720432 -1.3289079150443817 -2.7595116977807197
v 0.0120000010356307 0.0080516505986452 -0.0089884307235479
vn 2.6927849702004405 -0.0000006510849111 -3.0628212540711974
v 0.0075000030919909 0.0134999975562096 0.0030000004917383
vn 3.5904003369327455 -0.0000027685773169 -3.0628095033381570
v 0.0120000047609210 0.0134999994188547 0.0030000004917383
vn 2.6927969034731976 1.3289156360393339 -2.7595028736952343
v 0.0075000016950071 0.0121983475983143 0.0027029011398554
vn 3.5903898884830623 1.3289126967743632 -2.7595070507245278
v 0.0120000028982759 0.0121983457356691 0.0027029011398554
vn 2.6928002581421149 2.3946203336358809 -1.9096491059334890
v 0.0075000044889748 0.0111545063555241 0.0018704626709223
vn 3.5903870313474124 2.3946271611855043 -1.9096480857185325
v 0.0119999991729856 0.0111545044928789 0.0018704626709223
vn 2.6927910473518017 2.9860258523473608 -0.6815499703632155
v 0.0075000012293458 0.0105752162635326 0.0006675663753413
vn 3.5903967317738323 2.9860264542884014 -0.6815468490312969
v 0.0120000028982759 0.0105752144008875 0.0006675663753413
vn 2.6927958520670279 2.9860315401922093 0.6815422023836446
v 0.0075000012293458 0.0105752162635326 -0.0006675627664663
vn 3.5903919270657272 2.9860297289033677 0.6815400492549449
v 0.0120000028982759 0.0105752144008875 -0.0006675627664663
vn 2.6927954534337104 2.3946204549765020 1.9096445336382766
v 0.0075000044889748 0.0111545063555241 -0.0018704738467932
vn 3.5903918360592320 2.3946304357793888 1.9096412858924547
v 0.0119999991729856 0.0111545044928789 -0.0018704738467932
vn 2.6927862586397286 1.3289016244977281 2.7595038338752933
v 0.0075000016950071 0.0121983475983143 -0.0027029123157263
vn 3.5904005332811897 1.3288942158816568 2.7595143624751564
v 0.0120000028982759 0.0121983457356691 -0.0027029123157263
vn 2.6928072047424711 -0.0000015554352491 3.0628311492835265
v 0.0075000030919909 0.0134999975562096 -0.0029999967664480
vn 3.5903781024233510 0.0000026874590033 3.0628261610825307
v 0.0120000047609210 0.0134999994188547 -0.0029999967664480
vn 2.6927847738765962 -1.3289040938357659 2.7595188408671296
v 0.0075000049546361 0.0148016512393951 -0.0027029123157263
vn 3.5903979707199749 -1.3289030650063847 2.7595217686040745
v 0.0119999991729856 0.0148016493767500 -0.0027029123157263
vn 2.6927947915365973 -2.3946160287224800 1.9096373417167913
v 0.0075000021606684 0.0158454924821854 -0.0018704738467932
vn 3.5903951331005795 -2.3945950130840257 1.9096315424077850
v 0.0120000038295984 0.0158454943448305 -0.0018704738467932
vn 2.6927943365686979 -2.9860423047395837 0.6815392238301747
v 0.0075000054202974 0.0164247825741768 -0.0006675627664663
vn 3.5903869404609234 -2.9861053988342685 0.6815398355885094
v 0.0119999991729856 0.0164247807115316 -0.0006675627664663
vn 2.6927885753782763 -2.9860411246079264 -0.6815460319048638
v 0.0075000054202974 0.0164247825741768 0.0006675663753413
vn 3.5903927016293631 -2.9861018096285994 -0.6815472886710190
v 0.0119999991729856 0.0164247807115316 0.0006675663753413
vn 2.6927993016751244 -2.3946120572789686 -1.9096444365189149
v 0.0075000021606684 0.0158454924821854 0.0018704626709223
vn 3.5903906229819964 -2.3945924453616492 -1.9096373760741938
v 0.0120000038295984 0.0158454943448305 0.0018704626709223
vn 2.6927960805822955 -1.3289199423399178 -2.7595138162481523
v 0.0075000049546361 0.0148016512393951 0.0027029011398554
vn 3.5903866639896718 -1.3289191616670541 -2.7595183179144822
v 0.0119999991729856 0.0148016493767500 0.0027029011398554
vn 2.6927845855324186 -0.0000006268548915 -3.0628202398680049
v 0.0074999956414104 -0.0134999975562096 0.0030000004917383
vn 3.5904007216358211 -0.0000066344470272 -3.0628234374182504
v 0.0119999973103404 -0.0134999994188547 0.0030000004917383
vn 2.6927965187761851 1.3289292652582829 -2.7595206361778741
v 0.0075000012293458 -0.0148016512393951 0.0027029011398554
vn 3.5903898884869943 1.3289209289703396 -2.7595096843002769
v 0.0119999954476953 -0.0148016531020403 0.0027029011398554
vn 2.6928002581356107 2.3946061372180099 -1.9096434000409908
v 0.0074999970383942 -0.0158454924821854 0.0018704626709223
vn 3.5903870313454278 2.3945990912216093 -1.9096405366705544
v 0.0119999982416630 -0.0158454943448305 0.0018704626709223
vn 2.6927910473138787 2.9860497088699414 -0.6815486227505303
v 0.0075000012293458 -0.0164247825741768 0.0006675663753413
vn 3.5903967310382563 2.9859633569371082 -0.6815492584652506
v 0.0119999954476953 -0.0164247844368219 0.0006675663753413
vn 2.6927958520529431 2.9860466318876870 0.6815435235217980
v 0.0075000012293458 -0.0164247825741768 -0.0006675627664663
vn 3.5903919263286697 2.9859666315737661 0.6815424586424487
v 0.0119999954476953 -0.0164247844368219 -0.0006675627664663
vn 2.6927954534310934 2.3946146366278667 1.9096334941246034
v 0.0074999970383942 -0.0158454924821854 -0.0018704738467932
vn 3.5903918360567553 2.3946023658281259 1.9096337368760239
v 0.0119999982416630 -0.0158454943448305 -0.0018704738467932
vn 2.6927856377407693 1.3289087616359123 2.7595271187796664
v 0.0075000012293458 -0.0148016512393951 -0.0027029123157263
vn 3.5904007695094169 1.3289042655706869 2.7595134875888450
v 0.0119999954476953 -0.0148016531020403 -0.0027029123157263
vn 2.6928063476349062 -0.0000009673784070 3.0628222881046807
v 0.0074999956414104 -0.0134999975562096 -0.0029999967664480
vn 3.5903789595192288 -0.0000077853759916 3.0628329367332614
v 0.0119999973103404 -0.0134999994188547 -0.0029999967664480
vn 2.6927892587307247 -1.3288996598170773 2.7595095507648617
v 0.0074999975040555 -0.0121983513236046 -0.0027029123157263
vn 3.5903949483200148 -1.3288977139878853 2.7595148162106895
v 0.0119999991729856 -0.0121983531862497 -0.0027029123157263
vn 2.6927849639045203 -2.3946277026898253 1.9096430899050520
v 0.0075000016950071 -0.0111545026302338 -0.0018704738467932
vn 3.5903952459835304 -2.3946260249180855 1.9096445136337985
v 0.0119999963790178 -0.0111545044928789 -0.0018704738467932
vn 2.6928014388835702 -2.9860386495957694 0.6815398074160067
v 0.0074999975040555 -0.0105752199888229 -0.0006675627664663
vn 3.5903943990120504 -2.9860474587412980 0.6815405089928606
v 0.0119999991729856 -0.0105752144008875 -0.0006675627664663
vn 2.6927985471536866 -2.9860366911540694 -0.6815450250646361
v 0.0074999975040555 -0.0105752199888229 0.0006675663753413
vn 3.5903972907784585 -2.9860448133082071 -0.6815460022676837
v 0.0119999991729856 -0.0105752144008875 0.0006675663753413
vn 2.6927916815422299 -2.3946187285697307 -1.9096515494017734
v 0.0075000016950071 -0.0111545026302338 0.0018704626709223
vn 3.5903885283277210 -2.3946221211007863 -1.9096526199732184
v 0.0119999963790178 -0.0111545044928789 0.0018704626709223
vn 2.6928001397964163 -1.3289203874536213 -2.7595023530660776
v 0.0074999975040555 -0.0121983513236046 0.0027029011398554
vn 3.5903840672278493 -1.3289147976711451 -2.7595102642961020
v 0.0119999991729856 -0.0121983531862497 0.0027029011398554
vn 2.6927852249781381 0.0000019900712518 -3.0628186162449982
v 0.0074999975040555 0.0067500020377338 0.0146913472563028
vn 3.5904001783513153 -0.0000067395618631 -3.0628233540703196
v 0.0119999991729856 0.0067500011064112 0.0146913472563028
vn 2.6927962437567836 1.3289275582752511 -2.7595168760167925
v 0.0075000035576522 0.0054483483545482 0.0143942479044199
vn 3.5903896134489046 1.3289233709251072 -2.7595102176515742
v 0.0119999973103404 0.0054483474232256 0.0143942479044199
vn 2.6927996243306982 2.3946029884284843 -1.9096417888224111
v 0.0074999989010394 0.0044045071117580 0.0135618094354868
vn 3.5903864793003408 2.3946057746402074 -1.9096433115040652
v 0.0120000010356307 0.0044045061804354 0.0135618094354868
vn 2.6927907569749907 2.9860470982727394 -0.6815480517154902
v 0.0075000030919909 0.0038252172525972 0.0123589131981134
vn 3.5903965988208291 2.9860346763362795 -0.6815512240221774
v 0.0119999973103404 0.0038252158556134 0.0123589131981134
vn 2.6927957190970240 2.9860441143922296 0.6815436537616375
v 0.0075000030919909 0.0038252172525972 0.0110237840563059
vn 3.5903916367103963 2.9860396037357346 0.6815481345179497
v 0.0119999973103404 0.0038252158556134 0.0110237840563059
vn 2.6927949013488193 2.3946097818853254 1.9096288612181922
v 0.0074999989010394 0.0044045071117580 0.0098208729177713
vn 3.5903912022873476 2.3946142495027143 1.9096309456944511
v 0.0120000010356307 0.0044045061804354 0.0098208729177713
vn 2.6927853627144196 1.3289089934684093 2.7595255254765965
v 0.0075000035576522 0.0054483483545482 0.0089884344488382
vn 3.5904004944518682 1.3289040581016405 2.7595244912384072
v 0.0119999973103404 0.0054483474232256 0.0089884344488382
vn 2.6928070461167675 0.0000030320126775 3.0628256960292619
v 0.0074999975040555 0.0067500020377338 0.0086913499981165
vn 3.5903783572065504 -0.0000033824337933 3.0628338171116916
v 0.0119999991729856 0.0067500011064112 0.0086913499981165
vn 2.6927851399701637 -1.3289084496500982 2.7595100777923967
v 0.0074999993667006 0.0080516524612904 0.0089884344488382
vn 3.5903989709151864 -1.3289006143885294 2.7595115354035835
v 0.0120000010356307 0.0080516505986452 0.0089884344488382
vn 2.6927934521383690 -2.3946249964565292 1.9096438476010829
v 0.0075000035576522 0.0090954937040806 0.0098208729177713
vn 3.5903898723221133 -2.3946594527104166 1.9096491559420548
v 0.0119999982416630 0.0090954918414354 0.0098208729177713
vn 2.6927933990161019 -2.9860319538608349 0.6815451396635117
v 0.0074999993667006 0.0096747837960720 0.0110237840563059
vn 3.5903894361840090 -2.9860427653795543 0.6815425183889978
v 0.0120000010356307 0.0096747819334269 0.0110237840563059
vn 2.6927885564746155 -2.9860280908120189 -0.6815521436337253
v 0.0074999993667006 0.0096747837960720 0.0123589131981134
vn 3.5903942787273180 -2.9860397018378024 -0.6815476373118471
v 0.0120000010356307 0.0096747819334269 0.0123589131981134
vn 2.6927982946797284 -2.3946227550123038 -1.9096505115251474
v 0.0075000035576522 0.0090954937040806 0.0135618094354868
vn 3.5903850300742466 -2.3946264286540595 -1.9096479859644435
v 0.0119999982416630 0.0090954918414354 0.0135618094354868
vn 2.6927959619626387 -1.3289243759387568 -2.7595068020237372
v 0.0074999993667006 0.0080516524612904 0.0143942479044199
vn 3.5903881489040654 -1.3289155968291015 -2.7595063868614726
v 0.0120000010356307 0.0080516505986452 0.0143942479044199
vn 2.6927845079098720 0.0000030445545260 -3.0628316508103111
v 0.0075000012293458 -0.0067500029690564 0.0146913472563028
vn 3.5904007030717451 0.0000066723765724 -3.0628275696549059
v 0.0119999954476953 -0.0067500039003789 0.0146913472563028
vn 2.6928012584953667 1.3289162901823122 -2.7595165625058575
v 0.0074999993667006 -0.0080516487360001 0.0143942479044199
vn 3.5903852449437101 1.3289123806179883 -2.7595044511711362
v 0.0120000010356307 -0.0080516505986452 0.0143942479044199
vn 2.6927967976883633 2.3945973998257668 -1.9096395854260855
v 0.0074999951757491 -0.0090954974293709 0.0135618094354868
vn 3.5903936066046134 2.3946325302405795 -1.9096467429391295
v 0.0119999963790178 -0.0090954992920160 0.0135618094354868
vn 2.6927879974568607 2.9860325641654657 -0.6815432866978426
v 0.0074999993667006 -0.0096747875213623 0.0123589131981134
vn 3.5903867789359309 2.9860366487478971 -0.6815399657549033
v 0.0120000010356307 -0.0096747819334269 0.0123589131981134
vn 2.6927909270490389 2.9860345483371313 0.6815380155086077
v 0.0074999993667006 -0.0096747875213623 0.0110237840563059
vn 3.5903838493715980 2.9860393538440819 0.6815334047964480
v 0.0120000010356307 -0.0096747819334269 0.0110237840563059
vn 2.6927900422195781 2.3946063998197316 1.9096310725839216
v 0.0074999951757491 -0.0090954974293709 0.0098208729177713
vn 3.5904003619477911 2.3946356791583132 1.9096604786111671
v 0.0119999963790178 -0.0090954992920160 0.0098208729177713
vn 2.6927904364463773 1.3288956061579411 2.7595237502062564
v 0.0074999993667006 -0.0080516487360001 0.0089884344488382
vn 3.5903960669706425 1.3289049188005713 2.7595067138954681
v 0.0120000010356307 -0.0080516505986452 0.0089884344488382
vn 2.6928063290950410 0.0000033414663988 3.0628337090744249
v 0.0075000012293458 -0.0067500029690564 0.0086913499981165
vn 3.5903788818873519 0.0000016218271292 3.0628417933339653
v 0.0119999954476953 -0.0067500039003789 0.0086913499981165
vn 2.6927848126482758 -1.3288912962917430 2.7594996173633435
v 0.0074999956414104 -0.0054483492858708 0.0089884344488382
vn 3.5903999443981878 -1.3289121683575387 2.7595173665421759
v 0.0119999973103404 -0.0054483502171934 0.0089884344488382
vn 2.6927941048561870 -2.3946240233326654 1.9096398321740167
v 0.0074999998323619 -0.0044045080430806 0.0098208729177713
vn 3.5903904057928351 -2.3946154117423730 1.9096370190788712
v 0.0120000019669533 -0.0044045089744031 0.0098208729177713
vn 2.6927936704104329 -2.9860180767308941 0.6815416935472151
v 0.0074999956414104 -0.0038252177182585 0.0110237840563059
vn 3.5903895880514680 -2.9860402659313157 0.6815493149915105
v 0.0119999973103404 -0.0038252191152424 0.0110237840563059
vn 2.6927887083357556 -2.9860210886024623 -0.6815469279636107
v 0.0074999956414104 -0.0038252177182585 0.0123589131981134
vn 3.5903945500582513 -2.9860508597062836 -0.6815670113460105
v 0.0119999973103404 -0.0038252191152424 0.0123589131981134
vn 2.6927988278455235 -2.3946155374365961 -1.9096497101456309
v 0.0074999998323619 -0.0044045080430806 0.0135618094354868
vn 3.5903856828127299 -2.3946143617138391 -1.9096407817467167
v 0.0120000019669533 -0.0044045089744031 0.0135618094354868
vn 2.6927956936747441 -1.3289117996579025 -2.7594931346772689
v 0.0074999956414104 -0.0054483492858708 0.0143942479044199
vn 3.5903890633762128 -1.3289280675349169 -2.7595059276916891
v 0.0119999973103404 -0.0054483502171934 0.0143942479044199
vn -2.6928184704256646 -0.0000062163350415 -3.0628273727603919
v 0.0060000037774444 -0.0000000023755007 -0.0101500060409307
vn -2.6927786018111077 -1.3289054413839523 -2.7595270507987357
v 0.0059999977238476 0.0008677667356096 -0.0103480573743582
vn -2.6816330440492511 0.0078915276521886 3.0609740393930922
v 0.0060000037774444 -0.0000000023755007 -0.0141499992460012
vn -2.6927888821491055 -2.3946086804581816 -1.9096303349448456
v 0.0060000028461218 0.0015636659227312 -0.0109030213207006
vn -2.6807179418564049 1.3208109518361395 2.7613398661852582
v 0.0060000028461218 -0.0008677715086378 -0.0139519330114126
vn -2.7070824787535663 2.3904813879830820 1.9181715018842542
v 0.0059999972581863 -0.0015636631287634 -0.0133969839662313
vn -2.7222380815073897 2.9899953786411624 0.6836598526970571
v 0.0059999977238476 -0.0019498565234244 -0.0125950481742620
vn -2.6927777478297847 -2.3945687870657397 1.9096238407223849
v 0.0060000028461218 0.0015636659227312 -0.0133969839662313
vn -2.6928075046292594 -1.3289298293549998 2.7595580150991639
v 0.0059999977238476 0.0008677667356096 -0.0139519330114126
vn -2.6928028618699331 -2.9860399870162864 0.6815358843254233
v 0.0060000028461218 0.0019498518668115 -0.0125950481742620
vn -2.6928008857014469 -2.9860397572210537 -0.6815361752810412
v 0.0060000028461218 0.0019498518668115 -0.0117049571126699
vn -2.7003366080669875 1.3241865274353766 -2.7631841593636635
v 0.0060000028461218 -0.0008677715086378 -0.0103480573743582
vn -2.7029334054532788 2.3991476391462809 -1.9060950537072883
v 0.0059999972581863 -0.0015636631287634 -0.0109030213207006
vn -2.7085440038489819 2.9859481589075445 -0.6921814524468004
v 0.0059999977238476 -0.0019498565234244 -0.0117049571126699
vn 6.2831853071781687 0.0000013490441104 -0.0000013192294737
v 0.0120000010356307 -0.0000000015921465 -0.0097175147384405
vn 5.3630481287680629 0.0000021061741544 2.2214242349211064
v 0.0120000028982759 0.0093749966472387 0.0219999942928553
vn 3.4033859822512018 -2.6974184596887820 1.5573555224537565
v 0.0120000038295984 0.0077942260541022 -0.0044999923557043
vn 3.4033936893824963 -2.2024398387571540 2.2024361020353322
v 0.0119999991729856 0.0063639567233622 -0.0063639637082815
vn 6.2831853071751240 0.0000015063674874 -0.0000006428571470
v 0.0120000028982759 0.0093749966472387 -0.0058456715196371
vn 5.2663617565594949 -0.2098369674275299 -2.2993993860928281
v 0.0120000001043081 -0.0101036299020052 -0.0220000054687262
vn 5.3629746308447359 -0.0001958331856008 -2.2214528611098965
v 0.0120000010356307 -0.0100925136357546 -0.0220000054687262
vn 6.2831853071662369 0.0000020302524786 0.0000045623992968
v 0.0119999945163727 -0.0164675135165453 -0.0097175147384405
vn 6.2831853071475967 0.0000099399499264 0.0000009208689180
v 0.0120000010356307 -0.0100925136357546 -0.0097175147384405
vn 5.3630344732750297 -1.9237349143147815 -1.1107692777049691
v 0.0120000019669533 -0.0164675135165453 -0.0154774244874716
vn 5.3635454476499635 -1.9233605472722457 -1.1107006317823369
v 0.0119999954476953 -0.0164180044084787 -0.0155631806701422
vn 5.2663482989130728 -1.8864574763875031 -1.3311360010166071
v 0.0119999954476953 -0.0140007454901934 -0.0197500046342611
vn 5.1696732123073019 -1.5279736636961077 -1.8209707762651017
v 0.0119999991729856 -0.0129961762577295 -0.0209471937268972
vn 5.1696457151218551 -0.8130286106436240 -2.2337637337870251
v 0.0120000019669533 -0.0116427186876535 -0.0217286106199026
vn 6.2831853071572423 -0.0000107083349648 0.0000010862057900
v 0.0120000010356307 -0.0100925136357546 -0.0155631806701422
vn 5.2663341247102320 -2.0960382805373907 -0.9681625069039663
v 0.0119999945163727 -0.0241043735295534 -0.0022500064224005
vn 5.3630453986180138 -1.9238160391819292 -1.1107095084342469
v 0.0119999963790178 -0.0220284108072519 -0.0058456715196371
vn 6.2831853071768702 -0.0000013517528227 0.0000007853548748
v 0.0119999945163727 -0.0164675135165453 -0.0058456715196371
vn 5.3630010944163695 -1.9238486582877055 -1.1107352158474770
v 0.0120000001043081 -0.0197930056601763 -0.0097175147384405
vn 5.3630453900917434 -1.9238162166890964 1.1107108682040778
v 0.0119999963790178 -0.0220284108072519 0.0058456752449274
vn 5.2663499623331456 -2.0960196840712597 0.9681442689532630
v 0.0119999945163727 -0.0241043735295534 0.0022499952465296
vn 5.1696512288139216 -2.3409984278711748 0.4127885959583767
v 0.0120000001043081 -0.0246388930827379 0.0007814112468623
vn 5.1696445341597368 -2.3410090135890096 -0.4127934832299540
v 0.0120000001043081 -0.0246388930827379 -0.0007814225391485
vn 5.3630742989702762 -1.9238086606413352 1.1107102797481829
v 0.0119999945163727 -0.0164675135165453 0.0154774282127619
vn 5.3630200271030697 -1.9238306569338399 1.1107221489612333
v 0.0120000001043081 -0.0197930056601763 0.0097175184637308
vn 6.2831853071712223 -0.0000005577741431 -0.0000036601223500
v 0.0119999945163727 -0.0164675135165453 0.0097175184637308
vn 6.2831853071777157 -0.0000021230970934 0.0000002245408174
v 0.0119999945163727 -0.0164675135165453 0.0058456752449274
vn 5.3630077328504395 -0.0001951421836196 2.2214189614218940
v 0.0120000010356307 -0.0100925136357546 0.0219999942928553
vn 6.2831853071636781 0.0000037370477741 0.0000036027617784
v 0.0120000010356307 -0.0100925136357546 0.0097175184637308
vn 5.2663710554581362 -1.8864480881165422 1.3311230891354606
v 0.0119999954476953 -0.0140007454901934 0.0197499934583902
vn 5.1696461135380858 -1.5279716794961955 1.8209846534868468
v 0.0119999991729856 -0.0129961762577295 0.0209471974521875
vn 5.1696646572406868 -0.8130276902658873 2.2337622661305341
v 0.0119999945163727 -0.0116427186876535 0.0217286143451929
vn 5.2663999033204139 -0.2098336671439619 2.2993624709123273
v 0.0120000001043081 -0.0101036299020052 0.0219999942928553
vn 6.2831853071758514 0.0000044548675162 0.0000028887695035
v 0.0120000019669533 0.0100925136357546 0.0097175184637308
vn 5.2663611322390471 0.2095734317494607 2.2992645750374665
v 0.0120000019669533 0.0101036261767149 0.0219999942928553
vn 5.3630513386515037 0.0000029378196774 2.2214245030440352
v 0.0120000019669533 0.0100925136357546 0.0219999942928553
vn 6.2831853071784813 -0.0000009292326679 0.0000000615822728
v 0.0120000001043081 0.0164675135165453 0.0097175184637308
vn 5.3630462863719197 1.9238156333085339 1.1107173256605711
v 0.0120000001043081 0.0164675135165453 0.0154774282127619
vn 5.2663609413120147 1.8864477009963068 1.3311333536670928
v 0.0119999991729856 0.0140007417649031 0.0197499934583902
vn 5.1696391594679545 1.5279932801357197 1.8209811872363157
v 0.0120000028982759 0.0129961725324392 0.0209471974521875
vn 5.1696649758801385 0.8130193191984827 2.2337582446053474
v 0.0120000001043081 0.0116427186876535 0.0217286143451929
vn 5.2663490955371923 2.0960215873862422 0.9681370278775741
v 0.0120000001043081 0.0241043735295534 0.0022499952465296
vn 5.3630110808981772 1.9238379782834125 1.1107276304106426
v 0.0120000066235662 0.0220284108072519 0.0058456752449274
vn 6.2831853071781643 -0.0000005530227224 -0.0000000817670258
v 0.0120000001043081 0.0164675135165453 0.0058456752449274
vn 5.3630284102747048 1.9238278264268573 1.1107246384890461
v 0.0120000019669533 0.0197930019348860 0.0097175184637308
vn 5.3630462142995823 1.9237819799200311 -1.1107256836181740
v 0.0120000001043081 0.0164675135165453 -0.0154774244874716
vn 5.3630284102744499 1.9238285814449616 -1.1107258316249089
v 0.0120000019669533 0.0197930019348860 -0.0097175147384405
vn 6.2831853071736781 0.0000014956166874 0.0000025357706037
v 0.0120000001043081 0.0164675135165453 -0.0097175147384405
vn 5.3630110894258181 1.9238381326248750 -1.1107276468406413
v 0.0120000066235662 0.0220284108072519 -0.0058456715196371
vn 6.2831853071775150 -0.0000007018286632 0.0000003208564757
v 0.0120000001043081 0.0164675135165453 -0.0058456715196371
vn 5.2663334230758307 2.0960352804963400 -0.9681506160196590
v 0.0120000001043081 0.0241043735295534 -0.0022500064224005
vn 5.1696461066386794 2.3410096343736111 -0.4127878381080887
v 0.0120000019669533 0.0246388930827379 -0.0007814225391485
vn 6.2831853071690595 -0.0000033440075791 -0.0000030097260685
v 0.0120000019669533 0.0100925136357546 -0.0097175147384405
vn 6.2831853071730572 -0.0000002952357586 -0.0000011745161305
v 0.0120000019669533 0.0100925136357546 -0.0155631806701422
vn 5.3632837962128708 1.9235952821333979 -1.1106521668410576
v 0.0119999991729856 0.0164180006831884 -0.0155631806701422
vn 5.2663398597612394 1.8864735949237388 -1.3311528269181334
v 0.0119999991729856 0.0140007417649031 -0.0197500046342611
vn 5.1696668392858971 1.5279733854791573 -1.8209675585542828
v 0.0120000028982759 0.0129961725324392 -0.0209471937268972
vn 5.1696708419974176 0.8130263183926767 -2.2337516848478569
v 0.0120000001043081 0.0116427186876535 -0.0217286106199026
vn 5.2663241025117919 0.2095805923972854 -2.2992977146841307
v 0.0120000019669533 0.0101036261767149 -0.0220000054687262
vn 5.3630182366609329 0.0000034949702202 -2.2214586529513678
v 0.0120000019669533 0.0100925136357546 -0.0220000054687262
vn 3.4033905842293519 0.0000020414336393 3.1147156088557777
v 0.0120000010356307 -0.0000000015921465 -0.0089999940246344
vn 3.4033934660566785 -0.8061489540280163 3.0085896081204577
v 0.0119999991729856 0.0023293702397496 -0.0086933281272650
vn 3.4033886511482327 -1.5573489834272185 2.6974192459982569
v 0.0120000019669533 0.0045000002719462 -0.0077942218631506
vn 6.2831853034127070 -0.0000048812073065 -0.0001495799414575
v 0.0120000028982759 0.0093749966472387 -0.0097175147384405
vn 6.2831853071749508 0.0000014968539064 0.0000010154257205
v 0.0120000028982759 0.0093749966472387 0.0058456752449274
vn 3.4033950595181346 -2.2024394846850921 -2.2024373599444864
v 0.0119999991729856 0.0063639567233622 0.0063639674335718
vn 3.4033866912946986 -2.6974179977293602 -1.5573562407143298
v 0.0120000038295984 0.0077942260541022 0.0044999960809946
vn 3.4033943338714083 -3.0086194024606026 -0.8061480856038707
v 0.0119999982416630 0.0086933318525553 0.0023293737322092
vn 3.4033903075157776 -3.1147084745595999 0.0000012958417241
v 0.0120000038295984 0.0089999977499247 -0.0000000056261209
vn 3.4033938891749176 -3.0086191239354236 0.8061496421303145
v 0.0119999982416630 0.0086933318525553 -0.0023293700069189
vn 3.4033934656123579 -0.8061466093143919 -3.0085919795141707
v 0.0119999991729856 0.0023293702397496 0.0086933318525553
vn 3.4033892345781269 -1.5573537362053584 -2.6974136937659212
v 0.0120000019669533 0.0045000002719462 0.0077942255884409
vn 6.2831853066802026 -0.0000497326397484 0.0000084959703639
v 0.0120000028982759 0.0093749966472387 0.0097175184637308
vn 3.4033936175948063 0.8061472223985016 -3.0085802433550839
v 0.0120000028982759 -0.0023293734993786 0.0086933318525553
vn 3.4033905833501605 0.0000017206667728 -3.1147169842497751
v 0.0120000010356307 -0.0000000015921465 0.0089999977499247
vn 6.2831853071783819 0.0000016026209356 0.0000018943826911
v 0.0120000010356307 -0.0000000015921465 0.0097175184637308
vn 3.4033892968828625 1.5573536947634059 -2.6974246610615489
v 0.0120000001043081 -0.0045000030659139 0.0077942255884409
vn 3.4033984080664630 3.1147228355379819 0.0000006096891875
v 0.0119999982416630 -0.0090000052005053 -0.0000000056261209
vn 3.4033904977508973 3.0085971581332895 -0.8061496412678743
v 0.0119999963790178 -0.0086933318525553 0.0023293737322092
vn 6.2831853071759571 -0.0000012990222271 -0.0000016963965830
v 0.0120000010356307 -0.0100925136357546 0.0058456752449274
vn 3.4033921445783384 2.6974258842637591 -1.5573625446921966
v 0.0119999982416630 -0.0077942325733602 0.0044999960809946
vn 3.4033949762968776 2.2024300253456754 -2.2024298785227097
v 0.0120000028982759 -0.0063639595173299 0.0063639674335718
vn 3.4033949763101932 2.2024328066428471 2.2024367445381086
v 0.0120000028982759 -0.0063639595173299 -0.0063639637082815
vn 3.4033910459777652 2.6974256695310439 1.5573630725721994
v 0.0119999982416630 -0.0077942325733602 -0.0044999923557043
vn 6.2831853071761259 -0.0000020556119427 0.0000017272193353
v 0.0120000010356307 -0.0100925136357546 -0.0058456715196371
vn 3.4033879265790854 3.0085971170835144 0.8061510924727440
v 0.0119999963790178 -0.0086933318525553 -0.0023293700069189
vn 3.4033936180303153 0.8061470145902804 3.0085783719040791
v 0.0120000028982759 -0.0023293734993786 -0.0086933281272650
vn 3.4033892968824744 1.5573576993748084 2.6974219575685101
v 0.0120000001043081 -0.0045000030659139 -0.0077942218631506
vn 6.2831853071790071 -0.0000001382142419 0.0000016342518529
v 0.0120000010356307 -0.0000000015921465 -0.0155631806701422
vn 5.3630506736403607 -0.0000004877747267 2.2214242032790814
v 0.0120000010356307 -0.0000000015921464 0.0219999942928553
vn 6.2831853071725234 0.0000017931220151 0.0000038682882870
v 0.0120000028982759 0.0093749966472387 -0.0155631806701422
vn 6.2831853071767814 0.0000046803100974 0.0000001426539676
v 0.0120000019669533 0.0100925136357546 0.0058456752449274
vn 6.2831853071766828 0.0000042271355230 -0.0000004231719568
v 0.0120000019669533 0.0100925136357546 -0.0058456715196371
vn 5.1696526362011603 2.3409967156834472 0.4127810761992378
v 0.0120000019669533 0.0246388930827379 0.0007814112468623
vn 5.3630175716501904 -0.0000005175615253 -2.2214582186568039
v 0.0120000010356307 -0.0000000015921465 -0.0220000054687262
vn 5.3630150267466048 0.0000021007281296 -2.2214590681737256
v 0.0120000028982759 0.0093749966472387 -0.0220000054687262
vn -2.6179941311276953 3.0345566942060893 -0.0000000000005589
v 0.0059999977238476 0.0085222059860826 0.0060750041157007
vn -2.6179895639936683 2.6279620687456817 -1.5172536899911486
v 0.0060000023804605 0.0087901549413800 0.0070750061422586
vn -2.6179855972632025 1.5172594784471320 -2.6280003744492921
v 0.0060000009834766 0.0095222080126405 0.0078070554882288
vn -2.6927933971119304 -2.9860231146608083 0.6815457596245302
v 0.0060000037774444 0.0124720642343163 0.0056299511343241
vn -2.6927882175232662 -2.3945676043685982 1.9096310442355557
v 0.0060000037774444 0.0120858708396554 0.0048280153423548
vn -2.6928060911825171 -1.3289149408593450 2.7595250033837511
v 0.0059999986551702 0.0113899754360318 0.0042730662971735
vn -2.6554163754218640 0.0570180984423194 -3.0486807652101962
v 0.0060000047087669 0.0105222063139081 0.0080749932676554
vn -2.6927933971320841 -2.9860340549305886 -0.6815451660273587
v 0.0060000037774444 0.0124720642343163 0.0065200421959162
vn -2.6928013066350371 -2.3945993400239267 -1.9096333448470593
v 0.0060000037774444 0.0120858708396554 0.0073219779878855
vn -2.6927766806844158 -1.3289088457127838 -2.7595217381800556
v 0.0059999986551702 0.0113899754360318 0.0078769419342279
vn -2.6179895639938531 2.6279620687452176 1.5172536899920217
v 0.0060000023804605 0.0087901549413800 0.0050750020891428
vn -2.6179995002672118 1.5172836665696039 2.6279972148879303
v 0.0060000009834766 0.0095222080126405 0.0043429527431726
vn -2.6553861508303642 0.0570109327632971 3.0486685921621555
v 0.0060000047087669 0.0105222063139081 0.0040750000625849
vn -2.6927781444768142 -2.3945688514823096 1.9096238636560026
v 0.0060000019147992 -0.0089585436508060 0.0048280153423548
vn -2.6928076473857052 -1.3289000362722123 2.7595259000504804
v 0.0059999967925251 -0.0096544427797198 0.0042730662971735
vn -2.6928033056329475 -2.9860326974279277 0.6815365407776900
v 0.0060000019147992 -0.0085723577067256 0.0056299511343241
vn -2.6456135333959274 1.5157207822338812 -2.6343582104737440
v 0.0059999995864928 -0.0115222064778209 0.0078070554882288
vn -2.6928013294722168 -2.9860388923276284 -0.6815359136220960
v 0.0060000019147992 -0.0085723577067256 0.0065200421959162
vn -2.6927892574565582 -2.3946163690402642 -1.9096299970718498
v 0.0060000019147992 -0.0089585436508060 0.0073219779878855
vn -2.6927787248171757 -1.3289013650111161 -2.7595446351286768
v 0.0059999967925251 -0.0096544427797198 0.0078769419342279
vn -2.6652146143477027 0.0502512695734461 -3.0505098542481206
v 0.0059999953955412 -0.0105222119018435 0.0080749932676554
vn -2.6195348725619860 1.5173867919219446 2.6279567660466898
v 0.0059999995864928 -0.0115222064778209 0.0043429527431726
vn -2.6205319157354761 2.6281250235998561 1.5170755863009406
v 0.0060000005178154 -0.0122542632743716 0.0050750020891428
vn -2.6420228220603477 3.0381661336990371 0.0134100303007099
v 0.0059999958612025 -0.0125222085043788 0.0060750041157007
vn -2.6553846862539547 0.0570164808896190 3.0486903699550214
v 0.0059999953955412 -0.0105222119018435 0.0040750000625849
vn -2.6563429265079890 2.6324685834373271 -1.5224552595298726
v 0.0060000005178154 -0.0122542632743716 0.0070750061422586
vn 2.1265155769093758 0.4518862053144983 -5.2442769469489834
v 0.0115000009536743 0.0101036280393600 -0.0224999990314245
vn 2.1265168294467984 -0.4518904268787711 -5.2442750908950480
v 0.0114999990910292 -0.0101036280393600 -0.0224999990314245
vn 2.0316345971643091 1.7530169964710129 -4.8163811350101682
v 0.0115000028163195 0.0118137300014496 -0.0221984591335058
vn 2.0316329977471939 3.2945815696155862 -3.9263413408591474
v 0.0115000009536743 0.0133175663650036 -0.0213302280753851
vn 2.1265336729407425 4.3157241040234817 -3.0134685071212952
v 0.0114999990910292 0.0144337564706802 -0.0200000014156103
vn -0.0031069461144850 4.6445424154436372 0.8542819684116231
v 0.0085000041872263 0.0186605714261532 -0.0126789417117834
vn -1.3258027963754213 4.4937004420822246 0.5928049360369738
v 0.0092159090563655 0.0187422726303339 -0.0125374253839254
vn -2.3929930972883509 4.0609397093970445 -0.1357022906618943
v 0.0097900256514549 0.0189711917191744 -0.0121409352868795
vn -2.9875780862400951 3.4402101015493343 -1.1982802062755917
v 0.0101086329668760 0.0193019919097424 -0.0115679707378149
vn -2.9876070377556920 2.7578494261960875 -2.3801716313719532
v 0.0101086329668760 0.0196691490709782 -0.0109320338815451
vn -2.3948174802291273 2.1456907107781982 -3.4460304513505187
v 0.0097900219261646 0.0199999492615461 -0.0103590693324804
vn -1.3271086170102397 1.7260196281421847 -4.1845824639829212
v 0.0092159146443009 0.0202288683503866 -0.0099625643342733
vn -0.0000010259382584 1.5779364975516519 -4.4476706374938599
v 0.0085000041872263 0.0203105695545673 -0.0098210629075766
vn 1.3289070527421398 1.7296256791296949 -4.1850172932086354
v 0.0077840918675065 0.0202288683503866 -0.0099625643342733
vn 2.3946332032097430 2.1545541328979456 -3.4489791490025516
v 0.0072099831886590 0.0199999492615461 -0.0103590693324804
vn 2.9860676515497291 2.7685852319968638 -2.3854273829953732
v 0.0068913749419153 0.0196691490709782 -0.0109320338815451
vn 2.9860327481715583 3.4501425981032674 -1.2049776050590135
v 0.0068913684226573 0.0193019919097424 -0.0115679707378149
vn 2.9860417507645347 0.3407808771691442 0.5902464656385692
v 0.0068913721479475 0.0106417350471020 -0.0065679755061865
vn 2.3945949382678235 4.0642058949685662 -0.1414002993897853
v 0.0072099789977074 0.0189711917191744 -0.0121409352868795
vn 1.3289208355272952 4.4891174991349860 0.5946350345469212
v 0.0077840941958129 0.0187422726303339 -0.0125374253839254
vn 2.1265223829956290 4.7676132510924365 -2.2307920317641838
v 0.0114999990910292 0.0245373845100403 -0.0025000032037497
vn 2.0316222760560576 5.0476245800356061 -0.8900278921294559
v 0.0115000028163195 0.0251312963664532 -0.0008682367042638
vn 2.0316272963425153 5.0476181549197037 0.8900311556825666
v 0.0115000028163195 0.0251312963664532 0.0008682403131388
vn 2.1265346953868636 4.7676012103342815 2.2307865107842368
v 0.0114999990910292 0.0245373845100403 0.0025000069290400
vn 2.1265454314046495 4.3156994976966567 3.0134699197475738
v 0.0114999990910292 0.0144337564706802 0.0200000051409006
vn 2.0316226819301488 3.2946103357407046 3.9263577856400964
v 0.0115000009536743 0.0133175663650036 0.0213302168995142
vn 2.0316310909627147 1.7530234303785714 4.8163708750702181
v 0.0115000028163195 0.0118137300014496 0.0221984628587961
vn 2.1265455768790460 0.4518822759818278 5.2442450123636091
v 0.0115000009536743 0.0101036280393600 0.0225000027567148
vn -0.0000109322120677 -3.0628261494383122 3.5903923685037391
v 0.0085000023245811 0.0016500016208738 0.0225000027567148
vn -1.3289206652145769 -2.7595065248761044 3.5903911170809630
v 0.0092159109190106 0.0014865972334519 0.0225000027567148
vn -2.3946151900491337 -1.9096440267130352 3.5903837275058867
v 0.0097900219261646 0.0010287557961419 0.0225000027567148
vn -2.9860318592592563 -0.6815373757329453 3.5904036973100504
v 0.0101086329668760 0.0003671607410070 0.0225000027567148
vn -2.9860370424257709 0.6815505192321811 3.5903808729634124
v 0.0101086273789406 -0.0003671610320453 0.0225000027567148
vn -2.3946196487043023 1.9096338415578056 3.5903919224895828
v 0.0097900209948421 -0.0010287592886016 0.0225000027567148
vn -1.3289123252557216 2.7595088408456574 3.5903954999587557
v 0.0092159081250429 -0.0014866016572341 0.0225000027567148
vn 0.0000080682426891 3.0628252890665841 3.5903946870814312
v 0.0085000004619360 -0.0016500020865351 0.0225000027567148
vn 1.3289131967575927 2.7595127385166256 3.5903843713921360
v 0.0077840923331678 -0.0014865975826979 0.0225000027567148
vn 2.3946131448877574 1.9096381418801631 3.5903987992663158
v 0.0072099738754332 -0.0010287562618032 0.0225000027567148
vn 2.9860377353926801 0.6815401154329980 3.5903855634977999
v 0.0068913698196411 -0.0003671611193568 0.0225000027567148
vn 2.9860370073084344 -0.6815356507202911 3.5903904366214414
v 0.0068913684226573 0.0003671606536955 0.0225000027567148
vn 2.3946197657634549 -1.9096337931774086 3.5903917469531335
v 0.0072099748067558 0.0010287588229403 0.0225000027567148
vn 1.3289088383866761 -2.7595095496732212 3.5903981895502484
v 0.0077840876765549 0.0014866013079882 0.0225000027567148
vn 2.1265460021570668 -0.4518850791239924 5.2442442336622097
v 0.0114999990910292 -0.0101036280393600 0.0225000027567148
vn 2.0316326364190598 -1.7530234264982323 4.8163712779931549
v 0.0114999972283840 -0.0118137300014496 0.0221984628587961
vn 2.0316261042346113 -3.2945975225714226 3.9263591167663572
v 0.0115000000223517 -0.0133175700902939 0.0213302168995142
vn 2.1265505006465193 -4.3157025220543028 3.0134613778767689
v 0.0115000009536743 -0.0144337564706802 0.0200000051409006
vn 2.1265363359058114 -4.7675993134134549 2.2307924684034059
v 0.0114999935030937 -0.0245373845100403 0.0025000069290400
vn 2.0316260228126675 -5.0476157218739708 0.8900356556054728
v 0.0114999972283840 -0.0251313000917435 0.0008682403131388
vn 2.0316211120700229 -5.0476219738933512 -0.8900325522339265
v 0.0114999972283840 -0.0251313000917435 -0.0008682367042638
vn 2.1265241106611366 -4.7676113195186529 -2.2307977627199365
v 0.0114999935030937 -0.0245373845100403 -0.0025000032037497
vn 0.0570205024981451 -1.6173986024156748 -4.4541287813753261
v 0.0084999985992908 -0.0203105695545673 -0.0098210629075766
vn -1.3288941104326666 -1.7296227897012684 -4.1850117084874157
v 0.0092159034684300 -0.0202288720756769 -0.0099625643342733
vn -2.3946258125700144 -2.1545549892189917 -3.4489881286650013
v 0.0097900200635195 -0.0199999492615461 -0.0103590693324804
vn -2.9860684762414573 -2.7685996218357580 -2.3854176153244104
v 0.0101086273789406 -0.0196691490709782 -0.0109320338815451
vn -2.9860321150115476 -3.4501449025940163 -1.2049574910782428
v 0.0101086273789406 -0.0193019919097424 -0.0115679707378149
vn -2.3945838730330093 -4.0641905754387926 -0.1414026439291574
v 0.0097900163382292 -0.0189711954444647 -0.0121409352868795
vn -1.3289445674172102 -4.4891196846718664 0.5946222580982362
v 0.0092159090563655 -0.0187422726303339 -0.0125374253839254
vn 0.0570150297192159 -4.6661009122667867 0.8263393739016238
v 0.0084999985992908 -0.0186605714261532 -0.0126789417117834
vn 1.5172584541956979 -4.4881481321780310 0.4433061707329486
v 0.0076750018633902 -0.0187711007893085 -0.0124875064939260
vn 2.6279884476224935 -3.9327885221208914 -0.5185991856938041
v 0.0070710596628487 -0.0190730690956116 -0.0119644757360220
vn 3.0345474830375530 -3.1741454705318493 -1.8326012103478497
v 0.0068500004708767 -0.0194855742156506 -0.0112499948590994
vn 2.6279930383172792 -2.4155089347519825 -3.1465876792290324
v 0.0070710591971874 -0.0198980718851089 -0.0105355288833380
vn 1.5172725906137723 -1.8601577947799659 -4.1085156324182508
v 0.0076749976724386 -0.0202000401914120 -0.0100124981254339
vn 2.1265393537249158 -4.3157243624024115 -3.0134619892638610
v 0.0115000009536743 -0.0144337564706802 -0.0200000014156103
vn 2.0316368918383678 -3.2945715605130026 -3.9263395167678317
v 0.0115000000223517 -0.0133175700902939 -0.0213302280753851
vn 2.0316255662590001 -1.7530180596384171 -4.8163935392371986
v 0.0114999972283840 -0.0118137300014496 -0.0221984591335058
vn 3.6651971565102235 -3.0345437249228429 -0.0000035298759606
v 0.0075000021606684 -0.0050999973900616 -0.0116913374513388
vn 3.6651866556511519 -2.6280027696141137 -1.5172833678704840
v 0.0074999979697168 -0.0053210561163723 -0.0108663495630026
vn 3.6651913304019299 -1.5172664921173116 -2.6279970293432280
v 0.0075000016950071 -0.0059250001795590 -0.0102624054998159
vn 3.6277792155964339 -0.0570322518519167 -3.0486939867842739
v 0.0075000012293458 -0.0067500029690564 -0.0100413467735052
vn 3.5904130349029422 1.3288898651058534 -2.7594982571200077
v 0.0075000030919909 -0.0074659069068730 -0.0102047380059958
vn 3.5903816286095571 2.3946317074890753 -1.9096365672933171
v 0.0074999998323619 -0.0080400258302689 -0.0106625910848379
vn 3.5903932843124702 2.9860309494581303 -0.6815449843783430
v 0.0075000012293458 -0.0083586350083351 -0.0113241877406836
vn 3.5903932843043673 2.9860282413883681 0.6815393861187981
v 0.0075000012293458 -0.0083586350083351 -0.0120585020631552
vn 3.5903974937224925 2.3946061753334007 1.9096633288984373
v 0.0074999998323619 -0.0080400258302689 -0.0127200987190008
vn 3.5903773859380772 1.3289127111660761 2.7595040131092716
v 0.0075000030919909 -0.0074659069068730 -0.0131779368966818
vn 3.6277989994571467 -0.0570053742256716 3.0486827964871170
v 0.0075000012293458 -0.0067500029690564 -0.0133413430303335
vn 3.6651913303939594 -1.5172636935103634 2.6279953594581329
v 0.0075000016950071 -0.0059250001795590 -0.0131202843040228
vn 3.6651927656969789 -2.6280111777070516 1.5172722820853075
v 0.0074999979697168 -0.0053210561163723 -0.0125163402408361
vn 3.6651952726971748 -3.0345484941751160 -0.0000073907556277
v 0.0074999984353781 0.0084000006318092 -0.0116913374513388
vn 3.6651870412019734 -2.6279882885761827 -1.5172800536402375
v 0.0075000016950071 0.0081789419054985 -0.0108663495630026
vn 3.6651886871062929 -1.5172877919641132 -2.6279946398225609
v 0.0074999979697168 0.0075749973766506 -0.0102624054998159
vn 3.6277792157291024 -0.0570391349421963 -3.0486938579370042
v 0.0074999975040555 0.0067500020377338 -0.0100413467735052
vn 3.5904212232260546 1.3289296545640159 -2.7595043783711191
v 0.0074999993667006 0.0060340906493366 -0.0102047380059958
vn 3.5903756977741654 2.3946080712596065 -1.9096290837739522
v 0.0075000035576522 0.0054599787108600 -0.0106625910848379
vn 3.5903932842665380 2.9860454474887543 -0.6815517423095686
v 0.0074999975040555 0.0051413695327938 -0.0113241877406836
vn 3.5903932841598531 2.9860525438306373 0.6815664122293588
v 0.0074999975040555 0.0051413695327938 -0.0120585020631552
vn 3.5903915629862269 2.3946044584188435 1.9096278593239790
v 0.0075000035576522 0.0054599787108600 -0.0127200987190008
vn 3.5903855744419433 1.3289264023142424 2.7595126285985714
v 0.0074999993667006 0.0060340906493366 -0.0131779368966818
vn 3.6277989993918491 -0.0570056302055396 3.0486879719441582
v 0.0074999975040555 0.0067500020377338 -0.0133413430303335
vn 3.6651886870948460 -1.5172907979139221 2.6279943262358900
v 0.0074999979697168 0.0075749973766506 -0.0131202843040228
vn 3.6651915567632249 -2.6279885795745028 1.5172749773798164
v 0.0075000016950071 0.0081789419054985 -0.0125163402408361
vn 3.6651952727006605 -3.0345452521560752 0.0000091421402353
v 0.0075000040233135 0.0151499994099140 -0.0000000056261209
vn 3.6651880328050810 -2.6280091384837552 -1.5172736582355415
v 0.0074999998323619 0.0149289406836033 0.0008249971433543
vn 3.6651944627365225 -1.5172705443637762 -2.6279936841548510
v 0.0075000035576522 0.0143250003457069 0.0014289412647486
vn 3.6277978705384681 -0.0570036833546840 -3.0486874662780457
v 0.0075000030919909 0.0134999975562096 0.0016499999910593
vn 3.5903844455093159 1.3289069861360012 -2.7595021318104309
v 0.0075000049546361 0.0127840898931026 0.0014865938574076
vn 3.5903915802668278 2.3946195195073932 -1.9096467720006194
v 0.0075000016950071 0.0122099779546261 0.0010287556797266
vn 3.5903932671164385 2.9860309611879665 -0.6815449600471732
v 0.0075000030919909 0.0118913687765598 0.0003671589947771
vn 3.5903933015011837 2.9860282296682152 0.6815394104556312
v 0.0075000030919909 0.0118913687765598 -0.0003671553276945
vn 3.5903756806795348 2.3946329311069943 1.9096420063447359
v 0.0075000016950071 0.0122099779546261 -0.0010287519544363
vn 3.5904200944617974 1.3289075034187365 2.7594909800850429
v 0.0075000049546361 0.0127840898931026 -0.0014866050332785
vn 3.6277780867821852 -0.0570370103611771 3.0486904181588375
v 0.0075000030919909 0.0134999975562096 -0.0016499962657690
vn 3.6651943663484916 -1.5172670654719767 2.6279919873373134
v 0.0075000035576522 0.0143250003457069 -0.0014289375394583
vn 3.6651836257281016 -2.6280136436206556 1.5172770657792845
v 0.0074999998323619 0.0149289406836033 -0.0008249935344793
vn 3.6651961422212631 3.0345613426056799 0.0000129218527080
v 0.0074999947100878 -0.0151500031352043 -0.0000000056261209
vn 3.6651874630122570 2.6279910835905236 1.5172733313047753
v 0.0074999989010394 -0.0149289444088936 -0.0008249935344793
vn 3.6651917169738568 1.5172791762227806 2.6280050332942508
v 0.0074999951757491 -0.0143250003457069 -0.0014289375394583
vn 3.6277792318799729 0.0570240542068386 3.0487013653775019
v 0.0074999956414104 -0.0134999975562096 -0.0016499962657690
vn 3.5904185847535635 -1.3289000507231556 2.7594865156324846
v 0.0075000012293458 -0.0127840936183929 -0.0014866050332785
vn 3.5903749944891254 -2.3946344132892348 1.9096378227615198
v 0.0074999970383942 -0.0122099816799164 -0.0010287519544363
vn 3.5903924458153575 -2.9860406407972020 0.6815517439864691
v 0.0074999956414104 -0.0118913725018501 -0.0003671553276945
vn 3.5903924114275942 -2.9860398933421219 -0.6815501016811014
v 0.0074999956414104 -0.0118913725018501 0.0003671589947771
vn 3.5903908940051443 -2.3946132483758857 -1.9096663680330601
v 0.0074999970383942 -0.0122099816799164 0.0010287556797266
vn 3.5903829357186132 -1.3289270523505079 -2.7594899557515777
v 0.0075000012293458 -0.0127840936183929 0.0014865938574076
vn 3.6277990157706119 0.0569952383109574 -3.0486846419144533
v 0.0074999956414104 -0.0134999975562096 0.0016499999910593
vn 3.6651918132911128 1.5172954571148773 -2.6280030105731775
v 0.0074999951757491 -0.0143250003457069 0.0014289412647486
vn 3.6651918700180439 2.6279759502366042 -1.5172776846854155
v 0.0074999989010394 -0.0149289444088936 0.0008249971433543
vn 3.6651907571345475 -3.0345503299734986 -0.0000005392292234
v 0.0074999984353781 0.0084000006318092 0.0116913411766291
vn 3.6651915567640758 -2.6279901244666108 -1.5172732022529709
v 0.0075000016950071 0.0081789419054985 0.0125163439661264
vn 3.6651886871062929 -1.5172877919344616 -2.6279946398374596
v 0.0074999979697168 0.0075749973766506 0.0131202880293131
vn 3.6277989993984954 -0.0570088378515881 -3.0486869429688186
v 0.0074999975040555 0.0067500020377338 0.0133413467556238
vn 3.5903855743845079 1.3289404674379766 -2.7595130016579050
v 0.0074999993667006 0.0060340906493366 0.0131779406219721
vn 3.5903915629494203 2.3945885876465098 -1.9096446217632472
v 0.0075000035576522 0.0054599787108600 0.0127201024442911
vn 3.5903932842665380 2.9860454474875993 -0.6815517423441966
v 0.0074999975040555 0.0051413695327938 0.0120585057884455
vn 3.5903932841598505 2.9860525439905601 0.6815664124268405
v 0.0074999975040555 0.0051413695327938 0.0113241765648127
vn 3.5903915629862269 2.3946044584589945 1.9096278592782241
v 0.0075000035576522 0.0054599787108600 0.0106625799089670
vn 3.5904020987826888 1.3288982751385694 2.7595190483848895
v 0.0074999993667006 0.0060340906493366 0.0102047417312860
vn 3.6277585634117568 -0.0570125246660022 3.0487022386295339
v 0.0074999975040555 0.0067500020377338 0.0100413504987955
vn 3.6652055393385790 -1.5172652284412993 2.6280011773873166
v 0.0074999979697168 0.0075749973766506 0.0102623943239450
vn 3.6651915567632249 -2.6279885795745028 1.5172749773798164
v 0.0075000016950071 0.0081789419054985 0.0108663383871317
vn 3.6651926408901732 -3.0345276859209851 0.0000071520297083
v 0.0075000021606684 -0.0050999973900616 0.0116913411766291
vn 3.6651911712378227 -2.6279940748090773 -1.5172786843177188
v 0.0074999979697168 -0.0053210561163723 0.0125163439661264
vn 3.6651913303727852 -1.5172658900727611 -2.6279820653763024
v 0.0075000016950071 -0.0059250001795590 0.0131202880293131
vn 3.6277989993907638 -0.0570164557991124 -3.0486721729437938
v 0.0075000012293458 -0.0067500029690564 0.0133413467556238
vn 3.5903773858668755 1.3289241391367821 -2.7595294590679877
v 0.0074999956414104 -0.0074659069068730 0.0131779406219721
vn 3.5903974937395984 2.3946020933464274 -1.9096397261850733
v 0.0074999998323619 -0.0080400258302689 0.0127201024442911
vn 3.5903932842988464 2.9860274704647463 -0.6815377924299697
v 0.0075000012293458 -0.0083586350083351 0.0120585057884455
vn 3.5903932843043664 2.9860282413484676 0.6815393860695260
v 0.0075000012293458 -0.0083586350083351 0.0113241765648127
vn 3.5903974936817900 2.3946037977752566 1.9096266704782221
v 0.0074999998323619 -0.0080400258302689 0.0106625799089670
vn 3.5903939103684963 1.3288798229327021 2.7595410620940930
v 0.0074999956414104 -0.0074659069068730 0.0102047417312860
vn 3.6277585634280536 -0.0570218687731501 3.0486962478683344
v 0.0075000012293458 -0.0067500029690564 0.0100413504987955
vn 3.6652081824225640 -1.5172241469514338 2.6279908322282099
v 0.0075000016950071 -0.0059250001795590 0.0102623943239450
vn 3.6651927657064558 -2.6280114310634435 1.5172663274442528
v 0.0074999979697168 -0.0053210561163723 0.0108663383871317
vn -2.4162243729636947 0.1014821381596807 -5.4764460871298786
v 0.0012999988393858 0.0000000025989406 -0.0101500060409307
vn -2.4136629362283006 -2.3761453754412876 -4.9341475085713755
v 0.0013000000035390 0.0008677642908879 -0.0103480573743582
vn -2.4136734644791069 -4.2816820065273316 -3.4145186398380827
v 0.0012999979080632 0.0015636633615941 -0.0109030213207006
vn -2.4136650720811410 -5.3391748342116969 -1.2186321277289816
v 0.0012999975588173 0.0019498567562550 -0.0117049571126699
vn -2.4136616350207829 -5.3391757733587646 1.2186334601940345
v 0.0012999975588173 0.0019498567562550 -0.0125950481742620
vn -2.4136404926085437 -4.2816750890419897 3.4145745041560742
v 0.0012999979080632 0.0015636633615941 -0.0133969839662313
vn -2.4136432310614437 -2.3761543902545390 4.9341500361600330
v 0.0013000000035390 0.0008677642908879 -0.0139519330114126
vn -2.4260386437355446 0.1082204970580708 5.4746629647536373
v 0.0012999988393858 0.0000000025989406 -0.0141499992460012
vn -2.4223140695925229 2.5554689649581319 4.8429192019828937
v 0.0013000026810914 -0.0009999994654208 -0.0138820465654135
vn -2.1749723094695570 4.1458765505876496 3.7735803048852490
v 0.0012999996542931 -0.0015636656899005 -0.0133969839662313
vn -2.3270313743388114 4.8195897628737310 2.5417792028837467
v 0.0012999966274947 -0.0017320488113910 -0.0131499972194433
vn -2.1165666249492769 5.4745799417746310 1.3757227146463640
v 0.0013000000035390 -0.0019498590845615 -0.0125950481742620
vn -2.3281814924750179 5.4479588174486473 -0.0000103807791307
v 0.0012999990722165 -0.0020000014919788 -0.0121499951928854
vn -1.7611093769205657 5.6347313170065121 -1.6476157709349999
v 0.0013000000035390 -0.0019498590845615 -0.0117049571126699
vn -2.2790875682319709 4.9233663872345952 -2.4466330790060078
v 0.0012999966274947 -0.0017320488113910 -0.0111499931663275
vn -2.0019289463530394 4.1463828823726603 -3.9358601091841234
v 0.0012999996542931 -0.0015636656899005 -0.0109030213207006
vn -2.3553923533930381 2.6421447513595102 -4.8297744511140319
v 0.0013000026810914 -0.0009999994654208 -0.0104179438203573
vn -2.3420424266757913 0.0000046639489819 -5.4567287294405613
v 0.0015000022249296 -0.0000000011003021 0.0089999977499247
vn -2.3420317464784031 -1.4123103200074654 -5.2708062091446894
v 0.0015000005951151 0.0023293707054108 0.0086933318525553
vn -2.3420140827588538 -2.7283711638572328 -4.7256893813276255
v 0.0015000035054982 0.0045000007376075 0.0077942255884409
vn -2.3420013206129862 -3.8585235241907081 -3.8585168747222540
v 0.0015000007115304 0.0063639646396041 0.0063639674335718
vn -2.3793879888445728 -4.6692141761022565 -2.7631850838596894
v 0.0014999973354861 0.0077942302450538 0.0044999960809946
vn -2.3871257538649124 -5.2495163835149494 -1.3409243978209826
v 0.0014999990817159 0.0086933327838778 0.0023293737322092
vn -2.3420155445810309 -5.4567526636016215 0.0000039873754452
v 0.0015000047860667 0.0089999986812472 -0.0000000056261209
vn -2.3420364789029180 -5.2708044967431835 1.4122975005956493
v 0.0014999990817159 0.0086933327838778 -0.0023293700069189
vn -2.3420213720117369 -4.7256862957247474 2.7283746998776017
v 0.0015000047860667 0.0077942302450538 -0.0045000072568655
vn -2.3420013853201942 -3.8585070038370484 3.8585303460663689
v 0.0015000007115304 0.0063639646396041 -0.0063639637082815
vn -2.3420104048259933 -2.7283731918194518 4.7256909830599936
v 0.0015000035054982 0.0045000007376075 -0.0077942218631506
vn -2.3420288560245797 -1.4123099185143566 5.2708085853281776
v 0.0015000005951151 0.0023293707054108 -0.0086933281272650
vn -2.3420417703059755 -0.0000004440062339 5.4567292275703654
v 0.0015000022249296 -0.0000000011003021 -0.0089999940246344
vn -2.3420367529275303 1.4123105636987394 5.2708017340889439
v 0.0014999964041635 -0.0023293730337173 -0.0086933281272650
vn -2.3420232641413810 2.7283712990320139 4.7256803061413626
v 0.0015000009443611 -0.0045000026002526 -0.0077942218631506
vn -2.3420241568368985 3.8584925511258552 3.8585126338309204
v 0.0014999962877482 -0.0063639590516686 -0.0063639637082815
vn -2.3797360995302230 4.6734752671726207 2.7528664243508172
v 0.0014999995473772 -0.0077942321076989 -0.0045000072568655
vn -2.3548362289509694 5.2670393403887745 1.3875797156806335
v 0.0014999979175627 -0.0086933309212327 -0.0023293700069189
vn -2.3420333981767163 5.4567356888238265 0.0000020878363938
v 0.0014999996637926 -0.0089999968186021 -0.0000000056261209
vn -2.3840477722199673 5.2494676956099404 -1.3500649912494280
v 0.0014999979175627 -0.0086933309212327 0.0023293737322092
vn -2.3857327694257315 4.6628522067095197 -2.7611322317378253
v 0.0014999995473772 -0.0077942321076989 0.0044999960809946
vn -2.3420231304481507 3.8585012563987058 -3.8585068273850185
v 0.0014999962877482 -0.0063639590516686 0.0063639674335718
vn -2.3420221818912124 2.7283720899737296 -4.7256807967614956
v 0.0015000009443611 -0.0045000026002526 0.0077942255884409
vn -2.3420352700888447 1.4123097197239698 -5.2708031236043391
v 0.0014999964041635 -0.0023293730337173 0.0086933318525553
vn -2.4260240155203161 0.1082605639965475 -5.4746662623108753
v 0.0012999996542931 0.0105222081765532 0.0080749932676554
vn -2.4136602519266028 -2.3761537551098288 -4.9341482779106327
v 0.0013000008184463 0.0113899772986770 0.0078769419342279
vn -2.4136712453543590 -4.2816849781997988 -3.4145164930669631
v 0.0012999988393858 0.0120858727023005 0.0073219779878855
vn -2.4136631490790990 -5.3391750859627161 -1.2186322489663917
v 0.0012999984901398 0.0124720660969615 0.0065200421959162
vn -2.4136467809636812 -5.3391838313178921 1.2186508675351999
v 0.0012999984901398 0.0124720660969615 0.0056299511343241
vn -2.4136378085087244 -4.2816856041808613 3.4145647855655170
v 0.0012999988393858 0.0120858727023005 0.0048280153423548
vn -2.4136404730685395 -2.3761590025782331 4.9341524136041732
v 0.0013000008184463 0.0113899772986770 0.0042730662971735
vn -2.4260369107278041 0.1082308325475185 5.4746637447880957
v 0.0012999996542931 0.0105222081765532 0.0040750000625849
vn -2.4383728844937806 2.7364424807477734 4.7396398038514214
v 0.0013000036124140 0.0095222098752856 0.0043429527431726
vn -2.4383661597162720 4.7396528797478155 2.7364408641425331
v 0.0012999974424019 0.0087901568040252 0.0050750020891428
vn -2.4383593867784930 5.4728813696550436 0.0000000111666137
v 0.0013000000035390 0.0085222078487277 0.0060750041157007
vn -2.4383635157201260 4.7396518466367841 -2.7364455172427284
v 0.0012999974424019 0.0087901568040252 0.0070750061422586
vn -2.4383216331538473 2.7364175133842048 -4.7397021279194087
v 0.0013000036124140 0.0095222098752856 0.0078070554882288
vn -2.4136782418671334 0.0000045072867937 -5.4764612419616698
v 0.0012999979080632 -0.0105222063139081 0.0080749932676554
vn -2.4136632168428163 -2.3761452410399277 -4.9341474463605151
v 0.0012999990722165 -0.0096544446423650 0.0078769419342279
vn -2.4136743974289310 -4.2816814289789900 -3.4145185925316914
v 0.0012999969767407 -0.0089585455134511 0.0073219779878855
vn -2.4136650579758117 -5.3391751504797460 -1.2186321038219310
v 0.0012999967439100 -0.0085723521187901 0.0065200421959162
vn -2.4136465648249770 -5.3391845415647410 1.2186497160260703
v 0.0012999967439100 -0.0085723521187901 0.0056299511343241
vn -2.4136373547942047 -4.2816808238169699 3.4145705391032122
v 0.0012999969767407 -0.0089585455134511 0.0048280153423548
vn -2.4136435391405247 -2.3761541679810465 4.9341499877602768
v 0.0012999990722165 -0.0096544446423650 0.0042730662971735
vn -2.4248434861411505 0.0078825321607369 5.4746142290541586
v 0.0012999979080632 -0.0105222063139081 0.0040750000625849
vn -2.3490644818446000 1.8788212416186245 5.1276633314107061
v 0.0012999967439100 -0.0113899754360318 0.0042730662971735
vn -2.2320117750059816 3.2043092272870717 4.5262082404906110
v 0.0013000017497689 -0.0115222083404660 0.0043429527431726
vn -2.3438608056877408 4.0395141340510197 3.6936616955186707
v 0.0012999988393858 -0.0120858745649457 0.0048280153423548
vn -2.0845011469343602 5.0839031667655981 2.5007317254021357
v 0.0012999956961721 -0.0122542576864362 0.0050750020891428
vn -2.3382567309211830 5.2991536037134530 1.4196714648074100
v 0.0012999990722165 -0.0124720679596066 0.0056299511343241
vn -2.1786585454698133 5.5771830913695224 -0.0000077445782619
v 0.0012999981408939 -0.0125222103670239 0.0060750041157007
vn -2.3448655394405629 5.2958172889656661 -1.3163279247180579
v 0.0012999990722165 -0.0124720679596066 0.0065200421959162
vn -2.1996755784251656 4.9269110726572585 -2.5758909991065786
v 0.0012999956961721 -0.0122542576864362 0.0070750061422586
vn -2.3423911306024010 4.0645373984713737 -3.6437043393306126
v 0.0012999988393858 -0.0120858745649457 0.0073219779878855
vn -2.3374203608410657 1.8867339326595625 -5.1259232773029533
v 0.0012999967439100 -0.0113899754360318 0.0078769419342279
vn -2.2538550599006957 3.1326250165234812 -4.5365820636194636
v 0.0013000017497689 -0.0115222083404660 0.0078070554882288
vn -2.1265160789060564 -0.4518855369175385 -5.2442764449600663
v 0.0055000022985041 -0.0101036289706826 -0.0224999990314245
vn -2.1265180588922541 0.4518899337455636 -5.2442737924393068
v 0.0055000032298267 0.0101036271080375 -0.0224999990314245
vn -2.0316266467881237 1.7530196092337340 -4.8163898942082142
v 0.0055000050924718 0.0118137290701270 -0.0221984591335058
vn -2.0316354640942738 3.2945722065259795 -3.9263470125117461
v 0.0055000032298267 0.0133175654336810 -0.0213302280753851
vn -2.1265242095460888 4.3157329603896466 -3.0134752203908413
v 0.0055000013671815 0.0144337555393577 -0.0200000014156103
vn -2.1265229744861354 4.7676136427774978 -2.2307892243500351
v 0.0055000022985041 0.0245373845100403 -0.0025000032037497
vn -2.0316145862964516 5.0476342967084165 -0.8900260128569439
v 0.0055000055581331 0.0251312963664532 -0.0008682367042638
vn -2.0316198817568321 5.0476274367950111 0.8900296788218507
v 0.0055000055581331 0.0251312963664532 0.0008682403131388
vn -2.1265364487032103 4.7675998586414323 2.2307842287549935
v 0.0055000022985041 0.0245373845100403 0.0025000069290400
vn -2.1265371820440548 4.3157080194128756 3.0134746347566095
v 0.0055000013671815 0.0144337555393577 0.0200000051409006
vn -2.0316246983294968 3.2946034212530990 3.9263623914626526
v 0.0055000032298267 0.0133175654336810 0.0213302168995142
vn -2.0316374662344807 1.7530237026486457 4.8163625353666042
v 0.0054999976418912 0.0118137290701270 0.0221984628587961
vn -2.1265452423599078 0.4518802125113426 5.2442456972160532
v 0.0055000032298267 0.0101036271080375 0.0225000027567148
vn -2.1265595912513935 -0.4518773387064698 5.2442303644461106
v 0.0054999948479235 -0.0101036289706826 0.0225000027567148
vn -2.0316151849555504 -1.7530338880923351 4.8163885242833224
v 0.0055000004358590 -0.0118137309327722 0.0221984628587961
vn -2.0316381113995656 -3.2945916294534130 3.9263448014255311
v 0.0054999948479235 -0.0133175710216165 0.0213302168995142
vn -2.1265457919421982 -4.3157037043005841 3.0134666963589272
v 0.0054999967105687 -0.0144337574020028 0.0200000051409006
vn -2.1265337160436668 -4.7676033820416119 2.2307895483134539
v 0.0054999962449074 -0.0245373845100403 0.0025000069290400
vn -2.0316243596538479 -5.0476187034639821 0.8900322998218793
v 0.0054999999701977 -0.0251313000917435 0.0008682403131388
vn -2.0316184866185223 -5.0476264761480465 -0.8900277891916957
v 0.0054999999701977 -0.0251313000917435 -0.0008682367042638
vn -2.1265197890933685 -4.7676169870095437 -2.2307960396419455
v 0.0054999962449074 -0.0245373845100403 -0.0025000032037497
vn -2.1265354947229387 -4.3157225837657451 -3.0134697701260356
v 0.0054999967105687 -0.0144337574020028 -0.0200000014156103
vn -2.0316324154652232 -3.2945795134324505 -3.9263392716967953
v 0.0055000022985041 -0.0133175710216165 -0.0213302280753851
vn -2.0316322113922700 -1.7530145892692317 -4.8163866322405369
v 0.0055000004358590 -0.0118137309327722 -0.0221984591335058
vn -3.6277989882245234 -0.0570079327941104 3.0490987549727158
v 0.0010000029578805 -0.0067500020377338 -0.0133413430303335
vn -3.5903770034259006 1.3289044599966870 2.7594144961099509
v 0.0009999972535297 -0.0074659059755504 -0.0131779368966818
vn -3.5903968074543142 2.3946220044845283 1.9096473195718837
v 0.0010000014444813 -0.0080400248989463 -0.0127200987190008
vn -3.5903922893910059 2.9851002554700452 0.6815387658330758
v 0.0009999956237152 -0.0083586340770125 -0.0120585020631552
vn -3.5903923188758511 2.9852050878796001 -0.6815405168821030
v 0.0009999956237152 -0.0083586340770125 -0.0113241877406836
vn -3.5903809422668989 2.3946489014155463 -1.9096330921835007
v 0.0010000014444813 -0.0080400248989463 -0.0106625910848379
vn -3.5904126536216356 1.3288998718731446 -2.7594544949784452
v 0.0009999972535297 -0.0074659059755504 -0.0102047380059958
vn -3.6277792319074234 -0.0570368257156579 -3.0487011055762272
v 0.0010000029578805 -0.0067500020377338 -0.0100413467735052
vn -3.6651917645655248 -1.5172731296544002 -2.6279338063128947
v 0.0009999958565459 -0.0059249992482364 -0.0102624054998159
vn -3.6651942404041642 -2.6280012810492672 -1.5172708650473055
v 0.0009999995818362 -0.0053210551850498 -0.0108663495630026
vn -3.6651774062530911 -3.0345415800271747 -0.0000063653461366
v 0.0009999962057918 -0.0051000039093196 -0.0116913374513388
vn -3.6652003503498971 -2.6280021439165711 1.5172645484312324
v 0.0009999995818362 -0.0053210551850498 -0.0125163402408361
vn -3.6651917639175986 -1.5172679728490566 2.6279064025912380
v 0.0009999958565459 -0.0059249992482364 -0.0131202843040228
vn -3.6277990157298783 -0.0570085316186381 3.0486748530274701
v 0.0009999993490055 0.0067500029690564 -0.0133413430303335
vn -3.5903851934407163 1.3289238384340014 2.7595434054226811
v 0.0010000009788200 0.0060340915806592 -0.0131779368966818
vn -3.5903908768448831 2.3946021931282706 1.9096355324555625
v 0.0009999978356063 0.0054599796421826 -0.0127200987190008
vn -3.5903924280175756 2.9860960652495203 0.6815459526539842
v 0.0009999994654208 0.0051413704641163 -0.0120585020631552
vn -3.5903924279928670 2.9860973123628312 -0.6815459580990665
v 0.0009999994654208 0.0051413704641163 -0.0113241877406836
vn -3.5903750116697566 2.3946214784284883 -1.9096219800940517
v 0.0009999978356063 0.0054599796421826 -0.0106625910848379
vn -3.5904208424231552 1.3289119712933604 -2.7595177509605882
v 0.0010000009788200 0.0060340915806592 -0.0102047380059958
vn -3.6277792320598028 -0.0570396061045139 -3.0486787972906777
v 0.0009999993490055 0.0067500029690564 -0.0100413467735052
vn -3.6651891218928774 -1.5172652994368743 -2.6279859615654937
v 0.0009999996982515 0.0075749983079731 -0.0102624054998159
vn -3.6651877942498787 -2.6280038323869728 -1.5172808381590706
v 0.0010000034235418 0.0081789428368211 -0.0108663495630026
vn -3.6651961422402985 -3.0345264033854651 -0.0000072926256716
v 0.0010000000474975 0.0084000015631318 -0.0116913374513388
vn -3.6651923098233476 -2.6280023535705168 1.5172752130167484
v 0.0010000034235418 0.0081789428368211 -0.0125163402408361
vn -3.6651891218661028 -1.5172648402091742 2.6279791012062237
v 0.0009999996982515 0.0075749983079731 -0.0131202843040228
vn -3.6277781029976692 -0.0570167616949163 3.0487082140664934
v 0.0010000050533563 0.0134999984875321 -0.0016499962657690
vn -3.5904197136114364 1.3288994443198927 2.7594948762533225
v 0.0009999992325902 0.0127840908244252 -0.0014866050332785
vn -3.5903749944795482 2.3946183717423533 1.9096357397735293
v 0.0010000035399571 0.0122099788859487 -0.0010287519544363
vn -3.5903924458312373 2.9860341694752863 0.6815461349179820
v 0.0010000050533563 0.0118913697078824 -0.0003671553276945
vn -3.5903924114376093 2.9860344647998551 -0.6815467927987580
v 0.0010000050533563 0.0118913697078824 0.0003671589947771
vn -3.5903908940517852 2.3946020064141620 -1.9096554921255979
v 0.0010000035399571 0.0122099788859487 0.0010287556797266
vn -3.5903840644149310 1.3289204927884601 -2.7594702526313140
v 0.0009999992325902 0.0127840908244252 0.0014865938574076
vn -3.6277978868627856 -0.0570038226027451 -3.0486896060182778
v 0.0010000050533563 0.0134999984875321 0.0016499999910593
vn -3.6651948975119844 -1.5172838122642160 -2.6279968450832092
v 0.0010000054026023 0.0143250012770295 0.0014289412647486
vn -3.6651887859212984 -2.6280034183916845 -1.5172562328504917
v 0.0010000016773120 0.0149289416149259 0.0008249971433543
vn -3.6651961422669617 -3.0345350901912496 0.0000068327756469
v 0.0009999983012676 0.0151500003412366 -0.0000000056261209
vn -3.6651843788525884 -2.6279990210116151 1.5172571128767525
v 0.0010000016773120 0.0149289416149259 -0.0008249935344793
vn -3.6651948011479787 -1.5172807071616348 2.6279936432313744
v 0.0010000054026023 0.0143250012770295 -0.0014289375394583
vn -3.6277792156016968 0.0570338927111093 3.0486918030799459
v 0.0009999973699450 -0.0134999966248870 -0.0016499962657690
vn -3.6651912822166763 1.5172685883838033 2.6279960279617987
v 0.0009999970206991 -0.0143249994143844 -0.0014289375394583
vn -3.6651867099043045 2.6280004986298278 1.5172872730207172
v 0.0010000007459894 -0.0149289434775710 -0.0008249935344793
vn -3.6651952725926780 3.0345230190370134 0.0000173331074796
v 0.0009999966714531 -0.0151500022038817 -0.0000000056261209
vn -3.6651911169695111 2.6279968026542901 -1.5172839833667739
v 0.0010000007459894 -0.0149289434775710 0.0008249971433543
vn -3.6651913785954759 1.5172679386500945 -2.6279968367297410
v 0.0009999970206991 -0.0143249994143844 0.0014289412647486
vn -3.6277989994332329 0.0569991569631017 -3.0486936746226387
v 0.0009999973699450 -0.0134999966248870 0.0016499999910593
vn -3.5903833166339725 -1.3289155434897515 -2.7595085013703087
v 0.0009999957401305 -0.0127840926870704 0.0014865938574076
vn -3.5903915802597215 -2.3946170259241537 -1.9096509191085391
v 0.0009999988833442 -0.0122099807485938 0.0010287556797266
vn -3.5903932671179422 -2.9860339990516098 -0.6815425325563256
v 0.0009999972535297 -0.0118913715705276 0.0003671589947771
vn -3.5903933015115168 -2.9860338091559773 0.6815431427548362
v 0.0009999972535297 -0.0118913715705276 -0.0003671553276945
vn -3.5903756806929401 -2.3946391541685053 1.9096324003393097
v 0.0009999988833442 -0.0122099807485938 -0.0010287519544363
vn -3.5904189656452266 -1.3289034311144954 2.7594955293847065
v 0.0009999957401305 -0.0127840926870704 -0.0014866050332785
vn -3.6278027454757211 -0.0570105460824544 3.0486717911920298
v 0.0009999993490055 0.0067500029690564 0.0100413355976343
vn -3.5903851933814979 1.3289251546120300 2.7595481756790980
v 0.0010000009788200 0.0060340915806592 0.0102047417312860
vn -3.5903908768594821 2.3946053724320504 1.9096372726218083
v 0.0009999978356063 0.0054599796421826 0.0106625799089670
vn -3.5903924280611847 2.9860937741432627 0.6815462160024109
v 0.0009999994654208 0.0051413704641163 0.0113241765648127
vn -3.5903924280714143 2.9860933195425541 -0.6815458323160892
v 0.0009999994654208 0.0051413704641163 0.0120585057884455
vn -3.5903908768498711 2.3946002627083551 -1.9096393038336981
v 0.0009999978356063 0.0054599796421826 0.0127201024442911
vn -3.5903851936065170 1.3289274400842948 -2.7595163457335872
v 0.0010000009788200 0.0060340915806592 0.0131779406219721
vn -3.6277990157411111 -0.0570143112576727 -3.0486824457694794
v 0.0009999993490055 0.0067500029690564 0.0133413467556238
vn -3.6651891219085559 -1.5172664515445073 -2.6279950456746075
v 0.0009999996982515 0.0075749983079731 0.0131202880293131
vn -3.6651923097550538 -2.6280151087577690 -1.5172754628287295
v 0.0010000034235418 0.0081789428368211 0.0125163439661264
vn -3.6651916267160618 -3.0345369038327674 -0.0000024865557724
v 0.0010000000474975 0.0084000015631318 0.0116913411766291
vn -3.6651923098139418 -2.6280044454975999 1.5172759599853178
v 0.0010000034235418 0.0081789428368211 0.0108663383871317
vn -3.6651923108989140 -1.5172636652343601 2.6279824773676435
v 0.0009999996982515 0.0075749983079731 0.0102623943239450
vn -3.6278021323349083 -0.0570072746380690 3.0467200515289536
v 0.0009999955072999 -0.0067500020377338 0.0100413355976343
vn -3.5903770050517143 1.3288955175522976 2.7594978585988081
v 0.0009999972535297 -0.0074659059755504 0.0102047417312860
vn -3.5903968074415609 2.3946236438875497 1.9096493385004707
v 0.0010000014444813 -0.0080400248989463 0.0106625799089670
vn -3.5903924071832862 2.9856685587173120 0.6815387609205364
v 0.0009999956237152 -0.0083586340770125 0.0113241765648127
vn -3.5903924155157960 2.9857483403449137 -0.6815424431159773
v 0.0009999956237152 -0.0083586340770125 0.0120585057884455
vn -3.5903968072549963 2.3946437707391102 -1.9096529974532821
v 0.0010000014444813 -0.0080400248989463 0.0127201024442911
vn -3.5903770051022259 1.3288943698045093 -2.7595136031372287
v 0.0009999972535297 -0.0074659059755504 0.0131779406219721
vn -3.6277990157855209 -0.0570100942661676 -3.0486791356986309
v 0.0009999955072999 -0.0067500020377338 0.0133413467556238
vn -3.6651917651757775 -1.5172599230293708 -2.6279934209265057
v 0.0009999958565459 -0.0059249992482364 0.0131202880293131
vn -3.6651987558130337 -2.6280108228387742 -1.5172602407921112
v 0.0009999995818362 -0.0053210551850498 0.0125163439661264
vn -3.6651728908267556 -3.0345445302835650 -0.0000006408898809
v 0.0009999962057918 -0.0051000039093196 0.0116913411766291
vn -3.6652003503460997 -2.6280031813388915 1.5172650467268978
v 0.0009999995818362 -0.0053210551850498 0.0108663383871317
vn -3.6651949541863229 -1.5172619145997630 2.6279854844943449
v 0.0009999958565459 -0.0059249992482364 0.0102623943239450
vn -5.5774802175246423 0.0330588421113614 -1.9496502474345483
v 0.0010000012116507 0.0000000006970865 -0.0098500009626150
vn -5.5628611102439063 -0.8558206479887249 -1.7770813604926403
v 0.0009999972535297 0.0009979314636439 -0.0100777652114630
vn -5.5628721945119812 -1.5421149888594501 -1.2298025499891210
v 0.0009999971371144 0.0017982132267207 -0.0107159670442343
vn -5.5628603262526015 -1.9230038934665610 -0.4389147204274250
v 0.0009999979520217 0.0022423348855227 -0.0116381999105215
vn -5.5628613727901479 -1.9230010806483184 0.4389169860210517
v 0.0009999979520217 0.0022423348855227 -0.0126618053764105
vn -5.5628452848999617 -1.5421371740145837 1.2298213060663938
v 0.0009999971371144 0.0017982132267207 -0.0135840233415365
vn -5.5628557847789768 -0.8558315928761970 1.7771227235967937
v 0.0009999972535297 0.0009979314636439 -0.0142222251743078
vn -5.5774890625686888 0.0330348047471211 1.9496379188478945
v 0.0010000012116507 0.0000000006970865 -0.0144500043243170
vn -5.5920494579390390 0.9634379580761254 -1.6687571217142485
v 0.0010000022593886 -0.0011499964166433 -0.0101581420749426
vn -5.5488686236746032 1.7324494600978881 -0.9547509994640030
v 0.0010000015608966 -0.0019918598700315 -0.0109999980777502
vn -5.5019164707675294 2.0397879196700757 -0.0242431370453598
v 0.0010000033071265 -0.0023000009823591 -0.0121499951928854
vn -5.5014244751516408 1.7722435965202163 1.0174322905201267
v 0.0010000015608966 -0.0019918598700315 -0.0133000072091818
vn -5.5653475239371115 0.9447150618276594 1.7219720942524508
v 0.0010000022593886 -0.0011499964166433 -0.0141418632119894
vn -5.4851371659682648 -0.0000000714082634 2.0817082795215267
v 0.0010000012116507 0.0000000006970865 -0.0095000024884939
vn -5.4851217989616536 -0.5387926883888517 2.0107918320812921
v 0.0010000019101426 0.0024587817024440 -0.0091762896627188
vn -5.4851116010831289 -1.0408698781326924 1.8028359464548775
v 0.0009999995818362 0.0047499989159405 -0.0082272347062826
vn -5.4850937041151875 -1.4720145323983893 1.4720283229762052
v 0.0009999987669289 0.0067175109870732 -0.0067175086587667
vn -5.4851150537640621 -1.8028420355096573 1.0408713466591251
v 0.0010000043548644 0.0082272412255406 -0.0047500040382147
vn -5.4851242285460184 -2.0107863562413533 0.5387837606249527
v 0.0009999995818362 0.0091762961819768 -0.0024587865918875
vn -5.4851135947962968 -2.0817175988238628 0.0000021212705672
v 0.0009999980684370 0.0095000015571713 -0.0000000056261209
vn -5.4316951467921264 -2.1018596158505143 -0.4388851204416131
v 0.0009999995818362 0.0091762961819768 0.0024587754160166
vn -5.3896506562176913 -2.0988085762689019 -0.6403011871305969
v 0.0009999980684370 0.0090964259579778 0.0027395281940699
vn -5.5179206859412444 -1.8882072856479095 -0.8085847022204570
v 0.0009999981848523 0.0086995074525476 0.0038168821483850
vn -5.4583217251201130 -1.9925548809723124 -0.7280497106704368
v 0.0010000038892031 0.0090077938511968 0.0030182246118784
vn -5.4851366784946247 0.0000037771838379 -2.0817146289846917
v 0.0010000012116507 0.0000000006970865 0.0095000062137842
vn -5.4851196549045440 -0.5387938819145427 -2.0107963052980087
v 0.0010000019101426 0.0024587817024440 0.0091762933880091
vn -5.4851093060159561 -1.0408710572723798 -1.8028412057790522
v 0.0009999995818362 0.0047499989159405 0.0082272384315729
vn -5.4850967454969997 -1.4720170164560906 -1.4720145306507297
v 0.0009999987669289 0.0067175109870732 0.0067175123840570
vn -5.4508073523260343 -1.8000982003442496 -1.1286155670587459
v 0.0010000043548644 0.0082272412255406 0.0047499928623438
vn -5.4851235805154657 0.5387928067338185 -2.0107933721966118
v 0.0010000003967434 -0.0024587803054601 0.0091762933880091
vn -5.4851205837158146 1.0408652727865655 -1.8028400785684544
v 0.0010000027250499 -0.0047499979846179 0.0082272384315729
vn -5.4851157165594264 1.4720082359078484 -1.4719961068073022
v 0.0009999960893765 -0.0067175175063312 0.0067175123840570
vn -5.4362441268818458 1.7975104879557544 -1.1647365640775702
v 0.0009999980684370 -0.0082272430881858 0.0047499928623438
vn -5.4263615137904546 1.9308452246558894 -0.9588999463675417
v 0.0010000013280660 -0.0084517439827323 0.0043379757553339
vn -5.3875683110485113 2.1023958930182101 -0.6359987721845261
v 0.0009999966714531 -0.0091040199622512 0.0027141813188791
vn -5.4838946167095148 1.9567357560363940 -0.7420654047947814
v 0.0009999983012676 -0.0090144341811538 0.0029983315616846
vn -5.5631037470045506 1.8565031242188301 -0.7460857415501501
v 0.0009999965550378 -0.0087095415219665 0.0037939194589853
vn -5.4741731502919251 1.9135887673650676 0.8712008119065154
v 0.0010000015608966 -0.0084377890452743 -0.0043650623410940
vn -5.4749564744156096 2.0292172852767618 0.5199300075968704
v 0.0009999953908846 -0.0091762980446219 -0.0024587865918875
vn -5.4851279637332571 2.0817181567888201 0.0000008031811425
v 0.0009999967878684 -0.0095000034198165 -0.0000000056261209
vn -5.4310119454874810 2.1029345724814013 -0.4375778388135159
v 0.0009999953908846 -0.0091762980446219 0.0024587754160166
vn -5.4851224810737245 0.5387927110323633 2.0107925785848213
v 0.0010000003967434 -0.0024587803054601 -0.0091762896627188
vn -5.4851197810746051 1.0408656624140364 1.8028343516715490
v 0.0010000027250499 -0.0047499979846179 -0.0082272347062826
vn -5.4851129463262929 1.4720010541646291 1.4720029944677955
v 0.0009999960893765 -0.0067175175063312 -0.0067175086587667
vn -5.4354668356078406 1.7973243162304224 1.1666391323960745
v 0.0009999980684370 -0.0082272430881858 -0.0047500040382147
vn -5.5774790143157924 0.0330530660177253 -1.9496419737303305
v 0.0010000020265579 0.0105222100391984 0.0083749983459711
vn -5.5628576282060980 -0.8558235749402047 -1.7771098271130967
v 0.0009999981848523 0.0115201408043504 0.0081472340971231
vn -5.5628721945205015 -1.5421173356795663 -1.2298045536540603
v 0.0009999980684370 0.0123204225674272 0.0075090322643518
vn -5.5628603262669571 -1.9230114417425672 -0.4389142426315211
v 0.0009999988833442 0.0127645442262292 0.0065867993980646
vn -5.5628512388975464 -1.9230252288546432 0.4389124235295893
v 0.0009999988833442 0.0127645442262292 0.0055632088333368
vn -5.5628468964610516 -1.5421460828249500 1.2298183805126643
v 0.0009999980684370 0.0123204225674272 0.0046409759670496
vn -5.5628520455993993 -0.8558263876639144 1.7770432398091662
v 0.0009999981848523 0.0115201408043504 0.0040027741342783
vn -5.5774891294001305 0.0330707084140039 1.9496154357664361
v 0.0010000020265579 0.0105222100391984 0.0037749949842691
vn -5.5920901944831130 0.9634226162082097 1.6687014872789439
v 0.0010000031907111 0.0093722091987729 0.0040831360965967
vn -5.5920693146938669 1.6687040399997894 0.9634254211912741
v 0.0010000024922192 0.0085303494706750 0.0049250070005655
vn -5.5920779885193852 1.9268715241755452 -0.0000033657749810
v 0.0010000042384490 0.0082222083583474 0.0060750041157007
vn -5.5920709518533123 1.6687220942832595 -0.9634323844982666
v 0.0010000024922192 0.0085303494706750 0.0072250012308359
vn -5.5920554127952453 0.9634370852743273 -1.6687396864485744
v 0.0010000031907111 0.0093722091987729 0.0080668572336435
vn -5.5628764066146221 -0.0000039803141510 -1.9724754206011150
v 0.0010000002803281 -0.0105222081765532 0.0083749983459711
vn -5.5628611679898174 -0.8558178608743463 -1.7771202821967107
v 0.0009999963222072 -0.0095242774114013 0.0081472340971231
vn -5.5628725441189744 -1.5421019977385491 -1.2297983879630241
v 0.0009999963222072 -0.0087239956483245 0.0075090322643518
vn -5.5628599329493547 -1.9230144472940236 -0.4389108746598236
v 0.0009999970206991 -0.0082798739895225 0.0065867993980646
vn -5.5628509332643086 -1.9230248909404744 0.4389060989770073
v 0.0009999970206991 -0.0082798739895225 0.0055632088333368
vn -5.5628482057070192 -1.5421088328040196 1.2298024555316462
v 0.0009999963222072 -0.0087239956483245 0.0046409759670496
vn -5.5628558143196107 -0.8558265800288501 1.7770907740726478
v 0.0009999963222072 -0.0095242774114013 0.0040027741342783
vn -5.5628887830760316 0.0000041324978372 1.9730380958732721
v 0.0010000002803281 -0.0105222081765532 0.0037749949842691
vn -5.5286818839527250 0.8411436226229395 -1.8295785879929272
v 0.0009999966714531 -0.0115201389417052 0.0081472340971231
vn -5.5069482712373450 1.5776624907990791 -1.2974949485958156
v 0.0009999967878684 -0.0123204207047820 0.0075090322643518
vn -5.4991840913950298 1.9995629705611329 -0.4685269836644107
v 0.0009999960893765 -0.0127645423635840 0.0065867993980646
vn -5.5256550876456014 1.9570753434487071 0.5001255542343255
v 0.0009999960893765 -0.0127645423635840 0.0055632088333368
vn -5.5286664311119207 1.5540581331428982 1.2778942866898202
v 0.0009999967878684 -0.0123204207047820 0.0046409759670496
vn -5.5363684595526763 0.8516466877939013 1.8122954106758009
v 0.0009999966714531 -0.0115201389417052 0.0040027741342783
vn -0.6092396496504343 -0.7229246905115760 -6.1842059239517990
v 0.0047000017948449 -0.0017482719849795 -0.0210000034421682
vn -0.6172563705162325 0.7282574420148804 -6.1829729271489375
v 0.0046999994665384 0.0017482705879956 -0.0210000034421682
vn -2.4088303151151607 0.6733894742860521 -5.6838676209299930
v 0.0048154611140490 0.0017482684925199 -0.0210231151431799
vn -2.4087186542156531 -0.6734684588550062 -5.6839331879229276
v 0.0048154559917748 -0.0017482740804553 -0.0210231151431799
vn -4.4389535139668199 0.5064824355113933 -4.3048790371910179
v 0.0049131307750940 0.0017482666298747 -0.0210888739675283
vn -4.4390000657331345 -0.5064567311899074 -4.3047804533291796
v 0.0049131331034005 -0.0017482684925199 -0.0210888739675283
vn -5.7566286927585688 0.2598425874234611 -2.2623885796977561
v 0.0049779731780291 0.0017482729163021 -0.0211871620267630
vn -5.7563064097156245 -0.2622391648882906 -2.2637047313522940
v 0.0049779680557549 -0.0017482696566731 -0.0211871620267630
vn -6.2322384792771768 0.0615026363108864 -0.5577454942364121
v 0.0050000045448542 0.0017482724506408 -0.0212999936193228
vn -6.2324174962416823 -0.0625684721051670 -0.5566451911378050
v 0.0049999994225800 -0.0017482701223344 -0.0212999936193228
vn -5.8073962048153387 -1.7628719397141694 -1.3041446782240640
v 0.0049779680557549 -0.0021390377078205 -0.0209909137338400
vn -6.2393274388484432 -0.4092385074348537 -0.3130697569741716
v 0.0049999980255961 -0.0022239747922868 -0.0210656579583883
vn -6.2305680395025114 -0.5468163621792151 -0.1613517988089488
v 0.0050000031478703 -0.0023391533177346 -0.0208041872829199
vn -5.8073521047290129 -0.9756255104173264 -1.9647970287125045
v 0.0049779713153839 -0.0019669069442898 -0.0211353506892920
vn -6.2394694098679917 -0.2354458572910754 -0.4571332841761201
v 0.0050000017508864 -0.0020253646653146 -0.0212321784347296
vn -4.5011381334070144 -1.9180387570937110 -3.8190505222022941
v 0.0049131298437715 -0.0019227983430028 -0.0210475083440542
vn -2.4465532856621315 -2.5498146497512035 -5.0769573104872316
v 0.0048154606483877 -0.0018932847306132 -0.0209887381643057
vn -0.6085945793063879 -2.7628467505335048 -5.4891042821332778
v 0.0046999990008771 -0.0018829114269465 -0.0209680851548910
vn -4.5019403305723031 -3.4255988762925851 -2.5537622700657634
v 0.0049131345003843 -0.0020601944997907 -0.0209322180598974
vn -2.4475943853317030 -4.5560715044727811 -3.3933243695602475
v 0.0048154583200812 -0.0020074425265193 -0.0208929535001516
vn -0.6171681455512551 -4.9282326582595211 -3.6688255640735852
v 0.0046999971382320 -0.0019889108370990 -0.0208791401237249
vn -5.7437816376447444 -2.2113413875737749 -0.6584241965692214
v 0.0049771619960666 -0.0022260977420956 -0.0207842495292425
vn -4.4190548038204698 -4.1731346283256281 -1.2488448377755250
v 0.0049121351912618 -0.0021302448585629 -0.0207673516124487
vn -2.3958082001179983 -5.4874330665244342 -1.6493636457881757
v 0.0048148017376661 -0.0020662052556872 -0.0207560565322638
vn -0.6144558550829445 -5.9632857961393269 -1.7898803425945855
v 0.0047000036574900 -0.0020437098573893 -0.0207520928233862
vn -0.6054283071355606 5.9652514650113657 -1.7857080658962401
v 0.0046999971382320 0.0020437084604055 -0.0207520928233862
vn -0.6032343913393117 5.9233679702479636 -1.6693025327974540
v 0.0046999971382320 0.0024380825925618 -0.0185154881328344
vn -2.3942926800408824 5.4872795255424744 -1.6528756126494228
v 0.0048148036003113 0.0020661996677518 -0.0207560565322638
vn -2.2860016973865642 5.4076186558560924 -1.5255668948744479
v 0.0048148036003113 0.0024605737999082 -0.0185194518417120
vn -4.4181066249514078 4.1730684946516394 -1.2554950093971959
v 0.0049121319316328 0.0021302429959178 -0.0207673516124487
vn -4.2591804466039509 4.1896610712176301 -1.1877494993127766
v 0.0049121314659715 0.0025246171280742 -0.0185307469218969
vn -5.7450713363765242 2.2082736216922960 -0.6597929000220445
v 0.0049771624617279 0.0022260935511440 -0.0207842495292425
vn -5.6279471928233269 2.3261327276680293 -0.6660407641066610
v 0.0049771619960666 0.0026204676833004 -0.0185476448386908
vn -6.2305442227022887 0.5470585217970174 -0.1611159594567806
v 0.0050000003539026 0.0023391556460410 -0.0208041872829199
vn -6.2136616139129845 0.6292267627818267 -0.1828533788210811
v 0.0050000003539026 0.0027335297781974 -0.0185675825923681
vn -5.8077380409233115 0.9770977127980465 -1.9624237947931087
v 0.0049779694527388 0.0019669102039188 -0.0211353357881308
vn -6.2393170924899852 0.2372171364223825 -0.4575001328561611
v 0.0050000022165477 0.0020257618743926 -0.0212319698184729
vn -5.8086589354516551 1.7614062331034268 -1.3013318436670356
v 0.0049779727123678 0.0021390335168689 -0.0209909137338400
vn -6.2393011497654491 0.4094736075665047 -0.3130719833044888
v 0.0049999984912574 0.0022242527920753 -0.0210653003305197
vn -4.5008327973087789 3.4305038119510076 -2.5492574644029675
v 0.0049131289124489 0.0020601926371455 -0.0209322180598974
vn -2.4460541896639252 4.5586124676601303 -3.3907172868136457
v 0.0048154583200812 0.0020074443891644 -0.0208929535001516
vn -0.5977312394849458 4.9321669438823310 -3.6683031108162347
v 0.0047000036574900 0.0019889094401151 -0.0208791401237249
vn -4.5011387627841009 1.9180609017861256 -3.8190577277377904
v 0.0049131340347230 0.0019227964803576 -0.0210475083440542
vn -2.4465125717700489 2.5497906195376077 -5.0769956717409066
v 0.0048154634423554 0.0018932791426778 -0.0209887381643057
vn -0.6060792814386216 2.7519229977217461 -5.4950602353314899
v 0.0047000017948449 0.0018829100299627 -0.0209680851548910
vn -5.2663240990432145 -0.2095801053440198 -2.2992972784382681
v 0.0050000012852252 -0.0101036271080375 -0.0220000054687262
vn -5.2663195399793068 0.2095857328681543 -2.2993020811680736
v 0.0050000022165477 0.0101036289706826 -0.0220000054687262
vn -5.2663304844934018 1.8864495462009361 -1.3311469469035808
v 0.0049999998882413 0.0140007445588708 -0.0197500046342611
vn -5.1696769753030676 1.5279631861139864 -1.8209762733740966
v 0.0050000036135316 0.0129961716011167 -0.0209471937268972
vn -5.1696475891403679 0.8130309435049602 -2.2337619891565641
v 0.0050000012852252 0.0116427177563310 -0.0217286106199026
vn -5.2663302049773275 2.0960329854655972 -0.9681420062664396
v 0.0050000008195639 0.0241043735295534 -0.0022500064224005
vn -5.2663445653874170 2.0960234584458899 0.9681330063348763
v 0.0050000008195639 0.0241043735295534 0.0022499952465296
vn -5.1696460052183388 2.3410147233381498 0.4127772404072318
v 0.0050000031478703 0.0246388930827379 0.0007814112468623
vn -5.1696398904639720 2.3410189126438503 -0.4127832806223521
v 0.0050000031478703 0.0246388930827379 -0.0007814225391485
vn -5.2663502184718034 1.8864351729494440 1.3311352704067463
v 0.0049999998882413 0.0140007445588708 0.0197499934583902
vn -5.2663606384838282 0.2095711843317395 2.2992684672010726
v 0.0050000022165477 0.0101036289706826 0.0219999942928553
vn -5.1696609730413643 0.8130246404718650 2.2337541076194678
v 0.0050000012852252 0.0116427177563310 0.0217286143451929
vn -5.1696497972053903 1.5279855325206140 1.8209893854888690
v 0.0050000036135316 0.0129961716011167 0.0209471974521875
vn -5.2663821553599641 -0.2095574818377360 2.2992557847132185
v 0.0050000012852252 -0.0101036271080375 0.0219999942928553
vn -5.2663602547345238 -1.8864278044023910 1.3311297741201653
v 0.0049999961629510 -0.0140007426962256 0.0197499934583902
vn -5.1696633647000656 -1.5279805890861615 1.8209778243367611
v 0.0049999998882413 -0.0129961734637618 0.0209471974521875
vn -5.1696399125650965 -0.8130334643245672 2.2337628375829657
v 0.0049999952316284 -0.0116427233442664 0.0217286143451929
vn -5.2663381409407908 -2.0960272841668863 0.9681298558988234
v 0.0049999956972897 -0.0241043772548437 0.0022499952465296
vn -5.2663244913890344 -2.0960351094608831 -0.9681398173649763
v 0.0049999956972897 -0.0241043772548437 -0.0022500064224005
vn -5.1696488094030588 -2.3410142322510632 -0.4127797848834637
v 0.0050000008195639 -0.0246388968080282 -0.0007814225391485
vn -5.1696540535932280 -2.3410107945309639 0.4127751910270108
v 0.0050000008195639 -0.0246388968080282 0.0007814112468623
vn -5.2663362852758642 -1.8864391249326473 -1.3311478439755517
v 0.0049999961629510 -0.0140007426962256 -0.0197500046342611
vn -5.1696665025830093 -0.8130257703597763 -2.2337553843554465
v 0.0050000026822090 -0.0116427233442664 -0.0217286106199026
vn -5.1696742053166806 -1.5279679870394378 -1.8209693390616639
v 0.0049999998882413 -0.0129961734637618 -0.0209471937268972
vn -0.5995224417976941 -5.9222090103725096 -1.6721327983065570
v 0.0047000036574900 -0.0024380839895457 -0.0185154881328344
vn -2.2859944730379897 -5.4076917515594936 -1.5256084972573987
v 0.0048148017376661 -0.0024605793878436 -0.0185194518417120
vn -4.2591094875576978 -4.1896379014141019 -1.1877435701616401
v 0.0049121351912618 -0.0025246189907193 -0.0185307469218969
vn -5.6279888114020578 -2.3261633749810988 -0.6660473542766074
v 0.0049771619960666 -0.0026204718742520 -0.0185476448386908
vn -6.2136376373179081 -0.6292946356730134 -0.1828680924675386
v 0.0050000036135316 -0.0027335274498910 -0.0185675825923681
vn -0.5737400508264339 -0.5373943018886124 -6.1501879962968307
v 0.0035999978426844 -0.0017482739640400 -0.0210000034421682
vn -0.5702117170149071 -1.7688343930012527 -5.8850944713923150
v 0.0036000034306198 -0.0018512335373089 -0.0209817793220282
vn -0.6303648892756770 -2.9307953816103325 -5.4198419696846916
v 0.0036000029649585 -0.0018829134060070 -0.0209680851548910
vn -0.5843469338547150 -5.9707622336683670 -1.5653109729681447
v 0.0035999999381602 -0.0020437119528651 -0.0207520928233862
vn -0.5573402063205067 -5.5224657886166080 -2.6928432383650329
v 0.0036000006366521 -0.0020112274214625 -0.0208444055169821
vn -0.6232572843216355 -4.8332952732828902 -3.8048408908904254
v 0.0036000008694828 -0.0019889054819942 -0.0208791401237249
vn -0.5480961330196883 -3.9598120694326946 -4.6963304467535778
v 0.0036000018008053 -0.0019411098910496 -0.0209298189729452
vn -0.5620897985795414 0.5116530802582585 -6.1565789141037905
v 0.0036000029649585 0.0017482686089352 -0.0210000034421682
vn -0.6018735078945893 5.9567173627772938 -1.5951524747966976
v 0.0036000011023134 0.0020437138155103 -0.0207520928233862
vn -0.5760263799984296 5.4898144499730614 -2.7572684123455362
v 0.0036000004038215 0.0020078914240003 -0.0208503212779760
vn -0.6304086858060676 4.8286212998736460 -3.8272941873776478
v 0.0035999999381602 0.0019889073446393 -0.0208791401237249
vn -0.5710274199354209 3.9497796342268883 -4.7072486811758001
v 0.0035999992396683 0.0019411045359448 -0.0209298189729452
vn -0.6447011308611981 2.8960561844587507 -5.4284332120690699
v 0.0035999980755150 0.0018829080509022 -0.0209680851548910
vn -0.5578576577850215 1.6932207928825145 -5.9058586790041696
v 0.0035999973770231 0.0018448206828907 -0.0209840442985296
vn -0.6146064074028450 6.0025327286177355 -1.6734802622738876
v 0.0036000008694828 0.0024380879476666 -0.0185154881328344
vn -0.5793856952897555 3.3352327055011868 -5.0135662836026862
v 0.0046999976038933 0.0028697096277028 -0.0178560819476843
vn -0.6000374928562335 1.7507398531850511 -5.9059959769805888
v 0.0046999971382320 0.0032427378464490 -0.0177054908126593
vn -2.2537217247159740 1.6819589954208514 -5.4003148865252530
v 0.0048148031346500 0.0032468559220433 -0.0177279617637396
vn -0.5833075063154635 5.0344419849524531 -3.3047359721535861
v 0.0046999999321997 0.0025862001348287 -0.0181414689868689
vn -2.2134820423425960 3.0354363867794150 -4.5713618008898944
v 0.0048148040659726 0.0028823437169194 -0.0178750958293676
vn -2.2135305521330584 4.5912329561662197 -3.0052516332578798
v 0.0048148063942790 0.0026053013280034 -0.0181539710611105
vn -4.1608807126403304 3.6036413926918662 -2.3588182916238147
v 0.0049121342599392 0.0026597185060382 -0.0181895848363638
vn -5.5624856724140255 2.0537516075728681 -1.3443382692454737
v 0.0049771643243730 0.0027411521878093 -0.0182428862899542
vn -6.2045042027365263 0.5770917162155461 -0.3777504047650147
v 0.0050000022165477 0.0028372046072036 -0.0183057691901922
vn -4.1608521993552072 2.3825745956418993 -3.5880129344238503
v 0.0049121314659715 0.0029183132573962 -0.0179292764514685
vn -5.5625307091064906 1.3578613492534246 -2.0448251405773989
v 0.0049771610647440 0.0029721574392170 -0.0180103536695242
vn -6.2045132648586403 0.3816877354126096 -0.5747672334979638
v 0.0049999984912574 0.0030356657225639 -0.0181059893220663
vn -4.2816498236220761 1.3529743783440593 -4.1542890437278563
v 0.0049121305346489 0.0032585738226771 -0.0177919324487448
vn -5.6442777329907337 0.7518398777705704 -2.2906469311920112
v 0.0049771666526794 0.0032761038746685 -0.0178876575082541
vn -6.2160073567168688 0.2034603972843458 -0.6123611371758173
v 0.0050000031478703 0.0032967862207443 -0.0180005934089422
vn -6.2831853071780177 0.0000002886055966 0.0000009989889689
v 0.0009999973699450 -0.0106786256656051 0.0027001742273569
vn -6.2831853071606805 -0.0000030571172324 -0.0000011461726483
v 0.0010000024922192 0.0036969862412661 -0.0096700396388769
vn -6.2831853071586892 0.0000075972994910 0.0000007178437012
v 0.0010000048205256 0.0106713445857167 0.0027287993580103
vn -6.2831853071326176 -0.0000026125521536 0.0000131365194743
v 0.0010000020265579 0.0036720193456858 0.0089494828134775
vn -6.2831853071592469 -0.0000028873791862 -0.0000047559029997
v 0.0009999984176829 0.0050879945047200 0.0089513752609491
vn -5.2158801232489100 0.6714995471156379 2.2613739028071489
v 0.0009999986505136 0.0050972704775631 0.0167411956936121
vn -6.2831853071666792 -0.0000050885615458 0.0000001834691034
v 0.0009999984176829 0.0050865267403424 0.0100481603294611
vn -6.2831853071693144 -0.0000069684203707 -0.0000000035545846
v 0.0010000020265579 0.0036705515813082 0.0100462678819895
vn -5.3096269827392168 1.7624219490509430 1.4334044352953443
v 0.0009999986505136 0.0139653021469712 0.0105461124330759
vn -5.3384321944391147 1.8355510166591125 1.2938089258158914
v 0.0010000049369410 0.0143029922619462 0.0100833717733622
vn -6.2831853071726478 0.0000006062675520 -0.0000025038997672
v 0.0010000047041103 0.0106615209951997 0.0100556407123804
vn -5.2159532601174519 -1.4155426508816236 -1.8872204569337483
v 0.0010000000474975 -0.0105347996577621 -0.0139738377183676
vn -5.2055252177167883 -1.4477079383405287 -1.8744277055913168
v 0.0009999970206991 -0.0107008507475257 -0.0138470884412527
vn -6.2831853071159172 -0.0000107009282870 -0.0000015920068356
v 0.0009999978356063 -0.0106570934876800 -0.0133556332439184
vn -5.2901330508654389 -1.4556583638847447 -1.7701804545881206
v 0.0010000015608966 -0.0112592196092010 -0.0133970137685537
vn -5.2807558791380540 -2.0513286235619441 -1.0295639289375997
v 0.0009999945759773 -0.0156653597950935 -0.0078004207462072
vn -6.2831853071779387 0.0000043215119231 -0.0000008772153335
v 0.0009999960893765 -0.0139690404757857 -0.0096937324851751
vn -5.2853102775754657 -1.8221163261196234 -1.3889095132744675
v 0.0009999962057918 -0.0139653002843261 -0.0105461087077856
vn -5.3073409863899155 -2.0571124077716121 0.9666666697570079
v 0.0009999945759773 -0.0156653597950935 0.0078004244714975
vn -5.1330251292142481 -2.0633387581306808 1.2824138829857745
v 0.0009999988833442 -0.0150307556614280 0.0089625064283609
vn -6.2831853071498642 -0.0000079979861916 0.0000076536131477
v 0.0009999956237152 -0.0139939999207854 0.0089257899671793
vn -5.3556637280978592 -1.7917144261081970 1.3255173261119433
v 0.0009999955072999 -0.0140006309375167 0.0104991588741541
vn -6.2831853071570141 -0.0000105054236393 -0.0000008107505070
v 0.0009999956237152 -0.0139954676851630 0.0100225750356913
vn -5.3361655453813031 -1.8422125881178892 1.2881348188551329
v 0.0009999969042838 -0.0143289333209395 0.0100464764982462
vn -6.2831853071777051 0.0000021618722194 -0.0000018968114596
v 0.0009999995818362 -0.0037137635517865 0.0100363586097956
vn -6.2831853071180728 0.0000089708852304 -0.0000052489868789
v 0.0010000020265579 -0.0084134479984641 0.0100300554186106
vn -5.2915226618862592 -0.3887560473960945 2.2520615089482963
v 0.0010000013280660 -0.0032156177330762 0.0172020290046930
vn -5.2935754043704319 -0.8113727362628771 2.1347773463472031
v 0.0009999959729612 -0.0063217277638614 0.0163182709366083
vn -5.1402850397016655 -1.0638735295658137 2.1767321880907948
v 0.0010000014444813 -0.0084469681605697 0.0153264049440622
vn -6.2831853071357706 0.0000190386577612 0.0000010158073192
v 0.0009999991161749 -0.0089712878689170 0.0100293103605509
vn -5.3234029850139741 -1.2338314109385080 1.8913036060103217
v 0.0010000021429732 -0.0092125600203872 0.0148788038641214
vn -6.2831853071760344 0.0000047593157296 0.0000025004394618
v 0.0009999972535297 -0.0106884455308318 0.0100270155817270
vn -5.2892790377206609 -1.5314883264196661 1.6992520759945799
v 0.0009999992325902 -0.0117896711453795 0.0129326526075602
vn -5.3170442931378412 -1.7467331084323718 1.4422079838150148
v 0.0009999962057918 -0.0139653002843261 0.0105461124330759
vn -6.2831853071791084 0.0000020414559881 -0.0000006453552624
v 0.0009999957401305 -0.0139870708808303 0.0037562493234873
vn -5.2755559078069405 -2.2110180303165423 0.6332001972339248
v 0.0009999952744693 -0.0168319493532181 0.0047891084104776
vn -6.2831853071770087 -0.0000006627583606 -0.0000033674648208
v 0.0009999958565459 -0.0139856478199363 0.0026957485824823
vn -5.2696512364612049 -2.2953755093611585 0.2130539164411488
v 0.0009999992325902 -0.0174253508448601 0.0016146991401911
vn -5.2696512364609838 -2.2953762415080656 -0.2130541614226938
v 0.0009999992325902 -0.0174253508448601 -0.0016146954149008
vn -5.3234534698315832 -1.5674199746721311 -1.6257257254993323
v 0.0009999992325902 -0.0117896711453795 -0.0129326488822699
vn -6.2831853071770691 0.0000045128649700 -0.0000011592709145
v 0.0009999977191910 -0.0106620108708739 -0.0096892919391394
vn -6.2831853071702382 -0.0000054284915305 0.0000004035618943
v 0.0009999989997596 0.0051186238415539 -0.0138933416455984
vn -5.2956555889671009 0.8081474801111967 -2.1339875458114204
v 0.0009999988833442 0.0063217286951840 -0.0163182672113180
vn -5.2982345684019450 0.4002378107237508 -2.2442091245944020
v 0.0010000010952353 0.0032156191300601 -0.0172020252794027
vn -5.2970612133784867 1.4566225372076569 -1.7608856192327829
v 0.0010000015608966 0.0112975435331464 -0.0133647080510855
vn -5.2051482654883383 1.4490621651508651 -1.8737094926135409
v 0.0009999986505136 0.0107374386861920 -0.0138187315315008
vn -6.2831853069267245 -0.0000184194933084 0.0000302855429512
v 0.0010000052861869 0.0106928730383515 -0.0133270081132650
vn -5.2051424144500258 1.4283075685523265 -1.8894649708438478
v 0.0010000029578805 0.0105720991268754 -0.0139456298202276
vn -5.3241922357223359 1.5681426646970653 -1.6241108235494242
v 0.0010000031907111 0.0117896730080247 -0.0129326488822699
vn -6.2831853071712809 -0.0000026333124036 -0.0000002281346466
v 0.0010000051697716 0.0106879556551576 -0.0096606668084860
vn -5.2852993715769800 1.8221275806928128 -1.3889063923699019
v 0.0009999986505136 0.0139653021469712 -0.0105461087077856
vn -6.2831853071717267 0.0000001678358763 -0.0000019173217070
v 0.0010000050533563 0.0106824720278382 -0.0055697318166494
vn -5.2807586544727432 2.0513290357207175 -1.0295704577587734
v 0.0010000003967434 0.0156653560698032 -0.0078004207462072
vn -5.2696471295617950 2.2953796190777722 -0.2130535657519999
v 0.0010000030742958 0.0174253471195698 -0.0016146954149008
vn -5.3005119919454744 2.2750904991223448 0.1430720513580586
v 0.0010000030742958 0.0174253471195698 0.0016146991401911
vn -5.1929953747238722 2.3431389753125131 0.4115302342570686
v 0.0010000005131587 0.0172825567424297 0.0027501229196787
vn -5.2755441789885111 2.2110241797152819 -0.6332033238822670
v 0.0009999995818362 0.0168319493532181 -0.0047891046851873
vn -6.2831852577976495 0.0001337611912772 -0.0005253184456466
v 0.0010000048205256 0.0106699215248227 0.0037893000990152
vn -5.2246579213755684 2.3042063126644798 0.4681568168864826
v 0.0010000041220337 0.0170803070068359 0.0038095954805613
vn -6.2831853071740582 0.0000070233499328 -0.0000011286789266
v 0.0010000027250499 0.0089443633332849 0.0100533310323954
vn -5.3195217329894202 0.8509470957841517 2.0953029703826647
v 0.0009999988833442 0.0063217286951840 0.0163182709366083
vn -5.2926938319941961 1.1895941667390755 1.9503478664037748
v 0.0010000001639128 0.0092125618830323 0.0148788038641214
vn -5.2892858331526416 1.5314854173767700 1.6992465498335725
v 0.0010000031907111 0.0117896730080247 0.0129326526075602
vn -5.2656373164735575 0.0000019253139073 2.3088068512242899
v 0.0010000012116507 0.0000000006970865 0.0174999926239252
vn -5.2995083067589421 0.3590996355945457 2.2512620790205484
v 0.0010000010952353 0.0032156191300601 0.0172020290046930
vn -6.2831853071141923 0.0000158432263635 0.0000074489278508
v 0.0010000020265579 -0.0084119802340865 0.0089332852512598
vn -6.2831853070857440 0.0000053532626055 -0.0000223564386842
v 0.0009999995818362 -0.0037122957874089 0.0089395884424448
vn -6.2831853069665584 -0.0000175069888961 0.0000032257733485
v 0.0009999993490055 -0.0089628910645843 0.0037629846483469
vn -6.2831853035029415 0.0000415315693108 0.0001462102361841
v 0.0009999973699450 -0.0106800487264991 0.0037606749683619
vn -6.2831853071378907 0.0000191965958623 0.0000083334953175
v 0.0009999992325902 -0.0089698201045394 0.0089325401932001
vn -6.2831853071444890 0.0000003411954106 -0.0000130329197118
v 0.0009999972535297 -0.0106869777664542 0.0089302305132151
vn -5.1936393239539997 2.0342688615638811 1.2325575881006303
v 0.0010000030742958 0.0150065394118428 0.0090029928833246
vn -6.2831853071213741 -0.0000003822733468 0.0000170340595562
v 0.0010000047041103 0.0106629924848676 0.0089588556438684
vn -6.2831853071768800 0.0000050718718685 0.0000003683053370
v 0.0010000027250499 0.0089458348229527 0.0089565459638834
vn -6.2831853067826406 0.0000473686851216 0.0000120637222152
v 0.0010000028414652 0.0089527638629079 0.0037870053201914
vn -5.3016241768810390 2.1714209821585189 0.6912713377098667
v 0.0009999995818362 0.0168319493532181 0.0047891084104776
vn -5.3066411252905201 2.0569947737143495 0.9683447080000027
v 0.0010000003967434 0.0156653560698032 0.0078004244714975
vn -6.2831853071692798 -0.0000072621809577 -0.0000002342882744
v 0.0010000020265579 0.0036709166597575 0.0097710732370615
vn -6.2831853071788073 -0.0000002068847384 -0.0000003029095519
v 0.0009999995818362 -0.0037133984733373 0.0097611639648676
vn -6.2831853071732908 0.0000016800835187 0.0000057704930014
v 0.0010000000474975 -0.0036873288918287 -0.0096799489110708
vn -6.2831853071258355 0.0000097168815001 0.0000034733020128
v 0.0010000024922192 -0.0083870133385062 -0.0096862521022558
vn -6.2831853070535466 -0.0000049967636200 -0.0000087048586003
v 0.0010000023758039 -0.0083924969658256 -0.0055953022092581
vn -6.2831853071375807 0.0000201060785903 -0.0000029380017878
v 0.0009999995818362 -0.0089503368362784 -0.0055960621684790
vn -6.2831853071777637 0.0000037889335404 -0.0000012036385361
v 0.0009999976027757 -0.0106674944981933 -0.0055983569473028
vn -6.2831853071751755 0.0000047807181399 -0.0000019617894186
v 0.0010000001639128 -0.0036824115086347 -0.0133462753146887
vn -6.2831853071788917 0.0000024190433284 0.0000007271187146
v 0.0009999959729612 -0.0139745241031051 -0.0056027974933386
vn -5.2755559078068837 -2.2110172212370278 -0.6332005115840719
v 0.0009999952744693 -0.0168319493532181 -0.0047891046851873
vn -6.2831853071639765 0.0000018894411434 0.0000070108100525
v 0.0010000033071265 0.0089764641597867 -0.0138881560415030
vn -6.2831853071728840 0.0000074038788354 0.0000010953879467
v 0.0010000033071265 0.0089757153764367 -0.0133293177932501
vn -6.2831853071734924 0.0000082146108176 0.0000001582653053
v 0.0010000031907111 0.0089707979932427 -0.0096629764884710
vn -6.2831853071659243 -0.0000038703566326 0.0000017479922427
v 0.0009999988833442 0.0051129614003003 -0.0096681471914053
vn -5.3050984622677815 1.1506418502448275 -1.9626033330292352
v 0.0010000001639128 0.0092125618830323 -0.0148788001388311
vn -6.2831853071676056 -0.0000068324863714 -0.0000009744489491
v 0.0009999989997596 0.0051178787834942 -0.0133344884961843
vn -5.2755770089643867 1.9325836495878437 1.2569714018117981
v 0.0010000008624047 0.0144871147349477 0.0098169986158609
vn -6.2831853071765345 0.0000013475243107 -0.0000006208688992
v 0.0010000047041103 0.0106618897989392 0.0097804460674524
vn -6.2831853071747323 0.0000077408724534 -0.0000004095461654
v 0.0010000027250499 0.0089447321370244 0.0097781363874674
vn -6.2831853071680905 -0.0000052846488778 -0.0000005590199933
v 0.0009999984176829 0.0050868918187916 0.0097729656845331
vn -6.2831853071751143 0.0000044588242035 0.0000003282395341
v 0.0010000030742958 0.0089653143659234 -0.0055720414966345
vn -6.2831853071569324 -0.0000011185833325 0.0000007655137656
v 0.0010000026086345 0.0037026486825198 -0.0138952340930700
vn -6.2831853071550743 0.0000014060121729 -0.0000003865250154
v 0.0010000026086345 0.0037018961738795 -0.0133363809436560
vn -6.2831853071127739 0.0000080717052678 -0.0000065709221284
v 0.0010000026086345 -0.0083820959553123 -0.0133525785058737
vn -6.2831853071380452 0.0000193872219736 -0.0000001084872040
v 0.0009999996982515 -0.0089448532089591 -0.0096869971603155
vn -6.2831853071357280 0.0000182638964510 -0.0000012551877243
v 0.0009999996982515 -0.0089399358257651 -0.0133533235639334
vn -6.2831853071774457 0.0000028935896337 0.0000012771096755
v 0.0010000001639128 -0.0036816664505750 -0.0139051284641027
vn -6.2831853071432393 0.0000095341693041 0.0000008607364165
v 0.0010000026086345 -0.0083813508972526 -0.0139114316552877
vn -6.2831853070967236 0.0000173393257967 -0.0000105263232864
v 0.0009999996982515 -0.0089391907677054 -0.0139121767133474
vn -5.2960063512577022 -1.1634311630893643 -1.9649780124443548
v 0.0010000021429732 -0.0092125600203872 -0.0148788001388311
vn -5.2956528969498482 -0.8081507805115714 -2.1339831050028213
v 0.0009999959729612 -0.0063217277638614 -0.0163182672113180
vn -5.2982433168778176 -0.4002330418970607 -2.2442017523534252
v 0.0010000013280660 -0.0032156177330762 -0.0172020252794027
vn -5.3202657999693805 0.0000009249118238 -2.2589366074269348
v 0.0010000012116507 0.0000000006970865 -0.0175000037997961
vn -6.2831853071364048 0.0000147562763501 0.0000000196907957
v 0.0010000020265579 -0.0084130829200149 0.0097548756748438
vn -6.2831853071350245 0.0000196740322264 -0.0000002808473584
v 0.0009999991161749 -0.0089709227904677 0.0097541157156229
vn -6.2831853071772716 0.0000050323559586 -0.0000000565181959
v 0.0009999972535297 -0.0106880804523826 0.0097518209367990
vn -6.2831853070513084 -0.0000258224085958 -0.0000052461867288
v 0.0009999956237152 -0.0139951026067138 0.0097473803907633
vn -5.2337087099539632 -1.9823026732811655 1.2497029272831024
v 0.0010000009788200 -0.0145126497372985 0.0097792092710733
vn -6.2274869296380739 0.3160796506790373 -0.4960899272942324
v 0.0050000050105155 0.0098334336653352 -0.0154335256665945
vn -6.2274884134148092 0.3771414392228690 -0.4514094866608327
v 0.0050000026822090 0.0117331342771649 -0.0140436347573996
vn -6.2274810434764785 0.5880562256270385 0.0154151975754141
v 0.0050000050105155 0.0182937141507864 0.0004796478606295
vn -6.2274801845416343 0.5812214484777402 0.0907643822750725
v 0.0050000008195639 0.0180808138102293 0.0028238538652658
vn -6.2275173314821650 0.5645740609897630 0.1645774933025996
v 0.0049999989569187 0.0175687726587057 0.0051213596016169
vn -6.2275191736660931 0.5387692934369989 0.2356812034769387
v 0.0049999989569187 0.0167660582810640 0.0073341224342585
vn -6.2274804838453184 0.5042261207754835 0.3029819012943674
v 0.0050000012852252 0.0156859550625086 0.0094255451112986
vn -6.2275153806799430 0.4610315043260904 0.3650978517441892
v 0.0049999989569187 0.0143463285639882 0.0113610271364450
vn -6.2274795266232488 -0.0754999327643499 0.5834219907966658
v 0.0049999956972897 -0.0023489880841225 0.0181486103683710
vn -6.2274969229019961 0.0000014829188194 0.5881782234265724
v 0.0050000017508864 0.0000000012192767 0.0183000061661005
vn -6.2274796192320245 0.0755087399428222 0.5834070565790443
v 0.0050000003539026 0.0023489904124290 0.0181486103683710
vn -6.2274978157017058 -0.5388670393942346 0.2357170075804922
v 0.0049999970942736 -0.0167660545557737 0.0073341224342585
vn -6.2274922579908010 -0.5041818514759149 0.3029587979894444
v 0.0049999947659671 -0.0156859513372183 0.0094255451112986
vn -6.2274991559152992 -0.4610885674346209 0.3651447849104795
v 0.0049999970942736 -0.0143463304266334 0.0113610271364450
vn -6.2274988703739496 -0.5646645816064170 0.1646033070326930
v 0.0049999970942736 -0.0175687726587057 0.0051213596016169
vn -6.2274968657819905 -0.5811370330903367 0.0907574056929266
v 0.0049999952316284 -0.0180808138102293 0.0028238538652658
vn -6.2275010743244046 -0.5879544672699593 0.0154089821942276
v 0.0049999989569187 -0.0182937141507864 0.0004796478606295
vn -6.2274666878311855 -0.5852465767722965 -0.0601983796159019
v 0.0050000003539026 -0.0182039495557547 -0.0018725153058767
vn -6.2274654395100075 -0.5726818557807773 -0.1348223502152991
v 0.0050000003539026 -0.0178130026906729 -0.0041936840862036
vn -6.2275262702580134 0.2895522107330232 0.5118005241766975
v 0.0049999970942736 0.0090111764147878 0.0159276071935892
vn -6.2274821686763877 0.2215519234667387 0.5449349065826825
v 0.0050000026822090 0.0068921609781682 0.0169525239616632
vn -6.2274936506567355 0.1497527380366523 0.5688176109735064
v 0.0049999984912574 0.0046591176651418 0.0176969710737467
vn -6.2274960406871225 -0.1497556542180464 0.5687993559426109
v 0.0049999975599349 -0.0046591148711741 0.0176969710737467
vn -6.2274910238023526 -0.2215318598174213 0.5448946279521596
v 0.0050000008195639 -0.0068921581842005 0.0169525239616632
vn -6.2275025060626197 -0.2896130822831525 0.5119020423982388
v 0.0049999989569187 -0.0090111782774329 0.0159276071935892
vn -6.2275044388937939 -0.3529130623845938 0.4704848050932325
v 0.0049999998882413 -0.0109811043366790 0.0146391782909632
vn -6.2274891067080658 -0.4104451855475663 0.4213515643697602
v 0.0049999966286123 -0.0127693479880691 0.0131085310131311
vn -6.2274664637888026 -0.4797312198521739 -0.3405771332137104
v 0.0050000012852252 -0.0149219622835517 -0.0105936434119940
vn -6.2274617470420610 -0.5195022734017672 -0.2761928345801432
v 0.0050000008195639 -0.0161583181470633 -0.0085906144231558
vn -6.2275037257799672 -0.5504551906513492 -0.2071601729418906
v 0.0049999980255961 -0.0171273481100798 -0.0064454730600119
vn -6.2274928135591887 0.1793563204146689 -0.5601910934105157
v 0.0050000008195639 0.0055800764821470 -0.0174285080283880
vn -6.2274816990267876 0.2498050338506850 -0.5325806511969451
v 0.0050000040791929 0.0077710389159620 -0.0165680702775717
vn -6.2274861820003613 0.4319664678359682 -0.3992708899239701
v 0.0050000045448542 0.0134387174621224 -0.0124213900417089
vn -6.2274802610438256 0.4796734548372006 -0.3405400973384077
v 0.0050000022165477 0.0149219566956162 -0.0105936434119940
vn -6.2274822696291636 0.5194087666464035 -0.2761419203960581
v 0.0050000026822090 0.0161583181470633 -0.0085906144231558
vn -6.2274825175627981 0.5505512619103006 -0.2071847899246530
v 0.0050000054761767 0.0171273443847895 -0.0064454730600119
vn -6.2274812179054635 0.5726045845441687 -0.1348123055069065
v 0.0050000036135316 0.0178130026906729 -0.0041936840862036
vn -6.2274852820589679 0.5851515350242215 -0.0601895422112267
v 0.0050000031478703 0.0182039495557547 -0.0018725153058767
vn -6.2274750186605798 0.4104993542897575 0.4214010929429963
v 0.0049999994225800 0.0127693461254239 0.0131085310131311
vn -6.2274936948670794 0.3529480634085698 0.4705269073533563
v 0.0050000036135316 0.0109811024740338 0.0146391782909632
vn -6.2160177946654880 -0.2034102597565467 -0.6123399051409970
v 0.0050000003539026 -0.0032967913430184 -0.0180005934089422
vn -6.2045268374773066 -0.3816617042461831 -0.5747733792804709
v 0.0049999980255961 -0.0030356633942574 -0.0181059893220663
vn -6.2045424717111199 -0.5770844501629433 -0.3778070802833433
v 0.0050000012852252 -0.0028372097294778 -0.0183057691901922
vn -6.2275003016146799 -0.4319179267009762 -0.3992265557321788
v 0.0049999989569187 -0.0134387155994773 -0.0124213900417089
vn -6.2275000629634025 -0.3770986613114952 -0.4513607523004808
v 0.0050000008195639 -0.0117331361398101 -0.0140436347573996
vn -6.2274957325593254 -0.3160591285848423 -0.4960543414798257
v 0.0049999989569187 -0.0098334318026900 -0.0154335256665945
vn -6.2274875089192481 -0.2497860657190470 -0.5325606431549080
v 0.0049999998882413 -0.0077710361219943 -0.0165680702775717
vn -6.2274616953348954 -0.1794056570812944 -0.5603413120673933
v 0.0050000031478703 -0.0055800736881793 -0.0174285080283880
vn -0.5814106588476127 -5.0365460145766878 -3.3008954990587482
v 0.0047000008635223 -0.0025862015318125 -0.0181414689868689
vn -0.5863571574416899 -3.3381307396520237 -5.0129961884505239
v 0.0047000031918287 -0.0028697110246867 -0.0178560819476843
vn -2.2135677111028591 -4.5912679504915159 -3.0052538666978794
v 0.0048148068599403 -0.0026053069159389 -0.0181539710611105
vn -0.6053490597211876 -1.7468170257628655 -5.9075837388863022
v 0.0046999962069094 -0.0032427392434329 -0.0177054908126593
vn -2.2134826350770149 -3.0355373742089395 -4.5713220952144127
v 0.0048148017376661 -0.0028823418542743 -0.0178750958293676
vn -2.2537611462427427 -1.6819025526852589 -5.4003193696071161
v 0.0048148022033274 -0.0032468540593982 -0.0177279617637396
vn -4.1608175519675532 -2.3825349039743213 -3.5880308643464067
v 0.0049121351912618 -0.0029183151200414 -0.0179292764514685
vn -4.2817066984961309 -1.3529624424676721 -4.1542406159617560
v 0.0049121291376650 -0.0032585756853223 -0.0177919324487448
vn -5.5625159811469169 -1.3577717320366014 -2.0448387877315866
v 0.0049771629273891 -0.0029721541795880 -0.0180103536695242
vn -5.6442818515932611 -0.7518361952724791 -2.2906330318384871
v 0.0049771647900343 -0.0032761080656201 -0.0178876575082541
vn -4.1607902895574611 -3.6037658602039055 -2.3588751898768403
v 0.0049121328629553 -0.0026597203686833 -0.0181895848363638
vn -5.5623938169850806 -2.0538115102689001 -1.3443051606342828
v 0.0049771671183407 -0.0027411489281803 -0.0182428862899542
vn -0.5610579790227619 -6.0082256429594230 -1.6790204488114742
v 0.0036000001709908 -0.0024380860850215 -0.0185154881328344
vn -2.2965663196820145 -5.4680632463472429 -1.4037403560520816
v 0.0035234603565186 -0.0020287197548896 -0.0207494553178549
vn -1.9043150284334924 -5.7348687758018162 -1.6006521295897882
v 0.0035303821787238 -0.0024257688783109 -0.0185133125633001
vn -3.2720830628715469 -5.1414383757560502 -1.4344906072392729
v 0.0034999989438802 -0.0024117017164826 -0.0185108389705420
vn -4.4568871471896365 -4.2268061114556073 -1.1520743614789049
v 0.0034579110797495 -0.0023797377943993 -0.0185052063316107
vn -4.3170214051419658 -4.1895875451911104 -1.0611773939303897
v 0.0034585816320032 -0.0019860267639160 -0.0207419153302908
vn -5.5734449518243370 -2.5986616101964422 -0.6821446820204273
v 0.0034267981536686 -0.0023396085016429 -0.0184981282800436
vn -5.5221098728849816 -2.3846287806430402 -0.9073693121598559
v 0.0034152278676629 -0.0019221224356443 -0.0207306500524282
vn -6.1863692021361212 -0.7487385314477474 -0.1891741499312095
v 0.0034000002779067 -0.0022411262616515 -0.0184807535260916
vn -6.2156420443448885 -0.6247221037746945 -0.1668395224486244
v 0.0034000002779067 -0.0018467520130798 -0.0207173582166433
vn -2.2117469995247858 -3.6095635758777616 -4.2663949389074922
v 0.0035269788932055 -0.0019322348525748 -0.0209192391484976
vn -2.1805554294838974 -4.9056969013134895 -2.6976776794470743
v 0.0035269777290523 -0.0019991262815893 -0.0208377595990896
vn -6.2380149804756071 -0.4851996739645419 -0.1849763055542231
v 0.0034000005107373 -0.0018359263194725 -0.0207481291145086
vn -5.8757125922527473 -1.6148127239352930 -0.7176567456436771
v 0.0034064815845340 -0.0018801828846335 -0.0207724329084158
vn -3.8524102435919856 -4.1022355231222178 -2.3150632362873047
v 0.0034670829772949 -0.0019669088069350 -0.0208200719207525
vn -5.1153875393382666 -2.9642054079139148 -1.4692510577146731
v 0.0034361265134066 -0.0019364204490557 -0.0208033230155706
vn -3.8521849606146938 -3.0419652872843268 -3.5832651299194467
v 0.0034670766908675 -0.0019086080137640 -0.0208910759538412
vn -5.0773606437741803 -2.2186319862627517 -2.6128963762041919
v 0.0034361274447292 -0.0018862482393160 -0.0208644326776266
vn -5.9005049307397011 -1.1685932655414224 -1.3751937536999890
v 0.0034064822830260 -0.0018450012430549 -0.0208152886480093
vn -6.2508335641168031 -0.2882839430794231 -0.3392998491695806
v 0.0034000007435679 -0.0018125463975593 -0.0207766052335501
vn -2.1560352095379050 -1.9077891297411407 -5.2800829266753446
v 0.0035269805230200 -0.0018464935710654 -0.0209688153117895
vn -3.8865740531554458 -1.5969859723752258 -4.3999129873639591
v 0.0034670780878514 -0.0018338786903769 -0.0209342893213034
vn -5.0704948601387256 -1.2170409295748719 -3.2356691325816769
v 0.0034361286088824 -0.0018219422781840 -0.0209016110748053
vn -5.9041229602870926 -0.4450721292629322 -1.6750831291428525
v 0.0034064755309373 -0.0017999177798629 -0.0208413507789373
vn -6.2511245614486288 -0.1519841141652378 -0.4166739519009722
v 0.0034000014420599 -0.0017825876129791 -0.0207939203828573
vn -1.9066028013079528 -0.5100097500984607 -5.8414997750138884
v 0.0035269821528345 -0.0017482725670561 -0.0209861900657415
vn -3.3886780152184892 -0.4205387673137423 -5.1328824277954279
v 0.0035000036004931 -0.0017482721013948 -0.0209732111543417
vn -4.7573291420324448 -0.2854085917181208 -3.9671768414503359
v 0.0034361297730356 -0.0017482709372416 -0.0209146495908499
vn -5.6149988179694645 -0.1807862529134031 -2.6094590918425751
v 0.0034267941955477 -0.0017482708208263 -0.0209000017493963
vn -6.1916989222155943 0.0575282473686088 -0.7457720412792774
v 0.0034000019077212 -0.0017482702387497 -0.0208000000566244
vn -1.9098726493604739 0.4778392126836409 -5.8487618326528290
v 0.0035269798245281 0.0017482700059190 -0.0209861900657415
vn -3.1607146363390175 0.4631800612160663 -5.3324684309803079
v 0.0035000012721866 0.0017482704715803 -0.0209732111543417
vn -4.2037005365997020 0.3494653134132019 -4.5321356860047946
v 0.0034670771565288 0.0017482710536569 -0.0209494438022375
vn -5.4130020360681330 0.1550440515809209 -2.8655774484959138
v 0.0034267993178219 0.0017482717521489 -0.0209000017493963
vn -6.1635462998896386 0.0739845725056737 -0.8537745166092485
v 0.0033999995794147 0.0017482723342255 -0.0208000000566244
vn -2.2117533495700612 3.5747417172192577 -4.2956263541871458
v 0.0035269833169878 0.0019322322914377 -0.0209192391484976
vn -2.1622401607013488 1.8415156610592840 -5.3048971039344597
v 0.0035269816871732 0.0018403740832582 -0.0209709610790014
vn -5.0674716646873144 1.1619730385666578 -3.2556052006919280
v 0.0034361288417131 0.0018173534190282 -0.0209032353013754
vn -3.8873654890123519 1.5995588235224452 -4.4110341979665755
v 0.0034670787863433 0.0018285436090082 -0.0209361668676138
vn -5.8857744043856259 0.1733232100563359 -1.6048396359459747
v 0.0034064825158566 0.0017967009916902 -0.0208424832671881
vn -6.2187902147410226 0.0489464923014675 -0.6080096887036077
v 0.0034000002779067 0.0017804513918236 -0.0207946803420782
vn -6.2508820797563285 0.2837229985585611 -0.3427231192847496
v 0.0034000007435679 0.0018125484930351 -0.0207766052335501
vn -3.8519885884996059 3.0007626474407694 -3.6180706529356383
v 0.0034670801833272 0.0019086075481027 -0.0208910759538412
vn -5.0772517793720890 2.1881161563149769 -2.6389073222269692
v 0.0034361300058663 0.0018862489378080 -0.0208644326776266
vn -2.1866235022823135 4.8710053527351862 -2.7271069965492392
v 0.0035269770305604 0.0019959420897067 -0.0208434071391821
vn -3.8776929397969440 4.0717280730638992 -2.2312049406946484
v 0.0034670811146498 0.0019641367252916 -0.0208249893039465
vn -4.9302077131971860 3.1984477990042639 -1.4798118140772774
v 0.0034361234866083 0.0019340295111760 -0.0208075549453497
vn -5.9003177025475377 1.1512630883508104 -1.3896306103444189
v 0.0034064759965986 0.0018450031057000 -0.0208152886480093
vn -6.2511195927186645 0.3840775084171356 -0.2219596264726377
v 0.0034000012092292 0.0018348108278587 -0.0207501109689474
vn -5.9248660176645975 1.5054819568972397 -0.8568996456397907
v 0.0034064766950905 0.0018785083666444 -0.0207754131406546
vn -6.2271903151755579 0.5816380296424054 -0.0920429580127545
v 0.0034000014420599 0.0018467541085556 -0.0207173582166433
vn -5.6222301075007026 2.3863550657420816 -0.6099798825348604
v 0.0034152243752033 0.0019221238326281 -0.0207306500524282
vn -2.3042675520709848 5.4336329234334970 -1.4610619069434843
v 0.0035234610550106 0.0020287174265832 -0.0207494553178549
vn -4.2853179834969790 4.1764609923056000 -1.1583778489931165
v 0.0034585804678500 0.0019860267639160 -0.0207419153302908
vn -2.3969784194493355 5.5164083039348162 -1.5339256784500583
v 0.0035234608221799 0.0024230915587395 -0.0185128506273031
vn -4.4094458541448116 4.2005974979615255 -1.1661793355960750
v 0.0034585802350193 0.0023804008960724 -0.0185053106397390
vn -5.7395837333947588 2.2234732021826451 -0.6049148394746996
v 0.0034152241423726 0.0023164979647845 -0.0184940453618765
vn -6.2283045002655086 0.5651570299663051 -0.1452643850436494
v 0.0034000012092292 0.0022411281242967 -0.0184807535260916
vn -2.1437247379236579 0.0175011319738320 5.2541927611367019
v 0.0015000022249296 -0.0000000011003021 0.0180000010877848
vn -2.1805696845556750 0.7693576994375568 5.2507307132779841
v 0.0014999962877482 0.0033074903767556 0.0176935140043497
vn -2.1967139900286425 1.2349395701210673 5.1660025852251001
v 0.0015000035054982 0.0036938774865121 0.0176169071346521
vn -2.1680389063413665 1.7914248082163655 5.0246934894142790
v 0.0015000032726675 0.0065023517236114 0.0167844984680414
vn -2.2177931270456246 2.1807192214943116 4.8093028658572496
v 0.0015000016428530 0.0068195005878806 0.0166581664234400
vn -2.1925604940042875 2.6399719701982804 4.6123977069974771
v 0.0014999986160547 0.0094757778570056 0.0153039041906595
vn -2.2227734988481154 3.0173681854625398 4.3406051163422310
v 0.0015000031562522 0.0097201494500041 0.0151498708873987
vn -2.1932544397697695 3.4398008105761608 4.0513800081452835
v 0.0015000029234216 0.0121265230700374 0.0133021567016840
vn -2.2068460416206426 3.7674572579604702 3.7155801765726530
v 0.0014999987324700 0.0123001364991069 0.0131417904049158
vn -2.1909103641834617 4.1149259847318129 3.3563398649763769
v 0.0014999996637926 0.0143643086776137 0.0108474288135767
vn -2.1777491020569628 4.3764163724624909 3.0479453059454080
v 0.0015000016428530 0.0144743388518691 0.0107001606374979
vn -2.1770117469588119 4.7008741521423714 2.5261667079421981
v 0.0015000022249296 0.0161129366606474 0.0080232862383127
vn -2.1977114692686919 4.8575583398629156 2.1245181423716146
v 0.0015000032726675 0.0161710362881422 0.0079055372625589
vn -2.1900977711546550 5.0389616808144799 1.6491120398723687
v 0.0015000019920990 0.0173128601163626 0.0049259308725595
vn -2.2131887366258272 5.1374296154970862 1.2762290138053918
v 0.0015000024577603 0.0173342544585466 0.0048501137644053
vn -2.1751173291258410 5.2980926032753368 0.6693423375104655
v 0.0015000058338046 0.0179232154041529 0.0016608331352472
vn -2.2020912701518585 5.3053423718968808 0.2637036250987446
v 0.0014999984996393 0.0179256182163954 0.0016346815973520
vn -2.1969641134355657 5.3055888944247380 -0.2618201783422429
v 0.0015000059502199 0.0179256182163954 -0.0016346778720617
vn -2.1909299990598443 5.2671255090860374 -0.7103189013578782
v 0.0015000058338046 0.0179232154041529 -0.0016608294099569
vn -2.2014138092781779 5.1657814051399189 -1.2167483852253593
v 0.0015000024577603 0.0173342544585466 -0.0048501100391150
vn -2.1984525886621573 5.0513508750837559 -1.6530898939531053
v 0.0015000019920990 0.0173128601163626 -0.0049259271472692
vn -2.2082522702719909 4.8524750173535933 -2.1374427228990580
v 0.0015000032726675 0.0161710362881422 -0.0079055335372686
vn -2.1876237308715947 4.6592893960079751 -2.5562545089196940
v 0.0015000022249296 0.0161129366606474 -0.0080232974141836
vn -2.2016203435581176 4.3849978061504560 -2.9712153665977863
v 0.0015000016428530 0.0144743388518691 -0.0107001569122076
vn -2.1938372818515401 4.1211994654995756 -3.3559163701079866
v 0.0014999996637926 0.0143643086776137 -0.0108474250882864
vn -2.2183869244129029 3.7602648052939975 -3.7233640460506914
v 0.0014999987324700 0.0123001364991069 -0.0131417866796255
vn -2.1683487425620114 3.4848702600301542 -4.0476084876086524
v 0.0015000029234216 0.0121265230700374 -0.0133021678775549
vn -2.1789279883283639 3.0075551640745015 -4.3919998596388350
v 0.0015000031562522 0.0097201494500041 -0.0151498671621084
vn -2.1877650288351251 2.6401026209813150 -4.6122992010158974
v 0.0014999986160547 0.0094757778570056 -0.0153039153665304
vn -2.2258993297421434 2.1772023863400065 -4.8109874149987144
v 0.0015000016428530 0.0068195005878806 -0.0166581626981497
vn -2.1944033790411832 1.7574117629234927 -5.0155627297782583
v 0.0015000032726675 0.0065023517236114 -0.0167844947427511
vn -2.2236482052727822 1.2598667808923874 -5.1222884800538715
v 0.0015000035054982 0.0036938774865121 -0.0176169034093618
vn -2.2089567376488914 0.0000034350355508 -5.3503413480498327
v 0.0015000022249296 -0.0000000011003021 -0.0179999973624945
vn -2.2313985412091788 0.3086559624032376 -5.2606095667147086
v 0.0015000030398369 0.0004463929799385 -0.0179944690316916
vn -2.1944093297319109 0.8227912568320450 -5.2503305648756848
v 0.0015000037383288 0.0033074903767556 -0.0176935102790594
vn -2.6848892238638813 1.5428663044680151 -4.3731849351947396
v 0.0034281003754586 0.0028076176531613 -0.0177796836942434
vn -2.3822653940831824 1.4725402273688049 -4.9200231279901399
v 0.0034385691396892 0.0028461741749197 -0.0177735593169928
vn -4.3037240549892344 2.5893332376869536 -3.6894140379742781
v 0.0034579110797495 0.0028593838214874 -0.0177922155708075
vn -2.1046652952114435 1.6828201324534831 -5.1409864204464935
v 0.0034612128511071 0.0029174161609262 -0.0177619960159063
vn -1.6194341693299441 1.7096383468186884 -5.5368144178848748
v 0.0035344257485121 0.0031000659801066 -0.0177310314029455
vn -2.3884062338544245 3.2350255269356154 -4.7244215582133613
v 0.0035303758922964 0.0028842524625361 -0.0178317930549383
vn -0.1883633721585822 1.5524210767023794 -6.0660369649947450
v 0.0036000008694828 0.0032427432015538 -0.0177054908126593
vn -0.5580425480477758 3.3669898820595012 -5.1732444264802799
v 0.0036000018008053 0.0028909044340253 -0.0178423877805471
vn -5.8357907012698389 1.7735065694754910 -1.1717852844624488
v 0.0034118592739105 0.0024646527599543 -0.0180861856788397
vn -6.2481101745095309 0.4166400268190167 -0.2087477185155343
v 0.0034000037703663 0.0023686895146966 -0.0181158687919378
vn -3.1857973370802752 0.7582683078967840 -3.5371381644648867
v 0.0034000005107373 0.0026056850329041 -0.0178103949874640
vn -4.4887053114957114 3.5823311798778024 -2.3235802226862856
v 0.0034579124767333 0.0025263577699661 -0.0181250181049109
vn -2.3234469952475800 4.8106616815917462 -3.1381395767584723
v 0.0035303775221109 0.0025659189559519 -0.0181499030441046
vn -0.5558091633992888 5.1715747521370208 -3.3687991726384245
v 0.0036000034306198 0.0025765048339963 -0.0181565638631582
vn 0.2142321302818813 5.5890171209835158 2.8401907645008957
v 0.0047000050544739 0.0161710381507874 0.0079055372625589
vn -0.6333280438464058 5.3348059707149478 3.2246500569133749
v 0.0046999990008771 0.0154288066551089 0.0092710200697184
vn -2.3538042330543378 4.9067152291824696 2.9559887669790572
v 0.0048148054629564 0.0154483811929822 0.0092827919870615
vn -5.7262416598018522 1.2479776496598916 -1.9586978256947334
v 0.0049771675840020 0.0097717437893152 -0.0153366979211569
vn -5.7263472281984491 0.9861772978269547 -2.1025528019011492
v 0.0049771671183407 0.0077222865074873 -0.0164641346782446
vn -4.4025488380869735 1.8483751898245684 -3.9407972395700677
v 0.0049121300689876 0.0076809553429484 -0.0163760092109442
vn -4.4026794971657619 0.5587026899812542 4.3165780161861376
v 0.0049121351912618 0.0023217601701617 0.0179382357746363
vn -4.4026852293303893 0.0000132684667622 4.3527415456494332
v 0.0049121296033263 0.0000000028445513 0.0180878732353449
vn -5.7262459867197570 0.0000114725838517 2.3224405028633668
v 0.0049771657213569 0.0000000016416496 0.0181851927191019
vn -2.3536330200194229 1.7301288955451009 -5.4607530798880504
v 0.0048148073256016 0.0054955603554845 -0.0171645339578390
vn -4.4027325644514530 1.3272263822368784 -4.1453520313334806
v 0.0049121347256005 0.0055153919383883 -0.0172264780849218
vn -5.7263207171415695 0.7081368936043926 -2.2117494405373206
v 0.0049771638587117 0.0055450666695833 -0.0173191633075476
vn -2.3893457667362856 -0.0000069421006874 5.7181766484043832
v 0.0048148026689887 -0.0000000028058800 0.0180228296667337
vn -2.3653644559771982 0.6986705747653154 5.6822604848663900
v 0.0048148082569242 0.0023134099319577 0.0178737435489893
vn -2.3526559140422219 1.5109919181411287 5.5253432153372453
v 0.0048148054629564 0.0045885490253568 0.0174289289861917
vn -5.7264248402817728 0.2980747766026575 2.3030189275627166
v 0.0049771643243730 0.0023342536296695 0.0180347654968500
vn -5.7263491664468846 0.5912519419738346 2.2457719030038823
v 0.0049771619960666 0.0046298895031214 0.0175859425216913
vn -4.4027649824699875 1.1081489900195884 4.2091682371926709
v 0.0049121328629553 0.0046051098033786 0.0174918267875910
vn -4.4024846543600216 1.6393673034666756 4.0322920118496883
v 0.0049121291376650 0.0068122697994113 0.0167560074478388
vn -2.3893417738961498 2.1536270015316412 5.2972560693479895
v 0.0048148091882467 0.0067877741530538 0.0166957769542933
vn -2.3549850070620852 2.7754869649146947 5.0102840029597964
v 0.0048148031346500 0.0088746966794133 0.0156863722950220
vn -0.6242526375749842 2.9673848301358765 5.4823666583969377
v 0.0047000041231513 0.0088634518906474 0.0156664941459894
vn 0.3129952298319386 3.4145346452321572 5.2456990224868969
v 0.0046999976038933 0.0097201494500041 0.0151498708873987
vn -5.7263268000546637 0.8746582247147059 2.1513688515509499
v 0.0049771657213569 0.0068489257246256 0.0168461743742228
vn -5.7262475635434891 1.1435535135866735 2.0212652231184505
v 0.0049771675840020 0.0089546423405409 0.0158276800066233
vn -4.4025512574171941 2.1434088423885465 3.7885625228438959
v 0.0049121305346489 0.0089067174121737 0.0157429818063974
vn -4.4026776059913155 2.6118688584313579 3.4819777032208683
v 0.0049121365882456 0.0108538074418902 0.0144694838672876
vn -2.3538154377118738 3.4574605771555218 4.5670901823462211
v 0.0048148091882467 0.0108147868886590 0.0144174490123987
vn -2.3393888722691143 4.0462375966648967 4.0588787443905225
v 0.0048148045316339 0.0125759476795793 0.0129100028425455
vn -5.7262972202068401 1.3935648403297105 1.8577882418972627
v 0.0049771666526794 0.0109122116118670 0.0145473275333643
vn -4.4026379756952334 3.0371882520196403 3.1178650182342622
v 0.0049121319316328 0.0126213273033500 0.0129565838724375
vn -2.3445600619392262 4.4523330932759473 3.6071323073283894
v 0.0048148031346500 0.0141290472820401 0.0111889485269785
vn -0.6310087143985714 4.7856141320117125 3.9933331519894564
v 0.0047000045888126 0.0141111416742206 0.0111747775226831
vn 0.0941129344315990 5.1294134178004827 3.6186158589289792
v 0.0047000036574900 0.0144743388518691 0.0107001606374979
vn -5.7263198212594686 1.8205367441592935 1.4417074479479575
v 0.0049771685153246 0.0142563264816999 0.0112897548824549
vn -5.7263407899001777 1.9906261657701441 1.1961450612412334
v 0.0049771633930504 0.0155875477939844 0.0093664173036814
vn -4.4026365506926561 3.7309289656214668 2.2418819227704527
v 0.0049121333286166 0.0155041245743632 0.0093162897974253
vn -4.4026166634543475 3.9879064673815510 1.7444524401153485
v 0.0049121305346489 0.0165717080235481 0.0072490964084864
vn -2.3486911056278923 5.2724597729329536 2.2416179211950178
v 0.0048148101195693 0.0165121257305145 0.0072230342775583
vn -2.3395147047653309 5.4856063347737143 1.6576181571445017
v 0.0048148096539080 0.0173026807606220 0.0050437841564417
vn -5.7262950027442931 2.2294910801753218 0.6499106102369219
v 0.0049771685153246 0.0174585524946451 0.0050892326980829
vn -5.7263349940700587 2.2945528463236315 0.3583634390679479
v 0.0049771629273891 0.0179673824459314 0.0028061512857676
vn -4.4026197986957545 4.3005679749786259 0.6716657623403676
v 0.0049121323972940 0.0178712233901024 0.0027911309152842
vn -4.4026003114331891 4.3512203279666677 0.1140916453560504
v 0.0049121361225843 0.0180816538631916 0.0004740897275042
vn -2.3536433321199262 5.7271052036921173 0.1130655748438573
v 0.0048148082569242 0.0180166438221931 0.0004723760939669
vn -2.3385588874093672 5.6945170798589730 -0.6461198898791217
v 0.0048148063942790 0.0179282389581203 -0.0018441434949636
vn -5.7263327362577021 2.3215680453633105 0.0608640588174779
v 0.0049771666526794 0.0181789454072714 0.0004766378260683
vn -4.4025804520388281 4.3298825714046165 -0.4453933177569335
v 0.0049121347256005 0.0179929286241531 -0.0018508043140173
vn -2.3482133291112048 5.5902521207928055 -1.2547525952382188
v 0.0048148068599403 0.0175432115793228 -0.0041301604360342
vn -0.6333974927960137 6.0982511629797882 -1.2902424983131617
v 0.0047000003978610 0.0175209864974022 -0.0041249301284552
vn 0.2053479438257320 6.0101000250889101 -1.7863121971884273
v 0.0047000045888126 0.0173342563211918 -0.0048501100391150
vn -5.7263392666894832 2.3101544014290809 -0.2376220169623301
v 0.0049771652556956 0.0180897433310747 -0.0018607582896948
vn -5.7263532301965396 2.2605341797653322 -0.5321952747609521
v 0.0049771652556956 0.0177012514322996 -0.0041673686355352
vn -4.4026432371784319 4.2368373207946730 -0.9974668391479000
v 0.0049121351912618 0.0176065154373646 -0.0041450615972281
vn -4.4027009347563002 4.0737312180823402 -1.5330617956304549
v 0.0049121375195682 0.0169288069009781 -0.0063707586377859
vn -2.3536409315993199 5.3593447809227968 -2.0226612182456312
v 0.0048148091882467 0.0168679393827915 -0.0063478406518698
vn -2.3448537283705724 5.0294287064667120 -2.7457580613200654
v 0.0048148063942790 0.0159135907888412 -0.0084605123847723
vn -5.7263273060234150 2.1735543802678778 -0.8179608862634844
v 0.0049771675840020 0.0170198958367109 -0.0064050313085318
vn -4.4025528494058896 3.8433513301220894 -2.0433159496023419
v 0.0049121347256005 0.0159710161387920 -0.0084910299628973
vn -2.3391916915781472 4.7111544129355432 -3.2636462323617499
v 0.0048148063942790 0.0146959582343698 -0.0104331877082586
vn -0.6318882695192439 5.1850561811056535 -3.4579426658720274
v 0.0046999999321997 0.0146773373708129 -0.0104199703782797
vn -0.1637230517138544 4.9324817086390329 -3.8860619642362653
v 0.0047000036574900 0.0144743388518691 -0.0107001569122076
vn -5.7263257910175458 2.0505861736186111 -1.0901932288017964
v 0.0049771647900343 0.0160569492727518 -0.0085367169231176
vn -5.7263400661821588 1.8936707745964834 -1.3443880183220938
v 0.0049771643243730 0.0148283448070288 -0.0105271842330694
vn -4.4026896654603078 3.5491817080049608 -2.5196932031406214
v 0.0049121342599392 0.0147489858791232 -0.0104708429425955
vn -4.4025278805272317 3.1964820021598848 -2.9545114283403189
v 0.0049121370539069 0.0132829388603568 -0.0122774001210928
vn -2.3538292524561246 4.2244152812834876 -3.8687935036886238
v 0.0048148091882467 0.0132351825013757 -0.0122332628816366
vn -2.3550898175075385 3.6330781502392706 -4.4280218304898264
v 0.0048148077912629 0.0115554304793477 -0.0138309355825186
vn -5.7263312143800231 1.7054318957235730 -1.5763271456382915
v 0.0049771671183407 0.0133544113487005 -0.0123434569686651
vn -5.7263345136988750 1.4889855931452392 -1.7821854456794406
v 0.0049771652556956 0.0116595271974802 -0.0139555241912603
vn -4.4025505146226331 2.7907943251873859 -3.3403520648790725
v 0.0049121356569231 0.0115971257910132 -0.0138808395713568
vn -4.4025700540873576 2.3389643521763124 -3.6710054495249396
v 0.0049121305346489 0.0097194453701377 -0.0152546223253012
vn -2.3893199334374953 3.0726765377195795 -4.8225358665495950
v 0.0048148031346500 0.0096845002844930 -0.0151997711509466
vn -2.3520040780771212 2.4821757163304627 -5.1627695444279897
v 0.0048148026689887 0.0076533416286111 -0.0163171347230673
vn -0.6251460002627518 2.7559602243381769 -5.5915467953559528
v 0.0047000041231513 0.0076436433009803 -0.0162964668124914
vn 0.2840036309616015 2.3159211446208774 -5.8187312823243973
v 0.0047000036574900 0.0068195010535419 -0.0166581626981497
vn -0.6386775372287533 0.0224912493338329 6.2330923329909975
v 0.0046999966725707 -0.0000000006824397 0.0180000010877848
vn -0.6662072126902888 0.6899995903370338 6.1940545721244042
v 0.0047000022605062 0.0023104839492589 0.0178510937839746
vn 0.2894515149338362 1.2286417775764087 6.1404036635947099
v 0.0046999980695546 0.0036938779521734 0.0176169071346521
vn -0.6237303424372703 1.7014676547258034 5.9972006005403315
v 0.0046999994665384 0.0045827399007976 0.0174068454653025
vn -0.6076573993990855 2.3522744513231397 5.7743558594296385
v 0.0047000027261674 0.0067791710607708 0.0166746173053980
vn -0.6305835524232063 4.4755196920761566 4.3373754603202208
v 0.0046999980695546 0.0125600127503276 0.0128936413675547
vn -0.1465411922876337 4.1511206929411237 4.7122814518038618
v 0.0047000008635223 0.0123001327738166 0.0131417904049158
vn -0.6292786942721920 3.7829621261935555 4.9547465620039324
v 0.0047000027261674 0.0108010834082961 0.0143991801887751
vn -5.7263715733495966 1.6204698976651726 1.6635256666021303
v 0.0049771619960666 0.0126892384141684 0.0130263064056635
vn -4.4025832276847412 3.4123609632095557 2.7022959357971703
v 0.0049121310003102 0.0141800260171294 0.0112293306738138
vn 0.3292576476179024 6.2311121182481504 0.5663022324091904
v 0.0047000003978610 0.0179256200790405 0.0016346815973520
vn -0.6292178302972412 6.1443592631421184 1.0550754398136761
v 0.0047000055201352 0.0177844054996967 0.0027775708585978
vn -2.3588054717003604 5.6508750787660258 0.9291018463692602
v 0.0048148040659726 0.0178069695830345 0.0027810875326395
vn -4.4026655675321198 4.1788074189074278 1.2181477145943749
v 0.0049121305346489 0.0173651166260242 0.0050619933754206
vn -5.7263065838876317 2.1276078803783722 0.9306993364975676
v 0.0049771685153246 0.0166608747094870 0.0072881076484919
vn -0.3374888705585686 6.0958058262651313 1.4622450652639718
v 0.0047000045888126 0.0173342563211918 0.0048501137644053
vn -0.6336738621291251 5.9234173968462613 1.9360604436086220
v 0.0047000036574900 0.0172807574272156 0.0050373915582895
vn -0.6521071352320335 5.7702953224687228 2.3551218115417241
v 0.0047000036574900 0.0164912045001984 0.0072138849645853
vn -0.6213078315496402 6.1777453863264258 -0.8233463749630539
v 0.0046999999321997 0.0179055221378803 -0.0018418040126562
vn -0.3482592320139736 6.2581884809377755 -0.3508554303488305
v 0.0047000003978610 0.0179256200790405 -0.0016346778720617
vn -0.6355176378825167 6.2330869817159815 0.0798774535970366
v 0.0047000017948449 0.0179938152432442 0.0004717800475191
vn -0.6345972714705574 5.4263841958170893 -3.0662597163639456
v 0.0046999999321997 0.0158934295177460 -0.0084497835487127
vn 0.1051233989375070 5.6974340058471222 -2.6338725394428426
v 0.0047000050544739 0.0161710381507874 -0.0079055335372686
vn -0.6348138911944490 5.8295044185379545 -2.2080206143125358
v 0.0047000027261674 0.0168465673923492 -0.0063398089259863
vn -0.6084647107443705 3.3529796288194089 -5.2567871930310783
v 0.0047000041231513 0.0096722273156047 -0.0151805188506842
vn -0.6254663773008466 3.9076851397148404 -4.8571525343653317
v 0.0047000017948449 0.0115407882258296 -0.0138134118169546
vn 0.3155024420860905 4.3042930339515211 -4.5437087007321058
v 0.0047000008635223 0.0123001327738166 -0.0131417866796255
vn -0.6310200024483892 4.6156999325145911 -4.1898172880992322
v 0.0047000027261674 0.0132184093818069 -0.0122177507728338
vn -0.6262754975507933 1.8605029338151435 -5.9497661168609781
v 0.0047000013291836 0.0054885963909328 -0.0171427931636572
vn -0.0382161558742454 1.4558633030853811 -6.1100034313451435
v 0.0046999980695546 0.0036938779521734 -0.0176169034093618
vn -2.2151779389923645 -0.3253902368565750 -5.2589722970771442
v 0.0015000014100224 -0.0004463877412491 -0.0179944690316916
vn -2.1831351794210025 -0.8117376704697790 -5.2514741022186877
v 0.0015000005951151 -0.0033074927050620 -0.0176935102790594
vn -2.2044211726638130 -1.2737985525643620 -5.1181708124563787
v 0.0015000009443611 -0.0036938798148185 -0.0176169034093618
vn -2.1605579326082642 -1.7573628492554563 -5.0142872152337397
v 0.0015000011771917 -0.0065023535862565 -0.0167844947427511
vn -2.2106406291851437 -2.1656234797377256 -4.8155109403508209
v 0.0015000026905909 -0.0068195024505258 -0.0166581626981497
vn -2.2050043061470297 -2.6561030864761235 -4.5812520573859876
v 0.0014999982668087 -0.0094757759943604 -0.0153039153665304
vn -2.2532620757281339 -2.9347838085249300 -4.3219367834639852
v 0.0015000011771917 -0.0097201475873590 -0.0151498671621084
vn -2.1462469767685493 -3.4798242711801519 -4.0504482703028923
v 0.0015000014100224 -0.0121265212073922 -0.0133021678775549
vn -2.2097234516409250 -3.7553815723709598 -3.7278494896369345
v 0.0014999981503934 -0.0123001346364617 -0.0131417866796255
vn -2.1938324703219831 -4.1211867964596998 -3.3559400288251400
v 0.0014999973354861 -0.0143643105402589 -0.0108474250882864
vn -2.2016412768969920 -4.3849661952880465 -2.9712225931990726
v 0.0014999952400103 -0.0144743407145143 -0.0107001569122076
vn -2.1833637301546402 -4.6604034892379440 -2.5539292252095596
v 0.0014999947743490 -0.0161129403859377 -0.0080232974141836
vn -2.1808709590813118 -4.8588502493669354 -2.1208466577913283
v 0.0015000010607764 -0.0161710400134325 -0.0079055335372686
vn -2.1476316823320518 -5.0510565785902442 -1.6480701608181447
v 0.0014999948907644 -0.0173128638416529 -0.0049259271472692
vn -2.1788406757674386 -5.1605074147964931 -1.2347330437508208
v 0.0014999945415184 -0.0173342544585466 -0.0048501100391150
vn -2.2018720207334672 -5.3054101663481577 0.2637843326305478
v 0.0014999984996393 -0.0179256219416857 0.0016346815973520
vn -2.1964111463370055 -5.3054480286832675 -0.2625113467557364
v 0.0014999984996393 -0.0179256219416857 -0.0016346778720617
vn -2.1904758810781448 -5.2671929150674046 -0.7103861266266075
v 0.0014999984996393 -0.0179232154041529 -0.0016608294099569
vn -2.1993267727424870 -5.2680407727945351 0.7052339358588099
v 0.0014999984996393 -0.0179232154041529 0.0016608331352472
vn -2.2001005873800676 -5.1653828267308128 1.2189622147280046
v 0.0014999945415184 -0.0173342544585466 0.0048501137644053
vn -2.1901890608621755 -5.0491667554716324 1.6590519314241983
v 0.0014999948907644 -0.0173128638416529 0.0049259308725595
vn -2.2058731139232943 -4.8540932587244914 2.1333808126104339
v 0.0015000010607764 -0.0161710400134325 0.0079055372625589
vn -2.1769456470724657 -4.7001464486724744 2.5275047190434763
v 0.0014999947743490 -0.0161129403859377 0.0080232862383127
vn -2.1701764963175929 -4.3883804039575907 3.0442790600597571
v 0.0014999952400103 -0.0144743407145143 0.0107001606374979
vn -2.1875225137524015 -4.1155494870035945 3.3627137678723149
v 0.0014999973354861 -0.0143643105402589 0.0108474288135767
vn -2.2077013713701685 -3.7668671884423928 3.7162376397588783
v 0.0014999981503934 -0.0123001346364617 0.0131417904049158
vn -2.1720870065280278 -2.6713384716223993 4.6186006274911380
v 0.0014999982668087 -0.0094757759943604 0.0153039041906595
vn -2.2227851464686297 -3.0173579657072427 4.3406013979188351
v 0.0015000011771917 -0.0097201475873590 0.0151498708873987
vn -2.1932535095557553 -3.4398063494239510 4.0513797874901307
v 0.0015000014100224 -0.0121265212073922 0.0133021567016840
vn -2.2257212893683245 -2.1869091779170233 4.7968124674994197
v 0.0014999952400103 -0.0068195024505258 0.0166581664234400
vn -2.1870383906209998 -1.7545452499463687 5.0165012897647792
v 0.0015000011771917 -0.0065023535862565 0.0167844984680414
vn -2.2164668009489934 -1.2525644231307582 5.1236268271695229
v 0.0015000009443611 -0.0036938798148185 0.0176169071346521
vn -2.1701197193359940 -0.7950075258770068 5.2468502917917599
v 0.0015000005951151 -0.0033074927050620 0.0176935140043497
vn -2.3653611805353449 -0.6986711439229500 5.6822659680999488
v 0.0048148045316339 -0.0023134155198932 0.0178737435489893
vn -0.3150893479660896 -6.2616031740905491 -0.3360925907443076
v 0.0047000003978610 -0.0179256200790405 -0.0016346778720617
vn -0.6212802878524998 -6.1777730628546283 -0.8232586171968757
v 0.0047000008635223 -0.0179055258631706 -0.0018418040126562
vn -2.3390759496933002 -5.6945213876516485 -0.6434897749955245
v 0.0048148063942790 -0.0179282389581203 -0.0018441434949636
vn -5.7263000940503286 -1.8206066264954250 1.4417691943400537
v 0.0049771629273891 -0.0142563264816999 0.0112897548824549
vn -5.7263435310661057 -1.6204617035893489 1.6635163948123333
v 0.0049771619960666 -0.0126892384141684 0.0130263064056635
vn -4.4025599285338490 -3.0372494247620305 3.1179313953974632
v 0.0049121272750199 -0.0126213254407048 0.0129565838724375
vn -5.7263460011996319 -1.8937028520694001 -1.3444119428082846
v 0.0049771596677601 -0.0148283448070288 -0.0105271842330694
vn -5.7263639827881345 -2.0506040595040429 -1.0902024260375318
v 0.0049771592020988 -0.0160569529980421 -0.0085367169231176
vn -4.4025929408732374 -3.8432804273968530 -2.0432791728952675
v 0.0049121323972940 -0.0159710161387920 -0.0084910299628973
vn -5.7263119722110938 -2.3215255152883536 0.0608658129742028
v 0.0049771647900343 -0.0181789454072714 0.0004766378260683
vn -5.7263595874922775 -2.3101960251794647 -0.2376240831124610
v 0.0049771592020988 -0.0180897470563650 -0.0018607582896948
vn -5.7263735480494544 -2.2605592369661172 -0.5322014579062148
v 0.0049771587364376 -0.0177012514322996 -0.0041673686355352
vn -5.7264360278668303 -0.2980837382563061 2.3030056274027424
v 0.0049771596677601 -0.0023342578206211 0.0180347654968500
vn -5.7263685423613078 -0.5912490998622548 2.2457281564615328
v 0.0049771619960666 -0.0046298932284117 0.0175859425216913
vn -5.7263391830213086 -0.8746325530345367 2.1513192752799788
v 0.0049771657213569 -0.0068489219993353 0.0168461743742228
vn -5.7262311076202694 -1.1436030451946069 2.0213677890560842
v 0.0049771643243730 -0.0089546423405409 0.0158276800066233
vn -2.3536484785238660 -5.3594091498223433 -2.0226794916840976
v 0.0048148036003113 -0.0168679468333721 -0.0063478406518698
vn -4.4025215807264741 -4.0738667782198617 -1.5331155357714852
v 0.0049121296033263 -0.0169288031756878 -0.0063707586377859
vn -5.7263300890880551 -2.1734758689399278 -0.8179330889339220
v 0.0049771638587117 -0.0170198958367109 -0.0064050313085318
vn -2.3538307534262279 -3.4574613475796476 4.5670781912436054
v 0.0048148040659726 -0.0108147887513041 0.0144174490123987
vn -4.4026415694997985 -2.6119099324788406 3.4820287935508958
v 0.0049121300689876 -0.0108538093045354 0.0144694838672876
vn -5.7262560327670382 -1.3935823757009029 1.8578119051108875
v 0.0049771652556956 -0.0109122153371572 0.0145473275333643
vn -4.4026886747904967 -0.5586987114245048 4.3165609407622796
v 0.0049121314659715 -0.0023217620328069 0.0179382357746363
vn -4.4027752013577874 -1.1081550557617927 4.2091477051858162
v 0.0049121337942779 -0.0046051116660237 0.0174918267875910
vn -4.4023827859879363 -1.6393824671867643 4.0323656790950144
v 0.0049121305346489 -0.0068122716620564 0.0167560074478388
vn -4.4026019856705902 -2.1433862056419444 3.7885269460707782
v 0.0049121286720037 -0.0089067192748189 0.0157429818063974
vn -2.3519520841909278 -2.4821869497402793 -5.1627717296498039
v 0.0048148026689887 -0.0076533434912562 -0.0163171347230673
vn -2.3536475201302620 -1.7301060103411956 -5.4607423470471250
v 0.0048148054629564 -0.0054955584928393 -0.0171645339578390
vn -4.4027761200430726 -1.3272027325535698 -4.1453162235974617
v 0.0049121319316328 -0.0055153938010335 -0.0172264780849218
vn -5.7263035254328400 -0.7081830265342147 -2.2118829633865764
v 0.0049771601334214 -0.0055450703948736 -0.0173191633075476
vn -5.7263673030019753 -0.9861474827571748 -2.1025102173540917
v 0.0049771643243730 -0.0077222865074873 -0.0164641346782446
vn -4.4025782486161704 -1.8483670312885543 -3.9407629154434756
v 0.0049121291376650 -0.0076809572055936 -0.0163760092109442
vn -4.4026374091544334 -2.3389119375859084 -3.6709380504220563
v 0.0049121286720037 -0.0097194435074925 -0.0152546223253012
vn -2.3892040865619593 -3.0726744873547989 -4.8225613705224974
v 0.0048148026689887 -0.0096844984218478 -0.0151997711509466
vn -2.3551165486507846 -3.6330690052173038 -4.4280117185252958
v 0.0048148049972951 -0.0115554360672832 -0.0138309355825186
vn -0.6529084870764902 -3.8926718142763326 -4.8675731946851579
v 0.0046999994665384 -0.0115407938137650 -0.0138134118169546
vn 0.3130839735228617 -4.3031079893140687 -4.5447635047530213
v 0.0047000003978610 -0.0123001346364617 -0.0131417866796255
vn -5.7262944596655396 -1.2479262311750998 -1.9585979197255023
v 0.0049771638587117 -0.0097717475146055 -0.0153366979211569
vn -5.7262813900676166 -1.4890071328956294 -1.7822135922445550
v 0.0049771661870182 -0.0116595309227705 -0.0139555241912603
vn -4.4024872125504722 -2.7908587399528582 -3.3404301500992046
v 0.0049121314659715 -0.0115971313789487 -0.0138808395713568
vn -4.4024472988808476 -3.1965557875390256 -2.9545690928139727
v 0.0049121300689876 -0.0132829369977117 -0.0122774001210928
vn -2.3537970124868695 -4.2244388741517067 -3.8688000677804437
v 0.0048148036003113 -0.0132351843640208 -0.0122332628816366
vn -2.3392191687888975 -4.7111403128731144 -3.2636385582989824
v 0.0048148063942790 -0.0146959600970149 -0.0104331877082586
vn -5.7263055487256649 -1.7054201442794219 -1.5763192634325083
v 0.0049771647900343 -0.0133544113487005 -0.0123434569686651
vn -4.4027345359249974 -3.5491363043502395 -2.5196734934544356
v 0.0049121323972940 -0.0147489877417684 -0.0104708429425955
vn -2.3449090907405150 -5.0294292111997745 -2.7457568489936990
v 0.0048148063942790 -0.0159135945141315 -0.0084605123847723
vn -0.6353612944506754 -5.4266086716203539 -3.0657854385296770
v 0.0047000008635223 -0.0158934295177460 -0.0084497835487127
vn 0.0717049098347902 -5.7095865522014053 -2.6044055465878917
v 0.0046999957412481 -0.0161710381507874 -0.0079055335372686
vn -2.3389587971014190 -5.4851348178718862 1.6601496606659718
v 0.0048148031346500 -0.0173026807606220 0.0050437841564417
vn -2.3535661053343664 -5.6536515553585325 0.9215387200494123
v 0.0048148012720048 -0.0178069733083248 0.0027810875326395
vn -4.4025342206651921 -4.3006207807387113 0.6716772588553279
v 0.0049121268093586 -0.0178712196648121 0.0027911309152842
vn 0.2141828493819985 -5.5890177103041445 2.8401996015854514
v 0.0046999957412481 -0.0161710381507874 0.0079055372625589
vn -0.6319565001234581 -5.7651359535677695 2.3701028870937821
v 0.0046999971382320 -0.0164912045001984 0.0072138849645853
vn -2.3485805228537351 -5.2725553847897721 2.2416605632998037
v 0.0048148026689887 -0.0165121294558048 0.0072230342775583
vn -4.4026854801817397 -4.1787439692768134 1.2181253336259126
v 0.0049121286720037 -0.0173651166260242 0.0050619933754206
vn -5.7263616203071299 -2.2944511563287802 0.3583458805276186
v 0.0049771615304053 -0.0179673861712217 0.0028061512857676
vn -5.7263377694764408 -2.2294968702801059 0.6499120928332818
v 0.0049771633930504 -0.0174585562199354 0.0050892326980829
vn -5.7263528909995198 -2.1276133578200125 0.9306995861990663
v 0.0049771629273891 -0.0166608747094870 0.0072881076484919
vn -4.4025071033575243 -3.9879225579941417 1.7444730166530857
v 0.0049121286720037 -0.0165717042982578 0.0072490964084864
vn -4.4026854419834072 -3.7308719886229991 2.2418373927355812
v 0.0049121333286166 -0.0155041264370084 0.0093162897974253
vn -2.3537977791742257 -4.9067165931856511 2.9559935857489799
v 0.0048148003406823 -0.0154483793303370 0.0092827919870615
vn -2.3445232697186618 -4.4522993805763376 3.6071004043014896
v 0.0048148022033274 -0.0141290454193950 0.0111889485269785
vn -5.7263982310288721 -1.9905130800629305 1.1960732358427089
v 0.0049771605990827 -0.0155875515192747 0.0093664173036814
vn -4.4027049630340498 -3.4122970084753410 2.7022393457751939
v 0.0049121282063425 -0.0141800316050649 0.0112293306738138
vn -2.3393011594668645 -4.0462507362648807 4.0589108624319286
v 0.0048148012720048 -0.0125759495422244 0.0129100028425455
vn -0.6291154136002287 -4.4746964403725364 4.3383242764249061
v 0.0046999952755868 -0.0125600183382630 0.0128936413675547
vn -0.1465392316114827 -4.1511103910129723 4.7122910466719112
v 0.0047000003978610 -0.0123001346364617 0.0131417904049158
vn -2.3526768426356286 -1.5110106738930791 5.5253363338465302
v 0.0048148073256016 -0.0045885546132922 0.0174289289861917
vn -2.3892749441101988 -2.1536452087973315 5.2973122377407771
v 0.0048148040659726 -0.0067877797409892 0.0166957769542933
vn -2.3550088465102581 -2.7754719080271251 5.0102593927730474
v 0.0048148026689887 -0.0088746948167682 0.0156863722950220
vn -0.0608777940248735 -1.4772106108968370 -6.1041235332827526
v 0.0047000027261674 -0.0036938793491572 -0.0176169034093618
vn -0.6256561688235446 -3.3669596580015013 -5.2464365195188094
v 0.0046999966725707 -0.0096722329035401 -0.0151805188506842
vn -0.6250787435920371 -2.7559630206957593 -5.5915584527051694
v 0.0046999971382320 -0.0076436479575932 -0.0162964668124914
vn 0.2793289902639725 -2.3129383171002660 -5.8198268044254107
v 0.0046999971382320 -0.0068195019848645 -0.0166581626981497
vn -0.6660517785016078 -1.8384309848711324 -5.9547151711430679
v 0.0046999994665384 -0.0054885973222554 -0.0171427931636572
vn -0.6318946379523243 -5.1850609817779940 -3.4579335120313717
v 0.0047000008635223 -0.0146773392334580 -0.0104199703782797
vn -0.1637174784345989 -4.9324833811972049 -3.8860600860617898
v 0.0046999971382320 -0.0144743407145143 -0.0107001569122076
vn -0.6310258707003683 -4.6156979525325514 -4.1898182629818077
v 0.0046999980695546 -0.0132184112444520 -0.0122177507728338
vn -0.6979761421643239 -5.8131850847798132 -2.2416890788992481
v 0.0046999980695546 -0.0168465673923492 -0.0063398089259863
vn -2.3482746092429969 -5.5902540657567314 -1.2547513405887516
v 0.0048148059286177 -0.0175432153046131 -0.0041301604360342
vn -0.6334969261043258 -6.0982321776764969 -1.2902506464002705
v 0.0047000003978610 -0.0175209864974022 -0.0041249301284552
vn 0.2035484030020712 -6.0098041139265286 -1.7872853429525484
v 0.0046999966725707 -0.0173342525959015 -0.0048501100391150
vn -4.4026489190863138 -4.2368034180581002 -0.9974612511084551
v 0.0049121319316328 -0.0176065154373646 -0.0041450615972281
vn -4.4027221270545072 -4.3297464997687429 -0.4453828072346042
v 0.0049121323972940 -0.0179929323494434 -0.0018508043140173
vn -4.4025133278801754 -4.3513167848843599 0.1141002446693196
v 0.0049121305346489 -0.0180816538631916 0.0004740897275042
vn -2.3591534066076445 -5.7257255385815382 0.1045823558589243
v 0.0048148049972951 -0.0180166475474834 0.0004723760939669
vn -0.6299487230377308 -6.2338882914231037 0.0711521157257495
v 0.0046999990008771 -0.0179938152432442 0.0004717800475191
vn 0.3291736636729604 -6.2311239015029631 0.5662989352541503
v 0.0047000003978610 -0.0179256200790405 0.0016346815973520
vn -0.6187405292308970 -5.9284684450403216 1.9225270144572844
v 0.0046999976038933 -0.0172807574272156 0.0050373915582895
vn -0.3667154694197289 -6.0901725114394170 1.4750755370911537
v 0.0046999966725707 -0.0173342525959015 0.0048501137644053
vn -0.6344825259011561 -6.1450861619020660 1.0469021883389427
v 0.0046999957412481 -0.0177844092249870 0.0027775708585978
vn -0.6293858241131928 -4.7864950095857628 3.9924244228939454
v 0.0046999966725707 -0.0141111472621560 0.0111747775226831
vn 0.0941930082933341 -5.1294169584414746 3.6186045046100830
v 0.0046999971382320 -0.0144743407145143 0.0107001606374979
vn -0.6333287884006299 -5.3348058827037299 3.2246490750784020
v 0.0046999943442643 -0.0154288047924638 0.0092710200697184
vn -0.6292832620192494 -3.7829653899877367 4.9547434512628241
v 0.0046999980695546 -0.0108010852709413 0.0143991801887751
vn 0.3130739197229080 -3.4145243310039235 5.2456927577374115
v 0.0046999957412481 -0.0097201550379395 0.0151498708873987
vn -0.6336006173046176 -0.7190630547906212 6.1925175260578715
v 0.0046999985352159 -0.0023104853462428 0.0178510937839746
vn 0.2844255459836108 -1.2252587475776542 6.1409881304599940
v 0.0046999952755868 -0.0036938793491572 0.0176169071346521
vn -0.6237678350264294 -1.7014591980694576 5.9971965332541037
v 0.0047000013291836 -0.0045827408321202 0.0174068454653025
vn -0.6077057651832692 -2.3522751066099858 5.7743473672983816
v 0.0046999980695546 -0.0067791719920933 0.0166746173053980
vn -0.6242150774195607 -2.9673795937235354 5.4823764790786402
v 0.0046999966725707 -0.0088634500280023 0.0156664941459894
vn -0.5547398121375550 -5.1760659344385482 -3.3604126557626186
v 0.0035999976098537 -0.0025765104219317 -0.0181565638631582
vn -0.6229975561199274 -3.4519788387709518 -5.1235219420743947
v 0.0035999992396683 -0.0028909025713801 -0.0178423877805471
vn -0.1867943460301788 -1.5300395254366959 -6.0732534417240682
v 0.0036000001709908 -0.0032427413389087 -0.0177054908126593
vn -2.3717967518115595 -1.4278626172444238 -4.9696438123451188
v 0.0034379647113383 -0.0028440726455301 -0.0177738871425390
vn -4.3203592851511683 -2.5268545992680793 -3.7014680957150015
v 0.0034579171333462 -0.0028593838214874 -0.0177922155708075
vn -2.2777447368069543 -1.6184071392316586 -4.9948609839691516
v 0.0034600172657520 -0.0029139295220375 -0.0177625771611929
vn -4.5122558199857661 -3.5822399151567872 -2.2776874805802096
v 0.0034579159691930 -0.0025263577699661 -0.0181250181049109
vn -2.8158411843594613 -1.4004312348092038 -4.1921021582239737
v 0.0034147729165852 -0.0027482204604894 -0.0177889671176672
vn -5.8292319266168979 -1.7820117710685581 -1.1726407784386745
v 0.0034118576440960 -0.0024646588135511 -0.0180861856788397
vn -3.2349760741874856 -0.6475551502124662 -3.4678685577422250
v 0.0034000009763986 -0.0026056906208396 -0.0178103949874640
vn -6.2401360528154646 -0.4491284072886564 -0.2552599798563041
v 0.0033999979496002 -0.0023687249049544 -0.0181157942861319
vn -1.7982797554581944 -1.6679101344199683 -5.4262903944004748
v 0.0034737032838166 -0.0029522557742894 -0.0177562441676855
vn -2.3372474194482504 -3.3431366532270022 -4.6781689328696405
v 0.0035303810145706 -0.0028842478059232 -0.0178317930549383
vn -1.2555066606419252 -1.6343347372289787 -5.7697518717209189
v 0.0035318674053997 -0.0030942945741117 -0.0177320446819067
vn -2.3165222348533683 -4.8240442357597200 -3.1198103930757046
v 0.0035303796175867 -0.0025659217499197 -0.0181499030441046
vn -3.2317165502731777 -0.1723248185830414 -3.1339451605845290
v 0.0034000037703663 -0.0004463930672500 -0.0179944690316916
vn -3.1663603643490759 -0.0000097312976527 -3.1413669717515709
v 0.0033999970182776 0.0000000010104833 -0.0179999973624945
vn -3.2142498250248304 0.1528780056589426 -3.1357988095296294
v 0.0033999979496002 0.0004463876539376 -0.0179944690316916
# 1499 vertices, 0 vertices normals

f 1//1 2//2 3//3
f 2//2 4//4 3//3
f 3//3 4//4 5//5
f 3//3 5//5 6//6
f 7//7 8//8 9//9
f 9//9 8//8 3//3
f 9//9 3//3 10//10
f 10//10 3//3 6//6
f 3//3 11//11 12//12
f 1//1 3//3 13//13
f 13//13 3//3 12//12
f 13//13 12//12 14//14
f 15//15 16//16 17//17
f 17//17 18//18 19//19
f 20//20 21//21 17//17
f 17//17 21//21 22//22
f 17//17 22//22 18//18
f 23//23 15//15 24//24
f 24//24 15//15 17//17
f 24//24 17//17 25//25
f 25//25 17//17 19//19
f 26//26 27//27 17//17
f 17//17 27//27 28//28
f 17//17 28//28 20//20
f 29//29 30//30 31//31
f 32//32 33//33 34//34
f 34//34 33//33 31//31
f 31//31 35//35 36//36
f 37//37 34//34 38//38
f 38//38 34//34 31//31
f 38//38 31//31 39//39
f 39//39 31//31 30//30
f 40//40 29//29 41//41
f 41//41 29//29 31//31
f 41//41 31//31 42//42
f 42//42 31//31 36//36
f 43//43 44//44 45//45
f 45//45 44//44 46//46
f 47//47 48//48 49//49
f 49//49 48//48 50//50
f 49//49 50//50 51//51
f 52//52 53//53 54//54
f 54//54 53//53 45//45
f 54//54 45//45 55//55
f 55//55 45//45 46//46
f 43//43 45//45 50//50
f 50//50 45//45 56//56
f 50//50 56//56 51//51
f 4//4 57//57 5//5
f 5//5 57//57 58//58
f 5//5 58//58 6//6
f 6//6 58//58 59//59
f 6//6 59//59 10//10
f 10//10 59//59 60//60
f 10//10 60//60 9//9
f 9//9 60//60 61//61
f 9//9 61//61 7//7
f 7//7 61//61 62//62
f 7//7 62//62 8//8
f 8//8 62//62 63//63
f 8//8 63//63 3//3
f 3//3 63//63 64//64
f 3//3 64//64 11//11
f 11//11 64//64 65//65
f 11//11 65//65 12//12
f 12//12 65//65 66//66
f 12//12 66//66 14//14
f 14//14 66//66 67//67
f 14//14 67//67 13//13
f 13//13 67//67 68//68
f 13//13 68//68 1//1
f 1//1 68//68 69//69
f 1//1 69//69 2//2
f 2//2 69//69 70//70
f 2//2 70//70 4//4
f 4//4 70//70 57//57
f 18//18 71//71 19//19
f 19//19 71//71 72//72
f 19//19 72//72 25//25
f 25//25 72//72 73//73
f 25//25 73//73 24//24
f 24//24 73//73 74//74
f 24//24 74//74 23//23
f 23//23 74//74 75//75
f 23//23 75//75 15//15
f 15//15 75//75 76//76
f 15//15 76//76 16//16
f 16//16 76//76 77//77
f 16//16 77//77 17//17
f 17//17 77//77 78//78
f 17//17 78//78 26//26
f 26//26 78//78 79//79
f 26//26 79//79 27//27
f 27//27 79//79 80//80
f 27//27 80//80 28//28
f 28//28 80//80 81//81
f 28//28 81//81 20//20
f 20//20 81//81 82//82
f 20//20 82//82 21//21
f 21//21 82//82 83//83
f 21//21 83//83 22//22
f 22//22 83//83 84//84
f 22//22 84//84 18//18
f 18//18 84//84 71//71
f 30//30 85//85 39//39
f 39//39 85//85 86//86
f 39//39 86//86 38//38
f 38//38 86//86 87//87
f 38//38 87//87 37//37
f 37//37 87//87 88//88
f 37//37 88//88 34//34
f 34//34 88//88 89//89
f 34//34 89//89 32//32
f 32//32 89//89 90//90
f 32//32 90//90 33//33
f 33//33 90//90 91//91
f 33//33 91//91 31//31
f 31//31 91//91 92//92
f 31//31 92//92 35//35
f 35//35 92//92 93//93
f 35//35 93//93 36//36
f 36//36 93//93 94//94
f 36//36 94//94 42//42
f 42//42 94//94 95//95
f 42//42 95//95 41//41
f 41//41 95//95 96//96
f 41//41 96//96 40//40
f 40//40 96//96 97//97
f 40//40 97//97 29//29
f 29//29 97//97 98//98
f 29//29 98//98 30//30
f 30//30 98//98 85//85
f 43//43 99//99 44//44
f 44//44 99//99 100//100
f 44//44 100//100 46//46
f 46//46 100//100 101//101
f 46//46 101//101 55//55
f 55//55 101//101 102//102
f 55//55 102//102 54//54
f 54//54 102//102 103//103
f 54//54 103//103 52//52
f 52//52 103//103 104//104
f 52//52 104//104 53//53
f 53//53 104//104 105//105
f 53//53 105//105 45//45
f 45//45 105//105 106//106
f 45//45 106//106 56//56
f 56//56 106//106 107//107
f 56//56 107//107 51//51
f 51//51 107//107 108//108
f 51//51 108//108 49//49
f 49//49 108//108 109//109
f 49//49 109//109 47//47
f 47//47 109//109 110//110
f 47//47 110//110 48//48
f 48//48 110//110 111//111
f 48//48 111//111 50//50
f 50//50 111//111 112//112
f 50//50 112//112 43//43
f 43//43 112//112 99//99
f 113//113 114//114 115//115
f 116//116 117//117 113//113
f 118//118 119//119 113//113
f 120//120 121//121 113//113
f 113//113 122//122 123//123
f 124//124 122//122 113//113
f 121//121 124//124 113//113
f 119//119 120//120 113//113
f 117//117 118//118 113//113
f 115//115 116//116 113//113
f 113//113 123//123 125//125
f 113//113 126//126 127//127
f 128//128 126//126 113//113
f 125//125 128//128 113//113
f 113//113 129//129 114//114
f 130//130 129//129 113//113
f 127//127 130//130 113//113
f 131//131 132//132 133//133
f 131//131 134//134 135//135
f 136//136 134//134 131//131
f 133//133 136//136 131//131
f 131//131 137//137 138//138
f 139//139 137//137 131//131
f 135//135 139//139 131//131
f 131//131 138//138 140//140
f 131//131 141//141 142//142
f 143//143 141//141 131//131
f 140//140 143//143 131//131
f 131//131 144//144 132//132
f 145//145 144//144 131//131
f 142//142 145//145 131//131
f 146//146 147//147 148//148
f 146//146 149//149 150//150
f 151//151 149//149 146//146
f 148//148 151//151 146//146
f 146//146 152//152 153//153
f 154//154 152//152 146//146
f 150//150 154//154 146//146
f 146//146 155//155 156//156
f 157//157 155//155 146//146
f 153//153 157//157 146//146
f 146//146 158//158 147//147
f 159//159 158//158 146//146
f 156//156 159//159 146//146
f 160//160 161//161 162//162
f 162//162 161//161 163//163
f 162//162 163//163 164//164
f 164//164 163//163 165//165
f 164//164 165//165 166//166
f 166//166 165//165 167//167
f 166//166 167//167 168//168
f 168//168 167//167 169//169
f 168//168 169//169 170//170
f 170//170 169//169 171//171
f 170//170 171//171 172//172
f 172//172 171//171 173//173
f 172//172 173//173 174//174
f 174//174 173//173 175//175
f 174//174 175//175 176//176
f 176//176 175//175 177//177
f 176//176 177//177 178//178
f 178//178 177//177 179//179
f 178//178 179//179 180//180
f 180//180 179//179 181//181
f 180//180 181//181 182//182
f 182//182 181//181 183//183
f 182//182 183//183 184//184
f 184//184 183//183 185//185
f 184//184 185//185 186//186
f 186//186 185//185 187//187
f 186//186 187//187 160//160
f 160//160 187//187 161//161
f 188//188 189//189 190//190
f 190//190 189//189 191//191
f 190//190 191//191 192//192
f 192//192 191//191 193//193
f 192//192 193//193 194//194
f 194//194 193//193 195//195
f 194//194 195//195 196//196
f 196//196 195//195 197//197
f 196//196 197//197 198//198
f 198//198 197//197 199//199
f 198//198 199//199 200//200
f 200//200 199//199 201//201
f 200//200 201//201 202//202
f 202//202 201//201 203//203
f 202//202 203//203 204//204
f 204//204 203//203 205//205
f 204//204 205//205 206//206
f 206//206 205//205 207//207
f 206//206 207//207 208//208
f 208//208 207//207 209//209
f 208//208 209//209 210//210
f 210//210 209//209 211//211
f 210//210 211//211 212//212
f 212//212 211//211 213//213
f 212//212 213//213 214//214
f 214//214 213//213 215//215
f 214//214 215//215 188//188
f 188//188 215//215 189//189
f 216//216 217//217 218//218
f 218//218 217//217 219//219
f 218//218 219//219 220//220
f 220//220 219//219 221//221
f 220//220 221//221 222//222
f 222//222 221//221 223//223
f 222//222 223//223 224//224
f 224//224 223//223 225//225
f 224//224 225//225 226//226
f 226//226 225//225 227//227
f 226//226 227//227 228//228
f 228//228 227//227 229//229
f 228//228 229//229 230//230
f 230//230 229//229 231//231
f 230//230 231//231 232//232
f 232//232 231//231 233//233
f 232//232 233//233 234//234
f 234//234 233//233 235//235
f 234//234 235//235 236//236
f 236//236 235//235 237//237
f 236//236 237//237 238//238
f 238//238 237//237 239//239
f 238//238 239//239 240//240
f 240//240 239//239 241//241
f 240//240 241//241 242//242
f 242//242 241//241 243//243
f 242//242 243//243 216//216
f 216//216 243//243 217//217
f 244//244 245//245 246//246
f 246//246 245//245 247//247
f 246//246 247//247 248//248
f 248//248 247//247 249//249
f 248//248 249//249 250//250
f 250//250 249//249 251//251
f 250//250 251//251 252//252
f 252//252 251//251 253//253
f 252//252 253//253 254//254
f 254//254 253//253 255//255
f 254//254 255//255 256//256
f 256//256 255//255 257//257
f 256//256 257//257 258//258
f 258//258 257//257 259//259
f 258//258 259//259 260//260
f 260//260 259//259 261//261
f 260//260 261//261 262//262
f 262//262 261//261 263//263
f 262//262 263//263 264//264
f 264//264 263//263 265//265
f 264//264 265//265 266//266
f 266//266 265//265 267//267
f 266//266 267//267 268//268
f 268//268 267//267 269//269
f 268//268 269//269 270//270
f 270//270 269//269 271//271
f 270//270 271//271 244//244
f 244//244 271//271 245//245
f 272//272 273//273 274//274
f 274//274 273//273 275//275
f 274//274 275//275 276//276
f 276//276 275//275 277//277
f 276//276 277//277 278//278
f 278//278 277//277 279//279
f 278//278 279//279 280//280
f 280//280 279//279 281//281
f 280//280 281//281 282//282
f 282//282 281//281 283//283
f 282//282 283//283 284//284
f 284//284 283//283 285//285
f 284//284 285//285 286//286
f 286//286 285//285 287//287
f 286//286 287//287 288//288
f 288//288 287//287 289//289
f 288//288 289//289 290//290
f 290//290 289//289 291//291
f 290//290 291//291 292//292
f 292//292 291//291 293//293
f 292//292 293//293 294//294
f 294//294 293//293 295//295
f 294//294 295//295 296//296
f 296//296 295//295 297//297
f 296//296 297//297 298//298
f 298//298 297//297 299//299
f 298//298 299//299 272//272
f 272//272 299//299 273//273
f 300//300 301//301 302//302
f 302//302 301//301 303//303
f 302//302 303//303 304//304
f 304//304 303//303 305//305
f 304//304 305//305 306//306
f 306//306 305//305 307//307
f 306//306 307//307 308//308
f 308//308 307//307 309//309
f 308//308 309//309 310//310
f 310//310 309//309 311//311
f 310//310 311//311 312//312
f 312//312 311//311 313//313
f 312//312 313//313 314//314
f 314//314 313//313 315//315
f 314//314 315//315 316//316
f 316//316 315//315 317//317
f 316//316 317//317 318//318
f 318//318 317//317 319//319
f 318//318 319//319 320//320
f 320//320 319//319 321//321
f 320//320 321//321 322//322
f 322//322 321//321 323//323
f 322//322 323//323 324//324
f 324//324 323//323 325//325
f 324//324 325//325 326//326
f 326//326 325//325 327//327
f 326//326 327//327 300//300
f 300//300 327//327 301//301
f 328//328 329//329 330//330
f 330//330 329//329 331//331
f 332//332 333//333 334//334
f 335//335 336//336 337//337
f 337//337 336//336 330//330
f 337//337 330//330 338//338
f 338//338 330//330 331//331
f 328//328 330//330 339//339
f 339//339 330//330 332//332
f 339//339 332//332 340//340
f 340//340 332//332 334//334
f 340//340 334//334 341//341
f 195//195 193//193 342//342
f 299//299 297//297 343//343
f 344//344 345//345 346//346
f 347//347 348//348 100//100
f 100//100 348//348 101//101
f 108//108 107//107 349//349
f 108//108 349//349 109//109
f 106//106 105//105 350//350
f 110//110 351//351 111//111
f 111//111 351//351 352//352
f 111//111 352//352 112//112
f 112//112 352//352 353//353
f 112//112 353//353 99//99
f 99//99 353//353 354//354
f 99//99 354//354 100//100
f 100//100 354//354 355//355
f 100//100 355//355 347//347
f 105//105 104//104 350//350
f 350//350 104//104 103//103
f 350//350 103//103 356//356
f 356//356 103//103 102//102
f 356//356 102//102 101//101
f 357//357 358//358 359//359
f 359//359 358//358 360//360
f 359//359 360//360 349//349
f 349//349 360//360 351//351
f 349//349 351//351 109//109
f 109//109 351//351 110//110
f 361//361 362//362 359//359
f 362//362 363//363 359//359
f 359//359 363//363 364//364
f 359//359 364//364 357//357
f 365//365 366//366 367//367
f 367//367 366//366 361//361
f 367//367 361//361 368//368
f 368//368 361//361 359//359
f 367//367 85//85 98//98
f 98//98 97//97 367//367
f 367//367 97//97 96//96
f 367//367 96//96 365//365
f 369//369 91//91 90//90
f 89//89 88//88 370//370
f 370//370 88//88 87//87
f 370//370 87//87 86//86
f 96//96 95//95 365//365
f 365//365 95//95 94//94
f 365//365 94//94 371//371
f 371//371 94//94 93//93
f 371//371 93//93 372//372
f 372//372 93//93 92//92
f 372//372 92//92 373//373
f 373//373 92//92 91//91
f 373//373 91//91 374//374
f 374//374 91//91 369//369
f 84//84 83//83 375//375
f 84//84 375//375 71//71
f 376//376 377//377 79//79
f 74//74 73//73 378//378
f 378//378 73//73 72//72
f 379//379 76//76 75//75
f 83//83 82//82 375//375
f 375//375 82//82 81//81
f 375//375 81//81 377//377
f 377//377 81//81 80//80
f 377//377 80//80 79//79
f 76//76 379//379 77//77
f 77//77 379//379 380//380
f 77//77 380//380 78//78
f 78//78 380//380 381//381
f 78//78 381//381 79//79
f 79//79 381//381 382//382
f 79//79 382//382 376//376
f 383//383 384//384 385//385
f 385//385 384//384 386//386
f 385//385 386//386 378//378
f 378//378 386//386 379//379
f 378//378 379//379 74//74
f 74//74 379//379 75//75
f 387//387 388//388 389//389
f 389//389 388//388 390//390
f 389//389 390//390 391//391
f 391//391 390//390 392//392
f 391//391 392//392 393//393
f 64//64 63//63 389//389
f 66//66 65//65 394//394
f 69//69 68//68 395//395
f 395//395 68//68 67//67
f 63//63 62//62 389//389
f 389//389 62//62 61//61
f 389//389 61//61 387//387
f 387//387 61//61 60//60
f 387//387 60//60 396//396
f 396//396 60//60 59//59
f 396//396 59//59 397//397
f 397//397 59//59 58//58
f 397//397 58//58 398//398
f 398//398 58//58 57//57
f 398//398 57//57 399//399
f 399//399 57//57 70//70
f 399//399 70//70 400//400
f 400//400 70//70 401//401
f 402//402 342//342 403//403
f 403//403 342//342 193//193
f 403//403 193//193 404//404
f 404//404 193//193 191//191
f 404//404 191//191 345//345
f 345//345 191//191 189//189
f 345//345 189//189 346//346
f 346//346 189//189 215//215
f 346//346 215//215 405//405
f 406//406 407//407 408//408
f 408//408 409//409 406//406
f 406//406 409//409 410//410
f 406//406 410//410 346//346
f 346//346 410//410 411//411
f 346//346 411//411 344//344
f 283//283 412//412 285//285
f 285//285 412//412 413//413
f 285//285 413//413 287//287
f 287//287 413//413 407//407
f 287//287 407//407 289//289
f 289//289 407//407 406//406
f 289//289 406//406 291//291
f 291//291 406//406 414//414
f 291//291 414//414 293//293
f 415//415 416//416 417//417
f 319//319 317//317 418//418
f 419//419 420//420 421//421
f 421//421 420//420 422//422
f 421//421 422//422 423//423
f 424//424 425//425 426//426
f 426//426 425//425 427//427
f 185//185 428//428 187//187
f 187//187 428//428 429//429
f 187//187 429//429 161//161
f 161//161 429//429 424//424
f 161//161 424//424 163//163
f 163//163 424//424 426//426
f 163//163 426//426 165//165
f 165//165 426//426 350//350
f 165//165 350//350 167//167
f 430//430 181//181 179//179
f 181//181 430//430 183//183
f 183//183 430//430 342//342
f 183//183 342//342 185//185
f 185//185 342//342 402//402
f 185//185 402//402 428//428
f 167//167 350//350 169//169
f 169//169 350//350 356//356
f 169//169 356//356 171//171
f 179//179 177//177 430//430
f 430//430 177//177 175//175
f 430//430 175//175 356//356
f 356//356 175//175 173//173
f 356//356 173//173 171//171
f 418//418 317//317 423//423
f 423//423 317//317 315//315
f 423//423 315//315 421//421
f 421//421 315//315 313//313
f 421//421 313//313 370//370
f 370//370 313//313 311//311
f 370//370 311//311 309//309
f 369//369 307//307 305//305
f 90//90 89//89 369//369
f 369//369 89//89 370//370
f 369//369 370//370 307//307
f 307//307 370//370 309//309
f 305//305 303//303 369//369
f 369//369 303//303 301//301
f 369//369 301//301 431//431
f 431//431 301//301 327//327
f 325//325 323//323 417//417
f 418//418 415//415 319//319
f 319//319 415//415 417//417
f 319//319 417//417 321//321
f 321//321 417//417 323//323
f 343//343 297//297 377//377
f 377//377 297//297 295//295
f 377//377 295//295 375//375
f 281//281 417//417 283//283
f 283//283 417//417 416//416
f 283//283 416//416 412//412
f 281//281 279//279 417//417
f 417//417 279//279 431//431
f 417//417 431//431 325//325
f 325//325 431//431 327//327
f 279//279 277//277 431//431
f 431//431 277//277 275//275
f 431//431 275//275 343//343
f 343//343 275//275 273//273
f 343//343 273//273 299//299
f 195//195 342//342 197//197
f 197//197 342//342 430//430
f 197//197 430//430 199//199
f 207//207 205//205 432//432
f 432//432 205//205 203//203
f 432//432 203//203 430//430
f 430//430 203//203 201//201
f 430//430 201//201 199//199
f 213//213 211//211 394//394
f 394//394 211//211 209//209
f 207//207 432//432 209//209
f 209//209 432//432 395//395
f 209//209 395//395 394//394
f 394//394 395//395 67//67
f 394//394 67//67 66//66
f 72//72 71//71 378//378
f 378//378 71//71 375//375
f 378//378 375//375 385//385
f 385//385 375//375 433//433
f 223//223 433//433 225//225
f 225//225 433//433 434//434
f 231//231 229//229 434//434
f 434//434 229//229 227//227
f 434//434 227//227 225//225
f 223//223 221//221 433//433
f 433//433 221//221 219//219
f 433//433 219//219 385//385
f 385//385 219//219 217//217
f 217//217 243//243 385//385
f 385//385 243//243 241//241
f 385//385 241//241 239//239
f 237//237 235//235 391//391
f 391//391 235//235 233//233
f 239//239 237//237 385//385
f 385//385 237//237 391//391
f 385//385 391//391 383//383
f 383//383 391//391 393//393
f 383//383 393//393 435//435
f 249//249 247//247 368//368
f 261//261 259//259 359//359
f 359//359 259//259 257//257
f 257//257 255//255 359//359
f 359//359 255//255 253//253
f 359//359 253//253 368//368
f 368//368 253//253 251//251
f 368//368 251//251 249//249
f 247//247 245//245 368//368
f 368//368 245//245 421//421
f 368//368 421//421 367//367
f 367//367 421//421 370//370
f 367//367 370//370 85//85
f 85//85 370//370 86//86
f 426//426 265//265 263//263
f 245//245 271//271 421//421
f 421//421 271//271 269//269
f 421//421 269//269 267//267
f 427//427 419//419 426//426
f 426//426 419//419 421//421
f 426//426 421//421 265//265
f 265//265 421//421 267//267
f 233//233 231//231 391//391
f 391//391 231//231 434//434
f 391//391 434//434 389//389
f 389//389 434//434 394//394
f 389//389 394//394 64//64
f 64//64 394//394 65//65
f 295//295 293//293 375//375
f 375//375 293//293 414//414
f 375//375 414//414 433//433
f 433//433 414//414 406//406
f 433//433 406//406 434//434
f 434//434 406//406 346//346
f 434//434 346//346 394//394
f 394//394 346//346 405//405
f 394//394 405//405 213//213
f 213//213 405//405 215//215
f 263//263 261//261 426//426
f 426//426 261//261 359//359
f 426//426 359//359 350//350
f 350//350 359//359 349//349
f 350//350 349//349 106//106
f 106//106 349//349 107//107
f 101//101 348//348 356//356
f 356//356 348//348 436//436
f 356//356 436//436 430//430
f 430//430 436//436 437//437
f 430//430 437//437 432//432
f 432//432 437//437 401//401
f 432//432 401//401 395//395
f 395//395 401//401 70//70
f 395//395 70//70 69//69
f 438//438 439//439 440//440
f 441//441 442//442 443//443
f 443//443 440//440 444//444
f 445//445 441//441 446//446
f 446//446 441//441 443//443
f 446//446 443//443 447//447
f 447//447 443//443 444//444
f 448//448 438//438 449//449
f 449//449 438//438 440//440
f 449//449 440//440 450//450
f 450//450 440//440 443//443
f 451//451 452//452 453//453
f 453//453 452//452 454//454
f 455//455 453//453 456//456
f 456//456 453//453 454//454
f 456//456 454//454 457//457
f 457//457 454//454 458//458
f 459//459 460//460 461//461
f 452//452 462//462 454//454
f 454//454 462//462 459//459
f 454//454 459//459 463//463
f 463//463 459//459 461//461
f 464//464 400//400 401//401
f 401//401 437//437 464//464
f 464//464 437//437 436//436
f 464//464 436//436 465//465
f 465//465 436//436 348//348
f 465//465 348//348 347//347
f 400//400 464//464 466//466
f 400//400 466//466 399//399
f 399//399 466//466 467//467
f 399//399 467//467 398//398
f 398//398 467//467 468//468
f 398//398 468//468 397//397
f 469//469 123//123 122//122
f 469//469 122//122 470//470
f 470//470 122//122 124//124
f 470//470 124//124 471//471
f 471//471 124//124 121//121
f 471//471 121//121 472//472
f 121//121 120//120 472//472
f 472//472 120//120 119//119
f 472//472 119//119 473//473
f 119//119 118//118 473//473
f 473//473 118//118 117//117
f 473//473 117//117 474//474
f 117//117 116//116 474//474
f 474//474 116//116 115//115
f 474//474 115//115 475//475
f 475//475 115//115 114//114
f 475//475 114//114 476//476
f 476//476 114//114 477//477
f 477//477 114//114 129//129
f 477//477 129//129 478//478
f 478//478 129//129 130//130
f 478//478 130//130 479//479
f 479//479 130//130 127//127
f 479//479 127//127 480//480
f 480//480 127//127 481//481
f 480//480 481//481 482//482
f 482//482 481//481 128//128
f 482//482 128//128 483//483
f 483//483 128//128 125//125
f 483//483 125//125 469//469
f 469//469 125//125 123//123
f 396//396 397//397 468//468
f 392//392 390//390 484//484
f 484//484 390//390 388//388
f 484//484 388//388 468//468
f 468//468 388//388 387//387
f 468//468 387//387 396//396
f 392//392 484//484 485//485
f 392//392 485//485 393//393
f 393//393 485//485 486//486
f 393//393 486//486 435//435
f 435//435 486//486 487//487
f 435//435 487//487 383//383
f 380//380 379//379 488//488
f 488//488 379//379 386//386
f 488//488 386//386 487//487
f 487//487 386//386 384//384
f 487//487 384//384 383//383
f 380//380 488//488 489//489
f 380//380 489//489 381//381
f 381//381 489//489 490//490
f 381//381 490//490 382//382
f 382//382 490//490 491//491
f 382//382 491//491 376//376
f 492//492 138//138 493//493
f 493//493 138//138 137//137
f 493//493 137//137 494//494
f 494//494 137//137 139//139
f 494//494 139//139 495//495
f 495//495 139//139 135//135
f 495//495 135//135 496//496
f 496//496 135//135 134//134
f 496//496 134//134 497//497
f 497//497 134//134 136//136
f 497//497 136//136 498//498
f 498//498 136//136 133//133
f 498//498 133//133 499//499
f 499//499 133//133 132//132
f 499//499 132//132 500//500
f 500//500 132//132 144//144
f 500//500 144//144 501//501
f 501//501 144//144 145//145
f 501//501 145//145 502//502
f 502//502 145//145 142//142
f 502//502 142//142 503//503
f 503//503 142//142 141//141
f 503//503 141//141 504//504
f 504//504 141//141 143//143
f 504//504 143//143 505//505
f 505//505 143//143 140//140
f 505//505 140//140 492//492
f 492//492 140//140 138//138
f 377//377 376//376 491//491
f 374//374 369//369 506//506
f 506//506 369//369 431//431
f 506//506 431//431 491//491
f 491//491 431//431 343//343
f 491//491 343//343 377//377
f 374//374 506//506 507//507
f 374//374 507//507 373//373
f 373//373 507//507 508//508
f 373//373 508//508 372//372
f 372//372 508//508 509//509
f 372//372 509//509 371//371
f 362//362 361//361 510//510
f 510//510 361//361 366//366
f 510//510 366//366 509//509
f 509//509 366//366 365//365
f 509//509 365//365 371//371
f 362//362 510//510 511//511
f 362//362 511//511 363//363
f 363//363 511//511 512//512
f 363//363 512//512 364//364
f 364//364 512//512 513//513
f 364//364 513//513 357//357
f 514//514 153//153 515//515
f 515//515 153//153 152//152
f 515//515 152//152 516//516
f 516//516 152//152 154//154
f 516//516 154//154 517//517
f 517//517 154//154 150//150
f 517//517 150//150 518//518
f 518//518 150//150 149//149
f 518//518 149//149 519//519
f 519//519 149//149 151//151
f 519//519 151//151 520//520
f 520//520 151//151 148//148
f 520//520 148//148 521//521
f 521//521 148//148 147//147
f 521//521 147//147 522//522
f 522//522 147//147 158//158
f 522//522 158//158 523//523
f 523//523 158//158 159//159
f 523//523 159//159 524//524
f 524//524 159//159 156//156
f 524//524 156//156 525//525
f 525//525 156//156 155//155
f 525//525 155//155 526//526
f 526//526 155//155 157//157
f 526//526 157//157 514//514
f 514//514 157//157 153//153
f 358//358 357//357 513//513
f 353//353 352//352 527//527
f 527//527 352//352 351//351
f 527//527 351//351 513//513
f 513//513 351//351 360//360
f 513//513 360//360 358//358
f 353//353 527//527 528//528
f 353//353 528//528 354//354
f 354//354 528//528 529//529
f 354//354 529//529 355//355
f 355//355 529//529 465//465
f 355//355 465//465 347//347
f 178//178 180//180 530//530
f 530//530 180//180 182//182
f 530//530 182//182 531//531
f 531//531 182//182 184//184
f 531//531 184//184 532//532
f 532//532 184//184 186//186
f 532//532 186//186 533//533
f 533//533 186//186 160//160
f 533//533 160//160 534//534
f 534//534 160//160 162//162
f 534//534 162//162 535//535
f 535//535 162//162 164//164
f 535//535 164//164 536//536
f 536//536 164//164 166//166
f 536//536 166//166 537//537
f 537//537 166//166 168//168
f 537//537 168//168 538//538
f 538//538 168//168 170//170
f 538//538 170//170 539//539
f 539//539 170//170 172//172
f 539//539 172//172 540//540
f 540//540 172//172 174//174
f 540//540 174//174 541//541
f 541//541 174//174 176//176
f 541//541 176//176 542//542
f 542//542 176//176 178//178
f 542//542 178//178 530//530
f 206//206 208//208 543//543
f 543//543 208//208 210//210
f 543//543 210//210 544//544
f 544//544 210//210 212//212
f 544//544 212//212 545//545
f 545//545 212//212 214//214
f 545//545 214//214 546//546
f 546//546 214//214 188//188
f 546//546 188//188 547//547
f 547//547 188//188 190//190
f 547//547 190//190 548//548
f 548//548 190//190 192//192
f 548//548 192//192 549//549
f 549//549 192//192 194//194
f 549//549 194//194 550//550
f 550//550 194//194 196//196
f 550//550 196//196 551//551
f 551//551 196//196 198//198
f 551//551 198//198 552//552
f 552//552 198//198 200//200
f 552//552 200//200 553//553
f 553//553 200//200 202//202
f 553//553 202//202 554//554
f 554//554 202//202 204//204
f 554//554 204//204 555//555
f 555//555 204//204 206//206
f 555//555 206//206 543//543
f 234//234 236//236 556//556
f 556//556 236//236 238//238
f 556//556 238//238 557//557
f 557//557 238//238 240//240
f 557//557 240//240 558//558
f 558//558 240//240 242//242
f 558//558 242//242 559//559
f 559//559 242//242 216//216
f 559//559 216//216 560//560
f 560//560 216//216 218//218
f 560//560 218//218 561//561
f 561//561 218//218 220//220
f 561//561 220//220 562//562
f 562//562 220//220 222//222
f 562//562 222//222 563//563
f 563//563 222//222 224//224
f 563//563 224//224 564//564
f 564//564 224//224 226//226
f 564//564 226//226 565//565
f 565//565 226//226 228//228
f 565//565 228//228 566//566
f 566//566 228//228 230//230
f 566//566 230//230 567//567
f 567//567 230//230 232//232
f 567//567 232//232 568//568
f 568//568 232//232 234//234
f 568//568 234//234 556//556
f 248//248 250//250 569//569
f 569//569 250//250 252//252
f 569//569 252//252 570//570
f 570//570 252//252 254//254
f 570//570 254//254 571//571
f 571//571 254//254 256//256
f 571//571 256//256 572//572
f 572//572 256//256 258//258
f 572//572 258//258 573//573
f 573//573 258//258 260//260
f 573//573 260//260 574//574
f 574//574 260//260 262//262
f 574//574 262//262 575//575
f 575//575 262//262 264//264
f 575//575 264//264 576//576
f 576//576 264//264 266//266
f 576//576 266//266 577//577
f 577//577 266//266 268//268
f 577//577 268//268 578//578
f 578//578 268//268 270//270
f 578//578 270//270 579//579
f 579//579 270//270 244//244
f 579//579 244//244 580//580
f 580//580 244//244 246//246
f 580//580 246//246 581//581
f 581//581 246//246 248//248
f 581//581 248//248 569//569
f 290//290 292//292 582//582
f 582//582 292//292 294//294
f 582//582 294//294 583//583
f 583//583 294//294 296//296
f 583//583 296//296 584//584
f 584//584 296//296 298//298
f 584//584 298//298 585//585
f 585//585 298//298 272//272
f 585//585 272//272 586//586
f 586//586 272//272 274//274
f 586//586 274//274 587//587
f 587//587 274//274 276//276
f 587//587 276//276 588//588
f 588//588 276//276 278//278
f 588//588 278//278 589//589
f 589//589 278//278 280//280
f 589//589 280//280 590//590
f 590//590 280//280 282//282
f 590//590 282//282 591//591
f 591//591 282//282 284//284
f 591//591 284//284 592//592
f 592//592 284//284 286//286
f 592//592 286//286 593//593
f 593//593 286//286 288//288
f 593//593 288//288 594//594
f 594//594 288//288 290//290
f 594//594 290//290 582//582
f 318//318 320//320 595//595
f 595//595 320//320 322//322
f 595//595 322//322 596//596
f 596//596 322//322 324//324
f 596//596 324//324 597//597
f 597//597 324//324 326//326
f 597//597 326//326 598//598
f 598//598 326//326 300//300
f 598//598 300//300 599//599
f 599//599 300//300 302//302
f 599//599 302//302 600//600
f 600//600 302//302 304//304
f 600//600 304//304 601//601
f 601//601 304//304 306//306
f 601//601 306//306 602//602
f 602//602 306//306 308//308
f 602//602 308//308 603//603
f 603//603 308//308 310//310
f 603//603 310//310 604//604
f 604//604 310//310 312//312
f 604//604 312//312 605//605
f 605//605 312//312 314//314
f 605//605 314//314 606//606
f 606//606 314//314 316//316
f 606//606 316//316 607//607
f 607//607 316//316 318//318
f 607//607 318//318 595//595
f 328//328 608//608 329//329
f 329//329 608//608 609//609
f 329//329 609//609 331//331
f 331//331 609//609 610//610
f 331//331 610//610 338//338
f 338//338 610//610 611//611
f 338//338 611//611 337//337
f 337//337 611//611 612//612
f 337//337 612//612 335//335
f 335//335 612//612 613//613
f 335//335 613//613 336//336
f 336//336 613//613 614//614
f 336//336 614//614 330//330
f 330//330 614//614 615//615
f 330//330 615//615 616//616
f 330//330 616//616 332//332
f 332//332 616//616 617//617
f 332//332 617//617 333//333
f 333//333 617//617 618//618
f 333//333 618//618 334//334
f 618//618 619//619 334//334
f 334//334 619//619 620//620
f 334//334 620//620 341//341
f 341//341 620//620 621//621
f 341//341 621//621 340//340
f 340//340 621//621 622//622
f 622//622 623//623 340//340
f 340//340 623//623 624//624
f 340//340 624//624 339//339
f 339//339 624//624 608//608
f 339//339 608//608 328//328
f 416//416 625//625 412//412
f 412//412 625//625 626//626
f 412//412 626//626 413//413
f 413//413 626//626 627//627
f 413//413 627//627 407//407
f 407//407 627//627 628//628
f 407//407 628//628 408//408
f 408//408 628//628 629//629
f 408//408 629//629 409//409
f 409//409 629//629 630//630
f 409//409 630//630 410//410
f 410//410 630//630 631//631
f 410//410 631//631 411//411
f 411//411 631//631 632//632
f 411//411 632//632 344//344
f 344//344 632//632 633//633
f 344//344 633//633 345//345
f 345//345 633//633 634//634
f 345//345 634//634 404//404
f 404//404 634//634 635//635
f 404//404 635//635 403//403
f 403//403 635//635 636//636
f 403//403 636//636 402//402
f 402//402 636//636 637//637
f 402//402 637//637 428//428
f 428//428 637//637 638//638
f 428//428 638//638 429//429
f 429//429 638//638 639//639
f 429//429 639//639 424//424
f 424//424 639//639 640//640
f 424//424 640//640 425//425
f 425//425 640//640 641//641
f 425//425 641//641 427//427
f 427//427 641//641 642//642
f 427//427 642//642 419//419
f 419//419 642//642 643//643
f 419//419 643//643 420//420
f 420//420 643//643 644//644
f 420//420 644//644 422//422
f 422//422 644//644 645//645
f 422//422 645//645 423//423
f 423//423 645//645 646//646
f 423//423 646//646 418//418
f 418//418 646//646 647//647
f 418//418 647//647 415//415
f 415//415 647//647 648//648
f 415//415 648//648 416//416
f 416//416 648//648 625//625
f 444//444 649//649 447//447
f 447//447 649//649 650//650
f 447//447 650//650 446//446
f 446//446 650//650 651//651
f 446//446 651//651 445//445
f 445//445 651//651 652//652
f 445//445 652//652 441//441
f 441//441 652//652 653//653
f 441//441 653//653 442//442
f 442//442 653//653 654//654
f 442//442 654//654 443//443
f 443//443 654//654 655//655
f 443//443 655//655 450//450
f 450//450 655//655 656//656
f 450//450 656//656 449//449
f 449//449 656//656 657//657
f 449//449 657//657 448//448
f 448//448 657//657 658//658
f 448//448 658//658 438//438
f 438//438 658//658 659//659
f 438//438 659//659 439//439
f 439//439 659//659 660//660
f 439//439 660//660 440//440
f 440//440 660//660 661//661
f 440//440 661//661 444//444
f 444//444 661//661 649//649
f 458//458 662//662 457//457
f 457//457 662//662 663//663
f 457//457 663//663 456//456
f 456//456 663//663 664//664
f 456//456 664//664 455//455
f 455//455 664//664 665//665
f 455//455 665//665 453//453
f 453//453 665//665 666//666
f 453//453 666//666 451//451
f 451//451 666//666 667//667
f 451//451 667//667 452//452
f 452//452 667//667 668//668
f 452//452 668//668 462//462
f 462//462 668//668 669//669
f 459//459 462//462 669//669
f 669//669 670//670 459//459
f 459//459 670//670 671//671
f 459//459 671//671 460//460
f 671//671 672//672 460//460
f 460//460 672//672 673//673
f 460//460 673//673 461//461
f 461//461 673//673 674//674
f 674//674 675//675 461//461
f 461//461 675//675 676//676
f 461//461 676//676 463//463
f 676//676 677//677 463//463
f 463//463 677//677 678//678
f 463//463 678//678 454//454
f 662//662 458//458 679//679
f 679//679 458//458 454//454
f 679//679 454//454 680//680
f 680//680 454//454 678//678
f 681//681 682//682 465//465
f 465//465 682//682 464//464
f 464//464 682//682 683//683
f 464//464 683//683 466//466
f 466//466 683//683 684//684
f 466//466 684//684 467//467
f 467//467 684//684 685//685
f 467//467 685//685 468//468
f 483//483 469//469 685//685
f 685//685 469//469 468//468
f 468//468 469//469 470//470
f 468//468 470//470 471//471
f 471//471 472//472 468//468
f 468//468 472//472 473//473
f 468//468 473//473 484//484
f 484//484 473//473 474//474
f 474//474 475//475 484//484
f 484//484 475//475 476//476
f 484//484 476//476 686//686
f 686//686 476//476 477//477
f 686//686 477//477 478//478
f 478//478 479//479 686//686
f 686//686 479//479 480//480
f 686//686 480//480 685//685
f 685//685 480//480 482//482
f 685//685 482//482 483//483
f 484//484 686//686 687//687
f 484//484 687//687 485//485
f 485//485 687//687 688//688
f 485//485 688//688 486//486
f 486//486 688//688 689//689
f 486//486 689//689 487//487
f 689//689 690//690 487//487
f 487//487 690//690 488//488
f 488//488 690//690 691//691
f 488//488 691//691 489//489
f 489//489 691//691 692//692
f 489//489 692//692 490//490
f 490//490 692//692 693//693
f 490//490 693//693 491//491
f 694//694 500//500 501//501
f 501//501 502//502 694//694
f 694//694 502//502 503//503
f 694//694 503//503 693//693
f 503//503 504//504 693//693
f 693//693 504//504 505//505
f 693//693 505//505 491//491
f 505//505 492//492 491//491
f 491//491 492//492 493//493
f 491//491 493//493 494//494
f 500//500 694//694 499//499
f 499//499 694//694 506//506
f 499//499 506//506 498//498
f 494//494 495//495 491//491
f 491//491 495//495 496//496
f 491//491 496//496 506//506
f 506//506 496//496 497//497
f 506//506 497//497 498//498
f 506//506 694//694 695//695
f 506//506 695//695 507//507
f 507//507 695//695 696//696
f 507//507 696//696 508//508
f 508//508 696//696 697//697
f 508//508 697//697 509//509
f 697//697 698//698 509//509
f 509//509 698//698 510//510
f 510//510 698//698 699//699
f 510//510 699//699 511//511
f 511//511 699//699 700//700
f 511//511 700//700 512//512
f 512//512 700//700 701//701
f 512//512 701//701 513//513
f 527//527 520//520 702//702
f 702//702 520//520 521//521
f 702//702 521//521 522//522
f 522//522 523//523 702//702
f 702//702 523//523 524//524
f 702//702 524//524 701//701
f 701//701 524//524 525//525
f 525//525 526//526 701//701
f 701//701 526//526 514//514
f 701//701 514//514 513//513
f 513//513 514//514 515//515
f 513//513 515//515 516//516
f 516//516 517//517 513//513
f 513//513 517//517 518//518
f 513//513 518//518 527//527
f 527//527 518//518 519//519
f 527//527 519//519 520//520
f 527//527 702//702 703//703
f 527//527 703//703 528//528
f 528//528 703//703 704//704
f 528//528 704//704 529//529
f 529//529 704//704 681//681
f 529//529 681//681 465//465
f 540//540 705//705 539//539
f 539//539 705//705 706//706
f 539//539 706//706 538//538
f 538//538 706//706 707//707
f 538//538 707//707 537//537
f 537//537 707//707 708//708
f 537//537 708//708 536//536
f 536//536 708//708 709//709
f 536//536 709//709 535//535
f 535//535 709//709 710//710
f 535//535 710//710 534//534
f 534//534 710//710 711//711
f 534//534 711//711 533//533
f 533//533 711//711 712//712
f 533//533 712//712 532//532
f 532//532 712//712 713//713
f 532//532 713//713 531//531
f 531//531 713//713 714//714
f 531//531 714//714 530//530
f 530//530 714//714 715//715
f 530//530 715//715 542//542
f 542//542 715//715 716//716
f 542//542 716//716 541//541
f 541//541 716//716 717//717
f 541//541 717//717 540//540
f 540//540 717//717 705//705
f 553//553 718//718 552//552
f 552//552 718//718 719//719
f 552//552 719//719 551//551
f 551//551 719//719 720//720
f 551//551 720//720 550//550
f 550//550 720//720 721//721
f 550//550 721//721 549//549
f 549//549 721//721 722//722
f 549//549 722//722 548//548
f 548//548 722//722 723//723
f 548//548 723//723 547//547
f 547//547 723//723 724//724
f 547//547 724//724 546//546
f 546//546 724//724 725//725
f 546//546 725//725 545//545
f 545//545 725//725 726//726
f 545//545 726//726 544//544
f 544//544 726//726 727//727
f 544//544 727//727 543//543
f 543//543 727//727 728//728
f 543//543 728//728 555//555
f 555//555 728//728 729//729
f 555//555 729//729 554//554
f 554//554 729//729 730//730
f 554//554 730//730 553//553
f 553//553 730//730 718//718
f 566//566 731//731 565//565
f 565//565 731//731 732//732
f 565//565 732//732 564//564
f 564//564 732//732 733//733
f 564//564 733//733 563//563
f 563//563 733//733 734//734
f 563//563 734//734 562//562
f 562//562 734//734 735//735
f 562//562 735//735 561//561
f 561//561 735//735 736//736
f 561//561 736//736 560//560
f 560//560 736//736 737//737
f 560//560 737//737 559//559
f 559//559 737//737 738//738
f 559//559 738//738 558//558
f 558//558 738//738 739//739
f 558//558 739//739 557//557
f 557//557 739//739 740//740
f 557//557 740//740 556//556
f 556//556 740//740 741//741
f 556//556 741//741 568//568
f 568//568 741//741 742//742
f 568//568 742//742 567//567
f 567//567 742//742 743//743
f 567//567 743//743 566//566
f 566//566 743//743 731//731
f 572//572 744//744 571//571
f 571//571 744//744 745//745
f 571//571 745//745 570//570
f 570//570 745//745 746//746
f 570//570 746//746 569//569
f 569//569 746//746 747//747
f 569//569 747//747 581//581
f 581//581 747//747 748//748
f 581//581 748//748 580//580
f 580//580 748//748 749//749
f 580//580 749//749 579//579
f 579//579 749//749 750//750
f 579//579 750//750 578//578
f 578//578 750//750 751//751
f 578//578 751//751 577//577
f 577//577 751//751 752//752
f 577//577 752//752 576//576
f 576//576 752//752 753//753
f 576//576 753//753 575//575
f 575//575 753//753 754//754
f 575//575 754//754 574//574
f 574//574 754//754 755//755
f 574//574 755//755 573//573
f 573//573 755//755 756//756
f 573//573 756//756 572//572
f 572//572 756//756 744//744
f 592//592 757//757 591//591
f 591//591 757//757 758//758
f 591//591 758//758 590//590
f 590//590 758//758 759//759
f 590//590 759//759 589//589
f 589//589 759//759 760//760
f 589//589 760//760 588//588
f 588//588 760//760 761//761
f 588//588 761//761 587//587
f 587//587 761//761 762//762
f 587//587 762//762 586//586
f 586//586 762//762 763//763
f 586//586 763//763 585//585
f 585//585 763//763 764//764
f 585//585 764//764 584//584
f 584//584 764//764 765//765
f 584//584 765//765 583//583
f 583//583 765//765 766//766
f 583//583 766//766 582//582
f 582//582 766//766 767//767
f 582//582 767//767 594//594
f 594//594 767//767 768//768
f 594//594 768//768 593//593
f 593//593 768//768 769//769
f 593//593 769//769 592//592
f 592//592 769//769 757//757
f 605//605 770//770 604//604
f 604//604 770//770 771//771
f 604//604 771//771 603//603
f 603//603 771//771 772//772
f 603//603 772//772 602//602
f 602//602 772//772 773//773
f 602//602 773//773 601//601
f 601//601 773//773 774//774
f 601//601 774//774 600//600
f 600//600 774//774 775//775
f 600//600 775//775 599//599
f 599//599 775//775 776//776
f 599//599 776//776 598//598
f 598//598 776//776 777//777
f 598//598 777//777 597//597
f 597//597 777//777 778//778
f 597//597 778//778 596//596
f 596//596 778//778 779//779
f 596//596 779//779 595//595
f 595//595 779//779 780//780
f 595//595 780//780 607//607
f 607//607 780//780 781//781
f 607//607 781//781 606//606
f 606//606 781//781 782//782
f 606//606 782//782 605//605
f 605//605 782//782 770//770
f 608//608 783//783 609//609
f 609//609 783//783 784//784
f 609//609 784//784 610//610
f 610//610 784//784 785//785
f 610//610 785//785 611//611
f 611//611 785//785 786//786
f 611//611 786//786 612//612
f 612//612 786//786 787//787
f 612//612 787//787 613//613
f 613//613 787//787 788//788
f 613//613 788//788 614//614
f 614//614 788//788 789//789
f 614//614 789//789 615//615
f 615//615 789//789 790//790
f 783//783 608//608 791//791
f 791//791 608//608 624//624
f 791//791 624//624 792//792
f 624//624 623//623 792//792
f 792//792 623//623 622//622
f 792//792 622//622 793//793
f 793//793 622//622 621//621
f 621//621 620//620 793//793
f 793//793 620//620 619//619
f 793//793 619//619 794//794
f 615//615 790//790 616//616
f 616//616 790//790 795//795
f 616//616 795//795 617//617
f 617//617 795//795 794//794
f 617//617 794//794 618//618
f 618//618 794//794 619//619
f 796//796 637//637 797//797
f 797//797 637//637 636//636
f 797//797 636//636 798//798
f 798//798 636//636 635//635
f 798//798 635//635 799//799
f 799//799 635//635 634//634
f 799//799 634//634 800//800
f 800//800 634//634 633//633
f 800//800 633//633 801//801
f 801//801 633//633 632//632
f 801//801 632//632 802//802
f 802//802 632//632 631//631
f 802//802 631//631 803//803
f 803//803 631//631 630//630
f 803//803 630//630 804//804
f 629//629 805//805 630//630
f 630//630 805//805 806//806
f 630//630 806//806 804//804
f 625//625 807//807 626//626
f 626//626 807//807 808//808
f 626//626 808//808 627//627
f 627//627 808//808 809//809
f 627//627 809//809 628//628
f 628//628 809//809 810//810
f 628//628 810//810 629//629
f 629//629 810//810 811//811
f 629//629 811//811 805//805
f 807//807 625//625 812//812
f 812//812 625//625 648//648
f 812//812 648//648 813//813
f 813//813 648//648 647//647
f 813//813 647//647 814//814
f 814//814 647//647 646//646
f 814//814 646//646 815//815
f 815//815 646//646 645//645
f 815//815 645//645 816//816
f 644//644 817//817 818//818
f 644//644 818//818 645//645
f 645//645 818//818 819//819
f 645//645 819//819 816//816
f 641//641 820//820 642//642
f 642//642 820//820 821//821
f 642//642 821//821 643//643
f 643//643 821//821 822//822
f 643//643 822//822 644//644
f 644//644 822//822 823//823
f 644//644 823//823 817//817
f 637//637 796//796 638//638
f 638//638 796//796 824//824
f 638//638 824//824 639//639
f 639//639 824//824 825//825
f 639//639 825//825 640//640
f 640//640 825//825 826//826
f 640//640 826//826 641//641
f 641//641 826//826 827//827
f 641//641 827//827 820//820
f 649//649 828//828 650//650
f 650//650 828//828 829//829
f 650//650 829//829 651//651
f 651//651 829//829 830//830
f 651//651 830//830 652//652
f 652//652 830//830 831//831
f 652//652 831//831 653//653
f 653//653 831//831 832//832
f 653//653 832//832 654//654
f 654//654 832//832 833//833
f 654//654 833//833 655//655
f 655//655 833//833 834//834
f 655//655 834//834 656//656
f 656//656 834//834 835//835
f 656//656 835//835 657//657
f 657//657 835//835 836//836
f 657//657 836//836 658//658
f 658//658 836//836 837//837
f 658//658 837//837 659//659
f 659//659 837//837 838//838
f 659//659 838//838 660//660
f 660//660 838//838 839//839
f 660//660 839//839 661//661
f 661//661 839//839 840//840
f 661//661 840//840 649//649
f 649//649 840//840 828//828
f 662//662 841//841 663//663
f 663//663 841//841 842//842
f 663//663 842//842 664//664
f 664//664 842//842 843//843
f 664//664 843//843 665//665
f 665//665 843//843 844//844
f 665//665 844//844 666//666
f 666//666 844//844 845//845
f 666//666 845//845 667//667
f 667//667 845//845 846//846
f 667//667 846//846 668//668
f 668//668 846//846 847//847
f 668//668 847//847 669//669
f 669//669 847//847 848//848
f 849//849 841//841 662//662
f 662//662 679//679 849//849
f 849//849 679//679 680//680
f 849//849 680//680 850//850
f 680//680 678//678 850//850
f 850//850 678//678 677//677
f 850//850 677//677 851//851
f 677//677 676//676 851//851
f 851//851 676//676 675//675
f 851//851 675//675 852//852
f 852//852 675//675 674//674
f 852//852 674//674 853//853
f 674//674 673//673 853//853
f 853//853 673//673 672//672
f 853//853 672//672 854//854
f 669//669 848//848 670//670
f 670//670 848//848 854//854
f 670//670 854//854 671//671
f 671//671 854//854 672//672
f 855//855 856//856 857//857
f 855//855 857//857 858//858
f 858//858 857//857 859//859
f 858//858 859//859 860//860
f 860//860 859//859 861//861
f 860//860 861//861 862//862
f 862//862 861//861 863//863
f 862//862 863//863 864//864
f 865//865 866//866 867//867
f 868//868 869//869 866//866
f 862//862 864//864 869//869
f 869//869 868//868 862//862
f 862//862 868//868 870//870
f 862//862 870//870 860//860
f 860//860 870//870 871//871
f 860//860 871//871 858//858
f 858//858 871//871 872//872
f 858//858 872//872 855//855
f 866//866 865//865 868//868
f 868//868 865//865 873//873
f 868//868 873//873 870//870
f 870//870 873//873 874//874
f 870//870 874//874 871//871
f 871//871 874//874 875//875
f 871//871 875//875 872//872
f 867//867 876//876 865//865
f 865//865 876//876 877//877
f 865//865 877//877 873//873
f 873//873 877//877 878//878
f 873//873 878//878 874//874
f 874//874 878//878 879//879
f 874//874 879//879 875//875
f 880//880 881//881 882//882
f 882//882 881//881 883//883
f 882//882 883//883 884//884
f 884//884 883//883 885//885
f 884//884 885//885 886//886
f 886//886 885//885 887//887
f 886//886 887//887 888//888
f 888//888 887//887 889//889
f 890//890 891//891 863//863
f 892//892 893//893 891//891
f 886//886 888//888 893//893
f 893//893 892//892 886//886
f 886//886 892//892 894//894
f 886//886 894//894 884//884
f 884//884 894//894 895//895
f 884//884 895//895 882//882
f 882//882 895//895 896//896
f 882//882 896//896 880//880
f 891//891 890//890 892//892
f 892//892 890//890 897//897
f 892//892 897//897 894//894
f 894//894 897//897 898//898
f 894//894 898//898 895//895
f 895//895 898//898 899//899
f 895//895 899//899 896//896
f 863//863 861//861 890//890
f 890//890 861//861 859//859
f 890//890 859//859 897//897
f 897//897 859//859 857//857
f 897//897 857//857 898//898
f 898//898 857//857 856//856
f 898//898 856//856 899//899
f 900//900 901//901 681//681
f 681//681 901//901 682//682
f 902//902 685//685 684//684
f 902//902 684//684 903//903
f 903//903 684//684 683//683
f 903//903 683//683 904//904
f 904//904 683//683 682//682
f 904//904 682//682 901//901
f 902//902 905//905 685//685
f 685//685 905//905 686//686
f 906//906 689//689 688//688
f 906//906 688//688 907//907
f 907//907 688//688 687//687
f 907//907 687//687 908//908
f 908//908 687//687 686//686
f 908//908 686//686 905//905
f 906//906 909//909 689//689
f 689//689 909//909 690//690
f 910//910 693//693 692//692
f 910//910 692//692 911//911
f 911//911 692//692 691//691
f 911//911 691//691 912//912
f 912//912 691//691 690//690
f 912//912 690//690 909//909
f 694//694 693//693 913//913
f 913//913 693//693 910//910
f 914//914 697//697 696//696
f 914//914 696//696 915//915
f 915//915 696//696 695//695
f 915//915 695//695 916//916
f 916//916 695//695 694//694
f 916//916 694//694 913//913
f 698//698 697//697 917//917
f 917//917 697//697 914//914
f 918//918 701//701 700//700
f 918//918 700//700 919//919
f 919//919 700//700 699//699
f 919//919 699//699 920//920
f 920//920 699//699 698//698
f 920//920 698//698 917//917
f 702//702 701//701 921//921
f 921//921 701//701 918//918
f 900//900 681//681 704//704
f 900//900 704//704 922//922
f 922//922 704//704 703//703
f 922//922 703//703 923//923
f 923//923 703//703 702//702
f 923//923 702//702 921//921
f 924//924 879//879 925//925
f 925//925 879//879 878//878
f 925//925 878//878 926//926
f 926//926 878//878 877//877
f 926//926 877//877 927//927
f 927//927 877//877 876//876
f 927//927 876//876 928//928
f 928//928 876//876 867//867
f 929//929 855//855 930//930
f 930//930 855//855 872//872
f 930//930 872//872 931//931
f 875//875 879//879 932//932
f 932//932 933//933 875//875
f 875//875 933//933 934//934
f 875//875 934//934 872//872
f 872//872 934//934 935//935
f 872//872 935//935 931//931
f 856//856 855//855 936//936
f 936//936 855//855 929//929
f 937//937 880//880 938//938
f 938//938 880//880 896//896
f 938//938 896//896 939//939
f 939//939 896//896 940//940
f 940//940 896//896 899//899
f 940//940 899//899 941//941
f 856//856 936//936 899//899
f 899//899 936//936 942//942
f 899//899 942//942 941//941
f 881//881 880//880 943//943
f 943//943 880//880 937//937
f 944//944 945//945 946//946
f 947//947 944//944 948//948
f 881//881 947//947 949//949
f 881//881 949//949 883//883
f 883//883 949//949 950//950
f 883//883 950//950 885//885
f 885//885 950//950 951//951
f 885//885 951//951 887//887
f 887//887 951//951 952//952
f 887//887 952//952 889//889
f 947//947 948//948 949//949
f 949//949 948//948 953//953
f 949//949 953//953 950//950
f 950//950 953//953 954//954
f 950//950 954//954 951//951
f 951//951 954//954 955//955
f 951//951 955//955 952//952
f 944//944 946//946 948//948
f 948//948 946//946 956//956
f 948//948 956//956 953//953
f 953//953 956//956 957//957
f 953//953 957//957 954//954
f 954//954 957//957 958//958
f 954//954 958//958 955//955
f 818//818 817//817 959//959
f 797//797 798//798 960//960
f 803//803 804//804 961//961
f 809//809 962//962 963//963
f 964//964 965//965 966//966
f 967//967 968//968 969//969
f 970//970 971//971 972//972
f 972//972 971//971 973//973
f 974//974 975//975 976//976
f 977//977 978//978 979//979
f 980//980 981//981 982//982
f 780//780 983//983 781//781
f 781//781 983//983 782//782
f 782//782 983//983 770//770
f 770//770 983//983 984//984
f 770//770 984//984 771//771
f 780//780 779//779 985//985
f 985//985 779//779 778//778
f 985//985 778//778 986//986
f 986//986 778//778 777//777
f 986//986 777//777 987//987
f 777//777 776//776 987//987
f 987//987 776//776 775//775
f 987//987 775//775 774//774
f 774//774 773//773 984//984
f 984//984 773//773 772//772
f 984//984 772//772 771//771
f 774//774 984//984 987//987
f 987//987 984//984 988//988
f 987//987 988//988 989//989
f 989//989 988//988 990//990
f 989//989 990//990 991//991
f 981//981 980//980 990//990
f 990//990 980//980 992//992
f 990//990 992//992 991//991
f 993//993 994//994 977//977
f 995//995 749//749 996//996
f 996//996 749//749 748//748
f 996//996 748//748 997//997
f 748//748 747//747 997//997
f 997//997 747//747 746//746
f 997//997 746//746 745//745
f 976//976 975//975 998//998
f 998//998 975//975 999//999
f 998//998 999//999 973//973
f 1000//1000 1001//1001 1002//1002
f 1003//1003 1004//1004 1005//1005
f 1005//1005 1004//1004 1006//1006
f 1003//1003 1005//1005 1007//1007
f 1007//1007 1005//1005 1008//1008
f 1007//1007 1008//1008 1009//1009
f 1009//1009 1008//1008 1010//1010
f 1009//1009 1010//1010 1011//1011
f 1012//1012 741//741 1013//1013
f 1013//1013 741//741 740//740
f 1013//1013 740//740 1014//1014
f 1014//1014 740//740 739//739
f 1014//1014 739//739 738//738
f 961//961 738//738 737//737
f 734//734 733//733 1010//1010
f 1010//1010 733//733 732//732
f 1010//1010 732//732 1011//1011
f 1011//1011 732//732 731//731
f 1011//1011 731//731 1015//1015
f 1015//1015 731//731 743//743
f 1015//1015 743//743 1012//1012
f 1012//1012 743//743 742//742
f 1012//1012 742//742 741//741
f 737//737 736//736 961//961
f 961//961 736//736 735//735
f 961//961 735//735 734//734
f 738//738 961//961 1014//1014
f 1014//1014 961//961 1016//1016
f 1014//1014 1016//1016 1017//1017
f 757//757 769//769 1018//1018
f 1018//1018 769//769 768//768
f 1018//1018 768//768 767//767
f 763//763 964//964 764//764
f 764//764 964//964 1019//1019
f 764//764 1019//1019 765//765
f 765//765 1019//1019 1020//1020
f 765//765 1020//1020 766//766
f 759//759 758//758 965//965
f 967//967 969//969 1021//1021
f 1021//1021 969//969 1018//1018
f 1021//1021 1018//1018 1020//1020
f 1020//1020 1018//1018 767//767
f 1020//1020 767//767 766//766
f 763//763 762//762 964//964
f 964//964 762//762 761//761
f 964//964 761//761 965//965
f 965//965 761//761 760//760
f 965//965 760//760 759//759
f 780//780 985//985 983//983
f 983//983 985//985 1022//1022
f 983//983 1022//1022 966//966
f 966//966 1022//1022 1023//1023
f 966//966 1023//1023 964//964
f 814//814 1024//1024 813//813
f 813//813 1024//1024 1025//1025
f 813//813 1025//1025 812//812
f 1026//1026 846//846 816//816
f 816//816 846//846 845//845
f 816//816 845//845 815//815
f 850//850 851//851 979//979
f 977//977 979//979 993//993
f 993//993 979//979 851//851
f 993//993 851//851 852//852
f 852//852 853//853 993//993
f 993//993 853//853 854//854
f 993//993 854//854 1027//1027
f 1027//1027 854//854 848//848
f 1027//1027 848//848 1026//1026
f 1026//1026 848//848 847//847
f 1026//1026 847//847 846//846
f 815//815 845//845 814//814
f 814//814 845//845 844//844
f 814//814 844//844 1024//1024
f 1024//1024 844//844 843//843
f 1024//1024 843//843 1028//1028
f 1028//1028 843//843 842//842
f 1028//1028 842//842 1029//1029
f 1029//1029 842//842 841//841
f 1029//1029 841//841 979//979
f 979//979 841//841 849//849
f 979//979 849//849 850//850
f 1030//1030 829//829 1031//1031
f 1031//1031 829//829 828//828
f 1031//1031 828//828 1032//1032
f 1032//1032 828//828 840//840
f 1032//1032 840//840 839//839
f 835//835 806//806 1033//1033
f 1033//1033 806//806 805//805
f 1033//1033 805//805 811//811
f 804//804 806//806 961//961
f 961//961 806//806 835//835
f 961//961 835//835 1016//1016
f 1016//1016 835//835 834//834
f 1016//1016 834//834 1017//1017
f 1017//1017 834//834 833//833
f 1017//1017 833//833 1034//1034
f 1034//1034 833//833 832//832
f 1034//1034 832//832 1035//1035
f 1035//1035 832//832 831//831
f 1035//1035 831//831 1030//1030
f 1030//1030 831//831 830//830
f 1030//1030 830//830 829//829
f 963//963 1032//1032 809//809
f 809//809 1032//1032 839//839
f 809//809 839//839 810//810
f 810//810 839//839 838//838
f 810//810 838//838 811//811
f 811//811 838//838 837//837
f 811//811 837//837 1033//1033
f 1033//1033 837//837 836//836
f 1033//1033 836//836 835//835
f 808//808 807//807 1036//1036
f 1036//1036 807//807 1037//1037
f 734//734 1010//1010 961//961
f 961//961 1010//1010 802//802
f 961//961 802//802 803//803
f 797//797 960//960 796//796
f 824//824 1038//1038 825//825
f 825//825 1038//1038 1039//1039
f 825//825 1039//1039 826//826
f 827//827 1040//1040 820//820
f 820//820 1040//1040 1041//1041
f 820//820 1041//1041 821//821
f 821//821 1041//1041 1042//1042
f 821//821 1042//1042 822//822
f 822//822 1042//1042 959//959
f 822//822 959//959 823//823
f 823//823 959//959 817//817
f 785//785 784//784 960//960
f 824//824 796//796 1038//1038
f 1038//1038 796//796 960//960
f 1038//1038 960//960 783//783
f 783//783 960//960 784//784
f 783//783 791//791 1038//1038
f 1038//1038 791//791 792//792
f 1038//1038 792//792 1043//1043
f 1043//1043 792//792 793//793
f 1043//1043 793//793 794//794
f 756//756 1042//1042 744//744
f 744//744 1042//1042 1044//1044
f 744//744 1044//1044 745//745
f 745//745 1044//1044 1045//1045
f 745//745 1045//1045 997//997
f 753//753 959//959 754//754
f 754//754 959//959 1042//1042
f 754//754 1042//1042 755//755
f 755//755 1042//1042 756//756
f 753//753 752//752 959//959
f 959//959 752//752 751//751
f 959//959 751//751 995//995
f 995//995 751//751 750//750
f 995//995 750//750 749//749
f 1046//1046 718//718 1047//1047
f 1047//1047 718//718 730//730
f 727//727 1048//1048 728//728
f 728//728 1048//1048 1047//1047
f 728//728 1047//1047 729//729
f 729//729 1047//1047 730//730
f 727//727 726//726 1048//1048
f 1048//1048 726//726 725//725
f 1048//1048 725//725 1049//1049
f 1049//1049 725//725 724//724
f 1050//1050 1001//1001 1046//1046
f 1046//1046 1001//1001 1000//1000
f 1046//1046 1000//1000 718//718
f 718//718 1000//1000 1051//1051
f 718//718 1051//1051 719//719
f 719//719 1051//1051 720//720
f 724//724 723//723 1049//1049
f 1049//1049 723//723 722//722
f 1049//1049 722//722 1051//1051
f 1051//1051 722//722 721//721
f 1051//1051 721//721 720//720
f 968//968 1052//1052 969//969
f 969//969 1052//1052 1053//1053
f 969//969 1053//1053 1018//1018
f 1018//1018 1053//1053 1054//1054
f 1018//1018 1054//1054 757//757
f 757//757 1054//1054 1055//1055
f 1050//1050 1046//1046 1006//1006
f 1006//1006 1046//1046 1047//1047
f 1006//1006 1047//1047 1005//1005
f 1005//1005 1047//1047 1048//1048
f 1005//1005 1048//1048 1008//1008
f 1008//1008 1048//1048 1056//1056
f 1008//1008 1056//1056 1010//1010
f 1010//1010 1056//1056 801//801
f 1010//1010 801//801 802//802
f 1052//1052 1030//1030 1053//1053
f 1053//1053 1030//1030 1031//1031
f 1053//1053 1031//1031 1054//1054
f 1054//1054 1031//1031 1032//1032
f 1054//1054 1032//1032 1055//1055
f 1055//1055 1032//1032 963//963
f 1055//1055 963//963 1036//1036
f 1036//1036 963//963 962//962
f 1036//1036 962//962 808//808
f 808//808 962//962 809//809
f 1002//1002 1057//1057 1000//1000
f 1000//1000 1057//1057 1058//1058
f 1000//1000 1058//1058 1051//1051
f 1051//1051 1058//1058 960//960
f 1051//1051 960//960 1049//1049
f 1049//1049 960//960 798//798
f 1049//1049 798//798 1048//1048
f 1048//1048 798//798 799//799
f 1048//1048 799//799 1056//1056
f 1056//1056 799//799 800//800
f 1056//1056 800//800 801//801
f 714//714 1038//1038 715//715
f 715//715 1038//1038 1043//1043
f 715//715 1043//1043 716//716
f 716//716 1043//1043 717//717
f 717//717 1043//1043 705//705
f 705//705 1043//1043 1059//1059
f 705//705 1059//1059 706//706
f 714//714 713//713 1038//1038
f 1038//1038 713//713 712//712
f 1038//1038 712//712 1039//1039
f 1039//1039 712//712 711//711
f 1039//1039 711//711 710//710
f 709//709 708//708 1059//1059
f 1059//1059 708//708 707//707
f 1059//1059 707//707 706//706
f 710//710 709//709 1039//1039
f 1039//1039 709//709 1059//1059
f 1039//1039 1059//1059 1060//1060
f 1060//1060 1059//1059 1061//1061
f 1060//1060 1061//1061 999//999
f 794//794 795//795 1043//1043
f 1043//1043 795//795 1062//1062
f 1043//1043 1062//1062 1059//1059
f 1059//1059 1062//1062 1063//1063
f 1059//1059 1063//1063 1061//1061
f 1061//1061 1063//1063 1064//1064
f 973//973 999//999 972//972
f 972//972 999//999 1061//1061
f 972//972 1061//1061 970//970
f 970//970 1061//1061 1064//1064
f 970//970 1064//1064 1065//1065
f 1065//1065 1064//1064 1063//1063
f 1065//1065 1063//1063 1066//1066
f 1066//1066 1063//1063 1062//1062
f 1066//1066 1062//1062 1067//1067
f 1067//1067 1062//1062 795//795
f 1067//1067 795//795 1068//1068
f 1068//1068 795//795 790//790
f 1068//1068 790//790 1002//1002
f 1002//1002 790//790 789//789
f 1002//1002 789//789 1057//1057
f 1057//1057 789//789 788//788
f 1057//1057 788//788 1058//1058
f 1058//1058 788//788 787//787
f 1058//1058 787//787 960//960
f 960//960 787//787 786//786
f 960//960 786//786 785//785
f 758//758 757//757 965//965
f 965//965 757//757 1055//1055
f 965//965 1055//1055 966//966
f 966//966 1055//1055 1036//1036
f 966//966 1036//1036 983//983
f 983//983 1036//1036 1037//1037
f 983//983 1037//1037 984//984
f 984//984 1037//1037 1069//1069
f 984//984 1069//1069 988//988
f 988//988 1069//1069 1070//1070
f 988//988 1070//1070 990//990
f 990//990 1070//1070 1071//1071
f 990//990 1071//1071 981//981
f 981//981 1071//1071 1072//1072
f 981//981 1072//1072 982//982
f 982//982 1072//1072 1073//1073
f 807//807 812//812 1037//1037
f 1037//1037 812//812 1025//1025
f 1037//1037 1025//1025 1069//1069
f 1069//1069 1025//1025 1024//1024
f 1069//1069 1024//1024 1070//1070
f 1070//1070 1024//1024 1028//1028
f 1070//1070 1028//1028 1071//1071
f 1071//1071 1028//1028 1029//1029
f 1071//1071 1029//1029 1072//1072
f 1072//1072 1029//1029 979//979
f 1072//1072 979//979 1073//1073
f 1073//1073 979//979 978//978
f 816//816 819//819 1026//1026
f 1026//1026 819//819 818//818
f 1026//1026 818//818 1027//1027
f 1027//1027 818//818 959//959
f 1027//1027 959//959 993//993
f 993//993 959//959 995//995
f 993//993 995//995 994//994
f 994//994 995//995 996//996
f 827//827 826//826 1040//1040
f 1040//1040 826//826 1039//1039
f 1040//1040 1039//1039 1041//1041
f 1041//1041 1039//1039 1060//1060
f 1041//1041 1060//1060 1042//1042
f 1042//1042 1060//1060 999//999
f 1042//1042 999//999 1044//1044
f 1044//1044 999//999 975//975
f 1044//1044 975//975 1045//1045
f 1045//1045 975//975 974//974
f 867//867 866//866 900//900
f 866//866 869//869 900//900
f 900//900 869//869 864//864
f 900//900 864//864 901//901
f 901//901 864//864 863//863
f 901//901 863//863 891//891
f 1074//1074 1075//1075 902//902
f 1076//1076 1077//1077 906//906
f 1077//1077 1078//1078 906//906
f 906//906 1078//1078 1079//1079
f 906//906 1079//1079 909//909
f 909//909 1079//1079 1080//1080
f 909//909 1080//1080 1081//1081
f 1082//1082 913//913 1083//1083
f 1083//1083 913//913 910//910
f 1083//1083 910//910 1084//1084
f 1085//1085 917//917 1086//1086
f 1086//1086 917//917 914//914
f 1086//1086 914//914 1087//1087
f 1085//1085 1088//1088 917//917
f 917//917 1088//1088 1089//1089
f 917//917 1089//1089 920//920
f 920//920 1089//1089 1090//1090
f 920//920 1090//1090 919//919
f 919//919 1090//1090 1091//1091
f 919//919 1091//1091 918//918
f 918//918 1091//1091 1092//1092
f 952//952 955//955 889//889
f 889//889 955//955 958//958
f 889//889 958//958 888//888
f 888//888 958//958 901//901
f 888//888 901//901 893//893
f 893//893 901//901 891//891
f 1093//1093 1094//1094 910//910
f 910//910 1094//1094 1095//1095
f 910//910 1095//1095 1084//1084
f 1082//1082 1096//1096 913//913
f 913//913 1096//1096 1097//1097
f 913//913 1097//1097 916//916
f 916//916 1097//1097 1098//1098
f 916//916 1098//1098 915//915
f 915//915 1098//1098 1099//1099
f 915//915 1099//1099 914//914
f 914//914 1099//1099 1100//1100
f 914//914 1100//1100 1087//1087
f 1101//1101 921//921 1102//1102
f 1102//1102 921//921 918//918
f 1102//1102 918//918 1103//1103
f 1103//1103 918//918 1092//1092
f 958//958 1104//1104 901//901
f 901//901 1104//1104 1105//1105
f 901//901 1105//1105 904//904
f 904//904 1105//1105 1074//1074
f 904//904 1074//1074 903//903
f 903//903 1074//1074 902//902
f 1075//1075 1106//1106 902//902
f 902//902 1106//1106 1107//1107
f 902//902 1107//1107 905//905
f 905//905 1107//1107 1108//1108
f 905//905 1108//1108 1109//1109
f 1109//1109 1110//1110 905//905
f 905//905 1110//1110 1111//1111
f 905//905 1111//1111 908//908
f 908//908 1111//1111 1076//1076
f 908//908 1076//1076 907//907
f 907//907 1076//1076 906//906
f 1081//1081 1112//1112 909//909
f 909//909 1112//1112 1113//1113
f 909//909 1113//1113 912//912
f 912//912 1113//1113 1093//1093
f 912//912 1093//1093 911//911
f 911//911 1093//1093 910//910
f 1114//1114 1115//1115 1116//1116
f 1101//1101 1117//1117 921//921
f 921//921 1117//1117 1118//1118
f 921//921 1118//1118 923//923
f 923//923 1118//1118 1119//1119
f 923//923 1119//1119 922//922
f 922//922 1119//1119 1120//1120
f 922//922 1120//1120 900//900
f 900//900 1120//1120 1121//1121
f 900//900 1121//1121 867//867
f 867//867 1121//1121 1114//1114
f 867//867 1114//1114 928//928
f 928//928 1114//1114 1116//1116
f 1122//1122 924//924 925//925
f 1123//1123 1122//1122 1124//1124
f 1125//1125 1123//1123 1126//1126
f 1125//1125 1126//1126 1127//1127
f 1127//1127 1126//1126 1128//1128
f 1127//1127 1128//1128 1129//1129
f 1129//1129 1128//1128 1130//1130
f 1129//1129 1130//1130 1131//1131
f 1131//1131 1130//1130 1115//1115
f 1131//1131 1115//1115 1114//1114
f 1123//1123 1124//1124 1126//1126
f 1126//1126 1124//1124 1132//1132
f 1126//1126 1132//1132 1128//1128
f 1128//1128 1132//1132 1133//1133
f 1128//1128 1133//1133 1130//1130
f 1130//1130 1133//1133 1116//1116
f 1130//1130 1116//1116 1115//1115
f 1122//1122 925//925 1124//1124
f 1124//1124 925//925 926//926
f 1124//1124 926//926 1132//1132
f 1132//1132 926//926 927//927
f 1132//1132 927//927 1133//1133
f 1133//1133 927//927 928//928
f 1133//1133 928//928 1116//1116
f 879//879 924//924 932//932
f 932//932 924//924 1134//1134
f 932//932 1134//1134 1135//1135
f 1135//1135 1134//1134 1136//1136
f 1136//1136 1137//1137 1135//1135
f 1135//1135 1137//1137 1138//1138
f 1135//1135 1138//1138 1139//1139
f 1139//1139 1138//1138 1140//1140
f 1139//1139 1140//1140 1141//1141
f 1141//1141 1140//1140 1142//1142
f 1141//1141 1142//1142 1143//1143
f 931//931 935//935 1144//1144
f 934//934 933//933 1145//1145
f 1143//1143 1146//1146 1141//1141
f 1141//1141 1146//1146 1147//1147
f 1141//1141 1147//1147 1139//1139
f 933//933 932//932 1145//1145
f 1145//1145 932//932 1135//1135
f 1145//1145 1135//1135 1148//1148
f 1148//1148 1135//1135 1139//1139
f 1148//1148 1139//1139 1149//1149
f 1149//1149 1139//1139 1147//1147
f 935//935 934//934 1144//1144
f 1144//1144 934//934 1145//1145
f 1144//1144 1145//1145 1150//1150
f 1150//1150 1145//1145 1148//1148
f 1150//1150 1148//1148 1151//1151
f 1151//1151 1148//1148 1149//1149
f 1151//1151 1149//1149 1152//1152
f 1152//1152 1149//1149 1147//1147
f 1152//1152 1147//1147 1153//1153
f 1153//1153 1147//1147 1146//1146
f 930//930 931//931 1154//1154
f 1154//1154 931//931 1144//1144
f 1154//1154 1144//1144 1155//1155
f 1155//1155 1144//1144 1150//1150
f 1155//1155 1150//1150 1156//1156
f 1156//1156 1150//1150 1151//1151
f 1156//1156 1151//1151 1157//1157
f 1157//1157 1151//1151 1152//1152
f 1157//1157 1152//1152 1158//1158
f 1158//1158 1152//1152 1153//1153
f 929//929 930//930 1159//1159
f 1159//1159 930//930 1154//1154
f 1159//1159 1154//1154 1160//1160
f 1160//1160 1154//1154 1155//1155
f 1160//1160 1155//1155 1161//1161
f 1161//1161 1155//1155 1156//1156
f 1161//1161 1156//1156 1162//1162
f 1162//1162 1156//1156 1157//1157
f 1162//1162 1157//1157 1163//1163
f 1163//1163 1157//1157 1158//1158
f 936//936 929//929 1164//1164
f 1164//1164 929//929 1159//1159
f 1164//1164 1159//1159 1165//1165
f 1165//1165 1159//1159 1160//1160
f 1165//1165 1160//1160 1166//1166
f 1166//1166 1160//1160 1161//1161
f 1166//1166 1161//1161 1167//1167
f 1161//1161 1162//1162 1167//1167
f 1167//1167 1162//1162 1163//1163
f 1167//1167 1163//1163 1168//1168
f 939//939 940//940 1169//1169
f 941//941 942//942 1170//1170
f 1170//1170 942//942 936//936
f 1167//1167 1171//1171 1166//1166
f 1166//1166 1171//1171 1172//1172
f 1166//1166 1172//1172 1165//1165
f 1165//1165 1172//1172 1170//1170
f 1165//1165 1170//1170 1164//1164
f 1164//1164 1170//1170 936//936
f 1173//1173 1174//1174 1175//1175
f 940//940 941//941 1169//1169
f 1169//1169 941//941 1170//1170
f 1169//1169 1170//1170 1176//1176
f 1176//1176 1170//1170 1172//1172
f 1176//1176 1172//1172 1177//1177
f 1177//1177 1172//1172 1171//1171
f 938//938 939//939 1178//1178
f 1178//1178 939//939 1169//1169
f 1178//1178 1169//1169 1179//1179
f 1179//1179 1169//1169 1176//1176
f 1179//1179 1176//1176 1180//1180
f 1180//1180 1176//1176 1177//1177
f 1173//1173 1175//1175 1181//1181
f 1181//1181 1175//1175 1182//1182
f 1181//1181 1182//1182 1183//1183
f 1183//1183 1182//1182 1184//1184
f 1183//1183 1184//1184 1185//1185
f 937//937 938//938 1186//1186
f 1186//1186 938//938 1178//1178
f 1186//1186 1178//1178 1187//1187
f 1187//1187 1178//1178 1179//1179
f 1187//1187 1179//1179 1185//1185
f 1185//1185 1179//1179 1180//1180
f 1185//1185 1180//1180 1183//1183
f 1183//1183 1180//1180 1177//1177
f 1183//1183 1177//1177 1181//1181
f 1181//1181 1177//1177 1171//1171
f 1181//1181 1171//1171 1173//1173
f 1173//1173 1171//1171 1167//1167
f 1173//1173 1167//1167 1174//1174
f 1174//1174 1167//1167 1168//1168
f 943//943 937//937 1186//1186
f 943//943 1186//1186 1188//1188
f 1188//1188 1186//1186 1187//1187
f 1188//1188 1187//1187 1189//1189
f 1189//1189 1187//1187 1185//1185
f 1189//1189 1185//1185 1190//1190
f 1190//1190 1185//1185 1184//1184
f 1190//1190 1184//1184 1191//1191
f 1022//1022 1192//1192 1193//1193
f 1022//1022 1193//1193 1023//1023
f 1023//1023 1193//1193 1194//1194
f 1023//1023 1194//1194 964//964
f 964//964 1194//1194 1195//1195
f 964//964 1195//1195 1019//1019
f 1019//1019 1195//1195 1196//1196
f 1019//1019 1196//1196 1020//1020
f 1196//1196 1197//1197 1020//1020
f 1020//1020 1197//1197 1198//1198
f 1020//1020 1198//1198 1021//1021
f 1198//1198 1199//1199 1021//1021
f 1021//1021 1199//1199 1200//1200
f 1021//1021 1200//1200 967//967
f 967//967 1200//1200 1201//1201
f 967//967 1201//1201 968//968
f 968//968 1201//1201 1202//1202
f 968//968 1202//1202 1052//1052
f 1052//1052 1202//1202 1030//1030
f 1030//1030 1202//1202 1203//1203
f 1030//1030 1203//1203 1035//1035
f 1035//1035 1203//1203 1204//1204
f 1035//1035 1204//1204 1034//1034
f 1034//1034 1204//1204 1205//1205
f 1034//1034 1205//1205 1017//1017
f 1017//1017 1205//1205 1206//1206
f 1017//1017 1206//1206 1014//1014
f 1014//1014 1206//1206 1207//1207
f 1014//1014 1207//1207 1013//1013
f 1207//1207 1208//1208 1013//1013
f 1013//1013 1208//1208 1209//1209
f 1013//1013 1209//1209 1012//1012
f 1209//1209 1210//1210 1012//1012
f 1012//1012 1210//1210 1211//1211
f 1012//1012 1211//1211 1015//1015
f 1211//1211 1212//1212 1015//1015
f 1015//1015 1212//1212 1213//1213
f 1015//1015 1213//1213 1011//1011
f 1213//1213 1214//1214 1011//1011
f 1011//1011 1214//1214 1215//1215
f 1011//1011 1215//1215 1009//1009
f 1215//1215 1216//1216 1009//1009
f 1009//1009 1216//1216 1217//1217
f 1009//1009 1217//1217 1007//1007
f 1007//1007 1217//1217 1218//1218
f 1007//1007 1218//1218 1003//1003
f 1050//1050 1006//1006 1219//1219
f 1219//1219 1006//1006 1218//1218
f 1218//1218 1006//1006 1004//1004
f 1218//1218 1004//1004 1003//1003
f 1219//1219 1220//1220 1050//1050
f 1050//1050 1220//1220 1221//1221
f 1050//1050 1221//1221 1001//1001
f 1221//1221 1222//1222 1001//1001
f 1001//1001 1222//1222 1223//1223
f 1001//1001 1223//1223 1002//1002
f 1224//1224 1068//1068 1225//1225
f 1225//1225 1068//1068 1002//1002
f 1225//1225 1002//1002 1226//1226
f 1226//1226 1002//1002 1223//1223
f 1227//1227 1228//1228 1229//1229
f 1228//1228 1230//1230 1229//1229
f 1229//1229 1230//1230 1231//1231
f 1229//1229 1231//1231 1232//1232
f 1232//1232 1231//1231 1233//1233
f 1232//1232 1233//1233 1234//1234
f 1229//1229 1235//1235 1227//1227
f 1227//1227 1235//1235 1236//1236
f 1227//1227 1236//1236 1237//1237
f 1190//1190 1238//1238 1189//1189
f 1189//1189 1238//1238 1239//1239
f 1189//1189 1239//1239 1188//1188
f 1188//1188 1239//1239 1240//1240
f 1188//1188 1240//1240 943//943
f 1191//1191 1236//1236 1190//1190
f 1190//1190 1236//1236 1235//1235
f 1190//1190 1235//1235 1238//1238
f 1238//1238 1235//1235 1229//1229
f 1238//1238 1229//1229 1239//1239
f 1239//1239 1229//1229 1232//1232
f 1239//1239 1232//1232 1240//1240
f 1240//1240 1232//1232 1234//1234
f 1233//1233 945//945 944//944
f 1233//1233 944//944 1234//1234
f 1234//1234 944//944 947//947
f 1234//1234 947//947 1240//1240
f 1240//1240 947//947 881//881
f 1240//1240 881//881 943//943
f 1241//1241 1242//1242 1243//1243
f 1244//1244 1245//1245 1246//1246
f 1104//1104 958//958 957//957
f 1105//1105 1245//1245 1074//1074
f 1074//1074 1245//1245 1244//1244
f 1074//1074 1244//1244 1075//1075
f 1247//1247 1248//1248 1249//1249
f 1250//1250 1246//1246 1251//1251
f 1251//1251 1246//1246 1245//1245
f 1251//1251 1245//1245 1252//1252
f 1252//1252 1245//1245 1105//1105
f 1252//1252 1105//1105 1104//1104
f 1253//1253 1248//1248 1254//1254
f 1254//1254 1248//1248 1247//1247
f 1254//1254 1247//1247 1255//1255
f 1083//1083 1084//1084 1256//1256
f 1256//1256 1084//1084 1257//1257
f 1256//1256 1257//1257 1258//1258
f 1258//1258 1257//1257 1259//1259
f 1258//1258 1259//1259 1260//1260
f 1260//1260 1259//1259 1261//1261
f 1260//1260 1261//1261 1262//1262
f 1262//1262 1261//1261 1263//1263
f 1095//1095 1094//1094 1264//1264
f 1264//1264 1094//1094 1265//1265
f 1264//1264 1265//1265 1266//1266
f 1266//1266 1265//1265 1267//1267
f 1266//1266 1267//1267 1268//1268
f 1268//1268 1267//1267 1269//1269
f 1094//1094 1093//1093 1265//1265
f 1265//1265 1093//1093 1270//1270
f 1265//1265 1270//1270 1267//1267
f 1267//1267 1270//1270 1271//1271
f 1267//1267 1271//1271 1269//1269
f 1269//1269 1271//1271 1272//1272
f 1269//1269 1272//1272 1273//1273
f 1273//1273 1272//1272 1274//1274
f 1112//1112 1081//1081 1275//1275
f 1275//1275 1081//1081 1276//1276
f 1275//1275 1276//1276 1277//1277
f 1277//1277 1276//1276 1278//1278
f 1277//1277 1278//1278 1279//1279
f 1279//1279 1278//1278 1280//1280
f 1079//1079 1078//1078 1281//1281
f 1281//1281 1078//1078 1282//1282
f 1281//1281 1282//1282 1283//1283
f 1283//1283 1282//1282 1284//1284
f 1283//1283 1284//1284 1285//1285
f 1285//1285 1284//1284 1286//1286
f 1078//1078 1077//1077 1282//1282
f 1282//1282 1077//1077 1287//1287
f 1282//1282 1287//1287 1284//1284
f 1284//1284 1287//1287 1288//1288
f 1284//1284 1288//1288 1286//1286
f 1286//1286 1288//1288 1289//1289
f 1286//1286 1289//1289 1290//1290
f 1290//1290 1289//1289 1291//1291
f 1076//1076 1111//1111 1292//1292
f 1292//1292 1111//1111 1293//1293
f 1292//1292 1293//1293 1294//1294
f 1294//1294 1293//1293 1295//1295
f 1294//1294 1295//1295 1296//1296
f 1296//1296 1295//1295 1297//1297
f 1111//1111 1110//1110 1293//1293
f 1293//1293 1110//1110 1298//1298
f 1293//1293 1298//1298 1295//1295
f 1295//1295 1298//1298 1299//1299
f 1295//1295 1299//1299 1297//1297
f 1297//1297 1299//1299 1300//1300
f 1297//1297 1300//1300 1301//1301
f 1301//1301 1300//1300 1302//1302
f 1109//1109 1108//1108 1303//1303
f 1303//1303 1108//1108 1304//1304
f 1303//1303 1304//1304 1305//1305
f 1305//1305 1304//1304 1306//1306
f 1305//1305 1306//1306 1307//1307
f 1307//1307 1306//1306 1308//1308
f 1107//1107 1106//1106 1309//1309
f 1309//1309 1106//1106 1310//1310
f 1309//1309 1310//1310 1311//1311
f 1311//1311 1310//1310 1312//1312
f 1311//1311 1312//1312 1313//1313
f 1313//1313 1312//1312 1314//1314
f 1313//1313 1314//1314 1315//1315
f 1315//1315 1314//1314 1316//1316
f 1317//1317 1253//1253 1318//1318
f 1318//1318 1253//1253 1254//1254
f 1318//1318 1254//1254 1319//1319
f 1319//1319 1254//1254 1255//1255
f 1319//1319 1255//1255 1320//1320
f 1320//1320 1255//1255 1321//1321
f 1262//1262 1321//1321 1260//1260
f 1260//1260 1321//1321 1255//1255
f 1260//1260 1255//1255 1258//1258
f 1258//1258 1255//1255 1247//1247
f 1258//1258 1247//1247 1256//1256
f 1256//1256 1247//1247 1249//1249
f 1256//1256 1249//1249 1083//1083
f 1084//1084 1095//1095 1257//1257
f 1257//1257 1095//1095 1264//1264
f 1257//1257 1264//1264 1259//1259
f 1259//1259 1264//1264 1266//1266
f 1259//1259 1266//1266 1261//1261
f 1261//1261 1266//1266 1268//1268
f 1261//1261 1268//1268 1263//1263
f 1273//1273 1322//1322 1269//1269
f 1269//1269 1322//1322 1323//1323
f 1269//1269 1323//1323 1268//1268
f 1268//1268 1323//1323 1324//1324
f 1268//1268 1324//1324 1263//1263
f 1093//1093 1113//1113 1270//1270
f 1270//1270 1113//1113 1325//1325
f 1270//1270 1325//1325 1271//1271
f 1271//1271 1325//1325 1326//1326
f 1271//1271 1326//1326 1272//1272
f 1272//1272 1326//1326 1243//1243
f 1272//1272 1243//1243 1274//1274
f 1274//1274 1243//1243 1242//1242
f 1113//1113 1112//1112 1325//1325
f 1325//1325 1112//1112 1275//1275
f 1325//1325 1275//1275 1326//1326
f 1326//1326 1275//1275 1277//1277
f 1326//1326 1277//1277 1243//1243
f 1243//1243 1277//1277 1279//1279
f 1243//1243 1279//1279 1241//1241
f 1327//1327 1328//1328 1329//1329
f 1329//1329 1328//1328 1280//1280
f 1329//1329 1280//1280 1330//1330
f 1330//1330 1280//1280 1278//1278
f 1330//1330 1278//1278 1331//1331
f 1331//1331 1278//1278 1276//1276
f 1331//1331 1276//1276 1080//1080
f 1080//1080 1276//1276 1081//1081
f 1328//1328 1332//1332 1280//1280
f 1280//1280 1332//1332 1333//1333
f 1280//1280 1333//1333 1279//1279
f 1279//1279 1333//1333 1334//1334
f 1279//1279 1334//1334 1241//1241
f 1080//1080 1079//1079 1331//1331
f 1331//1331 1079//1079 1281//1281
f 1331//1331 1281//1281 1330//1330
f 1330//1330 1281//1281 1283//1283
f 1330//1330 1283//1283 1329//1329
f 1329//1329 1283//1283 1285//1285
f 1329//1329 1285//1285 1327//1327
f 1290//1290 1335//1335 1286//1286
f 1286//1286 1335//1335 1336//1336
f 1286//1286 1336//1336 1285//1285
f 1285//1285 1336//1336 1337//1337
f 1285//1285 1337//1337 1327//1327
f 1077//1077 1076//1076 1287//1287
f 1287//1287 1076//1076 1292//1292
f 1287//1287 1292//1292 1288//1288
f 1288//1288 1292//1292 1294//1294
f 1288//1288 1294//1294 1289//1289
f 1289//1289 1294//1294 1296//1296
f 1289//1289 1296//1296 1291//1291
f 1301//1301 1338//1338 1297//1297
f 1297//1297 1338//1338 1339//1339
f 1297//1297 1339//1339 1296//1296
f 1296//1296 1339//1339 1340//1340
f 1296//1296 1340//1340 1291//1291
f 1110//1110 1109//1109 1298//1298
f 1298//1298 1109//1109 1303//1303
f 1298//1298 1303//1303 1299//1299
f 1299//1299 1303//1303 1305//1305
f 1299//1299 1305//1305 1300//1300
f 1300//1300 1305//1305 1307//1307
f 1300//1300 1307//1307 1302//1302
f 1341//1341 1342//1342 1308//1308
f 1308//1308 1342//1342 1343//1343
f 1308//1308 1343//1343 1307//1307
f 1307//1307 1343//1343 1344//1344
f 1307//1307 1344//1344 1302//1302
f 1108//1108 1107//1107 1304//1304
f 1304//1304 1107//1107 1309//1309
f 1304//1304 1309//1309 1306//1306
f 1306//1306 1309//1309 1311//1311
f 1306//1306 1311//1311 1308//1308
f 1308//1308 1311//1311 1313//1313
f 1308//1308 1313//1313 1341//1341
f 1341//1341 1313//1313 1315//1315
f 1106//1106 1075//1075 1310//1310
f 1310//1310 1075//1075 1244//1244
f 1310//1310 1244//1244 1312//1312
f 1312//1312 1244//1244 1246//1246
f 1312//1312 1246//1246 1314//1314
f 1314//1314 1246//1246 1250//1250
f 1314//1314 1250//1250 1316//1316
f 1316//1316 1250//1250 1345//1345
f 946//946 945//945 1346//1346
f 1104//1104 957//957 1252//1252
f 1252//1252 957//957 956//956
f 1252//1252 956//956 1251//1251
f 1251//1251 956//956 946//946
f 1251//1251 946//946 1250//1250
f 1250//1250 946//946 1346//1346
f 1250//1250 1346//1346 1345//1345
f 1068//1068 1224//1224 1347//1347
f 1068//1068 1347//1347 1067//1067
f 1347//1347 1348//1348 1067//1067
f 1067//1067 1348//1348 1349//1349
f 1067//1067 1349//1349 1066//1066
f 1349//1349 1350//1350 1066//1066
f 1066//1066 1350//1350 1351//1351
f 1066//1066 1351//1351 1065//1065
f 1065//1065 1351//1351 1352//1352
f 1065//1065 1352//1352 970//970
f 970//970 1352//1352 1353//1353
f 970//970 1353//1353 971//971
f 971//971 1353//1353 1354//1354
f 971//971 1354//1354 973//973
f 973//973 1354//1354 998//998
f 998//998 1354//1354 1355//1355
f 998//998 1355//1355 976//976
f 1355//1355 1356//1356 976//976
f 976//976 1356//1356 1357//1357
f 976//976 1357//1357 974//974
f 1357//1357 1358//1358 974//974
f 974//974 1358//1358 1359//1359
f 974//974 1359//1359 1045//1045
f 1359//1359 1360//1360 1045//1045
f 1045//1045 1360//1360 1361//1361
f 1045//1045 1361//1361 997//997
f 1362//1362 996//996 1363//1363
f 1363//1363 996//996 997//997
f 1363//1363 997//997 1364//1364
f 1364//1364 997//997 1361//1361
f 1362//1362 1365//1365 996//996
f 996//996 1365//1365 1366//1366
f 996//996 1366//1366 994//994
f 1366//1366 1367//1367 994//994
f 994//994 1367//1367 1368//1368
f 994//994 1368//1368 977//977
f 977//977 1368//1368 1369//1369
f 977//977 1369//1369 978//978
f 978//978 1369//1369 1073//1073
f 1073//1073 1369//1369 1370//1370
f 1073//1073 1370//1370 982//982
f 982//982 1370//1370 980//980
f 980//980 1370//1370 1371//1371
f 980//980 1371//1371 992//992
f 992//992 1371//1371 1372//1372
f 992//992 1372//1372 991//991
f 1373//1373 989//989 1374//1374
f 1374//1374 989//989 991//991
f 1374//1374 991//991 1375//1375
f 1375//1375 991//991 1372//1372
f 1376//1376 986//986 1373//1373
f 1373//1373 986//986 987//987
f 1373//1373 987//987 989//989
f 1376//1376 1377//1377 986//986
f 986//986 1377//1377 1378//1378
f 986//986 1378//1378 985//985
f 1378//1378 1379//1379 985//985
f 985//985 1379//1379 1192//1192
f 985//985 1192//1192 1022//1022
f 1380//1380 1253//1253 1317//1317
f 1381//1381 1382//1382 1383//1383
f 1384//1384 1385//1385 1386//1386
f 1387//1387 1388//1388 1389//1389
f 1091//1091 1090//1090 1390//1390
f 1092//1092 1091//1091 1391//1391
f 1103//1103 1092//1092 1392//1392
f 1102//1102 1388//1388 1101//1101
f 1101//1101 1388//1388 1387//1387
f 1101//1101 1387//1387 1117//1117
f 1100//1100 1385//1385 1087//1087
f 1087//1087 1385//1385 1384//1384
f 1087//1087 1384//1384 1086//1086
f 1083//1083 1249//1249 1082//1082
f 1082//1082 1249//1249 1393//1393
f 1082//1082 1393//1393 1096//1096
f 1096//1096 1393//1393 1394//1394
f 1096//1096 1394//1394 1097//1097
f 1097//1097 1394//1394 1395//1395
f 1097//1097 1395//1395 1098//1098
f 1098//1098 1395//1395 1396//1396
f 1098//1098 1396//1396 1099//1099
f 1397//1397 1389//1389 1398//1398
f 1398//1398 1389//1389 1388//1388
f 1398//1398 1388//1388 1399//1399
f 1399//1399 1388//1388 1102//1102
f 1399//1399 1102//1102 1103//1103
f 1400//1400 1386//1386 1401//1401
f 1401//1401 1386//1386 1385//1385
f 1401//1401 1385//1385 1402//1402
f 1402//1402 1385//1385 1100//1100
f 1402//1402 1100//1100 1099//1099
f 1249//1249 1248//1248 1393//1393
f 1393//1393 1248//1248 1403//1403
f 1393//1393 1403//1403 1394//1394
f 1394//1394 1403//1403 1404//1404
f 1394//1394 1404//1404 1395//1395
f 1395//1395 1404//1404 1405//1405
f 1395//1395 1405//1405 1396//1396
f 1396//1396 1405//1405 1406//1406
f 1407//1407 1408//1408 1409//1409
f 1114//1114 1121//1121 1410//1410
f 1410//1410 1121//1121 1411//1411
f 1410//1410 1411//1411 1412//1412
f 1412//1412 1411//1411 1413//1413
f 1412//1412 1413//1413 1414//1414
f 1414//1414 1413//1413 1415//1415
f 1414//1414 1415//1415 1416//1416
f 1416//1416 1415//1415 1417//1417
f 1120//1120 1119//1119 1418//1418
f 1418//1418 1119//1119 1419//1419
f 1418//1418 1419//1419 1420//1420
f 1420//1420 1419//1419 1421//1421
f 1420//1420 1421//1421 1422//1422
f 1422//1422 1421//1421 1423//1423
f 1119//1119 1118//1118 1419//1419
f 1419//1419 1118//1118 1424//1424
f 1419//1419 1424//1424 1421//1421
f 1421//1421 1424//1424 1425//1425
f 1421//1421 1425//1425 1423//1423
f 1423//1423 1425//1425 1426//1426
f 1423//1423 1426//1426 1427//1427
f 1427//1427 1426//1426 1428//1428
f 1429//1429 1430//1430 1431//1431
f 1432//1432 1433//1433 1434//1434
f 1434//1434 1433//1433 1429//1429
f 1434//1434 1429//1429 1435//1435
f 1435//1435 1429//1429 1431//1431
f 1435//1435 1431//1431 1436//1436
f 1089//1089 1088//1088 1437//1437
f 1437//1437 1088//1088 1438//1438
f 1437//1437 1438//1438 1439//1439
f 1439//1439 1438//1438 1440//1440
f 1439//1439 1440//1440 1441//1441
f 1441//1441 1440//1440 1442//1442
f 1088//1088 1085//1085 1438//1438
f 1438//1438 1085//1085 1443//1443
f 1438//1438 1443//1443 1440//1440
f 1440//1440 1443//1443 1444//1444
f 1440//1440 1444//1444 1442//1442
f 1442//1442 1444//1444 1445//1445
f 1442//1442 1445//1445 1446//1446
f 1446//1446 1445//1445 1447//1447
f 1248//1248 1253//1253 1403//1403
f 1403//1403 1253//1253 1380//1380
f 1403//1403 1380//1380 1404//1404
f 1404//1404 1380//1380 1448//1448
f 1404//1404 1448//1448 1405//1405
f 1405//1405 1448//1448 1449//1449
f 1405//1405 1449//1449 1406//1406
f 1406//1406 1449//1449 1450//1450
f 1131//1131 1409//1409 1129//1129
f 1129//1129 1409//1409 1408//1408
f 1129//1129 1408//1408 1127//1127
f 1127//1127 1408//1408 1451//1451
f 1127//1127 1451//1451 1125//1125
f 1452//1452 1453//1453 1407//1407
f 1407//1407 1453//1453 1454//1454
f 1407//1407 1454//1454 1408//1408
f 1408//1408 1454//1454 1455//1455
f 1408//1408 1455//1455 1451//1451
f 1416//1416 1452//1452 1414//1414
f 1414//1414 1452//1452 1407//1407
f 1414//1414 1407//1407 1412//1412
f 1412//1412 1407//1407 1409//1409
f 1412//1412 1409//1409 1410//1410
f 1410//1410 1409//1409 1131//1131
f 1410//1410 1131//1131 1114//1114
f 1121//1121 1120//1120 1411//1411
f 1411//1411 1120//1120 1418//1418
f 1411//1411 1418//1418 1413//1413
f 1413//1413 1418//1418 1420//1420
f 1413//1413 1420//1420 1415//1415
f 1415//1415 1420//1420 1422//1422
f 1415//1415 1422//1422 1417//1417
f 1427//1427 1456//1456 1423//1423
f 1423//1423 1456//1456 1457//1457
f 1423//1423 1457//1457 1422//1422
f 1422//1422 1457//1457 1458//1458
f 1422//1422 1458//1458 1417//1417
f 1118//1118 1117//1117 1424//1424
f 1424//1424 1117//1117 1387//1387
f 1424//1424 1387//1387 1425//1425
f 1425//1425 1387//1387 1389//1389
f 1425//1425 1389//1389 1426//1426
f 1426//1426 1389//1389 1397//1397
f 1426//1426 1397//1397 1428//1428
f 1428//1428 1397//1397 1459//1459
f 1460//1460 1461//1461 1462//1462
f 1103//1103 1392//1392 1399//1399
f 1399//1399 1392//1392 1463//1463
f 1399//1399 1463//1463 1398//1398
f 1398//1398 1463//1463 1460//1460
f 1398//1398 1460//1460 1397//1397
f 1397//1397 1460//1460 1462//1462
f 1397//1397 1462//1462 1459//1459
f 1092//1092 1391//1391 1392//1392
f 1392//1392 1391//1391 1464//1464
f 1392//1392 1464//1464 1463//1463
f 1463//1463 1464//1464 1383//1383
f 1463//1463 1383//1383 1460//1460
f 1460//1460 1383//1383 1382//1382
f 1460//1460 1382//1382 1461//1461
f 1091//1091 1390//1390 1391//1391
f 1391//1391 1390//1390 1465//1465
f 1391//1391 1465//1465 1464//1464
f 1464//1464 1465//1465 1466//1466
f 1464//1464 1466//1466 1383//1383
f 1383//1383 1466//1466 1467//1467
f 1383//1383 1467//1467 1381//1381
f 1090//1090 1436//1436 1390//1390
f 1390//1390 1436//1436 1431//1431
f 1390//1390 1431//1431 1465//1465
f 1465//1465 1431//1431 1430//1430
f 1465//1465 1430//1430 1466//1466
f 1466//1466 1430//1430 1468//1468
f 1466//1466 1468//1468 1467//1467
f 1433//1433 1469//1469 1429//1429
f 1429//1429 1469//1469 1470//1470
f 1429//1429 1470//1470 1430//1430
f 1430//1430 1470//1470 1471//1471
f 1430//1430 1471//1471 1468//1468
f 1090//1090 1089//1089 1436//1436
f 1436//1436 1089//1089 1437//1437
f 1436//1436 1437//1437 1435//1435
f 1435//1435 1437//1437 1439//1439
f 1435//1435 1439//1439 1434//1434
f 1434//1434 1439//1439 1441//1441
f 1434//1434 1441//1441 1432//1432
f 1446//1446 1472//1472 1442//1442
f 1442//1442 1472//1472 1473//1473
f 1442//1442 1473//1473 1441//1441
f 1441//1441 1473//1473 1474//1474
f 1441//1441 1474//1474 1432//1432
f 1085//1085 1086//1086 1443//1443
f 1443//1443 1086//1086 1384//1384
f 1443//1443 1384//1384 1444//1444
f 1444//1444 1384//1384 1386//1386
f 1444//1444 1386//1386 1445//1445
f 1445//1445 1386//1386 1400//1400
f 1445//1445 1400//1400 1447//1447
f 1447//1447 1400//1400 1475//1475
f 1099//1099 1396//1396 1402//1402
f 1402//1402 1396//1396 1406//1406
f 1402//1402 1406//1406 1401//1401
f 1401//1401 1406//1406 1450//1450
f 1401//1401 1450//1450 1400//1400
f 1400//1400 1450//1450 1476//1476
f 1400//1400 1476//1476 1475//1475
f 1317//1317 1477//1477 1380//1380
f 1380//1380 1477//1477 1478//1478
f 1380//1380 1478//1478 1448//1448
f 1448//1448 1478//1478 1479//1479
f 1448//1448 1479//1479 1449//1449
f 1449//1449 1479//1479 1480//1480
f 1449//1449 1480//1480 1450//1450
f 1450//1450 1480//1480 1481//1481
f 1450//1450 1481//1481 1476//1476
f 1134//1134 924//924 1122//1122
f 1134//1134 1122//1122 1482//1482
f 1482//1482 1122//1122 1123//1123
f 1482//1482 1123//1123 1483//1483
f 1483//1483 1123//1123 1125//1125
f 1483//1483 1125//1125 1484//1484
f 1485//1485 1486//1486 1487//1487
f 1488//1488 1489//1489 1490//1490
f 1490//1490 1489//1489 1491//1491
f 1490//1490 1491//1491 1492//1492
f 1487//1487 1486//1486 1493//1493
f 1493//1493 1486//1486 1494//1494
f 1493//1493 1494//1494 1495//1495
f 1495//1495 1494//1494 1483//1483
f 1495//1495 1483//1483 1484//1484
f 1134//1134 1482//1482 1136//1136
f 1136//1136 1482//1482 1496//1496
f 1136//1136 1496//1496 1137//1137
f 1137//1137 1496//1496 1488//1488
f 1137//1137 1488//1488 1138//1138
f 1138//1138 1488//1488 1490//1490
f 1138//1138 1490//1490 1140//1140
f 1140//1140 1490//1490 1492//1492
f 1140//1140 1492//1492 1142//1142
f 1485//1485 1489//1489 1486//1486
f 1486//1486 1489//1489 1488//1488
f 1486//1486 1488//1488 1494//1494
f 1494//1494 1488//1488 1496//1496
f 1494//1494 1496//1496 1483//1483
f 1483//1483 1496//1496 1482//1482
f 1492//1492 1491//1491 1497//1497
f 1498//1498 1158//1158 1153//1153
f 1184//1184 1182//1182 1175//1175
f 1158//1158 1498//1498 1163//1163
f 1163//1163 1498//1498 1499//1499
f 1163//1163 1499//1499 1168//1168
f 1153//1153 1146//1146 1498//1498
f 1498//1498 1146//1146 1143//1143
f 1498//1498 1143//1143 1497//1497
f 1497//1497 1143//1143 1142//1142
f 1497//1497 1142//1142 1492//1492
f 1237//1237 1236//1236 1499//1499
f 1499//1499 1236//1236 1191//1191
f 1499//1499 1191//1191 1168//1168
f 1168//1168 1191//1191 1184//1184
f 1168//1168 1184//1184 1174//1174
f 1174//1174 1184//1184 1175//1175
f 1498//1498 1224//1224 1225//1225
f 1233//1233 1231//1231 1223//1223
f 1223//1223 1231//1231 1230//1230
f 1223//1223 1230//1230 1226//1226
f 1226//1226 1230//1230 1228//1228
f 1228//1228 1227//1227 1226//1226
f 1226//1226 1227//1227 1237//1237
f 1226//1226 1237//1237 1225//1225
f 1225//1225 1237//1237 1499//1499
f 1225//1225 1499//1499 1498//1498
f 1193//1193 1192//1192 1317//1317
f 1317//1317 1318//1318 1193//1193
f 1193//1193 1318//1318 1319//1319
f 1193//1193 1319//1319 1194//1194
f 1194//1194 1319//1319 1320//1320
f 1194//1194 1320//1320 1195//1195
f 1195//1195 1320//1320 1321//1321
f 1195//1195 1321//1321 1196//1196
f 1196//1196 1321//1321 1262//1262
f 1196//1196 1262//1262 1197//1197
f 1197//1197 1262//1262 1263//1263
f 1197//1197 1263//1263 1198//1198
f 1198//1198 1263//1263 1324//1324
f 1198//1198 1324//1324 1199//1199
f 1199//1199 1324//1324 1323//1323
f 1199//1199 1323//1323 1200//1200
f 1200//1200 1323//1323 1322//1322
f 1200//1200 1322//1322 1201//1201
f 1322//1322 1273//1273 1201//1201
f 1201//1201 1273//1273 1274//1274
f 1201//1201 1274//1274 1202//1202
f 1202//1202 1274//1274 1242//1242
f 1202//1202 1242//1242 1203//1203
f 1203//1203 1242//1242 1241//1241
f 1203//1203 1241//1241 1204//1204
f 1241//1241 1334//1334 1204//1204
f 1204//1204 1334//1334 1333//1333
f 1204//1204 1333//1333 1205//1205
f 1205//1205 1333//1333 1332//1332
f 1205//1205 1332//1332 1206//1206
f 1206//1206 1332//1332 1328//1328
f 1206//1206 1328//1328 1207//1207
f 1207//1207 1328//1328 1327//1327
f 1207//1207 1327//1327 1208//1208
f 1208//1208 1327//1327 1337//1337
f 1208//1208 1337//1337 1209//1209
f 1209//1209 1337//1337 1336//1336
f 1209//1209 1336//1336 1210//1210
f 1336//1336 1335//1335 1210//1210
f 1210//1210 1335//1335 1290//1290
f 1210//1210 1290//1290 1211//1211
f 1211//1211 1290//1290 1291//1291
f 1211//1211 1291//1291 1212//1212
f 1212//1212 1291//1291 1340//1340
f 1212//1212 1340//1340 1213//1213
f 1213//1213 1340//1340 1339//1339
f 1213//1213 1339//1339 1214//1214
f 945//945 1233//1233 1346//1346
f 1346//1346 1233//1233 1223//1223
f 1346//1346 1223//1223 1345//1345
f 1345//1345 1223//1223 1222//1222
f 1345//1345 1222//1222 1316//1316
f 1316//1316 1222//1222 1221//1221
f 1316//1316 1221//1221 1315//1315
f 1315//1315 1221//1221 1220//1220
f 1315//1315 1220//1220 1341//1341
f 1341//1341 1220//1220 1219//1219
f 1341//1341 1219//1219 1342//1342
f 1342//1342 1219//1219 1218//1218
f 1342//1342 1218//1218 1343//1343
f 1343//1343 1218//1218 1217//1217
f 1343//1343 1217//1217 1344//1344
f 1344//1344 1217//1217 1216//1216
f 1344//1344 1216//1216 1302//1302
f 1302//1302 1216//1216 1215//1215
f 1302//1302 1215//1215 1301//1301
f 1301//1301 1215//1215 1214//1214
f 1301//1301 1214//1214 1338//1338
f 1338//1338 1214//1214 1339//1339
f 1224//1224 1498//1498 1497//1497
f 1484//1484 1125//1125 1451//1451
f 1317//1317 1192//1192 1477//1477
f 1477//1477 1192//1192 1379//1379
f 1477//1477 1379//1379 1378//1378
f 1491//1491 1489//1489 1348//1348
f 1348//1348 1489//1489 1485//1485
f 1348//1348 1485//1485 1349//1349
f 1485//1485 1487//1487 1349//1349
f 1349//1349 1487//1487 1493//1493
f 1349//1349 1493//1493 1495//1495
f 1491//1491 1348//1348 1497//1497
f 1497//1497 1348//1348 1347//1347
f 1497//1497 1347//1347 1224//1224
f 1495//1495 1484//1484 1349//1349
f 1349//1349 1484//1484 1451//1451
f 1349//1349 1451//1451 1350//1350
f 1350//1350 1451//1451 1455//1455
f 1350//1350 1455//1455 1351//1351
f 1455//1455 1454//1454 1351//1351
f 1351//1351 1454//1454 1453//1453
f 1351//1351 1453//1453 1352//1352
f 1352//1352 1453//1453 1452//1452
f 1352//1352 1452//1452 1353//1353
f 1353//1353 1452//1452 1354//1354
f 1354//1354 1452//1452 1416//1416
f 1354//1354 1416//1416 1355//1355
f 1416//1416 1417//1417 1355//1355
f 1355//1355 1417//1417 1458//1458
f 1355//1355 1458//1458 1356//1356
f 1356//1356 1458//1458 1457//1457
f 1356//1356 1457//1457 1357//1357
f 1357//1357 1457//1457 1456//1456
f 1357//1357 1456//1456 1358//1358
f 1358//1358 1456//1456 1427//1427
f 1358//1358 1427//1427 1359//1359
f 1359//1359 1427//1427 1428//1428
f 1359//1359 1428//1428 1360//1360
f 1360//1360 1428//1428 1459//1459
f 1360//1360 1459//1459 1361//1361
f 1459//1459 1462//1462 1361//1361
f 1361//1361 1462//1462 1461//1461
f 1361//1361 1461//1461 1364//1364
f 1364//1364 1461//1461 1382//1382
f 1364//1364 1382//1382 1363//1363
f 1382//1382 1381//1381 1363//1363
f 1363//1363 1381//1381 1467//1467
f 1363//1363 1467//1467 1362//1362
f 1362//1362 1467//1467 1468//1468
f 1362//1362 1468//1468 1365//1365
f 1365//1365 1468//1468 1471//1471
f 1365//1365 1471//1471 1366//1366
f 1366//1366 1471//1471 1470//1470
f 1366//1366 1470//1470 1367//1367
f 1470//1470 1469//1469 1367//1367
f 1367//1367 1469//1469 1433//1433
f 1367//1367 1433//1433 1368//1368
f 1368//1368 1433//1433 1432//1432
f 1368//1368 1432//1432 1369//1369
f 1369//1369 1432//1432 1474//1474
f 1369//1369 1474//1474 1370//1370
f 1370//1370 1474//1474 1473//1473
f 1370//1370 1473//1473 1371//1371
f 1371//1371 1473//1473 1472//1472
f 1371//1371 1472//1472 1372//1372
f 1472//1472 1446//1446 1372//1372
f 1372//1372 1446//1446 1447//1447
f 1372//1372 1447//1447 1375//1375
f 1375//1375 1447//1447 1475//1475
f 1375//1375 1475//1475 1374//1374
f 1374//1374 1475//1475 1476//1476
f 1374//1374 1476//1476 1373//1373
f 1373//1373 1476//1476 1481//1481
f 1373//1373 1481//1481 1376//1376
f 1376//1376 1481//1481 1480//1480
f 1376//1376 1480//1480 1377//1377
f 1377//1377 1480//1480 1479//1479
f 1377//1377 1479//1479 1378//1378
f 1378//1378 1479//1479 1478//1478
f 1378//1378 1478//1478 1477//1477
# 3020 faces, 0 coords texture

# End of File
