####
#
# OBJ File Generated by Meshlab
#
####
# Object arm_link1.obj
#
# Vertices: 1320
# Faces: 2510
#
####
vn -1.9252706953035035 5.5167935647540576 -0.6722544213890864
v -0.0188406705856323 0.0292500015348196 0.0133319497108459
vn 0.3966458301260551 3.6096172556411164 -3.0276626444169628
v -0.0248677246272564 0.0292500033974648 0.0252153538167477
vn 1.7603379204030327 3.6096229043584049 -2.4950486814875648
v -0.0244254563003778 0.0292500033974648 0.0253880880773067
vn -2.0351218683096550 5.3185845717349665 0.9890478122202734
v -0.0349228084087372 0.0292500052601099 0.0672746226191521
vn -1.8409395780250972 5.3178961555222282 1.3164347788437658
v -0.0314087569713593 0.0292500033974648 0.0728715956211090
vn -2.1577870269791974 3.3491732798446274 2.2600055127050114
v 0.0184099450707436 0.0292499978095293 0.0240604393184185
vn 2.7077859592111944 3.6209715082620777 -1.4075715282480066
v -0.0241127125918865 0.0292500033974648 0.0257453359663486
vn 2.3298843319335405 5.2096997241930447 -0.3266737877352851
v 0.0185500029474497 0.0292499978095293 0.0022500003688037
vn -2.1303409921384588 5.4399239526208962 -0.1728957192376591
v -0.0185499954968691 0.0292500015348196 0.0116177387535572
vn 2.1472176465396200 3.4042476235149097 -2.2560620909583831
v 0.0216176547110081 0.0292499959468842 0.0217240639030933
vn 2.7533682000498607 3.5941135639694370 -1.3386064382866083
v 0.0218993537127972 0.0292499959468842 0.0220732837915421
vn 1.4798400739359994 5.2891994788940258 -1.7468545167974250
v 0.0253296066075563 0.0292499959468842 0.0192016847431660
vn -2.2620588465604996 5.3194724375617595 0.0640929202750243
v -0.0392999947071075 0.0292500052601099 0.0492500029504299
vn -2.2468781435462919 5.3193475059720470 0.2636334498152346
v -0.0389168560504913 0.0292500052601099 0.0547242797911167
vn -1.3250194025744348 3.5889044757392865 2.7619570562894182
v -0.0271720178425312 0.0292500033974648 0.0291516184806824
vn 1.8254616381378583 3.6070164178472663 2.4520169115186365
v 0.0215971656143665 0.0292499959468842 0.0250253006815910
vn 2.2620590822172693 5.3194730160528296 0.0640926413563374
v 0.0393000058829784 0.0292499940842390 0.0492500029504299
vn 2.2541696257809676 5.3257789886504705 -0.1159290568929281
v 0.0392839238047600 0.0292499940842390 0.0481257997453213
vn -2.2591472622709174 5.3195939501900122 -0.1290698294273628
v -0.0392839089035988 0.0292500052601099 0.0481258034706116
vn -1.9214229558464648 5.3189330899904865 -1.1950626102324404
v -0.0338348709046841 0.0292500052601099 0.0292577259242535
vn -2.0944159990622433 5.3189136872652769 -0.8564461761475456
v -0.0367064736783504 0.0292500052601099 0.0352099090814590
vn -2.3864260282916741 3.5789889821034993 1.9229678096214262
v -0.0275194477289915 0.0292500033974648 0.0288758203387260
vn 2.1165138373959924 5.1206246039910814 -1.1207544972110151
v 0.0184428244829178 0.0292499978095293 0.0018500011647120
vn 1.1207636510600136 5.1206131910634589 -2.1165187894910082
v 0.0181500036269426 0.0292499978095293 0.0015571784460917
vn 0.3266648762994341 5.2097155119447605 -2.3298722655003594
v 0.0177500043064356 0.0292499978095293 0.0014500018442050
vn -0.2380563882321092 5.2527816064106192 -2.3075004892816309
v -0.0177499968558550 0.0292500015348196 0.0014500018442050
vn -2.3075069789336173 5.2527752229025735 -0.2380520841845555
v -0.0185499954968691 0.0292500015348196 0.0022500003688037
vn 1.7506872295521529 5.3244815125975871 -1.4252779574671026
v 0.0300064999610186 0.0292499959468842 0.0238708704710007
vn -0.9159794798604779 5.1424780553538803 -2.2114065458937069
v -0.0180561430752277 0.0292500015348196 0.0015108954394236
vn -1.6925254180654357 5.1425012378179193 -1.6925165930511474
v -0.0183156821876764 0.0292500015348196 0.0016843151533976
vn -2.2113915687326915 5.1424908767171242 -0.9159899488279406
v -0.0184891000390053 0.0292500015348196 0.0019438524032012
vn 1.5022810598261109 3.3943551194706907 -2.7305556213522473
v 0.0195588301867247 0.0292499959468842 0.0202249735593796
vn 1.3673684028991737 5.4041845620493314 -1.6951953122170789
v 0.0209747236222029 0.0292499959468842 0.0160152129828930
vn 0.4895013500140923 3.5743481116113465 -3.0290419011718361
v 0.0191595368087292 0.0292499978095293 0.0200670659542084
vn 1.5960404990258812 5.5167981423711634 -1.2693499012961798
v 0.0196802038699389 0.0292499959468842 0.0148545131087303
vn -0.8205011993433480 3.5650521585567585 -2.9579409721464018
v 0.0187308304011822 0.0292499978095293 0.0200911685824394
vn 3.1015560219127321 3.3678529114438418 -0.3523864377813231
v 0.0220000073313713 0.0292499959468842 0.0225105211138725
vn 3.0992508860643979 3.3743046445226623 0.3622552843024006
v 0.0220000073313713 0.0292499959468842 0.0242231786251068
vn 1.9559133974328280 5.3257077788260210 -1.1258791429057120
v 0.0338348783552647 0.0292499940842390 0.0292577203363180
vn 2.7317571200953914 3.6070070024303242 1.3719407857124417
v 0.0218936391174793 0.0292499959468842 0.0246719755232334
vn 2.1089048475819858 5.3259405434286320 -0.8032404067416973
v 0.0367064848542213 0.0292499940842390 0.0352099053561687
vn 2.2091915876216350 5.3258040559712381 -0.4609550222664218
v 0.0385401174426079 0.0292499940842390 0.0415591113269329
vn 2.2466158151262228 5.3191867818579501 0.2657315076072710
v 0.0389168709516525 0.0292499940842390 0.0547242760658264
vn 0.8949251855473241 3.3743016912320849 2.9892636363308536
v 0.0211736541241407 0.0292499959468842 0.0252079851925373
vn 2.1810535141633398 5.3118516559910498 0.6244282644478165
v 0.0374493375420570 0.0292499940842390 0.0611679516732693
vn -2.2082727048641204 5.3188868832672664 -0.4936369561787417
v -0.0385401062667370 0.0292500052601099 0.0415591150522232
vn -2.9862967268289489 3.5789909318452469 0.6891012168125120
v -0.0277134012430906 0.0292500033974648 0.0284768808633089
vn -2.9905493835592747 3.5889049417962777 -0.6638490005721395
v -0.0277157146483660 0.0292500033974648 0.0280332975089550
vn -1.6941651677571943 5.3189659970726284 -1.4999185326766538
v -0.0300064906477928 0.0292500033974648 0.0238708779215813
vn 1.3064781031253352 5.3109936684355459 1.8548248922404822
v 0.0218406561762094 0.0292499959468842 0.0819222554564476
vn 0.2090900353406182 3.3566740043946921 3.1164375176378050
v 0.0205660369247198 0.0292499959468842 0.0253151245415211
vn 0.9705081394885577 5.3083236211505334 2.0530874872896216
v 0.0160571523010731 0.0292499978095293 0.0851200222969055
vn -0.7760922337512650 3.5717759590964619 2.9694564455594863
v 0.0201395228505135 0.0292499959468842 0.0252978205680847
vn 0.6024269250870011 5.3023948600533082 2.1950000235733329
v 0.0098195886239409 0.0292499978095293 0.0873034596443176
vn -0.9306598008546288 5.3264840064640691 2.0540480949804256
v -0.0160571318119764 0.0292500015348196 0.0851200222969055
vn -1.6736023093002173 3.3293372313724525 2.6423354048814653
v 0.0197590850293636 0.0292499959468842 0.0251042209565639
vn -1.1066708586991816 5.3225989264640390 1.9705982826491526
v -0.0196499936282635 0.0292500015348196 0.0832848027348518
vn -2.1716158721909626 5.3190170466058113 0.6346840061017487
v -0.0374493226408958 0.0292500052601099 0.0611679591238499
vn -2.7242513814076137 3.6114185870058915 1.3832418040403773
v 0.0181083623319864 0.0292499978095293 0.0237058140337467
vn 2.1787545634369874 3.5342907625201629 2.1787601845014555
v -0.0242928862571716 0.0292500033974648 0.0289571098983288
vn 1.1791345347998980 3.5342885887131108 2.8466839121214873
v -0.0246173106133938 0.0292500033974648 0.0291738826781511
vn 0.3064488713309865 3.3379432391402886 3.1114096308278287
v -0.0249999929219484 0.0292500033974648 0.0292500033974648
vn -0.3483911006075469 3.3652453075805653 3.1024699222592385
v -0.0267394762486219 0.0292500033974648 0.0292500033974648
vn -1.5960406875120929 5.5168000390069958 -1.2693573753244920
v -0.0196801964193583 0.0292500015348196 0.0148545168340206
vn -0.6903947502477071 4.2604891585996434 -0.7699954930464745
v -0.0209747143089771 0.0292500033974648 0.0160152167081833
vn -1.0370389531907003 3.6209773843749504 -2.8701740078019768
v -0.0253398083150387 0.0292500033974648 0.0252660736441612
vn -1.4195328585845242 5.3190043847434865 -1.7620690443011704
v -0.0253295972943306 0.0292500033974648 0.0192016921937466
vn -2.0653518982011323 3.4207564666804084 -2.3265600675958771
v -0.0257352869957685 0.0292500033974648 0.0255288183689117
vn -2.6158863118299984 3.4047199695581987 -1.6902350772389063
v -0.0275259315967560 0.0292500033974648 0.0276323556900024
vn 1.6019346018295577 5.3120484975719204 1.6055465607374115
v 0.0270065572112799 0.0292499959468842 0.0778005942702293
vn 1.8500812627782630 5.3123075257849450 1.3118601136181085
v 0.0314087755978107 0.0292499959468842 0.0728715881705284
vn 2.0447693216370491 5.3121897562410272 0.9817733889582116
v 0.0349228270351887 0.0292499940842390 0.0672746151685715
vn -0.5977468178550335 5.3044513123553276 2.1944555565408059
v -0.0098195672035217 0.0292500015348196 0.0873034670948982
vn -0.2030082158888380 5.2887962292903472 2.2795853756530620
v -0.0033043285366148 0.0292499996721745 0.0884108394384384
vn 0.2030098740303413 5.2887956290683436 2.2795851764815227
v 0.0033043494913727 0.0292499996721745 0.0884108394384384
vn -1.5938335789003921 5.3168882417325127 1.6077891911635585
v -0.0270065385848284 0.0292500033974648 0.0778005942702293
vn -1.3169418786582610 5.3182652536815054 1.8411325605368352
v -0.0218406375497580 0.0292500033974648 0.0819222554564476
vn 1.9252717234503323 5.5167929229604269 -0.6722542090177885
v 0.0188406780362129 0.0292499978095293 0.0133319459855556
vn 2.1303419273551754 5.4399235078435657 -0.1728948656797390
v 0.0185500029474497 0.0292499978095293 0.0116177350282669
vn -1.9944684413400202 3.5650574598396094 -2.3333924279647085
v 0.0183517504483461 0.0292499978095293 0.0202928371727467
vn -2.7854839411251118 3.5743404134219854 -1.2867701477545435
v 0.0180921927094460 0.0292499978095293 0.0206348896026611
vn -3.1049632859143137 3.3579726425078151 -0.3372403966745243
v 0.0180000066757202 0.0292499978095293 0.0210542604327202
vn 3.0966865188964317 3.3812815713778765 -0.3729101502907775
v -0.0239999927580357 0.0292500033974648 0.0262065678834915
vn -3.0984480733209638 3.3765111901778648 0.3656220609095072
v 0.0180000066757202 0.0292499978095293 0.0232530795037746
vn 3.1114107045164157 3.3379409329070358 0.3064476361891265
v -0.0239999927580357 0.0292500033974648 0.0282500032335520
vn 2.8466827624655537 3.5342913548398180 1.1791373034990520
v -0.0240761134773493 0.0292500033974648 0.0286326874047518
vn -1.5350596967713697 -5.2752771323485605 -1.7141368928767953
v -0.0262179095298052 0.0252500046044588 0.0199735499918461
vn -1.3860471163263504 -5.3960271417088741 -1.6914464923531458
v -0.0209747143089771 0.0252500027418137 0.0160152167081833
vn 1.9228133623940342 -5.5176329092824155 -0.6757464996506015
v 0.0188441425561905 0.0252499971538782 0.0133418366312981
vn -1.7847741186241111 -5.2858995165135676 -1.4367520716738258
v -0.0307284686714411 0.0252500046044588 0.0247499868273735
vn -2.1760692738184773 -5.2752686550736563 0.7479502530998615
v -0.0371658653020859 0.0252500046044588 0.0620245039463043
vn -2.2691006800007267 -5.2762619438277136 0.3770315995277485
v -0.0387745611369610 0.0252500046044588 0.0556549206376076
vn 1.5931480234819890 -5.5163822085004552 -1.2738934905292547
v 0.0196932852268219 0.0252499971538782 0.0148708932101727
vn -2.2613329257283299 -5.3192307241534795 0.0922684657928383
v -0.0392999947071075 0.0252500064671040 0.0492500029504299
vn -2.2611006481772042 -5.3190747130508598 -0.1009763615528312
v -0.0392997302114964 0.0252500064671040 0.0491063557565212
vn -2.0214377370359631 -5.2764547235194499 1.0972754822934898
v -0.0345186032354832 0.0252500046044588 0.0680371150374413
vn 1.3657413859999807 -5.4036184779151242 -1.6973162552061476
v 0.0209747236222029 0.0252499971538782 0.0160152129828930
vn -1.7700766690121208 -5.3041519192181257 1.4286593703038686
v -0.0309067461639643 0.0252500046044588 0.0735247358679771
vn 2.2537504807622222 -5.3258290336665857 -0.1227379782008676
v 0.0392764881253242 0.0252499934285879 0.0478905476629734
vn 2.2619232734983754 -5.3198359964890312 0.0565950129321245
v 0.0393000058829784 0.0252499934285879 0.0492500029504299
vn -1.4972761940781132 -5.3096604843100215 1.7059869400729197
v -0.0264312271028757 0.0252500046044588 0.0783340185880661
vn 2.2479354165644043 -5.3198064105645395 0.2524240050055921
v 0.0389541722834110 0.0252499934285879 0.0544522218406200
vn -2.2430365861116486 -5.2977038340237765 -0.4114283170910666
v -0.0387267023324966 0.0252500046044588 0.0425618067383766
vn -2.1474180594335830 -5.2943800091425031 -0.7764388897817188
v -0.0370714887976646 0.0252500046044588 0.0362041518092155
vn -1.9933356556517445 -5.2905262783537612 -1.1211360861742630
v -0.0343803428113461 0.0252500046044588 0.0302110556513071
vn -1.5960394319832181 -5.5167910765217369 -1.2693565425675877
v -0.0196801964193583 0.0252500027418137 0.0148545168340206
vn -1.9252718975195622 -5.5167929786779792 -0.6722551272961542
v -0.0188406705856323 0.0252500027418137 0.0133319497108459
vn 2.1297607223674344 -5.4403418998948379 -0.1738538017530464
v 0.0185500029474497 0.0252499971538782 0.0116177350282669
vn -2.1303424258356096 -5.4399235078435231 -0.1728949100878522
v -0.0185499954968691 0.0252500027418137 0.0116177387535572
vn 2.3298831242999389 -5.2097007795455994 -0.3266718978848225
v 0.0185500029474497 0.0252499971538782 0.0022500003688037
vn -2.3075088646163802 -5.2527730372549648 -0.2380554947732986
v -0.0185499954968691 0.0252500027418137 0.0022500003688037
vn -2.2113941265939125 -5.1424903380183622 -0.9159847595012113
v -0.0184891000390053 0.0252500027418137 0.0019438524032012
vn -1.6925201444759952 -5.1424981404995682 -1.6925249344994873
v -0.0183156821876764 0.0252500027418137 0.0016843151533976
vn 1.7311364485621159 -5.2874933985857284 -1.5003376366399435
v 0.0299557745456696 0.0252499952912331 0.0238110199570656
vn 1.9539169281027458 -5.3256423340229695 -1.1294150049784260
v 0.0337748602032661 0.0252499952912331 0.0291564911603928
vn 0.6485634522344396 -5.3183692308444588 2.1679505917070148
v 0.0103503866121173 0.0252499990165234 0.0871625319123268
vn 0.2782238798761216 -5.3178920926604007 2.2460393258400648
v 0.0038902962114662 0.0252499990165234 0.0883569791913033
vn -1.1853621799785530 -5.3129579604860417 1.9324683318114551
v -0.0212171077728271 0.0252500027418137 0.0823305696249008
vn 1.1623891469914049 -5.1856705502615492 -2.0365614761608839
v 0.0181500036269426 0.0252499971538782 0.0015571784460917
vn 2.1165124765127450 -5.1206256593583577 -1.1207556373987844
v 0.0184428244829178 0.0252499971538782 0.0018500011647120
vn 0.7760692738964501 -0.0223686793388080 -4.4193329529434688
v 0.0177500043064356 0.0252499971538782 0.0014500018442050
vn -0.7440054066691335 -0.0276492938574775 -4.4211882609604718
v -0.0177499968558550 0.0252500027418137 0.0014500018442050
vn -0.9159962036664692 -5.1424811869300449 -2.2113972447348558
v -0.0180561430752277 0.0252500027418137 0.0015108954394236
vn 1.4645395976393911 -5.3019752334614365 -1.7436242701701119
v 0.0252996012568474 0.0252499971538782 0.0191764198243618
vn 2.1071024147492778 -5.3259262619872150 -0.8079903799876853
v 0.0366501361131668 0.0252499952912331 0.0350634604692459
vn 2.2078320945945435 -5.3258549542732663 -0.4673364538662377
v 0.0385012552142143 0.0252499952912331 0.0413668602705002
vn 2.1750715250757020 -5.3197067214842377 0.6213401745302433
v 0.0375433117151260 0.0252499952912331 0.0608685277402401
vn 2.0418040852471817 -5.3195878985493188 0.9738078958440578
v 0.0350833386182785 0.0252499952912331 0.0669601634144783
vn 1.8518589882129295 -5.3193883032396796 1.2994117075487750
v 0.0316429920494556 0.0252499952912331 0.0725569054484367
vn 1.6103084143958983 -5.3192371050933858 1.5890540027427527
v 0.0273184068500996 0.0252499952912331 0.0775023475289345
vn 1.3238585745348570 -5.3189992255831271 1.8347341376399136
v 0.0222304314374924 0.0252499971538782 0.0816583111882210
vn 1.0003220405915856 -5.3187407295751514 2.0295048686521278
v 0.0165212452411652 0.0252499971538782 0.0849086418747902
vn -0.1005938982632956 -5.3172387992242296 2.2614385404143853
v -0.0026785056106746 0.0252500008791685 0.0884586200118065
vn -0.4775524359973671 -5.3163165894652886 2.2134303163854798
v -0.0091724582016468 0.0252500008791685 0.0874646082520485
vn -0.8424131149282547 -5.3150064393271323 2.1029296425362185
v -0.0154100945219398 0.0252500027418137 0.0854027196764946
vn -2.8221972576752812 2.1160237308835610 4.4366073132266282
v 0.0197590868920088 0.0330499969422817 0.0251042209565639
vn -3.6134679507357208 2.1040566320010141 3.8022054992243701
v 0.0184099469333887 0.0330499969422817 0.0240604393184185
vn -4.4716618584972485 1.9597530631411828 2.2704913465352083
v 0.0181083641946316 0.0330499969422817 0.0237058140337467
vn -5.1890439509864095 2.0905967314969240 0.6001413714791908
v 0.0180000085383654 0.0330499969422817 0.0232530795037746
vn -1.2776839530253012 1.9836693909389611 4.8886321461469420
v 0.0201395247131586 0.0330499969422817 0.0252978205680847
vn 0.3608046753278816 2.1025509133348015 5.2246792013582466
v 0.0205660387873650 0.0330499969422817 0.0253151245415211
vn 1.4872056355328866 2.0919254569772008 5.0090416214613933
v 0.0211736559867859 0.0330499969422817 0.0252079851925373
vn 0.6852806103031407 5.2292700187329135 2.2353670329710456
v 0.0211389269679785 0.0332499966025352 0.0250110253691673
vn 0.1429214939464715 5.2407841852136636 2.3248014610317354
v 0.0205313097685575 0.0332499966025352 0.0251181647181511
vn -1.2301556211424993 5.2542768505354225 1.9658036068863001
v 0.0198857486248016 0.0332499966025352 0.0249494388699532
vn -0.6086774014901020 5.1185760372163642 2.3288985802293740
v 0.0201900992542505 0.0332499966025352 0.0251043178141117
vn -1.6195359374679308 5.2412875897100513 1.6741517593352546
v 0.0185279585421085 0.0332499966025352 0.0238989666104317
vn -2.3211432468778161 5.2278189210690451 0.2896967992392238
v 0.0182000081986189 0.0332499966025352 0.0232530795037746
vn -2.1585383729136423 5.0926028254864697 1.0959972966206826
v 0.0182866919785738 0.0332499966025352 0.0236152671277523
vn -5.2067432749171907 2.1017769744730086 -0.5550919276921509
v 0.0180000085383654 0.0330499969422817 0.0210542604327202
vn -2.3147452755982383 5.2399645024531507 -0.2646621344333500
v 0.0182000081986189 0.0332499966025352 0.0210542604327202
vn 1.1180813724473588 5.2213940617674179 -2.0593041709455342
v 0.0194470677524805 0.0332499966025352 0.0203908309340477
vn 2.5187457584633557 2.0832260847096093 -4.5576705403222171
v 0.0195588320493698 0.0330499969422817 0.0202249735593796
vn 0.8056980228617349 1.9821216816872809 -4.9857584273599551
v 0.0191595386713743 0.0330499969422817 0.0200670659542084
vn 0.3841524619060255 5.1169087112211828 -2.3771992101927686
v 0.0191276315599680 0.0332499966025352 0.0202645063400269
vn -1.1226286835403196 2.0446399920276135 -5.0236508605810188
v 0.0187308322638273 0.0330499969422817 0.0200911685824394
vn -0.5033020851161100 5.1823656417450357 -2.3153714915330759
v 0.0187846664339304 0.0332499966025352 0.0202837847173214
vn -1.0908744706527531 5.2479257977488718 -2.0505506650620378
v 0.0186242740601301 0.0332499966025352 0.0203479863703251
vn -2.4565240924350071 2.1064634421644644 -4.6175932954169223
v 0.0185303408652544 0.0330499969422817 0.0201714150607586
vn -1.6388422989426514 5.1823855533861396 -1.7112521573651904
v 0.0184814035892487 0.0332499966025352 0.0204451195895672
vn -3.5387049406488087 2.0446303235770311 -3.7383114584110562
v 0.0183517523109913 0.0330499969422817 0.0202928371727467
vn -4.5848921295323022 1.9821110501958750 -2.1180177900816304
v 0.0180921945720911 0.0330499969422817 0.0206348896026611
vn -2.1860737951759508 5.1168755095836911 -1.0098765658356565
v 0.0182737559080124 0.0332499966025352 0.0207187607884407
vn 2.9973394018751591 1.9624269588931367 4.0261115990942518
v 0.0215971674770117 0.0330499969422817 0.0250253006815910
vn 1.4447382800236475 5.0955419909010553 1.9406030131997452
v 0.0214777346700430 0.0332499966025352 0.0248648747801781
vn 4.4854455682297782 1.9624245150015807 2.2526790625699498
v 0.0218936409801245 0.0330499969422817 0.0246719755232334
vn 2.1620111324231517 5.0955152402209265 1.0858205489537407
v 0.0217149145901203 0.0332499966025352 0.0245822183787823
vn 5.1911816219877647 2.0919293192133228 0.5948089796967793
v 0.0220000091940165 0.0330499969422817 0.0242231786251068
vn 2.3203979430901329 5.2292775011998698 0.2867019956247289
v 0.0218000095337629 0.0332499966025352 0.0242231786251068
vn 2.1718634408827384 5.1040232441465436 -1.0559021664839596
v 0.0217194855213165 0.0332499966025352 0.0221607312560081
vn 1.6291152053690874 5.2149682166521707 -1.6908529510942718
v 0.0214941259473562 0.0332499966025352 0.0218813568353653
vn 2.3181927469432351 5.2335235377245262 -0.2779657890110732
v 0.0218000095337629 0.0332499966025352 0.0225105211138725
vn 3.5773101079574481 2.0772847129004441 -3.7742277139348306
v 0.0216176565736532 0.0330499969422817 0.0217240639030933
vn 5.1973875240604031 2.0958301961792030 -0.5791625119911101
v 0.0220000091940165 0.0330499969422817 0.0225105211138725
vn 4.5252769583322614 1.9702252314551192 -2.2000575720446447
v 0.0218993555754423 0.0330499969422817 0.0220732837915421
vn -0.5059604423380792 -2.1137224249744047 -5.2251023668374623
v -0.0177499968558550 0.0254500024020672 0.0012499984586611
vn 0.5151152644275429 -2.1002963502530378 -5.2232141278457647
v 0.0177500043064356 0.0254499968141317 0.0012499984586611
vn 1.6465902527791376 -2.1010633376013628 -4.8883034062050204
v 0.0181326866149902 0.0254499968141317 0.0013261210406199
vn 2.7673753928602611 -2.1177124896701045 -4.4557896562130743
v 0.0182500034570694 0.0254499968141317 0.0013839747989550
vn 3.6346498527129687 -2.1335068705815772 -3.6346640969325517
v 0.0184571109712124 0.0254499968141317 0.0015428919577971
vn 4.5597986767494767 -2.0043082019262615 -2.2600447506868186
v 0.0186160299926996 0.0254499968141317 0.0017499994719401
vn 5.1622184128817654 -2.0741670599320479 -0.6647004795772137
v 0.0187500044703484 0.0254499968141317 0.0022500003688037
vn -5.2251114630973481 -2.1137210044946046 -0.5059542638232014
v -0.0187499970197678 0.0254500024020672 0.0022500003688037
vn -4.6999685855523747 -2.0059862988914219 -1.9467853326120577
v -0.0186738763004541 0.0254500024020672 0.0018673163140193
vn -3.5971823229772788 -2.0059845153356015 -3.5971995960363401
v -0.0184571035206318 0.0254500024020672 0.0015428919577971
vn -1.9468009846189618 -2.0059855029975315 -4.6999793148937092
v -0.0181326791644096 0.0254500024020672 0.0013261210406199
vn 0.6647052063498865 2.0741706213329874 -5.1622080194822626
v 0.0177500043064356 0.0290499981492758 0.0012499984586611
vn -0.5059668423985280 2.1137272473012443 -5.2250962134036563
v -0.0177499968558550 0.0290500018745661 0.0012499984586611
vn 4.5597984233292230 2.0043087547659315 -2.2600436332212537
v 0.0186160299926996 0.0290499981492758 0.0017499994719401
vn 5.1622176346766393 2.0741676127754904 -0.6647013206237420
v 0.0187500044703484 0.0290499981492758 0.0022500003688037
vn 2.2601086937473678 2.0053125976098389 -4.5598028064980296
v 0.0182500034570694 0.0290499981492758 0.0013839747989550
vn 3.6346498527129669 2.1335068705815772 -3.6346640969325508
v 0.0184571109712124 0.0290499981492758 0.0015428919577971
vn 4.2300072466712439 -1.1101940632293184 -0.2637349374369653
v 0.0187500044703484 0.0254499968141317 0.0116177350282669
vn -5.4162082302574026 -2.2967438296278235 -0.4637135985837689
v -0.0187499970197678 0.0254500024020672 0.0116177387535572
vn -1.9467901618929342 2.0059873682926126 -4.6999812060043666
v -0.0181326791644096 0.0290500018745661 0.0013261210406199
vn -3.5971878374667829 2.0059826703679020 -3.5971974310555219
v -0.0184571035206318 0.0290500018745661 0.0015428919577971
vn -4.6999677200020367 2.0059859779998819 -1.9467884986893562
v -0.0186738763004541 0.0290500018745661 0.0018673163140193
vn -5.2251131343695159 2.1137197026127845 -0.5059524068223633
v -0.0187499970197678 0.0290500018745661 0.0022500003688037
vn 5.4162082302574017 2.2967438296278226 -0.4637135985837690
v 0.0187500044703484 0.0290499981492758 0.0116177350282669
vn 0.8004371055409721 -1.1852247362565369 -0.8963487997357342
v 0.0210814680904150 0.0254499986767769 0.0158460773527622
vn 1.8526181547614646 -2.3716451287941371 -1.4806678039707082
v 0.0198493152856827 0.0254499986767769 0.0147457681596279
vn 2.2385977973450184 -2.3728043955597826 -0.7867289689117637
v 0.0190328322350979 0.0254500005394220 0.0132755264639854
vn 1.1864058644113966 -1.1864053376557528 -0.2024061985670272
v 0.0187500063329935 0.0254500005394220 0.0116177350282669
vn -5.1636700859110878 -2.3720239814107149 -1.8030206356486618
v -0.0190294906497002 0.0254500024020672 0.0132660195231438
vn -4.2806536741189873 -2.3720204570809109 -3.4044692219756962
v -0.0198367256671190 0.0254500024020672 0.0147300250828266
vn -2.7862980452150587 -1.1992241928367111 -3.3276265714921944
v -0.0210814569145441 0.0254500024020672 0.0158460848033428
vn -5.4162086654787718 2.2967431815399122 -0.4637148539707848
v -0.0187499970197678 0.0290500018745661 0.0116177387535572
vn 1.0479801650463023 -0.0010550009818246 -1.1701017374809191
v 0.0210814662277699 0.0290499962866306 0.0158460810780525
vn 1.6823323276099342 -1.0753796284249770 -2.0418425047179545
v 0.0210814662277699 0.0254499968141317 0.0158460810780525
vn 2.4190206947747699 0.0010534188221091 -1.9351040812976961
v 0.0198493134230375 0.0254499986767769 0.0147457718849182
vn 4.2811535476280067 2.3704582948909638 -3.4041769385597171
v 0.0198367349803448 0.0290499962866306 0.0147300213575363
vn 2.9220066940433114 0.0015908510798009 -1.0265108647227092
v 0.0190328303724527 0.0254500005394220 0.0132755264639854
vn 5.1638987146564350 2.3715006466216630 -1.8025850308001661
v 0.0190294981002808 0.0290499981492758 0.0132660157978535
vn 1.3516998200164787 -2.1854933753703296 -1.7188419399448702
v 0.0254283528774977 0.0254499986767769 0.0190233699977398
vn 3.5832878693406700 -2.2087086377434240 -3.8979085961631856
v 0.0255000349134207 0.0254499968141317 0.0190838202834129
vn 4.2977327482939387 -2.6060243571500248 -2.0557131175454706
v 0.0358294732868671 0.0254499949514866 0.0326217301189899
vn 1.6223318923347114 -2.1461803016961785 -1.4051979744317173
v 0.0301082246005535 0.0254499986767769 0.0236815586686134
vn 3.9986250753484929 -2.5428221927956756 -2.7686333611868994
v 0.0330543220043182 0.0254499949514866 0.0276245065033436
vn 1.8936377643087905 -2.1844121489438102 -1.0893690637964741
v 0.0339467450976372 0.0254499968141317 0.0290542319417000
vn 2.0400055121366218 -2.1845258299679076 -0.7813185343762261
v 0.0368366539478302 0.0254499968141317 0.0349912606179714
vn 4.5476723161545518 -2.6199305435531066 -1.3411860405189115
v 0.0378543026745319 0.0254499949514866 0.0379671715199947
vn 2.1367928828999894 -2.1844846552330495 -0.4542954000758134
v 0.0386971905827522 0.0254499968141317 0.0413267388939857
vn 4.7513207810925557 -2.5903403960393376 -0.6088697950349283
v 0.0390864163637161 0.0254499930888414 0.0435488931834698
vn 2.1816339501718582 -2.1843141013144738 -0.1161873700471974
v 0.0394763685762882 0.0254499968141317 0.0478836297988892
vn 5.3162594539243804 -2.1795356590997610 0.1304227554560276
v 0.0395000055432320 0.0254499930888414 0.0492500029504299
vn 2.1667840685045787 -2.1788423613631309 0.2352996329523887
v 0.0391524136066437 0.0254499968141317 0.0544786974787712
vn 4.8412862163919890 -2.4925789580670261 0.9734678855377741
v 0.0389612801373005 0.0254499930888414 0.0557514876127243
vn 2.0979101032650127 -2.1788340448389105 0.5908857992712349
v 0.0377343744039536 0.0254499968141317 0.0609276555478573
vn 4.6291468389430355 -2.4802742444367647 1.7691346027828243
v 0.0373597890138626 0.0254499949514866 0.0620756335556507
vn 1.9710975184750998 -2.1788148453324832 0.9301628562169590
v 0.0352618843317032 0.0254499968141317 0.0670502930879593
vn 4.2876048323412395 -2.4670582992551910 2.5216372441759058
v 0.0347392186522484 0.0254499949514866 0.0680499225854874
vn 1.7899143458281701 -2.1787398740764896 1.2437828674007245
v 0.0318040251731873 0.0254499986767769 0.0726755112409592
vn 3.8250300127788379 -2.4528929969288349 3.2100942228959446
v 0.0311710573732853 0.0254499949514866 0.0735114067792892
vn 1.5592194319905888 -2.1787391102988143 1.5230297378368216
v 0.0274574328213930 0.0254499986767769 0.0776461288332939
vn 3.2531754749588933 -2.4377285755602567 3.8152720741607995
v 0.0267526283860207 0.0254499949514866 0.0783111006021500
vn 1.2854862050035791 -2.1786969562944307 1.7602516778393471
v 0.0223435647785664 0.0254499986767769 0.0818232372403145
vn 2.5868499567350409 -2.4214468020461148 4.3200830320215964
v 0.0216044597327709 0.0254499968141317 0.0823180750012398
vn 0.9762447973173936 -2.1786836089871091 1.9488403466404933
v 0.0166053231805563 0.0254500005394220 0.0850901156663895
vn 1.8434480148811074 -2.4040653815792958 4.7098470143235200
v 0.0158669762313366 0.0254499968141317 0.0854230523109436
vn 0.6400272005833095 -2.1786416030831286 2.0836421929270470
v 0.0104030612856150 0.0254500005394220 0.0873554721474648
vn 1.0426787737304302 -2.3854239147750183 4.9731624120113285
v 0.0096966838464141 0.0254499986767769 0.0875413119792938
vn 0.2861407963726321 -2.1786025582575803 2.1609033580714820
v 0.0039100944995880 0.0254500024020672 0.0885559991002083
vn 0.2058923168466111 -2.3655327760094944 5.1016688104281815
v 0.0032618909608573 0.0254499986767769 0.0886150896549225
vn -0.0756701488609062 -2.1785629673712297 2.1784981424643690
v -0.0026921366807073 0.0254500024020672 0.0886581540107727
vn -0.6432054399237008 -2.3464471843149317 5.0909869905094283
v -0.0032618772238493 0.0254500005394220 0.0886150896549225
vn -0.4354044110531695 -2.1785118370666718 2.1359303604270505
v -0.0092191379517317 0.0254500042647123 0.0876590833067894
vn -1.4816476681568047 -2.3280636612720547 4.9407436491581223
v -0.0096966698765755 0.0254500005394220 0.0875413119792938
vn -0.7831184991913858 -2.1785028454251014 2.0343475469427363
v -0.0154885184019804 0.0254500042647123 0.0855867043137550
vn -2.2874700292464789 -2.3082424546132656 4.6538086356323509
v -0.0158669631928205 0.0254500024020672 0.0854230523109436
vn -1.1092249881332428 -2.1784607667460349 1.8765780528416331
v -0.0213250853121281 0.0254500061273575 0.0824989229440689
vn -3.0276139128792083 -2.2726141146355703 4.2437715122781619
v -0.0216044448316097 0.0254500024020672 0.0823180750012398
vn -1.4047040021807002 -2.1784281149326725 1.6670192706561018
v -0.0265657380223274 0.0254500061273575 0.0784820318222046
vn -3.7125805168395711 -2.2650778398910432 3.7006570672971892
v -0.0267526153475046 0.0254500042647123 0.0783111006021500
vn -1.6614048216723680 -2.1783841490742919 1.4113794289480526
v -0.0310640353709459 0.0254500061273575 0.0736482739448547
vn -4.2906540494218488 -2.2429458471204047 3.0589777423653643
v -0.0311710424721241 0.0254500042647123 0.0735114067792892
vn -1.8765658787117665 -2.1352404132185749 1.0187596137915678
v -0.0346942730247974 0.0254500079900026 0.0681327208876610
vn -2.0181674764788884 -2.1340657265786662 0.6936754006954927
v -0.0373550094664097 0.0254500079900026 0.0620895139873028
vn -2.1062027310001761 -2.1350485492780318 0.3498179383887691
v -0.0389718897640705 0.0254500079900026 0.0556875169277191
vn -5.3150782168473176 -2.1884437610634699 0.1992693349949513
v -0.0394999943673611 0.0254500061273575 0.0492500029504299
vn -2.1773327554502755 -2.1776552084631375 -0.0938794005395949
v -0.0394997298717499 0.0254500079900026 0.0491056255996227
vn -5.2445430212405366 -2.2194357971021277 -0.6667042932079188
v -0.0389440804719925 0.0254500042647123 0.0426463596522808
vn -2.1311192606192160 -2.1776247069411609 -0.4558882328113629
v -0.0389237888157368 0.0254500079900026 0.0425277687609196
vn -5.0655373246909292 -2.2129949733799745 -1.5386436341403016
v -0.0372919887304306 0.0254500042647123 0.0362285934388638
vn -2.0251838518035652 -2.1776010203263327 -0.8051654007626634
v -0.0372601486742496 0.0254500079900026 0.0361377596855164
vn -4.7420059596452031 -2.2069021933915094 -2.3693942383127360
v -0.0345902219414711 0.0254500042647123 0.0301773510873318
vn -1.8624207589097743 -2.1775783188920390 -1.1318201007712876
v -0.0345553085207939 0.0254500079900026 0.0301141645759344
vn -4.2826680495798772 -2.2011902329920980 -3.1350445688115722
v -0.0309148263186216 0.0254500042647123 0.0246629528701305
vn -1.6471364514385864 -2.1773958057522353 -1.4268133660840798
v -0.0308848489075899 0.0254500061273575 0.0246253013610840
vn -1.4236700278635146 -2.1340733947088317 -1.5897535737221755
v -0.0263513363897800 0.0254500061273575 0.0198245570063591
vn -0.6451710183218363 -1.0670334146478462 -0.8545909234472169
v -0.0210814587771893 0.0254500061273575 0.0158460810780525
vn -3.4156083742895076 2.2611113430988570 -4.2025481582333493
v -0.0210814569145441 0.0290500037372112 0.0158460848033428
vn -4.2806444855138057 2.3720322889976950 -3.4044647245055613
v -0.0198367256671190 0.0290500037372112 0.0147300250828266
vn -5.1636708523333699 2.3720231224854977 -1.8030201301630064
v -0.0190294906497002 0.0290500018745661 0.0132660195231438
vn 2.3665899803366441 2.2615527152854891 -3.0333207196186733
v 0.0210814643651247 0.0290499962866306 0.0158460810780525
vn 5.3158255521685067 2.1810558854822233 0.1432383764817803
v 0.0395000055432320 0.0290499944239855 0.0492500029504299
vn 5.3178616063290951 2.1893722909972384 -0.2644459901234673
v 0.0394838415086269 0.0290499944239855 0.0481200776994228
vn 3.1349303150099450 0.0020084029547006 -0.1698239713661746
v 0.0394763685762882 0.0254499930888414 0.0478836297988892
vn 4.7702753525658075 2.5799534642848605 -0.5981076925015892
v 0.0390864163637161 0.0290499944239855 0.0435488931834698
vn 5.2109894169803379 2.1872920549256487 -1.0920210635696685
v 0.0387362502515316 0.0290499944239855 0.0415199697017670
vn 3.0704488637282514 -0.0001917999708031 -0.6551380092584413
v 0.0386971905827522 0.0254499930888414 0.0413267388939857
vn 4.5487858011588118 2.6210163415815204 -1.3306706544234623
v 0.0378543026745319 0.0290499944239855 0.0379671715199947
vn 4.9763753626468450 2.1854951252276837 -1.8924739872620429
v 0.0368932895362377 0.0290499944239855 0.0351384542882442
vn 2.9313086617449668 -0.0015823890931397 -1.1244647092553428
v 0.0368366502225399 0.0254499949514866 0.0349912643432617
vn 4.2885382273751533 2.6141517648654662 -2.0421757293833336
v 0.0358294732868671 0.0290499944239855 0.0326217301189899
vn 4.6198860608056833 2.1841146029042684 -2.6463500336263892
v 0.0340070687234402 0.0290499944239855 0.0291559789329767
vn 2.7209390484765406 -0.0021760238952192 -1.5663684689209525
v 0.0339467413723469 0.0254499949514866 0.0290542338043451
vn 3.9842862186406958 2.5564186207246724 -2.7511117148409010
v 0.0330543220043182 0.0290499944239855 0.0276245065033436
vn 4.1502778819328192 2.1832549314631580 -3.3352988469721421
v 0.0301592051982880 0.0290499962866306 0.0237417146563530
vn 2.3780175551381264 -0.0236795339204584 -2.0420296071276440
v 0.0301082227379084 0.0254499949514866 0.0236815586686134
vn 3.6344669384531207 2.3996513589986264 -3.4875436046759574
v 0.0295869745314121 0.0290499962866306 0.0230801478028297
vn 3.4126522511130730 2.1507147471215915 -4.0311367794993780
v 0.0254585109651089 0.0290499962866306 0.0190487690269947
vn 1.9393724397822334 0.0007303724376374 -2.4691087688282813
v 0.0254283528774977 0.0254499968141317 0.0190233699977398
vn 0.9269328662529475 0.0000004795967092 -1.2681478465938738
v 0.0210814662277699 0.0254499986767769 0.0158460810780525
vn 3.1209625957262448 0.0038478693103364 0.3348025072412988
v 0.0391524098813534 0.0254499930888414 0.0544786974787712
vn 5.2851590207309318 2.1860212069947016 0.5964599033431216
v 0.0391149222850800 0.0290499944239855 0.0547521337866783
vn 4.8404473499377065 2.4892026425881575 1.0111688359350519
v 0.0389612801373005 0.0290499944239855 0.0557514876127243
vn 3.0225053383806917 0.0048053558817075 0.8466778004461630
v 0.0377343744039536 0.0254499949514866 0.0609276555478573
vn 5.1098837755913546 2.1930257130088271 1.4524434476457022
v 0.0376399196684361 0.0290499944239855 0.0612286031246185
vn 4.6456526558680293 2.4589772415446784 1.8154749363244420
v 0.0373597890138626 0.0290499944239855 0.0620756335556507
vn 2.8406830260814360 0.0058593614145961 1.3352157406056531
v 0.0352618806064129 0.0254499949514866 0.0670502930879593
vn 4.7974202726297968 2.1934706877146106 2.2834851734817168
v 0.0351005494594574 0.0290499944239855 0.0673663467168808
vn 4.3185108989170242 2.4265784383390634 2.5830574814797309
v 0.0347392186522484 0.0290499944239855 0.0680499225854874
vn 2.5805111235803588 0.0070163446872216 1.7869272451034486
v 0.0318040251731873 0.0254499949514866 0.0726755112409592
vn 4.3508777808841632 2.1939385714579349 3.0510035813757481
v 0.0315686166286469 0.0290499962866306 0.0729917958378792
vn 3.8658547992213452 2.3919354732976776 3.2920284279506586
v 0.0311710573732853 0.0290499962866306 0.0735114067792892
vn 2.2491495193494138 0.0082711046531403 2.1893648873441318
v 0.0274574309587479 0.0254499949514866 0.0776461288332939
vn 3.7826127806251528 2.1944406135915608 3.7335691250035907
v 0.0271439962089062 0.0290499962866306 0.0779458880424500
vn 3.2983073216579433 2.3549908730703417 3.9217587523965252
v 0.0267526283860207 0.0290499962866306 0.0783111006021500
vn 1.8557313197157566 0.0096265608737265 2.5314183696051105
v 0.0223435629159212 0.0254499968141317 0.0818232372403145
vn 3.1084945156835944 2.1949338715519175 4.3120933258932235
v 0.0219518039375544 0.0290499962866306 0.0820885226130486
vn 2.6301190824833514 2.3158610650280465 4.4532154848552326
v 0.0216044597327709 0.0290499962866306 0.0823180750012398
vn 1.4111238164061293 0.0110824190182752 2.8036317918276326
v 0.0166053231805563 0.0254499968141317 0.0850901156663895
vn 2.3473603134998107 2.1954553905623575 4.7703316606219310
v 0.0161388665437698 0.0290499981492758 0.0853025615215302
vn 1.8791414743924970 2.2752064413170121 4.8693117723162374
v 0.0158669762313366 0.0290499981492758 0.0854230523109436
vn 0.9275734336389867 0.0126268782053486 2.9985026070738514
v 0.0104030603542924 0.0254499986767769 0.0873554646968842
vn 0.8918255715180995 0.0158886755078066 3.0099608523427834
v 0.0098695605993271 0.0290499981492758 0.0874971225857735
vn 1.0702296315816584 2.2326022427304104 5.1572638477830974
v 0.0096966838464141 0.0290499981492758 0.0875413119792938
vn 0.4184134678768398 0.0142811931622292 3.1106423362782785
v 0.0039100940339267 0.0254499986767769 0.0885559991002083
vn 0.6482562438550848 2.1955182671787745 5.2796946759564305
v 0.0033211654517800 0.0290500000119209 0.0886101350188255
vn 0.2186150876951856 2.1987348878715043 5.2994203756285572
v 0.0032618914265186 0.0290500000119209 0.0886150896549225
vn -0.1025958291886436 0.0141611235866388 3.1369790446569485
v -0.0026921366807073 0.0254500005394220 0.0886581540107727
vn -0.2230737586775208 2.2091367852425732 5.2993392894224929
v -0.0032618767581880 0.0290500000119209 0.0886150896549225
vn -0.6543877342084682 2.1826370640517689 5.2787613462916561
v -0.0033211444970220 0.0290500000119209 0.0886101350188255
vn -0.6219606091489327 0.0113467539939662 3.0764925139506540
v -0.0092191379517317 0.0254500005394220 0.0876590833067894
vn -1.0728078457148378 2.2407137453818362 5.1568177061096030
v -0.0096966698765755 0.0290500018745661 0.0875413119792938
vn -1.5239305158115619 2.1790685724311945 5.0960714591439631
v -0.0098695401102304 0.0290500018745661 0.0874971225857735
vn -1.1248587697208463 0.0077690423993108 2.9303634103468239
v -0.0154885174706578 0.0254500024020672 0.0855866968631744
vn -1.8878204915416312 2.2762324160486522 4.8725080311385538
v -0.0158669631928205 0.0290500018745661 0.0854230523109436
vn -2.3172420579861388 2.1654156154046253 4.8034795059600004
v -0.0161388479173183 0.0290500018745661 0.0853025689721107
vn -1.6196317271001184 0.0044704843209836 2.6884999562207108
v -0.0213250834494829 0.0254500024020672 0.0824989229440689
vn -2.5730872192784471 2.1040363526405019 4.6534943343470498
v -0.0197499934583902 0.0290500037372112 0.0834580063819885
vn -2.8375265349409440 2.2508214721613586 4.4746754405512634
v -0.0216044448316097 0.0290500037372112 0.0823180750012398
vn -3.1121013278608620 2.1716661685764791 4.3132105426464493
v -0.0219517853111029 0.0290500037372112 0.0820885300636292
vn -2.0236720626983384 0.0009549065503643 2.3996518056764016
v -0.0265657361596823 0.0254500042647123 0.0784820243716240
vn -3.3171232060556397 2.3430679165796096 3.9291419214976089
v -0.0267526153475046 0.0290500037372112 0.0783111006021500
vn -3.7864636845854776 2.1678183550344405 3.7349595499470736
v -0.0271439775824547 0.0290500037372112 0.0779458954930305
vn -2.3945456044065838 -0.0022850146343358 2.0298480054571537
v -0.0310640335083008 0.0254500042647123 0.0736482664942741
vn -3.8924218211478001 2.3723332047106060 3.3003744090593221
v -0.0311710424721241 0.0290500037372112 0.0735114067792892
vn -4.3551476797862732 2.1638205464327900 3.0526418440800605
v -0.0315685980021954 0.0290500037372112 0.0729918032884598
vn -2.7487082177791171 -0.0288393159992593 1.5028757084233006
v -0.0346942692995071 0.0254500042647123 0.0681327208876610
vn -4.3545284561860287 2.3983072374976375 2.5902807549486506
v -0.0347392074763775 0.0290500055998564 0.0680499225854874
vn -4.8023012668196001 2.1566558619980767 2.2849270456276809
v -0.0351005345582962 0.0290500055998564 0.0673663541674614
vn -2.9604209758481952 -0.0335850382832934 1.0247385058926586
v -0.0373550057411194 0.0254500042647123 0.0620895139873028
vn -4.6920674109628049 2.4224201623692041 1.8195617533678028
v -0.0373597741127014 0.0290500055998564 0.0620756335556507
vn -5.1154047727909804 2.1551511039693922 1.4541853647495442
v -0.0376399047672749 0.0290500055998564 0.0612286105751991
vn -3.0897268797211148 -0.0355816780939549 0.5192501988371501
v -0.0389718860387802 0.0254500042647123 0.0556875132024288
vn -5.3156004151304117 2.1787605830671049 0.1471164063486558
v -0.0394999943673611 0.0290500055998564 0.0492500029504299
vn -5.2857976252950838 2.1561378183893476 0.5851141297494509
v -0.0391149073839188 0.0290500055998564 0.0547521412372589
vn -4.8978081248221264 2.4440730645329265 1.0090646596727930
v -0.0389612652361393 0.0290500055998564 0.0557514876127243
vn -3.1371846431823069 -0.0247040683403118 -0.1189601861943958
v -0.0394997298717499 0.0254500061273575 0.0491056255996227
vn -5.3085184617276360 2.1547972059231801 -0.3047888068569243
v -0.0394838303327560 0.0290500055998564 0.0481200814247131
vn -4.9240207745195255 2.4706297688280849 -0.6559421213433870
v -0.0389440804719925 0.0290500055998564 0.0426463596522808
vn -3.0734905181520107 -0.0254442557608763 -0.6401884515157421
v -0.0389237850904465 0.0254500042647123 0.0425277687609196
vn -5.1825816729510548 2.1536297425358599 -1.1890969908590683
v -0.0387362390756607 0.0290500055998564 0.0415199771523476
vn -4.7412159971780312 2.4731155638370219 -1.4700556971021055
v -0.0372919887304306 0.0290500055998564 0.0362285934388638
vn -2.9238075029982973 -0.0261681848426033 -1.1435211986163711
v -0.0372601486742496 0.0254500042647123 0.0361377634108067
vn -4.9103795452523196 2.1524686196002252 -2.0398312306674100
v -0.0368932746350765 0.0290500055998564 0.0351384580135345
vn -4.4249524314491886 2.4755516361827685 -2.2415267396333878
v -0.0345902219414711 0.0290500055998564 0.0301773510873318
vn -2.6923322520601407 -0.0268770130130095 -1.6148483862393241
v -0.0345553085207939 0.0254500042647123 0.0301141664385796
vn -4.4996258000550515 2.1512888206537406 -2.8329762288185969
v -0.0340070575475693 0.0290500055998564 0.0291559845209122
vn -3.9843055922738477 2.4779500528295619 -2.9486687011068362
v -0.0309148263186216 0.0290500037372112 0.0246629528701305
vn -2.3852399324587599 -0.0276923802676111 -2.0413308928106177
v -0.0308848470449448 0.0254500042647123 0.0246253050863743
vn -3.9616474244136959 2.1496710780200732 -3.5464148242918592
v -0.0301591958850622 0.0290500037372112 0.0237417221069336
vn -2.0957148965023316 -0.0414989724803048 -2.3292265482628940
v -0.0263513345271349 0.0254500042647123 0.0198245570063591
vn -3.3124079828278408 2.1489183694461289 -4.1592528075751156
v -0.0254585016518831 0.0290500037372112 0.0190487727522850
vn -3.4322135478997584 2.4795794508619764 -3.5712912268331087
v -0.0263692550361156 0.0290500037372112 0.0198406167328358
vn -0.6769674278832564 1.1437023315095256 -0.9251954661926599
v -0.0209747161716223 0.0292500033974648 0.0160152167081833
vn 0.6284281789004780 2.1801174140827833 2.0854990972257643
v 0.0098695605993271 0.0290499981492758 0.0874971151351929
vn 5.2251203459256192 2.1137110332985420 0.5059565274021485
v -0.0239999908953905 0.0330500043928623 0.0282500032335520
vn 4.6999622117817799 2.0059843140100866 1.9467914891406954
v -0.0240761116147041 0.0330500043928623 0.0286326874047518
vn 3.5971944785571273 2.0059823654125450 3.5972037568059561
v -0.0242928843945265 0.0330500043928623 0.0289571098983288
vn 1.9467913625336126 2.0059842432632147 4.6999696306475505
v -0.0246173087507486 0.0330500043928623 0.0291738826781511
vn 0.5059575116589283 2.1137108582607071 5.2251208662645166
v -0.0249999910593033 0.0330500043928623 0.0292500033974648
vn -0.5728199394308365 2.0974051674824459 5.1998750230060482
v -0.0267394743859768 0.0330500043928623 0.0292500033974648
vn -2.1785778391598756 1.9733665057803393 4.5411711103157160
v -0.0271720159798861 0.0330500043928623 0.0291516184806824
vn -3.8270675846060027 2.0382380331345802 3.4289506027061396
v -0.0275194458663464 0.0330500043928623 0.0288758203387260
vn -4.6991608318070721 2.1023524748086464 2.2846070995448970
v -0.0276388209313154 0.0330500043928623 0.0286872405558825
vn -5.0604885784413352 2.0382411412059862 0.8919318549689351
v -0.0277133993804455 0.0330500043928623 0.0284768808633089
vn -4.9170158609082142 1.9733712905498741 -1.0914899767251978
v -0.0277157127857208 0.0330500043928623 0.0280332975089550
vn -3.5304829582265924 0.9866854463642818 -2.1231532904517136
v -0.0275259297341108 0.0330500043928623 0.0276323556900024
vn -3.4529766158498010 2.0675313821276067 -3.8717232888239672
v -0.0257352851331234 0.0330500043928623 0.0255288183689117
vn 5.1843813321493428 2.0876939647602342 -0.6116715566978830
v -0.0239999908953905 0.0330500043928623 0.0262065678834915
vn 4.4414871491052628 1.9539489699463197 -2.3087903387563697
v -0.0241127107292414 0.0330500043928623 0.0257453359663486
vn 3.1793107772248779 2.0240681032190344 -4.0109074423187776
v -0.0244254544377327 0.0330500043928623 0.0253880880773067
vn 1.8965701210413137 2.0932208596478699 -4.8559639977297433
v -0.0246361885219812 0.0330500043928623 0.0252750888466835
vn 0.3806466171345170 2.0240600743158605 -5.1039915194977423
v -0.0248677227646112 0.0330500043928623 0.0252153538167477
vn -1.7010198459290591 1.9539439772925564 -4.7078517104368451
v -0.0253398064523935 0.0330500043928623 0.0252660736441612
vn 0.2380604782728003 5.2527606964112481 2.3075189095619324
v -0.0249999910593033 0.0332500040531158 0.0290500037372112
vn 0.9159907628624201 5.1424949833647196 2.2113889289989386
v -0.0246938448399305 0.0332500040531158 0.0289891064167023
vn 1.6925247940800234 5.1424906297606743 1.6925282972265767
v -0.0244343057274818 0.0332500040531158 0.0288156885653734
vn 2.2113882193812198 5.1424981841965831 0.9159851904018731
v -0.0242608878761530 0.0332500040531158 0.0285561494529247
vn 2.3075197239690093 5.2527595335893205 0.2380622298501797
v -0.0241999905556440 0.0332500040531158 0.0282500032335520
vn -0.2744440219374811 5.2352310567702354 2.3172911192289982
v -0.0267394743859768 0.0332500040531158 0.0290500037372112
vn -1.1184224988196450 4.0850428257413771 -0.5293973536515603
v -0.0273686386644840 0.0332500040531158 0.0277558863162994
vn -2.3557925567725504 5.1074323627368372 -0.5229419081767180
v -0.0275204647332430 0.0332500040531158 0.0280766393989325
vn -2.3403240765880855 5.1756142203213251 0.3974695339141370
v -0.0275186132639647 0.0332500040531158 0.0284315049648285
vn -2.0917297597409501 5.2437676002543974 1.0169378917864671
v -0.0274589527398348 0.0332500040531158 0.0285997930914164
vn -1.7581022925865080 5.1755963032645820 1.5950676062698852
v -0.0273634511977434 0.0332500040531158 0.0287506580352783
vn -1.0437768240598562 5.1074279815462846 2.1757240389856114
v -0.0270855072885752 0.0332500040531158 0.0289712958037853
vn -0.8310739722332663 1.0905527492062257 -0.7074545355759749
v -0.0275259315967560 0.0330500043928623 0.0276323594152927
vn -1.5515875382286439 5.2044567650661415 -1.7722965204817596
v -0.0255882274359465 0.0332500040531158 0.0256643667817116
vn -0.8611474087007527 1.1300157504644737 -0.7330546497577932
v -0.0273686405271292 0.0332500040531158 0.0277558863162994
vn 2.3227429747589570 5.2246451850961257 -0.2962046561804184
v -0.0241999905556440 0.0332500040531158 0.0262065678834915
vn 2.1508057101877167 5.0862576454891659 -1.1180431989667863
v -0.0242901667952538 0.0332500040531158 0.0258375816047192
vn 1.4939266156038769 5.1604480803303758 -1.8571573155283962
v -0.0245403628796339 0.0332500040531158 0.0255517847836018
vn 0.8486528413281752 5.2346226656112389 -2.1728333942862879
v -0.0247089490294456 0.0332500040531158 0.0254613868892193
vn 0.1602081503969264 5.1604300560009531 -2.3780770025425788
v -0.0248941760510206 0.0332500040531158 0.0254135951399803
vn -0.8237274744672425 5.0862475865705861 -2.2798014413994148
v -0.0252718441188335 0.0332500040531158 0.0254541710019112
vn 2.6309348326462176 7.5594160889425801 -3.2258368117405491
v 0.0209747161716223 -0.0252500046044588 0.0160152129828930
vn -2.1010071616968919 3.0022499252573995 2.3254114890900484
v -0.0263470746576786 -0.0252499971538782 0.0784102752804756
vn 1.8383458407662139 3.0557330230361499 -2.5439949289850281
v 0.0222770646214485 -0.0252500046044588 0.0168737247586250
vn -1.7576518086560609 3.0022425395059873 2.5946924711077077
v -0.0220414400100708 -0.0252499990165234 0.0817870423197746
vn -2.8641425259350974 3.0022591175105804 1.2721893653175487
v -0.0359161607921124 -0.0252499971538782 0.0652031898498535
vn -3.0130714488958485 3.0022581112508426 0.8620776322901627
v -0.0377839393913746 -0.0252499971538782 0.0600598193705082
vn 2.5021239135039752 3.5251921967432311 -1.8028695683193858
v 0.0195317193865776 -0.0252500046044588 0.0146584138274193
vn -2.6596758050302380 3.0022330436337032 1.6576745755172093
v -0.0333518944680691 -0.0252499971538782 0.0700378045439720
vn -2.4036335478760833 3.0022410625044018 2.0110474131623373
v -0.0301410239189863 -0.0252499971538782 0.0744692012667656
vn -3.1325165440448908 3.0557326396025761 -0.1968811602467145
v -0.0392690598964691 -0.0252499952912331 0.0476904697716236
vn -5.3986880162712261 8.3717629684456476 0.1629579861730686
v -0.0393000021576881 -0.0252499952912331 0.0492500029504299
vn -3.1036001396377761 3.0022538344145238 0.4352487542538142
v -0.0389192327857018 -0.0252499971538782 0.0547071322798729
vn 1.5554429101096583 3.0022409111731112 2.7207297949382250
v 0.0195056963711977 -0.0252500046044588 0.0833675414323807
vn 1.9108454302367786 3.0085628203701953 2.4848877517472796
v 0.0240559931844473 -0.0252500046044588 0.0803272724151611
vn -1.3802424836495304 3.0022632453392761 2.8136646893923691
v -0.0173085834830999 -0.0252499990165234 0.0845329836010933
vn 2.7401836957833927 3.0022574937372499 1.5209127255184414
v 0.0343614518642426 -0.0252500064671040 0.0683227255940437
vn 2.9248574798152496 3.0022605227667523 1.1256076863034832
v 0.0366775169968605 -0.0252500064671040 0.0633650347590446
vn 5.3974557134012420 8.3472908757947106 0.0450789418235544
v 0.0392999984323978 -0.0252500083297491 0.0492500029504299
vn 3.1036016732291056 3.0022361322834370 -0.4352327845502265
v 0.0389192551374435 -0.0252500083297491 0.0437921732664108
vn 5.4262147890143826 8.1107262904850739 -0.7009529254556117
v 0.0185499954968691 -0.0252500046044588 0.0022500003688037
vn -5.4680859923468983 8.2858037538337488 -0.4295032293686555
v -0.0185500029474497 -0.0252499990165234 0.0022500003688037
vn 5.2605460816711958 8.7019211290091683 -0.3615383834346612
v 0.0185499954968691 -0.0252500046044588 0.0116177350282669
vn -5.2431557116867316 8.7731775478823266 -0.4720848366656774
v -0.0185500029474497 -0.0252499990165234 0.0116177350282669
vn 2.9855365478954310 3.4537830472547824 -0.8471399853259145
v 0.0186999030411243 -0.0252500046044588 0.0128569416701794
vn -2.8600328325209703 3.5251924433036903 -1.1537627221540425
v -0.0189272668212652 -0.0252499990165234 0.0135621652007103
vn 2.5023789256315006 3.0022410994618522 1.8867620736121415
v 0.0313794203102589 -0.0252500064671040 0.0729104951024055
vn 3.0528453876226380 3.0022318561224974 0.7084447685272045
v 0.0382827669382095 -0.0252500064671040 0.0581331998109818
vn 3.1203992148877959 3.0275755614910560 0.3172944427078020
v 0.0391456708312035 -0.0252500083297491 0.0527292788028717
vn 3.0130555023750851 3.0022338600599956 -0.8621253722526721
v 0.0377838909626007 -0.0252500064671040 0.0384392589330673
vn 2.8641115073415540 3.0022651091856414 -1.2722623292980297
v 0.0359161384403706 -0.0252500064671040 0.0332964137196541
vn 2.6596612934964776 3.0022568560788168 -1.6577039077593327
v 0.0333519987761974 -0.0252500064671040 0.0284622982144356
vn 2.4036174388475993 3.0022230703287081 -2.0110645061163002
v 0.0301409792155027 -0.0252500064671040 0.0240306816995144
vn 2.1054384492174765 3.0058698066692937 -2.3219293972666204
v 0.0263457428663969 -0.0252500064671040 0.0200884006917477
vn 2.7055655934374085 2.6612924394335229 -1.4110907819940448
v 0.0184593070298433 -0.0252500046044588 0.0018803585553542
vn 1.7470133407381203 2.6609877231335384 -2.5017017757964384
v 0.0182076208293438 -0.0252500046044588 0.0015939098084345
vn -2.3098036471792547 3.4537823509538881 -2.0726492679185435
v -0.0200067684054375 -0.0252499990165234 0.0152270644903183
vn -1.9205681815399860 3.1923301326954676 -2.4848877198728472
v -0.0209747217595577 -0.0252499990165234 0.0160152129828930
vn -2.0244798678765705 3.0022365041452335 -2.3923317368616588
v -0.0253870356827974 -0.0252499990165234 0.0192500874400139
vn 2.2235384067181574 3.0085771116363027 2.2095009056242443
v 0.0277892965823412 -0.0252500064671040 0.0770393013954163
vn -1.3656682699063811 2.9485108477005983 -7.5003605224082852
v -0.0177500043064356 -0.0252499990165234 0.0014500018442050
vn -1.4110843149444632 2.6613004264803917 -2.7055723318158580
v -0.0181196443736553 -0.0252499990165234 0.0015406903112307
vn -2.5016945817522451 2.6609791700953478 -1.7470180577198569
v -0.0184060949832201 -0.0252499990165234 0.0017923746490851
vn -2.3371644650555403 3.0022330271384607 -2.0879223683044787
v -0.0293078776448965 -0.0252499971538782 0.0230671241879463
vn -2.6045113329905649 3.0022664432348054 -1.7430726163571295
v -0.0326601862907410 -0.0252499971538782 0.0273914076387882
vn -2.8213500994190701 3.0022558318308215 -1.3644626199812357
v -0.0353797487914562 -0.0252499971538782 0.0321398265659809
vn -2.9835241039794220 3.0022231438805176 -0.9593417007603848
v -0.0374136790633202 -0.0252499971538782 0.0372204743325710
vn -3.0872725138512536 3.0058703912822402 -0.5412712765426899
v -0.0387219935655594 -0.0252499971538782 0.0425340160727501
vn 0.6698354853631401 2.8378038317376291 -3.0323192510560362
v 0.0178533401340246 -0.0252500046044588 0.0014567818725482
vn 0.9354653918570821 3.0607018982879683 -7.5817840099595681
v 0.0177499968558550 -0.0252500046044588 0.0014500018442050
vn -3.0323201918307396 2.8378054909513244 -0.6698330547924811
v -0.0185432229191065 -0.0252499990165234 0.0021466570906341
vn -0.9760881611194909 3.0022503691563229 2.9780933335973825
v -0.0122397951781750 -0.0252500008791685 0.0865952000021935
vn 0.7470110467705579 3.0022527599985223 3.0436395080160317
v 0.0093668224290013 -0.0252500027418137 0.0874173045158386
vn 1.1624857021285968 3.0022629196174613 2.9103981314593330
v 0.0145772770047188 -0.0252500046044588 0.0857462659478188
vn -0.5529552515239150 3.0022250914118978 3.0848010100170145
v -0.0069333286955953 -0.0252500008791685 0.0879335105419159
vn -0.1190964182775756 3.0022469811168926 3.1317017502054729
v -0.0014928617747501 -0.0252500008791685 0.0885216370224953
vn 0.3170343655237012 3.0022482150025702 3.1178951344607082
v 0.0039748242124915 -0.0252500027418137 0.0883484631776810
vn -0.6123309909638120 -8.1537691748996686 -5.4038660701668313
v -0.0177500043064356 -0.0292499996721745 0.0014500018442050
vn 0.3408918218673037 -8.3288386428929719 -5.4457432707830185
v 0.0177499968558550 -0.0292500052601099 0.0014500018442050
vn -5.4457525651184424 -8.3288300999088172 -0.3408915540619130
v -0.0185500029474497 -0.0292499996721745 0.0022500003688037
vn -3.0323201918307405 -2.8378054909513244 -0.6698330547924812
v -0.0185432229191065 -0.0292499996721745 0.0021466570906341
vn -2.5016945817522460 -2.6609791700953478 -1.7470180577198573
v -0.0184060949832201 -0.0292499996721745 0.0017923746490851
vn -1.4110843149444625 -2.6613004264803921 -2.7055723318158575
v -0.0181196443736553 -0.0292499996721745 0.0015406903112307
vn -4.2235627604007071 -7.7545192497031170 -0.2991909841780004
v -0.0185500029474497 -0.0292499996721745 0.0116177350282669
vn -2.6099803696593180 -7.4374904470496359 -3.2569085670770486
v -0.0209747217595577 -0.0292499996721745 0.0160152129828930
vn -2.3098046385960362 -3.4537823509538881 -2.0726503232143547
v -0.0200067684054375 -0.0292499996721745 0.0152270644903183
vn -2.8600338561443319 -3.5251924433036907 -1.1537631861548172
v -0.0189272668212652 -0.0292499996721745 0.0135621652007103
vn -5.3987402313142487 -8.3717236854613226 0.1629425452089912
v -0.0393000021576881 -0.0292499959468842 0.0492500029504299
vn -3.1325178416713024 -3.0557326396025761 -0.1968805511330986
v -0.0392690598964691 -0.0292499959468842 0.0476904697716236
vn -3.0872718544226996 -3.0058703912822402 -0.5412697088327945
v -0.0387219935655594 -0.0292499978095293 0.0425340160727501
vn -2.9835249916113900 -3.0022231438805176 -0.9593419582698923
v -0.0374136790633202 -0.0292499978095293 0.0372204743325710
vn -2.8213510486307043 -3.0022558318308215 -1.3644630424588968
v -0.0353797487914562 -0.0292499978095293 0.0321398265659809
vn -2.6045123429694970 -3.0022664432348054 -1.7430732427195614
v -0.0326601862907410 -0.0292499978095293 0.0273914076387882
vn -2.3371658854090356 -3.0022330271384607 -2.0879230272691536
v -0.0293078776448965 -0.0292499978095293 0.0230671241879463
vn -2.0244799579901462 -3.0022365041452335 -2.3923294690334442
v -0.0253870356827974 -0.0292499996721745 0.0192500874400139
vn 5.3974981754130180 -8.3472551746939772 0.0450734074408582
v 0.0392999984323978 -0.0292500089854002 0.0492500029504299
vn 3.1203979266139874 -3.0275755614910560 0.3172949788735838
v 0.0391456708312035 -0.0292500089854002 0.0527292788028717
vn 3.0528458595464576 -3.0022318561224974 0.7084462563459164
v 0.0382827669382095 -0.0292500071227551 0.0581331998109818
vn 2.9248566230443456 -3.0022605227667523 1.1256073838648983
v 0.0366775169968605 -0.0292500071227551 0.0633650347590446
vn 2.7401827913792283 -3.0022574937372499 1.5209122595544007
v 0.0343614518642426 -0.0292500071227551 0.0683227255940437
vn 2.5023779775839232 -3.0022410994618522 1.8867614079660813
v 0.0313794203102589 -0.0292500071227551 0.0729104951024055
vn 2.2235370009453437 -3.0085771116363027 2.2095002263961860
v 0.0277892965823412 -0.0292500071227551 0.0770393013954163
vn 1.9108452285259319 -3.0085628203701948 2.4848902895809961
v 0.0240559931844473 -0.0292500052601099 0.0803272724151611
vn 1.5554419087295275 -3.0022409010781437 2.7207283013096348
v 0.0195056963711977 -0.0292500052601099 0.0833675414323807
vn 1.1624844075174443 -3.0022634710366169 2.9103961155675115
v 0.0145772760733962 -0.0292500052601099 0.0857462659478188
vn 0.7470101089884728 -3.0022531098290415 3.0436426742667582
v 0.0093668214976788 -0.0292500033974648 0.0874173045158386
vn 0.3170338356904954 -3.0022482867491593 3.1178925667646675
v 0.0039748237468302 -0.0292500033974648 0.0883484631776810
vn -0.1190981369037188 -3.0022469462349641 3.1317119002938796
v -0.0014928623568267 -0.0292500015348196 0.0885216370224953
vn -0.5529552705543089 -3.0022249658184981 3.0848010018391787
v -0.0069333291612566 -0.0292500015348196 0.0879335105419159
vn -0.9760883511300098 -3.0022499030374687 2.9780885601473872
v -0.0122397961094975 -0.0292500015348196 0.0865952000021935
vn -1.3802434596011524 -3.0022632540922372 2.8136658666318151
v -0.0173085834830999 -0.0292499996721745 0.0845329836010933
vn -1.7576527657766743 -3.0022425395059877 2.5946917844885271
v -0.0220414400100708 -0.0292499996721745 0.0817870423197746
vn -2.1010088133859846 -3.0022499252573946 2.3254117941697063
v -0.0263470746576786 -0.0292499978095293 0.0784102752804756
vn -2.4036339922698011 -3.0022410625044018 2.0110477898922210
v -0.0301410239189863 -0.0292499978095293 0.0744692012667656
vn -2.6596763093651830 -3.0022330436337032 1.6576748964560950
v -0.0333518944680691 -0.0292499978095293 0.0700378045439720
vn -2.8641430889050592 -3.0022591175105804 1.2721896236996380
v -0.0359161607921124 -0.0292499978095293 0.0652031898498535
vn -3.0130720716103712 -3.0022581112508426 0.8620778237473095
v -0.0377839393913746 -0.0292499978095293 0.0600598193705082
vn -3.1036006142350483 -3.0022538344145238 0.4352481397535071
v -0.0389192327857018 -0.0292499978095293 0.0547071322798729
vn 2.6309472123056108 -4.3330159668094401 -3.2258525575868053
v 0.0209747161716223 -0.0292500052601099 0.0160152129828930
vn 1.8383450992056547 -3.0557330230361499 -2.5439957333724497
v 0.0222770646214485 -0.0292500052601099 0.0168737247586250
vn 2.1054367304082451 -3.0058698066692937 -2.3219291062847782
v 0.0263457428663969 -0.0292500071227551 0.0200884006917477
vn 2.4036169962549945 -3.0022230703287081 -2.0110641314206497
v 0.0301409792155027 -0.0292500071227551 0.0240306816995144
vn 2.6596607923932414 -3.0022568560788168 -1.6577035893465175
v 0.0333519987761974 -0.0292500071227551 0.0284622982144356
vn 2.8641109493445245 -3.0022651091856414 -1.2722620736387380
v 0.0359161384403706 -0.0292500071227551 0.0332964137196541
vn 3.0130550509192648 -3.0022338600599956 -0.8621260236601357
v 0.0377838909626007 -0.0292500071227551 0.0384392589330673
vn 3.1035994369382753 -3.0022361322834370 -0.4352336909750222
v 0.0389192551374435 -0.0292500089854002 0.0437921732664108
vn 5.2605846932530556 -8.7018830261230562 -0.3615422393328349
v 0.0185499954968691 -0.0292500052601099 0.0116177350282669
vn 2.9855355210868533 -3.4537830472547824 -0.8471396668441153
v 0.0186999030411243 -0.0292500052601099 0.0128569416701794
vn 2.5021231436947837 -3.5251921967432311 -1.8028691843229343
v 0.0195317193865776 -0.0292500052601099 0.0146584138274193
vn 5.4038771037406281 -8.1537558775762271 -0.6123355753746105
v 0.0185499954968691 -0.0292500052601099 0.0022500003688037
vn 0.6698354853631399 -2.8378038317376295 -3.0323192510560366
v 0.0178533401340246 -0.0292500052601099 0.0014567818725482
vn 1.7470133407381199 -2.6609877231335388 -2.5017017757964384
v 0.0182076208293438 -0.0292500052601099 0.0015939098084345
vn 2.7055655934374090 -2.6612924394335220 -1.4110907819940455
v 0.0184593070298433 -0.0292500052601099 0.0018803585553542
vn -2.2606264908071338 5.3192407985717214 -0.1076789877537000
v -0.0392981730401516 -0.0252499952912331 0.0488709881901741
vn 1.5960233077280948 5.5168083432311157 -1.2693447058305980
v 0.0196801964193583 -0.0252500046044588 0.0148545093834400
vn -1.5707127216854744 5.3048748585026493 1.6444596028274030
v -0.0267489757388830 -0.0252499971538782 0.0780420526862144
vn 2.2624289594543354 5.3170137032451912 -0.1123573577743322
v 0.0392981730401516 -0.0252500083297491 0.0488709844648838
vn -2.0216415527398253 5.3101222961932182 1.0312367703074403
v -0.0346859917044640 -0.0252499971538782 0.0677262544631958
vn -1.8221470324381510 5.3078370635376944 1.3562008661160270
v -0.0311475154012442 -0.0252499971538782 0.0732150226831436
vn -2.2244505875958387 5.3117982279447977 -0.4426180122846158
v -0.0386928468942642 -0.0252499971538782 0.0423686094582081
vn -2.2457662372940885 5.3132697685524644 0.3081830364776975
v -0.0388183742761612 -0.0252499971538782 0.0553838387131691
vn -2.1640462513120511 5.3119002553920227 0.6785993679123850
v -0.0372666977345943 -0.0252499971538782 0.0617273114621639
vn -1.9252432644647302 5.5168173849561075 -0.6722483813782199
v -0.0188406780362129 -0.0252499990165234 0.0133319459855556
vn 1.9252455283545047 5.5168165242239597 -0.6722485761750843
v 0.0188406705856323 -0.0252500046044588 0.0133319459855556
vn -1.5960234492579255 5.5168055047183611 -1.2693423382319822
v -0.0196802038699389 -0.0252499990165234 0.0148545093834400
vn -0.6950150232279972 4.3766944726938881 -0.9215732380017732
v -0.0209747198969126 -0.0252499990165234 0.0160152167081833
vn -1.5144139666484095 5.2892030127016376 -1.7153808963490149
v -0.0261886790394783 -0.0252499971538782 0.0199473910033703
vn 2.2258548940785934 5.3096360536031941 -0.4446259183185154
v 0.0386928468942642 -0.0252500083297491 0.0423686057329178
vn 2.1254434115465832 5.3073209438195805 -0.8022164426459946
v 0.0370191112160683 -0.0252500064671040 0.0360562354326248
vn 1.9701859370687860 5.3045289287673514 -1.1360845907326140
v 0.0343231782317162 -0.0252500064671040 0.0301081836223602
vn -1.7637049782496672 5.2986799612328399 -1.4442657971806185
v -0.0306795015931129 -0.0252499971538782 0.0246886871755123
vn -1.9690866038558363 5.3049640497784747 -1.1373801890204871
v -0.0343231819570065 -0.0252499971538782 0.0301081873476505
vn -2.1244413755688898 5.3090604983034835 -0.8008787143149618
v -0.0370191112160683 -0.0252499971538782 0.0360562391579151
vn 2.2456907371634545 5.3129006397745009 0.3102382870471052
v 0.0388183742761612 -0.0252500083297491 0.0553838349878788
vn -1.2739386543645808 5.3009418052083364 1.8879920647452246
v -0.0216118264943361 -0.0252499990165234 0.0820740610361099
vn -0.9272529937402043 5.2768025345331679 2.1045424037332827
v -0.0158779192715883 -0.0252499990165234 0.0851997137069702
vn 0.9395736751460959 5.2958663562232839 2.0798151946299210
v 0.0158779211342335 -0.0252500046044588 0.0851997137069702
vn 1.2739389193370241 5.3009393913972351 1.8879922647611764
v 0.0216118283569813 -0.0252500046044588 0.0820740610361099
vn 0.5665746885637628 5.2765292228481888 2.2291073210724317
v 0.0097055835649371 -0.0252500027418137 0.0873326957225800
vn 1.5739748583929813 5.3033186596133675 1.6431904506211523
v 0.0267489776015282 -0.0252500064671040 0.0780420526862144
vn 0.1911428476230468 5.2758467157305375 2.2925933094333084
v 0.0032652495428920 -0.0252500027418137 0.0884141176939011
vn -0.5681487808136839 5.2758313856876580 2.2293023575685806
v -0.0097055817022920 -0.0252500008791685 0.0873326957225800
vn -0.1911407552643565 5.2758466171563283 2.2925919558781254
v -0.0032652469817549 -0.0252500008791685 0.0884141176939011
vn 2.1671195631301314 5.3091462595050736 0.6764309532842481
v 0.0372666977345943 -0.0252500064671040 0.0617273077368736
vn 2.0246154867869048 5.3076188700304714 1.0299640935825523
v 0.0346859917044640 -0.0252500064671040 0.0677262544631958
vn 1.7637104729080657 5.2986693145413133 -1.4442766094116937
v 0.0306794978678226 -0.0252500064671040 0.0246886834502220
vn 1.5144204949947941 5.2892001622086662 -1.7153809122255463
v 0.0261886753141880 -0.0252500064671040 0.0199473872780800
vn -1.1207465745634932 5.1206316700858894 -2.1165100376437582
v -0.0181500036269426 -0.0252499990165234 0.0015571784460917
vn -2.1164951809875805 5.1206507637605965 -1.1207457188969556
v -0.0184428244829178 -0.0252499990165234 0.0018500011647120
vn 1.8248442965207849 5.3055913732283129 1.3556810537224038
v 0.0311475172638893 -0.0252500064671040 0.0732150226831436
vn 2.1164965418739796 5.1206497084079556 -1.1207445787161714
v 0.0184428170323372 -0.0252500046044588 0.0018500011647120
vn 1.1207537325901740 5.1206382955535057 -2.1165014941276454
v 0.0181499961763620 -0.0252500046044588 0.0015571784460917
vn -0.0000005480023122 -2.9752307313251887 0.0000000223938616
v -0.0261886809021235 -0.0292499978095293 0.0199473910033703
vn -0.0000003949463433 -2.9752307653771668 0.0000000907453953
v 0.0267489776015282 -0.0292500071227551 0.0780420526862144
vn 1.9252815538333596 -5.5167819761316332 -0.6722617539903120
v 0.0188406705856323 -0.0292500052601099 0.0133319459855556
vn -1.9228141484564287 -5.5176338800099387 -0.6757474766393863
v -0.0188441406935453 -0.0292499996721745 0.0133418366312981
vn -0.0000002294756990 -2.9800525933365289 -0.0000005601347383
v -0.0388183742761612 -0.0292499978095293 0.0553838387131691
vn -0.0000003714156773 -2.9752306846258918 -0.0000002190535264
v 0.0386928468942642 -0.0292500089854002 0.0423686057329178
vn -0.0000004915532227 -3.0535832233546678 0.0000000164332092
v 0.0392981730401516 -0.0292500089854002 0.0488709844648838
vn -1.5931646581278212 -5.5163664889557955 -1.2739027368776994
v -0.0196932833641768 -0.0292499996721745 0.0148708932101727
vn -0.0000007578065852 -2.9800520845139391 0.0000004094154231
v 0.0388183742761612 -0.0292500089854002 0.0553838312625885
vn 2.1640846014385815 -5.3118593702953287 0.6786098629151688
v 0.0372666977345943 -0.0292500071227551 0.0617273077368736
vn 2.0216791812907955 -5.3100742097234228 1.0312641034288208
v 0.0346859917044640 -0.0292500071227551 0.0677262544631958
vn -0.0000002287061895 -2.9752301413300772 -0.0000001791354436
v 0.0311475172638893 -0.0292500071227551 0.0732150226831436
vn 1.5960551935629521 -5.5167724061182435 -1.2693675850157449
v 0.0196801964193583 -0.0292500052601099 0.0148545093834400
vn 0.6950232103037903 -4.3766699420115218 -0.9215840706231689
v 0.0209747143089771 -0.0292500052601099 0.0160152129828930
vn -0.0000005351290285 -2.9752303112195602 0.0000002923562254
v 0.0261886753141880 -0.0292500071227551 0.0199473872780800
vn -0.0000005375150797 -2.9752300946440093 0.0000003924007247
v 0.0306794978678226 -0.0292500071227551 0.0246886834502220
vn 1.9691248873342455 -5.3049198390406920 -1.1373996751382993
v 0.0343231782317162 -0.0292500071227551 0.0301081836223602
vn -0.0000001759248877 -2.9752297782532882 -0.0000005754010241
v 0.0370191112160683 -0.0292500071227551 0.0360562354326248
vn 0.9159871497984877 -5.1424535142092944 -2.2114250629373577
v 0.0180561430752277 -0.0292500052601099 0.0015108954394236
vn 1.6925395905521621 -5.1424766968955504 -1.6925307655120707
v 0.0183156821876764 -0.0292500052601099 0.0016843151533976
vn 2.2114100858766270 -5.1424663356864890 -0.9159976188651171
v 0.0184891000390053 -0.0292500052601099 0.0019438524032012
vn -0.0000004938554978 -2.9752306406615880 0.0000002876181751
v 0.0216118302196264 -0.0292500052601099 0.0820740610361099
vn -0.0000003435738996 -2.9752295967597977 -0.0000001131936513
v 0.0158779229968786 -0.0292500052601099 0.0851997137069702
vn -0.0000005464260379 -2.9752308711529039 0.0000003095370822
v 0.0097055835649371 -0.0292500033974648 0.0873326957225800
vn -0.0000002438515569 -2.9752306363028334 -0.0000001926486754
v 0.0032652497757226 -0.0292500033974648 0.0884141176939011
vn -0.0000006690674278 -2.9752306658225027 0.0000003846119998
v -0.0032652467489243 -0.0292500015348196 0.0884141176939011
vn -0.0000001163988359 -2.9752307484741509 -0.0000002136520697
v -0.0097055817022920 -0.0292500015348196 0.0873326957225800
vn -0.0000007337751230 -3.0535931996502317 0.0000004914868483
v -0.0392981730401516 -0.0292499959468842 0.0488709919154644
vn -2.2258802649383487 -5.3096100069883860 -0.4446246700075692
v -0.0386928468942642 -0.0292499978095293 0.0423686094582081
vn -0.0000003494553045 -2.9752302978216720 -0.0000001292077981
v -0.0370191112160683 -0.0292499978095293 0.0360562391579151
vn -1.6925343169347014 -5.1424735995339423 -1.6925391069648827
v -0.0183156896382570 -0.0292499996721745 0.0016843151533976
vn -0.9160038736528330 -5.1424566458291938 -2.2114157617767010
v -0.0180561505258083 -0.0292499996721745 0.0015108954394236
vn -2.2114126437404455 -5.1424657969802050 -0.9159924295245513
v -0.0184891074895859 -0.0292499996721745 0.0019438524032012
vn -0.0000011147391985 -2.9752296899184518 0.0000008827276157
v -0.0158779192715883 -0.0292499996721745 0.0851997137069702
vn -0.0000006944916833 -2.9752298292080726 0.0000003219755227
v -0.0346859917044640 -0.0292499978095293 0.0677262619137764
vn -0.0000005413037717 -2.9752307027432381 0.0000001497864085
v -0.0372666977345943 -0.0292499978095293 0.0617273151874542
vn 0.0000002426906139 -2.9752308167614410 -0.0000006073946502
v -0.0216118264943361 -0.0292499996721745 0.0820740610361099
vn -0.0000026472319934 -2.9752305892752196 0.0000020367922401
v -0.0267489757388830 -0.0292499978095293 0.0780420526862144
vn 0.0000000000000000 -2.9752309992338519 0.0000000000000000
v -0.0311475154012442 -0.0292499978095293 0.0732150226831436
vn -0.0000003138398156 -2.9752308921886477 -0.0000001782064015
v -0.0343231819570065 -0.0292499978095293 0.0301081873476505
vn -0.0000002758239765 -2.9752303017225423 -0.0000002224571934
v -0.0306795015931129 -0.0292499978095293 0.0246886871755123
vn 5.4162290169142135 -2.2967212275952633 -0.4637171882963714
v 0.0187499970197678 -0.0290500018745661 0.0116177350282669
vn 5.2251335467669771 -2.1137007443414997 -0.5059544094816263
v 0.0187499970197678 -0.0290500018745661 0.0022500003688037
vn 0.5151172671603697 -2.1002773921451809 -5.2232345403099822
v 0.0177499968558550 -0.0290500018745661 0.0012499984586611
vn 1.9375439285432468 -1.9913804577629397 -4.7017764861978231
v 0.0181326791644096 -0.0290500018745661 0.0013261210406199
vn 3.5945579629878126 -2.0130726826107197 -3.6011390263328318
v 0.0184571035206318 -0.0290500018745661 0.0015428919577971
vn 4.7026075443582709 -2.0122316700455767 -1.9428201088074664
v 0.0186738763004541 -0.0290500018745661 0.0018673163140193
vn 5.4161878225879194 2.2967663002763734 -0.4637129402629127
v 0.0187499970197678 -0.0254500005394220 0.0116177350282669
vn 5.1639902952472498 2.0845567538124645 -0.6578690310755425
v 0.0187499970197678 -0.0254500005394220 0.0022500003688037
vn 3.4423849811418865 -2.2533054910640131 -4.1743930145862018
v 0.0210814569145441 -0.0290500018745661 0.0158460773527622
vn 4.2806702365737319 -2.3719968488422740 -3.4044805020066677
v 0.0198367256671190 -0.0290500018745661 0.0147300176322460
vn 5.1636844747974306 -2.3720062942745117 -1.8030234146555750
v 0.0190294906497002 -0.0290500018745661 0.0132660120725632
vn -0.5059624450306287 -2.1137034667844818 -5.2251227793007811
v -0.0177500043064356 -0.0290499962866306 0.0012499984586611
vn 0.6647026209230733 2.0741890186069400 -5.1621878346142918
v 0.0177499968558550 -0.0254500005394220 0.0012499984586611
vn 2.2656962864682222 1.9939430003284599 -4.5554392192646294
v 0.0182499960064888 -0.0254500005394220 0.0013839747989550
vn 3.6290111646320602 2.1231542296714236 -3.6389190643390443
v 0.0184571035206318 -0.0254500005394220 0.0015428919577971
vn 4.5579047866568274 2.0146945007544605 -2.2668730429817399
v 0.0186160225421190 -0.0254500005394220 0.0017499994719401
vn 5.1636457584011257 2.3720554706933079 -1.8030090578656983
v 0.0190294906497002 -0.0254500005394220 0.0132660120725632
vn 4.2806367647793326 2.3720450438565415 -3.4044573216731187
v 0.0198367256671190 -0.0254500005394220 0.0147300176322460
vn 3.4423601757888034 2.2533482290763533 -4.1743606336065264
v 0.0210814569145441 -0.0254500005394220 0.0158460773527622
vn 3.3789751374517216 -2.1776143474139995 -4.1067976503676338
v 0.0263219512999058 -0.0290500037372112 0.0197982639074326
vn 1.5144328718741291 -2.3139484264818808 -1.7153944633678364
v 0.0261886734515429 -0.0292500071227551 0.0199473910033703
vn 3.7053926976405358 -2.1928700460107273 -3.7940422523709709
v 0.0263692568987608 -0.0290500037372112 0.0198406130075455
vn 1.7637265117629384 -2.3234170788610662 -1.4442885969213675
v 0.0306794960051775 -0.0292500071227551 0.0246886871755123
vn 4.0151149828768258 -2.1776483979281522 -3.4874355741543406
v 0.0308356266468763 -0.0290500037372112 0.0245636925101280
vn 4.2758052546482705 -2.2103772022123871 -3.1057405455621239
v 0.0309148300439119 -0.0290500037372112 0.0246629491448402
vn 4.5393789061417253 -2.1776781729503751 -2.7707067194764203
v 0.0344978533685207 -0.0290500037372112 0.0300107691437006
vn 4.7179975022701406 -2.2296095478102815 -2.3346414662283723
v 0.0345902256667614 -0.0290500037372112 0.0301773473620415
vn 2.1244653478831430 -2.3338046827864876 -0.8008859160639599
v 0.0370191074907780 -0.0292500071227551 0.0360562354326248
vn 4.9370646890476824 -2.1777177665089011 -1.9768220497636042
v 0.0372075028717518 -0.0290500037372112 0.0359890908002853
vn 5.0214434054108041 -2.2495702760692566 -1.5050401485831892
v 0.0372919961810112 -0.0290500037372112 0.0362285934388638
vn 2.2244859225205440 -2.3365282322888445 -0.4426299759429468
v 0.0386928431689739 -0.0292500089854002 0.0423686057329178
vn 5.1971336014916822 -2.1777461743338398 -1.1278423218048537
v 0.0388897545635700 -0.0290500055998564 0.0423335842788219
vn 5.1802191058681908 -2.2695666700341328 -0.6414914756800694
v 0.0389440879225731 -0.0290500055998564 0.0426463596522808
vn 2.2606680128715819 -2.2656052071663506 -0.1076796382047276
v 0.0392981693148613 -0.0292500089854002 0.0488709844648838
vn 5.3123113693350517 -2.1777689769195057 -0.2473828068748168
v 0.0394981615245342 -0.0290500055998564 0.0488690584897995
vn 5.3149922643430054 -2.1781978199688048 0.1940536257819011
v 0.0394999980926514 -0.0290500055998564 0.0492500029504299
vn 2.2457844926529473 -2.3331975605727506 0.3081824931096697
v 0.0388183705508709 -0.0292500089854002 0.0553838312625885
vn 5.2805912648065139 -2.1784729824274058 0.6365658244725656
v 0.0390159226953983 -0.0290500055998564 0.0554150491952896
vn 5.0969846550318305 -2.2768605020884993 1.0866865816565336
v 0.0389612726867199 -0.0290500055998564 0.0557514876127243
vn 5.1030558027415251 -2.1784452944435113 1.4996607579621017
v 0.0374563522636890 -0.0290500037372112 0.0617908053100109
vn 4.8616325477214009 -2.2643261117389457 1.9163536962958321
v 0.0373597815632820 -0.0290500037372112 0.0620756335556507
vn 4.7854514090998830 -2.1784115127215760 2.3216188562067006
v 0.0348625108599663 -0.0290500037372112 0.0678202807903290
vn 4.4920984755490601 -2.2516652421486176 2.6975647602863115
v 0.0347392112016678 -0.0290500037372112 0.0680499225854874
vn 1.8221807198429780 -2.3325627614568050 1.3562259392722709
v 0.0311475154012442 -0.0292500071227551 0.0732150226831436
vn 4.3365246700524223 -2.1784016064451834 3.0798163591440999
v 0.0313060283660889 -0.0290500037372112 0.0733369812369347
vn 3.9979641619661557 -2.2390135696754538 3.4085561569174301
v 0.0311710499227047 -0.0290500037372112 0.0735114067792892
vn 1.5707565174216043 -2.3295833058735447 1.6444979215902027
v 0.0267489757388830 -0.0292500071227551 0.0780420526862144
vn 3.7685744686652334 -2.1783868324661864 3.7535104575436473
v 0.0268851052969694 -0.0290500037372112 0.0781885758042336
vn 3.3923636487422910 -2.2264969596035207 4.0295366490236102
v 0.0267526209354401 -0.0290500037372112 0.0783111006021500
vn 1.2739565655266147 -2.3256700745961463 1.8880279657159358
v 0.0216118283569813 -0.0292500052601099 0.0820740610361099
vn 3.0971008040425061 -2.1783449862433746 4.3242421424423725
v 0.0217218138277531 -0.0290500018745661 0.0822411030530930
vn 2.6914963976463175 -2.2143140612793926 4.5431108099932089
v 0.0216044522821903 -0.0290500018745661 0.0823180750012398
vn 0.9395704424140396 -2.3206332651969577 2.0798118396631833
v 0.0158779211342335 -0.0292500052601099 0.0851997062563896
vn 2.3407484073783866 -2.1783749505026995 4.7761938776858361
v 0.0159587264060974 -0.0290500018745661 0.0853826627135277
vn 1.9144317583650463 -2.2027515521131020 4.9344434185956754
v 0.0158669687807560 -0.0290500018745661 0.0854230523109436
vn 0.5764836036456088 -2.3140379620973590 2.2144186064919853
v 0.0097055826336145 -0.0292500033974648 0.0873326957225800
vn 1.5200872980087141 -2.1783187449805501 5.0971632723995901
v 0.0097549762576818 -0.0290500000119209 0.0875265002250671
vn 1.0808543093307936 -2.1897716809455763 5.1928122214170847
v 0.0096966763958335 -0.0290500000119209 0.0875413119792938
vn 0.1943789743068205 -2.3057362827258538 2.2876139604610688
v 0.0032652495428920 -0.0292500033974648 0.0884141176939011
vn 0.6585194078463551 -2.1776160432528844 5.2780568916791335
v 0.0032818666659296 -0.0290500000119209 0.0886134281754494
vn 0.2174460022147144 -2.1818511552623212 5.3097446671672923
v 0.0032618830446154 -0.0290500000119209 0.0886150896549225
vn -0.1914306935007063 -2.3007111319077564 2.2924945340223006
v -0.0032652465160936 -0.0292500015348196 0.0884141176939011
vn -0.4381434562100313 -2.1347325792615623 5.2472506027755550
v -0.0032818636391312 -0.0290499981492758 0.0886134281754494
vn -1.3003387094949765 -2.1345820835199487 5.1022625653864200
v -0.0097549725323915 -0.0290499981492758 0.0875265002250671
vn -0.5681597113216833 -2.3005555796917991 2.2293418711023572
v -0.0097055807709694 -0.0292500015348196 0.0873326957225800
vn -2.1235636614151936 -2.1355457291352287 4.8194408336960723
v -0.0159587226808071 -0.0290499962866306 0.0853826627135277
vn -0.9272682864493871 -2.3015330661170581 2.1045768521270007
v -0.0158779174089432 -0.0292499996721745 0.0851997137069702
vn -2.6914377208512246 -2.2143458283730877 4.5431465533668263
v -0.0216044522821903 -0.0290499962866306 0.0823180750012398
vn -1.2739354816349260 -2.3256950557892577 1.8880115796825969
v -0.0216118246316910 -0.0292499996721745 0.0820740610361099
vn -3.0970066619326646 -2.1783633459662992 4.3242452562359279
v -0.0217218101024628 -0.0290499962866306 0.0822411105036736
vn -3.3923428450167070 -2.2265161549284906 4.0295418135864836
v -0.0267526227980852 -0.0290499944239855 0.0783111006021500
vn -1.5739819630345746 -2.3280713388320065 1.6432042359627683
v -0.0267489738762379 -0.0292499978095293 0.0780420526862144
vn -3.7695579465177538 -2.1796807157591780 3.7505048407821224
v -0.0268851015716791 -0.0290499944239855 0.0781885832548141
vn -1.8248438775283033 -2.3303525283120359 1.3556938083423149
v -0.0311475135385990 -0.0292499978095293 0.0732150226831436
vn -3.9926630181225744 -2.2422291688274485 3.4092173171272782
v -0.0311710499227047 -0.0290499944239855 0.0735114067792892
vn -4.3370593016919354 -2.1799300764815657 3.0761332935875161
v -0.0313060283660889 -0.0290499944239855 0.0733369886875153
vn -2.0246193204117198 -2.3323820989244100 1.0299672742939128
v -0.0346859879791737 -0.0292499978095293 0.0677262544631958
vn -4.4854990453974910 -2.2559221413396005 2.6991253871219421
v -0.0347392149269581 -0.0290499944239855 0.0680499225854874
vn -4.7853966901952809 -2.1801870207567462 2.3172761167247962
v -0.0348625108599663 -0.0290499944239855 0.0678202882409096
vn -2.1671531332000296 -2.3338796462543856 0.6764401889260433
v -0.0372666940093040 -0.0292499978095293 0.0617273114621639
vn -4.8537894412194387 -2.2697296058147414 1.9192516164713695
v -0.0373597815632820 -0.0290499944239855 0.0620756335556507
vn -5.1022205633500528 -2.1804295661108508 1.4948177286818909
v -0.0374563485383987 -0.0290499944239855 0.0617908127605915
vn -2.2457105081162978 -2.3328250931153276 0.3102450697206182
v -0.0388183705508709 -0.0292499978095293 0.0553838387131691
vn -5.0880204625354688 -2.2835488580274044 1.0913536570000988
v -0.0389612726867199 -0.0290499944239855 0.0557514876127243
vn -5.2805924492933833 -2.1784698771158069 0.6365716358612413
v -0.0390159226953983 -0.0290499944239855 0.0554150529205799
vn -5.3149860245805556 -2.1782033707538937 0.1940444062678149
v -0.0395000018179417 -0.0290499925613403 0.0492500029504299
vn -2.2624259125507735 -2.2634130777657022 -0.1123643367638405
v -0.0392981693148613 -0.0292499959468842 0.0488709919154644
vn -5.3100826467712485 -2.1796305631095461 -0.2513812078342483
v -0.0394981652498245 -0.0290499925613403 0.0488690622150898
vn -5.1741617890514977 -2.2754840388017925 -0.6347414978180477
v -0.0389440879225731 -0.0290499944239855 0.0426463596522808
vn -5.1948627091653012 -2.1792119648740784 -1.1306804883980424
v -0.0388897582888603 -0.0290499944239855 0.0423335880041122
vn -2.1254668018119158 -2.3320652750244837 -0.8022214565993013
v -0.0370191112160683 -0.0292499978095293 0.0360562428832054
vn -5.0183613381026113 -2.2536118805723957 -1.4993118299198769
v -0.0372919961810112 -0.0290499944239855 0.0362285934388638
vn -4.9350318332783596 -2.1788177563580451 -1.9786456310146179
v -0.0372075065970421 -0.0290499944239855 0.0359890982508659
vn -1.9702178177309180 -2.3292577629301050 -1.1361059462963023
v -0.0343231819570065 -0.0292499978095293 0.0301081892102957
vn -4.7169162971428618 -2.2321143214516455 -2.3304675204527179
v -0.0345902293920517 -0.0290499944239855 0.0301773492246866
vn -4.5393713229628263 -2.1776835252920281 -2.7707305356431071
v -0.0344978570938110 -0.0290499944239855 0.0300107747316360
vn -4.2758099789416857 -2.2103839225667468 -3.1057307716446698
v -0.0309148319065571 -0.0290499944239855 0.0246629491448402
vn -1.7637231474690149 -2.3234234749670253 -1.4442830576915626
v -0.0306794997304678 -0.0292499978095293 0.0246886909008026
vn -4.0151154095958725 -2.1776541466613950 -3.4874188810226157
v -0.0308356322348118 -0.0290499944239855 0.0245636962354183
vn -3.7053512588126178 -2.1928576034661140 -3.7940700056772139
v -0.0263692624866962 -0.0290499944239855 0.0198406167328358
vn -1.5144337539671606 -2.3139448859420573 -1.7153991438359637
v -0.0261886790394783 -0.0292499978095293 0.0199473947286606
vn -3.3789471251569192 -2.1776178176867549 -4.1068449191785996
v -0.0263219550251961 -0.0290499944239855 0.0197982676327229
vn -1.5906968009415068 -1.0672976880228071 -2.1092200324889636
v -0.0210814625024796 -0.0290499962866306 0.0158460810780525
vn -0.6950244868222414 -1.1502864829869586 -0.9215826740108969
v -0.0209747198969126 -0.0292499996721745 0.0160152167081833
vn -5.2232498268072654 -2.1002708474935798 -0.5151049463997586
v -0.0187500044703484 -0.0290499962866306 0.0022500003688037
vn -4.7017638501114591 -1.9913790926545969 -1.9375388970855107
v -0.0186738837510347 -0.0290499962866306 0.0018673163140193
vn -3.6011238106291930 -2.0130743147828349 -3.5945698172829870
v -0.0184571109712124 -0.0290499962866306 0.0015428919577971
vn -1.9428327045323703 -2.0122309999252557 -4.7026190451090546
v -0.0181326866149902 -0.0290499962866306 0.0013261210406199
vn -0.6578780624672851 2.0845631399123903 -5.1639756546167002
v -0.0177500043064356 -0.0254499949514866 0.0012499984586611
vn -5.4163518281457153 -2.2971212155728589 -0.4665729539643654
v -0.0187500044703484 -0.0290499962866306 0.0116177350282669
vn -1.0190459451393887 -1.0190454386439118 -0.1738534074979981
v -0.0185500010848045 -0.0292499996721745 0.0116177350282669
vn -5.1600368540713415 -2.3733448132123551 -1.8139596067240171
v -0.0190328303724527 -0.0290499962866306 0.0132755264639854
vn -4.2716383173636334 -2.3732239309159242 -3.4152150251456090
v -0.0198493115603924 -0.0290499962866306 0.0147457681596279
vn -0.8004467590842499 -1.1852066604424325 -0.8963602474607747
v -0.0210814643651247 -0.0290499962866306 0.0158460810780525
vn -5.3149507734945542 2.1782371982817703 0.1940530836487348
v -0.0395000018179417 -0.0254499912261963 0.0492500029504299
vn -5.2805718060927074 2.1784899230007424 0.6365693368502414
v -0.0390159226953983 -0.0254499930888414 0.0554150529205799
vn -5.0969682831451486 2.2768764994827619 1.0866871708902714
v -0.0389612726867199 -0.0254499930888414 0.0557514876127243
vn -5.1030107023975022 2.1784814194013515 1.4996581706017647
v -0.0374563522636890 -0.0254499930888414 0.0617908090353012
vn -4.8615970024917994 2.2643606415485480 1.9163481468011090
v -0.0373597815632820 -0.0254499930888414 0.0620756335556507
vn -4.7854360573161436 2.1784601055767596 2.3215735076005100
v -0.0348625108599663 -0.0254499930888414 0.0678202807903290
vn -4.4920583837870680 2.2517086948737006 2.6975105720474173
v -0.0347392149269581 -0.0254499930888414 0.0680499225854874
vn -4.3364909883922396 2.1784449206723902 3.0797930444545134
v -0.0313060283660889 -0.0254499930888414 0.0733369812369347
vn -3.9979315585470969 2.2390548828149934 3.4085288937254190
v -0.0311710499227047 -0.0254499930888414 0.0735114067792892
vn -3.7684918742064024 2.1784383965208645 3.7534892795220633
v -0.0268851034343243 -0.0254499930888414 0.0781885832548141
vn -3.3923076031307793 2.2265542884887335 4.0295260963050312
v -0.0267526227980852 -0.0254499930888414 0.0783111006021500
vn -1.8284278473019533 0.0000000000000000 2.5513890239582873
v -0.0217218101024628 -0.0254499949514866 0.0822411105036736
vn -2.6914421442083869 2.2143460024146093 4.5430874122508218
v -0.0216044522821903 -0.0254499949514866 0.0823180750012398
vn -2.1235475485245243 2.1355804906902791 4.8194071598373647
v -0.0159587226808071 -0.0254499949514866 0.0853826627135277
vn -1.3003285369417867 2.1346195806033066 5.1022231949482100
v -0.0097549734637141 -0.0254499968141317 0.0875265002250671
vn -0.4377393071435310 2.1348651610396168 5.2470940691974013
v -0.0032818638719618 -0.0254499968141317 0.0886134281754494
vn 0.2605792035740138 0.0007223950822433 3.1199058300005786
v 0.0032818666659296 -0.0254499986767769 0.0886134281754494
vn 1.2979128579502595 2.1367715870172810 5.1037658403069273
v 0.0097549762576818 -0.0254499986767769 0.0875265002250671
vn 5.3149534477454301 2.1782352745478164 0.1940547694320016
v 0.0394999980926514 -0.0254500042647123 0.0492500029504299
vn 5.2805731500757185 2.1784906661227681 0.6365629755440584
v 0.0390159226953983 -0.0254500042647123 0.0554150491952896
vn 5.0879935487655645 2.2835716619842836 1.0913438423486594
v 0.0389612726867199 -0.0254500042647123 0.0557514876127243
vn 5.1021819002762729 2.1804604675348354 1.4948145615240278
v 0.0374563522636890 -0.0254500024020672 0.0617908053100109
vn 4.8537553851209907 2.2697627013026711 1.9192483922503352
v 0.0373597815632820 -0.0254500024020672 0.0620756335556507
vn 4.7853938569673451 2.1801939481912451 2.3172723995391746
v 0.0348625108599663 -0.0254500024020672 0.0678202807903290
vn 4.4854908831543394 2.2559306786367133 2.6991192771572914
v 0.0347392112016678 -0.0254500024020672 0.0680499225854874
vn 4.3371006218206514 2.1799429522662068 3.0760960050731594
v 0.0313060283660889 -0.0254500024020672 0.0733369812369347
vn 3.9926658226105425 2.2422366638232889 3.4091623707277550
v 0.0311710499227047 -0.0254500024020672 0.0735114067792892
vn 3.7695713495950156 2.1796968187613501 3.7504821951121068
v 0.0268851052969694 -0.0254500024020672 0.0781885758042336
vn 3.3923408330834537 2.2265297359422958 4.0295093997924152
v 0.0267526209354401 -0.0254500024020672 0.0783111006021500
vn 3.0970981865037723 2.1783843626501818 4.3242058459450678
v 0.0217218119651079 -0.0254500005394220 0.0822411030530930
vn 2.6914896057250424 2.2143472281088386 4.5430642540610133
v 0.0216044522821903 -0.0254500005394220 0.0823180750012398
vn 2.3407682689598048 2.1783793985495929 4.7761897442261132
v 0.0159587245434523 -0.0254500005394220 0.0853826627135277
vn 1.9144454260434525 2.2027502884588017 4.9344306685550814
v 0.0158669687807560 -0.0254500005394220 0.0854230523109436
vn -5.3122695885462807 2.1778086898315965 -0.2473827097419956
v -0.0394981652498245 -0.0254499912261963 0.0488690622150898
vn -5.1801982093744687 2.2695982299632256 -0.6414702190771686
v -0.0389440879225731 -0.0254499930888414 0.0426463596522808
vn -5.1970926693678745 2.1777808594625507 -1.1278082743681652
v -0.0388897582888603 -0.0254499930888414 0.0423335880041122
vn -5.0214111911209400 2.2495939760884127 -1.5050412209104955
v -0.0372919961810112 -0.0254499930888414 0.0362285934388638
vn -4.9370428671171833 2.1777434389760817 -1.9768261532002229
v -0.0372075028717518 -0.0254499930888414 0.0359890945255756
vn -4.7179499786587531 2.2296474989574078 -2.3346292222765626
v -0.0345902293920517 -0.0254499930888414 0.0301773492246866
vn -4.5393397625700782 2.1777197424420986 -2.7706971701624199
v -0.0344978570938110 -0.0254499930888414 0.0300107728689909
vn -4.2758038285449462 2.2104097007797141 -3.1057051955355686
v -0.0309148319065571 -0.0254499930888414 0.0246629491448402
vn -4.0151039001248776 2.1776741327902593 -3.4873863924563775
v -0.0308356303721666 -0.0254499930888414 0.0245636925101280
vn -3.7053327006351995 2.1928832338527440 -3.7940505309506336
v -0.0263692624866962 -0.0254499930888414 0.0198406167328358
vn -3.3789305183201548 2.1776424702734909 -4.1068252321693253
v -0.0263219550251961 -0.0254499930888414 0.0197982676327229
vn -0.9458161810374482 0.0000000000000000 -1.2541266855770898
v -0.0210814625024796 -0.0254499949514866 0.0158460810780525
vn 3.3789635608040638 2.1776323981869856 -4.1067829491393715
v 0.0263219512999058 -0.0254500024020672 0.0197982639074326
vn 3.7053791799278875 2.1928889223094501 -3.7940277358826395
v 0.0263692568987608 -0.0254500024020672 0.0198406130075455
vn 4.0151001446492804 2.1776676542996731 -3.4874222158283734
v 0.0308356266468763 -0.0254500024020672 0.0245636925101280
vn 4.2757878504718461 2.2103982924176360 -3.1057261569587675
v 0.0309148300439119 -0.0254500024020672 0.0246629491448402
vn 4.5393436510331204 2.1777180201883186 -2.7706851878699919
v 0.0344978533685207 -0.0254500024020672 0.0300107691437006
vn 4.7168977997949453 2.2321535798742409 -2.3304353093817447
v 0.0345902256667614 -0.0254500024020672 0.0301773473620415
vn 4.9350089340637320 2.1788419048814753 -1.9786491264876349
v 0.0372075028717518 -0.0254500024020672 0.0359890908002853
vn 5.0183265621516115 2.2536380212637095 -1.4993077008018103
v 0.0372919961810112 -0.0254500024020672 0.0362285934388638
vn 5.1948428402453208 2.1792373223297057 -1.1307010971578322
v 0.0388897545635700 -0.0254500042647123 0.0423335842788219
vn 5.1741162611765539 2.2755115275357838 -0.6347544729189166
v 0.0389440879225731 -0.0254500042647123 0.0426463596522808
vn 5.3100831981130856 2.1796305692094089 -0.2513804159619712
v 0.0394981615245342 -0.0254500042647123 0.0488690584897995
vn -5.1621982018478780 2.0741854835133111 -0.6646978358884945
v -0.0187500044703484 -0.0254499949514866 0.0022500003688037
vn -4.5554170504615454 1.9939484293840808 -2.2656899760653486
v -0.0186160299926996 -0.0254499949514866 0.0017499994719401
vn -3.6389049726396969 2.1231539364743193 -3.6290252724214391
v -0.0184571109712124 -0.0254499949514866 0.0015428919577971
vn -2.2668734334829983 2.0146914689143909 -4.5579254736320278
v -0.0182500034570694 -0.0254499949514866 0.0013839747989550
vn -1.0469198956841950 -0.0010634338425931 -1.1710504795906376
v -0.0210814643651247 -0.0290499962866306 0.0158460773527622
vn -1.8516752647215493 1.1860320404211366 -2.0651565679809449
v -0.0210814643651247 -0.0254499949514866 0.0158460773527622
vn -4.2811396835311024 2.3731360010286160 -3.4035855933155013
v -0.0198367331176996 -0.0254499949514866 0.0147300176322460
vn -5.1633118323340437 2.3736598518172265 -1.8032940555851968
v -0.0190294981002808 -0.0254499949514866 0.0132660120725632
vn -5.4161143705583381 2.2972996166191253 -0.4641479478846435
v -0.0187500044703484 -0.0254499949514866 0.0116177350282669
vn -0.6448671192682035 1.0673097524743613 -0.8550771728766733
v -0.0210814606398344 -0.0254499949514866 0.0158460810780525
vn -1.2686307516087658 2.1783874259309526 1.7728476216192621
v -0.0217218101024628 -0.0254499949514866 0.0822411030530930
vn 0.1773514575275459 2.1346329777356563 2.1271881211724781
v 0.0032818664330989 -0.0254499986767769 0.0886134281754494
vn 0.6950112683802210 1.1503084743963521 -0.9215663490134772
v 0.0209747143089771 -0.0252500046044588 0.0160152129828930
vn -0.6903861337610614 1.0196377560598664 -0.7699812098679323
v -0.0209747236222029 -0.0252499990165234 0.0160152129828930
vn 0.2701124855552945 -2.3056617742439256 -5.2474872696393184
v 0.0177499968558550 -0.0250500012189150 0.0012499984586611
vn -0.3266778456273611 -2.3298958803821783 -5.2096856261852960
v -0.0177500043064356 -0.0250499956309795 0.0012499984586611
vn -2.3075291170541741 0.2380587970684470 -5.2527499309708805
v -0.0185499954968691 0.0242500025779009 0.0012499984586611
vn 0.8588710674207640 2.1992740013440857 -5.1835460676916680
v 0.0180561505258083 0.0249891020357609 0.0012499984586611
vn 1.6596354841754393 1.6596375787955011 -5.2036842780159303
v 0.0183156896382570 0.0248156823217869 0.0012499984586611
vn 0.2380597663602498 2.3075393124156447 -5.2527386109373690
v 0.0177500043064356 0.0250499974936247 0.0012499984586611
vn 2.1992635930032343 0.8588682719291345 -5.1835590720814988
v 0.0184891074895859 0.0245561450719833 0.0012499984586611
vn 2.3075273946822348 0.2380538110491297 -5.2527525772592689
v 0.0185500029474497 0.0242499969899654 0.0012499984586611
vn 2.0365675347462240 -1.1624022379556675 -5.1856574733360254
v 0.0184428170323372 -0.0246500018984079 0.0012499984586611
vn 1.1624069266554951 -2.0365792599954893 -5.1856411721211417
v 0.0181499961763620 -0.0249428246170282 0.0012499984586611
vn 2.3056694713282719 -0.2701111413313078 -5.2474788882802308
v 0.0185499954968691 -0.0242500025779009 0.0012499984586611
vn -1.2191762582641827 -2.1116985987427332 -5.0563049975194660
v -0.0181500036269426 -0.0249428190290928 0.0012499984586611
vn -2.1116837047294497 -1.2191716514573381 -5.0563274656440962
v -0.0184428244829178 -0.0246499963104725 0.0012499984586611
vn -2.3299036390675218 -0.3266743570988067 -5.2096774560653163
v -0.0185500029474497 -0.0242499969899654 0.0012499984586611
vn -1.6596377383213259 1.6596377383213259 -5.2036812218880160
v -0.0183156821876764 0.0248156879097223 0.0012499984586611
vn -0.8588690987475311 2.1992625366962169 -5.1835610838466843
v -0.0180561430752277 0.0249891057610512 0.0012499984586611
vn -2.1992660598867078 0.8588641075691814 -5.1835585534220234
v -0.0184891000390053 0.0245561487972736 0.0012499984586611
vn -0.2380640265503259 2.3075401782489333 -5.2527368300425490
v -0.0177499968558550 0.0250500030815601 0.0012499984586611
vn 2.3298842134514706 0.3266729753418708 5.2096997473567699
v 0.0185500029474497 0.0242499969899654 0.0092500001192093
vn 2.1116695677342321 1.2191723508033976 5.0563410689968133
v 0.0184428244829178 0.0246499981731176 0.0092500001192093
vn 1.2191689394077712 2.1116682422384523 5.0563477071653908
v 0.0181500036269426 0.0249428171664476 0.0092500001192093
vn -1.2191744619485989 2.1116654706644296 5.0563466285296297
v -0.0181499961763620 0.0249428227543831 0.0092500001192093
vn -2.1116675362252053 1.2191716999973294 5.0563453030383139
v -0.0184428170323372 0.0246500018984079 0.0092500001192093
vn -0.3266773212033354 2.3298943267881853 5.2096872148910913
v -0.0177499968558550 0.0250500030815601 0.0092500001192093
vn -2.3298833847346598 0.3266720841631751 5.2097009062909301
v -0.0185499954968691 0.0242500025779009 0.0092500001192093
vn -2.3075085249430334 -0.2380562552619500 5.2527728133053913
v -0.0185500029474497 -0.0242499969899654 0.0092500001192093
vn -2.1992419515108153 -0.8588486616149429 5.1835925005922192
v -0.0184891074895859 -0.0245561413466930 0.0092500001192093
vn -1.6596265865568380 -1.6596228649727531 5.2037033485666591
v -0.0183156896382570 -0.0248156823217869 0.0092500001192093
vn -0.8588657944928721 -2.1992505034824421 5.1835743501839291
v -0.0180561505258083 -0.0249891020357609 0.0092500001192093
vn 1.1623968179438378 -2.0365614428373857 5.1856656125891529
v 0.0181499961763620 -0.0249428246170282 0.0092500001192093
vn 2.0365497174414480 -1.1623921291637118 5.1856819136403436
v 0.0184428170323372 -0.0246500018984079 0.0092500001192093
vn 0.2701099822897874 -2.3056414498055795 5.2475100552759431
v 0.0177499968558550 -0.0250500012189150 0.0092500001192093
vn 2.3056491469912745 -0.2701086380546410 5.2475016739747931
v 0.0185499954968691 -0.0242500025779009 0.0092500001192093
vn -0.2380450111540834 -2.3074949506115345 5.2527896232355804
v -0.0177500043064356 -0.0250499956309795 0.0092500001192093
vn 0.3266794062609603 2.3298948104986223 5.2096862635737589
v 0.0177500043064356 0.0250499974936247 0.0092500001192093
vn 1.5172740973463681 2.6179911882300240 2.6279914280023089
v 0.0138852540403605 0.0250499974936247 0.0041852216236293
vn 2.6279951426015997 2.6179974981401837 1.5172727940818600
v 0.0134352259337902 0.0250499974936247 0.0046352515928447
vn -2.6279911612956441 2.6179918442198011 -1.5172750926843637
v 0.0155647816136479 0.0250499974936247 0.0058647501282394
vn 3.0345448348323307 2.6179922916059333 0.0000022986183327
v 0.0132705038413405 0.0250499974936247 0.0052499989978969
vn -1.5172775039873843 2.6180006023493521 -2.6279938805775198
v 0.0151147535070777 0.0250499974936247 0.0063147763721645
vn 0.0000005746615883 2.6179841894903793 -3.0345415408671705
v 0.0145000033080578 0.0250499974936247 0.0064795012585819
vn 1.5172780786489730 2.6180009810962446 -2.6279937265944282
v 0.0138852540403605 0.0250499974936247 0.0063147763721645
vn 2.6279911612956446 2.6179918442198007 -1.5172750926843632
v 0.0134352259337902 0.0250499974936247 0.0058647501282394
vn 0.0000005746512040 2.6179954973095478 3.0345461381183405
v 0.0145000033080578 0.0250499974936247 0.0040205004625022
vn -1.5172735226951639 2.6179908094905491 2.6279915819791362
v 0.0151147535070777 0.0250499974936247 0.0041852216236293
vn -2.6279951426015993 2.6179974981401832 1.5172727940818600
v 0.0155647816136479 0.0250499974936247 0.0046352515928447
vn -3.0345448348323316 2.6179922916059328 0.0000022986183327
v 0.0157295037060976 0.0250499974936247 0.0052499989978969
vn 0.0000021869187715 2.6179844375313528 -3.0345386238990981
v 0.0000000036005416 0.0250499993562698 0.0064795012585819
vn -1.5172775490622179 2.6180007459735899 -2.6279939210833345
v 0.0006147536332719 0.0250499993562698 0.0063147763721645
vn -2.6279898367490895 2.6179914261792070 -1.5172739025009572
v 0.0010647817980498 0.0250499993562698 0.0058647501282394
vn -3.0345451221594604 2.6179929983456969 0.0000022986157369
v 0.0012295036576688 0.0250499993562698 0.0052499989978969
vn -2.6279952144345238 2.6179970800982395 1.5172723297538788
v 0.0010647817980498 0.0250499993562698 0.0046352515928447
vn -1.5172703805425689 2.6179909417835900 2.6279894022165475
v 0.0006147536332719 0.0250499993562698 0.0041852216236293
vn 2.6279912331267035 2.6179914261797115 -1.5172746283586809
v -0.0010647745802999 0.0250500012189150 0.0058647501282394
vn 1.5172867482198724 2.6180007413999502 -2.6280016252285758
v -0.0006147464155219 0.0250500012189150 0.0063147763721645
vn 3.0345485629672204 2.6179929983436612 0.0000024273491682
v -0.0012294964399189 0.0250500012189150 0.0052499989978969
vn 2.6279971076849642 2.6179970800973296 1.5172737036727513
v -0.0010647745802999 0.0250500012189150 0.0046352515928447
vn 1.5172767644238174 2.6179909372342363 2.6279935263681544
v -0.0006147464155219 0.0250500012189150 0.0041852216236293
vn 0.0000032765353726 2.6179957226428296 3.0345286015892556
v 0.0000000036005416 0.0250499993562698 0.0040205004625022
vn -0.0000005746615884 2.6179841894903806 -3.0345415408671714
v -0.0144999958574772 0.0250500030815601 0.0064795012585819
vn -1.5172780786489726 2.6180009810962441 -2.6279937265944269
v -0.0138852465897799 0.0250500030815601 0.0063147763721645
vn -2.6279911612956441 2.6179918442198025 -1.5172750926843637
v -0.0134352184832096 0.0250500030815601 0.0058647501282394
vn -3.0345448348323316 2.6179922916059328 0.0000022986183327
v -0.0132704963907599 0.0250500030815601 0.0052499989978969
vn -2.6279951426015993 2.6179974981401832 1.5172727940818600
v -0.0134352184832096 0.0250500030815601 0.0046352515928447
vn -1.5172740973463679 2.6179911882300235 2.6279914280023084
v -0.0138852465897799 0.0250500030815601 0.0041852216236293
vn 2.6279911612956446 2.6179918442198007 -1.5172750926843632
v -0.0155647741630673 0.0250500030815601 0.0058647501282394
vn 1.5172775039873845 2.6180006023493529 -2.6279938805775203
v -0.0151147460564971 0.0250500030815601 0.0063147763721645
vn 3.0345448348323307 2.6179922916059333 0.0000022986183327
v -0.0157294962555170 0.0250500030815601 0.0052499989978969
vn 2.6279951426015997 2.6179974981401832 1.5172727940818600
v -0.0155647741630673 0.0250500030815601 0.0046352515928447
vn 1.5172735226951641 2.6179908094905491 2.6279915819791357
v -0.0151147460564971 0.0250500030815601 0.0041852216236293
vn -0.0000005746512041 2.6179954973095478 3.0345461381183410
v -0.0144999958574772 0.0250500030815601 0.0040205004625022
vn 2.4260000905431203 5.0813996706571176 -0.0512237146666321
v 0.0055000036954880 0.0250499993562698 0.0052499989978969
vn -2.1116702524877713 5.0563406000386877 -1.2191752074521285
v 0.0082990415394306 0.0250499993562698 0.0060000005178154
vn 2.1746268043032466 5.1064585271887948 1.0472443082857459
v 0.0056485505774617 0.0250499993562698 0.0045991758815944
vn -2.4260030010960971 5.0813955658380507 -0.0512244773449752
v 0.0085000041872263 0.0250499993562698 0.0052499989978969
vn -2.1746309012876393 5.1064532103767339 1.0472454912453464
v 0.0083514573052526 0.0250499993562698 0.0045991758815944
vn 0.5370900139330795 5.1064526538203214 2.3531417712381697
v 0.0066662221215665 0.0250499993562698 0.0037876064889133
vn 1.5048963699948810 5.1064483867231605 1.8870728906220982
v 0.0060647688806057 0.0250499993562698 0.0040772515349090
vn -0.5370910410376415 5.1064521213603404 2.3531418527788812
v 0.0073337852954865 0.0250499993562698 0.0037876064889133
vn -1.5048933541998841 5.1064507362188349 1.8870731052706511
v 0.0079352380707860 0.0250499993562698 0.0040772515349090
vn 0.0000012714040586 5.0563678331542601 -2.4383271642898201
v 0.0070000039413571 0.0250499993562698 0.0067499983124435
vn -1.2191682646815960 5.0563571617372300 -2.1116595696427574
v 0.0077500035986304 0.0250499993562698 0.0065490375272930
vn 1.2191697660242147 5.0563554303514042 -2.1116593781993958
v 0.0062500038184226 0.0250499993562698 0.0065490375272930
vn 2.1116716158317490 5.0563352187264874 -1.2191796567106805
v 0.0057009654119611 0.0250499993562698 0.0060000005178154
vn 2.4260031429682476 5.0813953084378571 -0.0512247202028222
v -0.0084999967366457 0.0250500012189150 0.0052499989978969
vn -2.1116734389226135 5.0563372428610940 -1.2191743360139600
v -0.0057009579613805 0.0250500012189150 0.0060000005178154
vn 2.1746309766812892 5.1064531455885334 1.0472454254314836
v -0.0083514498546720 0.0250500012189150 0.0045991758815944
vn -2.4260005919150816 5.0813987760842130 -0.0512241675381538
v -0.0054999962449074 0.0250500012189150 0.0052499989978969
vn -2.1746274139196111 5.1064592040751258 1.0472420943450957
v -0.0056485431268811 0.0250500012189150 0.0045991758815944
vn 0.5370904351988787 5.1064524559077729 2.3531417825259742
v -0.0073337778449059 0.0250500012189150 0.0037876064889133
vn 1.5048936867041420 5.1064510651393560 1.8870725844450260
v -0.0079352306202054 0.0250500012189150 0.0040772515349090
vn -0.5370909649629746 5.1064521286565219 2.3531418815194765
v -0.0066662146709859 0.0250500012189150 0.0037876064889133
vn -1.5048941480527489 5.1064488572103350 1.8870742968710792
v -0.0060647614300251 0.0250500012189150 0.0040772515349090
vn 0.0000018409732042 5.0563677538521459 -2.4383272066624677
v -0.0069999964907765 0.0250500012189150 0.0067499983124435
vn -1.2191662176120206 5.0563588859855679 -2.1116592948397113
v -0.0062499963678420 0.0250500012189150 0.0065490375272930
vn 1.2191707697318004 5.0563541601081079 -2.1116599752753329
v -0.0077499961480498 0.0250500012189150 0.0065490375272930
vn 2.1116696768848149 5.0563383351809890 -1.2191786246804177
v -0.0082990340888500 0.0250500012189150 0.0060000005178154
vn 0.0000005746512042 -2.6179954973095478 3.0345461381183414
v 0.0144999958574772 -0.0250500012189150 0.0040205004625022
vn -1.5172735226951639 -2.6179908094905495 2.6279915819791357
v 0.0151147460564971 -0.0250500012189150 0.0041852216236293
vn -2.6279951426015997 -2.6179974981401832 1.5172727940818598
v 0.0155647741630673 -0.0250500012189150 0.0046352515928447
vn -3.0345448348323307 -2.6179922916059333 0.0000022986183329
v 0.0157294962555170 -0.0250500012189150 0.0052499989978969
vn -2.6279911612956441 -2.6179918442198011 -1.5172750926843630
v 0.0155647741630673 -0.0250500012189150 0.0058647501282394
vn 2.6279911612956441 -2.6179918442198016 -1.5172750926843634
v 0.0134352184832096 -0.0250500012189150 0.0058647501282394
vn -1.5172775039873847 -2.6180006023493521 -2.6279938805775203
v 0.0151147460564971 -0.0250500012189150 0.0063147763721645
vn 0.0000005746615882 -2.6179841894903801 -3.0345415408671714
v 0.0144999958574772 -0.0250500012189150 0.0064795012585819
vn 1.5172780786489728 -2.6180009810962441 -2.6279937265944273
v 0.0138852465897799 -0.0250500012189150 0.0063147763721645
vn 2.6279951426015993 -2.6179974981401841 1.5172727940818600
v 0.0134352184832096 -0.0250500012189150 0.0046352515928447
vn 1.5172740973463681 -2.6179911882300235 2.6279914280023080
v 0.0138852465897799 -0.0250500012189150 0.0041852216236293
vn 3.0345448348323307 -2.6179922916059324 0.0000022986183328
v 0.0132704963907599 -0.0250500012189150 0.0052499989978969
vn 2.6279883176631551 -2.6179914261781061 -1.5172743380138261
v -0.0010647817980498 -0.0250499974936247 0.0058647501282394
vn 3.0345451221594599 -2.6179929983456969 0.0000022986157368
v -0.0012295036576688 -0.0250499974936247 0.0052499989978969
vn 2.6279935726287778 -2.6179970800976786 1.5172716038969125
v -0.0010647817980498 -0.0250499974936247 0.0046352515928447
vn -0.0000041191438682 -2.6179957226853627 3.0345518337953190
v -0.0000000036004986 -0.0250499993562698 0.0040205004625022
vn -1.5172735494796838 -2.6179909372546253 2.6279916273868928
v 0.0006147464155219 -0.0250499993562698 0.0041852216236293
vn -2.6279952144345224 -2.6179970800982395 1.5172723297538790
v 0.0010647745802999 -0.0250499993562698 0.0046352515928447
vn -2.6279929812035117 -2.6179914261789943 -1.5172751701459906
v 0.0010647745802999 -0.0250499993562698 0.0058647501282394
vn -1.5172775450731515 -2.6180007414419335 -2.6279939221522217
v 0.0006147464155219 -0.0250499993562698 0.0063147763721645
vn -0.0000022258698645 -2.6179844375295036 -3.0345465572347416
v -0.0000000036004986 -0.0250499993562698 0.0064795012585819
vn 1.5172691770991615 -2.6179909417635461 2.6279895148046188
v -0.0006147536332719 -0.0250499974936247 0.0041852216236293
vn -3.0345451221594604 -2.6179929983456964 0.0000022986157367
v 0.0012294964399189 -0.0250499993562698 0.0052499989978969
vn 1.5172659556726298 -2.6180007459039563 -2.6279802582248517
v -0.0006147536332719 -0.0250499974936247 0.0063147763721645
vn -0.0000005746512040 -2.6179954973095487 3.0345461381183405
v -0.0145000033080578 -0.0250499956309795 0.0040205004625022
vn -1.5172740973463681 -2.6179911882300231 2.6279914280023089
v -0.0138852540403605 -0.0250499956309795 0.0041852216236293
vn -2.6279951426015997 -2.6179974981401841 1.5172727940818598
v -0.0134352259337902 -0.0250499956309795 0.0046352515928447
vn -3.0345448348323307 -2.6179922916059333 0.0000022986183329
v -0.0132705038413405 -0.0250499956309795 0.0052499989978969
vn -2.6279911612956441 -2.6179918442198011 -1.5172750926843630
v -0.0134352259337902 -0.0250499956309795 0.0058647501282394
vn 2.6279911612956441 -2.6179918442197998 -1.5172750926843634
v -0.0155647816136479 -0.0250499956309795 0.0058647501282394
vn -1.5172780786489730 -2.6180009810962437 -2.6279937265944278
v -0.0138852540403605 -0.0250499956309795 0.0063147763721645
vn -0.0000005746615883 -2.6179841894903801 -3.0345415408671714
v -0.0145000033080578 -0.0250499956309795 0.0064795012585819
vn 1.5172775039873847 -2.6180006023493521 -2.6279938805775198
v -0.0151147535070777 -0.0250499956309795 0.0063147763721645
vn 2.6279951426015993 -2.6179974981401841 1.5172727940818600
v -0.0155647816136479 -0.0250499956309795 0.0046352515928447
vn 1.5172735226951641 -2.6179908094905495 2.6279915819791357
v -0.0151147535070777 -0.0250499956309795 0.0041852216236293
vn 3.0345448348323307 -2.6179922916059324 0.0000022986183328
v -0.0157295037060976 -0.0250499956309795 0.0052499989978969
vn -2.1116799727560984 -5.0563265619344246 1.2191795359152606
v 0.0082990340888500 -0.0250499993562698 0.0045000012032688
vn 2.1746448900489721 -5.1064305765944340 -1.0472558756204999
v 0.0056485431268811 -0.0250499993562698 0.0059008258394897
vn 2.4260197806979873 -5.0813740254562614 0.0512273087216092
v 0.0054999962449074 -0.0250499993562698 0.0052499989978969
vn -2.4260221920241420 -5.0813708422540422 0.0512267876614271
v 0.0084999967366457 -0.0250499993562698 0.0052499989978969
vn -2.1746488168718860 -5.1064250939500315 -1.0472576439695975
v 0.0083514498546720 -0.0250499993562698 0.0059008258394897
vn 0.0000012714197328 -5.0563160239184723 2.4383661898530953
v 0.0069999964907765 -0.0250499993562698 0.0037499996833503
vn -1.2191883207270924 -5.0563064943700944 2.1116912631352811
v 0.0077499961480498 -0.0250499993562698 0.0039509604685009
vn 1.2191822604991400 -5.0563090295179824 2.1116928051074133
v 0.0062499963678420 -0.0250499993562698 0.0039509604685009
vn 2.1116841743038219 -5.0563246175223391 1.2191753965160146
v 0.0057009579613805 -0.0250499993562698 0.0045000012032688
vn 1.5049043181571049 -5.1064255406957804 -1.8870903835525117
v 0.0060647614300251 -0.0250499993562698 0.0064227464608848
vn 0.5370944279279553 -5.1064275326056041 -2.3531611101878762
v 0.0066662146709859 -0.0250499993562698 0.0067123915068805
vn -0.5370954550371645 -5.1064270001374066 -2.3531611917245074
v 0.0073337778449059 -0.0250499993562698 0.0067123915068805
vn -1.5049017464813845 -5.1064276324022053 -1.8870904444337713
v 0.0079352306202054 -0.0250499993562698 0.0064227464608848
vn 2.4260228330796836 -5.0813696631944589 0.0512283142788440
v -0.0085000041872263 -0.0250499974936247 0.0052499989978969
vn -2.1116831591853185 -5.0563232047405648 1.2191786644473201
v -0.0057009654119611 -0.0250499974936247 0.0045000012032688
vn 2.1746490623654755 -5.1064251949521005 -1.0472569927381588
v -0.0083514573052526 -0.0250499974936247 0.0059008258394897
vn -2.4260197828793126 -5.0813740525212463 0.0512264778481698
v -0.0055000036954880 -0.0250499974936247 0.0052499989978969
vn -2.1746453295766628 -5.1064310877060759 -1.0472542470845230
v -0.0056485505774617 -0.0250499974936247 0.0059008258394897
vn 0.5370948491963007 -5.1064273346899078 -2.3531611214738719
v -0.0073337852954865 -0.0250499974936247 0.0067123915068805
vn 1.5049016348830022 -5.1064282191272534 -1.8870900773934043
v -0.0079352380707860 -0.0250499974936247 0.0064227464608848
vn -0.5370953789611487 -5.1064270074338483 -2.3531612204656174
v -0.0066662221215665 -0.0250499974936247 0.0067123915068805
vn -1.5049025403152010 -5.1064257533864632 -1.8870916360187016
v -0.0060647688806057 -0.0250499974936247 0.0064227464608848
vn 0.0000018409963055 -5.0563159446139299 2.4383662322247552
v -0.0070000039413571 -0.0250499974936247 0.0037499996833503
vn -1.2191862736488206 -5.0563082186638262 2.1116909883639083
v -0.0062500038184226 -0.0250499974936247 0.0039509604685009
vn 1.2191832641996863 -5.0563077592506076 2.1116934021670470
v -0.0077500035986304 -0.0250499974936247 0.0039509604685009
vn 2.1116822353745555 -5.0563277339630508 1.2191743645158348
v -0.0082990415394306 -0.0250499974936247 0.0045000012032688
vn 3.0345462778256258 3.6651930155733083 0.0000022538083730
v 0.0132705038413405 0.0252499971538782 0.0052499989978969
vn 2.6279962792663678 3.6651878090391179 1.5172734312008080
v 0.0134352259337902 0.0252499971538782 0.0046352515928447
vn 1.5172749447607292 3.6651941189492550 2.6279925304289322
v 0.0138852540403605 0.0252499971538782 0.0041852216236293
vn 0.0000005746512041 3.6651898098700384 3.0345461381183405
v 0.0145000033080578 0.0252499971538782 0.0040205004625022
vn -1.5172735226951641 3.6651944976890372 2.6279915819791357
v 0.0151147535070777 0.0252499971538782 0.0041852216236293
vn -2.6279951426015993 3.6651878090394030 1.5172727940818600
v 0.0155647816136479 0.0252499971538782 0.0046352515928447
vn -3.0345448348323307 3.6651930155736543 0.0000022986183327
v 0.0157295037060976 0.0252499971538782 0.0052499989978969
vn -2.6279911612956441 3.6651934629597851 -1.5172750926843634
v 0.0155647816136479 0.0252499971538782 0.0058647501282394
vn -1.5172775039873845 3.6651847048302342 -2.6279938805775203
v 0.0151147535070777 0.0252499971538782 0.0063147763721645
vn 0.0000009071916181 3.6652011176891435 -3.0345420687084941
v 0.0145000033080578 0.0252499971538782 0.0064795012585819
vn 1.5172784583311218 3.6651843260831485 -2.6279947482742929
v 0.0138852540403605 0.0252499971538782 0.0063147763721645
vn 2.6279921091324754 3.6651934629596168 -1.5172753061117583
v 0.0134352259337902 0.0252499971538782 0.0058647501282394
vn 3.0345451221594604 3.6651923088338902 0.0000022986157369
v -0.0012294964399189 0.0252500008791685 0.0052499989978969
vn 2.6279952144345233 3.6651882270813414 1.5172723297538788
v -0.0010647745802999 0.0252500008791685 0.0046352515928447
vn 1.5172750564082655 3.6651943701985323 2.6279658128164289
v -0.0006147464155219 0.0252500008791685 0.0041852216236293
vn 0.0000013864619859 3.6651895844767721 3.0345525453003792
v 0.0000000036292884 0.0252499990165234 0.0040205004625022
vn -1.5172735569070162 3.6651943650297198 2.6279916253967528
v 0.0006147536332719 0.0252499990165234 0.0041852216236293
vn -2.6279952144345229 3.6651882270813472 1.5172723297538790
v 0.0010647817980498 0.0252499990165234 0.0046352515928447
vn -3.0345451221594608 3.6651923088338898 0.0000022986157369
v 0.0012295036576688 0.0252499990165234 0.0052499989978969
vn -2.6279912331267035 3.6651938809998752 -1.5172746283586807
v 0.0010647817980498 0.0252499990165234 0.0058647501282394
vn -1.5172775525004580 3.6651845608424778 -2.6279939201620435
v 0.0006147536332719 0.0252499990165234 0.0063147763721645
vn 0.0000015347893887 3.6652008696437535 -3.0345425052459691
v 0.0000000036292884 0.0252499990165234 0.0064795012585819
vn 1.5172790652000676 3.6651845660118800 -2.6279681667916379
v -0.0006147464155219 0.0252500008791685 0.0063147763721645
vn 2.6279912331267035 3.6651938809998823 -1.5172746283586811
v -0.0010647745802999 0.0252500008791685 0.0058647501282394
vn 3.0345448348323316 3.6651930155736538 0.0000022986183327
v -0.0157294962555170 0.0252500027418137 0.0052499989978969
vn 2.6279951426015993 3.6651878090394030 1.5172727940818600
v -0.0155647741630673 0.0252500027418137 0.0046352515928447
vn 1.5172735226951639 3.6651944976890372 2.6279915819791357
v -0.0151147460564971 0.0252500027418137 0.0041852216236293
vn 0.0000000805054520 3.6651898098698084 3.0345451401149925
v -0.0144999958574772 0.0252500027418137 0.0040205004625022
vn -1.5172732716222106 3.6651941189484756 2.6279889744132863
v -0.0138852465897799 0.0252500027418137 0.0041852216236293
vn -2.6279939695592103 3.6651878090391050 1.5172721764372625
v -0.0134352184832096 0.0252500027418137 0.0046352515928447
vn -3.0345434023447302 3.6651930155733128 0.0000022439237903
v -0.0132704963907599 0.0252500027418137 0.0052499989978969
vn -2.6279898313190562 3.6651934629593406 -1.5172741306835913
v -0.0134352184832096 0.0252500027418137 0.0058647501282394
vn -1.5172768762530175 3.6651843260827088 -2.6279921380093016
v -0.0138852465897799 0.0252500027418137 0.0063147763721645
vn -0.0000005746615883 3.6652011176892065 -3.0345415408671705
v -0.0144999958574772 0.0252500027418137 0.0064795012585819
vn 1.5172775039873843 3.6651847048302342 -2.6279938805775198
v -0.0151147460564971 0.0252500027418137 0.0063147763721645
vn 2.6279911612956441 3.6651934629597851 -1.5172750926843637
v -0.0155647741630673 0.0252500027418137 0.0058647501282394
vn 1.9496688622789593 5.5774648659310326 -0.0330497236290972
v 0.0053000035695732 0.0252499990165234 0.0052499989978969
vn 1.6687258302114267 5.5920632308131211 -0.9634377953035460
v 0.0055277603678405 0.0252499990165234 0.0060999984852970
vn 0.9634299165317231 5.5920781873479175 -1.6687086280679375
v 0.0061500035226345 0.0252499990165234 0.0067222448997200
vn 0.0000006678976447 5.5920815810612741 -1.9268555331798896
v 0.0070000039413571 0.0252499990165234 0.0069500016979873
vn -0.9634288860062351 5.5920753298006369 -1.6687099976724398
v 0.0078500034287572 0.0252499990165234 0.0067222448997200
vn -1.6687254210521518 5.5920635925997075 -0.9634347384647357
v 0.0084722470492125 0.0252499990165234 0.0060999984852970
vn -1.9496691349730932 5.5774633266444518 -0.0330498547756580
v 0.0087000038474798 0.0252499990165234 0.0052499989978969
vn -1.7771330983290399 5.5628581616417678 0.8558218356194220
v 0.0085316505283117 0.0252499990165234 0.0045123989693820
vn -1.2298147265198247 5.5628597595702445 1.5421324061579906
v 0.0080599365755916 0.0252499990165234 0.0039208861999214
vn -0.4389157691526610 5.5628611057370430 1.9230114211480480
v 0.0073782894760370 0.0252499990165234 0.0035926210694015
vn 0.4389158867226907 5.5628607945642035 1.9230127205247769
v 0.0066217179410160 0.0252499990165234 0.0035926210694015
vn 1.2298176662310956 5.5628586535376758 1.5421360843616534
v 0.0059400708414614 0.0252499990165234 0.0039208861999214
vn 1.7771301580710293 5.5628621817862296 0.8558204009058064
v 0.0054683564230800 0.0252499990165234 0.0045123989693820
vn 1.9496717939539285 5.5774634701663981 -0.0330500475984509
v -0.0086999963968992 0.0252500008791685 0.0052499989978969
vn 1.6687253111928670 5.5920648318088135 -0.9634367212063824
v -0.0084722395986319 0.0252500008791685 0.0060999984852970
vn 0.9634306442187700 5.5920769721424195 -1.6687114073912299
v -0.0078499959781766 0.0252500008791685 0.0067222448997200
vn 0.0000016910600547 5.5920816244513780 -1.9268554025117064
v -0.0069999964907765 0.0252500008791685 0.0069500016979873
vn -0.9634298474951501 5.5920762965989850 -1.6687118866174706
v -0.0061499960720539 0.0252500008791685 0.0067222448997200
vn -1.6687287819006036 5.5920621233276542 -0.9634359482365968
v -0.0055277529172599 0.0252500008791685 0.0060999984852970
vn -1.9496681344964555 5.5774653698637326 -0.0330499551528366
v -0.0052999961189926 0.0252500008791685 0.0052499989978969
vn -1.7771312452770136 5.5628617807108300 0.8558194319661112
v -0.0054683489724994 0.0252500008791685 0.0045123989693820
vn -1.2298166921216009 5.5628583747578553 1.5421373582819780
v -0.0059400633908808 0.0252500008791685 0.0039208861999214
vn -0.4389162358631983 5.5628611057359940 1.9230094458030820
v -0.0066217104904354 0.0252500008791685 0.0035926210694015
vn 0.4389167521805069 5.5628609075092896 1.9230125317602513
v -0.0073782820254564 0.0252500008791685 0.0035926210694015
vn 1.2298184653863924 5.5628595646778116 1.5421384896679957
v -0.0080599291250110 0.0252500008791685 0.0039208861999214
vn 1.7771358722225206 5.5628582000304938 0.8558233787888206
v -0.0085316430777311 0.0252500008791685 0.0045123989693820
vn -0.6614617212797284 5.1630868542044048 2.0792602959768534
v -0.0177499968558550 0.0252500027418137 0.0090500004589558
vn 0.0000006172832657 5.3630364409134330 2.2214391625575098
v 0.0032647536136210 0.0252499990165234 0.0090500004589558
vn 0.6614631890829188 5.1630861928794340 2.0792607818815796
v 0.0177500043064356 0.0252499971538782 0.0090500004589558
vn 0.0000007021643351 5.3630571294238507 -2.2214186399190883
v 0.0032647536136210 0.0252499990165234 0.0014500018442050
vn -2.4807705547992214 4.2989940760968031 1.9389842762582181
v -0.0182499960064888 0.0251160282641649 0.0090500004589558
vn -4.2989938109356114 2.4807693855620134 1.9389848547143302
v -0.0186160225421190 0.0247500017285347 0.0090500004589558
vn -5.1630781357117446 0.6614598502997906 2.0792686687841280
v -0.0187499970197678 0.0242500025779009 0.0090500004589558
vn 5.1630777142062279 0.6614581094904314 2.0792699798304137
v 0.0187500044703484 0.0242499969899654 0.0090500004589558
vn 4.2989883217535141 2.4807691147531092 1.9389835501667523
v 0.0186160299926996 0.0247499980032444 0.0090500004589558
vn 2.4807653555310498 4.2989994488075967 1.9389860777061643
v 0.0182500034570694 0.0251160226762295 0.0090500004589558
vn 0.0000003058304806 6.2831853071795551 0.0000001881426122
v 0.0032647536136210 0.0252499990165234 0.0037852483801544
vn 1.6780007156100387 4.9203111978540868 -2.0795931495062905
v 0.0181326866149902 0.0251738764345646 0.0014500018442050
vn 2.7583867896334495 4.4347411464678066 -2.1392978556985742
v 0.0182500034570694 0.0251160226762295 0.0014500018442050
vn 3.6744476145011493 3.6744632289691701 -2.0814082019537046
v 0.0184571109712124 0.0249571036547422 0.0014500018442050
vn 4.4347290442194014 2.7583890179014667 -2.1393009390537792
v 0.0186160299926996 0.0247499980032444 0.0014500018442050
vn 4.9203030721179148 1.6779970086840243 -2.0796000530502488
v 0.0186738837510347 0.0246326811611652 0.0014500018442050
vn 5.2251335283897218 0.5059538472130829 -2.1137006972094836
v 0.0187500044703484 0.0242499969899654 0.0014500018442050
vn -5.2251311678603303 0.5059588311373485 -2.1137016061820582
v -0.0187499970197678 0.0242500025779009 0.0014500018442050
vn -4.9203021789266348 1.6779972248622834 -2.0796018364479449
v -0.0186738763004541 0.0246326848864555 0.0014500018442050
vn -4.4347383980963651 2.7583811837791323 -2.1393026590490756
v -0.0186160225421190 0.0247500017285347 0.0014500018442050
vn -3.6744530572352518 3.6744530572352518 -2.0814057420085459
v -0.0184571035206318 0.0249571092426777 0.0014500018442050
vn -2.7583811837791323 4.4347383980963651 -2.1393026590490760
v -0.0182499960064888 0.0251160282641649 0.0014500018442050
vn -1.6779994503688664 4.9203029664350080 -2.0796006062397669
v -0.0181326791644096 0.0251738820225000 0.0014500018442050
vn -5.2251114385830242 -0.5059537083760804 2.1137209621423132
v -0.0187500044703484 -0.0242499969899654 0.0090500004589558
vn 5.2251115922032474 -0.5059545322449723 2.1137211157639659
v 0.0187499970197678 -0.0242500025779009 0.0090500004589558
vn 5.2251320046002965 -0.5059565349155202 -2.1137021575135355
v 0.0187499970197678 -0.0242500025779009 0.0014500018442050
vn -5.1630987097341023 -0.6614599046973262 -2.0792509987199370
v -0.0187500044703484 -0.0242499969899654 0.0014500018442050
vn -4.9202764074008591 -1.6779891333762209 2.0796249877768869
v -0.0186738837510347 -0.0246326811611652 0.0090500004589558
vn -4.4347015599667463 -2.7583792278686792 2.1393215963667847
v -0.0186160299926996 -0.0247499980032444 0.0090500004589558
vn -3.6744466105108442 -3.6744564417248231 2.0814257190820795
v -0.0184571109712124 -0.0249571017920971 0.0090500004589558
vn -2.7583851783647346 -4.4347152265386756 2.1393118078170303
v -0.0182500034570694 -0.0251160226762295 0.0090500004589558
vn -1.6736397712273261 -4.9211453996783563 2.0727705388085771
v -0.0181326866149902 -0.0251738764345646 0.0090500004589558
vn -0.5103198642796307 -5.2242202622452529 2.1070277188125806
v -0.0177500043064356 -0.0252499990165234 0.0090500004589558
vn 0.5059667369330052 -5.2250962015789613 2.1137272424397788
v 0.0177499968558550 -0.0252500046044588 0.0090500004589558
vn 1.6558233293213742 -4.8865396963412957 2.1161641537176439
v 0.0181326791644096 -0.0251738820225000 0.0090500004589558
vn 2.7673959573683398 -4.4557677193541085 2.1177060953169846
v 0.0182499960064888 -0.0251160282641649 0.0090500004589558
vn 3.6346701975578926 -3.6346750625927302 2.1335124749984589
v 0.0184571035206318 -0.0249571073800325 0.0090500004589558
vn 4.8865313869979889 -1.6558123477407451 2.1161672601280865
v 0.0186738763004541 -0.0246326867491007 0.0090500004589558
vn 4.4557496856901446 -2.7673942425115490 2.1177174091340438
v 0.0186160225421190 -0.0247500035911798 0.0090500004589558
vn 4.8865511889657300 -1.6558191688366977 -2.1161490883846770
v 0.0186738763004541 -0.0246326867491007 0.0014500018442050
vn 4.4557671306018447 -2.7674050873181075 -2.1176984941628287
v 0.0186160225421190 -0.0247500035911798 0.0014500018442050
vn 3.6346851909296203 -3.6346900559803128 -2.1334943910677429
v 0.0184571035206318 -0.0249571073800325 0.0014500018442050
vn 1.6558301504260189 -4.8865594982482801 -2.1161459818690114
v 0.0181326791644096 -0.0251738820225000 0.0014500018442050
vn 2.7674068020932139 -4.4557851641922133 -2.1176871801884545
v 0.0182499960064888 -0.0251160282641649 0.0014500018442050
vn -2.4775479167815204 -4.2998957582641797 -1.9339791354375013
v -0.0182500034570694 -0.0251160226762295 0.0014500018442050
vn -4.2990044484933803 -2.4807787191242987 -1.9389683152321577
v -0.0186160299926996 -0.0247499980032444 0.0014500018442050
vn 3.0345435055765262 -3.6651930155733532 0.0000021341875396
v 0.0132704963907599 -0.0252500046044588 0.0052499989978969
vn 2.6279903790017931 -3.6651934629596656 -1.5172748071942463
v 0.0134352184832096 -0.0252500046044588 0.0058647501282394
vn 1.5172776415966485 -3.6651843260832622 -2.6279931688081892
v 0.0138852465897799 -0.0252500046044588 0.0063147763721645
vn 0.0000005746615883 -3.6652011176892065 -3.0345415408671714
v 0.0144999958574772 -0.0252500046044588 0.0064795012585819
vn -1.5172775039873847 -3.6651847048302342 -2.6279938805775203
v 0.0151147460564971 -0.0252500046044588 0.0063147763721645
vn -2.6279911612956441 -3.6651934629597851 -1.5172750926843634
v 0.0155647741630673 -0.0252500046044588 0.0058647501282394
vn -3.0345448348323307 -3.6651930155736538 0.0000022986183328
v 0.0157294962555170 -0.0252500046044588 0.0052499989978969
vn -2.6279951426015993 -3.6651878090394030 1.5172727940818598
v 0.0155647741630673 -0.0252500046044588 0.0046352515928447
vn -1.5172735226951639 -3.6651944976890372 2.6279915819791357
v 0.0151147460564971 -0.0252500046044588 0.0041852216236293
vn -0.0000001510754251 -3.6651898098697577 3.0345450390935045
v 0.0144999958574772 -0.0252500046044588 0.0040205004625022
vn 1.5172731574987230 -3.6651941189481185 2.6279885940398060
v 0.0138852465897799 -0.0252500046044588 0.0041852216236293
vn 2.6279939161591752 -3.6651878090390655 1.5172720874198380
v 0.0134352184832096 -0.0252500046044588 0.0046352515928447
vn 3.0345451221594608 -3.6651923088338902 0.0000022986157368
v -0.0012295036576688 -0.0252500008791685 0.0052499989978969
vn 2.6279910501620116 -3.6651938809998539 -1.5172743173981640
v -0.0010647817980498 -0.0252500008791685 0.0058647501282394
vn 1.5172761833864699 -3.6651845608583509 -2.6279956211917379
v -0.0006147536332719 -0.0252500008791685 0.0063147763721645
vn -0.0000132432873001 -3.6652008695594680 -3.0345228509369879
v -0.0000000036292458 -0.0252500027418137 0.0064795012585819
vn -1.5172775416347983 -3.6651845661011899 -2.6279939230735430
v 0.0006147464155219 -0.0252500027418137 0.0063147763721645
vn -2.6279912331267035 -3.6651938809998756 -1.5172746283586807
v 0.0010647745802999 -0.0252500027418137 0.0058647501282394
vn -3.0345451221594599 -3.6651923088338898 0.0000022986157368
v 0.0012294964399189 -0.0252500027418137 0.0052499989978969
vn -2.6279952144345229 -3.6651882270813472 1.5172723297538786
v 0.0010647745802999 -0.0252500027418137 0.0046352515928447
vn -1.5172735460413878 -3.6651943702884919 2.6279916283081786
v 0.0006147464155219 -0.0252500027418137 0.0041852216236293
vn -0.0000011876271872 -3.6651895844723783 3.0345378200524800
v -0.0000000036292458 -0.0252500027418137 0.0040205004625022
vn 1.5172760412964503 -3.6651943647605139 2.6280339557593728
v -0.0006147536332719 -0.0252500008791685 0.0041852216236293
vn 2.6279952144345229 -3.6651882270813467 1.5172723297538790
v -0.0010647817980498 -0.0252500008791685 0.0046352515928447
vn 3.0345448348323307 -3.6651930155736543 0.0000022986183329
v -0.0157295037060976 -0.0252499990165234 0.0052499989978969
vn 2.6279911612956441 -3.6651934629597851 -1.5172750926843632
v -0.0155647816136479 -0.0252499990165234 0.0058647501282394
vn 1.5172775039873847 -3.6651847048302342 -2.6279938805775203
v -0.0151147535070777 -0.0252499990165234 0.0063147763721645
vn -0.0000005746615883 -3.6652011176892065 -3.0345415408671714
v -0.0145000033080578 -0.0252499990165234 0.0064795012585819
vn -1.5172789260620119 -3.6651843260830339 -2.6279948290202251
v -0.0138852540403605 -0.0252499990165234 0.0063147763721645
vn -2.6279923343392202 -3.6651934629594840 -1.5172757103338455
v -0.0134352259337902 -0.0252499990165234 0.0058647501282394
vn -3.0345462673197070 -3.6651930155733128 0.0000022439262710
v -0.0132705038413405 -0.0252499990165234 0.0052499989978969
vn -2.6279964725757310 -3.6651878090389576 1.5172737560744525
v -0.0134352259337902 -0.0252499990165234 0.0046352515928447
vn -1.5172752997440730 -3.6651941189489294 2.6279930165892011
v -0.0138852540403605 -0.0252499990165234 0.0041852216236293
vn -0.0000005746512042 -3.6651898098700384 3.0345461381183414
v -0.0145000033080578 -0.0252499990165234 0.0040205004625022
vn 1.5172735226951639 -3.6651944976890372 2.6279915819791357
v -0.0151147535070777 -0.0252499990165234 0.0041852216236293
vn 2.6279951426015993 -3.6651878090394030 1.5172727940818598
v -0.0155647816136479 -0.0252499990165234 0.0046352515928447
vn 1.9496887072159241 -5.5774484231389332 0.0330518772511195
v 0.0052999961189926 -0.0252500027418137 0.0052499989978969
vn 1.6687349773179876 -5.5920539660966222 0.9634448781061631
v 0.0055277529172599 -0.0252500027418137 0.0043999995104969
vn 0.9634485482049764 -5.5920468868156448 1.6687425184226266
v 0.0061499960720539 -0.0252500027418137 0.0037777568213642
vn 0.0000003090377386 -5.5920492646623847 1.9268957252720065
v 0.0069999964907765 -0.0252500027418137 0.0035500000230968
vn -0.9634515933814651 -5.5920463636619075 1.6687428472022530
v 0.0078499959781766 -0.0252500027418137 0.0037777568213642
vn -1.6687325527494412 -5.5920562083929397 0.9634468600903836
v 0.0084722395986319 -0.0252500027418137 0.0043999995104969
vn -1.9496925886759837 -5.5774463753755965 0.0330512839502823
v 0.0086999963968992 -0.0252500027418137 0.0052499989978969
vn -1.7771507321206719 -5.5628432047387131 -0.8558329277878628
v 0.0085316430777311 -0.0252500027418137 0.0059876027517021
vn -1.2298303501451391 -5.5628417752379491 -1.5421591129129197
v 0.0080599291250110 -0.0252500027418137 0.0065791117958724
vn -0.4389222228259186 -5.5628443411238724 -1.9230344170308984
v 0.0073782820254564 -0.0252500027418137 0.0069073769263923
vn 0.4389203316328077 -5.5628440299463300 -1.9230321949055216
v 0.0066217104904354 -0.0252500027418137 0.0069073769263923
vn 1.2298290404884817 -5.5628405164434831 -1.5421552019839024
v 0.0059400633908808 -0.0252500027418137 0.0065791117958724
vn 1.7771450943947273 -5.5628471266830983 -0.8558294617087249
v 0.0054683489724994 -0.0252500027418137 0.0059876027517021
vn 1.9496887669180694 -5.5774470273655394 0.0330520633561615
v -0.0087000038474798 -0.0252500008791685 0.0052499989978969
vn 1.6687325575094996 -5.5920555670828440 0.9634432964553614
v -0.0084722470492125 -0.0252500008791685 0.0043999995104969
vn 0.9634484353660940 -5.5920456715612392 1.6687430068283378
v -0.0078500034287572 -0.0252500008791685 0.0037777568213642
vn 0.0000004861536758 -5.5920493080544205 1.9268949981910584
v -0.0070000039413571 -0.0252500008791685 0.0035500000230968
vn -0.9634508989046091 -5.5920473304961051 1.6687418736448016
v -0.0061500035226345 -0.0252500008791685 0.0037777568213642
vn -1.6687337671147899 -5.5920547391300337 0.9634469761390982
v -0.0055277603678405 -0.0252500008791685 0.0043999995104969
vn -1.9496887246516672 -5.5774484186184825 0.0330513994677825
v -0.0053000035695732 -0.0252500008791685 0.0052499989978969
vn -1.7771459029482375 -5.5628468238358426 -0.8558287557754404
v -0.0054683564230800 -0.0252500008791685 0.0059876027517021
vn -1.2298281397961035 -5.5628403904117985 -1.5421561449840040
v -0.0059400708414614 -0.0252500008791685 0.0065791117958724
vn -0.4389007047433109 -5.5628443392375448 -1.9229246034971001
v -0.0066217179410160 -0.0252500008791685 0.0069073769263923
vn 0.4389202579117020 -5.5628441428924855 -1.9230292938579814
v -0.0073782894760370 -0.0252500008791685 0.0069073769263923
vn 1.2298265422745072 -5.5628414275884381 -1.5421515192346211
v -0.0080599365755916 -0.0252500008791685 0.0065791117958724
vn 1.7771480399488782 -5.5628431448915521 -0.8558308064249689
v -0.0085316505283117 -0.0252500008791685 0.0059876027517021
vn -0.0000008219252359 -5.3630111157237161 2.2214643689233475
v 0.0032647461630404 -0.0252500027418137 0.0090500004589558
vn -0.0000007180863229 -5.3630318044700260 -2.2214436017321542
v 0.0032647461630404 -0.0252500027418137 0.0014500018442050
vn -0.0000003248460085 -6.2831853071795587 -0.0000001975056647
v 0.0032647461630404 -0.0252500027418137 0.0037852483801544
vn -1.3943551736421103 -2.9567940557896621 -2.8002418356669363
v -0.0152442548424006 -0.0312500000000000 0.0186354164034128
vn -0.8560701617862463 -2.9567917934096428 -3.0087746613425468
v -0.0093592796474695 -0.0312500000000000 0.0163555610924959
vn 2.3117600222655654 -2.9567962779723107 2.1074492450758786
v 0.0252740997821093 -0.0312500074505806 0.0722903832793236
vn 1.8851567835073491 -2.9567921170081424 2.4963504225977839
v 0.0206100996583700 -0.0312500037252903 0.0765421912074089
vn 1.3943531267697249 -2.9567928638639822 2.8002423992860130
v 0.0152442473918200 -0.0312500037252903 0.0798645839095116
vn -2.3117625931219297 -2.9567927094817334 -2.1074476470820955
v -0.0252741072326899 -0.0312499981373549 0.0262096095830202
vn 0.8560680347184624 -2.9567933867785325 3.0087748520845925
v 0.0093592684715986 -0.0312500037252903 0.0821444317698479
vn -1.8851571000663732 -2.9567912348035081 -2.4963504319041565
v -0.0206101108342409 -0.0312499981373549 0.0219578091055155
vn -0.2886328622519034 -2.9567936426924759 -3.1148476592502341
v -0.0031555832829326 -0.0312500000000000 0.0151958931237459
vn 0.2886309993885171 -2.9567937187377362 -3.1148462002493011
v 0.0031555725727230 -0.0312500037252903 0.0151958931237459
vn 0.8560697755465655 -2.9567922859568241 -3.0087746885975317
v 0.0093592684715986 -0.0312500037252903 0.0163555610924959
vn 1.3943549011399994 -2.9567940267986343 -2.8002422544181336
v 0.0152442473918200 -0.0312500037252903 0.0186354164034128
vn 1.8851561746240684 -2.9567930515498206 -2.4963510557574975
v 0.0206100996583700 -0.0312500037252903 0.0219578091055155
vn 2.3117593996286758 -2.9567939826701668 -2.1074479145524903
v 0.0252740997821093 -0.0312500074505806 0.0262096095830202
vn 0.2886314459611338 -2.9567937187379321 3.1148464977746206
v 0.0031555725727230 -0.0312500037252903 0.0833040997385979
vn -0.2886333051966588 -2.9567936426922685 3.1148479644981459
v -0.0031555832829326 -0.0312500000000000 0.0833040997385979
vn -0.8560684227504256 -2.9567928942324015 3.0087748479046992
v -0.0093592796474695 -0.0312500000000000 0.0821444317698479
vn -2.3117616159949250 -2.9567950047832698 2.1074480005572922
v -0.0252741072326899 -0.0312499981373549 0.0722903832793236
vn -2.6596396190544169 -2.9567918230356343 1.6467820028137823
v -0.0290774274617434 -0.0312499981373549 0.0672539845108986
vn -3.1281914449310326 -2.9567924001882782 -0.0000000632006934
v -0.0342000052332878 -0.0312499962747097 0.0492500029504299
vn -2.9169496978781684 -2.9567923959426348 1.1300324073103329
v -0.0318905562162399 -0.0312499981373549 0.0616044662892818
vn -3.0749328542599659 -2.9567937012727881 0.5748042626891916
v -0.0336176827549934 -0.0312499962747097 0.0555342398583889
vn -1.8851583405675112 -2.9567903002612068 2.4963495421759649
v -0.0206101108342409 -0.0312499981373549 0.0765421912074089
vn -3.0749295240079695 -2.9567937012763572 -0.5748034466730791
v -0.0336176827549934 -0.0312499962747097 0.0429657660424709
vn -2.9169510500390734 -2.9567920531537850 -1.1300333766811195
v -0.0318905562162399 -0.0312499981373549 0.0368955396115780
vn -1.3943533455373802 -2.9567928928550726 2.8002423767407745
v -0.0152442548424006 -0.0312500000000000 0.0798645839095116
vn -2.6596416682549560 -2.9567931662243199 -1.6467807172367781
v -0.0290774274617434 -0.0312499981373549 0.0312460232526064
vn 2.6596421465612341 -2.9567935782038735 -1.6467798084103300
v 0.0290774218738079 -0.0312500074505806 0.0312460232526064
vn 2.9169514413094020 -2.9567936247105404 -1.1300330940781995
v 0.0318905450403690 -0.0312500074505806 0.0368955396115780
vn 3.0749275974257224 -2.9567931335388780 -0.5748046014784534
v 0.0336176753044128 -0.0312500074505806 0.0429657660424709
vn 3.1281910738175043 -2.9567924001883017 0.0000000000000000
v 0.0341999977827072 -0.0312500074505806 0.0492500029504299
vn 3.0749275974257229 -2.9567931335388744 0.5748046014784535
v 0.0336176753044128 -0.0312500074505806 0.0555342398583889
vn 2.6596407962897839 -2.9567922350145293 1.6467815987531993
v 0.0290774218738079 -0.0312500074505806 0.0672539845108986
vn 2.9169516288833233 -2.9567939674998094 1.1300327173786127
v 0.0318905450403690 -0.0312500074505806 0.0616044662892818
vn 3.1281910738175043 -3.3263929069912841 0.0000000000000000
v 0.0341999977827072 -0.0252500027418137 0.0492500029504299
vn 3.0749275974257229 -3.3263921736407083 -0.5748046014784535
v 0.0336176753044128 -0.0252500027418137 0.0429657660424709
vn 2.9169514838626092 -3.3263916295109697 -1.1300331433659130
v 0.0318905450403690 -0.0252500027418137 0.0368955396115780
vn 2.6596409208590379 -3.3263934332549070 -1.6467796445105645
v 0.0290774237364531 -0.0252500008791685 0.0312460232526064
vn 2.3117616318338672 -3.3263927598374607 -2.1074482371677146
v 0.0252741016447544 -0.0252500008791685 0.0262096095830202
vn 1.8851560602330022 -3.3263934416600711 -2.4963505759502715
v 0.0206101015210152 -0.0252500008791685 0.0219578091055155
vn 1.3943537713726106 -3.3263916976731704 -2.8002416019643324
v 0.0152442483231425 -0.0252499990165234 0.0186354164034128
vn 0.8560695019339030 -3.3263932869815416 -3.0087746021305879
v 0.0093592694029212 -0.0252499990165234 0.0163555610924959
vn 0.2886314371916227 -3.3263916780444012 -3.1148463908138075
v 0.0031555735040456 -0.0252499971538782 0.0151958931237459
vn -0.2886324311014395 -3.3263915748836985 -3.1148471003540434
v -0.0031555823516101 -0.0252499971538782 0.0151958931237459
vn -0.8560705077505978 -3.3263932480108513 -3.0087735301543201
v -0.0093592787161469 -0.0252499952912331 0.0163555610924959
vn -1.3943551703298933 -3.3263908340973658 -2.8002420511115331
v -0.0152442539110780 -0.0252499952912331 0.0186354164034128
vn -1.8851566076277118 -3.3263928863457073 -2.4963493975152007
v -0.0206101089715958 -0.0252499934285879 0.0219578091055155
vn -2.3117625847406980 -3.3263911623679867 -2.1074475622813797
v -0.0252741053700447 -0.0252499934285879 0.0262096095830202
vn -2.6596426301341691 -3.3263904366754655 -1.6467816294175472
v -0.0290774255990982 -0.0252499934285879 0.0312460232526064
vn -2.9169521292416389 -3.3263933069835039 -1.1300339856217374
v -0.0318905562162399 -0.0252499934285879 0.0368955396115780
vn -3.0749276139574246 -3.3263916059026659 -0.5748031451936814
v -0.0336176827549934 -0.0252499915659428 0.0429657660424709
vn -3.1281910738175038 -3.3263929069912845 0.0000000000000000
v -0.0342000052332878 -0.0252499915659428 0.0492500029504299
vn -3.0749278482419795 -3.3263916059027290 0.5748035221668901
v -0.0336176827549934 -0.0252499915659428 0.0555342398583889
vn -2.9169525966634464 -3.3263929641940684 1.1300334106963459
v -0.0318905562162399 -0.0252499934285879 0.0616044662892818
vn -2.6596411416358690 -3.3263917798650411 1.6467829450011999
v -0.0290774255990982 -0.0252499934285879 0.0672539845108986
vn -2.3117619927595143 -3.3263888670666479 2.1074484950723131
v -0.0252741053700447 -0.0252499934285879 0.0722903832793236
vn -1.8851575649738115 -3.3263938208873611 2.4963485727602213
v -0.0206101089715958 -0.0252499934285879 0.0765421912074089
vn -1.3943536365685976 -3.3263919970324740 2.8002426433912242
v -0.0152442539110780 -0.0252499952912331 0.0798645839095116
vn -0.8560688669060985 -3.3263921471886375 3.0087742396598998
v -0.0093592787161469 -0.0252499952912331 0.0821444317698479
vn -0.2886326082320242 -3.3263915748836776 3.1148470245610680
v -0.0031555823516101 -0.0252499971538782 0.0833040997385979
vn 0.2886319594739477 -3.3263916780443106 3.1148457975202946
v 0.0031555735040456 -0.0252499971538782 0.0833040997385979
vn 0.8560674600306774 -3.3263921861591834 3.0087758618988918
v 0.0093592694029212 -0.0252499990165234 0.0821444317698479
vn 1.3943525582369729 -3.3263928606072777 2.8002415738771398
v 0.0152442483231425 -0.0252499990165234 0.0798645839095116
vn 1.8851570021044171 -3.3263943762021144 2.4963502964857902
v 0.0206101015210152 -0.0252500008791685 0.0765421912074089
vn 2.3117610398526689 -3.3263904645356517 2.1074491699601166
v 0.0252741016447544 -0.0252500008791685 0.0722903832793236
vn 2.6596397232007147 -3.3263947764433901 1.6467808287202657
v 0.0290774237364531 -0.0252500008791685 0.0672539845108986
vn 2.9169518634278910 -3.3263912867216119 1.1300332083221267
v 0.0318905450403690 -0.0252500027418137 0.0616044662892818
vn 3.0749275974257224 -3.3263921736407087 0.5748046014784534
v 0.0336176753044128 -0.0252500027418137 0.0555342398583889
vn -0.0000002682852104 -2.9670602565138924 -3.1296381279774295
v -0.0000000044654382 -0.0252499971538782 0.0097500029951334
vn 0.5434543631540704 -2.9670598618902702 -3.0820913068416962
v 0.0068591004237533 -0.0252499990165234 0.0103500951081514
vn 1.0703983115316162 -2.9670597180407814 -2.9408980983947384
v 0.0135097904130816 -0.0252499990165234 0.0121321398764849
vn 1.5648176097710873 -2.9670599162426212 -2.7103458653208685
v 0.0197499953210354 -0.0252500008791685 0.0150419939309359
vn 2.0116926793496361 -2.9670593848814222 -2.3974415161318605
v 0.0253901071846485 -0.0252500008791685 0.0189912412315607
vn 2.3974422593698468 -2.9670602360900555 -2.0116920787460386
v 0.0302587524056435 -0.0252500008791685 0.0238598901778460
vn 2.7103451955189310 -2.9670600858019802 -1.5648184803622229
v 0.0342079997062683 -0.0252500027418137 0.0295000020414591
vn 2.9408978247756439 -2.9670604561246172 -1.0703990162279524
v 0.0371178537607193 -0.0252500027418137 0.0357402078807354
vn 3.0820917385766839 -2.9670598985869563 -0.5434556985889623
v 0.0388999022543430 -0.0252500027418137 0.0423909015953541
vn 3.1296380429263593 -2.9670607177732249 -0.0000001475793917
v 0.0394999943673611 -0.0252500027418137 0.0492500029504299
vn 3.0820915806945637 -2.9670593841736408 0.5434561884195629
v 0.0388999022543430 -0.0252500027418137 0.0561091117560863
vn 2.9408973345890308 -2.9670607618983551 1.0703999411054723
v 0.0371178537607193 -0.0252500027418137 0.0627597942948341
vn 2.7103446255194679 -2.9670595360983927 1.5648190245515123
v 0.0342079997062683 -0.0252500027418137 0.0689999982714653
vn 2.3974426589055340 -2.9670615785498993 2.0116923879662649
v 0.0302587524056435 -0.0252500008791685 0.0746401026844978
vn 2.0116921747766723 -2.9670577333187858 2.3974414712814345
v 0.0253901071846485 -0.0252500008791685 0.0795087590813637
vn 1.5648166975503701 -2.9670608250198049 2.7103462154115232
v 0.0197499953210354 -0.0252500008791685 0.0834579989314079
vn 1.0703980287430677 -2.9670597404138106 2.9408985197538247
v 0.0135097904130816 -0.0252499990165234 0.0863678529858589
vn 0.5434563714884240 -2.9670609393957439 3.0820907428842448
v 0.0068591004237533 -0.0252499990165234 0.0881498977541924
vn -0.0000005132943137 -2.9670580996004388 3.1296382924348656
v -0.0000000044654382 -0.0252499971538782 0.0887499973177910
vn -0.5434573629614053 -2.9670606346385728 3.0820909927720912
v -0.0068591097369790 -0.0252499971538782 0.0881498977541924
vn -1.0703985345355793 -2.9670599299614486 2.9408981148419122
v -0.0135097960010171 -0.0252499952912331 0.0863678529858589
vn -1.5648178496037111 -2.9670594926936666 2.7103460120510467
v -0.0197500064969063 -0.0252499952912331 0.0834579989314079
vn -2.0116931051794693 -2.9670582913684278 2.3974412227560884
v -0.0253901109099388 -0.0252499934285879 0.0795087590813637
vn -2.3974423005396375 -2.9670606220404929 2.0116919605561030
v -0.0302587598562241 -0.0252499934285879 0.0746401026844978
vn -2.7103468792338870 -2.9670587797151420 1.5648196865747788
v -0.0342080071568489 -0.0252499915659428 0.0689999982714653
vn -2.9408985480612611 -2.9670593715057625 1.0703990197728750
v -0.0371178612112999 -0.0252499915659428 0.0627597942948341
vn -3.0820915974358494 -2.9670600753279692 0.5434570647903693
v -0.0388999059796333 -0.0252499915659428 0.0561091117560863
vn -3.1296376965268267 -2.9670576383411928 -0.0000001475811773
v -0.0395000055432320 -0.0252499915659428 0.0492500029504299
vn -3.0820919970412120 -2.9670605897416085 -0.5434564028564378
v -0.0388999059796333 -0.0252499915659428 0.0423909015953541
vn -2.9408989705106157 -2.9670590657326352 -1.0703985434483514
v -0.0371178612112999 -0.0252499915659428 0.0357402078807354
vn -2.7103473002879497 -2.9670593294186536 -1.5648187661562698
v -0.0342080071568489 -0.0252499915659428 0.0295000020414591
vn -2.3974419010030927 -2.9670592795805875 -2.0116916513365721
v -0.0302587598562241 -0.0252499934285879 0.0238598901778460
vn -2.0116934187433326 -2.9670599429313818 -2.3974412733230386
v -0.0253901109099388 -0.0252499934285879 0.0189912412315607
vn -1.5648189734315756 -2.9670585839158381 -2.7103452697179442
v -0.0197500064969063 -0.0252499952912331 0.0150419939309359
vn -1.0703985706797994 -2.9670599075883524 -2.9408981144779478
v -0.0135097960010171 -0.0252499952912331 0.0121321398764849
vn -0.5434556546197274 -2.9670595571336218 -3.0820912012945443
v -0.0068591097369790 -0.0252499971538782 0.0103500951081514
vn -3.1296370991070499 2.9670585618111849 -0.0000001488623589
v -0.0394999980926514 0.0252500064671040 0.0492500029504299
vn -3.0820910101843073 2.9670609847684148 0.5434569692424118
v -0.0388998985290527 0.0252500064671040 0.0561091117560863
vn -2.9408971881830963 2.9670602392838976 1.0703988036305045
v -0.0371178537607193 0.0252500064671040 0.0627597942948341
vn -2.7103449556597266 2.9670597576995252 1.5648190090232594
v -0.0342079997062683 0.0252500064671040 0.0689999982714653
vn -2.3974423431875875 2.9670609743692387 2.0116922569507678
v -0.0302587542682886 0.0252500046044588 0.0746401026844978
vn -2.0116921040638975 2.9670587365648009 2.3974412830141598
v -0.0253901053220034 0.0252500046044588 0.0795087590813637
vn -1.5648173211538128 2.9670597470393343 2.7103471195655064
v -0.0197500009089708 0.0252500027418137 0.0834579989314079
vn -1.0703975053903201 2.9670603377618501 2.9408979884606374
v -0.0135097885504365 0.0252500027418137 0.0863678529858589
vn -0.5434565970441472 2.9670607969531155 3.0820919787015937
v -0.0068591022863984 0.0252500008791685 0.0881498977541924
vn 0.0000004238975023 2.9670580996004876 3.1296374295599168
v 0.0000000027930953 0.0252500008791685 0.0887499973177910
vn 0.5434571909279269 2.9670607770814570 3.0820919494568573
v 0.0068591078743339 0.0252499990165234 0.0881498977541924
vn 1.0703988428689819 2.9670593326131152 2.9408976860824332
v 0.0135097978636622 0.0252499990165234 0.0863678529858589
vn 1.5648184065861115 2.9670605706744126 2.7103476200647814
v 0.0197500009089708 0.0252499971538782 0.0834579989314079
vn 2.0116927369643003 2.9670572881224286 2.3974415472613244
v 0.0253901127725840 0.0252499971538782 0.0795087590813637
vn 2.3974425246186155 2.9670612262210687 2.0116917065011553
v 0.0302587579935789 0.0252499971538782 0.0746401026844978
vn 2.7103463236079084 2.9670585581143185 1.5648197790003662
v 0.0342080071568489 0.0252499952912331 0.0689999982714653
vn 2.9408981527341553 2.9670598941202808 1.0704000057071104
v 0.0371178612112999 0.0252499952912331 0.0627597942948341
vn 3.0820921740152505 2.9670584747330806 0.5434562826697554
v 0.0388999097049236 0.0252499952912331 0.0561091117560863
vn 3.1296386403472805 2.9670597943030117 -0.0000001488607033
v 0.0395000018179417 0.0252499952912331 0.0492500029504299
vn 3.0820923258274697 2.9670589891463508 -0.5434557941365062
v 0.0388999097049236 0.0252499952912331 0.0423909015953541
vn 2.9408983878966684 2.9670595883464541 -1.0703992031121525
v 0.0371178612112999 0.0252499952912331 0.0357402078807354
vn 2.7103468055346531 2.9670591078178892 -1.5648188302762303
v 0.0342080071568489 0.0252499952912331 0.0295000020414591
vn 2.3974421126967251 2.9670598837610638 -2.0116914867719067
v 0.0302587579935789 0.0252499971538782 0.0238598901778460
vn 2.0116930276434708 2.9670589396849865 -2.3974415985148672
v 0.0253901127725840 0.0252499971538782 0.0189912412315607
vn 1.5648192839776249 2.9670596618970304 -2.7103467008323996
v 0.0197500009089708 0.0252499971538782 0.0150419939309359
vn 1.0703989317328055 2.9670593102399829 -2.9408975146888499
v 0.0135097978636622 0.0252499990165234 0.0121321398764849
vn 0.5434555287268193 2.9670596995764540 -3.0820921191430557
v 0.0068591078743339 0.0252499990165234 0.0103500951081514
vn 0.0000004045393805 2.9670602565138662 -3.1296377478405226
v 0.0000000027930953 0.0252500008791685 0.0097500029951334
vn -0.5434548954287991 2.9670597194476214 -3.0820921501732208
v -0.0068591022863984 0.0252500008791685 0.0103500951081514
vn -1.0703975496960141 2.9670603153887787 -2.9408980028472094
v -0.0135097885504365 0.0252500027418137 0.0121321398764849
vn -1.5648184401003964 2.9670588382617402 -2.7103463531273722
v -0.0197500009089708 0.0252500027418137 0.0150419939309359
vn -2.0116924407821068 2.9670603881278348 -2.3974413504693670
v -0.0253901053220034 0.0252500046044588 0.0189912412315607
vn -2.3974420352903980 2.9670596319094518 -2.0116923328009313
v -0.0302587542682886 0.0252500046044588 0.0238598901778460
vn -2.7103456022000003 2.9670603074030293 -1.5648180117086128
v -0.0342079997062683 0.0252500064671040 0.0295000020414591
vn -2.9408974233450840 2.9670599335108991 -1.0703980010370902
v -0.0371178537607193 0.0252500064671040 0.0357402078807354
vn -3.0820911619951690 2.9670614991821207 -0.5434564807122074
v -0.0388998985290527 0.0252500064671040 0.0423909015953541
vn -2.5995601369512191 3.3379410354865784 1.7369714224938630
v -0.0257755536586046 0.0252500046044588 0.0664726719260216
vn -2.2107442518887117 3.3379446522426366 2.2107447631858297
v -0.0219203103333712 0.0252500046044588 0.0711703076958656
vn -1.7369709707591496 3.3379406012654069 2.5995604442479281
v -0.0172226745635271 0.0252500027418137 0.0750255510210991
vn -1.1964471712014551 3.3379442854519974 2.8884766214219413
v -0.0118631804361939 0.0252500027418137 0.0778902694582939
vn -0.6099424296087479 3.3379413543120093 3.0663908126882711
v -0.0060477973893285 0.0252500008791685 0.0796543434262276
vn 0.0000005140921384 3.3379430774115959 3.1264651954575173
v 0.0000000027930953 0.0252500008791685 0.0802500024437904
vn 0.6099431281537177 3.3379409716742381 3.0663908103193731
v 0.0060478029772639 0.0252499990165234 0.0796543434262276
vn 1.1964477593562535 3.3379444329456476 2.8884760772039262
v 0.0118631897494197 0.0252499990165234 0.0778902694582939
vn 1.7369730850227869 3.3379390500308235 2.5995606035492247
v 0.0172226782888174 0.0252499990165234 0.0750255510210991
vn -2.2107448279730195 3.3379431211865862 -2.2107444980788560
v -0.0219203103333712 0.0252500046044588 0.0273296926170588
vn -2.5995602062670451 3.3379424857308866 -1.7369709264643305
v -0.0257755536586046 0.0252500046044588 0.0320273227989674
vn -2.8884764061457737 3.3379441712991169 -1.1964454610161344
v -0.0286402646452188 0.0252500046044588 0.0373868159949780
vn -3.0663903465229057 3.3379421115693830 -0.6099425681011146
v -0.0304043386131525 0.0252500046044588 0.0432022027671337
vn -3.1264640949253599 3.3379441343831417 -0.0000000019050392
v -0.0309999976307154 0.0252500046044588 0.0492500029504299
vn -3.0663903394425782 3.3379421115693813 0.6099425623444769
v -0.0304043386131525 0.0252500046044588 0.0552978031337261
vn -2.8884757510268613 3.3379450382107207 1.1964466504463056
v -0.0286402646452188 0.0252500046044588 0.0611131899058819
vn 2.2107441462128494 3.3379426809871111 2.2107446825036972
v 0.0219203140586615 0.0252499971538782 0.0711703076958656
vn 2.5995610575804147 3.3379402892254166 1.7369714210003613
v 0.0257755611091852 0.0252499971538782 0.0664726719260216
vn 2.8884773286544210 3.3379419545338549 1.1964474416600626
v 0.0286402683705091 0.0252499971538782 0.0611131899058819
vn 3.0663916730734031 3.3379409262653144 0.6099433051077414
v 0.0304043460637331 0.0252499971538782 0.0552978031337261
vn 3.1264657802319036 3.3379414066921642 -0.0000000019051907
v 0.0310000032186508 0.0252499971538782 0.0492500029504299
vn 3.0663916801540179 3.3379409262653126 -0.6099433108643415
v 0.0304043460637331 0.0252499971538782 0.0432022027671337
vn 2.8884779837715873 3.3379410876224349 -1.1964462522288590
v 0.0286402683705091 0.0252499971538782 0.0373868159949780
vn 2.5995612699967330 3.3379417394691160 -1.7369713239796596
v 0.0257755611091852 0.0252499971538782 0.0320273227989674
vn 2.2107449019035057 3.3379411499305491 -2.2107444039689703
v 0.0219203140586615 0.0252499971538782 0.0273296926170588
vn 1.7369727166440248 3.3379410202870203 -2.5995606223189571
v 0.0172226782888174 0.0252499990165234 0.0234744418412447
vn 1.1964465299548874 3.3379432929797566 -2.8884770761432508
v 0.0118631897494197 0.0252499990165234 0.0206097308546305
vn 0.6099431519207581 3.3379409698285838 -3.0663907819898570
v 0.0060478029772639 0.0252499990165234 0.0188456568866968
vn 0.0000004853076828 3.3379430737203095 -3.1264651680324045
v 0.0000000027930953 0.0252500008791685 0.0182499978691339
vn -0.6099423940735775 3.3379413524663528 -3.0663907854003800
v -0.0060477973893285 0.0252500008791685 0.0188456568866968
vn -1.1964456362858082 3.3379431454862027 -2.8884774220779246
v -0.0118631804361939 0.0252500027418137 0.0206097308546305
vn -1.7369706147154422 3.3379425715209665 -2.5995602497381487
v -0.0172226745635271 0.0252500027418137 0.0234744418412447
vn 3.1264649184726787 2.9452417828528392 0.0000000000000000
v 0.0310000050812960 0.0307499971240759 0.0492500029504299
vn 3.0663908384984597 2.9452423039694007 -0.6099431137912815
v 0.0304043479263783 0.0307499971240759 0.0432022027671337
vn 2.8884772080588665 2.9452422631177266 -1.1964458705625283
v 0.0286402702331543 0.0307499971240759 0.0373868159949780
vn 2.5995606010093102 2.9452418069616457 -1.7369707795938860
v 0.0257755629718304 0.0307499971240759 0.0320273227989674
vn 2.2107451040749808 2.9452426598552357 -2.2107447374854998
v 0.0219203159213066 0.0307499971240759 0.0273296926170588
vn 1.7369722253190727 2.9452430968711072 -2.5995593811096063
v 0.0172226801514626 0.0307499989867210 0.0234744418412447
vn 1.1964464237138133 2.9452416225337705 -2.8884773450973213
v 0.0118631906807423 0.0307499989867210 0.0206097308546305
vn 0.6099430983884884 2.9452441303607957 -3.0663917289285894
v 0.0060478039085865 0.0307499989867210 0.0188456568866968
vn 0.0000006815200062 2.9452422334590223 -3.1264641282830743
v 0.0000000035836287 0.0307500008493662 0.0182499978691339
vn -0.6099429594770485 2.9452441617031728 -3.0663918093492115
v -0.0060477964580059 0.0307500008493662 0.0188456568866968
vn -1.1964448333712980 2.9452425533588817 -2.8884760732777131
v -0.0118631795048714 0.0307500027120113 0.0206097308546305
vn -1.7369718038727859 2.9452439256791916 -2.5995611734917983
v -0.0172226727008820 0.0307500027120113 0.0234744418412447
vn -2.2107423106648199 2.9452436833852067 -2.2107423580658225
v -0.0219203084707260 0.0307500045746565 0.0273296926170588
vn -2.5995607234662668 2.9452445821974429 -1.7369710752292635
v -0.0257755517959595 0.0307500045746565 0.0320273227989674
vn -2.8884766729011870 2.9452430923195863 -1.1964456782175203
v -0.0286402627825737 0.0307500045746565 0.0373868159949780
vn -3.0663907389423621 2.9452452725550238 -0.6099426843292201
v -0.0304043367505074 0.0307500045746565 0.0432022027671337
vn -3.1264645458556828 2.9452432904307670 -0.0000000092399829
v -0.0309999957680702 0.0307500045746565 0.0492500029504299
vn -3.0663908052165016 2.9452452725550322 0.6099426780410406
v -0.0304043367505074 0.0307500045746565 0.0552978031337261
vn -2.8884761891490194 2.9452422254075676 1.1964468878159944
v -0.0286402627825737 0.0307500045746565 0.0611131899058819
vn -2.5995603669762275 2.9452460324416876 1.7369713677712144
v -0.0257755517959595 0.0307500045746565 0.0664726719260216
vn -2.2107436697344389 2.9452421523303896 2.2107443347322056
v -0.0219203084707260 0.0307500045746565 0.0711703076958656
vn -1.7369713974580865 2.9452458959350158 2.5995608887941399
v -0.0172226727008820 0.0307500027120113 0.0750255510210991
vn -1.1964469893533878 2.9452414133939113 2.8884759441404286
v -0.0118631795048714 0.0307500027120113 0.0778902694582939
vn -0.6099425340244866 2.9452441598575501 3.0663914170884405
v -0.0060477964580059 0.0307500008493662 0.0796543434262276
vn 0.0000003441105075 2.9452422297678518 3.1264645236141910
v 0.0000000035836287 0.0307500008493662 0.0802500024437904
vn 0.6099433957083942 2.9452441285151298 3.0663914913497785
v 0.0060478039085865 0.0307499989867210 0.0796543434262276
vn 1.1964477152210171 2.9452404825674199 2.8884759382835963
v 0.0118631906807423 0.0307499989867210 0.0778902694582939
vn 1.7369722987366620 2.9452450671272081 2.5995598778629394
v 0.0172226801514626 0.0307499989867210 0.0750255510210991
vn 2.2107450527127441 2.9452411287989206 2.2107451813975829
v 0.0219203159213066 0.0307499971240759 0.0711703076958656
vn 2.5995605403814133 2.9452432572054379 1.7369712722355206
v 0.0257755629718304 0.0307499971240759 0.0664726719260216
vn 2.8884765661382215 2.9452413962067445 1.1964470715104294
v 0.0286402702331543 0.0307499971240759 0.0611131899058819
vn 3.0663908384984597 2.9452423039694002 0.6099431137912814
v 0.0304043479263783 0.0307499971240759 0.0552978031337261
# 1320 vertices, 0 vertices normals

f 1//1 2//2 3//3
f 4//4 5//5 6//6
f 3//3 7//7 1//1
f 1//1 7//7 8//8
f 1//1 8//8 9//9
f 10//10 11//11 12//12
f 13//13 14//14 15//15
f 16//16 17//17 18//18
f 13//13 15//15 19//19
f 20//20 21//21 22//22
f 23//23 24//24 8//8
f 8//8 24//24 25//25
f 8//8 25//25 9//9
f 9//9 25//25 26//26
f 9//9 26//26 27//27
f 12//12 11//11 28//28
f 29//29 30//30 26//26
f 26//26 30//30 31//31
f 26//26 31//31 27//27
f 10//10 12//12 32//32
f 32//32 12//12 33//33
f 32//32 33//33 34//34
f 34//34 33//33 35//35
f 34//34 35//35 36//36
f 11//11 37//37 28//28
f 28//28 37//37 38//38
f 28//28 38//38 39//39
f 39//39 38//38 40//40
f 39//39 40//40 41//41
f 41//41 40//40 16//16
f 41//41 16//16 42//42
f 42//42 16//16 18//18
f 17//17 16//16 43//43
f 43//43 16//16 44//44
f 43//43 44//44 45//45
f 22//22 21//21 15//15
f 15//15 21//21 46//46
f 15//15 46//46 19//19
f 22//22 47//47 20//20
f 20//20 47//47 48//48
f 20//20 48//48 49//49
f 50//50 51//51 52//52
f 52//52 51//51 53//53
f 52//52 53//53 54//54
f 55//55 56//56 57//57
f 57//57 56//56 6//6
f 4//4 6//6 58//58
f 58//58 6//6 59//59
f 58//58 59//59 14//14
f 14//14 59//59 60//60
f 14//14 60//60 61//61
f 61//61 62//62 14//14
f 14//14 62//62 63//63
f 14//14 63//63 15//15
f 1//1 64//64 2//2
f 2//2 64//64 65//65
f 2//2 65//65 66//66
f 66//66 65//65 67//67
f 66//66 67//67 68//68
f 68//68 67//67 49//49
f 68//68 49//49 69//69
f 69//69 49//49 48//48
f 50//50 70//70 51//51
f 51//51 70//70 71//71
f 51//51 71//71 44//44
f 44//44 71//71 72//72
f 44//44 72//72 45//45
f 55//55 73//73 56//56
f 56//56 73//73 74//74
f 56//56 74//74 53//53
f 53//53 74//74 75//75
f 53//53 75//75 54//54
f 5//5 76//76 6//6
f 6//6 76//76 77//77
f 6//6 77//77 57//57
f 35//35 78//78 36//36
f 36//36 78//78 79//79
f 36//36 79//79 80//80
f 80//80 79//79 8//8
f 80//80 8//8 81//81
f 81//81 8//8 7//7
f 81//81 7//7 82//82
f 82//82 7//7 83//83
f 82//82 83//83 84//84
f 84//84 83//83 85//85
f 84//84 85//85 59//59
f 59//59 85//85 86//86
f 59//59 86//86 60//60
f 87//87 88//88 89//89
f 87//87 89//89 90//90
f 91//91 92//92 93//93
f 93//93 92//92 94//94
f 93//93 94//94 95//95
f 91//91 93//93 96//96
f 96//96 93//93 97//97
f 96//96 97//97 98//98
f 99//99 100//100 101//101
f 101//101 100//100 102//102
f 95//95 103//103 93//93
f 93//93 103//103 104//104
f 93//93 104//104 89//89
f 89//89 104//104 105//105
f 89//89 105//105 90//90
f 88//88 106//106 89//89
f 89//89 106//106 107//107
f 89//89 107//107 108//108
f 108//108 107//107 109//109
f 108//108 109//109 110//110
f 110//110 109//109 111//111
f 111//111 112//112 113//113
f 114//114 115//115 101//101
f 116//116 117//117 118//118
f 119//119 120//120 121//121
f 121//121 120//120 110//110
f 121//121 110//110 122//122
f 122//122 110//110 111//111
f 122//122 111//111 123//123
f 123//123 111//111 113//113
f 98//98 97//97 101//101
f 101//101 97//97 124//124
f 101//101 124//124 114//114
f 115//115 125//125 101//101
f 101//101 125//125 126//126
f 101//101 126//126 99//99
f 102//102 127//127 101//101
f 101//101 127//127 128//128
f 101//101 128//128 129//129
f 129//129 130//130 101//101
f 101//101 130//130 131//131
f 101//101 131//131 118//118
f 118//118 131//131 132//132
f 118//118 132//132 116//116
f 117//117 133//133 118//118
f 118//118 133//133 134//134
f 118//118 134//134 135//135
f 56//56 136//136 6//6
f 6//6 136//136 137//137
f 6//6 137//137 138//138
f 6//6 138//138 59//59
f 59//59 138//138 139//139
f 59//59 139//139 84//84
f 136//136 56//56 53//53
f 136//136 53//53 140//140
f 140//140 53//53 51//51
f 140//140 51//51 141//141
f 142//142 143//143 141//141
f 141//141 143//143 144//144
f 145//145 136//136 140//140
f 145//145 140//140 146//146
f 146//146 140//140 141//141
f 146//146 141//141 144//144
f 136//136 145//145 137//137
f 137//137 145//145 147//147
f 148//148 139//139 138//138
f 148//148 138//138 149//149
f 149//149 138//138 137//137
f 149//149 137//137 147//147
f 139//139 148//148 150//150
f 150//150 148//148 151//151
f 152//152 153//153 154//154
f 152//152 154//154 155//155
f 155//155 154//154 156//156
f 155//155 156//156 157//157
f 157//157 156//156 158//158
f 158//158 156//156 159//159
f 158//158 159//159 160//160
f 159//159 161//161 160//160
f 160//160 161//161 162//162
f 160//160 162//162 163//163
f 163//163 162//162 150//150
f 163//163 150//150 151//151
f 84//84 139//139 82//82
f 82//82 139//139 150//150
f 143//143 142//142 164//164
f 143//143 164//164 165//165
f 165//165 164//164 166//166
f 165//165 166//166 167//167
f 167//167 166//166 168//168
f 167//167 168//168 169//169
f 51//51 44//44 141//141
f 141//141 44//44 142//142
f 145//145 170//170 147//147
f 147//147 170//170 171//171
f 147//147 171//171 152//152
f 143//143 165//165 167//167
f 152//152 155//155 147//147
f 147//147 155//155 157//157
f 147//147 157//157 158//158
f 160//160 163//163 158//158
f 158//158 163//163 151//151
f 158//158 151//151 147//147
f 147//147 151//151 148//148
f 147//147 148//148 149//149
f 145//145 146//146 170//170
f 170//170 146//146 144//144
f 170//170 144//144 172//172
f 172//172 144//144 143//143
f 172//172 143//143 169//169
f 169//169 143//143 167//167
f 173//173 153//153 171//171
f 171//171 153//153 152//152
f 153//153 32//32 34//34
f 153//153 34//34 154//154
f 154//154 34//34 36//36
f 154//154 36//36 156//156
f 156//156 36//36 159//159
f 159//159 36//36 80//80
f 159//159 80//80 161//161
f 161//161 80//80 81//81
f 161//161 81//81 162//162
f 162//162 81//81 82//82
f 162//162 82//82 150//150
f 174//174 172//172 168//168
f 168//168 172//172 169//169
f 38//38 168//168 166//166
f 38//38 166//166 40//40
f 40//40 166//166 164//164
f 40//40 164//164 16//16
f 16//16 164//164 142//142
f 16//16 142//142 44//44
f 172//172 174//174 175//175
f 172//172 175//175 170//170
f 170//170 175//175 173//173
f 170//170 173//173 171//171
f 153//153 173//173 32//32
f 32//32 173//173 10//10
f 37//37 174//174 38//38
f 38//38 174//174 168//168
f 174//174 37//37 11//11
f 174//174 11//11 175//175
f 175//175 11//11 10//10
f 175//175 10//10 173//173
f 122//122 176//176 121//121
f 121//121 176//176 177//177
f 177//177 178//178 121//121
f 121//121 178//178 119//119
f 178//178 179//179 119//119
f 119//119 179//179 180//180
f 119//119 180//180 120//120
f 180//180 181//181 120//120
f 120//120 181//181 182//182
f 120//120 182//182 110//110
f 111//111 183//183 184//184
f 111//111 184//184 112//112
f 112//112 184//184 185//185
f 112//112 185//185 113//113
f 113//113 185//185 186//186
f 113//113 186//186 123//123
f 123//123 186//186 176//176
f 123//123 176//176 122//122
f 177//177 176//176 187//187
f 187//187 176//176 188//188
f 180//180 189//189 181//181
f 181//181 189//189 190//190
f 181//181 190//190 182//182
f 179//179 191//191 180//180
f 180//180 191//191 192//192
f 180//180 192//192 189//189
f 179//179 178//178 191//191
f 191//191 178//178 177//177
f 191//191 177//177 187//187
f 110//110 182//182 108//108
f 108//108 182//182 193//193
f 109//109 194//194 111//111
f 111//111 194//194 183//183
f 188//188 176//176 186//186
f 188//188 186//186 195//195
f 195//195 186//186 185//185
f 195//195 185//185 196//196
f 196//196 185//185 184//184
f 196//196 184//184 197//197
f 197//197 184//184 183//183
f 197//197 183//183 198//198
f 188//188 26//26 187//187
f 187//187 26//26 25//25
f 8//8 190//190 189//189
f 8//8 189//189 23//23
f 23//23 189//189 192//192
f 23//23 192//192 24//24
f 192//192 191//191 24//24
f 24//24 191//191 187//187
f 24//24 187//187 25//25
f 193//193 182//182 199//199
f 199//199 182//182 190//190
f 200//200 97//97 201//201
f 201//201 97//97 93//93
f 201//201 93//93 202//202
f 202//202 93//93 89//89
f 202//202 89//89 203//203
f 203//203 89//89 108//108
f 194//194 109//109 204//204
f 204//204 109//109 107//107
f 204//204 107//107 205//205
f 205//205 107//107 106//106
f 205//205 106//106 206//206
f 206//206 106//106 88//88
f 183//183 194//194 198//198
f 198//198 194//194 207//207
f 26//26 188//188 195//195
f 26//26 195//195 29//29
f 29//29 195//195 196//196
f 29//29 196//196 30//30
f 30//30 196//196 197//197
f 30//30 197//197 31//31
f 31//31 197//197 198//198
f 31//31 198//198 27//27
f 190//190 8//8 199//199
f 199//199 8//8 79//79
f 208//208 209//209 210//210
f 208//208 210//210 211//211
f 211//211 210//210 212//212
f 211//211 212//212 213//213
f 213//213 212//212 193//193
f 213//213 193//193 199//199
f 124//124 97//97 209//209
f 209//209 214//214 124//124
f 124//124 214//214 215//215
f 124//124 215//215 114//114
f 216//216 125//125 115//115
f 215//215 217//217 114//114
f 114//114 217//217 218//218
f 114//114 218//218 115//115
f 115//115 218//218 219//219
f 115//115 219//219 216//216
f 216//216 220//220 125//125
f 125//125 220//220 221//221
f 125//125 221//221 126//126
f 221//221 222//222 126//126
f 126//126 222//222 223//223
f 126//126 223//223 99//99
f 99//99 223//223 224//224
f 99//99 224//224 100//100
f 100//100 224//224 225//225
f 100//100 225//225 102//102
f 225//225 226//226 102//102
f 102//102 226//226 227//227
f 102//102 227//227 127//127
f 227//227 228//228 127//127
f 127//127 228//228 229//229
f 127//127 229//229 128//128
f 229//229 230//230 128//128
f 128//128 230//230 231//231
f 128//128 231//231 129//129
f 231//231 232//232 129//129
f 129//129 232//232 233//233
f 129//129 233//233 130//130
f 233//233 234//234 130//130
f 130//130 234//234 235//235
f 130//130 235//235 131//131
f 235//235 236//236 131//131
f 131//131 236//236 237//237
f 131//131 237//237 132//132
f 237//237 238//238 132//132
f 132//132 238//238 239//239
f 132//132 239//239 116//116
f 239//239 240//240 116//116
f 116//116 240//240 241//241
f 116//116 241//241 117//117
f 241//241 242//242 117//117
f 117//117 242//242 243//243
f 117//117 243//243 133//133
f 243//243 244//244 133//133
f 133//133 244//244 245//245
f 133//133 245//245 134//134
f 245//245 246//246 134//134
f 134//134 246//246 247//247
f 134//134 247//247 135//135
f 247//247 248//248 135//135
f 135//135 248//248 249//249
f 135//135 249//249 118//118
f 249//249 250//250 118//118
f 118//118 250//250 251//251
f 118//118 251//251 101//101
f 251//251 252//252 101//101
f 101//101 252//252 253//253
f 101//101 253//253 98//98
f 253//253 254//254 98//98
f 98//98 254//254 255//255
f 98//98 255//255 96//96
f 255//255 256//256 96//96
f 96//96 256//256 257//257
f 96//96 257//257 91//91
f 91//91 257//257 258//258
f 91//91 258//258 92//92
f 92//92 258//258 94//94
f 94//94 258//258 259//259
f 94//94 259//259 95//95
f 259//259 260//260 95//95
f 95//95 260//260 261//261
f 95//95 261//261 103//103
f 261//261 262//262 103//103
f 103//103 262//262 263//263
f 103//103 263//263 104//104
f 263//263 264//264 104//104
f 104//104 264//264 265//265
f 104//104 265//265 105//105
f 265//265 266//266 105//105
f 105//105 266//266 267//267
f 105//105 267//267 90//90
f 267//267 268//268 90//90
f 90//90 268//268 269//269
f 90//90 269//269 87//87
f 87//87 269//269 270//270
f 87//87 270//270 88//88
f 206//206 271//271 205//205
f 205//205 271//271 272//272
f 205//205 272//272 204//204
f 204//204 272//272 273//273
f 204//204 273//273 194//194
f 194//194 273//273 207//207
f 207//207 9//9 198//198
f 198//198 9//9 27//27
f 199//199 79//79 213//213
f 213//213 79//79 78//78
f 213//213 78//78 211//211
f 211//211 78//78 35//35
f 211//211 35//35 274//274
f 274//274 35//35 33//33
f 275//275 225//225 276//276
f 276//276 225//225 277//277
f 276//276 277//277 278//278
f 278//278 277//277 223//223
f 278//278 223//223 279//279
f 279//279 223//223 280//280
f 279//279 280//280 281//281
f 281//281 280//280 221//221
f 281//281 221//221 282//282
f 282//282 221//221 283//283
f 282//282 283//283 284//284
f 284//284 283//283 216//216
f 284//284 216//216 285//285
f 285//285 216//216 286//286
f 285//285 286//286 287//287
f 287//287 286//286 218//218
f 287//287 218//218 288//288
f 288//288 218//218 289//289
f 288//288 289//289 290//290
f 290//290 289//289 215//215
f 290//290 215//215 291//291
f 291//291 215//215 292//292
f 291//291 292//292 274//274
f 274//274 292//292 293//293
f 225//225 275//275 294//294
f 294//294 275//275 295//295
f 294//294 295//295 227//227
f 227//227 295//295 296//296
f 227//227 296//296 297//297
f 297//297 296//296 298//298
f 297//297 298//298 229//229
f 229//229 298//298 299//299
f 229//229 299//299 300//300
f 300//300 299//299 301//301
f 300//300 301//301 231//231
f 231//231 301//301 302//302
f 231//231 302//302 303//303
f 303//303 302//302 304//304
f 303//303 304//304 233//233
f 233//233 304//304 305//305
f 233//233 305//305 306//306
f 306//306 305//305 307//307
f 306//306 307//307 235//235
f 235//235 307//307 308//308
f 235//235 308//308 309//309
f 309//309 308//308 310//310
f 309//309 310//310 237//237
f 237//237 310//310 311//311
f 237//237 311//311 312//312
f 312//312 311//311 313//313
f 312//312 313//313 239//239
f 239//239 313//313 314//314
f 239//239 314//314 315//315
f 315//315 314//314 316//316
f 315//315 316//316 241//241
f 241//241 316//316 317//317
f 241//241 317//317 318//318
f 318//318 317//317 319//319
f 318//318 319//319 243//243
f 243//243 319//319 320//320
f 243//243 320//320 321//321
f 321//321 320//320 322//322
f 321//321 322//322 245//245
f 245//245 322//322 323//323
f 245//245 323//323 324//324
f 324//324 323//323 325//325
f 324//324 325//325 247//247
f 247//247 325//325 326//326
f 247//247 326//326 327//327
f 327//327 326//326 328//328
f 327//327 328//328 249//249
f 249//249 328//328 329//329
f 249//249 329//329 330//330
f 330//330 329//329 331//331
f 330//330 331//331 251//251
f 331//331 332//332 251//251
f 251//251 332//332 333//333
f 251//251 333//333 334//334
f 334//334 333//333 335//335
f 334//334 335//335 253//253
f 253//253 335//335 336//336
f 253//253 336//336 337//337
f 337//337 336//336 338//338
f 337//337 338//338 255//255
f 255//255 338//338 339//339
f 255//255 339//339 340//340
f 339//339 341//341 340//340
f 340//340 341//341 342//342
f 340//340 342//342 343//343
f 342//342 344//344 343//343
f 343//343 344//344 345//345
f 343//343 345//345 346//346
f 347//347 259//259 348//348
f 348//348 259//259 346//346
f 348//348 346//346 349//349
f 349//349 346//346 345//345
f 259//259 347//347 350//350
f 350//350 347//347 351//351
f 350//350 351//351 261//261
f 261//261 351//351 352//352
f 261//261 352//352 353//353
f 353//353 352//352 354//354
f 353//353 354//354 263//263
f 263//263 354//354 355//355
f 263//263 355//355 356//356
f 356//356 355//355 357//357
f 356//356 357//357 265//265
f 265//265 357//357 358//358
f 265//265 358//358 359//359
f 359//359 358//358 360//360
f 359//359 360//360 267//267
f 267//267 360//360 361//361
f 267//267 361//361 362//362
f 362//362 361//361 363//363
f 362//362 363//363 364//364
f 271//271 206//206 365//365
f 365//365 206//206 364//364
f 365//365 364//364 366//366
f 366//366 364//364 363//363
f 271//271 65//65 272//272
f 272//272 65//65 64//64
f 272//272 64//64 273//273
f 273//273 64//64 1//1
f 273//273 1//1 207//207
f 207//207 1//1 9//9
f 67//67 367//367 271//271
f 271//271 365//365 67//67
f 67//67 365//365 366//366
f 67//67 366//366 49//49
f 366//366 363//363 49//49
f 49//49 363//363 361//361
f 49//49 361//361 20//20
f 361//361 360//360 20//20
f 20//20 360//360 358//358
f 20//20 358//358 21//21
f 358//358 357//357 21//21
f 21//21 357//357 355//355
f 21//21 355//355 46//46
f 355//355 354//354 46//46
f 46//46 354//354 352//352
f 46//46 352//352 19//19
f 19//19 352//352 351//351
f 19//19 351//351 13//13
f 13//13 351//351 347//347
f 13//13 347//347 14//14
f 347//347 348//348 14//14
f 14//14 348//348 349//349
f 14//14 349//349 58//58
f 349//349 345//345 58//58
f 58//58 345//345 344//344
f 58//58 344//344 4//4
f 344//344 342//342 4//4
f 4//4 342//342 341//341
f 4//4 341//341 5//5
f 341//341 339//339 5//5
f 5//5 339//339 338//338
f 5//5 338//338 76//76
f 338//338 336//336 76//76
f 76//76 336//336 335//335
f 76//76 335//335 77//77
f 335//335 333//333 77//77
f 77//77 333//333 332//332
f 77//77 332//332 57//57
f 57//57 332//332 331//331
f 57//57 331//331 55//55
f 331//331 329//329 55//55
f 55//55 329//329 328//328
f 55//55 328//328 73//73
f 323//323 74//74 325//325
f 325//325 74//74 73//73
f 325//325 73//73 326//326
f 326//326 73//73 328//328
f 323//323 322//322 74//74
f 74//74 322//322 320//320
f 74//74 320//320 75//75
f 320//320 319//319 75//75
f 75//75 319//319 317//317
f 75//75 317//317 54//54
f 54//54 317//317 368//368
f 54//54 368//368 52//52
f 368//368 314//314 52//52
f 52//52 314//314 313//313
f 52//52 313//313 50//50
f 313//313 311//311 50//50
f 50//50 311//311 310//310
f 50//50 310//310 70//70
f 310//310 308//308 70//70
f 70//70 308//308 307//307
f 70//70 307//307 71//71
f 307//307 305//305 71//71
f 71//71 305//305 304//304
f 71//71 304//304 72//72
f 304//304 302//302 72//72
f 72//72 302//302 301//301
f 72//72 301//301 45//45
f 301//301 299//299 45//45
f 45//45 299//299 298//298
f 45//45 298//298 43//43
f 298//298 296//296 43//43
f 43//43 296//296 295//295
f 43//43 295//295 17//17
f 17//17 295//295 275//275
f 17//17 275//275 18//18
f 281//281 41//41 42//42
f 275//275 276//276 18//18
f 18//18 276//276 278//278
f 18//18 278//278 42//42
f 42//42 278//278 279//279
f 42//42 279//279 281//281
f 281//281 282//282 41//41
f 41//41 282//282 284//284
f 41//41 284//284 39//39
f 284//284 285//285 39//39
f 39//39 285//285 287//287
f 39//39 287//287 28//28
f 274//274 33//33 291//291
f 291//291 33//33 12//12
f 291//291 12//12 290//290
f 290//290 12//12 28//28
f 290//290 28//28 288//288
f 288//288 28//28 287//287
f 85//85 369//369 370//370
f 85//85 370//370 86//86
f 86//86 370//370 371//371
f 86//86 371//371 60//60
f 60//60 371//371 372//372
f 60//60 372//372 61//61
f 61//61 372//372 373//373
f 61//61 373//373 62//62
f 63//63 62//62 374//374
f 374//374 62//62 373//373
f 63//63 374//374 375//375
f 63//63 375//375 15//15
f 15//15 375//375 376//376
f 15//15 376//376 22//22
f 22//22 376//376 377//377
f 22//22 377//377 47//47
f 377//377 378//378 47//47
f 47//47 378//378 379//379
f 47//47 379//379 48//48
f 48//48 379//379 380//380
f 48//48 380//380 69//69
f 380//380 381//381 69//69
f 69//69 381//381 68//68
f 382//382 83//83 7//7
f 382//382 7//7 383//383
f 383//383 7//7 3//3
f 383//383 3//3 384//384
f 384//384 3//3 385//385
f 385//385 3//3 2//2
f 385//385 2//2 386//386
f 386//386 2//2 66//66
f 386//386 66//66 387//387
f 387//387 66//66 68//68
f 387//387 68//68 381//381
f 83//83 382//382 85//85
f 85//85 382//382 369//369
f 388//388 373//373 372//372
f 388//388 372//372 389//389
f 389//389 372//372 371//371
f 389//389 371//371 390//390
f 390//390 371//371 370//370
f 390//390 370//370 391//391
f 391//391 370//370 369//369
f 391//391 369//369 392//392
f 373//373 388//388 374//374
f 374//374 388//388 393//393
f 394//394 380//380 379//379
f 394//394 379//379 395//395
f 395//395 379//379 378//378
f 395//395 378//378 396//396
f 396//396 378//378 397//397
f 397//397 378//378 377//377
f 397//397 377//377 398//398
f 377//377 376//376 398//398
f 398//398 376//376 375//375
f 398//398 375//375 399//399
f 399//399 375//375 374//374
f 399//399 374//374 393//393
f 381//381 400//400 401//401
f 401//401 400//400 402//402
f 403//403 382//382 383//383
f 403//403 383//383 404//404
f 404//404 383//383 384//384
f 404//404 384//384 405//405
f 405//405 384//384 406//406
f 406//406 384//384 385//385
f 406//406 385//385 407//407
f 385//385 386//386 407//407
f 407//407 386//386 387//387
f 407//407 387//387 408//408
f 408//408 387//387 381//381
f 408//408 381//381 401//401
f 382//382 403//403 369//369
f 369//369 403//403 392//392
f 406//406 407//407 408//408
f 393//393 388//388 408//408
f 388//388 389//389 390//390
f 395//395 396//396 394//394
f 394//394 396//396 397//397
f 403//403 404//404 405//405
f 399//399 393//393 398//398
f 398//398 393//393 408//408
f 398//398 408//408 397//397
f 397//397 408//408 401//401
f 397//397 401//401 394//394
f 405//405 406//406 403//403
f 403//403 406//406 408//408
f 403//403 408//408 392//392
f 392//392 408//408 388//388
f 392//392 388//388 391//391
f 391//391 388//388 390//390
f 409//409 410//410 411//411
f 411//411 410//410 412//412
f 413//413 409//409 414//414
f 414//414 409//409 415//415
f 413//413 416//416 409//409
f 409//409 416//416 417//417
f 409//409 417//417 410//410
f 418//418 419//419 415//415
f 415//415 419//419 420//420
f 415//415 420//420 414//414
f 421//421 422//422 423//423
f 424//424 425//425 412//412
f 412//412 426//426 427//427
f 428//428 429//429 430//430
f 430//430 429//429 431//431
f 430//430 431//431 432//432
f 432//432 431//431 433//433
f 432//432 433//433 415//415
f 424//424 412//412 434//434
f 425//425 435//435 412//412
f 412//412 435//435 436//436
f 412//412 436//436 426//426
f 427//427 437//437 412//412
f 412//412 437//437 438//438
f 412//412 438//438 439//439
f 439//439 440//440 412//412
f 412//412 440//440 441//441
f 412//412 441//441 411//411
f 428//428 442//442 443//443
f 433//433 444//444 415//415
f 415//415 444//444 445//445
f 415//415 445//445 446//446
f 423//423 422//422 412//412
f 412//412 422//422 447//447
f 412//412 447//447 434//434
f 448//448 449//449 450//450
f 446//446 451//451 415//415
f 415//415 451//451 452//452
f 415//415 452//452 453//453
f 453//453 454//454 415//415
f 415//415 454//454 455//455
f 415//415 455//455 418//418
f 443//443 456//456 428//428
f 428//428 456//456 457//457
f 428//428 457//457 429//429
f 429//429 457//457 448//448
f 429//429 448//448 458//458
f 458//458 448//448 450//450
f 459//459 460//460 423//423
f 423//423 460//460 461//461
f 423//423 461//461 421//421
f 462//462 463//463 459//459
f 459//459 463//463 464//464
f 459//459 464//464 460//460
f 465//465 448//448 466//466
f 466//466 448//448 457//457
f 467//467 429//429 458//458
f 467//467 458//458 468//468
f 468//468 458//458 450//450
f 468//468 450//450 469//469
f 469//469 450//450 449//449
f 469//469 449//449 470//470
f 470//470 449//449 448//448
f 470//470 448//448 465//465
f 471//471 431//431 467//467
f 467//467 431//431 429//429
f 472//472 445//445 444//444
f 472//472 444//444 473//473
f 473//473 444//444 433//433
f 473//473 433//433 474//474
f 474//474 433//433 431//431
f 474//474 431//431 471//471
f 475//475 419//419 418//418
f 475//475 418//418 476//476
f 476//476 418//418 455//455
f 476//476 455//455 477//477
f 477//477 455//455 454//454
f 477//477 454//454 478//478
f 478//478 454//454 453//453
f 478//478 453//453 479//479
f 479//479 453//453 452//452
f 479//479 452//452 480//480
f 480//480 452//452 451//451
f 480//480 451//451 481//481
f 481//481 451//451 446//446
f 481//481 446//446 482//482
f 482//482 446//446 445//445
f 482//482 445//445 472//472
f 483//483 426//426 436//436
f 483//483 436//436 484//484
f 484//484 436//436 435//435
f 484//484 435//435 485//485
f 485//485 435//435 425//425
f 485//485 425//425 486//486
f 486//486 425//425 424//424
f 486//486 424//424 487//487
f 487//487 424//424 434//434
f 487//487 434//434 488//488
f 488//488 434//434 447//447
f 488//488 447//447 489//489
f 489//489 447//447 422//422
f 489//489 422//422 490//490
f 490//490 422//422 421//421
f 490//490 421//421 491//491
f 491//491 421//421 461//461
f 491//491 461//461 492//492
f 492//492 461//461 460//460
f 492//492 460//460 493//493
f 493//493 460//460 464//464
f 493//493 464//464 494//494
f 494//494 464//464 463//463
f 494//494 463//463 495//495
f 495//495 463//463 462//462
f 495//495 462//462 496//496
f 496//496 462//462 459//459
f 496//496 459//459 497//497
f 497//497 459//459 423//423
f 497//497 423//423 498//498
f 498//498 423//423 412//412
f 498//498 412//412 499//499
f 499//499 412//412 410//410
f 499//499 410//410 500//500
f 500//500 410//410 417//417
f 500//500 417//417 501//501
f 501//501 417//417 416//416
f 501//501 416//416 502//502
f 502//502 416//416 413//413
f 502//502 413//413 503//503
f 503//503 413//413 414//414
f 503//503 414//414 504//504
f 504//504 414//414 420//420
f 504//504 420//420 505//505
f 505//505 420//420 419//419
f 505//505 419//419 475//475
f 506//506 409//409 411//411
f 506//506 411//411 507//507
f 507//507 411//411 441//441
f 507//507 441//441 508//508
f 508//508 441//441 440//440
f 508//508 440//440 509//509
f 509//509 440//440 439//439
f 509//509 439//439 510//510
f 510//510 439//439 438//438
f 510//510 438//438 511//511
f 511//511 438//438 437//437
f 511//511 437//437 512//512
f 512//512 437//437 427//427
f 512//512 427//427 513//513
f 513//513 427//427 426//426
f 513//513 426//426 483//483
f 514//514 430//430 432//432
f 514//514 432//432 515//515
f 515//515 432//432 415//415
f 515//515 415//415 516//516
f 516//516 415//415 409//409
f 516//516 409//409 506//506
f 517//517 428//428 514//514
f 514//514 428//428 430//430
f 466//466 457//457 456//456
f 466//466 456//456 518//518
f 518//518 456//456 443//443
f 518//518 443//443 519//519
f 519//519 443//443 442//442
f 519//519 442//442 520//520
f 520//520 442//442 428//428
f 520//520 428//428 517//517
f 472//472 473//473 516//516
f 516//516 473//473 474//474
f 516//516 474//474 515//515
f 515//515 474//474 471//471
f 506//506 507//507 499//499
f 499//499 500//500 506//506
f 506//506 500//500 501//501
f 506//506 501//501 502//502
f 505//505 516//516 504//504
f 504//504 516//516 506//506
f 504//504 506//506 503//503
f 503//503 506//506 502//502
f 505//505 475//475 516//516
f 516//516 475//475 476//476
f 516//516 476//476 477//477
f 507//507 508//508 499//499
f 499//499 508//508 509//509
f 499//499 509//509 510//510
f 510//510 511//511 499//499
f 499//499 511//511 512//512
f 499//499 512//512 513//513
f 513//513 483//483 499//499
f 499//499 483//483 484//484
f 499//499 484//484 485//485
f 477//477 478//478 516//516
f 516//516 478//478 479//479
f 516//516 479//479 480//480
f 480//480 481//481 516//516
f 516//516 481//481 482//482
f 516//516 482//482 472//472
f 519//519 520//520 518//518
f 518//518 520//520 517//517
f 518//518 517//517 466//466
f 466//466 517//517 514//514
f 485//485 486//486 499//499
f 499//499 486//486 487//487
f 499//499 487//487 488//488
f 469//469 470//470 468//468
f 468//468 470//470 465//465
f 468//468 465//465 467//467
f 467//467 465//465 466//466
f 467//467 466//466 471//471
f 471//471 466//466 514//514
f 471//471 514//514 515//515
f 488//488 489//489 499//499
f 499//499 489//489 490//490
f 499//499 490//490 498//498
f 498//498 490//490 491//491
f 495//495 496//496 497//497
f 491//491 492//492 498//498
f 498//498 492//492 493//493
f 498//498 493//493 497//497
f 497//497 493//493 494//494
f 497//497 494//494 495//495
f 521//521 419//419 522//522
f 523//523 426//426 524//524
f 522//522 525//525 409//409
f 409//409 525//525 526//526
f 409//409 526//526 523//523
f 521//521 522//522 527//527
f 419//419 528//528 522//522
f 522//522 528//528 529//529
f 522//522 529//529 525//525
f 530//530 531//531 431//431
f 431//431 531//531 430//430
f 431//431 430//430 428//428
f 530//530 532//532 531//531
f 531//531 532//532 533//533
f 531//531 533//533 534//534
f 524//524 535//535 523//523
f 523//523 535//535 536//536
f 523//523 536//536 537//537
f 534//534 538//538 531//531
f 531//531 538//538 539//539
f 531//531 539//539 522//522
f 522//522 539//539 540//540
f 522//522 540//540 527//527
f 426//426 523//523 541//541
f 541//541 523//523 542//542
f 541//541 542//542 543//543
f 544//544 545//545 546//546
f 546//546 545//545 547//547
f 546//546 547//547 548//548
f 543//543 549//549 541//541
f 541//541 549//549 550//550
f 541//541 550//550 551//551
f 551//551 550//550 552//552
f 537//537 553//553 523//523
f 523//523 553//553 554//554
f 523//523 554//554 409//409
f 448//448 555//555 556//556
f 548//548 547//547 550//550
f 550//550 547//547 557//557
f 550//550 557//557 552//552
f 558//558 559//559 428//428
f 428//428 559//559 457//457
f 428//428 457//457 431//431
f 431//431 457//457 448//448
f 431//431 448//448 429//429
f 429//429 448//448 556//556
f 560//560 472//472 561//561
f 562//562 563//563 471//471
f 564//564 475//475 561//561
f 565//565 566//566 567//567
f 567//567 566//566 483//483
f 567//567 483//483 568//568
f 568//568 569//569 567//567
f 567//567 569//569 570//570
f 567//567 570//570 472//472
f 472//472 570//570 571//571
f 472//472 571//571 561//561
f 562//562 572//572 563//563
f 563//563 572//572 573//573
f 563//563 573//573 574//574
f 465//465 466//466 517//517
f 574//574 575//575 563//563
f 563//563 575//575 576//576
f 563//563 576//576 567//567
f 567//567 576//576 577//577
f 567//567 577//577 565//565
f 578//578 579//579 466//466
f 466//466 579//579 580//580
f 466//466 580//580 517//517
f 561//561 581//581 564//564
f 564//564 581//581 582//582
f 564//564 582//582 583//583
f 583//583 584//584 564//564
f 564//564 584//584 585//585
f 564//564 585//585 586//586
f 475//475 587//587 561//561
f 561//561 587//587 588//588
f 561//561 588//588 589//589
f 590//590 591//591 592//592
f 592//592 591//591 465//465
f 592//592 465//465 467//467
f 467//467 465//465 517//517
f 467//467 517//517 471//471
f 471//471 517//517 514//514
f 471//471 514//514 562//562
f 593//593 594//594 586//586
f 586//586 594//594 595//595
f 586//586 595//595 564//564
f 593//593 596//596 594//594
f 594//594 596//596 597//597
f 594//594 597//597 598//598
f 589//589 599//599 561//561
f 561//561 599//599 600//600
f 561//561 600//600 560//560
f 601//601 514//514 602//602
f 602//602 514//514 517//517
f 466//466 603//603 604//604
f 466//466 604//604 578//578
f 578//578 604//604 605//605
f 578//578 605//605 579//579
f 579//579 605//605 606//606
f 579//579 606//606 580//580
f 580//580 606//606 602//602
f 580//580 602//602 517//517
f 601//601 602//602 607//607
f 607//607 602//602 608//608
f 609//609 506//506 610//610
f 610//610 506//506 572//572
f 610//610 572//572 611//611
f 611//611 572//572 562//562
f 611//611 562//562 601//601
f 601//601 562//562 514//514
f 603//603 466//466 612//612
f 612//612 466//466 465//465
f 603//603 613//613 614//614
f 603//603 614//614 604//604
f 604//604 614//614 615//615
f 604//604 615//615 605//605
f 605//605 615//615 616//616
f 605//605 616//616 606//606
f 606//606 616//616 608//608
f 606//606 608//608 602//602
f 430//430 607//607 428//428
f 428//428 607//607 608//608
f 601//601 607//607 611//611
f 611//611 607//607 617//617
f 611//611 617//617 610//610
f 610//610 617//617 618//618
f 610//610 618//618 609//609
f 609//609 618//618 619//619
f 573//573 609//609 620//620
f 573//573 620//620 621//621
f 621//621 620//620 622//622
f 621//621 622//622 623//623
f 622//622 624//624 623//623
f 623//623 624//624 625//625
f 623//623 625//625 576//576
f 625//625 626//626 576//576
f 576//576 626//626 627//627
f 576//576 627//627 628//628
f 627//627 629//629 628//628
f 628//628 629//629 630//630
f 628//628 630//630 631//631
f 630//630 632//632 631//631
f 631//631 632//632 633//633
f 631//631 633//633 634//634
f 634//634 633//633 635//635
f 634//634 635//635 483//483
f 483//483 635//635 636//636
f 483//483 636//636 637//637
f 636//636 638//638 637//637
f 637//637 638//638 639//639
f 637//637 639//639 569//569
f 639//639 640//640 569//569
f 569//569 640//640 641//641
f 569//569 641//641 570//570
f 641//641 642//642 570//570
f 570//570 642//642 643//643
f 570//570 643//643 644//644
f 643//643 645//645 644//644
f 644//644 645//645 646//646
f 644//644 646//646 647//647
f 646//646 648//648 647//647
f 647//647 648//648 649//649
f 647//647 649//649 650//650
f 649//649 651//651 650//650
f 650//650 651//651 652//652
f 650//650 652//652 653//653
f 652//652 654//654 653//653
f 653//653 654//654 655//655
f 653//653 655//655 656//656
f 655//655 657//657 656//656
f 656//656 657//657 658//658
f 656//656 658//658 659//659
f 658//658 660//660 659//659
f 659//659 660//660 661//661
f 659//659 661//661 662//662
f 661//661 663//663 662//662
f 662//662 663//663 664//664
f 662//662 664//664 665//665
f 665//665 664//664 666//666
f 665//665 666//666 667//667
f 667//667 666//666 668//668
f 667//667 668//668 669//669
f 668//668 670//670 669//669
f 669//669 670//670 671//671
f 669//669 671//671 672//672
f 672//672 671//671 673//673
f 672//672 673//673 674//674
f 673//673 675//675 674//674
f 674//674 675//675 676//676
f 674//674 676//676 677//677
f 676//676 678//678 677//677
f 677//677 678//678 679//679
f 677//677 679//679 680//680
f 679//679 681//681 680//680
f 680//680 681//681 682//682
f 680//680 682//682 683//683
f 682//682 684//684 683//683
f 683//683 684//684 685//685
f 683//683 685//685 475//475
f 475//475 685//685 686//686
f 475//475 686//686 687//687
f 687//687 686//686 688//688
f 687//687 688//688 588//588
f 688//688 689//689 588//588
f 588//588 689//689 690//690
f 588//588 690//690 691//691
f 690//690 692//692 691//691
f 691//691 692//692 693//693
f 691//691 693//693 694//694
f 694//694 693//693 695//695
f 695//695 696//696 694//694
f 694//694 696//696 697//697
f 694//694 697//697 698//698
f 697//697 699//699 698//698
f 698//698 699//699 700//700
f 698//698 700//700 701//701
f 700//700 702//702 701//701
f 701//701 702//702 703//703
f 701//701 703//703 704//704
f 467//467 705//705 706//706
f 467//467 706//706 592//592
f 592//592 706//706 707//707
f 592//592 707//707 590//590
f 590//590 707//707 708//708
f 590//590 708//708 591//591
f 591//591 708//708 612//612
f 591//591 612//612 465//465
f 612//612 709//709 603//603
f 603//603 709//709 613//613
f 428//428 608//608 616//616
f 428//428 616//616 558//558
f 558//558 616//616 615//615
f 558//558 615//615 559//559
f 615//615 614//614 559//559
f 559//559 614//614 613//613
f 559//559 613//613 457//457
f 710//710 711//711 712//712
f 712//712 711//711 563//563
f 712//712 563//563 713//713
f 713//713 563//563 567//567
f 713//713 567//567 714//714
f 714//714 567//567 472//472
f 715//715 686//686 716//716
f 716//716 686//686 685//685
f 716//716 685//685 717//717
f 717//717 685//685 684//684
f 717//717 684//684 718//718
f 718//718 684//684 682//682
f 718//718 682//682 719//719
f 719//719 682//682 681//681
f 719//719 681//681 720//720
f 720//720 681//681 679//679
f 720//720 679//679 721//721
f 721//721 679//679 678//678
f 721//721 678//678 722//722
f 722//722 678//678 676//676
f 722//722 676//676 723//723
f 723//723 676//676 675//675
f 723//723 675//675 724//724
f 724//724 675//675 673//673
f 724//724 673//673 725//725
f 725//725 673//673 671//671
f 725//725 671//671 726//726
f 726//726 671//671 670//670
f 726//726 670//670 727//727
f 670//670 668//668 727//727
f 727//727 668//668 666//666
f 727//727 666//666 728//728
f 728//728 666//666 664//664
f 728//728 664//664 729//729
f 729//729 664//664 663//663
f 729//729 663//663 730//730
f 730//730 663//663 661//661
f 730//730 661//661 731//731
f 731//731 661//661 660//660
f 731//731 660//660 732//732
f 636//636 733//733 638//638
f 638//638 733//733 734//734
f 638//638 734//734 639//639
f 639//639 734//734 735//735
f 639//639 735//735 640//640
f 640//640 735//735 736//736
f 640//640 736//736 641//641
f 641//641 736//736 737//737
f 641//641 737//737 642//642
f 642//642 737//737 738//738
f 642//642 738//738 643//643
f 643//643 738//738 739//739
f 643//643 739//739 645//645
f 645//645 739//739 740//740
f 645//645 740//740 646//646
f 646//646 740//740 741//741
f 646//646 741//741 648//648
f 648//648 741//741 742//742
f 648//648 742//742 649//649
f 649//649 742//742 743//743
f 649//649 743//743 651//651
f 651//651 743//743 744//744
f 651//651 744//744 652//652
f 652//652 744//744 745//745
f 652//652 745//745 654//654
f 654//654 745//745 746//746
f 654//654 746//746 655//655
f 655//655 746//746 747//747
f 655//655 747//747 657//657
f 657//657 747//747 732//732
f 657//657 732//732 658//658
f 658//658 732//732 660//660
f 686//686 715//715 688//688
f 688//688 715//715 748//748
f 688//688 748//748 689//689
f 689//689 748//748 749//749
f 689//689 749//749 690//690
f 690//690 749//749 750//750
f 690//690 750//750 692//692
f 692//692 750//750 751//751
f 692//692 751//751 693//693
f 693//693 751//751 752//752
f 693//693 752//752 695//695
f 695//695 752//752 753//753
f 695//695 753//753 696//696
f 696//696 753//753 754//754
f 696//696 754//754 697//697
f 697//697 754//754 755//755
f 697//697 755//755 699//699
f 699//699 755//755 756//756
f 699//699 756//756 700//700
f 700//700 756//756 757//757
f 700//700 757//757 702//702
f 702//702 757//757 758//758
f 702//702 758//758 703//703
f 703//703 758//758 759//759
f 607//607 430//430 617//617
f 617//617 430//430 531//531
f 617//617 531//531 618//618
f 618//618 531//531 522//522
f 618//618 522//522 619//619
f 619//619 522//522 409//409
f 609//609 619//619 620//620
f 620//620 619//619 760//760
f 620//620 760//760 622//622
f 622//622 760//760 761//761
f 622//622 761//761 624//624
f 624//624 761//761 762//762
f 624//624 762//762 625//625
f 625//625 762//762 763//763
f 625//625 763//763 626//626
f 626//626 763//763 764//764
f 626//626 764//764 627//627
f 627//627 764//764 765//765
f 627//627 765//765 629//629
f 629//629 765//765 766//766
f 629//629 766//766 630//630
f 630//630 766//766 767//767
f 630//630 767//767 632//632
f 632//632 767//767 768//768
f 632//632 768//768 633//633
f 633//633 768//768 769//769
f 633//633 769//769 635//635
f 635//635 769//769 770//770
f 635//635 770//770 636//636
f 636//636 770//770 733//733
f 705//705 467//467 710//710
f 710//710 467//467 471//471
f 705//705 771//771 772//772
f 705//705 772//772 706//706
f 706//706 772//772 773//773
f 706//706 773//773 707//707
f 707//707 773//773 774//774
f 707//707 774//774 708//708
f 708//708 774//774 709//709
f 708//708 709//709 612//612
f 457//457 613//613 448//448
f 448//448 613//613 709//709
f 775//775 776//776 777//777
f 775//775 777//777 713//713
f 713//713 777//777 778//778
f 713//713 778//778 712//712
f 712//712 778//778 779//779
f 712//712 779//779 710//710
f 533//533 780//780 758//758
f 533//533 758//758 534//534
f 534//534 758//758 757//757
f 534//534 757//757 538//538
f 757//757 756//756 538//538
f 538//538 756//756 755//755
f 538//538 755//755 539//539
f 755//755 754//754 539//539
f 539//539 754//754 753//753
f 539//539 753//753 540//540
f 753//753 752//752 540//540
f 540//540 752//752 751//751
f 540//540 751//751 527//527
f 751//751 750//750 527//527
f 527//527 750//750 749//749
f 527//527 749//749 521//521
f 521//521 749//749 748//748
f 521//521 748//748 419//419
f 419//419 748//748 715//715
f 419//419 715//715 528//528
f 715//715 716//716 528//528
f 528//528 716//716 717//717
f 528//528 717//717 529//529
f 717//717 718//718 529//529
f 529//529 718//718 719//719
f 529//529 719//719 525//525
f 719//719 720//720 525//525
f 525//525 720//720 721//721
f 525//525 721//721 526//526
f 721//721 722//722 526//526
f 526//526 722//722 723//723
f 526//526 723//723 523//523
f 723//723 724//724 523//523
f 523//523 724//724 725//725
f 523//523 725//725 542//542
f 725//725 781//781 542//542
f 542//542 781//781 727//727
f 542//542 727//727 543//543
f 727//727 728//728 543//543
f 543//543 728//728 729//729
f 543//543 729//729 549//549
f 549//549 729//729 730//730
f 549//549 730//730 550//550
f 550//550 730//730 782//782
f 550//550 782//782 548//548
f 548//548 782//782 732//732
f 548//548 732//732 546//546
f 546//546 732//732 747//747
f 546//546 747//747 544//544
f 747//747 746//746 544//544
f 544//544 746//746 745//745
f 544//544 745//745 545//545
f 745//745 744//744 545//545
f 545//545 744//744 743//743
f 545//545 743//743 547//547
f 547//547 743//743 742//742
f 547//547 742//742 557//557
f 742//742 741//741 557//557
f 557//557 741//741 740//740
f 557//557 740//740 552//552
f 740//740 739//739 552//552
f 552//552 739//739 738//738
f 552//552 738//738 551//551
f 738//738 737//737 551//551
f 551//551 737//737 736//736
f 551//551 736//736 541//541
f 736//736 735//735 541//541
f 541//541 735//735 734//734
f 541//541 734//734 426//426
f 426//426 734//734 733//733
f 426//426 733//733 524//524
f 524//524 733//733 770//770
f 524//524 770//770 535//535
f 770//770 769//769 535//535
f 535//535 769//769 768//768
f 535//535 768//768 536//536
f 768//768 767//767 536//536
f 536//536 767//767 766//766
f 536//536 766//766 537//537
f 537//537 766//766 765//765
f 765//765 764//764 537//537
f 537//537 764//764 763//763
f 537//537 763//763 553//553
f 763//763 762//762 553//553
f 553//553 762//762 761//761
f 553//553 761//761 554//554
f 761//761 760//760 554//554
f 554//554 760//760 619//619
f 554//554 619//619 783//783
f 705//705 710//710 771//771
f 771//771 710//710 779//779
f 448//448 709//709 774//774
f 448//448 774//774 555//555
f 555//555 774//774 773//773
f 555//555 773//773 556//556
f 773//773 772//772 556//556
f 556//556 772//772 771//771
f 556//556 771//771 429//429
f 776//776 784//784 777//777
f 777//777 784//784 532//532
f 777//777 532//532 778//778
f 778//778 532//532 530//530
f 778//778 530//530 779//779
f 779//779 530//530 431//431
f 429//429 771//771 431//431
f 431//431 771//771 779//779
f 785//785 786//786 787//787
f 788//788 789//789 790//790
f 790//790 789//789 791//791
f 790//790 791//791 792//792
f 793//793 794//794 795//795
f 795//795 794//794 785//785
f 796//796 797//797 786//786
f 786//786 797//797 798//798
f 786//786 798//798 787//787
f 799//799 800//800 801//801
f 801//801 800//800 802//802
f 801//801 802//802 787//787
f 787//787 802//802 790//790
f 787//787 790//790 785//785
f 785//785 790//790 792//792
f 785//785 792//792 795//795
f 803//803 804//804 805//805
f 806//806 807//807 808//808
f 808//808 807//807 809//809
f 808//808 809//809 810//810
f 811//811 812//812 810//810
f 810//810 812//812 813//813
f 814//814 815//815 816//816
f 816//816 815//815 817//817
f 816//816 817//817 818//818
f 813//813 818//818 810//810
f 810//810 818//818 817//817
f 810//810 817//817 808//808
f 808//808 817//817 803//803
f 808//808 803//803 819//819
f 819//819 803//803 805//805
f 820//820 821//821 822//822
f 822//822 821//821 823//823
f 824//824 822//822 825//825
f 825//825 822//822 823//823
f 825//825 823//823 826//826
f 826//826 823//823 827//827
f 828//828 820//820 829//829
f 829//829 820//820 822//822
f 829//829 822//822 830//830
f 830//830 822//822 831//831
f 832//832 833//833 834//834
f 835//835 836//836 834//834
f 834//834 836//836 837//837
f 838//838 839//839 840//840
f 840//840 839//839 832//832
f 840//840 832//832 841//841
f 841//841 832//832 834//834
f 841//841 834//834 842//842
f 842//842 834//834 837//837
f 842//842 837//837 843//843
f 844//844 845//845 846//846
f 847//847 848//848 846//846
f 846//846 848//848 849//849
f 850//850 851//851 852//852
f 852//852 851//851 844//844
f 852//852 844//844 853//853
f 853//853 844//844 846//846
f 853//853 846//846 854//854
f 854//854 846//846 849//849
f 854//854 849//849 855//855
f 856//856 857//857 858//858
f 858//858 857//857 859//859
f 858//858 859//859 860//860
f 861//861 862//862 863//863
f 863//863 862//862 858//858
f 863//863 858//858 864//864
f 864//864 858//858 860//860
f 865//865 866//866 867//867
f 867//867 866//866 857//857
f 867//867 857//857 868//868
f 868//868 857//857 856//856
f 869//869 870//870 871//871
f 871//871 870//870 872//872
f 871//871 872//872 873//873
f 874//874 875//875 876//876
f 876//876 875//875 871//871
f 876//876 871//871 877//877
f 877//877 871//871 873//873
f 878//878 879//879 880//880
f 880//880 879//879 870//870
f 880//880 870//870 881//881
f 881//881 870//870 869//869
f 882//882 883//883 884//884
f 885//885 886//886 887//887
f 886//886 888//888 887//887
f 887//887 888//888 889//889
f 887//887 889//889 890//890
f 891//891 892//892 893//893
f 893//893 892//892 882//882
f 893//893 882//882 887//887
f 887//887 882//882 884//884
f 887//887 884//884 885//885
f 894//894 895//895 896//896
f 897//897 898//898 899//899
f 900//900 901//901 902//902
f 896//896 903//903 900//900
f 900//900 903//903 897//897
f 900//900 897//897 904//904
f 904//904 897//897 899//899
f 896//896 900//900 894//894
f 894//894 900//900 902//902
f 894//894 902//902 905//905
f 906//906 907//907 908//908
f 909//909 910//910 911//911
f 910//910 912//912 911//911
f 911//911 912//912 913//913
f 911//911 913//913 914//914
f 915//915 916//916 917//917
f 917//917 916//916 906//906
f 917//917 906//906 911//911
f 911//911 906//906 908//908
f 911//911 908//908 909//909
f 918//918 919//919 920//920
f 918//918 921//921 922//922
f 923//923 924//924 925//925
f 925//925 924//924 918//918
f 925//925 918//918 926//926
f 926//926 918//918 920//920
f 927//927 919//919 928//928
f 928//928 919//919 918//918
f 928//928 918//918 929//929
f 929//929 918//918 922//922
f 929//929 922//922 930//930
f 931//931 932//932 933//933
f 933//933 932//932 934//934
f 933//933 934//934 935//935
f 936//936 937//937 938//938
f 938//938 937//937 933//933
f 938//938 933//933 939//939
f 939//939 933//933 935//935
f 940//940 941//941 942//942
f 942//942 941//941 932//932
f 942//942 932//932 943//943
f 943//943 932//932 931//931
f 944//944 823//823 945//945
f 945//945 823//823 821//821
f 945//945 821//821 946//946
f 946//946 821//821 820//820
f 946//946 820//820 947//947
f 947//947 820//820 828//828
f 947//947 828//828 948//948
f 948//948 828//828 829//829
f 948//948 829//829 949//949
f 949//949 829//829 830//830
f 949//949 830//830 950//950
f 950//950 830//830 831//831
f 950//950 831//831 951//951
f 951//951 831//831 822//822
f 951//951 822//822 952//952
f 952//952 822//822 824//824
f 952//952 824//824 953//953
f 953//953 824//824 825//825
f 953//953 825//825 954//954
f 954//954 825//825 826//826
f 954//954 826//826 955//955
f 955//955 826//826 827//827
f 955//955 827//827 944//944
f 944//944 827//827 823//823
f 956//956 840//840 957//957
f 957//957 840//840 841//841
f 957//957 841//841 958//958
f 958//958 841//841 842//842
f 958//958 842//842 959//959
f 959//959 842//842 843//843
f 959//959 843//843 960//960
f 960//960 843//843 837//837
f 960//960 837//837 961//961
f 961//961 837//837 836//836
f 961//961 836//836 962//962
f 962//962 836//836 835//835
f 962//962 835//835 963//963
f 963//963 835//835 834//834
f 963//963 834//834 964//964
f 964//964 834//834 833//833
f 964//964 833//833 965//965
f 965//965 833//833 832//832
f 965//965 832//832 966//966
f 966//966 832//832 839//839
f 966//966 839//839 967//967
f 967//967 839//839 838//838
f 967//967 838//838 956//956
f 956//956 838//838 840//840
f 968//968 852//852 969//969
f 969//969 852//852 853//853
f 969//969 853//853 970//970
f 970//970 853//853 854//854
f 970//970 854//854 971//971
f 971//971 854//854 855//855
f 971//971 855//855 972//972
f 972//972 855//855 849//849
f 972//972 849//849 973//973
f 973//973 849//849 848//848
f 973//973 848//848 974//974
f 974//974 848//848 847//847
f 974//974 847//847 975//975
f 975//975 847//847 846//846
f 975//975 846//846 976//976
f 976//976 846//846 845//845
f 976//976 845//845 977//977
f 977//977 845//845 844//844
f 977//977 844//844 978//978
f 978//978 844//844 851//851
f 978//978 851//851 979//979
f 979//979 851//851 850//850
f 979//979 850//850 968//968
f 968//968 850//850 852//852
f 856//856 980//980 868//868
f 868//868 980//980 981//981
f 868//868 981//981 867//867
f 867//867 981//981 982//982
f 867//867 982//982 865//865
f 865//865 982//982 983//983
f 865//865 983//983 866//866
f 866//866 983//983 984//984
f 866//866 984//984 857//857
f 857//857 984//984 985//985
f 857//857 985//985 859//859
f 859//859 985//985 986//986
f 859//859 986//986 860//860
f 860//860 986//986 987//987
f 860//860 987//987 864//864
f 864//864 987//987 988//988
f 864//864 988//988 863//863
f 863//863 988//988 989//989
f 863//863 989//989 861//861
f 861//861 989//989 990//990
f 861//861 990//990 862//862
f 862//862 990//990 991//991
f 862//862 991//991 858//858
f 858//858 991//991 992//992
f 858//858 992//992 856//856
f 856//856 992//992 980//980
f 869//869 993//993 881//881
f 881//881 993//993 994//994
f 881//881 994//994 880//880
f 880//880 994//994 995//995
f 880//880 995//995 878//878
f 878//878 995//995 996//996
f 878//878 996//996 879//879
f 879//879 996//996 997//997
f 879//879 997//997 870//870
f 870//870 997//997 998//998
f 870//870 998//998 872//872
f 872//872 998//998 999//999
f 872//872 999//999 873//873
f 873//873 999//999 1000//1000
f 873//873 1000//1000 877//877
f 877//877 1000//1000 1001//1001
f 877//877 1001//1001 876//876
f 876//876 1001//1001 1002//1002
f 876//876 1002//1002 874//874
f 874//874 1002//1002 1003//1003
f 874//874 1003//1003 875//875
f 875//875 1003//1003 1004//1004
f 875//875 1004//1004 871//871
f 871//871 1004//1004 1005//1005
f 871//871 1005//1005 869//869
f 869//869 1005//1005 993//993
f 1006//1006 808//808 1007//1007
f 1007//1007 808//808 819//819
f 1007//1007 819//819 1008//1008
f 121//121 790//790 1009//1009
f 1009//1009 790//790 802//802
f 1009//1009 802//802 122//122
f 808//808 1006//1006 1010//1010
f 808//808 1010//1010 806//806
f 806//806 1010//1010 1011//1011
f 806//806 1011//1011 807//807
f 807//807 1011//1011 1012//1012
f 807//807 1012//1012 809//809
f 803//803 1013//1013 1014//1014
f 803//803 1014//1014 804//804
f 804//804 1014//1014 1015//1015
f 804//804 1015//1015 805//805
f 805//805 1015//1015 1008//1008
f 805//805 1008//1008 819//819
f 977//977 978//978 1006//1006
f 1007//1007 996//996 1006//1006
f 1006//1006 996//996 995//995
f 1006//1006 995//995 994//994
f 1007//1007 964//964 965//965
f 997//997 996//996 967//967
f 971//971 972//972 1003//1003
f 1003//1003 972//972 973//973
f 1003//1003 973//973 1004//1004
f 977//977 1006//1006 976//976
f 976//976 1006//1006 994//994
f 976//976 994//994 975//975
f 1007//1007 965//965 996//996
f 996//996 965//965 966//966
f 996//996 966//966 967//967
f 957//957 958//958 1002//1002
f 1002//1002 958//958 959//959
f 978//978 979//979 1006//1006
f 1006//1006 979//979 968//968
f 1006//1006 968//968 122//122
f 122//122 968//968 969//969
f 122//122 969//969 970//970
f 960//960 961//961 1016//1016
f 1016//1016 961//961 962//962
f 1016//1016 962//962 1007//1007
f 1007//1007 962//962 963//963
f 1007//1007 963//963 964//964
f 1002//1002 1001//1001 957//957
f 957//957 1001//1001 1000//1000
f 957//957 1000//1000 956//956
f 956//956 1000//1000 999//999
f 956//956 999//999 967//967
f 967//967 999//999 998//998
f 967//967 998//998 997//997
f 975//975 994//994 974//974
f 974//974 994//994 993//993
f 974//974 993//993 973//973
f 973//973 993//993 1005//1005
f 973//973 1005//1005 1004//1004
f 970//970 971//971 122//122
f 122//122 971//971 1003//1003
f 122//122 1003//1003 1009//1009
f 1009//1009 1003//1003 1002//1002
f 1009//1009 1002//1002 1016//1016
f 1016//1016 1002//1002 959//959
f 1016//1016 959//959 960//960
f 982//982 981//981 1007//1007
f 1007//1007 981//981 1016//1016
f 1016//1016 981//981 980//980
f 1016//1016 980//980 992//992
f 121//121 947//947 948//948
f 948//948 949//949 121//121
f 121//121 949//949 950//950
f 121//121 950//950 1008//1008
f 1008//1008 950//950 951//951
f 951//951 952//952 1008//1008
f 1008//1008 952//952 953//953
f 1008//1008 953//953 1007//1007
f 1007//1007 953//953 954//954
f 1007//1007 954//954 955//955
f 989//989 945//945 946//946
f 955//955 984//984 1007//1007
f 1007//1007 984//984 983//983
f 1007//1007 983//983 982//982
f 989//989 988//988 945//945
f 945//945 988//988 987//987
f 945//945 987//987 944//944
f 944//944 987//987 986//986
f 944//944 986//986 955//955
f 955//955 986//986 985//985
f 955//955 985//985 984//984
f 992//992 991//991 1016//1016
f 1016//1016 991//991 990//990
f 1016//1016 990//990 1009//1009
f 1009//1009 990//990 989//989
f 1009//1009 989//989 121//121
f 121//121 989//989 946//946
f 121//121 946//946 947//947
f 790//790 121//121 1017//1017
f 790//790 1017//1017 788//788
f 788//788 1017//1017 1018//1018
f 788//788 1018//1018 789//789
f 1018//1018 1019//1019 789//789
f 789//789 1019//1019 1020//1020
f 789//789 1020//1020 791//791
f 1020//1020 1021//1021 791//791
f 791//791 1021//1021 1022//1022
f 791//791 1022//1022 792//792
f 787//787 1023//1023 1024//1024
f 787//787 1024//1024 801//801
f 801//801 1024//1024 1025//1025
f 801//801 1025//1025 799//799
f 1025//1025 1026//1026 799//799
f 799//799 1026//1026 1027//1027
f 799//799 1027//1027 800//800
f 1027//1027 1028//1028 800//800
f 800//800 1028//1028 122//122
f 800//800 122//122 802//802
f 1023//1023 1012//1012 1024//1024
f 1024//1024 1012//1012 1011//1011
f 1024//1024 1011//1011 1025//1025
f 1025//1025 1011//1011 1026//1026
f 1026//1026 1011//1011 1010//1010
f 1026//1026 1010//1010 1027//1027
f 1027//1027 1010//1010 1028//1028
f 1028//1028 1010//1010 1006//1006
f 1028//1028 1006//1006 122//122
f 1029//1029 810//810 1012//1012
f 1012//1012 810//810 809//809
f 1013//1013 803//803 1030//1030
f 1030//1030 803//803 817//817
f 121//121 1008//1008 1017//1017
f 1017//1017 1008//1008 1015//1015
f 1017//1017 1015//1015 1018//1018
f 1018//1018 1015//1015 1019//1019
f 1019//1019 1015//1015 1014//1014
f 1019//1019 1014//1014 1020//1020
f 1020//1020 1014//1014 1021//1021
f 1021//1021 1014//1014 1013//1013
f 1021//1021 1013//1013 1022//1022
f 792//792 1022//1022 795//795
f 795//795 1022//1022 1031//1031
f 798//798 1032//1032 787//787
f 787//787 1032//1032 1023//1023
f 1012//1012 1023//1023 1029//1029
f 1029//1029 1023//1023 1032//1032
f 810//810 1029//1029 1033//1033
f 810//810 1033//1033 811//811
f 811//811 1033//1033 1034//1034
f 811//811 1034//1034 812//812
f 1034//1034 1035//1035 812//812
f 812//812 1035//1035 1036//1036
f 812//812 1036//1036 813//813
f 1036//1036 1037//1037 813//813
f 813//813 1037//1037 1038//1038
f 813//813 1038//1038 818//818
f 1039//1039 1040//1040 816//816
f 816//816 1040//1040 814//814
f 1040//1040 1041//1041 814//814
f 814//814 1041//1041 1042//1042
f 814//814 1042//1042 815//815
f 1030//1030 817//817 1043//1043
f 1043//1043 817//817 815//815
f 1043//1043 815//815 1044//1044
f 1044//1044 815//815 1042//1042
f 1030//1030 1031//1031 1013//1013
f 1013//1013 1031//1031 1022//1022
f 1031//1031 1045//1045 795//795
f 795//795 1045//1045 793//793
f 1045//1045 1046//1046 793//793
f 793//793 1046//1046 1047//1047
f 793//793 1047//1047 794//794
f 457//457 785//785 1048//1048
f 1048//1048 785//785 794//794
f 1048//1048 794//794 1049//1049
f 1049//1049 794//794 1047//1047
f 786//786 448//448 1050//1050
f 786//786 1050//1050 796//796
f 796//796 1050//1050 1051//1051
f 796//796 1051//1051 797//797
f 797//797 1051//1051 1032//1032
f 797//797 1032//1032 798//798
f 1052//1052 893//893 1053//1053
f 1053//1053 893//893 887//887
f 1053//1053 887//887 1054//1054
f 1054//1054 887//887 890//890
f 1054//1054 890//890 1055//1055
f 1055//1055 890//890 889//889
f 1055//1055 889//889 1056//1056
f 1056//1056 889//889 888//888
f 1056//1056 888//888 1057//1057
f 1057//1057 888//888 886//886
f 1057//1057 886//886 1058//1058
f 1058//1058 886//886 885//885
f 1058//1058 885//885 1059//1059
f 1059//1059 885//885 884//884
f 1059//1059 884//884 1060//1060
f 1060//1060 884//884 883//883
f 1060//1060 883//883 1061//1061
f 1061//1061 883//883 882//882
f 1061//1061 882//882 1062//1062
f 1062//1062 882//882 892//892
f 1062//1062 892//892 1063//1063
f 1063//1063 892//892 891//891
f 1063//1063 891//891 1052//1052
f 1052//1052 891//891 893//893
f 1064//1064 895//895 1065//1065
f 1065//1065 895//895 894//894
f 1065//1065 894//894 1066//1066
f 1066//1066 894//894 905//905
f 1066//1066 905//905 1067//1067
f 1067//1067 905//905 902//902
f 1067//1067 902//902 1068//1068
f 1068//1068 902//902 901//901
f 1068//1068 901//901 1069//1069
f 1069//1069 901//901 900//900
f 1069//1069 900//900 1070//1070
f 1070//1070 900//900 904//904
f 1070//1070 904//904 1071//1071
f 1071//1071 904//904 899//899
f 1071//1071 899//899 1072//1072
f 1072//1072 899//899 898//898
f 1072//1072 898//898 1073//1073
f 1073//1073 898//898 897//897
f 1073//1073 897//897 1074//1074
f 1074//1074 897//897 903//903
f 1074//1074 903//903 1075//1075
f 1075//1075 903//903 896//896
f 1075//1075 896//896 1064//1064
f 1064//1064 896//896 895//895
f 1076//1076 917//917 1077//1077
f 1077//1077 917//917 911//911
f 1077//1077 911//911 1078//1078
f 1078//1078 911//911 914//914
f 1078//1078 914//914 1079//1079
f 1079//1079 914//914 913//913
f 1079//1079 913//913 1080//1080
f 1080//1080 913//913 912//912
f 1080//1080 912//912 1081//1081
f 1081//1081 912//912 910//910
f 1081//1081 910//910 1082//1082
f 1082//1082 910//910 909//909
f 1082//1082 909//909 1083//1083
f 1083//1083 909//909 908//908
f 1083//1083 908//908 1084//1084
f 1084//1084 908//908 907//907
f 1084//1084 907//907 1085//1085
f 1085//1085 907//907 906//906
f 1085//1085 906//906 1086//1086
f 1086//1086 906//906 916//916
f 1086//1086 916//916 1087//1087
f 1087//1087 916//916 915//915
f 1087//1087 915//915 1076//1076
f 1076//1076 915//915 917//917
f 920//920 1088//1088 926//926
f 926//926 1088//1088 1089//1089
f 926//926 1089//1089 925//925
f 925//925 1089//1089 1090//1090
f 925//925 1090//1090 923//923
f 923//923 1090//1090 1091//1091
f 923//923 1091//1091 924//924
f 924//924 1091//1091 1092//1092
f 924//924 1092//1092 918//918
f 918//918 1092//1092 1093//1093
f 918//918 1093//1093 921//921
f 921//921 1093//1093 1094//1094
f 921//921 1094//1094 922//922
f 922//922 1094//1094 1095//1095
f 922//922 1095//1095 930//930
f 930//930 1095//1095 1096//1096
f 930//930 1096//1096 929//929
f 929//929 1096//1096 1097//1097
f 929//929 1097//1097 928//928
f 928//928 1097//1097 1098//1098
f 928//928 1098//1098 927//927
f 927//927 1098//1098 1099//1099
f 927//927 1099//1099 919//919
f 919//919 1099//1099 1100//1100
f 919//919 1100//1100 920//920
f 920//920 1100//1100 1088//1088
f 931//931 1101//1101 943//943
f 943//943 1101//1101 1102//1102
f 943//943 1102//1102 942//942
f 942//942 1102//1102 1103//1103
f 942//942 1103//1103 940//940
f 940//940 1103//1103 1104//1104
f 940//940 1104//1104 941//941
f 941//941 1104//1104 1105//1105
f 941//941 1105//1105 932//932
f 932//932 1105//1105 1106//1106
f 932//932 1106//1106 934//934
f 934//934 1106//1106 1107//1107
f 934//934 1107//1107 935//935
f 935//935 1107//1107 1108//1108
f 935//935 1108//1108 939//939
f 939//939 1108//1108 1109//1109
f 939//939 1109//1109 938//938
f 938//938 1109//1109 1110//1110
f 938//938 1110//1110 936//936
f 936//936 1110//1110 1111//1111
f 936//936 1111//1111 937//937
f 937//937 1111//1111 1112//1112
f 937//937 1112//1112 933//933
f 933//933 1112//1112 1113//1113
f 933//933 1113//1113 931//931
f 931//931 1113//1113 1101//1101
f 448//448 1038//1038 1050//1050
f 1050//1050 1038//1038 1037//1037
f 1037//1037 1036//1036 1050//1050
f 1050//1050 1036//1036 1035//1035
f 1050//1050 1035//1035 1051//1051
f 1029//1029 1032//1032 1033//1033
f 1033//1033 1032//1032 1051//1051
f 1033//1033 1051//1051 1034//1034
f 1034//1034 1051//1051 1035//1035
f 1039//1039 816//816 1114//1114
f 1114//1114 816//816 818//818
f 1114//1114 818//818 1038//1038
f 1030//1030 1043//1043 1031//1031
f 1031//1031 1043//1043 1045//1045
f 1045//1045 1043//1043 1046//1046
f 1046//1046 1043//1043 1044//1044
f 1046//1046 1044//1044 1047//1047
f 1047//1047 1044//1044 1042//1042
f 1047//1047 1042//1042 1049//1049
f 1049//1049 1042//1042 1041//1041
f 1049//1049 1041//1041 1048//1048
f 1041//1041 1040//1040 1048//1048
f 1048//1048 1040//1040 1039//1039
f 1048//1048 1039//1039 457//457
f 448//448 786//786 1115//1115
f 1115//1115 786//786 785//785
f 1115//1115 785//785 457//457
f 448//448 1103//1103 1102//1102
f 1070//1070 1071//1071 1116//1116
f 1116//1116 1071//1071 1072//1072
f 1116//1116 1072//1072 1073//1073
f 1085//1085 1086//1086 448//448
f 1070//1070 1116//1116 1069//1069
f 1069//1069 1116//1116 1114//1114
f 1069//1069 1114//1114 1068//1068
f 1075//1075 1110//1110 1074//1074
f 1074//1074 1110//1110 1109//1109
f 1074//1074 1109//1109 1108//1108
f 1111//1111 1110//1110 1038//1038
f 1085//1085 448//448 1084//1084
f 1084//1084 448//448 1102//1102
f 1084//1084 1102//1102 1083//1083
f 1086//1086 1087//1087 448//448
f 448//448 1087//1087 1076//1076
f 448//448 1076//1076 1038//1038
f 1038//1038 1076//1076 1077//1077
f 1038//1038 1077//1077 1078//1078
f 1075//1075 1064//1064 1110//1110
f 1110//1110 1064//1064 1065//1065
f 1110//1110 1065//1065 1038//1038
f 1038//1038 1065//1065 1066//1066
f 1038//1038 1066//1066 1114//1114
f 1114//1114 1066//1066 1067//1067
f 1114//1114 1067//1067 1068//1068
f 1078//1078 1079//1079 1038//1038
f 1038//1038 1079//1079 1080//1080
f 1038//1038 1080//1080 1111//1111
f 1111//1111 1080//1080 1081//1081
f 1111//1111 1081//1081 1112//1112
f 1083//1083 1102//1102 1082//1082
f 1082//1082 1102//1102 1101//1101
f 1082//1082 1101//1101 1081//1081
f 1081//1081 1101//1101 1113//1113
f 1081//1081 1113//1113 1112//1112
f 1103//1103 448//448 1104//1104
f 1104//1104 448//448 1115//1115
f 1104//1104 1115//1115 1105//1105
f 1039//1039 1055//1055 1056//1056
f 457//457 1060//1060 1061//1061
f 1056//1056 1057//1057 1039//1039
f 1039//1039 1057//1057 1058//1058
f 1039//1039 1058//1058 457//457
f 457//457 1058//1058 1059//1059
f 457//457 1059//1059 1060//1060
f 1061//1061 1062//1062 1092//1092
f 1092//1092 1062//1062 1063//1063
f 1092//1092 1063//1063 1093//1093
f 1093//1093 1063//1063 1094//1094
f 1094//1094 1063//1063 1052//1052
f 1094//1094 1052//1052 1095//1095
f 1099//1099 1098//1098 1114//1114
f 1114//1114 1098//1098 1097//1097
f 1055//1055 1039//1039 1054//1054
f 1054//1054 1039//1039 1114//1114
f 1054//1054 1114//1114 1053//1053
f 1053//1053 1114//1114 1097//1097
f 1053//1053 1097//1097 1052//1052
f 1052//1052 1097//1097 1096//1096
f 1052//1052 1096//1096 1095//1095
f 1090//1090 1089//1089 1116//1116
f 1116//1116 1089//1089 1088//1088
f 1116//1116 1088//1088 1114//1114
f 1114//1114 1088//1088 1100//1100
f 1114//1114 1100//1100 1099//1099
f 1061//1061 1092//1092 457//457
f 457//457 1092//1092 1091//1091
f 457//457 1091//1091 1115//1115
f 1108//1108 1107//1107 1074//1074
f 1074//1074 1107//1107 1106//1106
f 1074//1074 1106//1106 1073//1073
f 1073//1073 1106//1106 1105//1105
f 1073//1073 1105//1105 1116//1116
f 1116//1116 1105//1105 1115//1115
f 1116//1116 1115//1115 1090//1090
f 1090//1090 1115//1115 1091//1091
f 1117//1117 1118//1118 1119//1119
f 1120//1120 1121//1121 1122//1122
f 1122//1122 1121//1121 1123//1123
f 1120//1120 1122//1122 1119//1119
f 1119//1119 1122//1122 1124//1124
f 1119//1119 1124//1124 1117//1117
f 1118//1118 1125//1125 1119//1119
f 1119//1119 1125//1125 1126//1126
f 1119//1119 1126//1126 1127//1127
f 1127//1127 1128//1128 1119//1119
f 1119//1119 1128//1128 1129//1129
f 1119//1119 1129//1129 1130//1130
f 1123//1123 1131//1131 1122//1122
f 1122//1122 1131//1131 1132//1132
f 1122//1122 1132//1132 1133//1133
f 1134//1134 1135//1135 1136//1136
f 1136//1136 1135//1135 1137//1137
f 1136//1136 1137//1137 1138//1138
f 1134//1134 1136//1136 1139//1139
f 1139//1139 1136//1136 1140//1140
f 1139//1139 1140//1140 1141//1141
f 1133//1133 1142//1142 1122//1122
f 1122//1122 1142//1142 1139//1139
f 1122//1122 1139//1139 1143//1143
f 1143//1143 1139//1139 1141//1141
f 1130//1130 1144//1144 1119//1119
f 1119//1119 1144//1144 1145//1145
f 1119//1119 1145//1145 1146//1146
f 1146//1146 1147//1147 1119//1119
f 1119//1119 1147//1147 1148//1148
f 1119//1119 1148//1148 1149//1149
f 1149//1149 1148//1148 1150//1150
f 1151//1151 1147//1147 1146//1146
f 1151//1151 1146//1146 1152//1152
f 1152//1152 1146//1146 1145//1145
f 1152//1152 1145//1145 1153//1153
f 1153//1153 1145//1145 1144//1144
f 1153//1153 1144//1144 1154//1154
f 1154//1154 1144//1144 1130//1130
f 1154//1154 1130//1130 1155//1155
f 1155//1155 1130//1130 1129//1129
f 1155//1155 1129//1129 1156//1156
f 1156//1156 1129//1129 1128//1128
f 1156//1156 1128//1128 1157//1157
f 1157//1157 1128//1128 1127//1127
f 1157//1157 1127//1127 1158//1158
f 1158//1158 1127//1127 1126//1126
f 1158//1158 1126//1126 1159//1159
f 1159//1159 1126//1126 1125//1125
f 1159//1159 1125//1125 1160//1160
f 1160//1160 1125//1125 1118//1118
f 1160//1160 1118//1118 1161//1161
f 1161//1161 1118//1118 1117//1117
f 1161//1161 1117//1117 1162//1162
f 1162//1162 1117//1117 1124//1124
f 1162//1162 1124//1124 1163//1163
f 1163//1163 1124//1124 1122//1122
f 1163//1163 1122//1122 1164//1164
f 1164//1164 1122//1122 1143//1143
f 1164//1164 1143//1143 1165//1165
f 1165//1165 1143//1143 1141//1141
f 1165//1165 1141//1141 1166//1166
f 1166//1166 1141//1141 1140//1140
f 1166//1166 1140//1140 1167//1167
f 1167//1167 1140//1140 1136//1136
f 1167//1167 1136//1136 1168//1168
f 1168//1168 1136//1136 1138//1138
f 1168//1168 1138//1138 1169//1169
f 1169//1169 1138//1138 1137//1137
f 1169//1169 1137//1137 1170//1170
f 1170//1170 1137//1137 1135//1135
f 1170//1170 1135//1135 1171//1171
f 1171//1171 1135//1135 1134//1134
f 1171//1171 1134//1134 1172//1172
f 1172//1172 1134//1134 1139//1139
f 1172//1172 1139//1139 1173//1173
f 1173//1173 1139//1139 1142//1142
f 1173//1173 1142//1142 1174//1174
f 1174//1174 1142//1142 1133//1133
f 1174//1174 1133//1133 1175//1175
f 1175//1175 1133//1133 1132//1132
f 1175//1175 1132//1132 1176//1176
f 1176//1176 1132//1132 1131//1131
f 1176//1176 1131//1131 1177//1177
f 1177//1177 1131//1131 1123//1123
f 1177//1177 1123//1123 1178//1178
f 1178//1178 1123//1123 1121//1121
f 1178//1178 1121//1121 1179//1179
f 1179//1179 1121//1121 1120//1120
f 1179//1179 1120//1120 1180//1180
f 1180//1180 1120//1120 1119//1119
f 1180//1180 1119//1119 1181//1181
f 1181//1181 1119//1119 1149//1149
f 1181//1181 1149//1149 1182//1182
f 1182//1182 1149//1149 1150//1150
f 1182//1182 1150//1150 1183//1183
f 1183//1183 1150//1150 1148//1148
f 1183//1183 1148//1148 1184//1184
f 1184//1184 1148//1148 1147//1147
f 1184//1184 1147//1147 1151//1151
f 1160//1160 1185//1185 1159//1159
f 1159//1159 1185//1185 1186//1186
f 1159//1159 1186//1186 1158//1158
f 1158//1158 1186//1186 1187//1187
f 1158//1158 1187//1187 1157//1157
f 1157//1157 1187//1187 1188//1188
f 1157//1157 1188//1188 1156//1156
f 1156//1156 1188//1188 1189//1189
f 1156//1156 1189//1189 1155//1155
f 1155//1155 1189//1189 1190//1190
f 1155//1155 1190//1190 1154//1154
f 1154//1154 1190//1190 1191//1191
f 1154//1154 1191//1191 1153//1153
f 1153//1153 1191//1191 1192//1192
f 1153//1153 1192//1192 1152//1152
f 1152//1152 1192//1192 1193//1193
f 1152//1152 1193//1193 1151//1151
f 1151//1151 1193//1193 1194//1194
f 1151//1151 1194//1194 1184//1184
f 1184//1184 1194//1194 1195//1195
f 1184//1184 1195//1195 1183//1183
f 1183//1183 1195//1195 1196//1196
f 1183//1183 1196//1196 1182//1182
f 1182//1182 1196//1196 1197//1197
f 1182//1182 1197//1197 1181//1181
f 1181//1181 1197//1197 1198//1198
f 1181//1181 1198//1198 1180//1180
f 1180//1180 1198//1198 1199//1199
f 1180//1180 1199//1199 1179//1179
f 1179//1179 1199//1199 1200//1200
f 1179//1179 1200//1200 1178//1178
f 1178//1178 1200//1200 1201//1201
f 1178//1178 1201//1201 1177//1177
f 1177//1177 1201//1201 1202//1202
f 1177//1177 1202//1202 1176//1176
f 1202//1202 1203//1203 1176//1176
f 1176//1176 1203//1203 1204//1204
f 1176//1176 1204//1204 1175//1175
f 1175//1175 1204//1204 1205//1205
f 1175//1175 1205//1205 1174//1174
f 1174//1174 1205//1205 1206//1206
f 1174//1174 1206//1206 1173//1173
f 1173//1173 1206//1206 1207//1207
f 1173//1173 1207//1207 1172//1172
f 1172//1172 1207//1207 1208//1208
f 1172//1172 1208//1208 1171//1171
f 1171//1171 1208//1208 1209//1209
f 1171//1171 1209//1209 1170//1170
f 1170//1170 1209//1209 1210//1210
f 1170//1170 1210//1210 1169//1169
f 1169//1169 1210//1210 1211//1211
f 1169//1169 1211//1211 1168//1168
f 1168//1168 1211//1211 1212//1212
f 1168//1168 1212//1212 1167//1167
f 1167//1167 1212//1212 1213//1213
f 1167//1167 1213//1213 1166//1166
f 1166//1166 1213//1213 1214//1214
f 1166//1166 1214//1214 1165//1165
f 1165//1165 1214//1214 1215//1215
f 1165//1165 1215//1215 1164//1164
f 1164//1164 1215//1215 1216//1216
f 1164//1164 1216//1216 1163//1163
f 1163//1163 1216//1216 1217//1217
f 1163//1163 1217//1217 1162//1162
f 1162//1162 1217//1217 1218//1218
f 1162//1162 1218//1218 1161//1161
f 1161//1161 1218//1218 1219//1219
f 1161//1161 1219//1219 1160//1160
f 1160//1160 1219//1219 1220//1220
f 1160//1160 1220//1220 1185//1185
f 1221//1221 1212//1212 1211//1211
f 1221//1221 1211//1211 1222//1222
f 1222//1222 1211//1211 1210//1210
f 1222//1222 1210//1210 1223//1223
f 1223//1223 1210//1210 1209//1209
f 1223//1223 1209//1209 1224//1224
f 1224//1224 1209//1209 1208//1208
f 1224//1224 1208//1208 1225//1225
f 1225//1225 1208//1208 1207//1207
f 1225//1225 1207//1207 1226//1226
f 1226//1226 1207//1207 1206//1206
f 1226//1226 1206//1206 1227//1227
f 1227//1227 1206//1206 1205//1205
f 1227//1227 1205//1205 1228//1228
f 1228//1228 1205//1205 1204//1204
f 1228//1228 1204//1204 1229//1229
f 1229//1229 1204//1204 1203//1203
f 1229//1229 1203//1203 1230//1230
f 1230//1230 1203//1203 1202//1202
f 1230//1230 1202//1202 1231//1231
f 1231//1231 1202//1202 1201//1201
f 1231//1231 1201//1201 1232//1232
f 1232//1232 1201//1201 1200//1200
f 1232//1232 1200//1200 1233//1233
f 1233//1233 1200//1200 1199//1199
f 1233//1233 1199//1199 1234//1234
f 1234//1234 1199//1199 1198//1198
f 1234//1234 1198//1198 1235//1235
f 1235//1235 1198//1198 1197//1197
f 1235//1235 1197//1197 1236//1236
f 1236//1236 1197//1197 1196//1196
f 1236//1236 1196//1196 1237//1237
f 1237//1237 1196//1196 1195//1195
f 1237//1237 1195//1195 1238//1238
f 1238//1238 1195//1195 1194//1194
f 1238//1238 1194//1194 1239//1239
f 1239//1239 1194//1194 1193//1193
f 1239//1239 1193//1193 1240//1240
f 1240//1240 1193//1193 1192//1192
f 1240//1240 1192//1192 1241//1241
f 1241//1241 1192//1192 1191//1191
f 1241//1241 1191//1191 1242//1242
f 1242//1242 1191//1191 1190//1190
f 1242//1242 1190//1190 1243//1243
f 1243//1243 1190//1190 1189//1189
f 1243//1243 1189//1189 1244//1244
f 1244//1244 1189//1189 1188//1188
f 1244//1244 1188//1188 1245//1245
f 1245//1245 1188//1188 1187//1187
f 1245//1245 1187//1187 1246//1246
f 1246//1246 1187//1187 1186//1186
f 1246//1246 1186//1186 1247//1247
f 1247//1247 1186//1186 1185//1185
f 1247//1247 1185//1185 1248//1248
f 1248//1248 1185//1185 1220//1220
f 1248//1248 1220//1220 1249//1249
f 1249//1249 1220//1220 1219//1219
f 1249//1249 1219//1219 1250//1250
f 1250//1250 1219//1219 1218//1218
f 1250//1250 1218//1218 1251//1251
f 1251//1251 1218//1218 1217//1217
f 1251//1251 1217//1217 1252//1252
f 1252//1252 1217//1217 1216//1216
f 1252//1252 1216//1216 1253//1253
f 1253//1253 1216//1216 1215//1215
f 1253//1253 1215//1215 1254//1254
f 1254//1254 1215//1215 1214//1214
f 1254//1254 1214//1214 1255//1255
f 1255//1255 1214//1214 1213//1213
f 1255//1255 1213//1213 1256//1256
f 1256//1256 1213//1213 1212//1212
f 1256//1256 1212//1212 1221//1221
f 1257//1257 1225//1225 1258//1258
f 1258//1258 1225//1225 1226//1226
f 1258//1258 1226//1226 1259//1259
f 1259//1259 1226//1226 1227//1227
f 1259//1259 1227//1227 1260//1260
f 1260//1260 1227//1227 1228//1228
f 1260//1260 1228//1228 1261//1261
f 1261//1261 1228//1228 1229//1229
f 1261//1261 1229//1229 1262//1262
f 1262//1262 1229//1229 1230//1230
f 1262//1262 1230//1230 1263//1263
f 1263//1263 1230//1230 1231//1231
f 1263//1263 1231//1231 1264//1264
f 1264//1264 1231//1231 1232//1232
f 1264//1264 1232//1232 1265//1265
f 1266//1266 1253//1253 1267//1267
f 1267//1267 1253//1253 1254//1254
f 1267//1267 1254//1254 1268//1268
f 1268//1268 1254//1254 1255//1255
f 1268//1268 1255//1255 1269//1269
f 1269//1269 1255//1255 1256//1256
f 1269//1269 1256//1256 1270//1270
f 1270//1270 1256//1256 1221//1221
f 1270//1270 1221//1221 1271//1271
f 1271//1271 1221//1221 1222//1222
f 1271//1271 1222//1222 1272//1272
f 1272//1272 1222//1222 1223//1223
f 1272//1272 1223//1223 1257//1257
f 1257//1257 1223//1223 1224//1224
f 1257//1257 1224//1224 1225//1225
f 1232//1232 1233//1233 1265//1265
f 1265//1265 1233//1233 1234//1234
f 1265//1265 1234//1234 1273//1273
f 1273//1273 1234//1234 1235//1235
f 1273//1273 1235//1235 1274//1274
f 1274//1274 1235//1235 1236//1236
f 1274//1274 1236//1236 1275//1275
f 1275//1275 1236//1236 1237//1237
f 1275//1275 1237//1237 1276//1276
f 1276//1276 1237//1237 1238//1238
f 1276//1276 1238//1238 1277//1277
f 1277//1277 1238//1238 1239//1239
f 1277//1277 1239//1239 1278//1278
f 1278//1278 1239//1239 1240//1240
f 1278//1278 1240//1240 1279//1279
f 1279//1279 1240//1240 1241//1241
f 1279//1279 1241//1241 1280//1280
f 1280//1280 1241//1241 1242//1242
f 1280//1280 1242//1242 1281//1281
f 1242//1242 1243//1243 1281//1281
f 1281//1281 1243//1243 1244//1244
f 1281//1281 1244//1244 1282//1282
f 1282//1282 1244//1244 1245//1245
f 1282//1282 1245//1245 1283//1283
f 1283//1283 1245//1245 1246//1246
f 1283//1283 1246//1246 1284//1284
f 1284//1284 1246//1246 1247//1247
f 1284//1284 1247//1247 1285//1285
f 1285//1285 1247//1247 1248//1248
f 1285//1285 1248//1248 1286//1286
f 1286//1286 1248//1248 1249//1249
f 1286//1286 1249//1249 1287//1287
f 1287//1287 1249//1249 1250//1250
f 1287//1287 1250//1250 1288//1288
f 1288//1288 1250//1250 1251//1251
f 1288//1288 1251//1251 1266//1266
f 1266//1266 1251//1251 1252//1252
f 1266//1266 1252//1252 1253//1253
f 1289//1289 1277//1277 1278//1278
f 1289//1289 1278//1278 1290//1290
f 1290//1290 1278//1278 1279//1279
f 1290//1290 1279//1279 1291//1291
f 1291//1291 1279//1279 1280//1280
f 1291//1291 1280//1280 1292//1292
f 1292//1292 1280//1280 1281//1281
f 1292//1292 1281//1281 1293//1293
f 1293//1293 1281//1281 1282//1282
f 1293//1293 1282//1282 1294//1294
f 1294//1294 1282//1282 1283//1283
f 1294//1294 1283//1283 1295//1295
f 1295//1295 1283//1283 1284//1284
f 1295//1295 1284//1284 1296//1296
f 1296//1296 1284//1284 1285//1285
f 1296//1296 1285//1285 1297//1297
f 1297//1297 1285//1285 1286//1286
f 1297//1297 1286//1286 1298//1298
f 1298//1298 1286//1286 1287//1287
f 1298//1298 1287//1287 1299//1299
f 1299//1299 1287//1287 1288//1288
f 1299//1299 1288//1288 1300//1300
f 1300//1300 1288//1288 1266//1266
f 1300//1300 1266//1266 1301//1301
f 1301//1301 1266//1266 1267//1267
f 1301//1301 1267//1267 1302//1302
f 1302//1302 1267//1267 1268//1268
f 1302//1302 1268//1268 1303//1303
f 1303//1303 1268//1268 1269//1269
f 1303//1303 1269//1269 1304//1304
f 1304//1304 1269//1269 1270//1270
f 1304//1304 1270//1270 1305//1305
f 1305//1305 1270//1270 1271//1271
f 1305//1305 1271//1271 1306//1306
f 1306//1306 1271//1271 1272//1272
f 1306//1306 1272//1272 1307//1307
f 1307//1307 1272//1272 1257//1257
f 1307//1307 1257//1257 1308//1308
f 1308//1308 1257//1257 1258//1258
f 1308//1308 1258//1258 1309//1309
f 1309//1309 1258//1258 1259//1259
f 1309//1309 1259//1259 1310//1310
f 1310//1310 1259//1259 1260//1260
f 1310//1310 1260//1260 1311//1311
f 1311//1311 1260//1260 1261//1261
f 1311//1311 1261//1261 1312//1312
f 1312//1312 1261//1261 1262//1262
f 1312//1312 1262//1262 1313//1313
f 1313//1313 1262//1262 1263//1263
f 1313//1313 1263//1263 1314//1314
f 1314//1314 1263//1263 1264//1264
f 1314//1314 1264//1264 1315//1315
f 1315//1315 1264//1264 1265//1265
f 1315//1315 1265//1265 1316//1316
f 1316//1316 1265//1265 1273//1273
f 1316//1316 1273//1273 1317//1317
f 1317//1317 1273//1273 1274//1274
f 1317//1317 1274//1274 1318//1318
f 1318//1318 1274//1274 1275//1275
f 1318//1318 1275//1275 1319//1319
f 1319//1319 1275//1275 1276//1276
f 1319//1319 1276//1276 1320//1320
f 1320//1320 1276//1276 1277//1277
f 1320//1320 1277//1277 1289//1289
f 1305//1305 1306//1306 1293//1293
f 1294//1294 1295//1295 1303//1303
f 1303//1303 1295//1295 1296//1296
f 1309//1309 1310//1310 1293//1293
f 1293//1293 1310//1310 1311//1311
f 1311//1311 1312//1312 1293//1293
f 1293//1293 1312//1312 1313//1313
f 1293//1293 1313//1313 1314//1314
f 1294//1294 1303//1303 1293//1293
f 1293//1293 1303//1303 1304//1304
f 1293//1293 1304//1304 1305//1305
f 1306//1306 1307//1307 1293//1293
f 1293//1293 1307//1307 1308//1308
f 1293//1293 1308//1308 1309//1309
f 1314//1314 1315//1315 1293//1293
f 1293//1293 1315//1315 1316//1316
f 1293//1293 1316//1316 1317//1317
f 1296//1296 1297//1297 1303//1303
f 1303//1303 1297//1297 1298//1298
f 1303//1303 1298//1298 1299//1299
f 1299//1299 1300//1300 1303//1303
f 1303//1303 1300//1300 1301//1301
f 1303//1303 1301//1301 1302//1302
f 1317//1317 1318//1318 1293//1293
f 1293//1293 1318//1318 1319//1319
f 1293//1293 1319//1319 1292//1292
f 1292//1292 1319//1319 1320//1320
f 1320//1320 1289//1289 1292//1292
f 1292//1292 1289//1289 1290//1290
f 1292//1292 1290//1290 1291//1291
# 2510 faces, 0 coords texture

# End of File
