####
#
# OBJ File Generated by Meshlab
#
####
# Object gripper_link.obj
#
# Vertices: 1362
# Faces: 2708
#
####
vn -2.9452430912728080 -3.1137005134213900 0.2822242785128791
v -0.0156500060111284 -0.0541579052805901 0.0200791209936142
vn -2.9452393911398866 3.1089303900712100 0.3306571658719478
v -0.0156499929726124 0.0538388267159462 0.0209196377545595
vn -2.9452402396138191 -3.1089296489840876 -0.3306571277551567
v -0.0156500060111284 -0.0538388229906559 -0.0209196377545595
vn -2.9452422414968429 3.1137010314171016 -0.2822244541438524
v -0.0156499929726124 0.0541579090058804 -0.0200791209936142
vn -2.7488943343442713 2.1956473059395418 -2.1617352516916624
v -0.0156499929726124 0.0527210012078285 -0.0236259438097477
vn -2.7488935254100793 1.2012543274827214 -2.8374201287019365
v -0.0156499929726124 0.0511073693633080 -0.0247223991900682
vn -2.9452427470065863 0.3306534081452136 -3.1089313725548902
v -0.0156499929726124 0.0491969734430313 -0.0251178815960884
vn -2.7488947144077867 -2.1956471815505814 2.1617354417451340
v -0.0156500060111284 -0.0527209974825382 0.0236259438097477
vn -2.7488936044599406 -1.2012543812943222 2.8374201175620790
v -0.0156500060111284 -0.0511073656380177 0.0247223991900682
vn -2.7488939405557078 -2.8557733267498095 1.1569459840310663
v -0.0156500060111284 -0.0537922047078609 0.0219954419881105
vn -2.9452428372468180 -0.3306527806178212 3.1089305778368668
v -0.0156500060111284 -0.0491969697177410 0.0251178815960884
vn -2.9452433056884542 0.2822231256560567 3.1137014675966208
v -0.0156499929726124 0.0488000623881817 0.0258805733174086
vn -2.7488933800245872 1.1569443142527431 2.8557738779539608
v -0.0156499929726124 0.0507163815200329 0.0255148746073246
vn -2.7488930203994606 2.1617352606247224 2.1956467320853115
v -0.0156499929726124 0.0523468852043152 0.0244436673820019
vn -2.7488966235701304 2.8374200370392320 1.2012571119384605
v -0.0156499929726124 0.0534433387219906 0.0228300355374813
vn -2.7488931611720311 2.8557732517590617 -1.1569459113391161
v -0.0156499929726124 0.0537922084331512 -0.0219954419881105
vn -2.9452433827110598 -0.2822220118558721 -3.1137020119485426
v -0.0156500041484833 -0.0488000586628914 -0.0258805733174086
vn -2.7488936957694894 -1.1569414288715909 -2.8557712247697582
v -0.0156500060111284 -0.0507163777947426 -0.0255148746073246
vn -2.7488936103696626 -2.1617352589991592 -2.1956468365128514
v -0.0156500060111284 -0.0523468814790249 -0.0244436673820019
vn -2.7488973979449427 -2.8374201097303602 -1.2012571869287978
v -0.0156500060111284 -0.0534433349967003 -0.0228300355374813
vn 0.0000000877080312 6.2274002154569486 -0.5644536918487638
v -0.0019999959040433 0.0541579090058804 -0.0200791209936142
vn 0.0000003963459109 5.7115483813192416 -2.3138938665610156
v -0.0019999959040433 0.0537922047078609 -0.0219954419881105
vn 0.0000013176181510 4.3912962236694391 -4.3234671706801047
v -0.0019999961368740 0.0527210012078285 -0.0236259438097477
vn 0.0000041173146904 2.4025087184309011 -5.6748386730048557
v -0.0019999961368740 0.0511073693633080 -0.0247223991900682
vn 0.0000000111903253 0.6613049575777206 -6.2178621024222771
v -0.0019999963697046 0.0491969697177410 -0.0251178815960884
vn 0.0000000002939506 -0.5644445243662423 -6.2274021952756771
v -0.0020000087097287 -0.0488000586628914 -0.0258805733174086
vn -0.0000002426508946 -2.3138876151354335 -5.7115478004311058
v -0.0020000089425594 -0.0507163815200329 -0.0255148746073246
vn -0.0000005899702131 -4.3234705030659297 -4.3912933062283930
v -0.0020000091753900 -0.0523468852043152 -0.0244436673820019
vn -0.0000007743750267 -5.6748402566320486 -2.4025084720163910
v -0.0020000091753900 -0.0534433387219906 -0.0228300355374813
vn -0.0000003818538907 -6.2178610428201289 -0.6613087799953155
v -0.0020000094082206 -0.0538388229906559 -0.0209196377545595
vn -0.0000007620677601 -6.2274001671444017 0.5644537274604022
v -0.0020000094082206 -0.0541579090058804 0.0200791209936142
vn -0.0000003830379739 -5.7115482445210271 2.3138936810794495
v -0.0020000091753900 -0.0537922047078609 0.0219954419881105
vn -0.0000002733168495 -4.3912946188172270 4.3234685962865891
v -0.0020000091753900 -0.0527210012078285 0.0236259438097477
vn -0.0000002191613953 -2.4025060504592437 5.6748418946297159
v -0.0020000089425594 -0.0511073656380177 0.0247223991900682
vn -0.0000000000000160 -0.6613061312940335 6.2178619209137951
v -0.0020000087097287 -0.0491969697177410 0.0251178815960884
vn 0.0000000773166593 0.5644444601941281 6.2274021666200827
v -0.0019999963697046 0.0488000586628914 0.0258805733174086
vn 0.0000000730965438 2.3138875220948747 5.7115479256035142
v -0.0019999961368740 0.0507163815200329 0.0255148746073246
vn -0.0000000000000162 4.3234707424526251 4.3912936804387748
v -0.0019999961368740 0.0523468852043152 0.0244436673820019
vn -0.0000000000000990 5.6748407628654745 2.4025087276760635
v -0.0019999959040433 0.0534433387219906 0.0228300355374813
vn 0.0000004666201714 6.2178611194714417 0.6613087133531539
v -0.0019999959040433 0.0538388229906559 0.0209196377545595
vn -5.4516586164192944 -2.1151942883214363 0.1830495421546121
v -0.0029499898664653 0.0522366799414158 -0.0186440292745829
vn -2.3075241959933148 -5.4229964573359215 0.5023125327301949
v -0.0026499922387302 0.0519366897642612 -0.0186463650316000
vn -5.4516604080245203 -2.1120865170000584 -0.2159523759986730
v -0.0029499898664653 0.0522117763757706 -0.0154441259801388
vn -2.3075250166729968 -5.4145215560655044 -0.5866644892604904
v -0.0026499922387302 0.0519117861986160 -0.0154464608058333
vn -5.4516586125354927 2.1151953532167731 -0.1830502990625125
v -0.0029500029049814 -0.0522366799414158 0.0186440292745829
vn -2.3075255044648362 5.4229963568597448 -0.5023102879072683
v -0.0026500052772462 -0.0519366897642612 0.0186463650316000
vn -5.4516724588697878 2.1120746984962047 0.2159521344835336
v -0.0029500029049814 -0.0522117763757706 0.0154441259801388
vn -2.3075358598657991 5.4145087090642292 0.5866593384279292
v -0.0026500052772462 -0.0519117824733257 0.0154464608058333
vn -2.2525571024481756 -3.4677461850901854 -4.2437495222327275
v -0.0059499978087842 0.0369118563830853 -0.0036219982430339
vn -2.3705602463661521 -2.4917506417056652 -4.8526268913931005
v -0.0059499978087842 0.0375325642526150 -0.0040381494909525
vn -5.5192072863646882 -1.0029616933413306 -1.7704612959173669
v -0.0029499917291105 0.0360528267920017 -0.0066478210501373
vn -2.2703387144314124 4.8375615299448285 -2.5416877309014931
v -0.0059499968774617 0.0445203818380833 -0.0018229909474030
vn -2.3647624202995217 5.2421785154865850 -1.4862651485160860
v -0.0059499968774617 0.0447104163467884 -0.0013621801044792
vn -5.5196702367430621 1.9172008073954288 -0.6803067896236160
v -0.0029499903321266 0.0475373975932598 -0.0023662699386477
vn -2.3771225197913530 5.4708245658024142 0.0425781115275445
v -0.0059499968774617 0.0449986383318901 0.0003502155886963
vn -5.5222800843200908 2.0315644553566710 0.0158112756518116
v -0.0029499903321266 0.0479985475540161 0.0003735632635653
vn -2.3693252105134368 4.2712728187710463 -3.4039023862556834
v -0.0059499968774617 0.0438539087772369 -0.0028727289754897
vn -5.5121811172187787 1.5819323239212835 -1.2934528866403510
v -0.0029499905649573 0.0461669787764549 -0.0047831479460001
vn -2.2947906570490590 3.4803083353018236 -4.1850391961250049
v -0.0059499968774617 0.0431465655565262 -0.0035734747070819
vn -5.5071362080277870 1.0338536205166304 -1.7693812358577330
v -0.0029499907977879 0.0440525859594345 -0.0065855602733791
vn -2.3803434877170635 2.5735630371415872 -4.8002902224786350
v -0.0059499968774617 0.0425324141979218 -0.0039992369711399
vn -2.2971554085029178 1.5856504860167133 -5.2044543995741144
v -0.0059499973431230 0.0411492995917797 -0.0045545306056738
vn -5.5165440843568270 0.3645203108579113 -2.0053724138525437
v -0.0029499910306185 0.0414492487907410 -0.0075561092235148
vn -2.3533571725832632 0.5514080320529974 -5.4137792714167912
v -0.0059499973431230 0.0409053266048431 -0.0046058297157288
vn -5.5206920493693490 -0.3371557772697185 -2.0051159207137146
v -0.0029499914962798 0.0386709608137608 -0.0075777317397296
vn -2.3533590188381548 -0.4670857538535930 -5.4217059637129967
v -0.0059499973431230 0.0391688980162144 -0.0046193441376090
vn -2.2858926012373475 -1.5188937597458343 -5.2347295422093119
v -0.0059499973431230 0.0389241576194763 -0.0045718480832875
vn -2.3602626465955967 -4.1854510876136528 -3.5203495927013733
v -0.0059499978087842 0.0361936949193478 -0.0029323468916118
vn -5.5142680423408326 -1.5478700280155229 -1.3303940778541763
v -0.0029499921947718 0.0339106395840645 -0.0048785367980599
vn -2.2956079161915506 -4.7896057415095594 -2.5841164440933273
v -0.0059499978087842 0.0355109646916389 -0.0018931094091386
vn -5.5130814732386142 -1.9165567933190530 -0.7054077259139265
v -0.0029499921947718 0.0325027704238892 -0.0024832813069224
vn -2.3647670270906769 -5.2184101585180134 -1.5676874639681075
v -0.0059499978087842 0.0353137776255608 -0.0014353123260662
vn -5.5222800756084887 -2.0315638712976463 -0.0158107745781926
v -0.0029499924276024 0.0319990329444408 0.0002490421757102
vn -2.3771205082392011 -5.4708243589058503 -0.0425769753981566
v -0.0059499978087842 0.0349989421665668 0.0002723898796830
vn -2.2525550439423991 3.4677439280009694 4.2437488372986358
v -0.0059499968774617 0.0430857203900814 0.0042446036823094
vn -2.3705615925837873 2.4917586492694097 4.8526238145962308
v -0.0059499968774617 0.0424650162458420 0.0046607549302280
vn -5.5192065840202611 1.0029635729909963 1.7704621157147209
v -0.0029499907977879 0.0439447499811649 0.0072704264894128
vn -2.2703433671830271 -4.8375597176332015 2.5416951350492818
v -0.0059499978087842 0.0354771949350834 0.0024455962702632
vn -2.3647661787729990 -5.2421809742543122 1.4862613080815221
v -0.0059499978087842 0.0352871604263783 0.0019847855437547
vn -5.5196699378750571 -1.9172007151647044 0.6803061792316869
v -0.0029499921947718 0.0324601829051971 0.0029888753779233
vn -2.3693238171875453 -4.2712739187182240 3.4038984505355621
v -0.0059499978087842 0.0361436717212200 0.0034953344147652
vn -5.5121824237249735 -1.5819311233007554 1.2934512913294371
v -0.0029499921947718 0.0338305979967117 0.0054057533852756
vn -2.2947946814747575 -3.4803079118578815 4.1850402994075662
v -0.0059499978087842 0.0368510112166405 0.0041960803791881
vn -5.5071366271101292 -1.0338514934446277 1.7693807138500484
v -0.0029499917291105 0.0359449908137321 0.0072081657126546
vn -2.3803419428877306 -2.5735542655108405 4.8002937488133810
v -0.0059499978087842 0.0374651663005352 0.0046218424104154
vn -2.2971560339144315 -1.5856495366137300 5.2044541311091796
v -0.0059499973431230 0.0388482809066772 0.0051771360449493
vn -5.5165441272432396 -0.3645183756439606 2.0053732436407423
v -0.0029499914962798 0.0385483317077160 0.0081787146627903
vn -2.3533572290931479 -0.5514078699640238 5.4137792328344165
v -0.0059499973431230 0.0390922538936138 0.0052284351550043
vn -5.5206920646632192 0.3371575740454228 2.0051154698908369
v -0.0029499910306185 0.0413266196846962 0.0082003371790051
vn -2.3533588302923225 0.4670857696091547 5.4217061337128634
v -0.0059499973431230 0.0408286824822426 0.0052419495768845
vn -2.2858919903254042 1.5188946699542196 5.2347298122269654
v -0.0059499973431230 0.0410734228789806 0.0051944535225630
vn -2.3602660345011408 4.1854530174612830 3.5203498089672007
v -0.0059499968774617 0.0438038855791092 0.0035549525637180
vn -5.5142669122090222 1.5478716754155877 1.3303948496592843
v -0.0029499905649573 0.0460869371891022 0.0055011422373354
vn -2.2956065313435081 4.7896081087105475 2.5841108724155015
v -0.0059499968774617 0.0444866120815277 0.0025157148484141
vn -5.5130827584316862 1.9165556909857155 0.7054080025589039
v -0.0029499903321266 0.0474948100745678 0.0031058869790286
vn -2.3647660516699300 5.2184079602078457 1.5676917922916624
v -0.0059499968774617 0.0446837991476059 0.0020579176489264
vn -2.2525561087621746 -3.4677472032140324 -4.2437482692429187
v -0.0059500029310584 -0.0030869306065142 -0.0039333007298410
vn -2.3705601846386068 -2.4917558112594307 -4.8526250479888979
v -0.0059500029310584 -0.0024662239011377 -0.0043494524434209
vn -5.5192066880576558 -1.0029620206059586 -1.7704627592233866
v -0.0029499968513846 -0.0039459592662752 -0.0069591235369444
vn -2.2703336246580492 4.8375524612757053 -2.5417028361734353
v -0.0059500019997358 0.0045215925201774 -0.0021342935506254
vn -2.3647659024852890 5.2421784029502705 -1.4862785868738404
v -0.0059500019997358 0.0047116307541728 -0.0016734828241169
vn -5.5196697704004540 1.9172017229650573 -0.6803068919863920
v -0.0029499954544008 0.0075386078096926 -0.0026775726582855
vn -2.3771193890424542 5.4708249911513187 0.0425784802970229
v -0.0059500019997358 0.0049998490139842 0.0000389128435927
vn -5.5222798132750626 2.0315646630520057 0.0158111740187352
v -0.0029499952215701 0.0079997582361102 0.0000622605512035
vn -2.3693237814351713 4.2712757302058222 -3.4038981487103577
v -0.0059500019997358 0.0038551196921617 -0.0031840316951275
vn -5.5121811315453888 1.5819327199520414 -1.2934519793864374
v -0.0029499954544008 0.0061681903898716 -0.0050944508984685
vn -2.2947929625199923 3.4803070632841102 -4.1850412026929780
v -0.0059500019997358 0.0031477787997574 -0.0038847774267197
vn -5.5071366696438950 1.0338530986623100 -1.7693810617342176
v -0.0029499959200621 0.0040537985041738 -0.0068968632258475
vn -2.3803425215813965 2.5735556841201319 -4.8002929891934532
v -0.0059500019997358 0.0025336244143546 -0.0043105394579470
vn -2.2971538804211589 1.5856563981342382 -5.2044517343502648
v -0.0059500024653971 0.0011505088768899 -0.0048658330924809
vn -5.5165438560101592 0.3645196909131712 -2.0053757656156570
v -0.0029499961528927 0.0014504584250972 -0.0078674117103219
vn -2.3533586206670232 0.5514152877894900 -5.4137793536883549
v -0.0059500024653971 0.0009065369958989 -0.0049171326681972
vn -5.5206918874764632 -0.3371560723655873 -2.0051158826778281
v -0.0029499963857234 -0.0013278282713145 -0.0078890342265368
vn -2.3533587902656490 -0.4670847978652832 -5.4217062398490015
v -0.0059500024653971 -0.0008298921748064 -0.0049306470900774
vn -2.2858925938555519 -1.5188948611651545 -5.2347299803848699
v -0.0059500024653971 -0.0010746329789981 -0.0048831510357559
vn -2.3602631745380420 -4.1854488767247648 -3.5203519647398003
v -0.0059500029310584 -0.0038050927687436 -0.0032436496112496
vn -5.5142683225632343 -1.5478691731565333 -1.3303939992459708
v -0.0029499970842153 -0.0060881492681801 -0.0051898392848670
vn -2.2956078399169666 -4.7896039226912830 -2.5841193774067674
v -0.0059500029310584 -0.0044878236949444 -0.0022044121287763
vn -5.5130814054996842 -1.9165568586882848 -0.7054083919929764
v -0.0029499973170459 -0.0074960184283555 -0.0027945840265602
vn -2.3647672772863833 -5.2184091341747214 -1.5676910995289135
v -0.0059500029310584 -0.0046850112266839 -0.0017466150457039
vn -5.5222803094566491 -2.0315634011598327 -0.0158112947260598
v -0.0029499973170459 -0.0079997573047876 -0.0000622605439276
vn -2.3771208454811754 -5.4708242965923395 -0.0425785103808445
v -0.0059500029310584 -0.0049998476170003 -0.0000389128326788
vn -2.2525556742480339 3.4677473166556463 4.2437489293781994
v -0.0059500019997358 0.0030869322363287 0.0039333011955023
vn -2.3705595966760815 2.4917549454386796 4.8526253651388229
v -0.0059500019997358 0.0024662255309522 0.0043494524434209
vn -5.5192065399518793 1.0029634465855664 1.7704624544379268
v -0.0029499959200621 0.0039459601975977 0.0069591235369444
vn -2.2703356667499919 -4.8375516975363055 2.5417029335738750
v -0.0059500029310584 -0.0045215911231935 0.0021342935506254
vn -2.3647678053414496 -5.2421776181336650 1.4862785566398706
v -0.0059500029310584 -0.0047116293571889 0.0016734828241169
vn -5.5196703978736954 -1.9172001340022553 0.6803066226683810
v -0.0029499973170459 -0.0075386073440313 0.0026775726582855
vn -2.3693251625490950 -4.2712750424853771 3.4038979140403178
v -0.0059500029310584 -0.0038551180623472 0.0031840316951275
vn -5.5121816777148567 -1.5819312705177173 1.2934520777387033
v -0.0029499970842153 -0.0061681899242103 0.0050944508984685
vn -2.2947937487516814 -3.4803070343547926 4.1850406469564252
v -0.0059500029310584 -0.0031477771699429 0.0038847774267197
vn -5.5071369509500290 -1.0338515385275924 1.7693812076527542
v -0.0029499968513846 -0.0040537980385125 0.0068968632258475
vn -2.3803428045522601 -2.5735554245534900 4.8002932818815287
v -0.0059500029310584 -0.0025336230173707 0.0043105394579470
vn -2.2971544991692281 -1.5856557274511016 5.2044515156313738
v -0.0059500024653971 -0.0011505073634908 0.0048658330924809
vn -5.5165439269284740 -0.3645184476910064 2.0053734239603500
v -0.0029499963857234 -0.0014504576101899 0.0078674117103219
vn -2.3533587441218069 -0.5514153674790433 5.4137793016677600
v -0.0059500024653971 -0.0009065355407074 0.0049171326681972
vn -5.5206918890758025 0.3371572512976992 2.0051171707031004
v -0.0029499961528927 0.0013278290862218 0.0078890342265368
vn -2.3533586170276899 0.4670847964068126 5.4217063523097195
v -0.0059500024653971 0.0008298936882056 0.0049306470900774
vn -2.2858917844837814 1.5188956751076972 5.2347302671252347
v -0.0059500024653971 0.0010746344923973 0.0048831510357559
vn -2.3602618319612323 4.1854500863263802 3.5203513898628782
v -0.0059500019997358 0.0038050941657275 0.0032436498440802
vn -5.5142676797605965 1.5478707502262243 1.3303940293324314
v -0.0029499954544008 0.0060881497338414 0.0051898392848670
vn -2.2956065554465117 4.7896045047387794 2.5841194528176503
v -0.0059500019997358 0.0044878250919282 0.0022044121287763
vn -5.5130810271846409 1.9165581121456801 0.7054085251263321
v -0.0029499954544008 0.0074960193596780 0.0027945840265602
vn -2.3647659827761669 5.2184097092666786 1.5676912423312772
v -0.0059500019997358 0.0046850126236677 0.0017466150457039
vn -5.2096767793825416 2.3272908897830900 0.3448038058770969
v -0.0029499896336347 0.0525388643145561 0.0209095217287540
vn -2.0741515382717046 5.1569043297686976 0.7048619426097437
v -0.0026499920058995 0.0528388507664204 0.0209118556231260
vn -5.3630265143572151 2.2213823515229447 0.0172886234445170
v -0.0029499896336347 0.0527803190052509 -0.0101145403459668
vn -2.0741513339388362 5.1672529719196012 -0.6245066261613615
v -0.0026499920058995 0.0531579367816448 -0.0200869031250477
vn -5.2096789767942804 2.3323743152043033 -0.3085347067833547
v -0.0029499896336347 0.0528579503297806 -0.0200892388820648
vn -5.2096940428041405 0.3085339118823850 2.3323605904002171
v -0.0029499900992960 0.0488101765513420 0.0245806127786636
vn -2.0741632574418096 0.6245068972757557 5.1672387659364096
v -0.0026499924715608 0.0488078407943249 0.0248806029558182
vn -1.9268760322579546 2.4471933819758762 4.3158891122897822
v -0.0026499922387302 0.0508119538426399 0.0243602860718966
vn -5.0563433803994684 1.2027021053258493 2.1210930796297149
v -0.0029499898664653 0.0506639815866947 0.0240993201732635
vn -1.9268811508747468 4.2772738799001955 2.5140695086697447
v -0.0026499922387302 0.0522874034941196 0.0229076240211725
vn -5.0563526072860929 2.1021122500001934 1.2355643685130033
v -0.0029499898664653 0.0520287714898586 0.0227556060999632
vn -2.0741636342134377 -0.7048585504981756 5.1568914057856849
v -0.0026500048115849 -0.0491891875863075 0.0241179112344980
vn -5.2096952588986536 -0.3447967102544521 2.3272748307298978
v -0.0029500024393201 -0.0491868518292904 0.0238179210573435
vn -5.2096945270293507 -2.3323599213729955 0.3085330880472955
v -0.0029500029049814 -0.0528579466044903 0.0200892388820648
vn -2.0741636068730682 -5.1672394684541976 0.6245052090240226
v -0.0026500052772462 -0.0531579367816448 0.0200869031250477
vn -1.9268905087812289 -4.3158695529689624 2.4471857134536421
v -0.0026500052772462 -0.0526376217603683 0.0220910143107176
vn -5.0563707958695332 -2.1210718302794453 1.2026965772646105
v -0.0029500029049814 -0.0523766502737999 0.0219430401921272
vn -1.9268779593791823 -2.5140704547518475 4.2772799826684986
v -0.0026500050444156 -0.0511849559843540 0.0235664639621973
vn -5.0563420220645385 -1.2355738100379414 2.1021150486588813
v -0.0029500026721507 -0.0510329417884350 0.0233078319579363
vn -5.2096767008615918 -2.3272899337780064 -0.3448039742082544
v -0.0029500029049814 -0.0525388643145561 -0.0209095217287540
vn -2.0741515812020261 -5.1569042590620295 -0.7048620471826988
v -0.0026500052772462 -0.0528388507664204 -0.0209118556231260
vn -5.3630262553746704 -2.2213816522055057 -0.0172885983276331
v -0.0029500029049814 -0.0526164956390858 -0.0109348231926560
vn -5.2096937555370797 -0.3085332984350530 -2.3323606639344323
v -0.0029500024393201 -0.0488101765513420 -0.0245806127786636
vn -2.0741634594732847 -0.6245069565378346 -5.1672384601323929
v -0.0026500048115849 -0.0488078407943249 -0.0248806029558182
vn -1.9268844785079398 -2.4471919727069071 -4.3158930117818306
v -0.0026500050444156 -0.0508119501173496 -0.0243602860718966
vn -5.0563444963725699 -1.2026998516914147 -2.1210931420392765
v -0.0029500026721507 -0.0506639778614044 -0.0240993201732635
vn -1.9268804148728786 -4.2772710504573199 -2.5140716494853113
v -0.0026500052772462 -0.0522874034941196 -0.0229076240211725
vn -5.0563516647435911 -2.1021109056522618 -1.2355664202633514
v -0.0029500029049814 -0.0520287714898586 -0.0227556060999632
vn -2.0741635982950846 0.7048590313013801 -5.1568913840404758
v -0.0026499924715608 0.0491891875863075 -0.0241179112344980
vn -5.2096952236365999 0.3447979868669906 -2.3272748744810756
v -0.0029499900992960 0.0491868518292904 -0.0238179210573435
vn -1.9268898034515858 4.3158699055760419 -2.4471872606102716
v -0.0026499922387302 0.0526376217603683 -0.0220910143107176
vn -5.0563720819588642 2.1210708389968382 -1.2026983675074248
v -0.0029499898664653 0.0523766502737999 -0.0219430401921272
vn -1.9268779210081524 2.5140707353290579 -4.2772798895598036
v -0.0026499922387302 0.0511849559843540 -0.0235664639621973
vn -5.0563420906942032 1.2355748131266648 -2.1021150521246965
v -0.0029499898664653 0.0510329417884350 -0.0233078319579363
vn -5.5007587214470330 -1.9106602077048744 -0.7537267595610688
v -0.0029499898664653 0.0519903041422367 -0.0143743036314845
vn -2.3745354594199282 -5.1593076072596658 -1.7810846213308555
v -0.0026499922387302 0.0517140440642834 -0.0144912619143724
vn -2.1940317017769830 -4.6755966158058833 -2.9852693986024059
v -0.0026499922387302 0.0515671297907829 -0.0141991060227156
vn -5.5160545006558959 -1.4018723387684644 -1.4779322558074899
v -0.0029499898664653 0.0513762943446636 -0.0134706702083349
vn -2.3531973163076452 -3.7991924250338878 -3.9527328301928533
v -0.0026499922387302 0.0511658154428005 -0.0136844459921122
vn -5.5074890864619217 -0.7386496806457591 -1.9053470557798491
v -0.0029499900992960 0.0504632107913494 -0.0128707932308316
vn -2.3075286881831607 -0.5023169083064056 -5.4229933778892336
v -0.0026499924715608 0.0493924058973789 -0.0129659930244088
vn -5.4516626749804926 -0.1830500390279109 -2.1151911125771505
v -0.0029499900992960 0.0493900701403618 -0.0126660019159317
vn -2.3745446183844927 -1.7005430688711858 -5.1863991830057801
v -0.0026499924715608 0.0503505654633045 -0.0131488433107734
vn -2.0606533472032429 -3.0512397308538528 -4.7526322726959123
v -0.0026499924715608 0.0506449751555920 -0.0132911913096905
vn -2.3936017760963875 -5.0742261632373271 2.0556917775430428
v -0.0026499922387302 0.0517538413405418 -0.0196045245975256
vn -5.5402781468336126 -1.8591985778484077 0.7532059949288085
v -0.0029499898664653 0.0520318895578384 -0.0197171680629253
vn -2.3936009661430089 -3.9012910891902144 3.8410392125813706
v -0.0026499922387302 0.0512182377278805 -0.0204197764396667
vn -5.5402765938639407 -1.4294366332182833 1.4073595359622793
v -0.0029499898664653 0.0514320135116577 -0.0206302497535944
vn -2.3936085048763638 -2.1344211958650416 5.0416108495745116
v -0.0026499924715608 0.0504114218056202 -0.0209680031985044
vn -5.5402822651287096 -0.7820526375849721 1.8472451872504030
v -0.0029499900992960 0.0505283810198307 -0.0212442651391029
vn -2.3075320594419275 -0.5866592799246032 5.4145143744888689
v -0.0026499924715608 0.0494562238454819 -0.0211657434701920
vn -5.4516663756292152 -0.2159503217409687 2.1120814801168724
v -0.0029499900992960 0.0494585596024990 -0.0214657355099916
vn -2.9452444545309220 -3.1137009324590119 0.2822216701192394
v -0.0011999900452793 0.0519366897642612 -0.0186463650316000
vn -2.9228707704435646 -3.0943782823345507 -0.3930360468668660
v -0.0011999900452793 0.0519117861986160 -0.0154464608058333
vn -5.5007642959690379 0.7537236591809203 -1.9106548697513073
v -0.0029500026721507 -0.0505283772945404 0.0212442651391029
vn -5.4516650951292123 0.2159507086293825 -2.1120830118892986
v -0.0029500024393201 -0.0494585558772087 0.0214657355099916
vn -2.3075310622048271 0.5866627640736293 -5.4145154733696907
v -0.0026500048115849 -0.0494562238454819 0.0211657434701920
vn -2.3745418367014617 1.7810664232455962 -5.1593051371747922
v -0.0026500050444156 -0.0504114180803299 0.0209680031985044
vn -2.1940287956436482 2.9852621585551100 -4.6756060599904989
v -0.0026500050444156 -0.0507035776972771 0.0208210889250040
vn -5.5160441663416355 1.4779440899847711 -1.4018778873263906
v -0.0029500026721507 -0.0514320135116577 0.0206302497535944
vn -2.3531855554682268 3.9527441104087417 -3.7992013731857104
v -0.0026500050444156 -0.0512182377278805 0.0204197764396667
vn -5.5074699763613761 1.9053667218820693 -0.7386612110574098
v -0.0029500029049814 -0.0520318858325481 0.0197171680629253
vn -2.3745275728879474 5.1864136452126601 -1.7005692130184897
v -0.0026500050444156 -0.0517538413405418 0.0196045245975256
vn -2.0606321717304561 4.7526382839483405 -3.0512481712213093
v -0.0026500050444156 -0.0516114905476570 0.0198989342898130
vn -2.9228716690841678 3.1001220958147213 -0.3448223954265425
v -0.0012000029673800 -0.0519366897642612 0.0186463650316000
vn -2.9228753284363127 3.0943801954166310 0.3930331754842407
v -0.0012000029673800 -0.0519117824733257 0.0154464608058333
vn -5.5007598408067997 1.9106594357173079 0.7537250960907865
v -0.0029500029049814 -0.0519903041422367 0.0143743036314845
vn -2.3745362002500570 5.1593129664447641 1.7810748350282977
v -0.0026500050444156 -0.0517140440642834 0.0144912619143724
vn -2.1940257994241930 4.6755986292296567 2.9852751578815631
v -0.0026500050444156 -0.0515671297907829 0.0141991060227156
vn -5.5160454284494707 1.4018868072703670 1.4779441702101157
v -0.0029500026721507 -0.0513762906193733 0.0134706702083349
vn -2.3531894218815959 3.7991970118969602 3.9527391936329015
v -0.0026500050444156 -0.0511658154428005 0.0136844459921122
vn -5.5074905813491002 0.7386511398906884 1.9053433590410700
v -0.0029500026721507 -0.0504632107913494 0.0128707932308316
vn -2.3075286654341731 0.5023174954244285 5.4229933436559286
v -0.0026500048115849 -0.0493924058973789 0.0129659930244088
vn -5.4516626446706926 0.1830526719386350 2.1151971208019562
v -0.0029500024393201 -0.0493900701403618 0.0126660019159317
vn -2.3745455286133978 1.7005555956392320 5.1863960226244785
v -0.0026500050444156 -0.0503505654633045 0.0131488433107734
vn -2.0606603451341963 3.0512309853839481 4.7526233164227456
v -0.0026500050444156 -0.0506449714303017 0.0132911913096905
vn -2.7668944397010495 -3.0774013554226101 -0.0239500526255992
v -0.0079499948769808 0.0349989421665668 0.0002723898796830
vn -2.8131906775639117 -2.7924273243664053 1.3039956489165394
v -0.0079499948769808 0.0354771986603737 0.0024455962702632
vn -2.8292335319336512 -1.9383869654473447 2.3986905589150527
v -0.0079499939456582 0.0368510112166405 0.0041960803791881
vn -2.7804258806346556 -0.6858656024847833 3.0000865747964589
v -0.0079499939456582 0.0388482809066772 0.0051771360449493
vn -2.7804270272822533 0.6390871485337484 3.0103986639563804
v -0.0079499939456582 0.0410734228789806 0.0051944535225630
vn -2.8292363893320247 1.9008169503258248 2.4285701506160735
v -0.0079499939456582 0.0430857203900814 0.0042446036823094
vn -2.8131917353134641 2.7717961771660296 1.3473012035576222
v -0.0079499930143356 0.0444866120815277 0.0025157148484141
vn -2.7668909007715712 3.0774026085132418 0.0239514398469678
v -0.0079499930143356 0.0449986383318901 0.0003502155886963
vn -2.8131864559856283 2.7924293889183494 -1.3039956132956623
v -0.0079499930143356 0.0445203818380833 -0.0018229909474030
vn -2.8292374100635533 1.9383869210735503 -2.3986903853410046
v -0.0079499939456582 0.0431465655565262 -0.0035734747070819
vn -2.7804256133323024 0.6858663192731616 -3.0000862392956913
v -0.0079499939456582 0.0411492995917797 -0.0045545306056738
vn -2.7804272585215344 -0.6390865263056801 -3.0103989434215657
v -0.0079499939456582 0.0389241576194763 -0.0045718480832875
vn -2.8292333863513779 -1.9008161095683054 -2.4285707650265320
v -0.0079499939456582 0.0369118563830853 -0.0036219982430339
vn -2.8131890106908051 -2.7717928938809258 -1.3472998468602631
v -0.0079499948769808 0.0355109646916389 -0.0018931094091386
vn -2.7668938470846447 -3.0774021944498302 -0.0239507594031449
v -0.0079499995335937 -0.0049998476170003 -0.0000389128326788
vn -2.8131900264127445 -2.7924282056752521 1.3039966866651855
v -0.0079499995335937 -0.0045215906575322 0.0021342935506254
vn -2.8292348676846379 -1.9383861656327694 2.3986905189808638
v -0.0079499995335937 -0.0031477769371122 0.0038847774267197
vn -2.7804265503409598 -0.6858650291631225 3.0000854836191211
v -0.0079499995335937 -0.0011505071306601 0.0048658330924809
vn -2.7804263902470057 0.6390877052129069 3.0103987011983926
v -0.0079499986022711 0.0010746347252280 0.0048831510357559
vn -2.8292342083464472 1.9008168128029324 2.4285702844035288
v -0.0079499986022711 0.0030869324691594 0.0039333011955023
vn -2.8131887297334885 2.7717937264713068 1.3473014631906166
v -0.0079499986022711 0.0044878255575895 0.0022044121287763
vn -2.7668931807354991 3.0774021448548980 0.0239509343748628
v -0.0079499986022711 0.0049998494796455 0.0000389128472307
vn -2.8131886462169073 2.7924281785213654 -1.3039962909225709
v -0.0079499986022711 0.0045215929858387 -0.0021342935506254
vn -2.8292343710631358 1.9383863920465048 -2.3986906160727104
v -0.0079499986022711 0.0031477790325880 -0.0038847774267197
vn -2.7804263966012934 0.6858663382865750 -3.0000868083152423
v -0.0079499986022711 0.0011505091097206 -0.0048658330924809
vn -2.7804264185500016 -0.6390864625381876 -3.0103977689784984
v -0.0079499995335937 -0.0010746327461675 -0.0048831510357559
vn -2.8292352979036974 -1.9008169306108891 -2.4285704431311625
v -0.0079499995335937 -0.0030869303736836 -0.0039333007298410
vn -2.8131892284652298 -2.7717935996696816 -1.3473017503177969
v -0.0079499995335937 -0.0044878236949444 -0.0022044121287763
vn -3.4033920620661675 3.0848115157481226 0.4305728206638137
v -0.0019999959040433 0.0528388507664204 0.0209118556231260
vn -3.4033909927993333 3.0911398744144174 -0.3825046951298550
v -0.0019999959040433 0.0531579367816448 -0.0200869031250477
vn -3.6651942275416207 2.6397214914367493 -1.4967751104723688
v -0.0019999961368740 0.0526376217603683 -0.0220910143107176
vn -3.6651896587467609 1.5376776519025981 -2.6161074058649327
v -0.0019999961368740 0.0511849559843540 -0.0235664639621973
vn -3.4033920788426935 0.4305733081212557 -3.0848114952768277
v -0.0019999963697046 0.0491891875863075 -0.0241179112344980
vn -3.4033916206835308 -0.3825055028516051 -3.0911397445280819
v -0.0020000087097287 -0.0488078407943249 -0.0248806029558182
vn -3.6652004411177654 -1.4967755720573972 -2.6397192369657438
v -0.0020000089425594 -0.0508119538426399 -0.0243602860718966
vn -3.6651921639161769 -2.6161049091648385 -1.5376800965559985
v -0.0020000091753900 -0.0522874034941196 -0.0229076240211725
vn -3.4033920620660982 -3.0848108514596344 -0.4305729760130665
v -0.0020000091753900 -0.0528388507664204 -0.0209118556231260
vn -3.4033909927992436 -3.0911391916374038 0.3825048285643985
v -0.0020000091753900 -0.0531579367816448 0.0200869031250477
vn -3.6651942275417770 -2.6397205475388166 1.4967747353791603
v -0.0020000091753900 -0.0526376217603683 0.0220910143107176
vn -3.6651896587467272 -1.5376769119238309 2.6161075413661230
v -0.0020000089425594 -0.0511849559843540 0.0235664639621973
vn -3.4033920788426935 -0.4305724118670659 3.0848115266193483
v -0.0020000087097287 -0.0491891875863075 0.0241179112344980
vn -3.4033916206835308 0.3825063835704134 3.0911397167775720
v -0.0019999963697046 0.0488078407943249 0.0248806029558182
vn -3.6651923008091361 1.4967742360109910 2.6397217354309674
v -0.0019999961368740 0.0508119538426399 0.0243602860718966
vn -3.6651909408185910 2.6161067691128697 1.5376788306219513
v -0.0019999961368740 0.0522874034941196 0.0229076240211725
vn -5.5402831374887285 -0.7820516841187728 1.8472449578956600
v -0.0029499900992960 0.0502567663788795 0.0136546771973372
vn -5.5402823534289674 -1.4294321368073224 1.4073538239176955
v -0.0029499898664653 0.0511604025959969 0.0142686925828457
vn -5.5402674713480646 -1.8592099416991144 0.7532144665847187
v -0.0029499898664653 0.0517602749168873 0.0151817742735147
vn -5.4516586277134458 -2.1151941482769150 0.1830502532139662
v -0.0029499898664653 0.0519650690257549 0.0162549149245024
vn -5.4516720770716729 -2.1120739643374042 -0.2159517012479349
v -0.0029499898664653 0.0519401654601097 0.0194548163563013
vn -5.5402767770780725 -1.8472517906996955 -0.7820532640392672
v -0.0029499898664653 0.0517186932265759 0.0205246396362782
vn -5.5402806796193245 -1.4073556574382768 -1.4294336423813450
v -0.0029499898664653 0.0511046797037125 0.0214282739907503
vn -5.5402794334651899 -0.7532064289735358 -1.8591973818692109
v -0.0029499900992960 0.0501915998756886 0.0220281481742859
vn -5.4516595298177419 -0.1830506279891076 -2.1151943703826919
v -0.0029499900992960 0.0491184592247009 0.0222329404205084
vn -6.2831853071794947 0.0000008953084394 -0.0000000323034678
v -0.0029499900992960 0.0501253940165043 -0.0101352026686072
vn -5.5121809640406401 1.5819337814563521 -1.2934514055429918
v -0.0029500005766749 -0.0338305979967117 -0.0054057533852756
vn -5.5196686970872006 1.9172029801037840 -0.6803065979813880
v -0.0029500003438443 -0.0324601829051971 -0.0029888753779233
vn -5.5222785574520570 2.0315663312819048 0.0158108257073634
v -0.0029500003438443 -0.0319990329444408 -0.0002490421757102
vn -5.5130797259991002 1.9165600254622490 0.7054073986928316
v -0.0029500003438443 -0.0325027704238892 0.0024832813069224
vn -5.5142688553852004 1.5478700369091236 1.3303929084209625
v -0.0029500005766749 -0.0339106358587742 0.0048785367980599
vn -5.5142681951653225 -1.5478691294759854 -1.3303941705662101
v -0.0029500019736588 -0.0460869371891022 -0.0055011422373354
vn -5.5130809166856372 -1.9165572378007374 -0.7054092164310054
v -0.0029500022064894 -0.0474948063492775 -0.0031058867461979
vn -5.5222805892238673 -2.0315629007368154 -0.0158122395565609
v -0.0029500022064894 -0.0479985475540161 -0.0003735632635653
vn -5.5192063818542163 -1.0029620669702937 -1.7704626394858800
v -0.0029500017408282 -0.0439447462558746 -0.0072704264894128
vn -5.5206921249230607 -0.3371559303534765 -2.0051163138491295
v -0.0029500015079975 -0.0413266159594059 -0.0082003371790051
vn -5.5165437947917972 0.3645191542972075 -2.0053718729439822
v -0.0029500010423362 -0.0385483317077160 -0.0081787146627903
vn -5.5071366964014032 -1.0338517932703897 1.7693810106277588
v -0.0029500017408282 -0.0440525859594345 0.0065855602733791
vn -5.5121812307632236 -1.5819309959227315 1.2934531473925786
v -0.0029500019736588 -0.0461669787764549 0.0047831479460001
vn -5.5196706301521310 -1.9171997758166821 0.6803068064974623
v -0.0029500022064894 -0.0475373975932598 0.0023662699386477
vn -5.5192070144574696 1.0029626854250608 1.7704625343670917
v -0.0029500008095056 -0.0360528267920017 0.0066478210501373
vn -5.5206918901344348 0.3371571641021770 2.0051158025858093
v -0.0029500010423362 -0.0386709608137608 0.0075777317397296
vn -5.5165440493276821 -0.3645183372599515 2.0053734961054230
v -0.0029500015079975 -0.0414492450654507 0.0075561092235148
vn -5.5071372345835190 1.0338529484351024 -1.7693811317202868
v -0.0029500008095056 -0.0359449870884418 -0.0072081657126546
vn -5.4516584890815363 -0.2159495049194941 2.1120905061198627
v -0.0029499900992960 0.0491869449615479 0.0134332077577710
vn -5.5007659528639055 0.7537223963915447 -1.9106533006123469
v -0.0029500026721507 -0.0502567663788795 -0.0136546771973372
vn -5.5160546797868193 1.4779384260147845 -1.4018668183264271
v -0.0029500026721507 -0.0511604025959969 -0.0142686925828457
vn -5.5074750725916068 1.9053594479033213 -0.7386639492509330
v -0.0029500029049814 -0.0517602749168873 -0.0151817742735147
vn -5.4516690504678680 2.1151844776004163 -0.1830466119384635
v -0.0029500029049814 -0.0519650690257549 -0.0162549149245024
vn -5.4516596896513096 0.2159515621286034 -2.1120888317209818
v -0.0029500024393201 -0.0491869449615479 -0.0134332077577710
vn -5.4516718658165981 2.1120754456725894 0.2159506423424857
v -0.0029500029049814 -0.0519401654601097 -0.0194548163563013
vn -5.5007597721032706 1.9106599456141768 0.7537243195151737
v -0.0029500029049814 -0.0517186932265759 -0.0205246396362782
vn -5.5160463247690856 1.4018785362309862 1.4779406549867029
v -0.0029500026721507 -0.0511046797037125 -0.0214282739907503
vn -5.5074850492475598 0.7386552172357789 1.9053504707304014
v -0.0029500026721507 -0.0501915998756886 -0.0220281481742859
vn -5.4516594993674987 0.1830519430940990 2.1151944234625102
v -0.0029500024393201 -0.0491184592247009 -0.0222329404205084
vn -2.9228716510274948 -0.3448240012480175 -3.1001215487069276
v -0.0011999902781099 0.0493924058973789 -0.0129659930244088
vn -2.7450217607772762 -1.4977829967218121 -2.6651268899757188
v -0.0011999901616946 0.0506449751555920 -0.0132911913096905
vn -2.7450278400957684 -2.6414937793361082 -1.5390826066776540
v -0.0011999900452793 0.0515671297907829 -0.0141991060227156
vn -2.3075263070115688 0.5866626537749495 -5.4145202008395295
v -0.0026500048115849 -0.0491846092045307 -0.0137331979349256
vn -2.3390172341585429 1.7857135438145666 -5.1590776999161978
v -0.0026500050444156 -0.0501398071646690 -0.0139309400692582
vn -2.1940364518396764 2.9852664068402279 -4.6756021742275760
v -0.0026500050444156 -0.0504319667816162 -0.0140778534114361
vn -2.3040445072485611 3.9540988078938524 -3.8005120518553328
v -0.0026500050444156 -0.0509466230869293 -0.0144791677594185
vn -2.3075368922408552 5.4229833782903620 -0.5023001348237804
v -0.0026500050444156 -0.0516650751233101 -0.0162525791674852
vn -2.3390087112966764 5.1862538360328809 -1.7052486060169729
v -0.0026500050444156 -0.0514822304248810 -0.0152944186702371
vn -2.0606443699432662 4.7526096839010199 -3.0512598215781361
v -0.0026500050444156 -0.0513398759067059 -0.0150000108405948
vn -2.3075353496379614 5.4145103754261079 0.5866569320099480
v -0.0026500050444156 -0.0516401715576649 -0.0194524824619293
vn -2.3390092208193782 5.1590886897897636 1.7857197808777308
v -0.0026500050444156 -0.0514424331486225 -0.0204076804220676
vn -2.1940264778169207 4.6756028419069748 2.9852705080819746
v -0.0026500050444156 -0.0512955188751221 -0.0206998381763697
vn -2.3040366037248714 3.8005250626091343 3.9540992558867023
v -0.0026500050444156 -0.0508942045271397 -0.0212144982069731
vn -2.3075249073973039 0.5023178001584622 5.4229967380808581
v -0.0026500048115849 -0.0491207949817181 -0.0219329502433538
vn -2.3390153774053739 1.7052203814674960 5.1862469292947644
v -0.0026500050444156 -0.0500789545476437 -0.0217500999569893
vn -2.0606611427720622 3.0512291461170076 4.7526242448959355
v -0.0026500050444156 -0.0503733605146408 -0.0216077510267496
vn -2.7488924421869374 -2.8557732122717301 1.1569426409871078
v -0.0011999900452793 0.0517538413405418 -0.0196045245975256
vn -2.7488908740119564 -2.1956441401133144 2.1617374407659913
v -0.0011999901616946 0.0512182377278805 -0.0204197764396667
vn -2.7488980529657447 -1.2012503822807261 2.8374225894693281
v -0.0011999901616946 0.0504114180803299 -0.0209680031985044
vn -2.9452435448060443 -0.3306520830979386 3.1089310231761971
v -0.0011999902781099 0.0494562238454819 -0.0211657434701920
vn -3.5870776711547254 -1.5244113099927827 -2.6360974622907962
v -0.0011999948183075 0.0131045468151569 -0.0133823920041323
vn -0.2230554229339322 -0.3257149183343981 -6.2404122366496635
v -0.0011999949347228 0.0126035194844007 -0.0132523132488132
vn -3.5553967619665263 -1.5385659984219049 2.6379411232177330
v -0.0011999948183075 0.0131662786006927 -0.0213142037391663
vn -3.5553865800361693 -2.6615696748584985 1.4973222642671917
v -0.0011999948183075 0.0135294431820512 -0.0209453403949738
vn -3.3646493481834994 -3.0989135175375075 0.3501673445915595
v -0.0011999948183075 0.0136595238000154 -0.0204443130642176
vn -3.4033919458364865 -3.0848110797675967 -0.4305730046819967
v -0.0011999948183075 0.0136112710461020 -0.0142445005476475
vn -3.6431232959095960 -2.6141872734545739 -1.5435790893250152
v -0.0011999948183075 0.0134734092280269 -0.0137455584481359
vn -0.2230544988597496 -0.4228064989026593 6.2345863610470795
v -0.0011999949347228 0.0126673365011811 -0.0214520655572414
vn -2.3075249298022080 -0.5023172130246444 -5.4229967724610901
v -0.0026499924715608 0.0491207949817181 0.0219329502433538
vn -2.7450273368556033 2.6651284156801629 -1.4977838611439986
v -0.0012000029673800 -0.0516114905476570 0.0198989342898130
vn -2.7450265626401054 1.5390812681971808 -2.6414948697969525
v -0.0012000028509647 -0.0507035776972771 0.0208210889250040
vn -2.9228718960454296 0.3930353406945935 -3.0943789602803773
v -0.0012000026181340 -0.0494562238454819 0.0211657434701920
vn -3.4033938302396107 3.0848112045226648 0.4305755212126758
v -0.0011999981943518 -0.0136112710461020 0.0142445005476475
vn -3.6431197114992133 2.6141886493117230 1.5435802573938027
v -0.0011999981943518 -0.0134734082967043 0.0137455584481359
vn -2.9228716435174498 0.3448246815426539 3.1001215888726046
v -0.0012000026181340 -0.0493924058973789 0.0129659930244088
vn -3.5870790351700665 1.5244130678735608 2.6360963829525779
v -0.0011999980779365 -0.0131045468151569 0.0133823920041323
vn -0.2230548109954004 0.3257142482510238 6.2404124060270521
v -0.0011999980779365 -0.0126035185530782 0.0132523132488132
vn -0.2617973743924059 0.4550225826021895 -6.2263090192001211
v -0.0011999980779365 -0.0126673355698586 0.0214520655572414
vn -3.6651904882327813 1.5376802868021506 -2.6161066727561275
v -0.0011999980779365 -0.0131662776693702 0.0213142037391663
vn -3.6651888301367328 2.6397235705257454 -1.4967735631908452
v -0.0011999981943518 -0.0135294431820512 0.0209453403949738
vn -3.4033929263240932 3.0911396281587953 -0.3825080375332238
v -0.0011999981943518 -0.0136595228686929 0.0204443130642176
vn -2.7450208615186611 1.4977837814262287 2.6651270535052265
v -0.0012000028509647 -0.0506449751555920 0.0132911913096905
vn -2.7450259117453180 2.6414958203006531 1.5390793493876029
v -0.0012000029673800 -0.0515671297907829 0.0141991060227156
vn -2.3480518001963722 -0.6212300295791331 5.4066824298219425
v -0.0026499924715608 0.0491846129298210 0.0137331979349256
vn -2.3075306857999505 -5.4229961001305860 0.5023100150728316
v -0.0026499922387302 0.0516650788486004 0.0162525791674852
vn -2.3823803242924240 -5.0849039205734599 2.0374588735098800
v -0.0026499922387302 0.0514822304248810 0.0152944186702371
vn -2.3682625989869694 -3.8905117547583545 3.8570176277932875
v -0.0026499922387302 0.0509466268122196 0.0144791677594185
vn -2.4529160013745814 -2.0945370456129409 5.0490414489702280
v -0.0026499924715608 0.0501398071646690 0.0139309400692582
vn -2.3075367348866265 -5.4145089300406131 -0.5866588194459804
v -0.0026499922387302 0.0516401715576649 0.0194524824619293
vn -2.3936037861810142 -2.0556922659043502 -5.0742232257017159
v -0.0026499924715608 0.0500789545476437 0.0217500999569893
vn -2.3936053582181227 -3.8410319034237159 -3.9012920124055244
v -0.0026499922387302 0.0508942045271397 0.0212144982069731
vn -2.3936008798451764 -5.0416192728067113 -2.1344154759369292
v -0.0026499922387302 0.0514424331486225 0.0204076804220676
vn -3.6137603713307103 0.0236837147611507 -3.0431397016944608
v -0.0079499939456582 0.0399781651794910 0.0029612223152071
vn -3.6181785054921827 -1.5031175194897379 -2.6453039313425517
v -0.0079499939456582 0.0413058884441853 0.0026165125891566
vn -3.6314050054773501 -2.6239612128972123 -1.5358585900418902
v -0.0079499939456582 0.0422833748161793 0.0016541233053431
vn -3.6415692234091925 -3.0388402428308123 -0.0236541945110240
v -0.0079499939456582 0.0426487103104591 0.0003319265379105
vn -3.6314086499293183 -2.6475474937895331 1.4948291990600453
v -0.0079499939456582 0.0423040017485619 -0.0009957964066416
vn -3.6181773485020661 -1.5441061272414220 2.6215898012975427
v -0.0079499939456582 0.0413416102528572 -0.0019732832442969
vn -3.6137605814822034 -0.0236839507275701 3.0431396641769237
v -0.0079499939456582 0.0400194115936756 -0.0023386168759316
vn -3.6181800975091889 1.5031195945847868 2.6453019531087358
v -0.0079499939456582 0.0386916883289814 -0.0019939071498811
vn -3.6314006659377136 2.6239651807509392 1.5358578177067810
v -0.0079499939456582 0.0377142056822777 -0.0010315178660676
vn -3.6415674522063473 3.0388427943947924 0.0236500946176532
v -0.0079499939456582 0.0373488701879978 0.0002906789013650
vn -3.6313993724472700 2.6475530697487346 -1.4948313924098295
v -0.0079499939456582 0.0376935824751854 0.0016184018459171
vn -3.6181804477505999 1.5441112830504999 -2.6215856401736390
v -0.0079499939456582 0.0386559665203094 0.0025958886835724
vn -3.6137607563734857 -0.0236828436116781 3.0431404772823507
v -0.0079499986022711 0.0000206247987080 -0.0026499195955694
vn -3.6181775454894605 1.5031178835281316 2.6453038197061094
v -0.0079499995335937 -0.0013070980785415 -0.0023052098695189
vn -3.6314054965580604 2.6239625859141724 1.5358572112423940
v -0.0079499995335937 -0.0022845850326121 -0.0013428205857053
vn -3.6415672850551828 3.0388420998920465 0.0236508221769495
v -0.0079499995335937 -0.0026499186642468 -0.0000206237964449
vn -3.6314056597712976 2.6475497411474844 -1.4948300783852990
v -0.0079499995335937 -0.0023052089381963 0.0013070991262794
vn -3.6181773349686441 1.5441092661201101 -2.6215866193673927
v -0.0079499995335937 -0.0013428195379674 0.0022845859639347
vn -3.6137607461245183 0.0236852545304938 -3.0431402347308856
v -0.0079499986022711 -0.0000206228105526 0.0026499195955694
vn -3.6181779645709380 -1.5031173277586651 -2.6453042248719734
v -0.0079499986022711 0.0013071000576019 0.0023052098695189
vn -3.6314059070052433 -2.6239625237600164 -1.5358572999576485
v -0.0079499986022711 0.0022845868952572 0.0013428205857053
vn -3.6415683588823327 -3.0388418546422584 -0.0236508268526980
v -0.0079499986022711 0.0026499207597226 0.0000206238109968
vn -3.6314060795451817 -2.6475496816588211 1.4948301609658146
v -0.0079499986022711 0.0023052108008415 -0.0013070991262794
vn -3.6181777696504587 -1.5441084429355270 2.6215883981414039
v -0.0079499986022711 0.0013428215170279 -0.0022845859639347
vn -2.2525570079631323 3.4677462370834209 4.2437495871224709
v -0.0059500071220100 -0.0369118563830853 0.0036219982430339
vn -2.3705592319100344 2.4917528683412624 4.8526258229232626
v -0.0059500071220100 -0.0375325642526150 0.0040381494909525
vn -2.2703356540683393 -4.8375532591002228 2.5416952497225052
v -0.0059500080533326 -0.0445203781127930 0.0018229909474030
vn -2.3647673232474307 -5.2421744939701522 1.4862835407970789
v -0.0059500080533326 -0.0447104163467884 0.0013621801044792
vn -2.3771228220851333 -5.4708243126819536 -0.0425780923773563
v -0.0059500080533326 -0.0449986383318901 -0.0003502155595925
vn -2.3693277421444097 -4.2712759927578237 3.4038981861116824
v -0.0059500080533326 -0.0438539087772369 0.0028727289754897
vn -2.2947928373887270 -3.4803024370212290 4.1850442061566717
v -0.0059500075876713 -0.0431465655565262 0.0035734747070819
vn -2.3803423868258458 -2.5735551464058557 4.8002930835278033
v -0.0059500075876713 -0.0425324104726315 0.0039992369711399
vn -2.2971558662851561 -1.5856498211621495 5.2044541876464976
v -0.0059500075876713 -0.0411492958664894 0.0045545306056738
vn -2.3533570738861083 -0.5514077110279142 5.4137793673570407
v -0.0059500075876713 -0.0409053228795528 0.0046058297157288
vn -2.3533577550217886 0.4670782406476187 5.4217059248833488
v -0.0059500071220100 -0.0391688980162144 0.0046193441376090
vn -2.2858937045548875 1.5188899311029203 5.2347323477778485
v -0.0059500071220100 -0.0389241538941860 0.0045718480832875
vn -2.3602613026038242 4.1854458268714207 3.5203544509826998
v -0.0059500071220100 -0.0361936949193478 0.0029323468916118
vn -2.2956089063831544 4.7896042656140336 2.5841213669758272
v -0.0059500066563487 -0.0355109609663486 0.0018931095255539
vn -2.3647652089950184 5.2184117659452820 1.5676875862495923
v -0.0059500066563487 -0.0353137739002705 0.0014353123260662
vn -2.3771185334108367 5.4708260146721397 0.0425770275274901
v -0.0059500066563487 -0.0349989384412766 -0.0002723898796830
vn -2.2525565545207704 -3.4677461037870123 -4.2437502523551878
v -0.0059500075876713 -0.0430857203900814 -0.0042446036823094
vn -2.3705588510547093 -2.4917532785181211 -4.8526259968112004
v -0.0059500075876713 -0.0424650125205517 -0.0046607549302280
vn -2.2703334890920193 4.8375532005553357 -2.5417031443707003
v -0.0059500066563487 -0.0354771949350834 -0.0024455962702632
vn -2.3647654083629308 5.2421793871517117 -1.4862788102303499
v -0.0059500066563487 -0.0352871567010880 -0.0019847855437547
vn -2.3693227513426067 4.2712776608810046 -3.4038962767018979
v -0.0059500071220100 -0.0361436679959297 -0.0034953344147652
vn -2.2947953950896189 3.4803036794091442 -4.1850448366802766
v -0.0059500071220100 -0.0368510074913502 -0.0041960799135268
vn -2.3803413513477025 2.5735483014687754 -4.8002955780415375
v -0.0059500071220100 -0.0374651663005352 -0.0046218424104154
vn -2.2971560096814398 1.5856496317681827 -5.2044541114189347
v -0.0059500071220100 -0.0388482809066772 -0.0051771360449493
vn -2.3533573091617077 0.5514082467917064 -5.4137791254736740
v -0.0059500071220100 -0.0390922538936138 -0.0052284351550043
vn -2.3533586357944301 -0.4670855831324249 -5.4217063089939348
v -0.0059500075876713 -0.0408286824822426 -0.0052419495768845
vn -2.2858921190630594 -1.5188970343870793 -5.2347296849231117
v -0.0059500075876713 -0.0410734228789806 -0.0051944535225630
vn -2.3602620713750988 -4.1854509762348249 -3.5203504577981022
v -0.0059500080533326 -0.0438038818538189 -0.0035549523308873
vn -2.2956078386455490 -4.7896059566734488 -2.5841163333383572
v -0.0059500080533326 -0.0444866120815277 -0.0025157148484141
vn -2.3647653822277634 -5.2184083853919434 -1.5676925347958770
v -0.0059500080533326 -0.0446837991476059 -0.0020579176489264
vn 2.3075170633944007 -0.5023194379519607 -5.4230038626798791
v -0.0004999979864806 0.0126035185530782 -0.0132523132488132
vn 2.3075170929977977 0.5866677574932287 -5.4145291368025630
v -0.0005000057280995 -0.0491846129298210 -0.0137331979349256
vn 2.3075162875265649 5.4230017752138453 -0.5023029526888108
v -0.0005000060191378 -0.0516650751233101 -0.0162525791674852
vn 2.3390089275507728 5.1862595992843650 -1.7052155609422857
v -0.0005000060191378 -0.0514822304248810 -0.0152944186702371
vn 2.2575712185998129 4.6805872938566804 -2.8742110334060116
v -0.0005000059609301 -0.0513398796319962 -0.0150000108405948
vn 2.3061227966391264 3.8676619434991051 -3.8876141726465847
v -0.0005000059027225 -0.0509466230869293 -0.0144791677594185
vn 2.1739501121116001 3.0461409995475548 -4.6518177093808060
v -0.0005000058445148 -0.0504319667816162 -0.0140778534114361
vn 2.3390016370169029 1.7857182089906467 -5.1590903376874575
v -0.0005000058445148 -0.0501398071646690 -0.0139309400692582
vn 2.3075183451394556 5.4145263857112198 0.5866539418453470
v -0.0005000060191378 -0.0516401715576649 -0.0194524824619293
vn 2.3075184493155954 0.5023182666022404 5.4230025415150953
v -0.0005000057280995 -0.0491207949817181 -0.0219329502433538
vn 2.3390040883436050 1.7052242676065283 5.1862560646233575
v -0.0005000058445148 -0.0500789545476437 -0.0217500999569893
vn 2.2575660821613672 2.8741913835769268 4.6806001135206738
v -0.0005000058445148 -0.0503733605146408 -0.0216077510267496
vn 2.3061252854494683 3.8876094422592637 3.8676690755447178
v -0.0005000059027225 -0.0508942045271397 -0.0212144982069731
vn 2.1739542830124541 4.6518102725119466 3.0461370509836661
v -0.0005000059609301 -0.0512955188751221 -0.0206998381763697
vn 2.3390089942583412 5.1590885695824884 1.7857206705214537
v -0.0005000060191378 -0.0514424331486225 -0.0204076804220676
vn 2.3075194968613646 -0.5866668690222923 5.4145264300782232
v -0.0004999979864806 0.0126673355698586 -0.0214520655572414
vn 2.3075153226423160 -5.4230057540480106 0.5023174379416292
v -0.0004999978700653 0.0136595238000154 -0.0204443130642176
vn 2.3640888808426164 -5.1863696498070269 1.7023946140856936
v -0.0004999978700653 0.0135863833129406 -0.0208275783807039
vn 2.2980486526771169 -4.6526452373611100 2.8489908600556082
v -0.0004999978700653 0.0135294431820512 -0.0209453403949738
vn 2.3475564526724133 -3.8771979604009870 3.8708896425691961
v -0.0004999978700653 0.0133721418678761 -0.0211536772549152
vn 2.2544447202391269 -2.9763063755925128 4.6169691714223671
v -0.0004999979282729 0.0131662786006927 -0.0213142037391663
vn 2.3640807640455588 -1.7828704742421086 5.1592538154886629
v -0.0004999979282729 0.0130494153127074 -0.0213729683309793
vn 2.3527156181617257 -5.4052314232983596 -0.6272651697292314
v -0.0004999978700653 0.0136112710461020 -0.0142445005476475
vn 2.3640795084826474 -1.7023445527016701 -5.1863811581703123
v -0.0004999979282729 0.0129867829382420 -0.0133254537358880
vn 2.2980608645991523 -2.8489648873388864 -4.6526680490117593
v -0.0004999979282729 0.0131045468151569 -0.0133823920041323
vn 2.4235022456258326 -5.1667159828994169 -1.7384748412183195
v -0.0004999978700653 0.0135321747511625 -0.0138624217361212
vn 2.3447875344889582 -4.5631076667287438 -3.0397063526231944
v -0.0004999978700653 0.0134734092280269 -0.0137455584481359
vn 2.4971443163420743 -3.9210990353794815 -3.7993517496651594
v -0.0004999978700653 0.0133128836750984 -0.0135396951809525
vn 2.3298953014275607 0.7753704348025264 -5.4120921680238032
v -0.0005000011296943 -0.0126673355698586 0.0214520655572414
vn 2.3075184839306391 -0.5023188656748292 -5.4230024546142337
v -0.0004999933880754 0.0491207949817181 0.0219329502433538
vn 2.3298928317576832 5.4235070229712310 -0.6910437157745073
v -0.0005000012461096 -0.0136595228686929 0.0204443130642176
vn 2.4383417400667504 4.7608209196849298 -2.6994767818291043
v -0.0005000012461096 -0.0135294431820512 0.0209453403949738
vn 2.4383454226579246 2.7732573472266719 -4.7182225983167587
v -0.0005000011879019 -0.0131662786006927 0.0213142037391663
vn 2.3527172762771902 5.4052308829681621 0.6272659773857645
v -0.0005000012461096 -0.0136112710461020 0.0142445005476475
vn 2.3075174142896526 0.5023191889112878 5.4230038820271860
v -0.0005000011296943 -0.0126035185530782 0.0132523132488132
vn 2.3640801792755886 1.7023435435124985 5.1863811910170092
v -0.0005000011296943 -0.0129867829382420 0.0133254537358880
vn 2.2980609136576318 2.8489642227936494 4.6526683889477471
v -0.0005000011879019 -0.0131045468151569 0.0133823920041323
vn 2.4235077231946165 5.1667112029745628 1.7384904794928295
v -0.0005000012461096 -0.0135321747511625 0.0138624217361212
vn 2.3447862823458085 4.5630996230189256 3.0397117255618697
v -0.0005000012461096 -0.0134734082967043 0.0137455584481359
vn 2.4971486907726370 3.9211030173602937 3.7993462835743208
v -0.0005000011879019 -0.0133128836750984 0.0135396951809525
vn 2.3298920174066562 -0.7753762354883642 5.4120948120923016
v -0.0004999933880754 0.0491846129298210 0.0137331979349256
vn 2.2959023403736643 -5.4300761770632491 0.6639628483923911
v -0.0004999930970371 0.0516650751233101 0.0162525791674852
vn 2.3567836467769467 -4.9299772040991048 2.3987633351325428
v -0.0004999930970371 0.0513398796319962 0.0150000108405948
vn 2.2247927433967276 -3.9595944438243111 3.9371057583435025
v -0.0004999931552447 0.0509466268122196 0.0144791677594185
vn 2.4256364015314986 -2.4729257707121217 4.8809496168875874
v -0.0004999932134524 0.0504319667816162 0.0140778534114361
vn 2.3075179931869085 -5.4145267024157189 -0.5866539752699453
v -0.0004999930970371 0.0516401715576649 0.0194524824619293
vn 2.3935909918693419 -2.0556988175715363 -5.0742318075734287
v -0.0004999932716601 0.0500789545476437 0.0217500999569893
vn 2.3935920537618305 -3.8410385278298476 -3.9013009468382558
v -0.0004999931552447 0.0508942045271397 0.0212144982069731
vn 2.3935983369099150 -5.0416202432514474 -2.1344182285807611
v -0.0004999930970371 0.0514424331486225 0.0204076804220676
vn 2.4136602980137436 5.4763183061133764 0.0426201330416732
v -0.0029499917291105 0.0373488664627075 0.0002906789013650
vn 2.3382475590899836 5.1110595894099271 1.9266471811161865
v -0.0029499917291105 0.0376202389597893 -0.0008570357458666
vn 2.2996655634380332 4.4807756225985313 3.1399775662038110
v -0.0029499914962798 0.0377142056822777 -0.0010315178660676
vn 2.3291390435595232 3.6329022900371073 4.0904033196824363
v -0.0029499914962798 0.0383627153933048 -0.0017733467975631
vn 2.2781632578870781 2.4910093980252146 4.8925024732545470
v -0.0029499914962798 0.0386916883289814 -0.0019939071498811
vn 2.3181161829954209 1.3137237898704002 5.3203566936174704
v -0.0029499914962798 0.0394292324781418 -0.0022767672780901
vn 2.2528541819072680 -0.0973454402193255 5.5108325070207513
v -0.0029499912634492 0.0400194115936756 -0.0023386168759316
vn 2.3051035724060780 -1.3162989299746739 5.3301443898584102
v -0.0029499912634492 0.0406085550785065 -0.0022675886284560
vn 2.3159911874199661 -2.5831039483534153 4.8077745605962532
v -0.0029499912634492 0.0413416102528572 -0.0019732832442969
vn 2.3438085160923188 -3.6752877145583449 4.0359698330419533
v -0.0029499910306185 0.0416671112179756 -0.0017476292559877
vn 2.4136548257378352 -5.4763186985096759 -0.0426275077057096
v -0.0029499910306185 0.0426487065851688 0.0003319265088066
vn 2.3382380404287897 -5.1404439900302874 1.8468131117306072
v -0.0029499910306185 0.0423952341079712 -0.0008198729483411
vn 2.3166286380941727 -4.5268573873265652 3.0472046164928539
v -0.0029499910306185 0.0423039980232716 -0.0009957964066416
vn 2.3382312329187500 -5.1110855258977068 -1.9265599086717542
v -0.0029499910306185 0.0423773340880871 0.0014796411851421
vn 2.2996825271475725 -4.4808281397789287 -3.1399155172958211
v -0.0029499910306185 0.0422833748161793 0.0016541233053431
vn 2.3291368043043796 -3.6328982130395837 -4.0904070875912755
v -0.0029499910306185 0.0416348613798618 0.0023959521204233
vn 2.2781629443625113 -2.4910100227741045 -4.8925027644465722
v -0.0029499912634492 0.0413058884441853 0.0026165125891566
vn 2.3181159940872229 -1.3137247281765216 -5.3203562620392892
v -0.0029499912634492 0.0405683442950249 0.0028993724845350
vn 2.2528544895931786 0.0973411860801679 -5.5108321200567953
v -0.0029499912634492 0.0399781651794910 0.0029612223152071
vn 2.3051047342620130 1.3163016428839318 -5.3301441276378112
v -0.0029499914962798 0.0393890179693699 0.0028901940677315
vn 2.3159905156905207 2.5831065622195708 -4.8077724265221367
v -0.0029499914962798 0.0386559665203094 0.0025958886835724
vn 2.3438101084556484 3.6752876921355546 -4.0359698837620481
v -0.0029499914962798 0.0383304655551910 0.0023702348116785
vn 2.3382409375905016 5.1404396506010475 -1.8468222810803645
v -0.0029499917291105 0.0376023426651955 0.0014424783876166
vn 2.3166332327525438 4.5268560946435867 -3.0472049450093470
v -0.0029499914962798 0.0376935787498951 0.0016184018459171
vn 2.4136598727504208 5.4763175400073330 0.0426213096511356
v -0.0029499966185540 -0.0026499193627387 -0.0000206238019018
vn 2.3382355178161243 5.1110801654174445 1.9265762518685201
v -0.0029499966185540 -0.0023785463999957 -0.0011683384655043
vn 2.2996799459858703 4.4808184215116036 3.1399263507679414
v -0.0029499966185540 -0.0022845857311040 -0.0013428205857053
vn 2.3291380552358709 3.6328943589768419 4.0904114584650948
v -0.0029499966185540 -0.0016360732261091 -0.0020846494007856
vn 2.2781626019871872 2.4910052515176520 4.8925038961160503
v -0.0029499963857234 -0.0013070987770334 -0.0023052098695189
vn 2.3181168592292702 1.3137249170410703 5.3203562265328017
v -0.0029499963857234 -0.0005695555009879 -0.0025880699977279
vn 2.2528534264948554 -0.0973446419002451 5.5108328012101859
v -0.0029499963857234 0.0000206241729757 -0.0026499195955694
vn 2.3051046412814191 -1.3163032445429432 5.3301436322242424
v -0.0029499961528927 0.0006097696605138 -0.0025788913480937
vn 2.3159897602133879 -2.5831043027896157 4.8077734560390519
v -0.0029499961528927 0.0013428209349513 -0.0022845859639347
vn 2.3438091842460707 -3.6752843830480462 4.0359731860453261
v -0.0029499961528927 0.0016683225985616 -0.0020589320920408
vn 2.4136583986500946 -5.4763181506774288 -0.0426213465746577
v -0.0029499959200621 0.0026499200612307 0.0000206238073588
vn 2.3382346052510146 -5.1404474067622683 1.8467932998738354
v -0.0029499959200621 0.0023964438587427 -0.0011311756679788
vn 2.3166364795817747 -4.5268734868984026 3.0471829586518346
v -0.0029499959200621 0.0023052101023495 -0.0013070991262794
vn 2.3382342372651141 -5.1110806540490898 -1.9265764674938950
v -0.0029499959200621 0.0023785470984876 0.0011683384655043
vn 2.2996790386674411 -4.4808188640072872 -3.1399263017560757
v -0.0029499959200621 0.0022845864295959 0.0013428205857053
vn 2.3291373827317958 -3.6328952279563742 -4.0904109820908090
v -0.0029499961528927 0.0016360739246011 0.0020846494007856
vn 2.2781615965383217 -2.4910060830637644 -4.8925040548089376
v -0.0029499961528927 0.0013070994755253 0.0023052098695189
vn 2.3181167149959161 -1.3137255180756764 -5.3203561063499452
v -0.0029499961528927 0.0005695562576875 0.0025880699977279
vn 2.2528535221441843 0.0973437228358576 -5.5108327439807878
v -0.0029499963857234 -0.0000206234362850 0.0026499195955694
vn 2.3051047703964360 1.3163028679268238 -5.3301437324244549
v -0.0029499963857234 -0.0006097689620219 0.0025788913480937
vn 2.3159906689854237 2.5831034782512141 -4.8077733815186283
v -0.0029499963857234 -0.0013428202364594 0.0022845859639347
vn 2.3438098925223061 3.6752834735620752 -4.0359736787209819
v -0.0029499966185540 -0.0016683219000697 0.0020589320920408
vn 2.3382358673671586 5.1404469365674625 -1.8467930799584025
v -0.0029499966185540 -0.0023964431602508 0.0011311756679788
vn 2.3166374279955728 4.5268730345571537 -3.0471829722751504
v -0.0029499966185540 -0.0023052094038576 0.0013070991262794
vn 2.1137106719767758 5.2288988089383635 -0.4652797346868600
v -0.0009999937610701 0.0541579090058804 -0.0200791209936142
vn 2.1137117809750210 5.2210244539067014 0.5466064879807457
v -0.0009999937610701 0.0538388229906559 0.0209196377545595
vn 2.1137104498867227 0.5466041701452790 -5.2210275250014764
v -0.0009999944595620 0.0491969697177410 -0.0251178815960884
vn 2.0059833064775332 1.9833092458189432 -4.6846808094476886
v -0.0009999942267314 0.0511073656380177 -0.0247223991900682
vn 2.0059806517618428 3.6250873692594983 -3.5690938002559798
v -0.0009999939939007 0.0527210012078285 -0.0236259438097477
vn 2.0059827550755975 4.7149803792729603 -1.9101597547680744
v -0.0009999938774854 0.0537922047078609 -0.0219954419881105
vn 2.1137103823937724 -0.4652729539811277 -5.2289036491728211
v -0.0010000066831708 -0.0488000586628914 -0.0258805733174086
vn 2.1137114588551524 -5.2210248067217009 -0.5466065349695178
v -0.0010000072652474 -0.0538388229906559 -0.0209196377545595
vn 2.0059814556993567 -4.6846781869411274 -1.9833115443851559
v -0.0010000072652474 -0.0534433387219906 -0.0228300355374813
vn 2.0059805147752021 -3.5690977645550639 -3.6250866468642062
v -0.0010000071488321 -0.0523468852043152 -0.0244436673820019
vn 2.0059794283331280 -1.9101540637676984 -4.7149799243819484
v -0.0010000069160014 -0.0507163815200329 -0.0255148746073246
vn 2.1137103559935650 -5.2288991551358688 0.4652797811340883
v -0.0010000072652474 -0.0541579090058804 0.0200791209936142
vn 2.1137100981516506 -0.5466050533897724 5.2210273843621469
v -0.0010000066831708 -0.0491969697177410 0.0251178815960884
vn 2.0059797663970795 -1.9833096916485551 4.6846803389304004
v -0.0010000069160014 -0.0511073656380177 0.0247223991900682
vn 2.0059804284722649 -3.6250877819128275 3.5690937706930241
v -0.0010000071488321 -0.0527210012078285 0.0236259438097477
vn 2.0059825244372869 -4.7149807003649205 1.9101596999891073
v -0.0010000072652474 -0.0537922047078609 0.0219954419881105
vn 2.1137103993729633 0.4652724356137166 5.2289036734454921
v -0.0009999944595620 0.0488000586628914 0.0258805733174086
vn 2.0059816861678170 4.6846778709411234 1.9833115815358942
v -0.0009999938774854 0.0534433387219906 0.0228300355374813
vn 2.0059807444828541 3.5690973293993857 3.6250866806337778
v -0.0009999939939007 0.0523468852043152 0.0244436673820019
vn 2.0059794958457005 1.9101536454857981 4.7149800074665089
v -0.0009999942267314 0.0507163815200329 0.0255148746073246
vn -2.7668904805650105 -3.0774012661425982 -0.0239500563473611
v -0.0079500041902065 -0.0449986383318901 -0.0003502155595925
vn -2.8131919696096648 -2.7924286937544123 1.3039970674935084
v -0.0079500041902065 -0.0445203781127930 0.0018229909474030
vn -2.8292353785966986 -1.9383862447339471 2.3986908418304553
v -0.0079500041902065 -0.0431465655565262 0.0035734747070819
vn -2.7804258520220575 -0.6858656959317556 3.0000865341049372
v -0.0079500041902065 -0.0411492958664894 0.0045545306056738
vn -2.7804263093703696 0.6390881030163740 3.0103980705482729
v -0.0079500041902065 -0.0389241538941860 0.0045718480832875
vn -2.8292343796617856 1.9008172518190458 2.4285713678654139
v -0.0079500032588840 -0.0369118563830853 0.0036219982430339
vn -2.8131869714862665 2.7717928051161822 1.3473021713497670
v -0.0079500032588840 -0.0355109609663486 0.0018931095255539
vn -2.7668944500715820 3.0774024193667424 0.0239500454254414
v -0.0079500032588840 -0.0349989384412766 -0.0002723898796830
vn -2.8131893714473915 2.7924288091801399 -1.3039959899923022
v -0.0079500032588840 -0.0354771949350834 -0.0024455962702632
vn -2.8292326281307449 1.9383867964849244 -2.3986913497991900
v -0.0079500032588840 -0.0368510074913502 -0.0041960799135268
vn -2.7804260271666963 0.6858655789222531 -3.0000860991629437
v -0.0079500041902065 -0.0388482809066772 -0.0051771360449493
vn -2.7804263543355043 -0.6390877464748200 -3.0103984154062018
v -0.0079500041902065 -0.0410734228789806 -0.0051944535225630
vn -2.8292337556460141 -1.9008170412053242 -2.4285699483442031
v -0.0079500041902065 -0.0430857203900814 -0.0042446036823094
vn -2.8131901343265877 -2.7717938676477911 -1.3473021259898970
v -0.0079500041902065 -0.0444866120815277 -0.0025157148484141
vn 5.4516528400553215 0.2159520318890074 -2.1120959869406128
v -0.0000000046925601 -0.0491885021328926 -0.0132332127541304
vn 5.3630310320206878 0.0172878645756402 -2.2213772892547676
v -0.0000000015573309 -0.0240992605686188 -0.0130379488691688
vn 5.4516530472177260 -0.1830531815212967 -2.1152011034222986
v 0.0000000030286755 0.0125996274873614 -0.0127523280680180
vn 5.5108941318432105 1.9039088857043298 -0.7356235561054593
v -0.0000000050388431 -0.0519456453621387 -0.0151066770777106
vn 5.4516531343629104 2.1152012877822446 -0.1830483475014434
v -0.0000000050673421 -0.0521650612354279 -0.0162564702332020
vn 5.5194964601382637 1.4279982182299218 -1.4454670168369415
v -0.0000000049576103 -0.0513029173016548 -0.0141283767297864
vn 5.5201556794493802 0.7782798826829408 -1.8729463331632770
v -0.0000000048360120 -0.0503347404301167 -0.0134705035015941
vn 5.4516535450193189 2.1120954502479585 0.2159486747229432
v -0.0000000050672400 -0.0521401576697826 -0.0194563735276461
vn 5.5108893054711450 0.7356265883088509 1.9039148819043672
v -0.0000000048357331 -0.0502666942775249 -0.0222135148942471
vn 5.4516547334924228 0.1830516098652834 2.1151993171059753
v -0.0000000046922666 -0.0491169020533562 -0.0224329363554716
vn 5.5194972413034886 1.4454625627678406 1.4280008766604408
v -0.0000000049573732 -0.0512449964880943 -0.0215707905590534
vn 5.5201601395033020 1.8729421232117118 0.7782750569643565
v -0.0000000050386677 -0.0519028715789318 -0.0206026118248701
vn 5.4516555814939798 -0.2159549200422936 2.1120926755342673
v 0.0000000030289691 0.0126712275668979 -0.0219520516693592
vn 5.3630340831632681 -0.0172891832064738 2.2213742279621340
v -0.0000000015570374 -0.0240276604890823 -0.0222376715391874
vn 5.5259949865681719 -1.8799070455859426 0.7467781602548897
v 0.0000000032021106 0.0140497982501984 -0.0210153181105852
vn 5.4516505516679299 -2.1152043989317773 0.1830513630149480
v 0.0000000032163601 0.0141595080494881 -0.0204404219985008
vn 5.5279629376819361 -1.4306617243630479 1.4271459071480108
v 0.0000000031614944 0.0137284360826015 -0.0215044692158699
vn 5.5349471436410989 -0.7826844081573907 1.8530710675356243
v 0.0000000031006953 0.0132443467155099 -0.0218334048986435
vn 5.4516523946450661 -2.1120970000058428 -0.2159517759588740
v 0.0000000032161624 0.0141112562268972 -0.0142406094819307
vn 5.5259940971757615 -0.7467794410305258 -1.8799074649219316
v 0.0000000031004090 0.0131745245307684 -0.0128620387986302
vn 5.5279598170681803 -1.4271496822057539 -1.4306634587550811
v 0.0000000031612288 0.0136636747047305 -0.0131834009662271
vn 5.5349488049987645 -1.8530701805253793 -0.7826809030439458
v 0.0000000032018761 0.0139926113188267 -0.0136674903333187
vn 5.4516547480322162 -0.1830529992033924 -2.1151992558493529
v 0.0000000076248154 0.0491169020533562 0.0224329363554716
vn 5.4775508535963109 0.2742872669883061 -2.0720848880009344
v -0.0000000000964205 -0.0126712275668979 0.0219520516693592
vn 5.5920623479242817 0.9763994413208182 -1.6611762189350736
v -0.0000000001901336 -0.0134196402505040 0.0217452570796013
vn 5.5920630272574119 1.6761726406120074 -0.9504231146787131
v -0.0000000002587234 -0.0139643885195255 0.0211919620633125
vn 5.4775492786476212 2.0761044527332997 -0.2420034600901164
v -0.0000000002838117 -0.0141595080494881 0.0204404219985008
vn 5.4516526545336781 2.1120959282133507 0.2159517815489657
v -0.0000000002836139 -0.0141112562268972 0.0142406094819307
vn 5.5259941892110795 0.7467780722129749 1.8799075735938047
v -0.0000000001678605 -0.0131745245307684 0.0128620387986302
vn 5.4516530274319370 0.1830518233098686 2.1152011694594877
v -0.0000000000961270 -0.0125996274873614 0.0127523280680180
vn 5.5279599819882570 1.4271484370745740 1.4306636292633896
v -0.0000000002286804 -0.0136636747047305 0.0131834009662271
vn 5.5349492603571155 1.8530687982405492 0.7826809941304080
v -0.0000000002693276 -0.0139926113188267 0.0136674903333187
vn 5.4775485194690638 -0.2742880144098356 2.0720875742092231
v 0.0000000076251085 0.0491885021328926 0.0132332127541304
vn 5.5520145990223861 -1.7476164166450598 0.9293564486267269
v 0.0000000079497138 0.0517748221755028 0.0147533873096108
vn 5.4775505648778289 -2.0761039172389726 0.2420029853397709
v 0.0000000079998905 0.0521650612354279 0.0162564702332020
vn 5.5520171329024031 -0.9564457911557863 1.7329354954562455
v 0.0000000078125346 0.0506853275001049 0.0136467991396785
vn 5.4516532472478154 -2.1120965607432796 -0.2159486858661901
v 0.0000000079997884 0.0521401576697826 0.0194563735276461
vn 5.5402762081205150 -1.8472533072385002 -0.7820529794722022
v 0.0000000079712157 0.0519028715789318 0.0206026118248701
vn 5.5402698239268524 -1.4073642899450804 -1.4294437341814912
v 0.0000000078899216 0.0512449964880943 0.0215707905590534
vn 5.5402706948990899 -0.7532121557287050 -1.8592069132354581
v 0.0000000077682820 0.0502666942775249 0.0222135148942471
vn 5.5572526417526333 -1.7918599449446679 0.8404162293472055
v 0.0000000070951964 0.0450629703700542 -0.0020791061688215
vn 5.5628607584327723 -1.9724075463369801 -0.0153507140480992
v 0.0000000071644184 0.0455986186861992 0.0003548850945663
vn 5.5493384904215590 -1.2543887257782707 1.5432492028740916
v 0.0000000069010868 0.0435242988169193 -0.0040396479889750
vn 5.5547981953111956 -0.4485930303942684 1.9308022106773743
v 0.0000000066205343 0.0412873551249504 -0.0051384302787483
vn 5.5608524149806264 0.4247575677326794 1.9283201759440289
v 0.0000000063091066 0.0387951992452145 -0.0051578264683485
vn 5.5610484851881612 1.2191692697124601 1.5529424138880412
v 0.0000000060284853 0.0365414246916771 -0.0040939943864942
vn 5.5617160193449076 1.7715479410756703 0.8699952449421715
v 0.0000000058342509 0.0349724255502224 -0.0021576390136033
vn 5.5628598716047222 1.9724078004528025 0.0153507090812402
v 0.0000000057648744 0.0343989580869675 0.0002677203447092
vn 5.5572524359277198 1.7918590609107468 -0.8404170299607011
v 0.0000000058340959 0.0349346064031124 0.0027017116080970
vn 5.5493384518601898 1.2543880626737223 -1.5432492617099447
v 0.0000000060282059 0.0364732779562473 0.0046622534282506
vn 5.5547986738215833 0.4485922188462283 -1.9308015445404436
v 0.0000000063087580 0.0387102179229259 0.0057610357180238
vn 5.5608523860266690 -0.4247590400497082 -1.9283200723686198
v 0.0000000066201862 0.0412023775279522 0.0057804319076240
vn 5.5610483707357119 -1.2191705271460807 -1.5529422335109146
v 0.0000000069008075 0.0434561520814896 0.0047165998257697
vn 5.5617163011884427 -1.7715487658642008 -0.8699944150913558
v 0.0000000070950414 0.0450251512229443 0.0027802444528788
vn 5.5572525999959481 -1.7918600203130362 0.8404162087604529
v 0.0000000020968247 0.0050641824491322 -0.0023904088884592
vn 5.5628601627023020 -1.9724082991556717 -0.0153508066273608
v 0.0000000021660462 0.0055998302996159 0.0000435823785665
vn 5.5493385341412482 -1.2543890250226442 1.5432489521107058
v 0.0000000019027147 0.0035255113616586 -0.0043509504757822
vn 5.5547987016926399 -0.4485932304694075 1.9308014608926896
v 0.0000000016221624 0.0012885691830888 -0.0054497332312167
vn 5.5608524688566234 0.4247579428304267 1.9283200247525787
v 0.0000000013107344 -0.0012035898398608 -0.0054691289551556
vn 5.5610481671251204 1.2191693537391135 1.5529429194294500
v 0.0000000010301131 -0.0034573632292449 -0.0044052968733013
vn 5.5617166950196815 1.7715473072795078 0.8699945392422657
v 0.0000000008358789 -0.0050263633020222 -0.0024689417332411
vn 5.5628606246170378 1.9724069463156686 0.0153507881486080
v 0.0000000007665022 -0.0055998302996159 -0.0000435823785665
vn 5.5572530094005135 1.7918586747719369 -0.8404162288503212
v 0.0000000008357238 -0.0050641824491322 0.0023904088884592
vn 5.5493388346358508 1.2543876221909243 -1.5432489909763423
v 0.0000000010298338 -0.0035255113616586 0.0043509504757822
vn 5.5547988073866845 0.4485918632746848 -1.9308014693408651
v 0.0000000013103861 -0.0012885691830888 0.0054497332312167
vn 5.5608523646903025 -0.4247593509334101 -1.9283200252030710
v 0.0000000016218140 0.0012035898398608 0.0054691289551556
vn 5.5610478806918096 -1.2191707286189484 -1.5529429085764839
v 0.0000000019024353 0.0034573632292449 0.0044052968733013
vn 5.5617162880996123 -1.7715486605138928 -0.8699945242587127
v 0.0000000020966695 0.0050263633020222 0.0024689417332411
vn 5.2527615343142546 2.3093007436196689 -0.2200939377809487
v 0.0000000080897715 0.0531579367816448 -0.0200869031250477
vn 5.3630354672566050 2.2213724560797465 0.0172885488177412
v 0.0000000080894118 0.0530701875686646 -0.0088122440502048
vn 5.2527617775171276 2.3055952750522599 0.2560098514322067
v 0.0000000080884632 0.0528388507664204 0.0209118556231260
vn 5.2527597526839767 0.2560086688880779 -2.3055976364599942
v 0.0000000075900619 0.0491891875863075 -0.0241179112344980
vn 5.1424848229252493 0.9331726216095985 -2.2042014249608592
v 0.0000000077813320 0.0507175065577030 -0.0238015260547400
vn 5.1424900933791031 1.7056488107049212 -1.6793026573350671
v 0.0000000079434628 0.0520084090530872 -0.0229243617504835
vn 5.1424875033571205 2.2184552809860336 -0.8987553469986346
v 0.0000000080517717 0.0528653748333454 -0.0216199606657028
vn 5.2527608614573484 -0.2200911732125979 -2.3093022515409518
v -0.0000000046559498 -0.0488078407943249 -0.0248806029558182
vn 5.3630321370176040 0.0172878664834738 -2.2213761842119037
v -0.0000000015569592 -0.0240085944533348 -0.0246875956654549
vn 5.2527615321205712 -2.3055962869308746 -0.2560098999307694
v -0.0000000051559148 -0.0528388507664204 -0.0209118556231260
vn 5.1424866815241019 -2.2042008467076233 -0.9331717521260724
v -0.0000000051178177 -0.0525224655866623 -0.0224401727318764
vn 5.1424879043210030 -1.6793057140718328 -1.7056489993473247
v -0.0000000050094253 -0.0516453012824059 -0.0237310789525509
vn 5.1424841306875315 -0.8987542824722328 -2.2184586845787755
v -0.0000000048472395 -0.0503409020602703 -0.0245880447328091
vn 5.2527612862093092 -2.3093017574372046 0.2200939797331802
v -0.0000000051572226 -0.0531579367816448 0.0200869031250477
vn 5.3630339458353316 -2.2213747625761848 -0.0172885665604913
v -0.0000000051562745 -0.0529265999794006 -0.0096371965482831
vn 5.2527597474878736 -0.2560099187967952 2.3055975825691806
v -0.0000000046575130 -0.0491891875863075 0.0241179112344980
vn 5.1424847513659424 -0.9331738277326997 2.2042013069483652
v -0.0000000048487832 -0.0507175065577030 0.0238015260547400
vn 5.1424898823486735 -1.7056499322711640 1.6793025687003136
v -0.0000000050109139 -0.0520084090530872 0.0229243617504835
vn 5.1424872675836806 -2.2184563202792202 0.8987552529675986
v -0.0000000051192237 -0.0528653748333454 0.0216199606657028
vn 5.2527608520766584 0.2200898683497130 2.3093023019467060
v 0.0000000075884987 0.0488078407943249 0.0248806029558182
vn 5.3630330381880018 -0.0172891987409186 2.2213752728474372
v -0.0000000015585225 -0.0243899393826723 0.0243109185248613
vn 5.1424869256532064 2.2041998099022644 0.9331718051990181
v 0.0000000080503666 0.0525224655866623 0.0224401727318764
vn 5.1424881131258680 1.6793045627109724 1.7056491005724368
v 0.0000000079419742 0.0516453012824059 0.0237310789525509
vn 5.1424841930977809 0.8987531050264743 2.2184587783084964
v 0.0000000077797875 0.0503409020602703 0.0245880447328091
vn 2.4136577106416097 -5.4763188717872398 -0.0426201665316273
v -0.0029500010423362 -0.0373488664627075 -0.0002906789013650
vn 2.3382388205953495 -5.1110733395434931 -1.9266030451284302
v -0.0029500010423362 -0.0376202389597893 0.0008570357458666
vn -3.6415697194162036 -3.0388409991356684 -0.0236500949860415
v -0.0079500032588840 -0.0373488664627075 -0.0002906789013650
vn -3.6314031458628913 -2.6239621442241901 -1.5358596614314723
v -0.0079500032588840 -0.0377142019569874 0.0010315178660676
vn 2.2996725957625923 -4.4808049998742643 -3.1399426511047190
v -0.0029500010423362 -0.0377142019569874 0.0010315178660676
vn 2.3291402163149391 -3.6328929711170614 -4.0904143129088437
v -0.0029500010423362 -0.0383627116680145 0.0017733467975631
vn -3.6181776553083065 -1.5031151519410133 -2.6453040969464587
v -0.0079500041902065 -0.0386916883289814 0.0019939071498811
vn 2.2781601483312803 -2.4909973708315802 -4.8925080785902955
v -0.0029500010423362 -0.0386916883289814 0.0019939071498811
vn 2.3181162152938835 -1.3137245673307989 -5.3203564786046185
v -0.0029500012751669 -0.0394292324781418 0.0022767672780901
vn -3.6137611844810480 0.0236849662588999 -3.0431393937951765
v -0.0079500041902065 -0.0400194115936756 0.0023386168759316
vn 2.3157574779968249 0.0424793046313906 -5.4578902970501426
v -0.0029500012751669 -0.0400194115936756 0.0023386168759316
vn 2.3466013509816603 1.3575103972036136 -5.2853505316033722
v -0.0029500012751669 -0.0406085550785065 0.0022675886284560
vn -3.6181757082247681 1.5441073639244922 -2.6215898148619821
v -0.0079500041902065 -0.0413416065275669 0.0019732832442969
vn 2.3159877757884697 2.5830938198832363 -4.8077783053896992
v -0.0029500015079975 -0.0413416065275669 0.0019732832442969
vn 2.3438117308874276 3.6752772847957864 -4.0359806343728826
v -0.0029500015079975 -0.0416671112179756 0.0017476292559877
vn -3.6314077685217829 2.6475491269769496 -1.4948295808007757
v -0.0079500041902065 -0.0423039980232716 0.0009957964066416
vn 2.4136595405596579 5.4763173647937657 0.0426201936265409
v -0.0029500017408282 -0.0426487065851688 -0.0003319265088066
vn -3.6415661310594620 3.0388427867653283 0.0236501059910932
v -0.0079500041902065 -0.0426487065851688 -0.0003319265088066
vn 2.3382329266557345 5.1404513829509471 -1.8467767681211422
v -0.0029500015079975 -0.0423952303826809 0.0008198729483411
vn 2.3166400897167696 4.5268838830390230 -3.0471688538142718
v -0.0029500015079975 -0.0423039980232716 0.0009957964066416
vn -3.6314027538369458 -2.6475497470664533 1.4948340896490668
v -0.0079500032588840 -0.0376935787498951 -0.0016184018459171
vn -3.6181781891641331 -1.5441086121796137 2.6215863107907649
v -0.0079500041902065 -0.0386559665203094 -0.0025958886835724
vn -3.6137609920231335 -0.0236847550129390 3.0431392767959071
v -0.0079500041902065 -0.0399781614542007 -0.0029612223152071
vn -3.6181757722670382 1.5031152743661726 2.6453062162074987
v -0.0079500041902065 -0.0413058847188950 -0.0026165125891566
vn -3.6314088614264057 2.6239615203044000 1.5358566192073653
v -0.0079500041902065 -0.0422833748161793 -0.0016541233053431
vn 6.2831853071795400 -0.0000007851202452 -0.0000000059099527
v -0.0000000015574466 -0.0241274721920490 -0.0094130588695407
vn 5.5534189526188573 -0.4349288592566519 -1.9355589548383474
v -0.0000000033765581 -0.0387951992452145 0.0051578264683485
vn 5.5610478598325255 -1.2191706159694631 -1.5529429349616928
v -0.0000000030959366 -0.0365414246916771 0.0040939943864942
vn 5.5617153556283521 -1.7715497454718088 -0.8699950076578312
v -0.0000000029017024 -0.0349724255502224 0.0021576390136033
vn 5.5628596180808918 -1.9724089050064204 -0.0153507254693846
v -0.0000000028323259 -0.0343989580869675 -0.0002677203447092
vn 5.5572521823754393 -1.7918602591063630 0.8404168894130121
v -0.0000000029015474 -0.0349346064031124 -0.0027017116080970
vn 5.5493382881963376 -1.2543893433916731 1.5432491157678108
v -0.0000000030956573 -0.0364732779562473 -0.0046622534282506
vn 5.5547986425640303 -0.4485936335998407 1.9308014340096962
v -0.0000000033762098 -0.0387102179229259 -0.0057610357180238
vn 5.5608524748463255 0.4247576223487228 1.9283200932867490
v -0.0000000036876375 -0.0412023775279522 -0.0057804319076240
vn 5.5610485935491587 1.2191691516576331 1.5529423498029962
v -0.0000000039682591 -0.0434561520814896 -0.0047165998257697
vn 5.5617165556061838 1.7715475814261905 0.8699945010565030
v -0.0000000041624930 -0.0450251512229443 -0.0027802444528788
vn 5.5628610312437061 1.9724064174199216 0.0153507263963611
v -0.0000000042318700 -0.0455986186861992 -0.0003548850945663
vn 5.5453570962977485 0.4597259198478953 -1.9398175047353212
v -0.0000000036879859 -0.0412873551249504 0.0051384302787483
vn 5.5572530270421980 1.7918586322406003 -0.8404162997941000
v -0.0000000041626480 -0.0450629703700542 0.0020791061688215
vn 5.5493389288929027 1.2543870465414844 -1.5432492539640728
v -0.0000000039685384 -0.0435242988169193 0.0040396479889750
vn 2.3382326318502349 5.1110853118478854 1.9265592705116033
v -0.0029500015079975 -0.0423773340880871 -0.0014796411851421
vn 2.2996828540098653 4.4808279039566203 3.1399153545291227
v -0.0029500015079975 -0.0422833748161793 -0.0016541233053431
vn 2.3291392073590842 3.6328874006302465 4.0904179214002934
v -0.0029500015079975 -0.0416348613798618 -0.0023959521204233
vn 2.2781604994517322 2.4910004361534650 4.8925053295294934
v -0.0029500015079975 -0.0413058847188950 -0.0026165125891566
vn 2.3181177215181408 1.3137281678910648 5.3203550529700943
v -0.0029500012751669 -0.0405683442950249 -0.0028993724845350
vn 2.2528542533205473 -0.0973415632485725 5.5108322626334170
v -0.0029500012751669 -0.0399781651794910 -0.0029612223152071
vn 2.3051045188100927 -1.3163024852953380 5.3301439800109378
v -0.0029500012751669 -0.0393890179693699 -0.0028901940677315
vn 2.3159905385315658 -2.5831068957965426 4.8077722491679813
v -0.0029500010423362 -0.0386559665203094 -0.0025958886835724
vn 2.3438091137325663 -3.6752874348277125 4.0359704292481080
v -0.0029500010423362 -0.0383304655551910 -0.0023702348116785
vn 2.3382391234004105 -5.1404400689578704 1.8468210184035025
v -0.0029500010423362 -0.0376023426651955 -0.0014424783876166
vn 2.3166305087566448 -4.5268574333153193 3.0472043106016291
v -0.0029500010423362 -0.0376935787498951 -0.0016184018459171
vn -2.8882026441026913 -3.1153116149421383 -0.0300133431520899
v -0.0696499943733215 0.0252065043896437 0.0001961772650247
vn -2.8862731754865347 -3.0139773436501178 0.7885928884911986
v -0.0696499943733215 0.0250462107360363 -0.0010992046445608
vn -2.9670596826190234 2.5496019022126406 1.8149840395580679
v -0.0696500018239021 -0.0142776593565941 -0.0201117247343063
vn -3.0106944402960898 -2.8222804870743614 1.3645933535581452
v -0.0696499943733215 0.0245561078190804 -0.0023089603055269
vn -2.9670605843332662 -2.5775397399448341 1.7750809291584100
v -0.0696499943733215 0.0145889790728688 -0.0198870617896318
vn -2.9670589015966877 -0.2484943495255518 -3.1197585065163556
v -0.0696500018239021 0.0099282246083021 0.0225779525935650
vn -2.7925276892135260 -1.0355072967145020 -2.9154288532544568
v -0.0696500018239021 0.0116406194865704 0.0222897324711084
vn -2.7925269096684664 -1.9702039311505031 -2.3854669467367549
v -0.0696500018239021 0.0131511688232422 0.0214332211762667
vn -2.9550378525636818 3.1286736664300978 0.0329558947407788
v -0.0696500018239021 -0.0252064857631922 -0.0001961771340575
vn -2.9954297152461171 -2.8050622191423873 -1.3978373754075879
v -0.0696499943733215 0.0245171952992678 0.0026908882427961
vn -2.8786272680534708 3.0393153540915732 0.6808626879233934
v -0.0696500018239021 -0.0251237712800503 -0.0010638005333021
vn -2.9790832380729717 2.8229695820059453 1.3527589268413300
v -0.0696500018239021 -0.0245171785354614 -0.0026908880099654
vn -2.9670594278324831 2.5775424663855815 -1.7750807668581807
v -0.0696500018239021 -0.0145889623090625 0.0198870617896318
vn -2.7925268384795197 2.0070835251421730 -2.3544890374056147
v -0.0696500018239021 -0.0134831592440605 0.0212259311228991
vn -2.8618724568950391 -2.9975625854016226 -0.8403092052584030
v -0.0696499943733215 0.0250260680913925 0.0014889073790982
vn -2.8929691786532481 3.0489136360695577 -0.6421990389350341
v -0.0696500018239021 -0.0251372847706079 0.0006726286374032
vn -2.9790835427335138 2.8436830965571067 -1.3086559999766636
v -0.0696500018239021 -0.0245560910552740 0.0023089603055269
vn -2.9670602399643538 -2.5495925666758676 -1.8149798201514546
v -0.0696499943733215 0.0142776770517230 0.0201117247343063
vn -2.9670592630929522 0.2970225618838171 -3.1155120670139103
v -0.0696500018239021 -0.0102784233167768 0.0224206876009703
vn -2.7925267603496740 1.0807593557579740 -2.8989582114102248
v -0.0696500018239021 -0.0119861243292689 0.0221058502793312
vn -2.7925260701604566 1.0355060957349767 2.9154288622508071
v -0.0696500018239021 -0.0116406027227640 -0.0222897324711084
vn -2.7925266097408352 1.9701935267286479 2.3854426921470298
v -0.0696500018239021 -0.0131511511281133 -0.0214332211762667
vn -2.9670600642918168 0.2484936033801839 3.1197571844274399
v -0.0696500018239021 -0.0099282078444958 -0.0225779507309198
vn -2.9670593789659860 -0.2970217269118746 3.1155192681884509
v -0.0696500018239021 0.0102784400805831 -0.0224206876009703
vn -2.7925268776912824 -1.0807623701061888 2.8989713719554553
v -0.0696500018239021 0.0119861420243979 -0.0221058502793312
vn -2.7925268569801660 -2.0071046006091739 2.3545212085623577
v -0.0696500018239021 0.0134831769391894 -0.0212259311228991
vn -0.0126016064323604 -6.2777900858998565 -0.0105123179719255
v -0.0696500018239021 -0.0299990829080343 -0.0002334769669687
vn -2.1749584601097016 -5.3134161915165317 0.0120668972672192
v -0.0746500045061111 -0.0299990810453892 -0.0002334769669687
vn -2.1717918700802317 -5.2828645519744057 -0.4959971637280616
v -0.0746500045061111 -0.0299084112048149 -0.0023423125967383
vn -0.0909549683916203 1.3610175750137898 -5.4926209417820546
v -0.0731500014662743 -0.0043453783728182 -0.0296836253255606
vn -2.1422887146044225 -1.4730467819834585 -5.0960414532475502
v -0.0746500045061111 -0.0078584225848317 -0.0289524607360363
vn -1.9572012760816544 -1.1851338180442674 -5.1781172293865261
v -0.0746500045061111 -0.0066525344736874 -0.0292530953884125
vn -1.8974502639007764 0.6833890836410224 -4.7479378291111010
v -0.0746499970555305 -0.0045578829012811 -0.0296517387032509
vn -0.5777410623811277 1.5187117272820450 -5.3387689786749615
v -0.0743329972028732 -0.0044422345235944 -0.0296692848205566
vn -0.1743077142691203 1.5650696552951224 -5.3790493204680363
v -0.0736500024795532 -0.0043453783728182 -0.0296836253255606
vn -0.4913286015327449 1.2581392297490512 -5.5269827167988623
v -0.0721693113446236 -0.0042338711209595 -0.0296997353434563
vn -0.8912191823552261 1.2648690786603156 -5.4771534713167869
v -0.0712283253669739 -0.0039013538043946 -0.0297452397644520
vn -0.0369455852125111 -1.5964639848964834 -6.0685994342080658
v -0.0646499991416931 -0.0078584244474769 -0.0289524607360363
vn -1.1049488386398978 1.1891499565356751 -5.4572718039407855
v -0.0709470883011818 -0.0037543110083789 -0.0297641567885876
vn -1.3217565364724959 0.9885901856354817 -5.4732515541035811
v -0.0703687146306038 -0.0033648202661425 -0.0298107024282217
vn -1.6258652977883359 0.8508458763343172 -5.4385796242881979
v -0.0696635544300079 -0.0026610682252795 -0.0298817437142134
vn -1.8737727472220498 0.5782987299876290 -5.4568965480644351
v -0.0696500018239021 -0.0026440806686878 -0.0298832524567842
vn -0.1775093007321392 -0.3857687634720877 -6.2641583708896151
v -0.0695405676960945 -0.0025005438365042 -0.0298956055194139
vn 0.0117167014084429 -0.5155669045418779 -6.2563292000958892
v -0.0646499991416931 -0.0024918632116169 -0.0298963319510221
vn -0.0806982740673836 -1.1028711662788040 -6.1756217943697198
v -0.0646499991416931 -0.0049793496727943 -0.0295838806778193
vn -0.0065550570909895 -6.2824014679232230 -0.0536337098634670
v -0.0646500065922737 -0.0299990829080343 -0.0002334769669687
vn -2.1857073063849723 5.2632987133783740 -0.5252905681690383
v -0.0746499970555305 0.0298637747764587 -0.0028557905461639
vn -2.1643698374668694 5.3007977624016815 0.0614910203744172
v -0.0746499970555305 0.0299990996718407 0.0002334770979360
vn -0.0114591664668143 6.2740613755936270 0.0973017354521931
v -0.0696499943733215 0.0299990996718407 0.0002334770979360
vn -0.6020585572929467 -1.4181430840890117 -5.3447522965255647
v -0.0743329972028732 0.0049035074189305 -0.0295965485274792
vn -1.8732733659634611 -0.6393414790939564 -4.7107490083485288
v -0.0746499970555305 0.0050188684836030 -0.0295772049576044
vn -1.8915593000312121 1.3204382826711500 -5.1533423507223786
v -0.0746499970555305 0.0075349481776357 -0.0290383305400610
vn -0.7837272933564042 -1.1052531630582663 -5.5248309832519835
v -0.0714585483074188 0.0044716764241457 -0.0296648610383272
vn -0.2153404183244785 -1.1985848485200838 -5.5269849396650548
v -0.0728652626276016 0.0047977268695831 -0.0296138804405928
vn -2.1469665443368191 1.5625214944961632 -5.0695902053392752
v -0.0746499970555305 0.0083081247285008 -0.0288266390562057
vn -0.0234950473141679 -1.3253569758792465 -5.4829424948017538
v -0.0731500014662743 0.0048068859614432 -0.0296123940497637
vn -0.1680124214761047 -1.4564605736076577 -5.4014627961140089
v -0.0736500024795532 0.0048068859614432 -0.0296123940497637
vn -0.1356273786141009 -0.3163035148957452 -6.2699978900499023
v -0.0691162049770355 -0.0017924871062860 -0.0299463998526335
vn -0.0518754939404053 -0.1862106827401993 -6.2782692494039534
v -0.0687848329544067 -0.0008400977822021 -0.0299882348626852
vn 0.0087180813884119 0.0563303551379829 -6.2767079517868520
v -0.0646499991416931 0.0002334851160413 -0.0299990903586149
vn 0.0201575299505169 0.0567736815640304 -6.2815415977147477
v -0.0686577633023262 0.0001920288923429 -0.0299993846565485
vn 0.0049717563857697 0.6083438191308309 -6.2476961136405933
v -0.0646499991416931 0.0029569040052593 -0.0298539251089096
vn -0.0033672116085312 0.2420820076698712 -6.2763105142244386
v -0.0687505528330803 0.0011922328267246 -0.0299763008952141
vn -0.1082142367085992 0.3751899915827265 -6.2682512568916859
v -0.0689916387200356 0.0019819720182568 -0.0299344602972269
vn -0.1608600752087137 0.4486574413443457 -6.2612334305628679
v -0.0692806988954544 0.0025697138626128 -0.0298897400498390
vn -0.1561834093459414 0.5245155777727872 -6.2528930885996923
v -0.0695381164550781 0.0029621920548379 -0.0298534017056227
vn -0.0829235802892650 1.1982673109688589 -6.1576967420917521
v -0.0646499991416931 0.0054392255842686 -0.0295027941465378
vn -1.7354960263628829 -0.3905282868119896 -5.4783945260450047
v -0.0696500018239021 0.0031087403185666 -0.0298384949564934
vn -0.0222347321339603 1.6782659153599719 -6.0471689940291897
v -0.0646499991416931 0.0083081237971783 -0.0288266390562057
vn -1.3893957305127209 -0.8727056060523113 -5.4697193595507194
v -0.0701526701450348 0.0036451700143516 -0.0297777187079191
vn -1.1441477471155881 -1.0396414947339783 -5.4941743129779761
v -0.0707681402564049 0.0041141505353153 -0.0297165662050247
vn -2.1900336173731096 -2.3924653390706498 -4.7234438993212953
v -0.0746500045061111 -0.0129657350480556 -0.0270534567534924
vn 0.0031365212219618 -3.1522091085219124 -5.4279493072340657
v -0.0646499991416931 -0.0147973401471972 -0.0260967127978802
vn -2.1829583364384808 -2.8386364929283565 -4.4920624940921234
v -0.0746500045061111 -0.0165957268327475 -0.0249916296452284
vn 0.0067189272983758 -3.6302693091050262 -5.1212044445943121
v -0.0646499991416931 -0.0176453106105328 -0.0242619607597589
vn -2.2029362955933913 -3.2141419430369513 -4.2079355639398868
v -0.0746500045061111 -0.0176453106105328 -0.0242619607597589
vn 0.0037971601579879 -4.0641535028774571 -4.7835096360966709
v -0.0646499991416931 -0.0191041827201843 -0.0231307130306959
vn -2.1823484574989127 -3.6030281059426681 -3.9057054504948070
v -0.0746500045061111 -0.0208297073841095 -0.0215898770838976
vn 0.0074173135883712 -4.4809529259310299 -4.3962353612758847
v -0.0646499991416931 -0.0217427704483271 -0.0206700656563044
vn -2.2028868208081573 -3.9212163655054089 -3.5579385496619853
v -0.0746500045061111 -0.0217427685856819 -0.0206700656563044
vn 0.0045181666259913 -4.8474723687064403 -3.9876786218306224
v -0.0646499991416931 -0.0228305514901876 -0.0194618981331587
vn -2.1815232077654896 -4.2488907410353898 -3.1910841325083967
v -0.0746500045061111 -0.0243809726089239 -0.0174804963171482
vn 0.0081286757109884 -5.1895892265026360 -3.5318871099505507
v -0.0646499991416931 -0.0251229368150234 -0.0163962692022324
vn -2.2026119193303058 -4.4992962896237740 -2.7908072842021334
v -0.0746500045061111 -0.0251229349523783 -0.0163962692022324
vn 0.0052970662755118 -5.4773724143410494 -3.0656518641908210
v -0.0646499991416931 -0.0258632283657789 -0.0152017427608371
vn -2.1804904671902259 -4.7550633875569162 -2.3717491624733524
v -0.0746500045061111 -0.0271331220865250 -0.0127981696277857
vn 0.0088514312621179 -5.7337123746392074 -2.5555520279685933
v -0.0646500065922737 -0.0276743005961180 -0.0115815624594688
vn -2.2020980230094991 -4.9292936324662477 -1.9317614011782787
v -0.0746500045061111 -0.0276742987334728 -0.0115815624594688
vn 0.0061322505490236 -5.9339247744664929 -2.0466146419483313
v -0.0646500065922737 -0.0281100627034903 -0.0104796905070543
vn -2.1792609071342666 -5.1049832137223561 -1.4746537214246127
v -0.0746500045061111 -0.0289959535002708 -0.0076963696628809
vn 0.0095860442264189 -6.0960647161386117 -1.4981782811568247
v -0.0646500065922737 -0.0293126944452524 -0.0063847815617919
vn -2.2013385586101375 -5.1969948231291765 -1.0090523972041088
v -0.0746500045061111 -0.0293126925826073 -0.0063847815617919
vn 0.0070215396666895 -6.2026887602172689 -0.9628170469558126
v -0.0646500065922737 -0.0295027866959572 -0.0054392176680267
vn 0.0021248054905066 -6.2652265199979675 -0.3885020003695123
v -0.0646500065922737 -0.0299840681254864 -0.0009773677447811
vn -2.1596115372408367 -1.9835889027879547 -4.9288281027296215
v -0.0746500045061111 -0.0118178017437458 -0.0275742523372173
vn -0.0222576613100334 -2.1313869650516053 -5.9029453840179871
v -0.0646499991416931 -0.0100408885627985 -0.0282697789371014
vn 0.0002369330434371 -2.6608426139666737 -5.6853507817466333
v -0.0646499991416931 -0.0129657369107008 -0.0270534567534924
vn 0.0014077118527632 2.2324202449483908 -5.8664185013303083
v -0.0646499991416931 0.0104796979576349 -0.0281100701540709
vn -2.1844109051353944 2.0777067323774974 -4.8909438303990989
v -0.0746499970555305 0.0124623253941536 -0.0272890198975801
vn 0.0056105196619380 2.7523495490040100 -5.6417867114788507
v -0.0646499991416931 0.0133852604776621 -0.0268483720719814
vn -2.2006769134086404 2.4873676219162619 -4.6817436411117797
v -0.0746499970555305 0.0133852614089847 -0.0268483720719814
vn 0.0029815777641220 3.2363564419023714 -5.3781986509808570
v -0.0646499991416931 0.0152017502114177 -0.0258632358163595
vn -2.1830939305127930 2.9108931657622246 -4.4456075683373424
v -0.0746499970555305 0.0170111376792192 -0.0247107576578856
vn 0.0066626870100279 3.7095005356009625 -5.0641061277642088
v -0.0646499991416931 0.0180208198726177 -0.0239843782037497
vn -2.2024816721319289 3.2768393693695828 -4.1638471644069712
v -0.0746499970555305 0.0180208198726177 -0.0239843782037497
vn 0.0045220226627818 4.1379236090258917 -4.7198567888704055
v -0.0646499991416931 0.0194619055837393 -0.0228305608034134
vn -2.1817284554707141 3.6520410629546873 -3.8598000138674653
v -0.0746499970555305 0.0210432056337595 -0.0213818587362766
vn 0.0076766078688724 4.5490004159755300 -4.3257981089597353
v -0.0646499991416931 0.0220618750900030 -0.0203291438519955
vn -2.2039519191389862 3.9615435099827367 -3.5148637595817891
v -0.0746499970555305 0.0220618769526482 -0.0203291438519955
vn 0.0060296759545287 4.9086108154167913 -3.9122141068098464
v -0.0646499991416931 0.0231307204812765 -0.0191041901707649
vn -2.1803212166674601 4.2777390272383471 -3.1520169706233117
v -0.0746499970555305 0.0244360473006964 -0.0174034480005503
vn 0.0086528116642738 5.2442189077293087 -3.4502846399725629
v -0.0646499991416931 0.0253751110285521 -0.0160032529383898
vn -2.2050414635106015 4.5201721483763500 -2.7554982634472367
v -0.0746499970555305 0.0253751128911972 -0.0160032529383898
vn 0.0075032273263458 5.5240355237785890 -2.9808240926074410
v -0.0646499991416931 0.0260967202484608 -0.0147973485291004
vn -2.1788638785576557 4.7682176350172210 -2.3446430902703108
v -0.0746499970555305 0.0270866006612778 -0.0128963766619563
vn 0.0095917150365378 5.7731072669402481 -2.4653356857812181
v -0.0646499991416931 0.0278512276709080 -0.0111494185402989
vn -2.2057001207936375 4.9354160960589120 -1.9098096351397074
v -0.0746499970555305 0.0278512295335531 -0.0111494185402989
vn 0.0089425279242460 5.9647368920340558 -1.9551417477877824
v -0.0646499991416931 0.0282697863876820 -0.0100408969447017
vn -2.1773624080513967 5.1079795811149955 -1.4631839832977105
v -0.0746499970555305 0.0289143510162830 -0.0079975537955761
vn 0.0104939303541846 6.1188938088990295 -1.4021867311848459
v -0.0646499991416931 0.0294085368514061 -0.0059277657419443
vn -2.2422089440807871 5.1614910759770929 -0.9654220336108699
v -0.0746499970555305 0.0294085387140512 -0.0059277657419443
vn 0.0103471601165789 6.2167750345182506 -0.8676090266053715
v -0.0646499991416931 0.0295838881283998 -0.0049793575890362
vn 0.0095830450660926 6.2706029258745417 -0.2946159308616099
v -0.0646499991416931 0.0299956630915403 -0.0005105572636239
vn -0.0204728841554442 6.2820338399696105 0.0648875035393119
v -0.0646499991416931 0.0299990996718407 0.0002334770979360
vn -1.4160888900218018 4.1779232557444281 3.7208711580142984
v -0.0703687071800232 0.0274992473423481 0.0119913239032030
vn 0.0182391339305126 5.7366242677534949 2.5495922294147815
v -0.0646499991416931 0.0276743173599243 0.0115815624594688
vn -1.1990209139628654 4.0798457464855034 3.8653171385748113
v -0.0709470808506012 0.0276536848396063 0.0116307428106666
vn -1.0971869211547227 4.0306965421786822 3.9253971179298981
v -0.0710687190294266 0.0276796240359545 0.0115688750520349
vn -1.6591687881960342 4.2255947523692496 3.5694867792856675
v -0.0697568655014038 0.0272564161568880 0.0125334858894348
vn -1.7587184550335793 4.2127027546484079 3.5220658623444452
v -0.0696635469794273 0.0272088982164860 0.0126363122835755
vn -1.8489539010718847 4.4364545614986399 3.2293526895817508
v -0.0696499943733215 0.0272017102688551 0.0126517778262496
vn -0.0987464616756251 5.5937594287848880 2.8476756752330910
v -0.0691161975264549 0.0268306005746126 0.0134208537638187
vn -0.0264908505096731 5.5411274301025539 2.9561328063123780
v -0.0687848255038261 0.0263906363397837 0.0142665635794401
vn 0.0166142534448543 5.4741207222610138 3.0719346632747655
v -0.0646499991416931 0.0258632432669401 0.0152017427608371
vn 0.0035107068972663 5.4204428627771968 3.1757141794928598
v -0.0686577633023262 0.0258842278271914 0.0151659874245524
vn 0.0006359200372579 5.1864511536834428 3.5360974710291755
v -0.0646499991416931 0.0251229517161846 0.0163962692022324
vn -0.4796573744629688 4.1781553515532588 3.7877849694741634
v -0.0721693038940430 0.0278376732021570 0.0111832199618220
vn -2.1451898266646401 5.1832260706483080 1.1535922199817532
v -0.0746499970555305 0.0293127112090588 0.0063847820274532
vn -0.0812933250515672 4.0953277425652672 3.8644960983508314
v -0.0731499940156937 0.0278794765472412 0.0110785961151123
vn -1.6772179756149150 5.0866715802633795 1.3629056824849601
v -0.0746499970555305 0.0289639253169298 0.0078161060810089
vn -1.8802676000701009 3.7750029100647717 2.9054197161743840
v -0.0746499970555305 0.0279581137001514 0.0108786188066006
vn -0.5651191642359750 3.8813248389477826 3.9340911939571832
v -0.0743329897522926 0.0279154852032661 0.0109875462949276
vn -0.1706378658530816 3.8936976185646603 3.9930162686455928
v -0.0736499950289726 0.0278794765472412 0.0110785961151123
vn -0.8954130714351127 4.1173347550222417 3.7906723547107006
v -0.0712283253669739 0.0277108252048492 0.0114939408376813
vn -0.0252728028570530 5.9397542464127184 2.0262589061759084
v -0.0646499991416931 0.0281100794672966 0.0104796905070543
vn -0.0110122661666639 6.0909451639609768 1.5154974401309245
v -0.0646499991416931 0.0293127112090588 0.0063847820274532
vn -0.0203801828405099 6.2652719689065730 0.3764578417962899
v -0.0646499991416931 0.0299840830266476 0.0009773678611964
vn -2.1697567723992659 5.2687963518922709 0.6262764810089155
v -0.0746499970555305 0.0297609679400921 0.0037795912940055
vn -2.1840281104798036 -5.2632170722495664 0.5435452024427935
v -0.0746500045061111 -0.0298405848443508 0.0030885164160281
vn -0.6073442457738045 -3.9129161123290115 3.9209056757582790
v -0.0743329972028732 -0.0280831027776003 0.0105517208576202
vn -1.8805878587898250 -3.7591169556351063 2.9334134183794367
v -0.0746499821543694 -0.0281240101903677 0.0104420911520720
vn -1.8442190049504599 -5.1152234759619777 1.3992953683432729
v -0.0746500045061111 -0.0287947002798319 0.0084181167185307
vn -0.7769801453899805 -4.2320998108977754 3.6765578861210160
v -0.0714585557579994 -0.0279263481497765 0.0109598524868488
vn -0.2054064707817700 -4.2069380358539599 3.7325470052588665
v -0.0728652626276016 -0.0280452240258455 0.0106519954279065
vn -2.1834580035636684 -5.1547477540807334 1.0494896973091166
v -0.0746500045061111 -0.0294085200875998 0.0059277662076056
vn 0.0016718795416607 -4.0991940654820738 3.8436755775335918
v -0.0731500014662743 -0.0280485153198242 0.0106433201581240
vn -0.1694885910202459 -3.9425802384472917 3.9831213210689356
v -0.0736500024795532 -0.0280485153198242 0.0106433201581240
vn 0.0180537738176629 -5.5224680098904733 2.9842411191857359
v -0.0646499991416931 -0.0260967053472996 0.0147973485291004
vn 0.0129956844036849 -5.2443057363765426 3.4503513666761467
v -0.0646499991416931 -0.0253750961273909 0.0160032529383898
vn -0.0481259687358022 -5.3655360425835061 3.2673827707957623
v -0.0687848329544067 -0.0255505125969648 0.0157216712832451
vn -1.7630077286270440 -4.5188378844934052 3.1933854442751644
v -0.0696500018239021 -0.0273952521383762 0.0122270071879029
vn -1.5017068295229026 -4.2996228184791443 3.5768228915958309
v -0.0701526701450348 -0.0276108328253031 0.0117320567369461
vn 0.0176944608636009 -5.7754866561245475 2.4602207826838089
v -0.0646500065922737 -0.0278512109071016 0.0111494185402989
vn -0.1355784414484718 -5.6530759039960827 2.7272052779778200
v -0.0692806988954544 -0.0271701198071241 0.0127194402739406
vn -0.0000999044175847 -5.4589987086280631 3.1090841544067436
v -0.0686577633023262 -0.0260762311518192 0.0148333981633186
vn -0.0094894881592135 -5.5754731239558515 2.8919514082365021
v -0.0687505602836609 -0.0265563409775496 0.0139556545764208
vn -0.0600125579326269 -5.6203257255243892 2.7984083904257750
v -0.0689916387200356 -0.0269149746745825 0.0132507989183068
vn -1.8986938556446034 -4.4571353847340127 1.7795651331579114
v -0.0746500045061111 -0.0234002042561769 0.0187731198966503
vn -0.5786423705552051 -5.3854275228341262 1.3511905158364641
v -0.0743329972028732 -0.0234732218086720 0.0186817385256290
vn -2.2101571004765623 -3.9879380876121684 3.5408732424190292
v -0.0746500045061111 -0.0220618583261967 0.0203291438519955
vn -0.1745787044691242 -5.4435413060150246 1.3310744817868294
v -0.0736500024795532 -0.0235340707004070 0.0186050292104483
vn -0.1108380594273784 -5.4749837660802125 1.5246144771464127
v -0.0731500014662743 -0.0235340707004070 0.0186050292104483
vn -0.4993136826134455 -5.4615931703527227 1.6298396662065686
v -0.0721600875258446 -0.0236036088317633 0.0185167286545038
vn -0.9531862782902832 -5.4024447323407951 1.6649291954387093
v -0.0712240189313889 -0.0238074418157339 0.0182539112865925
vn -0.0209939914570480 -4.5612462509731708 4.3107478520862701
v -0.0646499991416931 -0.0220618583261967 0.0203291438519955
vn -1.3336087967198729 -5.2781844696022384 1.8120971744682282
v -0.0703787207603455 -0.0241293348371983 0.0178262386471033
vn -1.5784560144453006 -5.1624123177730494 1.9281768302035636
v -0.0697569176554680 -0.0244825370609760 0.0173379629850388
vn -1.6701004553638277 -5.1142265124697941 1.9429981636652536
v -0.0696642994880676 -0.0245472695678473 0.0172461923211813
vn -1.7933855740000633 -4.9745435543734215 2.2818857464964277
v -0.0696500018239021 -0.0245576035231352 0.0172314755618572
vn -0.0521044385138824 -4.8875342472499792 3.9350160437676553
v -0.0646499991416931 -0.0231307055801153 0.0191041901707649
vn -0.1130887832787960 -5.2377581313615194 3.4582655293340325
v -0.0691162049770355 -0.0250380877405405 0.0165255479514599
vn -0.0982868577885380 -5.3144230863426110 3.3476912021477192
v -0.0688763633370399 -0.0253706835210323 0.0160102453082800
vn -1.1781220904204448 5.3116842283858210 1.8074605203173966
v -0.0707681328058243 0.0236782375723124 0.0184212345629930
vn -0.7998087198434555 5.3821603289340345 1.7556601877277853
v -0.0714585483074188 0.0234546978026628 0.0187050085514784
vn -0.0269514683809529 4.4994480526760245 4.3743982385376965
v -0.0646499991416931 0.0217427853494883 0.0206700675189495
vn -1.4352220267260662 5.2058068723196689 1.9869163677979791
v -0.0701526701450348 0.0239656884223223 0.0180456619709730
vn -0.0370864427361799 5.3231514940088971 3.3361086764961509
v -0.0687505528330803 0.0253641344606876 0.0160206463187933
vn -0.0409214400919193 5.2378580040839458 3.4646331082423489
v -0.0688689947128296 0.0251200161874294 0.0164007693529129
vn -0.0943659846315628 4.8190126986953388 4.0151448577391751
v -0.0646499991416931 0.0228305682539940 0.0194618981331587
vn -0.0142605592344491 5.2123092213994422 3.4968874642250811
v -0.0689916312694550 0.0249330289661884 0.0166836604475975
vn -0.0730057259367256 5.1489536299921461 3.5835450151257575
v -0.0692806914448738 0.0246004313230515 0.0171703007072210
vn -1.6671419009581934 4.9827618748728630 2.3690618890247448
v -0.0696499943733215 0.0242865383625031 0.0176114868372679
vn -2.4411590058990469 3.7120769399307907 3.4465452235509817
v -0.0746499970555305 0.0217427872121334 0.0206700675189495
vn -0.2248628003547571 5.4327330864164463 1.6747151388341202
v -0.0728652626276016 0.0232475250959396 0.0189618859440088
vn -0.0355672386813241 5.4512003847182910 1.5491500442087958
v -0.0731499940156937 0.0232416577637196 0.0189690757542849
vn -0.1697566356816968 5.4234318153614502 1.4197884201799573
v -0.0736499950289726 0.0232416577637196 0.0189690757542849
vn -0.6080733251347509 5.3547396238386256 1.4252472686561157
v -0.0743329897522926 0.0231796223670244 0.0190448295325041
vn -1.8814083561902173 4.4232692485547371 1.7854304618465140
v -0.0746499970555305 0.0231051910668612 0.0191350616514683
vn 0.0103442517555613 6.2025683852006814 0.9638295184328186
v -0.0646499991416931 0.0295028034597635 0.0054392176680267
vn -2.1694601280151722 2.4822537087427570 4.6979213212649258
v -0.0746499970555305 0.0129657536745071 0.0270534567534924
vn -0.0055746748290073 3.1558462102759743 5.4255943430700952
v -0.0646499991416931 0.0147973559796810 0.0260967127978802
vn -2.1880568277692509 2.9335455521414735 4.4317606851271814
v -0.0746499970555305 0.0175950396806002 0.0242984537035227
vn 0.0007658872735596 3.6268074326786315 5.1234512378288795
v -0.0646499991416931 0.0176453273743391 0.0242619607597589
vn -2.1855334891226885 3.3005123039876025 4.1706726324630585
v -0.0746499970555305 0.0176453292369843 0.0242619607597589
vn -0.0050789395785628 4.0675991742988549 4.7802912388030441
v -0.0646499991416931 0.0191041976213455 0.0231307130306959
vn -2.1897359450031200 3.7127837127542778 3.7971727973345990
v -0.0746499970555305 0.0216876678168774 0.0207278914749622
vn -2.1587694028960867 -0.5166388261743721 5.2317102568689222
v -0.0746499970555305 -0.0029480531811714 0.0298547986894846
vn -0.0064257352841673 -0.0488485519335808 6.2764513710026444
v -0.0646499991416931 -0.0002334689488634 0.0299990903586149
vn -2.1426637987154100 0.4469032004540546 5.2371520286461815
v -0.0746499970555305 0.0024830347392708 0.0298970676958561
vn -0.0280843773010203 0.5339109581185358 6.2531249280275940
v -0.0646499991416931 0.0024918795097619 0.0298963319510221
vn -2.1527536121919155 1.1718839270457737 5.1825429253585238
v -0.0746499970555305 0.0078327385708690 0.0289594270288944
vn -0.0488819163661009 1.0389617966059461 6.1882889446921290
v -0.0646499991416931 0.0049793659709394 0.0295838806778193
vn -2.1559503949413057 1.6057474627680592 5.0649181375849137
v -0.0746499970555305 0.0078584412112832 0.0289524607360363
vn -0.0300174549252055 1.6353926225672706 6.0589402368604812
v -0.0646499991416931 0.0078584402799606 0.0289524607360363
vn -2.1483803441379710 2.0904162951406460 4.8848617170054300
v -0.0746499970555305 0.0129257170483470 0.0270726084709167
vn -0.0525883361798653 2.1179211778879572 5.9064945370913184
v -0.0646499991416931 0.0100409053266048 0.0282697789371014
vn 0.0002376444511237 2.6608429328508199 5.6853506505238123
v -0.0646499991416931 0.0129657527431846 0.0270534567534924
vn -2.1787669532875102 -3.7594104189469419 3.7688669789179827
v -0.0746500045061111 -0.0220076441764832 0.0203878190368414
vn -0.0050801604273613 -4.1415095658034282 4.7164015964515036
v -0.0646499991416931 -0.0194618906825781 0.0228305608034134
vn -2.1855476300488985 -3.3650672787679117 4.1187715755684309
v -0.0746500045061111 -0.0180208012461662 0.0239843782037497
vn 0.0007649288378577 -3.7061118180908510 5.0663814539470362
v -0.0646499991416931 -0.0180208031088114 0.0239843782037497
vn -2.1880532976703027 -3.0021985806935825 4.3855249110264189
v -0.0746500045061111 -0.0179710872471333 0.0240216497331858
vn -0.0055753782239300 -3.2399111466173371 5.3758175702684179
v -0.0646499991416931 -0.0152017343789339 0.0258632358163595
vn -2.1903055341213014 -2.5694025245072241 4.6517506713012784
v -0.0746500045061111 -0.0133852427825332 0.0268483720719814
vn 0.0005988336057420 -2.7492215676915395 5.6431554788794003
v -0.0646499991416931 -0.0133852437138557 0.0268483720719814
vn -2.1888637678307261 -2.1613179710024846 4.8554140238390433
v -0.0746500045061111 -0.0133455088362098 0.0268681440502405
vn -0.0059803469078477 -2.2356804971715976 5.8649871907076978
v -0.0646499991416931 -0.0104796821251512 0.0281100701540709
vn -2.1904635399882162 -1.6870396118347890 5.0397038369179548
v -0.0746500045061111 -0.0083081061020494 0.0288266390562057
vn 0.0004480533887469 -1.7052464279289881 6.0411510570333053
v -0.0646499991416931 -0.0083081070333719 0.0288266390562057
vn -2.1893975479760246 -1.2492825423990515 5.1656633870024091
v -0.0746500045061111 -0.0082825152203441 0.0288340058177710
vn -0.0063742158789263 -1.1605980084809122 6.1684073204428174
v -0.0646499991416931 -0.0054392097517848 0.0295027941465378
vn 0.0002525261335119 -0.6073005399477055 6.2477583067126083
v -0.0646499991416931 -0.0029568877071142 0.0298539251089096
vn -1.2647652818443755 -4.1850764040097799 3.7507141473112702
v -0.0707681402564049 -0.0277923643589020 0.0112953316420317
vn -1.0779274297605757 -4.1396850243298893 3.8300481828967912
v -0.0710665434598923 -0.0278576798737049 0.0111331827938557
vn -0.0214357980670856 -5.9699828908612815 1.9358329959382765
v -0.0646500065922737 -0.0282697714865208 0.0100408969447017
vn -0.0113706573097599 -6.1140118969563453 1.4197469251921901
v -0.0646500065922737 -0.0294085200875998 0.0059277662076056
vn 0.0104804297446536 -6.2167868727916966 0.8674840380960906
v -0.0646500065922737 -0.0295838732272387 0.0049793575890362
vn 0.0088511548973533 -6.2705846384336921 0.2948304716558060
v -0.0646500065922737 -0.0299956481903791 0.0005105574382469
vn 2.9705933455200833 -3.1297394032613566 -0.0243583663517312
v -0.0156500022858381 -0.0299990884959698 -0.0002334770251764
vn 2.9709114284243521 -3.0780321689865899 -0.5672036675146870
v -0.0156500022858381 -0.0295027922838926 -0.0054392176680267
vn 2.9716602463625668 -2.9328042136694923 -1.0931266970394504
v -0.0156500022858381 -0.0281100682914257 -0.0104796905070543
vn 2.9723095678912062 -2.6984438635568555 -1.5858425194834929
v -0.0156500022858381 -0.0258632339537144 -0.0152017427608371
vn 2.9728586053990531 -2.3820719393613445 -2.0303752372532711
v -0.0156500022858381 -0.0228305589407682 -0.0194618981331587
vn 2.9733082564323219 -1.9933057207769660 -2.4132162819621268
v -0.0156500022858381 -0.0191041883081198 -0.0231307130306959
vn 2.9736582329176966 -1.5439487263576135 -2.7227139177834601
v -0.0156500004231930 -0.0147973466664553 -0.0260967127978802
vn 2.9739073734972208 -1.0476718461576247 -2.9494797565623916
v -0.0156500004231930 -0.0100408950820565 -0.0282697789371014
vn 2.9740574041630348 -0.5195520683535727 -3.0866117541118343
v -0.0156500004231930 -0.0049793557263911 -0.0295838806778193
vn 2.9741079293852213 0.0243596374613097 -3.1299396939378972
v -0.0156499985605478 0.0002334789896850 -0.0299990903586149
vn 2.9740576696747549 0.5675305375393993 -3.0781501332295855
v -0.0156499985605478 0.0054392195306718 -0.0295027941465378
vn 2.9739078903678120 1.0934519431294147 -2.9328168845838505
v -0.0156499985605478 0.0104796923696995 -0.0281100701540709
vn 2.9736584917539322 1.5861398584754827 -2.6983549581609956
v -0.0156499966979027 0.0152017446234822 -0.0258632358163595
vn 2.9733086489308871 2.0306205007220153 -2.3818939597169377
v -0.0156499966979027 0.0194618999958038 -0.0228305608034134
vn 2.9728593698479946 2.4133844492719057 -1.9930528606903077
v -0.0156499966979027 0.0231307148933411 -0.0191041901707649
vn 2.9723103818358547 2.7227984218418517 -1.5436501694402396
v -0.0156499948352575 0.0260967146605253 -0.0147973485291004
vn 2.9716607283681098 2.9494622248783799 -1.0473461326850491
v -0.0156499948352575 0.0282697807997465 -0.0100408969447017
vn 2.9709120294264899 3.0864869940275983 -0.5192260068443671
v -0.0156499948352575 0.0295838825404644 -0.0049793575890362
vn 2.9705940603600531 3.1297387659335247 0.0243583832267458
v -0.0156499948352575 0.0299990922212601 0.0002334770542802
vn 2.9709121962585892 3.0780314425376454 0.5672035310358939
v -0.0156499948352575 0.0295027960091829 0.0054392176680267
vn 2.9716610306133981 2.9328033506348037 1.0931264378927357
v -0.0156499948352575 0.0281100720167160 0.0104796905070543
vn 2.9723102334496976 2.6984425372887211 1.5858422228548590
v -0.0156499948352575 0.0258632376790047 0.0152017427608371
vn 2.9728591936286750 2.3820709894031564 2.0303754879712521
v -0.0156499966979027 0.0228305626660585 0.0194618981331587
vn 2.9733087834775564 1.9933008833895711 2.4132113013762906
v -0.0156499966979027 0.0191041920334101 0.0231307130306959
vn 2.9736586300831518 1.5439490413315309 2.7227154472979307
v -0.0156499966979027 0.0147973503917456 0.0260967127978802
vn 2.9739076336099801 1.0476714191426064 2.9494811645487018
v -0.0156499985605478 0.0100408988073468 0.0282697789371014
vn 2.9740575355416681 0.5195510183573446 3.0866103183171290
v -0.0156499985605478 0.0049793594516814 0.0295838806778193
vn 2.9741079237439028 -0.0243601296462865 3.1299391540452772
v -0.0156499985605478 -0.0002334750752198 0.0299990903586149
vn 2.9740575182752225 -0.5675317442546839 3.0781520333763179
v -0.0156500004231930 -0.0054392158053815 0.0295027941465378
vn 2.9739075996574313 -1.0934521244174724 2.9328150856496786
v -0.0156500004231930 -0.0104796886444092 0.0281100701540709
vn 2.9736580712705436 -1.5861376343513431 2.6983493816942725
v -0.0156500004231930 -0.0152017408981919 0.0258632358163595
vn 2.9733081127425280 -2.0306222627161725 2.3818956713985266
v -0.0156500022858381 -0.0194618962705135 0.0228305608034134
vn 2.9728587776802664 -2.4133850787987630 1.9930525572758777
v -0.0156500022858381 -0.0231307111680508 0.0191041901707649
vn 2.9723097103494487 -2.7227995917409165 1.5436501676716776
v -0.0156500022858381 -0.0260967109352350 0.0147973485291004
vn 2.9716599510528368 -2.9494628129613800 1.0473463340902400
v -0.0156500022858381 -0.0282697770744562 0.0100408969447017
vn 2.9709112728152260 -3.0864876233419167 0.5192261428577643
v -0.0156500022858381 -0.0295838788151741 0.0049793575890362
vn -3.0900419105457213 0.0000000000000000 0.0000000000000000
v -0.0696500018239021 -0.0269594416022301 0.0125185819342732
vn -3.0995128274620836 -2.7316289742525797 1.5487825377861015
v -0.0696500018239021 -0.0260966662317514 0.0147974183782935
vn -4.9942242683783347 -2.5318518877104128 0.1601744636355877
v -0.0696500018239021 -0.0245841052383184 0.0167125072330236
vn -6.0437252957431404 -0.9138066151616500 -0.5991432238327375
v -0.0696500018239021 -0.0246365927159786 0.0161955710500479
vn -2.8077171043543512 -2.6418648338748381 0.3850818393699422
v -0.0696500018239021 -0.0212270338088274 0.0142622822895646
vn -2.8070175416355583 -1.6870199447403182 2.0704709935576480
v -0.0696500018239021 -0.0231373626738787 0.0108932107686996
vn -6.0443005208226648 0.0442449739956207 1.0904303405865092
v -0.0696500018239021 -0.0265469159930944 0.0128264920786023
vn -3.0900367139925122 0.0000118315004409 0.0000096712761973
v -0.0696499943733215 0.0243211425840855 0.0170882772654295
vn -3.0994546581652123 2.7076374497105009 1.5903463277758316
v -0.0696499943733215 0.0258632861077785 0.0152016729116440
vn -3.0914274905851729 0.0000000000000000 0.0000000000000000
v -0.0696499943733215 0.0267655216157436 0.0129342135041952
vn -6.0437203325101230 -0.0619487708134624 1.0909842286866118
v -0.0696499943733215 0.0263440851122141 0.0132381366565824
vn -2.8077122413536029 1.6544232345743037 2.0953806103312096
v -0.0696499943733215 0.0229650270193815 0.0112520158290863
vn -2.8070160428656998 2.6365899062185836 0.4257650579889423
v -0.0696499943733215 0.0210024919360876 0.0145909460261464
vn -6.0443421969702094 0.9222156264284151 -0.5834509314162493
v -0.0696500018239021 0.0243815388530493 0.0165770649909973
vn -3.0900427004386506 0.0000000000000000 0.0000000000000000
v -0.0696500018239021 0.0026383239310235 -0.0296068601310253
vn -3.0991956615304725 0.0239467233861675 -3.1400432665457005
v -0.0696500018239021 0.0002334051241633 -0.0299990922212601
vn -3.0914216101431005 0.0000000000000000 0.0000000000000000
v -0.0696500018239021 -0.0021813898347318 -0.0296467188745737
vn -6.0438493601024961 0.9755346524625750 -0.4917034523868050
v -0.0696500018239021 -0.0017074674833566 -0.0294337086379528
vn -2.8088793944222417 0.9859445891002497 -2.4827803019451444
v -0.0696500018239021 -0.0017379688797519 -0.0255142971873283
vn -2.8059318675516147 -0.9509893806046179 -2.4941070212869327
v -0.0696500018239021 0.0021348972804844 -0.0254841558635235
vn -6.0442203552557245 -0.9665890354928527 -0.5069922541912555
v -0.0696500018239021 0.0021654034499079 -0.0294035580009222
vn -0.2875474064875053 0.4156772908639963 5.7575944904477669
v -0.0731500014662743 -0.0273344181478024 0.0109008764848113
vn -0.3661323135105502 0.5019449359065369 5.5650243229291974
v -0.0736500024795532 -0.0273344181478024 0.0109008764848113
vn -4.1489509249555656 -0.3958210189539890 4.1002098799885545
v -0.0700558796525002 -0.0267919246107340 0.0122773516923189
vn -3.6730451791929575 -0.1346777590635517 4.5314282946753561
v -0.0706107616424561 -0.0270072743296623 0.0117607200518250
vn -2.0022923122449945 -1.4652804855258292 1.9777737776985254
v -0.0697337761521339 -0.0266070831567049 0.0126948170363903
vn -1.8766800204250624 -1.4419598267989173 2.1113600277256674
v -0.0696500018239021 -0.0269594397395849 0.0125185782089829
vn -4.5324575642153722 -0.6033069632328967 3.5892430242684239
v -0.0698234587907791 -0.0266650151461363 0.0125660691410303
vn -1.8811246680885692 -1.4237615839993190 2.1287631394125497
v -0.0699358507990837 -0.0267300345003605 0.0124193225055933
vn -1.4622982868731238 -1.2064713475840327 2.5464008904026501
v -0.0707645118236542 -0.0270522423088551 0.0116480812430382
vn -3.0948299561934638 0.0397924910010763 4.8913541485323915
v -0.0709239840507507 -0.0270939487963915 0.0115423500537872
vn -1.2405151804798082 -1.2029107800416732 2.6634150162606538
v -0.0710893645882607 -0.0271325074136257 0.0114435078576207
vn -2.6324987352306404 0.1023007793455584 5.1678964080629406
v -0.0712597444653511 -0.0271677058190107 0.0113521823659539
vn -2.4207756143332149 0.1806077679330482 5.2537322908664148
v -0.0714288279414177 -0.0271984878927469 0.0112712634727359
vn -1.9607187353584115 0.3078324272258306 5.4514802385341241
v -0.0716464892029762 -0.0272325985133648 0.0111803393810987
vn -1.1142763265712925 0.4431282224240185 5.7517539992267226
v -0.0723639056086540 -0.0273076202720404 0.0109753524884582
vn -2.0006474790716946 -2.4524909734053848 0.2402856129405096
v -0.0697347968816757 -0.0245537497103214 0.0163163188844919
vn -3.2962793367073142 -4.0864835960505950 -2.4274009730289445
v -0.0707674399018288 -0.0238837115466595 0.0172361079603434
vn -3.5115029425481135 -3.9852891589249451 -2.2890969734505902
v -0.0706122368574142 -0.0239578504115343 0.0171389095485210
vn -1.6179706787351131 -2.7293528829068863 -0.1478107499003450
v -0.0704636648297310 -0.0240355432033539 0.0170356258749962
vn -3.9004413514336269 -3.7946358974758656 -2.0245089151440445
v -0.0703215673565865 -0.0241168513894081 0.0169262010604143
vn -1.7390469547567902 -2.6585426476654126 -0.0029238345578780
v -0.0701869130134583 -0.0242011621594429 0.0168114621192217
vn -4.2298156870913122 -3.6437302745755265 -1.6392069260312478
v -0.0700593143701553 -0.0242885947227478 0.0166911296546459
vn -1.8683918179558392 -2.5677591908682849 0.1331872951476242
v -0.0699386298656464 -0.0243791639804840 0.0165649224072695
vn -4.5292050626918723 -3.3918934244771592 -1.3142234385015741
v -0.0698256418108940 -0.0244721584022045 0.0164334699511528
vn -1.0408524592464181 -2.9687837398288925 -0.4210120470291731
v -0.0714383870363235 -0.0236334037035704 0.0175566487014294
vn -2.6624163184554508 -4.3369024408479904 -2.7700924172133443
v -0.0712635964155197 -0.0236886125057936 0.0174867287278175
vn -1.2705137358556293 -2.8826398205009154 -0.3864829961654780
v -0.0710935369133949 -0.0237487889826298 0.0174100697040558
vn -3.0854678476974668 -4.1782646440821969 -2.5885583056201198
v -0.0709284394979477 -0.0238137338310480 0.0173267386853695
vn -1.9833516011110848 -4.5123856673223566 -3.0695928468802336
v -0.0716173499822617 -0.0235834047198296 0.0176196005195379
vn -1.0975195755719265 -4.6990944680183286 -3.2784825945416829
v -0.0723695084452629 -0.0234377868473530 0.0177995860576630
vn -0.2809041244981594 -4.6949767771125464 -3.3546101707839773
v -0.0731500014662743 -0.0233884584158659 0.0178600009530783
vn -0.3647729238044278 -4.5203610552134608 -3.2841433397800701
v -0.0736500024795532 -0.0233884584158659 0.0178600009530783
vn -0.2875514496238409 4.7783822085517054 -3.2387945466407624
v -0.0731499940156937 0.0231076572090387 0.0182218700647354
vn -0.3661284244523573 4.5684795632518211 -3.2172184121616652
v -0.0736499950289726 0.0231076572090387 0.0182218700647354
vn -1.8811215982975789 2.5554491297461377 0.1686307895421112
v -0.0699358433485031 0.0241204798221588 0.0169392339885235
vn -4.5324475055830433 3.4100453491760625 -1.2721497661537509
v -0.0698234513401985 0.0242150556296110 0.0168095529079437
vn -1.8766704109906036 2.5494664731521484 0.1930901848776623
v -0.0696499943733215 0.0243211388587952 0.0170882772654295
vn -2.0023620569460014 2.4454001945815498 0.2800984953367004
v -0.0697337687015533 0.0242975875735283 0.0166950076818466
vn -4.1489524590217144 3.7487942319753675 -1.7073187448964990
v -0.0700558722019196 0.0240284744650126 0.0170638170093298
vn -3.6730545702126784 3.9916644941702466 -2.1490606634675409
v -0.0706107541918755 0.0236887335777283 0.0175086352974176
vn -1.4622942992780983 2.8084610674254611 -0.2283626227102352
v -0.0707645043730736 0.0236136671155691 0.0176038965582848
vn -3.0947526143644533 4.2161844130764834 -2.4801281147270036
v -0.0709239766001701 0.0235429573804140 0.0176928825676441
vn -2.4415838792131619 4.4493349847650610 -2.8024458478029342
v -0.0714288279414177 0.0233604591339827 0.0179189592599869
vn -2.6293339535241471 4.4212456061174779 -2.7064789948998000
v -0.0712597370147705 0.0234151445329189 0.0178518407046795
vn -1.2402417057249995 2.9080109017521103 -0.2910040579589881
v -0.0710893645882607 0.0234766360372305 0.0177756957709789
vn -1.9607348598367813 4.5672010773750236 -2.9923232549841430
v -0.0716464817523956 0.0232987720519304 0.0179939586669207
vn -1.1142776012987397 4.7596011408837340 -3.2596390024965132
v -0.0723639056086540 0.0231587570160627 0.0181614253669977
vn -1.9027705412956344 1.4046509996511534 2.1125746191852626
v -0.0696499943733215 0.0267655216157436 0.0129342144355178
vn -2.0005628067208963 1.4343478697927745 2.0037721149624108
v -0.0697347968816757 0.0264072343707085 0.0131060183048248
vn -1.4247250322341487 1.2048666846703635 2.5702182039271850
v -0.0707674324512482 0.0268687773495913 0.0120658539235592
vn -3.5111118189601731 0.0099586324248021 4.5962778787462799
v -0.0706122294068336 0.0268216710537672 0.0121786603704095
vn -1.6176226149507875 1.2376779608338284 2.4373475959995683
v -0.0704636573791504 0.0267710704356432 0.0122975856065750
vn -3.9003198736291784 0.1442174003295915 4.2984409823350642
v -0.0703215673565865 0.0267169587314129 0.0124227125197649
vn -1.7390428788459840 1.3268416496149635 2.3037999396880782
v -0.0701869055628777 0.0266597475856543 0.0125530976802111
vn -4.2298786314862191 0.4022478642030634 3.9751588597465357
v -0.0700593069195747 0.0265992525964975 0.0126889813691378
vn -1.8683697921164732 1.3992134949494386 2.1571191955253100
v -0.0699386298656464 0.0265352390706539 0.0128305219113827
vn -4.5292111259648689 0.5578014086312495 3.5946378357321764
v -0.0698256343603134 0.0264678951352835 0.0129767833277583
vn -3.0895235550102527 -0.1359962946937350 4.9037063497657574
v -0.0709284320473671 0.0269122775644064 0.0119599355384707
vn -1.2542218362942574 1.1455748589854902 2.6814997158626239
v -0.0710935294628143 0.0269519705325365 0.0118620265275240
vn -2.6489234785248659 -0.2235151301800589 5.1438461914341831
v -0.0712635889649391 0.0269882716238499 0.0117715829983354
vn -1.0435906840091858 1.1068860433280103 2.7854795100456764
v -0.0714383870363235 0.0270212199538946 0.0116888126358390
vn -1.9877937295700989 -0.4148809341589763 5.4456236732690826
v -0.0716173425316811 0.0270507372915745 0.0116140348836780
vn -1.1010064623994391 -0.4946782375500393 5.7097120673325561
v -0.0723695009946823 0.0271338000893593 0.0113979335874319
vn -0.2809008127462668 -0.5576868762667947 5.7432720858488446
v -0.0731499940156937 0.0271614566445351 0.0113250073045492
vn -0.3647728786121119 -0.5839705628587047 5.5568175788651795
v -0.0736499950289726 0.0271614566445351 0.0113250073045492
vn -1.9028359595095685 1.1271984381025075 -2.2727140478998948
v -0.0696500018239021 -0.0021813896019012 -0.0296467188745737
vn -2.0009393869191472 1.0178222489028026 -2.2436524582110873
v -0.0697342902421951 -0.0018526250496507 -0.0294224061071873
vn -4.1459877540883650 3.3984725188147240 -2.3365537678443475
v -0.0700581744313240 -0.0023092462215573 -0.0293802525848150
vn -1.8689148103066051 1.1678300940615687 -2.2903169714376026
v -0.0699375122785568 -0.0021545449271798 -0.0293955896049738
vn -4.5305281069113104 2.8321816148668848 -2.2800452930507453
v -0.0698245540261269 -0.0019940873607993 -0.0294103976339102
vn -3.6967787582072686 3.8686042225529533 -2.3228063994356147
v -0.0706115514039993 -0.0028632336761802 -0.0293176397681236
vn -2.6485475348867915 4.5715208200338253 -2.3745655540260051
v -0.0712628290057182 -0.0032992239575833 -0.0292583722621202
vn -1.2547568628725192 1.7492320916236159 -2.3327294237337028
v -0.0710927322506905 -0.0032026746775955 -0.0292721632868052
vn -3.0905490449412660 4.3140521344667322 -2.3339407809151638
v -0.0709275975823402 -0.0030979581642896 -0.0292867515236139
vn -1.4251439833804778 1.6230217471154629 -2.3285691794449219
v -0.0707666799426079 -0.0029844765085727 -0.0293020363897085
vn -1.0483715903992281 1.8601162806283940 -2.3481310220373786
v -0.0714376643300056 -0.0033874455839396 -0.0292455106973648
vn -1.9885878070655858 4.9231546360391381 -2.3635810007864313
v -0.0716166719794273 -0.0034670263994485 -0.0292336773127317
vn -1.1015406598476460 5.1920160607320298 -2.4264689402909250
v -0.0723691508173943 -0.0036959147546440 -0.0291975308209658
vn -0.2810380758750176 5.2526850949724713 -2.3886805773569111
v -0.0731500014662743 -0.0037729709874839 -0.0291850063949823
vn -0.2874184344956721 -5.1940548983629524 -2.5187967236697317
v -0.0731500014662743 0.0042267870157957 -0.0291227456182241
vn -0.3661322942999009 -5.0704258300768448 -2.3478141567170083
v -0.0736500024795532 0.0042267870157957 -0.0291227456182241
vn -1.8805618309830554 -1.1322079938424177 -2.2975821621228283
v -0.0699366405606270 0.0026106603909284 -0.0293584372848272
vn -4.5314308958315683 -2.8080586476188021 -2.3173876416306554
v -0.0698243379592896 0.0024513048119843 -0.0293754842132330
vn -1.8773034263549477 -1.1071974528589699 -2.3040772864667551
v -0.0696499943733215 0.0026383255608380 -0.0296068564057350
vn -2.0020527978590508 -0.9803909428404401 -2.2582026476111201
v -0.0697341859340668 0.0023101984988898 -0.0293897595256567
vn -4.2311144754865984 -3.2041586651781380 -2.3852458042163356
v -0.0700565725564957 0.0027643253561109 -0.0293410718441010
vn -1.7439083711907515 -1.3143469996256885 -2.3085750116716008
v -0.0701853632926941 0.0029136186931282 -0.0293232519179583
vn -3.9151044116039437 -3.5876045148281177 -2.3375283619599538
v -0.0703213363885880 0.0030563650652766 -0.0293052010238171
vn -1.5947353330376570 -1.4388001946144975 -2.3405341385847720
v -0.0704633444547653 0.0031914606224746 -0.0292871296405792
vn -3.5036061095780875 -3.9710665802890146 -2.3510016920766890
v -0.0706118196249008 0.0033194420393556 -0.0292692296206951
vn -1.4614397590981434 -1.6022134210779659 -2.3183821654366712
v -0.0707655325531960 0.0034393568057567 -0.0292518660426140
vn -3.0934018576647988 -4.2567114366910408 -2.4115018764494569
v -0.0709249526262283 0.0035516670905054 -0.0292351339012384
vn -1.2397177316825210 -1.7064408686154739 -2.3729131303287403
v -0.0710902735590935 0.0036564464680851 -0.0292191188782454
vn -2.6264670237554162 -4.5560483974504429 -2.4771617576377198
v -0.0712605938315392 0.0037530444096774 -0.0292039494961500
vn -1.0627540516650025 -1.8252415761527865 -2.3699266728783863
v -0.0714366063475609 0.0038417449686676 -0.0291895475238562
vn -2.1974522400762817 -4.7317453640113909 -2.4131321551794782
v -0.0716168433427811 0.0039217057637870 -0.0291761402040720
vn -1.8871985719662536 -4.8919051986886535 -2.4450021603564362
v -0.0716464817523956 0.0039338506758213 -0.0291740726679564
vn -1.1137757731216880 -5.2027912774231515 -2.4922107965033611
v -0.0723643526434898 0.0041489796712995 -0.0291367601603270
vn -0.3647729055517013 5.1043349483483738 -2.2726725415592983
v -0.0736500024795532 -0.0037729709874839 -0.0291850063949823
vn -2.2992824990422616 4.4256332355743586 3.1607634996721319
v -0.0761500000953674 -0.0142776584252715 -0.0201117247343063
vn -2.3771199245415597 3.4839624450982321 4.2182632464375232
v -0.0761500000953674 -0.0131511501967907 -0.0214332211762667
vn -2.3771179142680157 1.8311228849179200 5.1554584286842076
v -0.0761500000953674 -0.0116406017914414 -0.0222897324711084
vn -2.2992781194604417 0.4401685681166296 5.4206045597302088
v -0.0761500000953674 -0.0099282069131732 -0.0225779507309198
vn -2.6279999450446319 1.4887028643411375 3.6768862950184702
v -0.0712880492210388 -0.0008998507983051 -0.0225076861679554
vn -1.5172733528099309 2.5993888735734307 3.6855340058293962
v -0.0720750018954277 -0.0016867814119905 -0.0225138105452061
vn 1.5172700613732153 -2.6564353432073964 3.6446290910298877
v -0.0742250010371208 0.0020370152778924 -0.0224848277866840
vn -0.0000002448850934 -3.0629786334335738 3.6414643860621054
v -0.0731500014662743 0.0023250519298017 -0.0224825870245695
vn -2.2992786858258691 -0.5244864510623473 5.4130968049266279
v -0.0761500000953674 0.0102784410119057 -0.0224206876009703
vn 0.0000012865851777 3.0059268790254308 3.6886973231121805
v -0.0731500014662743 -0.0019748180638999 -0.0225160513073206
vn 1.5172734180462921 2.5993893245302462 3.6855339892580972
v -0.0742250010371208 -0.0016867811791599 -0.0225138105452061
vn -3.0345471399518731 -0.0285144121960737 3.6650766623912663
v -0.0710000023245811 0.0001751166564645 -0.0224993191659451
vn -2.6279986907315154 -1.5457481135510343 3.6532807966775427
v -0.0712880417704582 0.0012500841403380 -0.0224909540265799
vn -1.5172656239822881 -2.6564403694217802 3.6446242956612789
v -0.0720750018954277 0.0020370150450617 -0.0224848277866840
vn 2.6280009250980059 1.4887028602286310 3.6768861724676909
v -0.0750119537115097 -0.0008998503326438 -0.0225076861679554
vn 3.0345445047058188 -0.0285243362223127 3.6650830488036923
v -0.0753000006079674 0.0001751171948854 -0.0224993191659451
vn 2.6280022567681183 -1.5457528831976939 3.6532696508907456
v -0.0750119537115097 0.0012500846059993 -0.0224909540265799
vn -2.3771187057830363 -1.9111454084165558 5.1263319682147870
v -0.0761500000953674 0.0119861429557204 -0.0221058502793312
vn -2.3771205042933987 -3.5491959105430109 4.1635253830292838
v -0.0761500000953674 0.0134831769391894 -0.0212259311228991
vn -2.2992819743335167 -4.4742941976973434 3.0914980439814594
v -0.0761500000953674 0.0145889800041914 -0.0198870617896318
vn -2.2872727687027208 -4.9471670697557739 2.2604522905493534
v -0.0761500000953674 0.0245561096817255 -0.0023089603055269
vn -2.3286947894193730 -5.3390618928173312 1.1379418098682237
v -0.0761500000953674 0.0251373033970594 -0.0006726285209879
vn -2.3162879834006831 -5.4328336240620807 -0.0508894483179361
v -0.0761500000953674 0.0252065043896437 0.0001961772795767
vn -2.3527707776017235 -5.3185530280252511 -1.2201950480759052
v -0.0761500000953674 0.0251237899065018 0.0010638007661328
vn -2.2992972621470589 -4.9144508258778679 -2.3290978482181757
v -0.0761500000953674 0.0245171971619129 0.0026908882427961
vn 2.6279840817291777 -2.3909484981066522 -3.1652960774345438
v -0.0750119537115097 0.0188527069985867 0.0123280733823776
vn -2.2992826784712115 -4.4256336280558903 -3.1607626491736260
v -0.0761500000953674 0.0142776770517230 0.0201117247343063
vn 3.0345482437709661 -3.1597923682022442 -1.8572450309139834
v -0.0753000006079674 0.0193974375724792 0.0114013077691197
vn 2.6279871794458192 -3.9286316863423583 -0.5491877357574794
v -0.0750119537115097 0.0199421662837267 0.0104745412245393
vn 1.5172701421706163 -4.4914624283911824 0.4083655607751270
v -0.0742250010371208 0.0203409343957901 0.0097961015999317
vn -1.5172760576373090 -1.8281204304034788 -4.1228578622289609
v -0.0720749944448471 0.0184539388865232 0.0130065130069852
vn -0.0000029628699881 -1.6221096059271789 -4.4733482053337452
v -0.0731499940156937 0.0183079782873392 0.0132548389956355
vn 1.5172740686918589 -1.8281215818339636 -4.1228591273051194
v -0.0742250010371208 0.0184539388865232 0.0130065130069852
vn -2.6279854837226155 -2.3909481323693478 -3.1652959998503545
v -0.0712880417704582 0.0188527069985867 0.0123280733823776
vn -3.0345486861757083 -3.1597924729829998 -1.8572447156495751
v -0.0709999948740005 0.0193974375724792 0.0114013077691197
vn -2.6279899052543025 -3.9286302834254414 -0.5491872194633977
v -0.0712880417704582 0.0199421662837267 0.0104745412245393
vn -1.5172724690174402 -4.4914591518209193 0.4083689616978436
v -0.0720749944448471 0.0203409343957901 0.0097961015999317
vn -0.0000032017655040 -4.6974697042970686 0.7588646932414224
v -0.0731499940156937 0.0204868949949741 0.0095477756112814
vn -2.3771212636024988 -3.4839633529464367 -4.2182619480423273
v -0.0761500000953674 0.0131511697545648 0.0214332211762667
vn -2.3771218546386459 -1.8311217472931789 -5.1554547623066460
v -0.0761500000953674 0.0116406204178929 0.0222897324711084
vn -2.2992744809826804 -0.4401715139240756 -5.4206086220371423
v -0.0761500000953674 0.0099282255396247 0.0225779525935650
vn -2.2992784464245424 0.5244869939498813 -5.4130969287073905
v -0.0761500000953674 -0.0102784223854542 0.0224206876009703
vn -3.1557957810239294 -3.1560828408924935 3.5020002411264213
v -0.0749327167868614 -0.0278119482100010 0.0104695716872811
vn -1.4106750069153993 0.4350914643851952 5.2793660930968063
v -0.0744668617844582 -0.0273776687681675 0.0107950950041413
vn -3.0996841475082317 -0.7794351936153380 3.2930550784931181
v -0.0752173587679863 -0.0275008976459503 0.0104871727526188
vn -0.2504365254209996 -4.1429225479620957 -1.2391729377934959
v -0.0731500014662743 -0.0202092174440622 0.0160573087632656
vn -1.0654323725053563 -3.8901074819188852 -1.1346366578009677
v -0.0718182697892189 -0.0203217752277851 0.0158588010817766
vn -2.1127919862994018 -1.1465812403938811 -2.0220261389938043
v -0.0704636648297310 -0.0240355469286442 0.0170356277376413
vn -2.0404100971808203 -3.6054147180958496 -0.6314253494057483
v -0.0704753324389458 -0.0207151677459478 0.0151650123298168
vn -1.6149057812126044 -1.3843760810886216 -2.3153140692715279
v -0.0710935369133949 -0.0237487908452749 0.0174100715667009
vn -1.3550667427688414 -1.4168255777186132 -2.4603115679176231
v -0.0714383870363235 -0.0236334074288607 0.0175566505640745
vn -2.6790549192671045 -0.8072477812011307 -1.4180135090028387
v -0.0697347968816757 -0.0245537459850311 0.0163163188844919
vn -2.5189000905149590 -0.9477667127279528 -1.6131525498800259
v -0.0699386298656464 -0.0243791677057743 0.0165649242699146
vn -2.3429901581296035 -1.0642208816645655 -1.7988037768976781
v -0.0701869130134583 -0.0242011640220881 0.0168114639818668
vn -0.2637295498653400 -1.0475195618598894 4.1798121276836921
v -0.0731500014662743 -0.0241551771759987 0.0090981842949986
vn -0.2676163154533808 -1.3380162526811363 4.3437314501135216
v -0.0736500024795532 -0.0241551771759987 0.0090981842949986
vn -2.5215085603659659 0.8968931115698380 1.6391146591606436
v -0.0699358507990837 -0.0267300363630056 0.0124193234369159
vn -2.0299190860185696 -1.3027558760527849 3.4243826501225842
v -0.0704883486032486 -0.0236549768596888 0.0099803404882550
vn -2.6807540408677770 0.8020404709771676 1.4199984195193407
v -0.0697337761521339 -0.0266070850193501 0.0126948179677129
vn -1.0482472715741444 -1.0057189549280603 3.9149876802160675
v -0.0718259066343307 -0.0240439455956221 0.0092943534255028
vn -1.6179418021015679 1.2781064684137888 2.3731022321709530
v -0.0710893645882607 -0.0271325111389160 0.0114435097202659
vn -1.8750191959354812 1.2329423564056805 2.2010744844354782
v -0.0707645118236542 -0.0270522460341454 0.0116480831056833
vn -0.2672801765734912 -4.4140819168348653 -1.0822476113354031
v -0.0736500024795532 -0.0202092174440622 0.0160573087632656
vn -3.3949402783361755 -3.2817133894895560 -0.9238705922816886
v -0.0752173587679863 -0.0231189168989658 0.0182152669876814
vn -2.5282934429401562 -4.1717096040857156 -2.7524604696724086
v -0.0751993209123611 -0.0231257360428572 0.0182065274566412
vn -3.1620616977620917 -4.6382432704786938 0.9156241304562606
v -0.0749327167868614 -0.0232635140419006 0.0184912271797657
vn -1.3853275695866025 -4.3139007580205506 -3.0915588911757554
v -0.0744543299078941 -0.0233220234513283 0.0179485920816660
vn -3.1562908759974686 4.6110972577976801 0.9812177329215223
v -0.0749327167868614 0.0229729022830725 0.0188510771840811
vn -1.4106715843175728 4.3545163188224620 -3.0164873435437674
v -0.0744668543338776 0.0230376739054918 0.0183122158050537
vn -3.0996962729687514 3.2415855761234935 -0.9715262345510315
v -0.0752173513174057 0.0228326208889484 0.0185728985816240
vn -0.0000026670767277 4.6974681815436030 -0.7588638777643351
v -0.0731499940156937 0.0208943020552397 0.0147750135511160
vn -1.5172735937079656 4.4914618533104127 -0.4083690954081274
v -0.0720749944448471 0.0210402607917786 0.0145266875624657
vn -2.6279935061811672 3.9286281870171598 0.5491888559924430
v -0.0712880417704582 0.0214390307664871 0.0138482479378581
vn -3.0345454970545234 3.1597930202932645 1.8572440223366029
v -0.0709999948740005 0.0219837594777346 0.0129214813932776
vn -2.6279934014216266 2.3909463199296694 3.1652969423099062
v -0.0712880417704582 0.0225284881889820 0.0119947157800198
vn -1.5172707978668607 1.8281249305894489 4.1228559947746684
v -0.0720749944448471 0.0229272600263357 0.0113162761554122
vn -0.0000001512512922 1.6221091813481576 4.4733490298750880
v -0.0731499940156937 0.0230732187628746 0.0110679501667619
vn 1.5172675524122918 1.8281163017523880 4.1228571215763905
v -0.0742249935865402 0.0229272600263357 0.0113162761554122
vn 2.6279893390721756 2.3909493776952546 3.1653023063118155
v -0.0750119537115097 0.0225284900516272 0.0119947157800198
vn 3.0345426644402815 3.1597921130220450 1.8572454650651005
v -0.0753000006079674 0.0219837613403797 0.0129214813932776
vn 2.6279997370444370 3.9286277620779044 0.5491905166189248
v -0.0750119537115097 0.0214390307664871 0.0138482479378581
vn 1.5172717565258560 4.4914638403693106 -0.4083692520240382
v -0.0742250010371208 0.0210402607917786 0.0145266875624657
vn -0.2504353290786148 0.9983059009048644 4.2074616086268746
v -0.0731499940156937 0.0240106601268053 0.0094730490818620
vn -1.0654322378227206 0.9624285434809250 3.9362503616420756
v -0.0718182623386383 0.0238950271159410 0.0096697807312012
vn -2.1128322875445975 -1.1778259169376710 2.0039638790355516
v -0.0704636573791504 0.0267710722982883 0.0122975884005427
vn -2.0404064669225699 1.2558758925883586 3.4380933244935572
v -0.0704753249883652 0.0234908834099770 0.0103573622182012
vn -1.8720197399728251 -1.2661534713371541 2.1832728525620650
v -0.0707674324512482 0.0268687792122364 0.0120658539235592
vn -1.6149086300582778 -1.3129396652574516 2.3565755205532408
v -0.0710935294628143 0.0269519723951817 0.0118620274588466
vn -1.3550520418528631 -1.4222883711295529 2.4571660231694330
v -0.0714383870363235 0.0270212218165398 0.0116888144984841
vn -2.6790576176114889 -0.8244126855153144 1.4081054334713230
v -0.0697347894310951 0.0264072325080633 0.0131060155108571
vn -2.5188999947933519 -0.9231488753534077 1.6273584574700939
v -0.0699386298656464 0.0265352427959442 0.0128305228427052
vn -2.3429588090594118 -1.0257150496694143 1.8210678056550673
v -0.0701869055628777 0.0266597494482994 0.0125530995428562
vn -0.2637308921799018 4.1435812481960745 -1.1827293921161401
v -0.0731499940156937 0.0199568606913090 0.0163699146360159
vn -0.2676160562726929 4.4307888166443412 -1.0131132219653352
v -0.0736499950289726 0.0199568606913090 0.0163699146360159
vn -2.5214962205551332 0.9710692471342357 -1.5962897886306242
v -0.0699358433485031 0.0241204816848040 0.0169392358511686
vn -2.0299183128592868 3.6169798010698235 -0.5839754767203571
v -0.0704883411526680 0.0204707309603691 0.0154956486076117
vn -2.6807936987583965 0.8287090945064887 -1.4045483565877843
v -0.0697337687015533 0.0242975894361734 0.0166950095444918
vn -1.0482467232685744 3.8933418134417836 -1.0865153340034031
v -0.0718259066343307 0.0200711321085691 0.0161754991859198
vn -1.6179489368093725 1.4161186991617418 -2.2934358840235753
v -0.0710893645882607 0.0234766378998756 0.0177756976336241
vn -1.8750456171046395 1.2897364656439034 -2.1683295679772319
v -0.0707645043730736 0.0236136689782143 0.0176038984209299
vn -0.2672781360772369 1.2697876604464056 4.3638272376566540
v -0.0736499950289726 0.0240106601268053 0.0094730490818620
vn -3.3947631602582478 0.8407068798869017 3.3040590957959894
v -0.0752173513174057 0.0273343548178673 0.0109139457345009
vn -2.5281300322248104 -0.2979620550591131 4.9892291041845764
v -0.0751993134617805 0.0273301955312490 0.0109242191538215
vn -3.1585326214730989 3.1246993347369934 3.5331863282146263
v -0.0749327093362808 0.0276456438004971 0.0109011875465512
vn -1.3853326987375161 -0.5204236370147876 5.2817284438732566
v -0.0744543224573135 0.0272049605846405 0.0112231764942408
vn -3.1591484891874435 -1.4398898018341317 -4.4776148329420682
v -0.0749327167868614 0.0048390734009445 -0.0293206479400396
vn -1.4106742312227507 -4.7896145418336991 -2.2628802460365782
v -0.0744668543338776 0.0043400209397078 -0.0291073117405176
vn -3.0984789374915587 -2.4505991028332730 -2.3204944303311419
v -0.0752173513174057 0.0046683051623404 -0.0290600694715977
vn 3.0345468461721965 0.0285247531338385 -3.6650830455578403
v -0.0753000006079674 0.0001984648843063 -0.0254992265254259
vn 2.6279874545538822 -1.4887039510275917 -3.6768862611805417
v -0.0750119537115097 0.0012734322808683 -0.0254908613860607
vn 1.5172744742579791 -2.5993864469285830 -3.6855338116961489
v -0.0742250010371208 0.0020603628363460 -0.0254847370088100
vn -0.0000005764485733 -3.0059291031194828 -3.6886972511469374
v -0.0731500014662743 0.0023483994882554 -0.0254824943840504
vn -1.5172704056554482 -2.5993921657871861 -3.6855290999538957
v -0.0720750018954277 0.0020603626035154 -0.0254847370088100
vn -2.6279884961640088 -1.4887000033351951 -3.6768973391244923
v -0.0712880417704582 0.0012734318152070 -0.0254908613860607
vn -3.0345530329363952 0.0285369493853032 -3.6650764944133551
v -0.0710000023245811 0.0001984643458854 -0.0254992265254259
vn -2.6279925730703764 1.5457512638629294 -3.6532696648521519
v -0.0712880492210388 -0.0008765030652285 -0.0255075935274363
vn -1.5172725540643097 2.6564381748854844 -3.6446289757067429
v -0.0720750018954277 -0.0016634337371215 -0.0255137179046869
vn -0.0000009614776108 3.0629749267877102 -3.6414643811086767
v -0.0731500014662743 -0.0019514703890309 -0.0255159605294466
vn 1.5172750949150182 2.6564372659951574 -3.6446286423473788
v -0.0742250010371208 -0.0016634333878756 -0.0255137179046869
vn 2.6279914430659796 1.5457529674789774 -3.6532696563029665
v -0.0750119537115097 -0.0008765026577748 -0.0255075935274363
vn -0.2504385990558052 3.1446142464172420 -2.9682840950334830
v -0.0731500014662743 -0.0038014145102352 -0.0255303569138050
vn -1.0654162540976240 2.9276869384690731 -2.8016240213990047
v -0.0718182697892189 -0.0035732232499868 -0.0255285818129778
vn -1.8726146281361054 2.5233879307606757 0.0049593192981278
v -0.0707666799426079 -0.0029844769742340 -0.0293020382523537
vn -2.0392170469761797 2.3509983580962013 -2.8080098044229000
v -0.0704753249883652 -0.0027756898198277 -0.0255223736166954
vn -1.6155415865851845 2.6969593505412490 -0.0410994379657676
v -0.0710927322506905 -0.0032026749104261 -0.0292721651494503
vn -1.3556515443327348 2.8388501881860488 0.0030740208686395
v -0.0714376643300056 -0.0033874458167702 -0.0292455125600100
vn -2.6794988739158341 1.6310077545530264 0.0099338722844221
v -0.0697342827916145 -0.0018526269122958 -0.0294224023818970
vn -2.5197713652718297 1.8697288890939807 -0.0140222632594948
v -0.0699375122785568 -0.0021545453928411 -0.0293955914676189
vn -0.2637316345385267 -3.0960620046306850 -2.9970854094014996
v -0.0731500014662743 0.0041983434930444 -0.0254680961370468
vn -0.2676164277210573 -3.0927724106214320 -3.3306203797020042
v -0.0736500024795532 0.0041983439587057 -0.0254680961370468
vn -2.0308694086590382 -2.3129912332309108 -2.8390603869835518
v -0.0704883486032486 0.0031842731405050 -0.0254759900271893
vn -2.3429312470070531 -2.0875344575539367 -0.0552537936072502
v -0.0701853558421135 0.0029136203229427 -0.0293232537806034
vn -2.5208798190006387 -1.8688064991952360 -0.0429827387041635
v -0.0699366405606270 0.0026106603909284 -0.0293584410101175
vn -2.6804444364193092 -1.6312879762045231 -0.0154435332165363
v -0.0697341859340668 0.0023101987317204 -0.0293897595256567
vn -1.0484241115585236 -2.8875252012148507 -2.8282155650094172
v -0.0718259066343307 0.0039728400297463 -0.0254698526114225
vn -1.3817714258385498 -2.8231513618567705 -0.0804295608459392
v -0.0714366063475609 0.0038417496252805 -0.0291895456612110
vn -1.6172304665261432 -2.6946348695120221 -0.0798486179940250
v -0.0710902735590935 0.0036564467009157 -0.0292191226035357
vn -1.8742017174685213 -2.5233077636810375 -0.0328815044830583
v -0.0707655325531960 0.0034393570385873 -0.0292518679052591
vn -2.1132890274720442 -2.3239942106115552 -0.0182480083063435
v -0.0704633444547653 0.0031914610881358 -0.0292871315032244
vn -3.3948854644938087 2.4410435342682213 -2.3800777119707202
v -0.0752173513174057 -0.0042154104448855 -0.0291292108595371
vn -2.5282307643903694 4.4695935848773960 -2.2366426168549909
v -0.0751993134617805 -0.0042044334113598 -0.0291307475417852
vn -3.1617511391879041 1.5244451632885561 -4.4746414873358447
v -0.0749327167868614 -0.0043821022845805 -0.0293924137949944
vn -1.3853319164067290 4.8343215622291158 -2.1901665256511604
v -0.0744543224573135 -0.0038829103577882 -0.0291717685759068
vn -0.2672770570430686 3.1442915657565864 -3.2815840877034836
v -0.0736500024795532 -0.0038014142774045 -0.0255303569138050
vn -0.0000002827650814 4.6850898979386724 0.8318844694113026
v -0.0731500014662743 -0.0206330027431250 0.0092277470976114
vn -0.0000007970591248 -1.6915367229007872 4.4475612529748130
v -0.0731500014662743 -0.0232426729053259 0.0107074826955795
vn -1.5172711680216260 4.4845602436711385 0.4782275167373993
v -0.0720750018954277 -0.0204909257590771 0.0094783147796988
vn -1.5172712453935147 -1.8920734155708754 4.0939018787563040
v -0.0720750018954277 -0.0231005977839231 0.0109580503776670
vn -2.6279838738923416 3.9367022109503700 -0.4879729436378180
v -0.0712880492210388 -0.0201027654111385 0.0101628787815571
vn -2.6279957392825435 -2.4399248628418291 3.1276969646293393
v -0.0712880492210388 -0.0227124355733395 0.0116426143795252
vn -3.0345486193377487 3.1883170351755004 -1.8078386702929798
v -0.0710000023245811 -0.0195725280791521 0.0110980123281479
vn -3.0345448994741298 -3.1883172622432201 1.8078387174082535
v -0.0710000023245811 -0.0221821982413530 0.0125777460634708
vn -2.6279764600195272 2.4399254470357405 -3.1276993892047691
v -0.0712880492210388 -0.0190422870218754 0.0120331440120935
vn -2.6279975568376139 -3.9366997945046318 0.4879753676600910
v -0.0712880492210388 -0.0216519590467215 0.0135128786787391
vn -1.5172755288299651 1.8920714445984015 -4.0939034291781740
v -0.0720750018954277 -0.0186541266739368 0.0127177080139518
vn -1.5172747093380505 -4.4845622282261655 -0.4782302644999160
v -0.0720750018954277 -0.0212637968361378 0.0141974426805973
vn 0.0000001763748581 1.6915403213839697 -4.4475592088510014
v -0.0731500014662743 -0.0185120496898890 0.0129682756960392
vn -0.0000016196662397 -4.6850875703521826 -0.8318818155614787
v -0.0731500014662743 -0.0211217217147350 0.0144480112940073
vn 1.5172756748594751 1.8920709886724842 -4.0939037857504204
v -0.0742250010371208 -0.0186541266739368 0.0127177080139518
vn 1.5172744949301671 -4.4845610590295282 -0.4782286499921949
v -0.0742250010371208 -0.0212637968361378 0.0141974426805973
vn 2.6279866667573546 2.4399255506695434 -3.1276982627667071
v -0.0750119537115097 -0.0190422870218754 0.0120331440120935
vn 2.6279895676381377 -3.9367000791585474 0.4879739218822723
v -0.0750119537115097 -0.0216519590467215 0.0135128786787391
vn 3.0345466290061256 3.1883164551700798 -1.8078393717927785
v -0.0753000006079674 -0.0195725262165070 0.0110980123281479
vn 3.0345474426061170 -3.1883173037762842 1.8078383227467354
v -0.0753000006079674 -0.0221821963787079 0.0125777460634708
vn 2.6279942728272307 3.9367018040197435 -0.4879742836795980
v -0.0750119537115097 -0.0201027654111385 0.0101628787815571
vn 2.6279889033216355 -2.4399240704299547 3.1276989844699723
v -0.0750119537115097 -0.0227124355733395 0.0116426143795252
vn 1.5172714259398448 4.4845600015401796 0.4782272850500506
v -0.0742250010371208 -0.0204909257590771 0.0094783147796988
vn 1.5172724419776558 -1.8920732423081355 4.0939019889884634
v -0.0742250010371208 -0.0231005977839231 0.0109580503776670
vn -2.3771180930436313 1.9111451568030717 -5.1263321726253235
v -0.0761500000953674 -0.0119861233979464 0.0221058502793312
vn -2.3771188855960572 3.5491960774179274 -4.1635268575719664
v -0.0761500000953674 -0.0134831583127379 0.0212259311228991
vn -2.2992812005624375 4.4742945047555445 -3.0914979158343296
v -0.0761500000953674 -0.0145889613777399 0.0198870617896318
vn -2.2817336186776878 4.8459205703894064 2.4316593734337415
v -0.0761500000953674 -0.0245171766728163 -0.0026908880099654
vn -5.4240772613564943 1.9243359847801251 0.9721248026778431
v -0.0766500011086464 -0.0249482318758965 -0.0029442503582686
vn -5.4426591939265121 1.7425368796176754 1.2319830761752439
v -0.0766500011086464 -0.0147087126970291 -0.0203650891780853
vn -5.4426544817414424 0.1625598165446542 2.1278658671118498
v -0.0766500011086464 -0.0099243149161339 -0.0230779349803925
vn -5.5222779226104723 0.6799793541722930 1.9144557398271447
v -0.0766500011086464 -0.0118079502135515 -0.0227608941495419
vn -5.5222800996544104 1.2937520353479244 1.5664316704666392
v -0.0766500011086464 -0.0134695535525680 -0.0218187328428030
vn -5.4426551415389666 -0.1956604572844926 2.1250770804046644
v -0.0766500011086464 0.0102823330089450 -0.0229206718504429
vn -5.4426571803135086 -1.7615023207086802 1.2047134211681234
v -0.0766500011086464 0.0150239253416657 -0.0201336853206158
vn -5.5222794502873587 -1.3179772440751816 1.5461054043997788
v -0.0766500011086464 0.0138075426220894 -0.0216064397245646
vn -5.5222782421886878 -0.7096952386259155 1.9036396647292169
v -0.0766500011086464 0.0121608050540090 -0.0225743502378464
vn -5.4426698929347523 -1.9381862029773647 0.8930859393960744
v -0.0766499936580658 0.0249910540878773 -0.0025555829051882
vn -5.4426703689813589 -1.9240502485956794 -0.9231450326144015
v -0.0766499936580658 0.0249482505023479 0.0029442505910993
vn -5.4842940575059611 -2.0308110043124450 -0.4617852950791721
v -0.0766499936580658 0.0256155021488667 0.0011544543085620
vn -5.4462995247154780 -2.1300765870001186 -0.0165789065161087
v -0.0766499936580658 0.0257064905017614 0.0002000685635721
vn -5.4842947475432435 -2.0377515709693248 0.4301216098532409
v -0.0766499936580658 0.0256303679198027 -0.0007556177442893
vn -5.4426589965888077 -1.7425370520068579 -1.2319831791794125
v -0.0766500011086464 0.0147087313234806 0.0203650891780853
vn -5.4426511856527151 -0.1625607652042984 -2.1278693283562236
v -0.0766500011086464 0.0099243344739079 0.0230779349803925
vn -5.5222821433805382 -0.6799769318814844 -1.9144513197745088
v -0.0766500011086464 0.0118079697713256 0.0227608960121870
vn -5.5222799153936162 -1.2937531081716185 -1.5664311206005288
v -0.0766500011086464 0.0134695731103420 0.0218187328428030
vn -5.4426549254663774 0.1956604279101677 -2.1250773211506471
v -0.0766500011086464 -0.0102823134511709 0.0229206718504429
vn -4.1762034053002832 -0.7484895950085806 2.7126861816110890
v -0.0758429244160652 -0.0271287932991982 0.0096889501437545
vn -4.8023439920372812 -1.0433308402267651 2.0561949153418402
v -0.0762708336114883 -0.0269444547593594 0.0089091714471579
vn -5.0885752795364354 -1.2995051495670493 1.5306803023931523
v -0.0765276476740837 -0.0269053056836128 0.0081835659220815
vn -5.3116239599113229 -1.7023317842254237 0.7876761141768929
v -0.0766452625393867 -0.0269943624734879 0.0074544809758663
vn -5.3193302427429598 -1.9968672964771834 0.5984507119453365
v -0.0766500011086464 -0.0270362049341202 0.0072830733843148
vn -5.0717554476331994 0.6171301419435096 -2.1167685335476860
v -0.0765275731682777 -0.0059379688464105 -0.0274883825331926
vn -5.1891521057150758 0.1604232284328987 -2.0896687035031531
v -0.0765672326087952 -0.0060872016474605 -0.0274151023477316
vn -5.2988807248939214 -0.3460865849801004 -2.0778826044232743
v -0.0766500011086464 -0.0067887865006924 -0.0271645411849022
vn -4.7276047555656220 1.3161333952909255 -2.0297025927673391
v -0.0762339308857918 -0.0052588069811463 -0.0279252231121063
vn -4.2420024509206087 1.9631787469615385 -2.0421642668068718
v -0.0758129134774208 -0.0046995598822832 -0.0284515656530857
vn -5.2975604648427286 -0.8964543101791965 -2.0970257613052570
v -0.0766500011086464 -0.0110299475491047 -0.0257359668612480
vn -5.2971140310691132 -1.2560491083890641 -1.9036732232319802
v -0.0766500011086464 -0.0154893435537815 -0.0233255196362734
vn -5.2973421305878112 -1.5785617932809672 -1.6458577565473660
v -0.0766500011086464 -0.0194410588592291 -0.0201505534350872
vn -5.2975678132336173 -1.8492828697972246 -1.3341445662598690
v -0.0766500011086464 -0.0227555725723505 -0.0163151286542416
vn -5.2977871809292960 -2.0593517991373518 -0.9787590005103219
v -0.0766500011086464 -0.0253242477774620 -0.0119449589401484
vn -5.2980053879493232 -2.2018891043239699 -0.5913529106834009
v -0.0766500011086464 -0.0270628891885281 -0.0071832789108157
vn -5.3081778746086057 -2.2614356155013260 -0.2255951841946597
v -0.0766500011086464 -0.0279145147651434 -0.0021861584391445
vn -5.3164778080434854 -2.2656427779492327 0.0058133420254692
v -0.0766500011086464 -0.0279991440474987 -0.0002179118309868
vn -5.2925566331865523 -2.2712907699289744 0.2641889373891949
v -0.0766500011086464 -0.0278512127697468 0.0028826154302806
vn -2.8543501240740095 -2.5339953829655846 2.7564555701126157
v -0.0764645785093307 -0.0251227505505085 0.0073917652480304
vn -6.2587234820578201 -0.0175174383948099 0.3273695358444580
v -0.0766500011086464 -0.0256349109113216 0.0064885132014751
vn -1.1364952708705920 -1.6510104096839182 4.2291053047475744
v -0.0746883526444435 -0.0242466386407614 0.0089368838816881
vn -2.1699893610701491 -2.0528321214825227 3.6498933389593904
v -0.0757713243365288 -0.0245885811746120 0.0083338292315602
vn -2.1704289892144626 -4.1305926343026238 -0.1666447131333506
v -0.0757713243365288 -0.0197758134454489 0.0168216638267040
vn -2.8796513277070996 -3.5693097485388341 0.7352425984226928
v -0.0764645785093307 -0.0192416440695524 0.0177637282758951
vn -1.1158286515003140 -4.4594760081673002 -0.7794636657469282
v -0.0746883526444435 -0.0201177559792995 0.0162186082452536
vn -6.2621945807725785 -0.2561670671328001 -0.1480710577535721
v -0.0766500011086464 -0.0187294818460941 0.0186669789254665
vn -5.2773393784495628 -1.6300979473963166 1.3640766823427515
v -0.0766500011086464 -0.0201307740062475 0.0194615386426449
vn -5.1891771818848564 -1.8898827911981610 0.9060150761728959
v -0.0765672326087952 -0.0206985604017973 0.0189792308956385
vn -5.0716466687245312 -2.1416773587476357 0.5240941182054534
v -0.0765275806188583 -0.0208366382867098 0.0188866332173347
vn -4.7276293895995867 -2.4158604578105853 -0.1250047554600949
v -0.0762339308857918 -0.0215545333921909 0.0185168795287609
vn -4.2420174651493170 -2.7501500923712379 -0.6790707008821382
v -0.0758129134774208 -0.0222899839282036 0.0182957295328379
vn -5.2980500142825804 1.5205639057004616 1.4547299542112626
v -0.0766500011086464 0.0198254417628050 0.0197725109755993
vn -5.2752541024624255 1.3385364319167250 1.8714472101764592
v -0.0766500011086464 0.0164220388978720 0.0226785577833652
vn -4.1762051332244159 2.7235005372292957 -0.7081289874521645
v -0.0758429169654846 0.0219552870839834 0.0186497587710619
vn -4.8023420837026105 2.3024038374447158 -0.1245617399223165
v -0.0762708261609077 0.0211878102272749 0.0188800040632486
vn -5.0885562351084541 1.9753505687934190 0.3600635961257829
v -0.0765276476740837 0.0205398425459862 0.0192089043557644
vn -5.3116488139411180 1.5334095162553296 1.0803986660970697
v -0.0766452550888062 0.0199529659003019 0.0196505729109049
vn -5.2752591557804873 -1.3675000422546493 1.8503828335972301
v -0.0766500011086464 -0.0167730133980513 0.0224202070385218
vn -5.2689881194813362 -1.0251670234322572 2.0655640212604354
v -0.0766500011086464 -0.0124558070674539 0.0250769332051277
vn -5.2682889212846753 -0.6361793583252339 2.2171343995418740
v -0.0766500011086464 -0.0077303466387093 0.0269117355346680
vn -5.2675639212959950 -0.2267326828173019 2.2960985310318347
v -0.0766500011086464 -0.0027515154797584 0.0278644785284996
vn -5.2675643370528347 0.1909668219994392 2.2993490889703736
v -0.0766500011086464 0.0023175000678748 0.0279039293527603
vn -5.2682843575596383 0.6015954755151367 2.2267715459923254
v -0.0766500011086464 0.0073105571791530 0.0270287971943617
vn -5.2689832260241918 0.9928951545019996 2.0812741530813099
v -0.0766500011086464 0.0120640033856034 0.0252677667886019
vn -2.8543316918708777 3.6541509236934679 0.8162641899055053
v -0.0764645710587502 0.0189628452062607 0.0180610660463572
vn -6.2587215557526426 0.2922796221999889 -0.1485216685488931
v -0.0766500011086464 0.0184366870671511 0.0189562365412712
vn -1.1364881838176188 4.4880191517501453 -0.6847334978571854
v -0.0746883451938629 0.0198629014194012 0.0165297705680132
vn -2.1700598330516794 4.1873378960599617 -0.0471802492090628
v -0.0757713168859482 0.0195116139948368 0.0171274300664663
vn -1.1158294500733186 1.5547020711784387 4.2517513644384612
v -0.0746883451938629 0.0241046193987131 0.0093131922185421
vn -2.1704026165831767 1.9209845065571991 3.6605047498370422
v -0.0757713168859482 0.0244559086859226 0.0087155327200890
vn -2.8796342906122288 2.4213943145467369 2.7234919863835723
v -0.0764645710587502 0.0250046756118536 0.0077818972058594
vn -6.2621945827559404 -0.0001472550091769 0.2958827216939079
v -0.0766499936580658 0.0255308337509632 0.0068867262452841
vn -5.2348760091104651 2.0215217606414941 0.7932526354472353
v -0.0766499936580658 0.0269195903092623 0.0077030006796122
vn -5.1891834016450602 1.7295754305381712 1.1836792434887036
v -0.0765672251582146 0.0267857909202576 0.0084358714520931
vn -5.0716715294230834 1.5246803845546602 1.5927200116504021
v -0.0765275731682777 0.0267746355384588 0.0086017511785030
vn -4.7276379548423941 1.0996890475761130 2.1546795821402323
v -0.0762339234352112 0.0268133692443371 0.0094083417207003
vn -4.2419781258709897 0.7870059056294563 2.7211936871533564
v -0.0758129134774208 0.0269895717501640 0.0101558370515704
vn -5.3151665710179303 2.1937350880508495 0.5702944361292468
v -0.0766499936580658 0.0270329974591732 0.0072950320318341
vn -5.3067749204762995 2.2560462011909168 0.2835208622089981
v -0.0766499936580658 0.0277769062668085 0.0035276184789836
vn -5.3058472507160772 2.2749438371858801 0.0267027737346500
v -0.0766499936580658 0.0279991626739502 0.0002179119765060
vn -5.3198856802718488 0.4842458649864222 -2.0267278146440066
v -0.0766500011086464 0.0072107901796699 -0.0270555857568979
vn -5.2947675694321230 0.9421132416442506 -2.0796820929158968
v -0.0766500011086464 0.0116315046325326 -0.0254697538912296
vn -4.1677943898308047 -1.9617165704124719 -2.0101852854237725
v -0.0758429244160652 0.0051735341548920 -0.0283387079834938
vn -4.7945149309391741 -1.2519360289401056 -1.9379950989905081
v -0.0762708261609077 0.0057566720061004 -0.0277891755104065
vn -5.0847586608405049 -0.6753259142048906 -1.8944763286599435
v -0.0765276476740837 0.0063654910773039 -0.0273924693465233
vn -5.3126127680771695 0.1671273146326308 -1.8675561714829003
v -0.0766452625393867 0.0070414263755083 -0.0271050520241261
vn -5.3009159469235509 2.1966991027828238 -0.6000869284150481
v -0.0766499936580658 0.0269867274910212 -0.0074643832631409
vn -5.2906375096175733 2.2734513360426432 -0.2597707733602008
v -0.0766499936580658 0.0278728567063808 -0.0026654044631869
vn -5.3040002047968731 2.0514293060531359 -0.9830970183485213
v -0.0766499936580658 0.0252808295190334 -0.0120366178452969
vn -5.3024146296750851 1.8500671016030883 -1.3260781089486504
v -0.0766499936580658 0.0228069797158241 -0.0162432175129652
vn -5.3003529667939544 1.5924047663671017 -1.6290359591085408
v -0.0766500011086464 0.0196403264999390 -0.0199564024806023
vn -5.2977676021014748 1.2862740676397890 -1.8829558037503182
v -0.0766500011086464 0.0158770605921745 -0.0230633728206158
vn -2.8543170742983670 -1.1201707571661159 -3.5727178934107995
v -0.0764645710587502 0.0061599332839251 -0.0254528298974037
vn -6.2587215580991842 -0.2747624518591598 -0.1788621511221837
v -0.0766500011086464 0.0071982531808317 -0.0254447497427464
vn -1.1364964503682076 -2.8370055113579840 -3.5443734017040933
v -0.0746883526444435 0.0043837642297149 -0.0254666544497013
vn -2.1700146748034248 -2.1344939696728971 -3.6027426233519328
v -0.0757713168859482 0.0050769969820976 -0.0254612583667040
vn -2.1704160843394438 2.2096017830580306 -3.4938805912158908
v -0.0757713243365288 -0.0046800668351352 -0.0255371965467930
vn -2.8796498497933607 1.1479216072433451 -3.4587169166729295
v -0.0764645710587502 -0.0057630031369627 -0.0255456250160933
vn -6.2621932085847600 0.2563250372084362 -0.1478152842735593
v -0.0766500011086464 -0.0068013230338693 -0.0255537051707506
vn -1.1158296809616763 2.9047757014546463 -3.4722892000141332
v -0.0746883526444435 -0.0039868345484138 -0.0255318004637957
vn -2.2817311042945336 4.8831862847298106 -2.3559393322729760
v -0.0761500000953674 -0.0245560910552740 0.0023089605383575
vn -5.4426573733328807 1.7615031318254668 -1.2047124991813285
v -0.0766500011086464 -0.0150239067152143 0.0201336853206158
vn -5.5222782592662396 1.3179775807693133 -1.5461069475040472
v -0.0766500011086464 -0.0138075230643153 0.0216064397245646
vn -5.5222782039075167 0.7096953190672424 -1.9036396882335740
v -0.0766500011086464 -0.0121607854962349 0.0225743502378464
vn -2.3431884189952736 5.2595966622781649 1.4534776550673094
v -0.0761500000953674 -0.0250260494649410 -0.0014889072626829
vn -2.3053231486433794 5.1947617307991631 -1.5980466003496885
v -0.0761500000953674 -0.0250461921095848 0.0010992048773915
vn -2.2338506929510213 5.4110124289785659 -0.7798934120219828
v -0.0761500000953674 -0.0251372847706079 0.0006726286374032
vn -2.3231366578646844 5.4442033523894313 0.1638719679478804
v -0.0761500000953674 -0.0252064857631922 -0.0001961771340575
vn -5.4851178093732518 2.0065441461180207 0.5544239317933229
v -0.0766500011086464 -0.0255079902708530 -0.0016220716061071
vn -5.4689212042507513 2.1004302760955214 0.0404156720583489
v -0.0766500011086464 -0.0257064718753099 -0.0002000684180530
vn -5.4604785444155137 2.0342753800535620 -0.5593255309899280
v -0.0766500011086464 -0.0255301482975483 0.0012248518178239
vn -5.4240733116630366 1.9392372462020722 -0.9420576238454792
v -0.0766500011086464 -0.0249910354614258 0.0025555829051882
# 1362 vertices, 0 vertices normals

f 1//1 2//2 3//3
f 3//3 2//2 4//4
f 5//5 6//6 7//7
f 8//8 9//9 10//10
f 10//10 9//9 11//11
f 12//12 2//2 11//11
f 11//11 2//2 1//1
f 11//11 1//1 10//10
f 12//12 13//13 2//2
f 2//2 13//13 14//14
f 2//2 14//14 15//15
f 16//16 5//5 4//4
f 4//4 5//5 7//7
f 4//4 7//7 3//3
f 3//3 7//7 17//17
f 17//17 18//18 3//3
f 3//3 18//18 19//19
f 3//3 19//19 20//20
f 4//4 21//21 22//22
f 4//4 22//22 16//16
f 16//16 22//22 23//23
f 16//16 23//23 5//5
f 5//5 23//23 24//24
f 5//5 24//24 6//6
f 6//6 24//24 25//25
f 6//6 25//25 7//7
f 17//17 7//7 26//26
f 26//26 7//7 25//25
f 17//17 26//26 27//27
f 17//17 27//27 18//18
f 18//18 27//27 28//28
f 18//18 28//28 19//19
f 19//19 28//28 29//29
f 19//19 29//29 20//20
f 20//20 29//29 30//30
f 20//20 30//30 3//3
f 1//1 3//3 31//31
f 31//31 3//3 30//30
f 1//1 31//31 32//32
f 1//1 32//32 10//10
f 10//10 32//32 33//33
f 10//10 33//33 8//8
f 8//8 33//33 34//34
f 8//8 34//34 9//9
f 9//9 34//34 35//35
f 9//9 35//35 11//11
f 12//12 11//11 36//36
f 36//36 11//11 35//35
f 12//12 36//36 37//37
f 12//12 37//37 13//13
f 13//13 37//37 38//38
f 13//13 38//38 14//14
f 14//14 38//38 39//39
f 14//14 39//39 15//15
f 15//15 39//39 40//40
f 15//15 40//40 2//2
f 4//4 2//2 21//21
f 21//21 2//2 40//40
f 40//40 31//31 21//21
f 21//21 31//31 30//30
f 35//35 34//34 33//33
f 25//25 24//24 23//23
f 40//40 39//39 38//38
f 30//30 29//29 28//28
f 33//33 32//32 35//35
f 35//35 32//32 31//31
f 35//35 31//31 36//36
f 36//36 31//31 40//40
f 36//36 40//40 37//37
f 37//37 40//40 38//38
f 23//23 22//22 25//25
f 25//25 22//22 21//21
f 25//25 21//21 26//26
f 26//26 21//21 30//30
f 26//26 30//30 27//27
f 27//27 30//30 28//28
f 41//41 42//42 43//43
f 43//43 42//42 44//44
f 45//45 46//46 47//47
f 47//47 46//46 48//48
f 49//49 50//50 51//51
f 52//52 53//53 54//54
f 54//54 53//53 55//55
f 54//54 55//55 56//56
f 52//52 54//54 57//57
f 57//57 54//54 58//58
f 57//57 58//58 59//59
f 59//59 58//58 60//60
f 59//59 60//60 61//61
f 61//61 60//60 62//62
f 62//62 60//60 63//63
f 62//62 63//63 64//64
f 64//64 63//63 65//65
f 64//64 65//65 66//66
f 51//51 50//50 65//65
f 65//65 50//50 67//67
f 65//65 67//67 66//66
f 49//49 51//51 68//68
f 68//68 51//51 69//69
f 68//68 69//69 70//70
f 70//70 69//69 71//71
f 70//70 71//71 72//72
f 72//72 71//71 73//73
f 72//72 73//73 74//74
f 75//75 76//76 77//77
f 78//78 79//79 80//80
f 80//80 79//79 74//74
f 80//80 74//74 73//73
f 78//78 80//80 81//81
f 81//81 80//80 82//82
f 81//81 82//82 83//83
f 83//83 82//82 84//84
f 83//83 84//84 85//85
f 85//85 84//84 86//86
f 86//86 84//84 87//87
f 86//86 87//87 88//88
f 88//88 87//87 89//89
f 88//88 89//89 90//90
f 77//77 76//76 89//89
f 89//89 76//76 91//91
f 89//89 91//91 90//90
f 75//75 77//77 92//92
f 92//92 77//77 93//93
f 92//92 93//93 94//94
f 94//94 93//93 95//95
f 94//94 95//95 96//96
f 96//96 95//95 56//56
f 96//96 56//56 55//55
f 97//97 98//98 99//99
f 100//100 101//101 102//102
f 102//102 101//101 103//103
f 102//102 103//103 104//104
f 100//100 102//102 105//105
f 105//105 102//102 106//106
f 105//105 106//106 107//107
f 107//107 106//106 108//108
f 107//107 108//108 109//109
f 109//109 108//108 110//110
f 110//110 108//108 111//111
f 110//110 111//111 112//112
f 112//112 111//111 113//113
f 112//112 113//113 114//114
f 99//99 98//98 113//113
f 113//113 98//98 115//115
f 113//113 115//115 114//114
f 97//97 99//99 116//116
f 116//116 99//99 117//117
f 116//116 117//117 118//118
f 118//118 117//117 119//119
f 118//118 119//119 120//120
f 120//120 119//119 121//121
f 120//120 121//121 122//122
f 123//123 124//124 125//125
f 126//126 127//127 128//128
f 128//128 127//127 122//122
f 128//128 122//122 121//121
f 126//126 128//128 129//129
f 129//129 128//128 130//130
f 129//129 130//130 131//131
f 131//131 130//130 132//132
f 131//131 132//132 133//133
f 133//133 132//132 134//134
f 134//134 132//132 135//135
f 134//134 135//135 136//136
f 136//136 135//135 137//137
f 136//136 137//137 138//138
f 125//125 124//124 137//137
f 137//137 124//124 139//139
f 137//137 139//139 138//138
f 123//123 125//125 140//140
f 140//140 125//125 141//141
f 140//140 141//141 142//142
f 142//142 141//141 143//143
f 142//142 143//143 144//144
f 144//144 143//143 104//104
f 144//144 104//104 103//103
f 145//145 146//146 147//147
f 147//147 146//146 148//148
f 147//147 148//148 149//149
f 150//150 151//151 152//152
f 150//150 152//152 153//153
f 153//153 152//152 154//154
f 153//153 154//154 155//155
f 155//155 154//154 146//146
f 155//155 146//146 145//145
f 151//151 150//150 156//156
f 156//156 150//150 157//157
f 158//158 159//159 160//160
f 158//158 160//160 161//161
f 161//161 160//160 162//162
f 161//161 162//162 163//163
f 163//163 162//162 156//156
f 163//163 156//156 157//157
f 164//164 165//165 166//166
f 166//166 165//165 159//159
f 166//166 159//159 158//158
f 167//167 168//168 169//169
f 167//167 169//169 170//170
f 170//170 169//169 171//171
f 170//170 171//171 172//172
f 172//172 171//171 165//165
f 172//172 165//165 164//164
f 168//168 167//167 173//173
f 173//173 167//167 174//174
f 149//149 148//148 175//175
f 149//149 175//175 176//176
f 176//176 175//175 177//177
f 176//176 177//177 178//178
f 178//178 177//177 173//173
f 178//178 173//173 174//174
f 179//179 43//43 44//44
f 44//44 180//180 179//179
f 179//179 180//180 181//181
f 179//179 181//181 182//182
f 182//182 181//181 183//183
f 182//182 183//183 184//184
f 185//185 186//186 187//187
f 187//187 186//186 184//184
f 187//187 184//184 188//188
f 188//188 184//184 183//183
f 42//42 41//41 189//189
f 189//189 41//41 190//190
f 189//189 190//190 191//191
f 191//191 190//190 192//192
f 191//191 192//192 193//193
f 193//193 192//192 194//194
f 193//193 194//194 195//195
f 195//195 194//194 196//196
f 42//42 197//197 44//44
f 44//44 197//197 198//198
f 199//199 200//200 201//201
f 201//201 202//202 199//199
f 199//199 202//202 203//203
f 199//199 203//203 204//204
f 204//204 203//203 205//205
f 204//204 205//205 206//206
f 46//46 45//45 207//207
f 207//207 45//45 206//206
f 207//207 206//206 208//208
f 208//208 206//206 205//205
f 46//46 209//209 48//48
f 48//48 209//209 210//210
f 211//211 47//47 48//48
f 48//48 212//212 211//211
f 211//211 212//212 213//213
f 211//211 213//213 214//214
f 214//214 213//213 215//215
f 214//214 215//215 216//216
f 217//217 218//218 219//219
f 219//219 218//218 216//216
f 219//219 216//216 220//220
f 220//220 216//216 215//215
f 74//74 79//79 221//221
f 221//221 79//79 222//222
f 79//79 78//78 222//222
f 222//222 78//78 81//81
f 222//222 81//81 223//223
f 86//86 224//224 85//85
f 85//85 224//224 223//223
f 85//85 223//223 83//83
f 83//83 223//223 81//81
f 86//86 88//88 224//224
f 224//224 88//88 90//90
f 224//224 90//90 225//225
f 90//90 91//91 225//225
f 225//225 91//91 76//76
f 225//225 76//76 226//226
f 76//76 75//75 226//226
f 226//226 75//75 92//92
f 226//226 92//92 227//227
f 55//55 228//228 96//96
f 96//96 228//228 227//227
f 96//96 227//227 94//94
f 94//94 227//227 92//92
f 55//55 53//53 228//228
f 228//228 53//53 229//229
f 53//53 52//52 229//229
f 229//229 52//52 57//57
f 229//229 57//57 230//230
f 62//62 231//231 61//61
f 61//61 231//231 230//230
f 61//61 230//230 59//59
f 59//59 230//230 57//57
f 62//62 64//64 231//231
f 231//231 64//64 66//66
f 231//231 66//66 232//232
f 66//66 67//67 232//232
f 232//232 67//67 50//50
f 232//232 50//50 233//233
f 50//50 49//49 233//233
f 233//233 49//49 68//68
f 233//233 68//68 234//234
f 74//74 221//221 72//72
f 72//72 221//221 234//234
f 72//72 234//234 70//70
f 70//70 234//234 68//68
f 122//122 127//127 235//235
f 235//235 127//127 236//236
f 127//127 126//126 236//236
f 236//236 126//126 129//129
f 236//236 129//129 237//237
f 134//134 238//238 133//133
f 133//133 238//238 237//237
f 133//133 237//237 131//131
f 131//131 237//237 129//129
f 134//134 136//136 238//238
f 238//238 136//136 138//138
f 238//238 138//138 239//239
f 138//138 139//139 239//239
f 239//239 139//139 124//124
f 239//239 124//124 240//240
f 124//124 123//123 240//240
f 240//240 123//123 140//140
f 240//240 140//140 241//241
f 103//103 242//242 144//144
f 144//144 242//242 241//241
f 144//144 241//241 142//142
f 142//142 241//241 140//140
f 103//103 101//101 242//242
f 242//242 101//101 243//243
f 101//101 100//100 243//243
f 243//243 100//100 105//105
f 243//243 105//105 244//244
f 110//110 245//245 109//109
f 109//109 245//245 244//244
f 109//109 244//244 107//107
f 107//107 244//244 105//105
f 110//110 112//112 245//245
f 245//245 112//112 114//114
f 245//245 114//114 246//246
f 114//114 115//115 246//246
f 246//246 115//115 98//98
f 246//246 98//98 247//247
f 98//98 97//97 247//247
f 247//247 97//97 116//116
f 247//247 116//116 248//248
f 122//122 235//235 120//120
f 120//120 235//235 248//248
f 120//120 248//248 118//118
f 118//118 248//248 116//116
f 146//146 249//249 148//148
f 148//148 249//249 250//250
f 148//148 250//250 251//251
f 148//148 251//251 175//175
f 175//175 251//251 252//252
f 175//175 252//252 177//177
f 177//177 252//252 253//253
f 177//177 253//253 173//173
f 173//173 253//253 168//168
f 168//168 253//253 254//254
f 168//168 254//254 255//255
f 168//168 255//255 169//169
f 169//169 255//255 256//256
f 169//169 256//256 171//171
f 171//171 256//256 257//257
f 171//171 257//257 165//165
f 165//165 257//257 159//159
f 159//159 257//257 258//258
f 159//159 258//258 259//259
f 159//159 259//259 160//160
f 160//160 259//259 260//260
f 160//160 260//260 162//162
f 162//162 260//260 261//261
f 162//162 261//261 156//156
f 156//156 261//261 151//151
f 151//151 261//261 262//262
f 151//151 262//262 263//263
f 151//151 263//263 152//152
f 152//152 263//263 264//264
f 152//152 264//264 154//154
f 154//154 264//264 249//249
f 154//154 249//249 146//146
f 265//265 266//266 147//147
f 266//266 267//267 147//147
f 147//147 267//267 268//268
f 147//147 268//268 145//145
f 268//268 269//269 145//145
f 145//145 269//269 270//270
f 145//145 270//270 155//155
f 155//155 270//270 271//271
f 155//155 271//271 153//153
f 153//153 271//271 272//272
f 153//153 272//272 150//150
f 150//150 272//272 273//273
f 150//150 273//273 157//157
f 157//157 273//273 200//200
f 157//157 200//200 163//163
f 163//163 200//200 199//199
f 163//163 199//199 161//161
f 161//161 199//199 204//204
f 161//161 204//204 158//158
f 158//158 204//204 206//206
f 108//108 106//106 274//274
f 275//275 276//276 121//121
f 121//121 276//276 277//277
f 121//121 277//277 128//128
f 128//128 277//277 278//278
f 128//128 278//278 279//279
f 280//280 166//166 281//281
f 281//281 166//166 282//282
f 280//280 283//283 166//166
f 166//166 283//283 284//284
f 166//166 284//284 285//285
f 130//130 128//128 218//218
f 218//218 128//128 216//216
f 216//216 286//286 214//214
f 214//214 286//286 287//287
f 214//214 287//287 211//211
f 211//211 287//287 288//288
f 206//206 45//45 158//158
f 158//158 45//45 47//47
f 158//158 47//47 166//166
f 166//166 47//47 211//211
f 166//166 211//211 282//282
f 282//282 211//211 288//288
f 279//279 289//289 128//128
f 128//128 289//289 290//290
f 128//128 290//290 216//216
f 216//216 290//290 291//291
f 216//216 291//291 286//286
f 117//117 166//166 119//119
f 119//119 166//166 285//285
f 119//119 285//285 121//121
f 121//121 285//285 292//292
f 121//121 292//292 275//275
f 125//125 293//293 141//141
f 141//141 293//293 143//143
f 125//125 137//137 293//293
f 293//293 137//137 135//135
f 293//293 135//135 218//218
f 218//218 135//135 132//132
f 218//218 132//132 130//130
f 117//117 99//99 166//166
f 166//166 99//99 113//113
f 166//166 113//113 274//274
f 274//274 113//113 111//111
f 274//274 111//111 108//108
f 69//69 106//106 71//71
f 71//71 106//106 102//102
f 71//71 102//102 73//73
f 73//73 102//102 104//104
f 73//73 104//104 80//80
f 80//80 104//104 143//143
f 80//80 143//143 82//82
f 274//274 60//60 58//58
f 58//58 54//54 274//274
f 274//274 54//54 56//56
f 274//274 56//56 265//265
f 69//69 51//51 106//106
f 106//106 51//51 65//65
f 106//106 65//65 274//274
f 274//274 65//65 63//63
f 274//274 63//63 60//60
f 56//56 95//95 265//265
f 265//265 95//95 93//93
f 265//265 93//93 293//293
f 293//293 93//93 77//77
f 77//77 89//89 293//293
f 293//293 89//89 87//87
f 293//293 87//87 143//143
f 143//143 87//87 84//84
f 143//143 84//84 82//82
f 294//294 295//295 166//166
f 274//274 184//184 186//186
f 295//295 296//296 166//166
f 166//166 296//296 297//297
f 166//166 297//297 164//164
f 274//274 186//186 166//166
f 166//166 186//186 298//298
f 166//166 298//298 294//294
f 265//265 147//147 274//274
f 274//274 147//147 182//182
f 274//274 182//182 184//184
f 297//297 299//299 164//164
f 164//164 299//299 300//300
f 164//164 300//300 172//172
f 172//172 300//300 301//301
f 172//172 301//301 170//170
f 170//170 301//301 302//302
f 170//170 302//302 167//167
f 167//167 302//302 303//303
f 167//167 303//303 174//174
f 174//174 303//303 196//196
f 174//174 196//196 178//178
f 178//178 196//196 194//194
f 178//178 194//194 176//176
f 176//176 194//194 192//192
f 176//176 192//192 149//149
f 149//149 192//192 190//190
f 190//190 41//41 149//149
f 149//149 41//41 43//43
f 149//149 43//43 147//147
f 147//147 43//43 179//179
f 147//147 179//179 182//182
f 185//185 187//187 304//304
f 304//304 187//187 305//305
f 187//187 188//188 305//305
f 305//305 188//188 183//183
f 305//305 183//183 306//306
f 44//44 198//198 180//180
f 180//180 198//198 306//306
f 180//180 306//306 181//181
f 181//181 306//306 183//183
f 307//307 298//298 185//185
f 185//185 298//298 186//186
f 294//294 298//298 307//307
f 307//307 308//308 294//294
f 294//294 308//308 309//309
f 294//294 309//309 295//295
f 295//295 309//309 310//310
f 295//295 310//310 296//296
f 311//311 297//297 312//312
f 312//312 297//297 296//296
f 312//312 296//296 313//313
f 313//313 296//296 310//310
f 314//314 299//299 311//311
f 311//311 299//299 297//297
f 300//300 299//299 314//314
f 314//314 315//315 300//300
f 300//300 315//315 316//316
f 300//300 316//316 301//301
f 301//301 316//316 317//317
f 301//301 317//317 302//302
f 318//318 303//303 319//319
f 319//319 303//303 302//302
f 319//319 302//302 320//320
f 320//320 302//302 317//317
f 195//195 196//196 318//318
f 318//318 196//196 303//303
f 197//197 42//42 321//321
f 321//321 42//42 189//189
f 321//321 189//189 322//322
f 322//322 189//189 191//191
f 322//322 191//191 323//323
f 323//323 191//191 193//193
f 323//323 193//193 324//324
f 324//324 193//193 195//195
f 325//325 326//326 304//304
f 327//327 328//328 304//304
f 304//304 328//328 329//329
f 197//197 321//321 322//322
f 329//329 330//330 304//304
f 304//304 330//330 331//331
f 304//304 331//331 325//325
f 305//305 306//306 304//304
f 304//304 306//306 198//198
f 304//304 198//198 327//327
f 327//327 198//198 197//197
f 332//332 327//327 324//324
f 324//324 327//327 197//197
f 324//324 197//197 323//323
f 323//323 197//197 322//322
f 201//201 200//200 333//333
f 333//333 200//200 273//273
f 46//46 207//207 209//209
f 209//209 207//207 334//334
f 207//207 208//208 334//334
f 334//334 208//208 205//205
f 334//334 205//205 335//335
f 201//201 336//336 202//202
f 202//202 336//336 335//335
f 202//202 335//335 203//203
f 203//203 335//335 205//205
f 337//337 338//338 339//339
f 339//339 338//338 340//340
f 339//339 340//340 341//341
f 336//336 342//342 343//343
f 343//343 344//344 336//336
f 336//336 344//344 345//345
f 336//336 345//345 337//337
f 209//209 334//334 335//335
f 346//346 347//347 339//339
f 339//339 347//347 210//210
f 339//339 210//210 337//337
f 337//337 210//210 209//209
f 337//337 209//209 336//336
f 336//336 209//209 335//335
f 217//217 219//219 339//339
f 339//339 219//219 346//346
f 219//219 220//220 346//346
f 346//346 220//220 215//215
f 346//346 215//215 347//347
f 48//48 210//210 212//212
f 212//212 210//210 347//347
f 212//212 347//347 213//213
f 213//213 347//347 215//215
f 348//348 293//293 217//217
f 217//217 293//293 218//218
f 349//349 268//268 350//350
f 350//350 268//268 267//267
f 350//350 267//267 351//351
f 351//351 267//267 266//266
f 351//351 266//266 352//352
f 352//352 266//266 265//265
f 352//352 265//265 348//348
f 348//348 265//265 293//293
f 353//353 269//269 349//349
f 349//349 269//269 268//268
f 333//333 273//273 354//354
f 354//354 273//273 272//272
f 354//354 272//272 355//355
f 355//355 272//272 271//271
f 355//355 271//271 356//356
f 356//356 271//271 270//270
f 356//356 270//270 353//353
f 353//353 270//270 269//269
f 357//357 225//225 358//358
f 358//358 225//225 226//226
f 358//358 226//226 359//359
f 359//359 226//226 227//227
f 359//359 227//227 360//360
f 360//360 227//227 228//228
f 360//360 228//228 361//361
f 361//361 228//228 229//229
f 361//361 229//229 362//362
f 362//362 229//229 230//230
f 362//362 230//230 363//363
f 230//230 231//231 363//363
f 363//363 231//231 232//232
f 363//363 232//232 364//364
f 364//364 232//232 233//233
f 364//364 233//233 365//365
f 365//365 233//233 234//234
f 365//365 234//234 366//366
f 366//366 234//234 221//221
f 366//366 221//221 367//367
f 367//367 221//221 222//222
f 367//367 222//222 368//368
f 368//368 222//222 223//223
f 368//368 223//223 357//357
f 357//357 223//223 224//224
f 357//357 224//224 225//225
f 369//369 246//246 370//370
f 370//370 246//246 247//247
f 370//370 247//247 371//371
f 371//371 247//247 248//248
f 371//371 248//248 372//372
f 372//372 248//248 235//235
f 372//372 235//235 373//373
f 373//373 235//235 236//236
f 373//373 236//236 374//374
f 374//374 236//236 237//237
f 374//374 237//237 375//375
f 237//237 238//238 375//375
f 375//375 238//238 239//239
f 375//375 239//239 376//376
f 376//376 239//239 240//240
f 376//376 240//240 377//377
f 377//377 240//240 241//241
f 377//377 241//241 378//378
f 378//378 241//241 242//242
f 378//378 242//242 379//379
f 379//379 242//242 243//243
f 379//379 243//243 380//380
f 380//380 243//243 244//244
f 380//380 244//244 369//369
f 369//369 244//244 245//245
f 369//369 245//245 246//246
f 255//255 28//28 256//256
f 256//256 28//28 29//29
f 256//256 29//29 257//257
f 257//257 29//29 30//30
f 257//257 30//30 258//258
f 258//258 30//30 31//31
f 258//258 31//31 259//259
f 252//252 24//24 253//253
f 253//253 24//24 25//25
f 253//253 25//25 254//254
f 254//254 25//25 26//26
f 254//254 26//26 255//255
f 255//255 26//26 27//27
f 255//255 27//27 28//28
f 263//263 38//38 264//264
f 264//264 38//38 39//39
f 264//264 39//39 249//249
f 249//249 39//39 40//40
f 249//249 40//40 250//250
f 250//250 40//40 21//21
f 250//250 21//21 251//251
f 251//251 21//21 22//22
f 251//251 22//22 252//252
f 252//252 22//22 23//23
f 252//252 23//23 24//24
f 31//31 32//32 259//259
f 259//259 32//32 33//33
f 259//259 33//33 260//260
f 260//260 33//33 34//34
f 260//260 34//34 261//261
f 261//261 34//34 35//35
f 261//261 35//35 262//262
f 262//262 35//35 36//36
f 262//262 36//36 263//263
f 263//263 36//36 37//37
f 263//263 37//37 38//38
f 381//381 382//382 289//289
f 383//383 384//384 288//288
f 288//288 384//384 385//385
f 288//288 385//385 282//282
f 383//383 288//288 386//386
f 386//386 288//288 287//287
f 386//386 287//287 387//387
f 387//387 287//287 286//286
f 387//387 286//286 388//388
f 388//388 286//286 389//389
f 389//389 286//286 291//291
f 389//389 291//291 390//390
f 390//390 291//291 290//290
f 390//390 290//290 391//391
f 289//289 382//382 290//290
f 290//290 382//382 392//392
f 290//290 392//392 391//391
f 381//381 289//289 393//393
f 393//393 289//289 279//279
f 393//393 279//279 394//394
f 394//394 279//279 278//278
f 394//394 278//278 395//395
f 395//395 278//278 277//277
f 395//395 277//277 396//396
f 397//397 398//398 283//283
f 399//399 400//400 276//276
f 276//276 400//400 396//396
f 276//276 396//396 277//277
f 399//399 276//276 401//401
f 401//401 276//276 275//275
f 401//401 275//275 402//402
f 402//402 275//275 292//292
f 402//402 292//292 403//403
f 403//403 292//292 404//404
f 404//404 292//292 285//285
f 404//404 285//285 405//405
f 405//405 285//285 284//284
f 405//405 284//284 406//406
f 283//283 398//398 284//284
f 284//284 398//398 407//407
f 284//284 407//407 406//406
f 397//397 283//283 408//408
f 408//408 283//283 280//280
f 408//408 280//280 409//409
f 409//409 280//280 281//281
f 409//409 281//281 410//410
f 410//410 281//281 282//282
f 410//410 282//282 385//385
f 185//185 304//304 326//326
f 411//411 412//412 326//326
f 326//326 412//412 307//307
f 326//326 307//307 185//185
f 413//413 311//311 414//414
f 414//414 311//311 312//312
f 414//414 312//312 415//415
f 415//415 312//312 313//313
f 415//415 313//313 416//416
f 416//416 313//313 310//310
f 416//416 310//310 417//417
f 417//417 310//310 309//309
f 417//417 309//309 418//418
f 418//418 309//309 308//308
f 418//418 308//308 412//412
f 412//412 308//308 307//307
f 311//311 413//413 314//314
f 314//314 413//413 419//419
f 420//420 318//318 421//421
f 421//421 318//318 319//319
f 421//421 319//319 422//422
f 422//422 319//319 320//320
f 422//422 320//320 423//423
f 423//423 320//320 317//317
f 423//423 317//317 424//424
f 424//424 317//317 316//316
f 424//424 316//316 425//425
f 425//425 316//316 315//315
f 425//425 315//315 419//419
f 419//419 315//315 314//314
f 324//324 195//195 332//332
f 332//332 195//195 318//318
f 332//332 318//318 426//426
f 426//426 318//318 420//420
f 427//427 329//329 428//428
f 428//428 329//329 328//328
f 428//428 328//328 429//429
f 429//429 328//328 430//430
f 430//430 328//328 327//327
f 430//430 327//327 431//431
f 431//431 327//327 432//432
f 432//432 327//327 332//332
f 432//432 332//332 426//426
f 433//433 330//330 427//427
f 427//427 330//330 329//329
f 411//411 326//326 434//434
f 434//434 326//326 325//325
f 434//434 325//325 435//435
f 331//331 330//330 433//433
f 433//433 436//436 331//331
f 331//331 436//436 437//437
f 331//331 437//437 325//325
f 325//325 437//437 438//438
f 325//325 438//438 435//435
f 336//336 201//201 342//342
f 342//342 201//201 333//333
f 342//342 333//333 439//439
f 439//439 333//333 440//440
f 441//441 345//345 442//442
f 442//442 345//345 344//344
f 442//442 344//344 443//443
f 443//443 344//344 343//343
f 443//443 343//343 439//439
f 439//439 343//343 342//342
f 444//444 337//337 441//441
f 441//441 337//337 345//345
f 445//445 341//341 446//446
f 446//446 341//341 340//340
f 446//446 340//340 447//447
f 338//338 337//337 444//444
f 444//444 448//448 338//338
f 338//338 448//448 449//449
f 338//338 449//449 340//340
f 340//340 449//449 450//450
f 340//340 450//450 447//447
f 217//217 339//339 341//341
f 445//445 451//451 341//341
f 341//341 451//451 348//348
f 341//341 348//348 217//217
f 452//452 349//349 350//350
f 452//452 350//350 453//453
f 453//453 350//350 351//351
f 453//453 351//351 454//454
f 454//454 351//351 352//352
f 454//454 352//352 455//455
f 455//455 352//352 348//348
f 455//455 348//348 451//451
f 349//349 452//452 353//353
f 353//353 452//452 456//456
f 440//440 333//333 457//457
f 457//457 333//333 354//354
f 457//457 354//354 458//458
f 458//458 354//354 355//355
f 458//458 355//355 459//459
f 459//459 355//355 356//356
f 459//459 356//356 456//456
f 456//456 356//356 353//353
f 460//460 461//461 366//366
f 366//366 461//461 365//365
f 461//461 462//462 365//365
f 365//365 462//462 463//463
f 365//365 463//463 364//364
f 463//463 464//464 364//364
f 364//364 464//464 465//465
f 364//364 465//465 363//363
f 465//465 466//466 363//363
f 363//363 466//466 467//467
f 363//363 467//467 362//362
f 467//467 468//468 362//362
f 362//362 468//468 469//469
f 362//362 469//469 361//361
f 470//470 360//360 471//471
f 471//471 360//360 361//361
f 471//471 361//361 472//472
f 472//472 361//361 469//469
f 470//470 473//473 360//360
f 360//360 473//473 359//359
f 473//473 474//474 359//359
f 359//359 474//474 475//475
f 359//359 475//475 358//358
f 475//475 476//476 358//358
f 358//358 476//476 477//477
f 358//358 477//477 357//357
f 477//477 478//478 357//357
f 357//357 478//478 479//479
f 357//357 479//479 368//368
f 479//479 480//480 368//368
f 368//368 480//480 481//481
f 368//368 481//481 367//367
f 460//460 366//366 482//482
f 482//482 366//366 367//367
f 482//482 367//367 483//483
f 483//483 367//367 481//481
f 484//484 485//485 372//372
f 372//372 485//485 371//371
f 485//485 486//486 371//371
f 371//371 486//486 487//487
f 371//371 487//487 370//370
f 487//487 488//488 370//370
f 370//370 488//488 489//489
f 370//370 489//489 369//369
f 489//489 490//490 369//369
f 369//369 490//490 491//491
f 369//369 491//491 380//380
f 491//491 492//492 380//380
f 380//380 492//492 493//493
f 380//380 493//493 379//379
f 494//494 378//378 495//495
f 495//495 378//378 379//379
f 495//495 379//379 496//496
f 496//496 379//379 493//493
f 494//494 497//497 378//378
f 378//378 497//497 377//377
f 497//497 498//498 377//377
f 377//377 498//498 499//499
f 377//377 499//499 376//376
f 499//499 500//500 376//376
f 376//376 500//500 501//501
f 376//376 501//501 375//375
f 501//501 502//502 375//375
f 375//375 502//502 503//503
f 375//375 503//503 374//374
f 503//503 504//504 374//374
f 374//374 504//504 505//505
f 374//374 505//505 373//373
f 484//484 372//372 506//506
f 506//506 372//372 373//373
f 506//506 373//373 507//507
f 507//507 373//373 505//505
f 508//508 21//21 509//509
f 509//509 21//21 40//40
f 510//510 25//25 24//24
f 510//510 24//24 511//511
f 511//511 24//24 23//23
f 511//511 23//23 512//512
f 512//512 23//23 22//22
f 512//512 22//22 513//513
f 513//513 22//22 21//21
f 513//513 21//21 508//508
f 514//514 26//26 510//510
f 510//510 26//26 25//25
f 515//515 30//30 29//29
f 515//515 29//29 516//516
f 516//516 29//29 28//28
f 516//516 28//28 517//517
f 517//517 28//28 27//27
f 517//517 27//27 518//518
f 518//518 27//27 26//26
f 518//518 26//26 514//514
f 519//519 31//31 515//515
f 515//515 31//31 30//30
f 520//520 35//35 34//34
f 520//520 34//34 521//521
f 521//521 34//34 33//33
f 521//521 33//33 522//522
f 522//522 33//33 32//32
f 522//522 32//32 523//523
f 523//523 32//32 31//31
f 523//523 31//31 519//519
f 524//524 36//36 520//520
f 520//520 36//36 35//35
f 509//509 40//40 39//39
f 509//509 39//39 525//525
f 525//525 39//39 38//38
f 525//525 38//38 526//526
f 526//526 38//38 37//37
f 526//526 37//37 527//527
f 527//527 37//37 36//36
f 527//527 36//36 524//524
f 385//385 384//384 528//528
f 528//528 384//384 529//529
f 384//384 383//383 529//529
f 529//529 383//383 386//386
f 529//529 386//386 530//530
f 389//389 531//531 388//388
f 388//388 531//531 530//530
f 388//388 530//530 387//387
f 387//387 530//530 386//386
f 389//389 390//390 531//531
f 531//531 390//390 391//391
f 531//531 391//391 532//532
f 391//391 392//392 532//532
f 532//532 392//392 382//382
f 532//532 382//382 533//533
f 382//382 381//381 533//533
f 533//533 381//381 393//393
f 533//533 393//393 534//534
f 396//396 535//535 395//395
f 395//395 535//535 534//534
f 395//395 534//534 394//394
f 394//394 534//534 393//393
f 396//396 400//400 535//535
f 535//535 400//400 536//536
f 400//400 399//399 536//536
f 536//536 399//399 401//401
f 536//536 401//401 537//537
f 404//404 538//538 403//403
f 403//403 538//538 537//537
f 403//403 537//537 402//402
f 402//402 537//537 401//401
f 404//404 405//405 538//538
f 538//538 405//405 406//406
f 538//538 406//406 539//539
f 406//406 407//407 539//539
f 539//539 407//407 398//398
f 539//539 398//398 540//540
f 398//398 397//397 540//540
f 540//540 397//397 408//408
f 540//540 408//408 541//541
f 385//385 528//528 410//410
f 410//410 528//528 541//541
f 410//410 541//541 409//409
f 409//409 541//541 408//408
f 542//542 412//412 543//543
f 543//543 412//412 411//411
f 543//543 411//411 544//544
f 545//545 546//546 413//413
f 413//413 414//414 545//545
f 545//545 414//414 415//415
f 545//545 415//415 547//547
f 547//547 415//415 416//416
f 547//547 416//416 548//548
f 412//412 542//542 418//418
f 418//418 542//542 548//548
f 418//418 548//548 417//417
f 417//417 548//548 416//416
f 413//413 546//546 419//419
f 419//419 546//546 549//549
f 550//550 551//551 420//420
f 420//420 421//421 550//550
f 550//550 421//421 422//422
f 550//550 422//422 552//552
f 552//552 422//422 423//423
f 552//552 423//423 553//553
f 419//419 549//549 425//425
f 425//425 549//549 553//553
f 425//425 553//553 424//424
f 424//424 553//553 423//423
f 554//554 426//426 555//555
f 555//555 426//426 420//420
f 555//555 420//420 551//551
f 556//556 557//557 427//427
f 427//427 428//428 556//556
f 556//556 428//428 429//429
f 556//556 429//429 558//558
f 558//558 429//429 430//430
f 558//558 430//430 559//559
f 426//426 554//554 432//432
f 432//432 554//554 559//559
f 432//432 559//559 431//431
f 431//431 559//559 430//430
f 427//427 557//557 433//433
f 433//433 557//557 560//560
f 561//561 544//544 411//411
f 411//411 434//434 561//561
f 561//561 434//434 435//435
f 561//561 435//435 562//562
f 562//562 435//435 438//438
f 562//562 438//438 563//563
f 433//433 560//560 436//436
f 436//436 560//560 563//563
f 436//436 563//563 437//437
f 437//437 563//563 438//438
f 440//440 564//564 439//439
f 439//439 564//564 565//565
f 439//439 565//565 443//443
f 443//443 565//565 566//566
f 443//443 566//566 442//442
f 442//442 566//566 567//567
f 442//442 567//567 441//441
f 441//441 567//567 568//568
f 569//569 444//444 568//568
f 568//568 444//444 441//441
f 570//570 571//571 445//445
f 445//445 446//446 570//570
f 570//570 446//446 447//447
f 570//570 447//447 572//572
f 572//572 447//447 450//450
f 572//572 450//450 573//573
f 444//444 569//569 448//448
f 448//448 569//569 573//573
f 448//448 573//573 449//449
f 449//449 573//573 450//450
f 574//574 451//451 571//571
f 571//571 451//451 445//445
f 575//575 576//576 452//452
f 451//451 574//574 455//455
f 455//455 574//574 577//577
f 455//455 577//577 454//454
f 454//454 577//577 575//575
f 454//454 575//575 453//453
f 453//453 575//575 452//452
f 578//578 456//456 576//576
f 576//576 456//456 452//452
f 456//456 578//578 459//459
f 459//459 578//578 579//579
f 459//459 579//579 458//458
f 458//458 579//579 580//580
f 458//458 580//580 457//457
f 457//457 580//580 581//581
f 457//457 581//581 440//440
f 440//440 581//581 564//564
f 582//582 583//583 470//470
f 470//470 471//471 582//582
f 582//582 471//471 472//472
f 582//582 472//472 584//584
f 472//472 469//469 584//584
f 584//584 469//469 468//468
f 584//584 468//468 585//585
f 585//585 468//468 467//467
f 585//585 467//467 586//586
f 467//467 466//466 586//586
f 586//586 466//466 465//465
f 586//586 465//465 587//587
f 465//465 464//464 587//587
f 587//587 464//464 463//463
f 587//587 463//463 588//588
f 460//460 589//589 461//461
f 461//461 589//589 588//588
f 461//461 588//588 462//462
f 462//462 588//588 463//463
f 590//590 589//589 460//460
f 460//460 482//482 590//590
f 590//590 482//482 483//483
f 590//590 483//483 591//591
f 483//483 481//481 591//591
f 591//591 481//481 480//480
f 591//591 480//480 592//592
f 592//592 480//480 479//479
f 592//592 479//479 593//593
f 479//479 478//478 593//593
f 593//593 478//478 477//477
f 593//593 477//477 594//594
f 477//477 476//476 594//594
f 594//594 476//476 475//475
f 594//594 475//475 595//595
f 470//470 583//583 473//473
f 473//473 583//583 595//595
f 473//473 595//595 474//474
f 474//474 595//595 475//475
f 596//596 597//597 494//494
f 494//494 495//495 596//596
f 596//596 495//495 496//496
f 596//596 496//496 598//598
f 496//496 493//493 598//598
f 598//598 493//493 492//492
f 598//598 492//492 599//599
f 599//599 492//492 491//491
f 599//599 491//491 600//600
f 491//491 490//490 600//600
f 600//600 490//490 489//489
f 600//600 489//489 601//601
f 489//489 488//488 601//601
f 601//601 488//488 487//487
f 601//601 487//487 602//602
f 484//484 603//603 485//485
f 485//485 603//603 602//602
f 485//485 602//602 486//486
f 486//486 602//602 487//487
f 604//604 603//603 484//484
f 484//484 506//506 604//604
f 604//604 506//506 507//507
f 604//604 507//507 605//605
f 507//507 505//505 605//605
f 605//605 505//505 504//504
f 605//605 504//504 606//606
f 606//606 504//504 503//503
f 606//606 503//503 607//607
f 503//503 502//502 607//607
f 607//607 502//502 501//501
f 607//607 501//501 608//608
f 501//501 500//500 608//608
f 608//608 500//500 499//499
f 608//608 499//499 609//609
f 494//494 597//597 497//497
f 497//497 597//597 609//609
f 497//497 609//609 498//498
f 498//498 609//609 499//499
f 610//610 508//508 611//611
f 611//611 508//508 509//509
f 611//611 509//509 612//612
f 613//613 510//510 511//511
f 613//613 511//511 614//614
f 614//614 511//511 512//512
f 614//614 512//512 615//615
f 615//615 512//512 513//513
f 615//615 513//513 616//616
f 616//616 513//513 508//508
f 616//616 508//508 610//610
f 617//617 514//514 618//618
f 618//618 514//514 510//510
f 618//618 510//510 613//613
f 619//619 515//515 516//516
f 619//619 516//516 620//620
f 620//620 516//516 517//517
f 620//620 517//517 621//621
f 621//621 517//517 518//518
f 621//621 518//518 622//622
f 622//622 518//518 514//514
f 622//622 514//514 617//617
f 623//623 519//519 624//624
f 624//624 519//519 515//515
f 624//624 515//515 619//619
f 625//625 520//520 521//521
f 625//625 521//521 626//626
f 626//626 521//521 522//522
f 626//626 522//522 627//627
f 627//627 522//522 523//523
f 627//627 523//523 628//628
f 628//628 523//523 519//519
f 628//628 519//519 623//623
f 629//629 524//524 630//630
f 630//630 524//524 520//520
f 630//630 520//520 625//625
f 612//612 509//509 525//525
f 612//612 525//525 631//631
f 631//631 525//525 526//526
f 631//631 526//526 632//632
f 632//632 526//526 527//527
f 632//632 527//527 633//633
f 633//633 527//527 524//524
f 633//633 524//524 629//629
f 634//634 635//635 636//636
f 636//636 635//635 637//637
f 635//635 638//638 637//637
f 637//637 638//638 639//639
f 637//637 639//639 640//640
f 639//639 641//641 640//640
f 640//640 641//641 642//642
f 640//640 642//642 643//643
f 642//642 644//644 643//643
f 643//643 644//644 645//645
f 643//643 645//645 646//646
f 645//645 647//647 646//646
f 646//646 647//647 648//648
f 646//646 648//648 649//649
f 650//650 651//651 652//652
f 652//652 651//651 649//649
f 652//652 649//649 653//653
f 653//653 649//649 648//648
f 643//643 532//532 640//640
f 640//640 532//532 533//533
f 640//640 533//533 637//637
f 637//637 533//533 534//534
f 637//637 534//534 636//636
f 636//636 534//534 535//535
f 636//636 535//535 654//654
f 654//654 535//535 536//536
f 654//654 536//536 655//655
f 655//655 536//536 537//537
f 655//655 537//537 656//656
f 537//537 538//538 656//656
f 656//656 538//538 539//539
f 656//656 539//539 657//657
f 657//657 539//539 540//540
f 657//657 540//540 658//658
f 658//658 540//540 541//541
f 658//658 541//541 651//651
f 651//651 541//541 528//528
f 651//651 528//528 649//649
f 649//649 528//528 529//529
f 649//649 529//529 646//646
f 646//646 529//529 530//530
f 646//646 530//530 643//643
f 643//643 530//530 531//531
f 643//643 531//531 532//532
f 659//659 544//544 611//611
f 611//611 544//544 561//561
f 611//611 561//561 562//562
f 562//562 563//563 611//611
f 611//611 563//563 560//560
f 611//611 560//560 610//610
f 616//616 610//610 615//615
f 615//615 610//610 560//560
f 615//615 560//560 614//614
f 614//614 560//560 557//557
f 614//614 557//557 613//613
f 613//613 557//557 556//556
f 613//613 556//556 558//558
f 558//558 559//559 613//613
f 613//613 559//559 554//554
f 613//613 554//554 618//618
f 618//618 554//554 555//555
f 618//618 555//555 617//617
f 617//617 555//555 551//551
f 553//553 619//619 552//552
f 552//552 619//619 620//620
f 552//552 620//620 550//550
f 550//550 620//620 621//621
f 550//550 621//621 551//551
f 551//551 621//621 622//622
f 551//551 622//622 617//617
f 547//547 548//548 624//624
f 624//624 548//548 542//542
f 624//624 542//542 659//659
f 659//659 542//542 543//543
f 659//659 543//543 544//544
f 553//553 549//549 619//619
f 619//619 549//549 546//546
f 619//619 546//546 624//624
f 624//624 546//546 545//545
f 624//624 545//545 547//547
f 660//660 661//661 630//630
f 630//630 661//661 662//662
f 630//630 662//662 659//659
f 659//659 662//662 663//663
f 659//659 663//663 664//664
f 664//664 665//665 659//659
f 659//659 665//665 666//666
f 659//659 666//666 624//624
f 624//624 666//666 667//667
f 624//624 667//667 668//668
f 668//668 669//669 624//624
f 624//624 669//669 670//670
f 624//624 670//670 623//623
f 660//660 630//630 671//671
f 671//671 630//630 625//625
f 671//671 625//625 626//626
f 670//670 672//672 623//623
f 623//623 672//672 673//673
f 623//623 673//673 628//628
f 628//628 673//673 671//671
f 628//628 671//671 627//627
f 627//627 671//671 626//626
f 579//579 578//578 612//612
f 612//612 578//578 576//576
f 612//612 576//576 611//611
f 611//611 576//576 575//575
f 608//608 609//609 574//574
f 574//574 609//609 597//597
f 574//574 597//597 577//577
f 577//577 597//597 591//591
f 577//577 591//591 592//592
f 564//564 629//629 565//565
f 565//565 629//629 630//630
f 565//565 630//630 566//566
f 566//566 630//630 567//567
f 579//579 612//612 580//580
f 580//580 612//612 631//631
f 580//580 631//631 581//581
f 581//581 631//631 632//632
f 581//581 632//632 564//564
f 564//564 632//632 633//633
f 564//564 633//633 629//629
f 592//592 593//593 577//577
f 577//577 593//593 594//594
f 577//577 594//594 575//575
f 586//586 587//587 597//597
f 597//597 587//587 588//588
f 588//588 589//589 597//597
f 597//597 589//589 590//590
f 597//597 590//590 591//591
f 594//594 595//595 575//575
f 575//575 595//595 583//583
f 575//575 583//583 611//611
f 611//611 583//583 582//582
f 611//611 582//582 584//584
f 608//608 574//574 607//607
f 607//607 574//574 571//571
f 607//607 571//571 606//606
f 572//572 573//573 630//630
f 570//570 604//604 571//571
f 571//571 604//604 605//605
f 571//571 605//605 606//606
f 597//597 596//596 586//586
f 586//586 596//596 611//611
f 586//586 611//611 585//585
f 585//585 611//611 584//584
f 573//573 569//569 630//630
f 630//630 569//569 568//568
f 630//630 568//568 567//567
f 570//570 572//572 604//604
f 604//604 572//572 630//630
f 604//604 630//630 603//603
f 603//603 630//630 659//659
f 603//603 659//659 602//602
f 602//602 659//659 601//601
f 596//596 598//598 611//611
f 611//611 598//598 599//599
f 611//611 599//599 659//659
f 659//659 599//599 600//600
f 659//659 600//600 601//601
f 672//672 670//670 650//650
f 650//650 652//652 672//672
f 672//672 652//652 653//653
f 672//672 653//653 673//673
f 653//653 648//648 673//673
f 673//673 648//648 647//647
f 673//673 647//647 671//671
f 647//647 645//645 671//671
f 671//671 645//645 644//644
f 671//671 644//644 660//660
f 660//660 644//644 642//642
f 660//660 642//642 661//661
f 642//642 641//641 661//661
f 661//661 641//641 639//639
f 661//661 639//639 662//662
f 634//634 663//663 635//635
f 635//635 663//663 662//662
f 635//635 662//662 638//638
f 638//638 662//662 639//639
f 650//650 674//674 651//651
f 651//651 674//674 658//658
f 674//674 675//675 658//658
f 658//658 675//675 676//676
f 658//658 676//676 657//657
f 676//676 677//677 657//657
f 657//657 677//677 678//678
f 657//657 678//678 656//656
f 678//678 679//679 656//656
f 656//656 679//679 680//680
f 656//656 680//680 655//655
f 680//680 681//681 655//655
f 655//655 681//681 682//682
f 655//655 682//682 654//654
f 634//634 636//636 683//683
f 683//683 636//636 654//654
f 683//683 654//654 684//684
f 684//684 654//654 682//682
f 664//664 663//663 634//634
f 634//634 683//683 664//664
f 664//664 683//683 684//684
f 664//664 684//684 665//665
f 684//684 682//682 665//665
f 665//665 682//682 681//681
f 665//665 681//681 666//666
f 666//666 681//681 680//680
f 666//666 680//680 667//667
f 680//680 679//679 667//667
f 667//667 679//679 678//678
f 667//667 678//678 668//668
f 678//678 677//677 668//668
f 668//668 677//677 676//676
f 668//668 676//676 669//669
f 650//650 670//670 674//674
f 674//674 670//670 669//669
f 674//674 669//669 675//675
f 675//675 669//669 676//676
f 685//685 686//686 687//687
f 687//687 686//686 688//688
f 687//687 688//688 689//689
f 690//690 691//691 692//692
f 693//693 694//694 695//695
f 695//695 694//694 696//696
f 694//694 697//697 698//698
f 696//696 694//694 687//687
f 687//687 694//694 699//699
f 687//687 699//699 685//685
f 693//693 700//700 694//694
f 694//694 700//700 701//701
f 694//694 701//701 697//697
f 692//692 702//702 690//690
f 690//690 702//702 694//694
f 690//690 694//694 703//703
f 703//703 694//694 698//698
f 703//703 698//698 704//704
f 705//705 706//706 707//707
f 707//707 706//706 687//687
f 707//707 687//687 708//708
f 708//708 687//687 689//689
f 708//708 689//689 709//709
f 709//709 689//689 710//710
f 711//711 712//712 713//713
f 714//714 715//715 716//716
f 717//717 718//718 716//716
f 716//716 718//718 719//719
f 716//716 719//719 714//714
f 720//720 721//721 722//722
f 721//721 723//723 722//722
f 722//722 723//723 724//724
f 722//722 724//724 725//725
f 726//726 727//727 728//728
f 726//726 728//728 725//725
f 725//725 728//728 729//729
f 725//725 729//729 722//722
f 711//711 713//713 730//730
f 731//731 732//732 733//733
f 734//734 735//735 736//736
f 737//737 738//738 739//739
f 739//739 738//738 740//740
f 739//739 740//740 736//736
f 736//736 740//740 741//741
f 736//736 741//741 734//734
f 727//727 742//742 728//728
f 728//728 742//742 743//743
f 728//728 743//743 744//744
f 744//744 743//743 745//745
f 744//744 745//745 746//746
f 746//746 745//745 747//747
f 746//746 747//747 748//748
f 748//748 749//749 746//746
f 746//746 749//749 750//750
f 746//746 750//750 751//751
f 751//751 750//750 752//752
f 751//751 752//752 753//753
f 753//753 752//752 754//754
f 753//753 754//754 755//755
f 756//756 757//757 758//758
f 758//758 757//757 759//759
f 758//758 759//759 760//760
f 760//760 759//759 761//761
f 760//760 761//761 762//762
f 762//762 761//761 763//763
f 762//762 763//763 764//764
f 764//764 763//763 765//765
f 764//764 765//765 766//766
f 766//766 765//765 767//767
f 766//766 767//767 768//768
f 768//768 767//767 769//769
f 768//768 769//769 770//770
f 770//770 769//769 771//771
f 770//770 771//771 772//772
f 772//772 771//771 773//773
f 772//772 773//773 774//774
f 774//774 773//773 775//775
f 774//774 775//775 776//776
f 776//776 775//775 777//777
f 776//776 777//777 713//713
f 713//713 777//777 778//778
f 713//713 778//778 730//730
f 714//714 720//720 715//715
f 715//715 720//720 722//722
f 715//715 722//722 779//779
f 779//779 722//722 780//780
f 779//779 780//780 756//756
f 756//756 780//780 781//781
f 756//756 781//781 757//757
f 755//755 737//737 753//753
f 753//753 737//737 739//739
f 753//753 739//739 782//782
f 782//782 739//739 783//783
f 782//782 783//783 784//784
f 784//784 783//783 785//785
f 784//784 785//785 786//786
f 786//786 785//785 787//787
f 786//786 787//787 788//788
f 788//788 787//787 789//789
f 788//788 789//789 790//790
f 790//790 789//789 791//791
f 790//790 791//791 792//792
f 792//792 791//791 793//793
f 792//792 793//793 794//794
f 794//794 793//793 795//795
f 794//794 795//795 796//796
f 796//796 795//795 797//797
f 796//796 797//797 798//798
f 798//798 797//797 799//799
f 798//798 799//799 800//800
f 800//800 799//799 801//801
f 800//800 801//801 802//802
f 802//802 801//801 803//803
f 802//802 803//803 804//804
f 804//804 803//803 805//805
f 804//804 805//805 806//806
f 806//806 805//805 731//731
f 806//806 731//731 807//807
f 807//807 731//731 733//733
f 807//807 733//733 808//808
f 809//809 810//810 811//811
f 811//811 810//810 812//812
f 809//809 813//813 810//810
f 810//810 813//813 814//814
f 810//810 814//814 815//815
f 815//815 816//816 810//810
f 810//810 816//816 817//817
f 810//810 817//817 818//818
f 818//818 817//817 819//819
f 818//818 819//819 820//820
f 821//821 822//822 823//823
f 823//823 822//822 824//824
f 825//825 826//826 824//824
f 824//824 826//826 827//827
f 824//824 827//827 823//823
f 812//812 810//810 828//828
f 828//828 810//810 829//829
f 828//828 829//829 830//830
f 831//831 808//808 832//832
f 832//832 808//808 733//733
f 832//832 733//733 732//732
f 833//833 712//712 711//711
f 834//834 835//835 836//836
f 837//837 838//838 839//839
f 839//839 838//838 840//840
f 839//839 840//840 836//836
f 836//836 840//840 841//841
f 836//836 841//841 834//834
f 842//842 843//843 844//844
f 845//845 846//846 847//847
f 845//845 847//847 848//848
f 844//844 849//849 842//842
f 842//842 849//849 850//850
f 842//842 850//850 847//847
f 847//847 850//850 851//851
f 847//847 851//851 848//848
f 852//852 853//853 854//854
f 854//854 853//853 855//855
f 854//854 855//855 856//856
f 857//857 858//858 859//859
f 859//859 858//858 860//860
f 859//859 860//860 861//861
f 861//861 862//862 859//859
f 859//859 862//862 863//863
f 859//859 863//863 864//864
f 864//864 863//863 865//865
f 864//864 865//865 843//843
f 843//843 865//865 866//866
f 843//843 866//866 844//844
f 867//867 868//868 869//869
f 867//867 869//869 870//870
f 819//819 871//871 820//820
f 820//820 871//871 872//872
f 820//820 872//872 873//873
f 872//872 874//874 873//873
f 873//873 874//874 875//875
f 873//873 875//875 869//869
f 869//869 875//875 876//876
f 869//869 876//876 870//870
f 877//877 878//878 879//879
f 879//879 880//880 877//877
f 877//877 880//880 881//881
f 877//877 881//881 882//882
f 831//831 832//832 883//883
f 883//883 832//832 822//822
f 883//883 822//822 830//830
f 830//830 822//822 821//821
f 830//830 821//821 828//828
f 884//884 885//885 886//886
f 886//886 885//885 887//887
f 886//886 887//887 888//888
f 888//888 887//887 889//889
f 888//888 889//889 890//890
f 890//890 889//889 869//869
f 890//890 869//869 877//877
f 877//877 869//869 868//868
f 877//877 868//868 878//878
f 891//891 892//892 893//893
f 893//893 892//892 894//894
f 893//893 894//894 895//895
f 895//895 894//894 896//896
f 895//895 896//896 897//897
f 897//897 896//896 898//898
f 897//897 898//898 899//899
f 899//899 898//898 900//900
f 899//899 900//900 884//884
f 884//884 900//900 901//901
f 884//884 901//901 885//885
f 856//856 857//857 854//854
f 854//854 857//857 859//859
f 854//854 859//859 902//902
f 902//902 859//859 903//903
f 902//902 903//903 904//904
f 904//904 903//903 905//905
f 904//904 905//905 906//906
f 906//906 905//905 907//907
f 906//906 907//907 908//908
f 908//908 907//907 909//909
f 908//908 909//909 910//910
f 910//910 909//909 911//911
f 910//910 911//911 912//912
f 912//912 911//911 913//913
f 912//912 913//913 914//914
f 914//914 913//913 915//915
f 914//914 915//915 891//891
f 891//891 915//915 916//916
f 891//891 916//916 892//892
f 846//846 917//917 847//847
f 847//847 917//917 918//918
f 847//847 918//918 919//919
f 919//919 918//918 837//837
f 919//919 837//837 920//920
f 920//920 837//837 839//839
f 920//920 839//839 921//921
f 921//921 839//839 833//833
f 921//921 833//833 922//922
f 922//922 833//833 711//711
f 922//922 711//711 730//730
f 923//923 730//730 778//778
f 923//923 778//778 924//924
f 778//778 777//777 924//924
f 924//924 777//777 775//775
f 924//924 775//775 925//925
f 775//775 773//773 925//925
f 925//925 773//773 771//771
f 925//925 771//771 926//926
f 771//771 769//769 926//926
f 926//926 769//769 767//767
f 926//926 767//767 927//927
f 767//767 765//765 927//927
f 927//927 765//765 763//763
f 927//927 763//763 928//928
f 763//763 761//761 928//928
f 928//928 761//761 759//759
f 928//928 759//759 929//929
f 759//759 757//757 929//929
f 929//929 757//757 781//781
f 929//929 781//781 930//930
f 781//781 780//780 930//930
f 930//930 780//780 722//722
f 930//930 722//722 931//931
f 722//722 729//729 931//931
f 931//931 729//729 728//728
f 931//931 728//728 932//932
f 728//728 744//744 932//932
f 932//932 744//744 746//746
f 932//932 746//746 933//933
f 746//746 751//751 933//933
f 933//933 751//751 753//753
f 933//933 753//753 934//934
f 753//753 782//782 934//934
f 934//934 782//782 784//784
f 934//934 784//784 935//935
f 784//784 786//786 935//935
f 935//935 786//786 788//788
f 935//935 788//788 936//936
f 788//788 790//790 936//936
f 936//936 790//790 792//792
f 936//936 792//792 937//937
f 792//792 794//794 937//937
f 937//937 794//794 796//796
f 937//937 796//796 938//938
f 796//796 798//798 938//938
f 938//938 798//798 800//800
f 938//938 800//800 939//939
f 800//800 802//802 939//939
f 939//939 802//802 804//804
f 939//939 804//804 940//940
f 808//808 941//941 807//807
f 807//807 941//941 940//940
f 807//807 940//940 806//806
f 806//806 940//940 804//804
f 941//941 808//808 831//831
f 941//941 831//831 942//942
f 831//831 883//883 942//942
f 942//942 883//883 830//830
f 942//942 830//830 943//943
f 830//830 829//829 943//943
f 943//943 829//829 810//810
f 943//943 810//810 944//944
f 810//810 818//818 944//944
f 944//944 818//818 820//820
f 944//944 820//820 945//945
f 820//820 873//873 945//945
f 945//945 873//873 869//869
f 945//945 869//869 946//946
f 869//869 889//889 946//946
f 946//946 889//889 887//887
f 946//946 887//887 947//947
f 887//887 885//885 947//947
f 947//947 885//885 901//901
f 947//947 901//901 948//948
f 901//901 900//900 948//948
f 948//948 900//900 898//898
f 948//948 898//898 949//949
f 898//898 896//896 949//949
f 949//949 896//896 894//894
f 949//949 894//894 950//950
f 894//894 892//892 950//950
f 950//950 892//892 916//916
f 950//950 916//916 951//951
f 916//916 915//915 951//951
f 951//951 915//915 913//913
f 951//951 913//913 952//952
f 913//913 911//911 952//952
f 952//952 911//911 909//909
f 952//952 909//909 953//953
f 909//909 907//907 953//953
f 953//953 907//907 905//905
f 953//953 905//905 954//954
f 905//905 903//903 954//954
f 954//954 903//903 859//859
f 954//954 859//859 955//955
f 859//859 864//864 955//955
f 955//955 864//864 843//843
f 955//955 843//843 956//956
f 843//843 842//842 956//956
f 956//956 842//842 847//847
f 956//956 847//847 957//957
f 847//847 919//919 957//957
f 957//957 919//919 920//920
f 957//957 920//920 958//958
f 730//730 923//923 922//922
f 922//922 923//923 958//958
f 922//922 958//958 921//921
f 921//921 958//958 920//920
f 937//937 955//955 956//956
f 934//934 935//935 958//958
f 937//937 938//938 955//955
f 955//955 938//938 939//939
f 955//955 939//939 940//940
f 946//946 947//947 955//955
f 924//924 925//925 930//930
f 956//956 957//957 937//937
f 937//937 957//957 958//958
f 937//937 958//958 936//936
f 936//936 958//958 935//935
f 931//931 932//932 958//958
f 958//958 932//932 933//933
f 958//958 933//933 934//934
f 940//940 941//941 955//955
f 955//955 941//941 942//942
f 955//955 942//942 943//943
f 931//931 958//958 930//930
f 930//930 958//958 923//923
f 930//930 923//923 924//924
f 943//943 944//944 955//955
f 955//955 944//944 945//945
f 955//955 945//945 946//946
f 947//947 948//948 955//955
f 955//955 948//948 949//949
f 955//955 949//949 950//950
f 925//925 926//926 930//930
f 930//930 926//926 927//927
f 930//930 927//927 929//929
f 929//929 927//927 928//928
f 950//950 951//951 955//955
f 955//955 951//951 952//952
f 955//955 952//952 954//954
f 954//954 952//952 953//953
f 959//959 845//845 960//960
f 863//863 961//961 960//960
f 960//960 961//961 962//962
f 960//960 962//962 963//963
f 963//963 964//964 960//960
f 960//960 964//964 965//965
f 960//960 965//965 959//959
f 844//844 866//866 960//960
f 960//960 866//866 865//865
f 960//960 865//865 863//863
f 845//845 848//848 960//960
f 960//960 848//848 851//851
f 851//851 850//850 960//960
f 960//960 850//850 849//849
f 960//960 849//849 844//844
f 966//966 876//876 967//967
f 815//815 968//968 967//967
f 967//967 968//968 969//969
f 967//967 969//969 970//970
f 970//970 971//971 967//967
f 967//967 971//971 972//972
f 967//967 972//972 966//966
f 815//815 967//967 816//816
f 816//816 967//967 817//817
f 876//876 875//875 967//967
f 967//967 875//875 874//874
f 967//967 874//874 872//872
f 872//872 871//871 967//967
f 967//967 871//871 819//819
f 967//967 819//819 817//817
f 973//973 752//752 974//974
f 726//726 975//975 974//974
f 974//974 975//975 976//976
f 974//974 976//976 977//977
f 977//977 978//978 974//974
f 974//974 978//978 979//979
f 974//974 979//979 973//973
f 743//743 742//742 974//974
f 974//974 742//742 727//727
f 974//974 727//727 726//726
f 752//752 750//750 974//974
f 974//974 750//750 749//749
f 974//974 749//749 748//748
f 748//748 747//747 974//974
f 974//974 747//747 745//745
f 974//974 745//745 743//743
f 840//840 980//980 841//841
f 841//841 980//980 981//981
f 845//845 982//982 983//983
f 965//965 984//984 985//985
f 985//985 984//984 986//986
f 985//985 986//986 845//845
f 845//845 986//986 987//987
f 845//845 987//987 982//982
f 988//988 917//917 983//983
f 983//983 917//917 846//846
f 983//983 846//846 845//845
f 988//988 989//989 917//917
f 917//917 989//989 990//990
f 917//917 990//990 918//918
f 990//990 991//991 918//918
f 918//918 991//991 992//992
f 918//918 992//992 837//837
f 992//992 993//993 837//837
f 837//837 993//993 994//994
f 837//837 994//994 838//838
f 838//838 994//994 980//980
f 838//838 980//980 840//840
f 961//961 995//995 962//962
f 996//996 997//997 860//860
f 860//860 997//997 998//998
f 860//860 998//998 861//861
f 998//998 999//999 861//861
f 861//861 999//999 1000//1000
f 861//861 1000//1000 862//862
f 862//862 1000//1000 1001//1001
f 862//862 1001//1001 863//863
f 863//863 1001//1001 1002//1002
f 863//863 1002//1002 961//961
f 961//961 1002//1002 1003//1003
f 961//961 1003//1003 995//995
f 1004//1004 1005//1005 858//858
f 858//858 1005//1005 1006//1006
f 858//858 1006//1006 860//860
f 860//860 1006//1006 1007//1007
f 860//860 1007//1007 996//996
f 1004//1004 858//858 1008//1008
f 1008//1008 858//858 857//857
f 1008//1008 857//857 1009//1009
f 1009//1009 857//857 856//856
f 1009//1009 856//856 1010//1010
f 855//855 1011//1011 856//856
f 856//856 1011//1011 1010//1010
f 879//879 1012//1012 880//880
f 880//880 1012//1012 1013//1013
f 1014//1014 876//876 1015//1015
f 1015//1015 876//876 1016//1016
f 1015//1015 1016//1016 1017//1017
f 1017//1017 1016//1016 972//972
f 1014//1014 1018//1018 876//876
f 876//876 1018//1018 1019//1019
f 876//876 1019//1019 870//870
f 870//870 1019//1019 867//867
f 867//867 1019//1019 1020//1020
f 867//867 1020//1020 1021//1021
f 1022//1022 868//868 1023//1023
f 1023//1023 868//868 867//867
f 1023//1023 867//867 1024//1024
f 1024//1024 867//867 1021//1021
f 1022//1022 1025//1025 868//868
f 868//868 1025//1025 1026//1026
f 868//868 1026//1026 878//878
f 878//878 1026//1026 1012//1012
f 878//878 1012//1012 879//879
f 1027//1027 1028//1028 969//969
f 1029//1029 1030//1030 809//809
f 809//809 1030//1030 1031//1031
f 809//809 1031//1031 813//813
f 1031//1031 1032//1032 813//813
f 813//813 1032//1032 1033//1033
f 813//813 1033//1033 814//814
f 814//814 1033//1033 1034//1034
f 814//814 1034//1034 815//815
f 815//815 1034//1034 1035//1035
f 815//815 1035//1035 1027//1027
f 1027//1027 1035//1035 1036//1036
f 1027//1027 1036//1036 1028//1028
f 1029//1029 809//809 1037//1037
f 1037//1037 809//809 811//811
f 1037//1037 811//811 1038//1038
f 1038//1038 811//811 1039//1039
f 1039//1039 811//811 812//812
f 1039//1039 812//812 1040//1040
f 1040//1040 812//812 828//828
f 1040//1040 828//828 1041//1041
f 1041//1041 828//828 821//821
f 1041//1041 821//821 1042//1042
f 1042//1042 821//821 823//823
f 1042//1042 823//823 1043//1043
f 827//827 1044//1044 823//823
f 823//823 1044//1044 1043//1043
f 1045//1045 1046//1046 976//976
f 1047//1047 1048//1048 726//726
f 726//726 1048//1048 1045//1045
f 1045//1045 1048//1048 1049//1049
f 1045//1045 1049//1049 1046//1046
f 726//726 725//725 1047//1047
f 1047//1047 725//725 724//724
f 1047//1047 724//724 1050//1050
f 1051//1051 1052//1052 723//723
f 723//723 1052//1052 1053//1053
f 723//723 1053//1053 724//724
f 724//724 1053//1053 1054//1054
f 724//724 1054//1054 1050//1050
f 1051//1051 723//723 1055//1055
f 1055//1055 723//723 721//721
f 1055//1055 721//721 1056//1056
f 1056//1056 721//721 720//720
f 1056//1056 720//720 1057//1057
f 1057//1057 720//720 714//714
f 1057//1057 714//714 1058//1058
f 740//740 1059//1059 741//741
f 741//741 1059//1059 1060//1060
f 1061//1061 752//752 1062//1062
f 1062//1062 752//752 1063//1063
f 1062//1062 1063//1063 1064//1064
f 1064//1064 1063//1063 979//979
f 1061//1061 1065//1065 752//752
f 752//752 1065//1065 1066//1066
f 752//752 1066//1066 754//754
f 754//754 1066//1066 1067//1067
f 1067//1067 1068//1068 754//754
f 754//754 1068//1068 1069//1069
f 754//754 1069//1069 755//755
f 755//755 1069//1069 1070//1070
f 755//755 1070//1070 1071//1071
f 1071//1071 1072//1072 755//755
f 755//755 1072//1072 1073//1073
f 755//755 1073//1073 737//737
f 737//737 1073//1073 1074//1074
f 737//737 1074//1074 1075//1075
f 1075//1075 1076//1076 737//737
f 737//737 1076//1076 1077//1077
f 737//737 1077//1077 738//738
f 738//738 1077//1077 1059//1059
f 738//738 1059//1059 740//740
f 719//719 1078//1078 714//714
f 714//714 1078//1078 1058//1058
f 1079//1079 687//687 1080//1080
f 1080//1080 687//687 706//706
f 1080//1080 706//706 1081//1081
f 1081//1081 706//706 705//705
f 1081//1081 705//705 1082//1082
f 1082//1082 705//705 707//707
f 1083//1083 1084//1084 707//707
f 1085//1085 1086//1086 1087//1087
f 707//707 1084//1084 1082//1082
f 1082//1082 1084//1084 1088//1088
f 1082//1082 1088//1088 1089//1089
f 1083//1083 707//707 1090//1090
f 1090//1090 707//707 708//708
f 1090//1090 708//708 1091//1091
f 1087//1087 1086//1086 708//708
f 708//708 1086//1086 1092//1092
f 708//708 1092//1092 1091//1091
f 1089//1089 1093//1093 1082//1082
f 1082//1082 1093//1093 1094//1094
f 1082//1082 1094//1094 1087//1087
f 1087//1087 1094//1094 1095//1095
f 1087//1087 1095//1095 1085//1085
f 1087//1087 708//708 1096//1096
f 1096//1096 708//708 709//709
f 1096//1096 709//709 1097//1097
f 1097//1097 709//709 710//710
f 1097//1097 710//710 1098//1098
f 1098//1098 710//710 689//689
f 1098//1098 689//689 1099//1099
f 1099//1099 689//689 688//688
f 1099//1099 688//688 686//686
f 1099//1099 686//686 1100//1100
f 1100//1100 686//686 685//685
f 1100//1100 685//685 1101//1101
f 1101//1101 685//685 699//699
f 1101//1101 699//699 1102//1102
f 1102//1102 699//699 694//694
f 1102//1102 694//694 1103//1103
f 1104//1104 1105//1105 1106//1106
f 1106//1106 1105//1105 1103//1103
f 1106//1106 1103//1103 1107//1107
f 1107//1107 1103//1103 1108//1108
f 1109//1109 702//702 1110//1110
f 1110//1110 702//702 1105//1105
f 1110//1110 1105//1105 1111//1111
f 1111//1111 1105//1105 1104//1104
f 1109//1109 1112//1112 702//702
f 702//702 1112//1112 1113//1113
f 702//702 1113//1113 694//694
f 1113//1113 1114//1114 694//694
f 694//694 1114//1114 1115//1115
f 694//694 1115//1115 1103//1103
f 1103//1103 1115//1115 1116//1116
f 1103//1103 1116//1116 1108//1108
f 1105//1105 702//702 1117//1117
f 1117//1117 702//702 692//692
f 1117//1117 692//692 1118//1118
f 1118//1118 692//692 691//691
f 1118//1118 691//691 1119//1119
f 1119//1119 691//691 690//690
f 1119//1119 690//690 1120//1120
f 1120//1120 690//690 703//703
f 1121//1121 835//835 834//834
f 1122//1122 1123//1123 1121//1121
f 1121//1121 834//834 1122//1122
f 1122//1122 834//834 841//841
f 1122//1122 841//841 981//981
f 1010//1010 1124//1124 1009//1009
f 1009//1009 1124//1124 1125//1125
f 1009//1009 1125//1125 1008//1008
f 1126//1126 997//997 1127//1127
f 1127//1127 997//997 996//996
f 1127//1127 996//996 1007//1007
f 1007//1007 1128//1128 1127//1127
f 1127//1127 1128//1128 1005//1005
f 1127//1127 1005//1005 1125//1125
f 1125//1125 1005//1005 1129//1129
f 1125//1125 1129//1129 1008//1008
f 962//962 1130//1130 963//963
f 963//963 1130//1130 1003//1003
f 963//963 1003//1003 1131//1131
f 1131//1131 1001//1001 963//963
f 963//963 1001//1001 1132//1132
f 963//963 1132//1132 1127//1127
f 1127//1127 1132//1132 999//999
f 1127//1127 999//999 1126//1126
f 980//980 1133//1133 981//981
f 981//981 1133//1133 1134//1134
f 1135//1135 964//964 982//982
f 982//982 964//964 1136//1136
f 1135//1135 986//986 964//964
f 964//964 986//986 1137//1137
f 964//964 1137//1137 965//965
f 1138//1138 993//993 992//992
f 1138//1138 992//992 1136//1136
f 992//992 991//991 1136//1136
f 1136//1136 991//991 1139//1139
f 1136//1136 1139//1139 989//989
f 989//989 1140//1140 1136//1136
f 1136//1136 1140//1140 983//983
f 1136//1136 983//983 982//982
f 1133//1133 980//980 1138//1138
f 1138//1138 980//980 994//994
f 1138//1138 994//994 993//993
f 1011//1011 1141//1141 1010//1010
f 1010//1010 1141//1141 1124//1124
f 1142//1142 1143//1143 1144//1144
f 1144//1144 1143//1143 1145//1145
f 1144//1144 1145//1145 852//852
f 852//852 1145//1145 853//853
f 853//853 1145//1145 1011//1011
f 853//853 1011//1011 855//855
f 1146//1146 882//882 881//881
f 1147//1147 1148//1148 1146//1146
f 1146//1146 881//881 1147//1147
f 1147//1147 881//881 880//880
f 1147//1147 880//880 1013//1013
f 1110//1110 1149//1149 1109//1109
f 1109//1109 1149//1149 1150//1150
f 1109//1109 1150//1150 1112//1112
f 1112//1112 1150//1150 1151//1151
f 1112//1112 1151//1151 1113//1113
f 1113//1113 1151//1151 1152//1152
f 1113//1113 1152//1152 1114//1114
f 1114//1114 1152//1152 1153//1153
f 1114//1114 1153//1153 1115//1115
f 1115//1115 1153//1153 1154//1154
f 1115//1115 1154//1154 1116//1116
f 1116//1116 1154//1154 1155//1155
f 1116//1116 1155//1155 1108//1108
f 1108//1108 1155//1155 1156//1156
f 1108//1108 1156//1156 1107//1107
f 1107//1107 1156//1156 1157//1157
f 1107//1107 1157//1157 1106//1106
f 1106//1106 1157//1157 1158//1158
f 1106//1106 1158//1158 1104//1104
f 1104//1104 1158//1158 1159//1159
f 1104//1104 1159//1159 1111//1111
f 1111//1111 1159//1159 1160//1160
f 1111//1111 1160//1160 1110//1110
f 1110//1110 1160//1160 1149//1149
f 1043//1043 1161//1161 1042//1042
f 1042//1042 1161//1161 1162//1162
f 1042//1042 1162//1162 1041//1041
f 1163//1163 1030//1030 1164//1164
f 1164//1164 1030//1030 1165//1165
f 1164//1164 1165//1165 1037//1037
f 1037//1037 1166//1166 1164//1164
f 1164//1164 1166//1166 1039//1039
f 1164//1164 1039//1039 1162//1162
f 1162//1162 1039//1039 1167//1167
f 1162//1162 1167//1167 1041//1041
f 969//969 1168//1168 970//970
f 970//970 1168//1168 1036//1036
f 970//970 1036//1036 1169//1169
f 1169//1169 1034//1034 970//970
f 970//970 1034//1034 1170//1170
f 970//970 1170//1170 1164//1164
f 1164//1164 1170//1170 1032//1032
f 1164//1164 1032//1032 1163//1163
f 1012//1012 1171//1171 1013//1013
f 1013//1013 1171//1171 1172//1172
f 1173//1173 971//971 1018//1018
f 1018//1018 971//971 1174//1174
f 1173//1173 1015//1015 971//971
f 971//971 1015//1015 1175//1175
f 971//971 1175//1175 972//972
f 1176//1176 1025//1025 1022//1022
f 1176//1176 1022//1022 1174//1174
f 1022//1022 1023//1023 1174//1174
f 1174//1174 1023//1023 1177//1177
f 1174//1174 1177//1177 1021//1021
f 1021//1021 1178//1178 1174//1174
f 1174//1174 1178//1178 1019//1019
f 1174//1174 1019//1019 1018//1018
f 1171//1171 1012//1012 1176//1176
f 1176//1176 1012//1012 1026//1026
f 1176//1176 1026//1026 1025//1025
f 1044//1044 1179//1179 1043//1043
f 1043//1043 1179//1179 1161//1161
f 1180//1180 1181//1181 1182//1182
f 1182//1182 1181//1181 1183//1183
f 1182//1182 1183//1183 825//825
f 825//825 1183//1183 826//826
f 826//826 1183//1183 1044//1044
f 826//826 1044//1044 827//827
f 1184//1184 735//735 734//734
f 1185//1185 1186//1186 1184//1184
f 1184//1184 734//734 1185//1185
f 1185//1185 734//734 741//741
f 1185//1185 741//741 1060//1060
f 1094//1094 1187//1187 1095//1095
f 1095//1095 1187//1187 1188//1188
f 1095//1095 1188//1188 1085//1085
f 1085//1085 1188//1188 1189//1189
f 1085//1085 1189//1189 1086//1086
f 1086//1086 1189//1189 1190//1190
f 1086//1086 1190//1190 1092//1092
f 1092//1092 1190//1190 1191//1191
f 1092//1092 1191//1191 1091//1091
f 1091//1091 1191//1191 1192//1192
f 1091//1091 1192//1192 1090//1090
f 1090//1090 1192//1192 1193//1193
f 1090//1090 1193//1193 1083//1083
f 1083//1083 1193//1193 1194//1194
f 1083//1083 1194//1194 1084//1084
f 1084//1084 1194//1194 1195//1195
f 1084//1084 1195//1195 1088//1088
f 1088//1088 1195//1195 1196//1196
f 1088//1088 1196//1196 1089//1089
f 1089//1089 1196//1196 1197//1197
f 1089//1089 1197//1197 1093//1093
f 1093//1093 1197//1197 1198//1198
f 1093//1093 1198//1198 1094//1094
f 1094//1094 1198//1198 1187//1187
f 1058//1058 1199//1199 1057//1057
f 1057//1057 1199//1199 1200//1200
f 1057//1057 1200//1200 1056//1056
f 1201//1201 1053//1053 1202//1202
f 1053//1053 1203//1203 1202//1202
f 1202//1202 1203//1203 1051//1051
f 1202//1202 1051//1051 1200//1200
f 1200//1200 1051//1051 1204//1204
f 1200//1200 1204//1204 1056//1056
f 1049//1049 977//977 1205//1205
f 1205//1205 977//977 976//976
f 1049//1049 1206//1206 977//977
f 977//977 1206//1206 1047//1047
f 977//977 1047//1047 1202//1202
f 1202//1202 1047//1047 1050//1050
f 1202//1202 1050//1050 1201//1201
f 1059//1059 1207//1207 1060//1060
f 1060//1060 1207//1207 1208//1208
f 1209//1209 1067//1067 1210//1210
f 1209//1209 1210//1210 978//978
f 978//978 1210//1210 1065//1065
f 978//978 1065//1065 1211//1211
f 1211//1211 1062//1062 978//978
f 978//978 1062//1062 1212//1212
f 978//978 1212//1212 979//979
f 1076//1076 1075//1075 1213//1213
f 1213//1213 1075//1075 1214//1214
f 1213//1213 1214//1214 1209//1209
f 1209//1209 1214//1214 1073//1073
f 1073//1073 1215//1215 1209//1209
f 1209//1209 1215//1215 1071//1071
f 1209//1209 1071//1071 1216//1216
f 1216//1216 1069//1069 1209//1209
f 1209//1209 1069//1069 1217//1217
f 1209//1209 1217//1217 1067//1067
f 1207//1207 1059//1059 1213//1213
f 1213//1213 1059//1059 1077//1077
f 1213//1213 1077//1077 1076//1076
f 1218//1218 1219//1219 1220//1220
f 1220//1220 1219//1219 1221//1221
f 1220//1220 1221//1221 717//717
f 717//717 1221//1221 718//718
f 718//718 1221//1221 1078//1078
f 718//718 1078//1078 719//719
f 1078//1078 1222//1222 1058//1058
f 1058//1058 1222//1222 1199//1199
f 1223//1223 1224//1224 1225//1225
f 1225//1225 1224//1224 1226//1226
f 1225//1225 1226//1226 1227//1227
f 1227//1227 1226//1226 1228//1228
f 1227//1227 1228//1228 1229//1229
f 1229//1229 1228//1228 1230//1230
f 1229//1229 1230//1230 1231//1231
f 1231//1231 1230//1230 1232//1232
f 1231//1231 1232//1232 1233//1233
f 1233//1233 1232//1232 1234//1234
f 1233//1233 1234//1234 1235//1235
f 1235//1235 1234//1234 1236//1236
f 1235//1235 1236//1236 1237//1237
f 1237//1237 1236//1236 1238//1238
f 1237//1237 1238//1238 1239//1239
f 1239//1239 1238//1238 1240//1240
f 1239//1239 1240//1240 1241//1241
f 1241//1241 1240//1240 1242//1242
f 1241//1241 1242//1242 1243//1243
f 1243//1243 1242//1242 1244//1244
f 1243//1243 1244//1244 1245//1245
f 1245//1245 1244//1244 1246//1246
f 1245//1245 1246//1246 1223//1223
f 1223//1223 1246//1246 1224//1224
f 1120//1120 703//703 1247//1247
f 1247//1247 703//703 704//704
f 1247//1247 704//704 1248//1248
f 1248//1248 704//704 698//698
f 1248//1248 698//698 1249//1249
f 1249//1249 698//698 697//697
f 1250//1250 696//696 1079//1079
f 1079//1079 696//696 687//687
f 1251//1251 1250//1250 1252//1252
f 1252//1252 1250//1250 1079//1079
f 1082//1082 1253//1253 1081//1081
f 1081//1081 1253//1253 1254//1254
f 1081//1081 1254//1254 1080//1080
f 1080//1080 1254//1254 1255//1255
f 1080//1080 1255//1255 1079//1079
f 1079//1079 1255//1255 1252//1252
f 1253//1253 1082//1082 1256//1256
f 1256//1256 1082//1082 1087//1087
f 1098//1098 1257//1257 1097//1097
f 1097//1097 1257//1257 1258//1258
f 1097//1097 1258//1258 1096//1096
f 1096//1096 1258//1258 1259//1259
f 1096//1096 1259//1259 1087//1087
f 1087//1087 1259//1259 1256//1256
f 1099//1099 1260//1260 1098//1098
f 1098//1098 1260//1260 1257//1257
f 1103//1103 1261//1261 1102//1102
f 1102//1102 1261//1261 1262//1262
f 1102//1102 1262//1262 1101//1101
f 1101//1101 1262//1262 1263//1263
f 1101//1101 1263//1263 1100//1100
f 1100//1100 1263//1263 1264//1264
f 1100//1100 1264//1264 1099//1099
f 1099//1099 1264//1264 1260//1260
f 1105//1105 1265//1265 1103//1103
f 1103//1103 1265//1265 1261//1261
f 1119//1119 1266//1266 1118//1118
f 1118//1118 1266//1266 1267//1267
f 1118//1118 1267//1267 1117//1117
f 1117//1117 1267//1267 1268//1268
f 1117//1117 1268//1268 1105//1105
f 1105//1105 1268//1268 1265//1265
f 1120//1120 1269//1269 1119//1119
f 1119//1119 1269//1269 1266//1266
f 1220//1220 717//717 716//716
f 836//836 835//835 1121//1121
f 1121//1121 1123//1123 836//836
f 836//836 1123//1123 1270//1270
f 836//836 1270//1270 1271//1271
f 1271//1271 1272//1272 836//836
f 836//836 1272//1272 1273//1273
f 836//836 1273//1273 1274//1274
f 1275//1275 1220//1220 1276//1276
f 1276//1276 1220//1220 1277//1277
f 1275//1275 1278//1278 1220//1220
f 1220//1220 1278//1278 1279//1279
f 1220//1220 1279//1279 1218//1218
f 1220//1220 716//716 1277//1277
f 1277//1277 716//716 715//715
f 1277//1277 715//715 1280//1280
f 715//715 779//779 1280//1280
f 1280//1280 779//779 756//756
f 1280//1280 756//756 1281//1281
f 756//756 758//758 1281//1281
f 1281//1281 758//758 760//760
f 1281//1281 760//760 1282//1282
f 760//760 762//762 1282//1282
f 1282//1282 762//762 764//764
f 1282//1282 764//764 1283//1283
f 764//764 766//766 1283//1283
f 1283//1283 766//766 768//768
f 1283//1283 768//768 1284//1284
f 768//768 770//770 1284//1284
f 1284//1284 770//770 772//772
f 1284//1284 772//772 1285//1285
f 772//772 774//774 1285//1285
f 1285//1285 774//774 776//776
f 1285//1285 776//776 1286//1286
f 1286//1286 776//776 713//713
f 1286//1286 713//713 1287//1287
f 1287//1287 713//713 712//712
f 1287//1287 712//712 1288//1288
f 1288//1288 712//712 833//833
f 1288//1288 833//833 1274//1274
f 1274//1274 833//833 839//839
f 1274//1274 839//839 836//836
f 1289//1289 1290//1290 1274//1274
f 1291//1291 1292//1292 1270//1270
f 981//981 1134//1134 1122//1122
f 1122//1122 1134//1134 1291//1291
f 1122//1122 1291//1291 1123//1123
f 1123//1123 1291//1291 1270//1270
f 1274//1274 1273//1273 1289//1289
f 1289//1289 1273//1273 1272//1272
f 1289//1289 1272//1272 1292//1292
f 1292//1292 1272//1272 1271//1271
f 1292//1292 1271//1271 1270//1270
f 1293//1293 1294//1294 1238//1238
f 1246//1246 1289//1289 1292//1292
f 1293//1293 1238//1238 1295//1295
f 1292//1292 1291//1291 1246//1246
f 1246//1246 1291//1291 1134//1134
f 1246//1246 1134//1134 1224//1224
f 1224//1224 1134//1134 1133//1133
f 1224//1224 1133//1133 1226//1226
f 1294//1294 1296//1296 1289//1289
f 1289//1289 1296//1296 1290//1290
f 1133//1133 1138//1138 1226//1226
f 1226//1226 1138//1138 1136//1136
f 1226//1226 1136//1136 1228//1228
f 1228//1228 1136//1136 964//964
f 1228//1228 964//964 1230//1230
f 1230//1230 964//964 963//963
f 1230//1230 963//963 1232//1232
f 1232//1232 963//963 1127//1127
f 1232//1232 1127//1127 1234//1234
f 1234//1234 1127//1127 1125//1125
f 1234//1234 1125//1125 1236//1236
f 1236//1236 1125//1125 1124//1124
f 1236//1236 1124//1124 1238//1238
f 1238//1238 1124//1124 1141//1141
f 1238//1238 1141//1141 1295//1295
f 1246//1246 1244//1244 1289//1289
f 1289//1289 1244//1244 1242//1242
f 1289//1289 1242//1242 1294//1294
f 1294//1294 1242//1242 1240//1240
f 1294//1294 1240//1240 1238//1238
f 1297//1297 1296//1296 1298//1298
f 1298//1298 1296//1296 1294//1294
f 1298//1298 1294//1294 1299//1299
f 1299//1299 1294//1294 1300//1300
f 1300//1300 1294//1294 1293//1293
f 1300//1300 1293//1293 1301//1301
f 1301//1301 1293//1293 1142//1142
f 1142//1142 1293//1293 1295//1295
f 1142//1142 1295//1295 1143//1143
f 1143//1143 1295//1295 1145//1145
f 1145//1145 1295//1295 1141//1141
f 1145//1145 1141//1141 1011//1011
f 890//890 1302//1302 888//888
f 888//888 1302//1302 1303//1303
f 882//882 1146//1146 877//877
f 877//877 1146//1146 890//890
f 1146//1146 1148//1148 890//890
f 890//890 1148//1148 1304//1304
f 890//890 1304//1304 1305//1305
f 1305//1305 1306//1306 890//890
f 890//890 1306//1306 1307//1307
f 890//890 1307//1307 1302//1302
f 1298//1298 1299//1299 1144//1144
f 1299//1299 1300//1300 1144//1144
f 1144//1144 1300//1300 1301//1301
f 1144//1144 1301//1301 1142//1142
f 852//852 854//854 1144//1144
f 1144//1144 854//854 1297//1297
f 1144//1144 1297//1297 1298//1298
f 854//854 902//902 1297//1297
f 1297//1297 902//902 904//904
f 1297//1297 904//904 1308//1308
f 904//904 906//906 1308//1308
f 1308//1308 906//906 908//908
f 1308//1308 908//908 1309//1309
f 908//908 910//910 1309//1309
f 1309//1309 910//910 912//912
f 1309//1309 912//912 1310//1310
f 912//912 914//914 1310//1310
f 1310//1310 914//914 891//891
f 1310//1310 891//891 1311//1311
f 1311//1311 891//891 893//893
f 1311//1311 893//893 1312//1312
f 1312//1312 893//893 895//895
f 1312//1312 895//895 1313//1313
f 1313//1313 895//895 897//897
f 1313//1313 897//897 1314//1314
f 897//897 899//899 1314//1314
f 1314//1314 899//899 884//884
f 1314//1314 884//884 1303//1303
f 1303//1303 884//884 886//886
f 1303//1303 886//886 888//888
f 1315//1315 1316//1316 1302//1302
f 1317//1317 1318//1318 1304//1304
f 1013//1013 1172//1172 1147//1147
f 1147//1147 1172//1172 1317//1317
f 1147//1147 1317//1317 1148//1148
f 1148//1148 1317//1317 1304//1304
f 1302//1302 1307//1307 1315//1315
f 1315//1315 1307//1307 1306//1306
f 1315//1315 1306//1306 1318//1318
f 1318//1318 1306//1306 1305//1305
f 1318//1318 1305//1305 1304//1304
f 1318//1318 1160//1160 1315//1315
f 1315//1315 1160//1160 1159//1159
f 1318//1318 1317//1317 1160//1160
f 1160//1160 1317//1317 1172//1172
f 1160//1160 1172//1172 1149//1149
f 1149//1149 1172//1172 1171//1171
f 1149//1149 1171//1171 1150//1150
f 1319//1319 1320//1320 1156//1156
f 1156//1156 1320//1320 1321//1321
f 1156//1156 1321//1321 1157//1157
f 1157//1157 1321//1321 1158//1158
f 1322//1322 1316//1316 1321//1321
f 1321//1321 1316//1316 1315//1315
f 1321//1321 1315//1315 1158//1158
f 1158//1158 1315//1315 1159//1159
f 971//971 970//970 1153//1153
f 1153//1153 970//970 1164//1164
f 1153//1153 1164//1164 1154//1154
f 1154//1154 1164//1164 1162//1162
f 1154//1154 1162//1162 1155//1155
f 1155//1155 1162//1162 1161//1161
f 1155//1155 1161//1161 1156//1156
f 1156//1156 1161//1161 1179//1179
f 1156//1156 1179//1179 1319//1319
f 1153//1153 1152//1152 971//971
f 971//971 1152//1152 1151//1151
f 971//971 1151//1151 1174//1174
f 1174//1174 1151//1151 1150//1150
f 1174//1174 1150//1150 1176//1176
f 1176//1176 1150//1150 1171//1171
f 1323//1323 1322//1322 1324//1324
f 1324//1324 1322//1322 1321//1321
f 1324//1324 1321//1321 1325//1325
f 1325//1325 1321//1321 1326//1326
f 1326//1326 1321//1321 1320//1320
f 1326//1326 1320//1320 1327//1327
f 1327//1327 1320//1320 1180//1180
f 1180//1180 1320//1320 1319//1319
f 1180//1180 1319//1319 1181//1181
f 1181//1181 1319//1319 1183//1183
f 1183//1183 1319//1319 1179//1179
f 1183//1183 1179//1179 1044//1044
f 1328//1328 1323//1323 1182//1182
f 1182//1182 1323//1323 1324//1324
f 1182//1182 1324//1324 1325//1325
f 1325//1325 1326//1326 1182//1182
f 1182//1182 1326//1326 1327//1327
f 1182//1182 1327//1327 1180//1180
f 832//832 732//732 1329//1329
f 1329//1329 732//732 1330//1330
f 832//832 1329//1329 822//822
f 822//822 1329//1329 1328//1328
f 822//822 1328//1328 824//824
f 824//824 1328//1328 1182//1182
f 824//824 1182//1182 825//825
f 1330//1330 732//732 731//731
f 736//736 1331//1331 739//739
f 739//739 1331//1331 1332//1332
f 736//736 735//735 1184//1184
f 1184//1184 1186//1186 736//736
f 736//736 1186//1186 1333//1333
f 736//736 1333//1333 1334//1334
f 1334//1334 1335//1335 736//736
f 736//736 1335//1335 1336//1336
f 736//736 1336//1336 1331//1331
f 805//805 1337//1337 731//731
f 731//731 1337//1337 1338//1338
f 731//731 1338//1338 1330//1330
f 805//805 803//803 1337//1337
f 1337//1337 803//803 801//801
f 1337//1337 801//801 1339//1339
f 801//801 799//799 1339//1339
f 1339//1339 799//799 797//797
f 1339//1339 797//797 1340//1340
f 797//797 795//795 1340//1340
f 1340//1340 795//795 793//793
f 1340//1340 793//793 1341//1341
f 793//793 791//791 1341//1341
f 1341//1341 791//791 789//789
f 1341//1341 789//789 1342//1342
f 789//789 787//787 1342//1342
f 1342//1342 787//787 785//785
f 1342//1342 785//785 1332//1332
f 1332//1332 785//785 783//783
f 1332//1332 783//783 739//739
f 1343//1343 1344//1344 1331//1331
f 1345//1345 1346//1346 1333//1333
f 1060//1060 1208//1208 1185//1185
f 1185//1185 1208//1208 1345//1345
f 1185//1185 1345//1345 1186//1186
f 1186//1186 1345//1345 1333//1333
f 1331//1331 1336//1336 1343//1343
f 1343//1343 1336//1336 1335//1335
f 1343//1343 1335//1335 1346//1346
f 1346//1346 1335//1335 1334//1334
f 1346//1346 1334//1334 1333//1333
f 1189//1189 1343//1343 1346//1346
f 1347//1347 1348//1348 1197//1197
f 1194//1194 1193//1193 978//978
f 978//978 1193//1193 1192//1192
f 978//978 1192//1192 1209//1209
f 1209//1209 1192//1192 1191//1191
f 1348//1348 1349//1349 1343//1343
f 1343//1343 1349//1349 1344//1344
f 1347//1347 1197//1197 1350//1350
f 1346//1346 1345//1345 1189//1189
f 1189//1189 1345//1345 1208//1208
f 1189//1189 1208//1208 1190//1190
f 1190//1190 1208//1208 1207//1207
f 1190//1190 1207//1207 1191//1191
f 1191//1191 1207//1207 1213//1213
f 1191//1191 1213//1213 1209//1209
f 1189//1189 1188//1188 1343//1343
f 1343//1343 1188//1188 1187//1187
f 1343//1343 1187//1187 1348//1348
f 1348//1348 1187//1187 1198//1198
f 1348//1348 1198//1198 1197//1197
f 978//978 977//977 1194//1194
f 1194//1194 977//977 1202//1202
f 1194//1194 1202//1202 1195//1195
f 1195//1195 1202//1202 1200//1200
f 1195//1195 1200//1200 1196//1196
f 1196//1196 1200//1200 1199//1199
f 1196//1196 1199//1199 1197//1197
f 1197//1197 1199//1199 1222//1222
f 1197//1197 1222//1222 1350//1350
f 1277//1277 1349//1349 1276//1276
f 1276//1276 1349//1349 1348//1348
f 1276//1276 1348//1348 1275//1275
f 1275//1275 1348//1348 1278//1278
f 1278//1278 1348//1348 1347//1347
f 1278//1278 1347//1347 1279//1279
f 1279//1279 1347//1347 1218//1218
f 1218//1218 1347//1347 1350//1350
f 1218//1218 1350//1350 1219//1219
f 1219//1219 1350//1350 1221//1221
f 1221//1221 1350//1350 1222//1222
f 1221//1221 1222//1222 1078//1078
f 1225//1225 701//701 1223//1223
f 1223//1223 701//701 1351//1351
f 1223//1223 1351//1351 1245//1245
f 1237//1237 1239//1239 1249//1249
f 1249//1249 1239//1239 1241//1241
f 1249//1249 1241//1241 1351//1351
f 1351//1351 1241//1241 1243//1243
f 1351//1351 1243//1243 1245//1245
f 1225//1225 1227//1227 701//701
f 701//701 1227//1227 1229//1229
f 701//701 1229//1229 697//697
f 1229//1229 1231//1231 697//697
f 697//697 1231//1231 1233//1233
f 697//697 1233//1233 1249//1249
f 1249//1249 1233//1233 1235//1235
f 1249//1249 1235//1235 1237//1237
f 1249//1249 1352//1352 1248//1248
f 1248//1248 1352//1352 1353//1353
f 1248//1248 1353//1353 1247//1247
f 1247//1247 1353//1353 1354//1354
f 1247//1247 1354//1354 1120//1120
f 1120//1120 1354//1354 1269//1269
f 696//696 1250//1250 1355//1355
f 1351//1351 701//701 1356//1356
f 1356//1356 701//701 700//700
f 1356//1356 700//700 1357//1357
f 1357//1357 700//700 1358//1358
f 1358//1358 700//700 693//693
f 1358//1358 693//693 1355//1355
f 1355//1355 693//693 695//695
f 1355//1355 695//695 696//696
f 1250//1250 1251//1251 1355//1355
f 1355//1355 1251//1251 1359//1359
f 1355//1355 1359//1359 1358//1358
f 1358//1358 1359//1359 1360//1360
f 1288//1288 1274//1274 1290//1290
f 1254//1254 1280//1280 1255//1255
f 1255//1255 1280//1280 1281//1281
f 1255//1255 1281//1281 1252//1252
f 1332//1332 1331//1331 1344//1344
f 1303//1303 1302//1302 1316//1316
f 1322//1322 1323//1323 1328//1328
f 1322//1322 1328//1328 1263//1263
f 1281//1281 1282//1282 1252//1252
f 1252//1252 1282//1282 1283//1283
f 1252//1252 1283//1283 1251//1251
f 1353//1353 1308//1308 1354//1354
f 1354//1354 1308//1308 1309//1309
f 1354//1354 1309//1309 1269//1269
f 1257//1257 1260//1260 1339//1339
f 1328//1328 1329//1329 1263//1263
f 1263//1263 1329//1329 1330//1330
f 1263//1263 1330//1330 1264//1264
f 1264//1264 1330//1330 1338//1338
f 1264//1264 1338//1338 1260//1260
f 1260//1260 1338//1338 1337//1337
f 1260//1260 1337//1337 1339//1339
f 1283//1283 1284//1284 1251//1251
f 1251//1251 1284//1284 1285//1285
f 1251//1251 1285//1285 1359//1359
f 1359//1359 1285//1285 1286//1286
f 1359//1359 1286//1286 1360//1360
f 1360//1360 1286//1286 1287//1287
f 1360//1360 1287//1287 1361//1361
f 1361//1361 1287//1287 1288//1288
f 1361//1361 1288//1288 1362//1362
f 1362//1362 1288//1288 1290//1290
f 1362//1362 1290//1290 1352//1352
f 1352//1352 1290//1290 1296//1296
f 1352//1352 1296//1296 1353//1353
f 1353//1353 1296//1296 1297//1297
f 1353//1353 1297//1297 1308//1308
f 1339//1339 1340//1340 1257//1257
f 1257//1257 1340//1340 1341//1341
f 1257//1257 1341//1341 1258//1258
f 1258//1258 1341//1341 1342//1342
f 1258//1258 1342//1342 1259//1259
f 1259//1259 1342//1342 1332//1332
f 1259//1259 1332//1332 1256//1256
f 1256//1256 1332//1332 1344//1344
f 1256//1256 1344//1344 1253//1253
f 1253//1253 1344//1344 1349//1349
f 1253//1253 1349//1349 1254//1254
f 1254//1254 1349//1349 1277//1277
f 1254//1254 1277//1277 1280//1280
f 1263//1263 1262//1262 1322//1322
f 1322//1322 1262//1262 1261//1261
f 1322//1322 1261//1261 1316//1316
f 1316//1316 1261//1261 1265//1265
f 1316//1316 1265//1265 1303//1303
f 1303//1303 1265//1265 1268//1268
f 1303//1303 1268//1268 1314//1314
f 1314//1314 1268//1268 1267//1267
f 1314//1314 1267//1267 1313//1313
f 1313//1313 1267//1267 1266//1266
f 1309//1309 1310//1310 1269//1269
f 1269//1269 1310//1310 1311//1311
f 1269//1269 1311//1311 1266//1266
f 1266//1266 1311//1311 1312//1312
f 1266//1266 1312//1312 1313//1313
f 1351//1351 1362//1362 1249//1249
f 1249//1249 1362//1362 1352//1352
f 1361//1361 1362//1362 1351//1351
f 1358//1358 1360//1360 1357//1357
f 1357//1357 1360//1360 1361//1361
f 1357//1357 1361//1361 1356//1356
f 1356//1356 1361//1361 1351//1351
# 2708 faces, 0 coords texture

# End of File
