####
#
# OBJ File Generated by Meshlab
#
####
# Object gripper_finger_link1.obj
#
# Vertices: 2564
# Faces: 5128
#
####
vn -2.6927957962878839 -2.7490867111728545 -1.3503451739360803
v -0.0336946360766888 -0.0226081144064665 0.0180405247956514
vn -2.6927961214261606 -3.0627341572941091 -0.0238406513115625
v -0.0336946360766888 -0.0224391464143991 0.0173259116709232
vn -2.6927934371947875 -2.7697709926346441 1.3073914751682543
v -0.0336946360766888 -0.0225969702005386 0.0166087523102760
vn -2.6927961336401225 -0.6582814467188214 -2.9912498284032818
v -0.0336946360766888 -0.0237344671040773 0.0189245082437992
vn -2.6927908821909741 -1.8909465126654115 -2.4094024525318267
v -0.0336946360766888 -0.0230704080313444 0.0186110585927963
vn -2.6927922254035921 0.7047621182740507 -2.9806396474337382
v -0.0336946360766888 -0.0244687646627426 0.0189187936484814
vn -2.6927974532945425 1.8909475298938210 2.4094046611878941
v -0.0336946360766888 -0.0251077823340893 0.0160150807350874
vn -2.6927916449172065 2.7490833940207571 1.3503486358763761
v -0.0336946360766888 -0.0255700778216124 0.0165856126695871
vn -2.6927923191190817 0.6582865051615328 2.9912474431874405
v -0.0336946360766888 -0.0244437251240015 0.0157016292214394
vn -2.6927930412531120 3.0627333890002864 0.0238353381019993
v -0.0336946360766888 -0.0257390458136797 0.0173002276569605
vn -2.6927934270861780 -0.7047605409324572 2.9806404247248501
v -0.0336946360766888 -0.0237094275653362 0.0157073438167572
vn -2.6927929752856010 -1.9282198140710900 2.3796789999531498
v -0.0336946360766888 -0.0230503287166357 0.0160310920327902
vn -2.6927934945443854 2.7697687741244810 -1.3073965901291018
v -0.0336946360766888 -0.0255812201648951 0.0180173870176077
vn -2.6927956596520617 1.9282198720657415 -2.3796801605964886
v -0.0336946360766888 -0.0251278616487980 0.0185950454324484
vn -3.5903922659264746 3.0627333890002864 0.0238353381019994
v -0.0364946350455284 -0.0257390458136797 0.0173002276569605
vn -3.5903918126352012 2.7697687741244814 -1.3073965901291020
v -0.0364946350455284 -0.0255812201648951 0.0180173870176077
vn -3.5903903803816211 1.9282185527927580 -2.3796808086221342
v -0.0364946350455284 -0.0251278616487980 0.0185950454324484
vn -3.5903914112652640 0.7047602828637871 -2.9806405539901948
v -0.0364946350455284 -0.0244687628000975 0.0189187936484814
vn -3.5903907588980344 -0.6582832575661939 -2.9912489786124796
v -0.0364946350455284 -0.0237344652414322 0.0189245082437992
vn -3.5903937154483874 -1.8909477995809780 -2.4094018450800334
v -0.0364946350455284 -0.0230704080313444 0.0186110585927963
vn -3.5903878932530651 -2.7490859646286365 -1.3503483312662559
v -0.0364946350455284 -0.0226081144064665 0.0180405247956514
vn -3.5903965016282413 -3.0627321337686571 -0.0238406198201059
v -0.0364946350455284 -0.0224391445517540 0.0173259116709232
vn -3.5903902465965469 -2.7697702928504504 1.3073946550022231
v -0.0364946350455284 -0.0225969702005386 0.0166087523102760
vn -3.5903923318939857 -1.9282198140710900 2.3796789999531498
v -0.0364946350455284 -0.0230503287166357 0.0160310920327902
vn -3.5903918800934083 -0.7047605409324571 2.9806404247248501
v -0.0364946350455284 -0.0237094275653362 0.0157073438167572
vn -3.5903929880605050 0.6582865051615328 2.9912474431874401
v -0.0364946350455284 -0.0244437251240015 0.0157016292214394
vn -3.5903878538850438 1.8909475298938210 2.4094046611878941
v -0.0364946350455284 -0.0251077823340893 0.0160150807350874
vn -3.5903936622623807 2.7490833940207575 1.3503486358763761
v -0.0364946350455284 -0.0255700778216124 0.0165856126695871
vn -2.8139312775196403 -3.8154579458532374 -1.8782087633633289
v -0.0364946350455284 -0.0215619318187237 0.0138326315209270
vn -5.2527689306969609 -0.2200917954689687 -2.3092947168460869
v -0.0364946350455284 -0.0260617956519127 0.0137976100668311
vn -5.1424970765133606 -0.8987485341423922 -2.2184498089730740
v -0.0364946350455284 -0.0266366917639971 0.0139073198661208
vn -5.2924239195579830 0.1364050010802641 2.2828683555078384
v -0.0364946350455284 -0.0126166818663478 0.0209024623036385
vn -5.2218195412448560 0.5885390093290659 2.2668741556113510
v -0.0364946350455284 -0.0114508382976055 0.0207581967115402
vn -3.5903899921713376 -1.8909483400566183 -2.4094030752612263
v -0.0364946350455284 -0.0130707109346986 0.0186888836324215
vn -5.2218168138509755 1.1551941974202422 2.0373105769376418
v -0.0364946350455284 -0.0103620598092675 0.0203171055763960
vn -3.5903927159377949 -2.7490852083591957 -1.3503456924379005
v -0.0364946350455284 -0.0126084154471755 0.0181183498352766
vn -3.5903883952634486 1.8909467608664143 2.4094050241876959
v -0.0364946350455284 -0.0151080852374434 0.0160929057747126
vn -3.5342945616996935 2.8557746536840831 -1.1569402492750256
v -0.0364946350455284 -0.0165986530482769 0.0136799123138189
vn -3.5903954801728619 2.7490840510886256 1.3503458569331765
v -0.0364946350455284 -0.0155703807249665 0.0166634377092123
vn -3.3379393883119510 3.1137017941105953 -0.2822187084915727
v -0.0364946350455284 -0.0165620837360620 0.0138715440407395
vn -3.5903893276061010 3.0627343484661145 0.0238339332574692
v -0.0364946350455284 -0.0157393477857113 0.0173780545592308
vn -3.3379401562407081 3.1089317092740827 0.3306495876900755
v -0.0364946350455284 -0.0165932141244411 0.0178714245557785
vn -3.5903919287296509 2.7697689419833460 -1.3073958390112179
v -0.0364946350455284 -0.0155815230682492 0.0180952120572329
vn -3.5342945921176043 2.8374203160257272 1.2012516413216019
v -0.0364946350455284 -0.0167118571698666 0.0184445418417454
vn -3.5903902066920654 1.9282190837046418 -2.3796805478389196
v -0.0364946350455284 -0.0151281645521522 0.0186728704720736
vn -3.3379422197788866 -3.1137009614199451 0.2822230660266865
v -0.0364946350455284 -0.0215930622071028 0.0178325101733208
vn -3.5342917338568096 -2.8557738210377357 1.1569446125026159
v -0.0364946350455284 -0.0214833524078131 0.0184074062854052
vn -3.5342891077080942 -2.1956508624539137 2.1617324540535185
v -0.0364946350455284 -0.0211619902402163 0.0188965573906898
vn -5.2251174431687426 2.1175883602664838 -0.4894914292128321
v -0.0364946350455284 -0.0079300366342068 -0.0030617888551205
vn -5.2251176775388490 -2.1097131577425285 -0.5223905247878516
v -0.0364946350455284 -0.0129298865795135 -0.0031007016077638
vn -5.4516510272677108 -2.1120979703871336 -0.2159525533304974
v -0.0364946350455284 -0.0130207203328609 0.0085705174133182
vn -2.6286180962985695 0.1281724055256513 -4.7059974745783739
v -0.0364946350455284 -0.0169151220470667 0.0133897336199880
vn -3.4248915093989156 1.3965239743651505 -2.7834123536252275
v -0.0364946350455284 -0.0168671365827322 0.0134072164073586
vn -5.4047374017257104 -1.4607189234662465 -1.6152092720776030
v -0.0364946350455284 -0.0166170429438353 0.0131388613954186
vn -3.5342904238781410 2.1956491524379285 -2.1617336160058054
v -0.0364946350455284 -0.0167057737708092 0.0135168619453907
vn -5.4516520110033522 -1.6251113258214678 -1.3662364804428084
v -0.0364946350455284 -0.0137666892260313 0.0103325322270393
vn -5.2218177513198967 1.6431261641456403 1.6689039705963453
v -0.0364946350455284 -0.0094245411455631 0.0196092464029789
vn -5.2218145326738457 2.0190835888304783 1.1867680133334348
v -0.0364946350455284 -0.0087021756917238 0.0186828617006540
vn -3.5903903767042982 -3.0627340423208933 -0.0238362437698328
v -0.0364946350455284 -0.0124394483864307 0.0174037367105484
vn -5.2218195812905321 2.2574397906318717 0.6237484299897890
v -0.0364946350455284 -0.0082441903650761 0.0176010765135288
vn -3.5903914852354202 -2.7697707110228231 1.3073927548223838
v -0.0364946350455284 -0.0125972731038928 0.0166865773499012
vn -5.2924265794635481 2.2804662373967703 0.1719201519432044
v -0.0364946350455284 -0.0080817975103855 0.0164376217871904
vn -3.5903951677853749 -1.9282158157686760 2.3796809639053520
v -0.0364946350455284 -0.0130506316199899 0.0161089170724154
vn -3.5903864879739453 -0.7047605578220827 2.9806423574241006
v -0.0364946350455284 -0.0137097314000130 0.0157851707190275
vn -3.5903950029100606 0.6582817209420860 2.9912477749342905
v -0.0364946350455284 -0.0144440270960331 0.0157794542610645
vn -5.5402709872237219 -1.8472579206276483 -0.7820584413712356
v -0.0364946350455284 -0.0132184624671936 0.0095257163047791
vn -5.1424979350663360 -1.6792983083157034 -1.7056444808491942
v -0.0364946350455284 -0.0271258428692818 0.0142286820337176
vn -5.1424940040866902 -2.2041937444472919 -0.9331709102896220
v -0.0364946350455284 -0.0274547804147005 0.0147127714008093
vn -5.2527728763785957 -2.3055863392162244 -0.2560047492181142
v -0.0364946350455284 -0.0275734234601259 0.0152858905494213
vn -5.2527701068484625 -2.3092935162949537 0.2200928548200449
v -0.0364946350455284 -0.0276045538485050 0.0192857701331377
vn -5.1424955344092904 -2.2184514764660892 0.8987484434614030
v -0.0364946350455284 -0.0274948440492153 0.0198606662452221
vn -3.3379393261572274 -0.3306468801042373 3.1089321257603917
v -0.0364946350455284 -0.0201047807931900 0.0193441379815340
vn -5.2527728508450835 -0.2560046926971106 2.3055863651906017
v -0.0364946350455284 -0.0261162742972374 0.0207973979413509
vn -3.5342976710781357 -1.2012519805120352 2.8374191478017639
v -0.0364946350455284 -0.0206779018044472 0.0192254949361086
vn -3.5903949831637840 -0.6582817519587061 -2.9912477751757529
v -0.0364946350455284 -0.0137347690761089 0.0190023351460695
vn -3.5903899027749935 0.7047653134673977 -2.9806400064722518
v -0.0364946350455284 -0.0144690666347742 0.0189966186881065
vn -5.1424953999028773 -0.9331688812908647 2.2041934941224079
v -0.0364946350455284 -0.0266893934458494 0.0206787548959255
vn -5.1424909317003005 -1.7056521430972347 1.6792982469387718
v -0.0364946350455284 -0.0271734837442636 0.0203498173505068
vn -3.5342935562385009 2.1617305412071501 2.1956508326735871
v -0.0364946350455284 -0.0170407947152853 0.0189286321401596
vn -3.5342890739922161 1.1569411205718325 2.8557761151574494
v -0.0364946350455284 -0.0175299458205700 0.0192499924451113
vn -3.3379417559435951 0.2822237945953946 3.1137009670901046
v -0.0364946350455284 -0.0181048419326544 0.0193597022444010
vn -2.6927967912707960 3.0627346983588253 0.0238355231796430
v -0.0336946360766888 -0.0157393477857113 0.0173780545592308
vn -2.6927900704096390 2.7697682988456309 -1.3073950578002338
v -0.0336946360766888 -0.0155815239995718 0.0180952120572329
vn -2.6927957542958993 1.9282182741246292 -2.3796815793851969
v -0.0336946360766888 -0.0151281645521522 0.0186728704720736
vn -2.6927954044045928 0.7047653134673978 -2.9806400064722522
v -0.0336946360766888 -0.0144690666347742 0.0189966186881065
vn -2.6927903240158018 -0.6582817519587063 -2.9912477751757534
v -0.0336946360766888 -0.0137347690761089 0.0190023351460695
vn -2.6927953150082495 -1.8909483400566178 -2.4094030752612259
v -0.0336946360766888 -0.0130707109346986 0.0186888836324215
vn -2.6927925912417936 -2.7490852083591957 -1.3503456924379007
v -0.0336946360766888 -0.0126084154471755 0.0181183498352766
vn -2.6927949304752881 -3.0627340423208937 -0.0238362437698327
v -0.0336946360766888 -0.0124394483864307 0.0174037367105484
vn -2.6927938219441665 -2.7697707110228222 1.3073927548223836
v -0.0336946360766888 -0.0125972731038928 0.0166865773499012
vn -2.6927901393942113 -1.9282158157686760 2.3796809639053516
v -0.0336946360766888 -0.0130506316199899 0.0161089170724154
vn -2.6927988192056418 -0.7047605578220829 2.9806423574241006
v -0.0336946360766888 -0.0137097314000130 0.0157851707190275
vn -2.6927903042694101 0.6582817209420863 2.9912477749342905
v -0.0336946360766888 -0.0144440270960331 0.0157794542610645
vn -2.6927969119161390 1.8909467608664141 2.4094050241876959
v -0.0336946360766888 -0.0151080852374434 0.0160929057747126
vn -2.6927898270067256 2.7490840510886256 1.3503458569331765
v -0.0336946360766888 -0.0155703807249665 0.0166634377092123
vn -2.3075165433532865 -4.1898361639705746 -3.4794506838568564
v -0.0359946340322495 -0.0141174802556634 0.0099762380123138
vn -2.3935922187281227 -5.0416191218972237 -2.1344293387121804
v -0.0359946340322495 -0.0136788990348577 0.0093307849019766
vn -2.3075165885214122 -5.4145302685738352 -0.5866669090726240
v -0.0359946340322495 -0.0135207045823336 0.0085666263476014
vn -2.1515816565382577 0.3009616789287609 5.2822457173343285
v -0.0359946340322495 -0.0126205738633871 0.0214024465531111
vn -2.1137192389601607 -0.5466007457709171 5.2210187071107930
v -0.0359946377575397 -0.0261201653629541 0.0212973840534687
vn -2.1137191832863187 -5.2288917763773117 0.4652762815941435
v -0.0359946377575397 -0.0281045399606228 0.0192818772047758
vn -2.0059885771445152 -4.7149728703442007 1.9101550112691867
v -0.0359946377575397 -0.0279582589864731 0.0200484059751034
vn -2.0059864071610005 -3.6250935932457189 3.5690904058083261
v -0.0359946377575397 -0.0275297760963440 0.0207006074488163
vn -2.0059841810411019 -1.9833120735173899 4.6846654057093859
v -0.0359946377575397 -0.0268843248486519 0.0211391914635897
vn -2.1137191907742787 -5.2210185986761193 -0.5466016218934687
v -0.0359946377575397 -0.0280734095722437 0.0152819994837046
vn -2.1134558348775254 -0.4654545090246933 -5.2288600182348590
v -0.0359946377575397 -0.0260579045861959 0.0132976248860359
vn -2.0051995861245637 -1.9102777615214386 -4.7148042487677007
v -0.0359946377575397 -0.0268244333565235 0.0134439049288630
vn -2.0046675018958067 -3.5690912290396382 -3.6248279933135419
v -0.0359946377575397 -0.0274766348302364 0.0138723878189921
vn -2.0051872440925380 -4.6843533928688945 -1.9837758524151150
v -0.0359946377575397 -0.0279152169823647 0.0145178409293294
vn -2.5224710516096378 -2.2879067966577811 -4.2960029370296642
v -0.0362446382641792 -0.0214930009096861 0.0135831600055099
vn -2.5203568148041824 -1.3775325300175787 -4.9976900981101995
v -0.0360616259276867 -0.0213085692375898 0.0134015772491693
vn -2.4799242015258214 -0.6323696011513055 -5.2718327899388644
v -0.0360116735100746 -0.0211875941604376 0.0133525673300028
vn -0.1408562034805408 -0.1457595110603029 -6.2716598824275440
v -0.0359946377575397 -0.0210580565035343 0.0133365383371711
vn -2.0963811333786815 -5.2184223149660127 -0.5587103811562942
v -0.0375946350395679 -0.0215619318187237 0.0138326315209270
vn -2.1137043329590854 -5.2289092984122263 0.4652746191148477
v -0.0375946350395679 -0.0215930622071028 0.0178325101733208
vn -2.0059764220370213 -4.7149834081603545 1.9101573625882984
v -0.0375946350395679 -0.0214833524078131 0.0184074062854052
vn -2.0059789027473505 -3.6250969594261360 3.5690971214973346
v -0.0375946350395679 -0.0211619902402163 0.0188965573906898
vn -2.0059790804592166 -1.9833044388834380 4.6846714393654096
v -0.0375946350395679 -0.0206779018044472 0.0192254949361086
vn -2.1137077698039479 -0.5465977109889331 5.2210346857300527
v -0.0375946350395679 -0.0201047807931900 0.0193441379815340
vn -2.1137045648742170 0.4652758610571572 5.2289095400033423
v -0.0375946350395679 -0.0181048419326544 0.0193597022444010
vn -2.1137076929480982 5.2210332082800930 0.5466023765901628
v -0.0375946350395679 -0.0165932141244411 0.0178714245557785
vn -2.0059814908216422 4.6846734443101496 1.9833048636025801
v -0.0375946350395679 -0.0167118571698666 0.0184445418417454
vn -2.0059794875623083 3.5690906218302327 3.6250926121467417
v -0.0375946350395679 -0.0170407947152853 0.0189286321401596
vn -2.0059779966362372 1.9101521817291049 4.7149880854343156
v -0.0375946350395679 -0.0175299458205700 0.0192499924451113
vn -2.1137062697869875 5.2289114812161408 -0.4652678844299815
v -0.0375946350395679 -0.0165620837360620 0.0138715440407395
vn -2.1154664421874037 0.5464524133302904 -5.2210539702232861
v -0.0375946350395679 -0.0170581769198179 0.0133676677942276
vn -0.0088912017124012 0.3879358237429962 -3.0270108648990761
v -0.0364420935511589 -0.0169838648289442 0.0133738061413169
vn -2.3380982292997028 -1.1826981748561156 -4.8963729129982649
v -0.0363956205546856 -0.0170581769198179 0.0133676677942276
vn -2.0059797949738494 1.9833158854993549 -4.6846759289011484
v -0.0375946350395679 -0.0168671365827322 0.0134072164073586
vn -2.0059803828621350 3.6250934138826443 -3.5690952174995454
v -0.0375946350395679 -0.0167057737708092 0.0135168619453907
vn -2.0059780328437387 4.7149795764851650 -1.9101498949171791
v -0.0375946350395679 -0.0165986530482769 0.0136799123138189
vn -2.3645314160500397 -1.4175698137100481 -1.7880975459405755
v -0.0364420935511589 -0.0169838704168797 0.0133738024160266
vn -2.2924351747610485 -3.5536743895430969 -4.0754493203750508
v -0.0359946377575397 -0.0169678349047899 0.0127825671806931
vn -2.3136397881926900 -2.8423140110285665 -4.6405677335926256
v -0.0359946377575397 -0.0173643976449966 0.0130856139585376
vn -2.2723097367856941 -0.8679116890474983 -5.1142776202667788
v -0.0361450538039207 -0.0175965148955584 0.0133634787052870
vn -2.2864810881258992 -2.0491757906428743 -5.0265757244406251
v -0.0359946377575397 -0.0176200363785028 0.0132110500708222
vn -2.2475447463551972 -1.2038243630419583 -5.3856115659996329
v -0.0359946377575397 -0.0179000496864319 0.0133011518046260
vn -2.5769221700498104 -0.2515676679939635 -4.9121912785735224
v -0.0360235385596752 -0.0180464833974838 0.0133599769324064
vn -0.1387058400472803 -0.1652184629639643 -6.2709330470911180
v -0.0359946377575397 -0.0183865632861853 0.0133573301136494
vn -2.0817263046239129 1.3058361558289167 5.0296944502112106
v -0.0359946340322495 -0.0113251917064190 0.0212421528995037
vn -2.0817262555882041 2.5631226716223550 4.5203408485101626
v -0.0359946340322495 -0.0101154372096062 0.0207520499825478
vn -2.0817252825668149 3.6457337222949904 3.7029285393131826
v -0.0359946340322495 -0.0090737501159310 0.0199655406177044
vn -2.0817242358729668 4.4798988924911827 2.6331720544997967
v -0.0359946340322495 -0.0082711223512888 0.0189362224191427
vn -2.0817258413291424 5.0087610614677507 1.3839628901037222
v -0.0359946340322495 -0.0077622486278415 0.0177342407405376
vn -2.1515839277581561 5.2769181667861664 0.3831412717851738
v -0.0359946340322495 -0.0075818118639290 0.0164415109902620
vn -0.5059539302085214 2.1543162345248126 -5.2085101374834011
v -0.0344946347177029 -0.0079144714400172 -0.0050617284141481
vn -0.5059529301812241 -2.0729836023166417 -5.2414135885123239
v -0.0344946347177029 -0.0129143213853240 -0.0051006413996220
vn -1.9467910335127923 -1.9693446740412854 -4.7154334286149933
v -0.0352600030601025 -0.0129155069589615 -0.0049484050832689
vn -1.9467933815493974 2.0424999937660457 -4.6842097058566168
v -0.0352600030601025 -0.0079156570136547 -0.0049094920977950
vn -3.5972054600234880 -1.9779253877562419 -3.6127022197882495
v -0.0359088480472565 -0.0129188802093267 -0.0045148725621402
vn -3.5972062704308403 2.0339142530939371 -3.5814813269551511
v -0.0359088480472565 -0.0079190321266651 -0.0044759595766664
vn -4.6999691052294610 -1.9907705002362033 -1.9623443045853612
v -0.0363423936069012 -0.0129239298403263 -0.0038660455029458
vn -4.6999717158176288 2.0210704439893590 -1.9311237238073926
v -0.0363423936069012 -0.0079240817576647 -0.0038271322846413
vn -2.3075186328629211 -5.2507535602887954 -0.2789276366862783
v -0.0359946340322495 -0.0134298708289862 -0.0031045929063112
vn -2.3075145075127841 5.2544590251844747 -0.1971709872369417
v -0.0359946340322495 -0.0074300523847342 -0.0030578975565732
vn 2.3075201771261460 -4.1898350727251330 -3.4794476942786936
v -0.0309946350753307 -0.0141174802556634 0.0099762380123138
vn 2.3935955849904791 -5.0416172061790858 -2.1344242923237084
v -0.0309946350753307 -0.0136788999661803 0.0093307849019766
vn 2.3075193493668782 -5.4145267608787151 -0.5866670694721525
v -0.0309946350753307 -0.0135207055136561 0.0085666263476014
vn 2.1137160885465756 -0.5466020313896490 5.2210219706371328
v -0.0309946369379759 -0.0261201653629541 0.0212973840534687
vn 2.1515863314113313 0.3009618079009128 5.2822406497002232
v -0.0309946350753307 -0.0126205738633871 0.0214024465531111
vn 2.0059825964202700 -1.9833106656358801 4.6846697722882400
v -0.0309946369379759 -0.0268843248486519 0.0211391914635897
vn 2.0059828248127718 -3.6250910802714778 3.5690934826663643
v -0.0309946369379759 -0.0275297779589891 0.0207006074488163
vn 2.0059817170156649 -4.7149768300640122 1.9101512385539146
v -0.0309946369379759 -0.0279582608491182 0.0200484059751034
vn 2.1137127398860946 -5.2289016021517787 0.4652719435917715
v -0.0309946369379759 -0.0281045399606228 0.0192818772047758
vn 2.1150206944728365 -5.2241474186564716 -0.5384440556111061
v -0.0309946369379759 -0.0280734095722437 0.0152819994837046
vn 2.0060641237677355 -4.6959690065592623 -1.9614552686015343
v -0.0309946369379759 -0.0279206819832325 0.0145308785140514
vn 2.0037929130730259 -3.5847025487068875 -3.6065144402788607
v -0.0309946369379759 -0.0274833347648382 0.0138790160417557
vn 2.0043232210264006 -1.9206168635264109 -4.7083976387114301
v -0.0309946369379759 -0.0268287993967533 0.0134456800296903
vn 2.1130152813560974 -0.4681875049139857 -5.2278616181138471
v -0.0309946369379759 -0.0260579045861959 0.0132976248860359
vn 2.3075197665151173 -0.5023166885026441 -5.4230015797664484
v -0.0309946350753307 -0.0183865632861853 0.0133573301136494
vn -2.1137071552581244 -0.4652768452788278 -5.2289052007836219
v -0.0375946350395679 -0.0210580546408892 0.0133365383371711
vn -2.0595535790000579 -4.9094885128305741 -1.7039476176377555
v -0.0375946350395679 -0.0215223841369152 0.0136415921151638
vn -2.0874815372467714 -4.4197697640512690 -2.8186627354535103
v -0.0375946350395679 -0.0214930009096861 0.0135831600055099
vn -2.0718083752431666 -1.6445024988676014 -4.9308483572769743
v -0.0375946350395679 -0.0212496872991323 0.0133731085807085
vn -2.1103990389708684 -2.7274022727312399 -4.4788617496629612
v -0.0375946350395679 -0.0213085692375898 0.0134015772491693
vn -2.0453149363795324 -3.6589315209109645 -3.6853481446408605
v -0.0375946350395679 -0.0214127376675606 0.0134802283719182
vn -5.2527520287670324 -2.3056041626048209 -0.2560123493011114
v -0.0378946363925934 -0.0212619416415691 0.0138349663466215
vn -5.2527526839365848 -2.3093092808725961 0.2200936540117149
v -0.0378946363925934 -0.0212930720299482 0.0178348459303379
vn -5.1424820747938771 -2.2184611989245790 0.8987534363224685
v -0.0378946363925934 -0.0212053041905165 0.0182947609573603
vn -5.1424834532291932 -1.7056541327162176 1.6793052000580075
v -0.0378946363925934 -0.0209482144564390 0.0186860822141171
vn -5.1424903216436473 -0.9331691536109041 2.2041983615219842
v -0.0378946363925934 -0.0205609425902367 0.0189492311328650
vn -5.2527513580072513 -0.2560122101098593 2.3056047569843257
v -0.0378946363925934 -0.0201024468988180 0.0190441478043795
vn -5.2527529159044981 0.2200941719296598 2.3093090529300184
v -0.0378946363925934 -0.0181025061756372 0.0190597120672464
vn -5.1424835418862678 0.8987510023056414 2.2184610763761086
v -0.0378946363925934 -0.0176425911486149 0.0189719442278147
vn -5.1424882959041991 1.6793041532814865 1.7056494519773127
v -0.0378946363925934 -0.0172512698918581 0.0187148544937372
vn -5.1424910974215123 2.2041973444246419 0.9331703133939971
v -0.0378946363925934 -0.0169881209731102 0.0183275826275349
vn -5.2527519559841087 2.3056040961792155 0.2560130339267708
v -0.0378946363925934 -0.0168932043015957 0.0178690887987614
vn -5.2527484411126579 2.3093105314598130 -0.2201092906254707
v -0.0378946363925934 -0.0168620739132166 0.0138692092150450
vn -5.1425077032163085 2.2184457504040140 -0.8987505829394632
v -0.0378946363925934 -0.0168767031282187 0.0137925576418638
vn -5.1424653009298460 1.7056738060724475 -1.6792995994259217
v -0.0378946363925934 -0.0169195495545864 0.0137273371219635
vn -5.1424983444681187 0.9331671492891811 -2.2041953562346981
v -0.0378946363925934 -0.0169840957969427 0.0136834792792797
vn -5.2527502681782190 0.2560235959723953 -2.3056038585840657
v -0.0378946363925934 -0.0170605126768351 0.0136676589027047
vn 2.2970619152827840 -3.4197154863460515 -4.2395616128821407
v -0.0309946350753307 -0.0169678349047899 0.0127825671806931
vn 2.3817261152658515 -2.0498210715775174 -5.0780753158471272
v -0.0309946350753307 -0.0176200363785028 0.0132110500708222
vn 2.1515893376874047 5.2769127669130986 0.3831415877616408
v -0.0309946350753307 -0.0075818123295903 0.0164415109902620
vn 2.0817313554222410 5.0087563055760187 1.3839631250864546
v -0.0309946350753307 -0.0077622495591640 0.0177342407405376
vn 2.0817276732776393 4.4798975564550094 2.6331690645185581
v -0.0309946350753307 -0.0082711232826114 0.0189362224191427
vn 2.0817292937525833 3.6457312846442509 3.7029267049438244
v -0.0309946350753307 -0.0090737510472536 0.0199655406177044
vn 2.0817295403626703 2.5631216288018290 4.5203364685426815
v -0.0309946350753307 -0.0101154372096062 0.0207520499825478
vn 2.0817303869102268 1.3058333824145698 5.0296911875740022
v -0.0309946350753307 -0.0113251926377416 0.0212421528995037
vn 0.5059532705473737 -2.0729859566308368 -5.2414109734575840
v -0.0174946356564760 -0.0129143241792917 -0.0051006413996220
vn 0.5059530429934420 2.1543145029359199 -5.2085122485303685
v -0.0174946356564760 -0.0079144742339849 -0.0050617284141481
vn -2.2113952375315948 -5.1352023062932188 -0.9559799290664593
v -0.0358804538846016 -0.0134254042059183 -0.0036786007694900
vn -1.6925308052119172 -5.1291609152482511 -1.7324973853586141
v -0.0355552956461906 -0.0134216165170074 -0.0041652210056782
vn -0.9159887561099153 -5.1251247021552082 -2.2513471507943983
v -0.0350686609745026 -0.0134190861135721 -0.0044903703965247
vn -0.2380573315416939 -5.2346457299698539 -2.3483266273878112
v -0.0344946347177029 -0.0134181976318359 -0.0046045472845435
vn -0.2380583862407425 5.2705640782582606 -2.2665640132393290
v -0.0344946347177029 -0.0074183791875839 -0.0045578521676362
vn -0.9159886307201989 5.1595444196273608 -2.1713077858967060
v -0.0350686609745026 -0.0074192681349814 -0.0044436752796173
vn -1.6925280581711120 5.1554990165119285 -1.6524574452314034
v -0.0355552956461906 -0.0074217976070940 -0.0041185258887708
vn -2.2113958423376490 2.4006535456951088 -0.8973321395861065
v -0.0358804538846016 -0.0074255857616663 -0.0036319051869214
vn 1.8786811739034384 5.5312097146792425 -0.7064429944809337
v -0.0323762595653534 -0.0074592246674001 0.0006903976900503
vn 5.2086307036222639 2.3350618824717513 -1.5913156122248209
v -0.0320278108119965 -0.0078331353142858 0.0005488892202266
vn 2.0101643739110218 5.5371615422531644 0.0496502216497076
v -0.0325196348130703 -0.0074534015730023 -0.0000579884617764
vn 5.4743247353120976 2.3907362130413494 0.0387878999211008
v -0.0321446359157562 -0.0078283892944455 -0.0000609069102211
vn -1.8933134433925083 5.5232733854706879 -0.6976982069524337
v -0.0286130122840405 -0.0074592251330614 0.0006903976900503
vn -2.0101514382775707 5.5371669207644141 0.0496480558182208
v -0.0284696351736784 -0.0074534020386636 -0.0000579884690524
vn -5.4743173821012556 2.3907454198260916 0.0387811514497164
v -0.0288446359336376 -0.0078283892944455 -0.0000609069102211
vn -5.2086387472458924 2.3350596347335690 -1.5912647385195398
v -0.0289614610373974 -0.0078331353142858 0.0005488891620189
vn -4.7589461307243495 2.3042231209788921 -2.6804105097138944
v -0.0290080364793539 -0.0078339623287320 0.0006549795507453
vn -1.4718531371271113 5.5149004098071668 -1.3831184114980710
v -0.0290493126958609 -0.0074644391424954 0.0013603011611849
vn -4.0848326549366138 2.3531150742869529 -3.5890470409042177
v -0.0293169654905796 -0.0078373840078712 0.0010947365080938
vn -3.2420521614028956 2.3032286070571257 -4.4053013150625535
v -0.0294658783823252 -0.0078384298831224 0.0012290759477764
vn -0.8038401166111362 5.5106502951092402 -1.8530190306031862
v -0.0297108944505453 -0.0074679334647954 0.0018091384554282
vn -2.2400454733499418 2.3651957444108089 -4.9483438823766397
v -0.0298560317605734 -0.0078402301296592 0.0014604558236897
vn -1.1487854531211088 2.3026060890922921 -5.3521281217876400
v -0.0301274769008160 -0.0078409081324935 0.0015476754633710
vn 0.0304327063131037 5.5335267287934133 -1.9897782128308927
v -0.0304946359246969 -0.0074691604822874 0.0019669502507895
vn 0.0713016886012213 2.3236391530773708 -5.4654483924601225
v -0.0304946359246969 -0.0078412313014269 0.0015890430659056
vn 0.7943622347547630 5.5383217643917062 -1.8178421655015364
v -0.0312783755362034 -0.0074679329991341 0.0018091384554282
vn 1.0750569212824586 2.1820530426827829 -5.4680449021238271
v -0.0308617949485779 -0.0078409081324935 0.0015476754633710
vn 2.2964946109260356 2.3322745999121484 -4.9515230895880338
v -0.0311332400888205 -0.0078402301296592 0.0014604558236897
vn 1.4504579376081352 5.5357573619384146 -1.3658437258234593
v -0.0319399572908878 -0.0074644386768341 0.0013603011611849
vn 3.2228390404325049 2.2363630836218960 -4.4881206136519545
v -0.0315233916044235 -0.0078384298831224 0.0012290759477764
vn 4.1157174357405841 2.3336768766783824 -3.5776756538193286
v -0.0316723063588142 -0.0078373830765486 0.0010947365080938
vn 4.7636507633303395 2.2746978274932843 -2.7225114573521880
v -0.0319812335073948 -0.0078339613974094 0.0006549795507453
vn 2.1137124389862287 5.4499350294482936 0.2419273121760559
v -0.0309946350753307 -0.0075078783556819 0.0069417995400727
vn 1.8533206597626943 5.5341321254221274 0.8107516566592733
v -0.0308043342083693 -0.0075004338286817 0.0059851198457181
vn 0.9215336535357134 5.1236452177174954 2.2499733312518835
v -0.0169173460453749 -0.0074875247664750 0.0043263416737318
vn -1.4718564428303447 5.5148972970569456 -1.3831178953093373
v -0.0190493147820234 -0.0074644405394793 0.0013603011611849
vn -0.8038378406209373 5.5106499490581875 -1.8530201845601857
v -0.0197108928114176 -0.0074679343961179 0.0018091384554282
vn 0.2396129915928839 5.2338974277385528 2.3487535318353512
v -0.0174946356564760 -0.0074884234927595 0.0044418750330806
vn 0.0304308551845316 5.5335249031872102 -1.9897819881975645
v -0.0204946342855692 -0.0074691614136100 0.0019669502507895
vn 0.1995067443895820 5.4350386658470633 2.1560746843540004
v -0.0284946355968714 -0.0074884220957756 0.0044418750330806
vn 1.4583869011214747 5.4939583774301139 1.4806859848387579
v -0.0219265278428793 -0.0074422587640584 -0.0014898363733664
vn 0.7960000903187314 5.4809034967913455 1.9425115760217864
v -0.0212695691734552 -0.0074388422071934 -0.0019287877948955
vn -0.0000184601598020 2.7488108640364519 0.0213861081322526
v -0.0358804538846016 -0.0074255857616663 -0.0036319054197520
vn 1.8786230733210401 5.5166639672847468 0.8030117948512411
v -0.0323654897511005 -0.0074473703280091 -0.0008328988333233
vn 1.4583830655316459 5.4939607238778763 1.4806839191001497
v -0.0319265276193619 -0.0074422573670745 -0.0014898363733664
vn 0.7960015194941282 5.4809048924686552 1.9425091132330214
v -0.0312695689499378 -0.0074388408102095 -0.0019287877948955
vn 0.2380560939230552 5.2705641177369875 -2.2665674217953420
v -0.0174946356564760 -0.0074183815158904 -0.0045578521676362
vn 0.7676526391526002 5.5256834399295531 1.8963461396815320
v -0.0294513441622257 -0.0074899033643305 0.0046321703121066
vn 1.4184422335434070 5.5290688668975543 1.4615180055664621
v -0.0302624031901360 -0.0074941217899323 0.0051740859635174
vn -0.0296638193853699 5.5005777874138042 2.0776330947591779
v -0.0204946342855692 -0.0074376421980560 -0.0020829271525145
vn -0.7860537587121599 5.5077947116432222 1.9098216478261913
v -0.0197197031229734 -0.0074388422071934 -0.0019287877948955
vn 0.9159875297307764 5.1595452944664837 -2.1713047600506288
v -0.0169206093996763 -0.0074192699976265 -0.0044436752796173
vn -1.4378044597512003 5.5126646631803595 1.4672635642609397
v -0.0190627444535494 -0.0074422592297196 -0.0014898363733664
vn 1.7011015955505098 5.1277365809867401 1.7250952443525773
v -0.0164289902895689 -0.0074849659577012 0.0039975387044251
vn 2.2146707042794405 5.1367689985484564 0.9457618432772050
v -0.0161047931760550 -0.0074811424128711 0.0035061186645180
vn -1.8933072117937679 5.5232744344696068 -0.6976991817576244
v -0.0186130125075579 -0.0074592260643840 0.0006903976900503
vn 2.3061991506558579 5.2530184766531995 0.2743010366570465
v -0.0159946363419294 -0.0074767502956092 0.0029419206548482
vn -2.0101599491963693 5.5371591155461948 0.0496499075008771
v -0.0184696372598410 -0.0074534029699862 -0.0000579884763283
vn 2.3075113031636683 5.2544583310412216 -0.1971755038651698
v -0.0159946363419294 -0.0074300547130406 -0.0030578975565732
vn -1.8659847056844627 5.5234695678636880 0.8101951094613969
v -0.0186237785965204 -0.0074473721906543 -0.0008328988915309
vn 2.2113971642122450 5.1494611142321283 -0.8759394947860549
v -0.0161088164895773 -0.0074255880899727 -0.0036319051869214
vn 1.6925327186182035 5.1555023629292922 -1.6524513277680566
v -0.0164339747279882 -0.0074218004010618 -0.0041185258887708
vn -0.0296610658275528 5.5005788526339598 2.0776375820679558
v -0.0304946359246969 -0.0074376412667334 -0.0020829271525145
vn -0.7860547467615734 5.5077941550761160 1.9098208894443158
v -0.0297197028994560 -0.0074388408102095 -0.0019287877948955
vn -1.4378048995949442 5.5126670209202562 1.4672629724127171
v -0.0290627442300320 -0.0074422578327358 -0.0014898363733664
vn 1.8786104574079145 5.5166756310588188 0.8030067607489000
v -0.0223654936999083 -0.0074473717249930 -0.0008328988915309
vn -1.8659907324936309 5.5234610657454422 0.8102038944365526
v -0.0286237802356482 -0.0074473707936704 -0.0008328988915309
vn 2.0101609400108025 5.5371594442934260 0.0496470900268068
v -0.0225196350365877 -0.0074534025043249 -0.0000579884726903
vn 1.8786805555559603 5.5312087042344293 -0.7064410071059318
v -0.0223762597888708 -0.0074592255987227 0.0006903976900503
vn 1.4504578308153875 5.5357562005921688 -1.3658418780052894
v -0.0219399575144053 -0.0074644400738180 0.0013603011611849
vn 0.7943591180886095 5.5383244488787815 -1.8178471220038475
v -0.0212783757597208 -0.0074679343961179 0.0018091384554282
vn 5.4516552522279040 -2.1120933545901979 -0.2159524488056297
v -0.0304946359246969 -0.0130207212641835 0.0085705174133182
vn 5.5402743103618910 -1.8472548195721965 -0.7820558394969215
v -0.0304946359246969 -0.0132184633985162 0.0095257163047791
vn 5.4516542791617804 -1.6251091030272051 -1.3662353108068412
v -0.0304946359246969 -0.0137666901573539 0.0103325322270393
vn 5.2527672011444206 -0.2560070676145630 2.3055916908314829
v -0.0304946377873421 -0.0261162742972374 0.0207973979413509
vn 5.2924275581553557 0.1364048696868495 2.2828648268392757
v -0.0304946359246969 -0.0126166827976704 0.0209024623036385
vn 5.1424887921658726 -0.9331701922961906 2.2041986152787212
v -0.0304946377873421 -0.0266893934458494 0.0206787548959255
vn 5.1424899322456081 -1.7056487454117959 1.6793032362534568
v -0.0304946377873421 -0.0271734837442636 0.0203498173505068
vn 5.1424898433065120 -2.2184551841198057 0.8987508712249035
v -0.0304946377873421 -0.0274948459118605 0.0198606662452221
vn 5.2527617913118316 -2.3093014395567040 0.2200926500270332
v -0.0304946377873421 -0.0276045557111502 0.0192857701331377
vn 5.2549876925140770 -2.3043228103386562 -0.2513490442207914
v -0.0304946377873421 -0.0275734253227711 0.0152858905494213
vn 5.1439702028028673 -2.2075538472833593 -0.9229614239618382
v -0.0304946377873421 -0.0274588800966740 0.0147225502878428
vn 5.1410007402642979 -1.6879367814981205 -1.6983309700020310
v -0.0304946377873421 -0.0271308701485395 0.0142336534336209
vn 5.1410008140816608 -0.9043052927084811 -2.2171353891379773
v -0.0304946377873421 -0.0266399681568146 0.0139086507260799
vn 5.2520212069855745 -0.2216409909913137 -2.3097447798211173
v -0.0304946377873421 -0.0260617956519127 0.0137976100668311
vn -5.2527591189359102 -0.2200848878660148 -2.3093048877173392
v -0.0378946363925934 -0.0210603903979063 0.0136365294456482
vn 5.4516538203150748 -0.1830510698221882 -2.1151998843111692
v -0.0304946359246969 -0.0183904562145472 0.0138573143631220
vn -5.1596501452169399 -0.8774913375803015 -2.2119951310631150
v -0.0378946363925934 -0.0211370438337326 0.0136511567980051
vn -5.1737790737140781 -1.6617852440053313 -1.6878636515625205
v -0.0378946363925934 -0.0212022624909878 0.0136940050870180
vn -5.1596550270978767 -2.1980582172923149 -0.9118322091695235
v -0.0378946363925934 -0.0212461221963167 0.0137585503980517
vn 5.4516541304748047 -1.3407761039026791 -1.6461770922966823
v -0.0304946359246969 -0.0166170448064804 0.0131388613954186
vn 5.5402760865160330 -0.7532095470393683 -1.8592007050453483
v -0.0304946359246969 -0.0174322947859764 0.0136744650080800
vn 5.2924318593213524 2.2804612738893772 0.1719199651124690
v -0.0304946359246969 -0.0080817984417081 0.0164376217871904
vn 5.2218235524319923 2.2574361357142396 0.6237484176574022
v -0.0304946359246969 -0.0082441912963986 0.0176010765135288
vn 5.2218166299877549 2.0190834584988271 1.1867643912363863
v -0.0304946359246969 -0.0087021756917238 0.0186828617006540
vn 5.2218234543230633 1.6431216156877217 1.6689016133484524
v -0.0304946359246969 -0.0094245420768857 0.0196092464029789
vn 5.2218213616522871 1.1551934612561474 2.0373063533280349
v -0.0304946359246969 -0.0103620598092675 0.0203171055763960
vn 5.2218243275460132 0.5885358594033172 2.2668706520313506
v -0.0304946359246969 -0.0114508392289281 0.0207581967115402
vn 5.2251145463489639 2.1175890108340232 -0.4894950211347494
v -0.0154946343973279 -0.0079300394281745 -0.0030617888551205
vn 5.2251187959443461 -2.1097129095242497 -0.5223893152688764
v -0.0154946353286505 -0.0129298893734813 -0.0031007018405944
vn 4.6999682287913451 -1.9907702306479877 -1.9623470593712220
v -0.0156468767672777 -0.0129239326342940 -0.0038660457357764
vn 4.6999713408731862 2.0210717776923710 -1.9311253741625078
v -0.0156468767672777 -0.0079240845516324 -0.0038271322846413
vn 3.5972049685563916 -1.9779248007203964 -3.6127040784225364
v -0.0160804223269224 -0.0129188820719719 -0.0045148725621402
vn 3.5972073068709434 2.0339155450668884 -3.5814779364131484
v -0.0160804223269224 -0.0079190339893103 -0.0044759595766664
vn 1.9467923289329772 -1.9693435907258339 -4.7154342588627021
v -0.0167292673140764 -0.0129155088216066 -0.0049484050832689
vn 1.9467920518906157 2.0424994604681568 -4.6842108822046473
v -0.0167292673140764 -0.0079156588762999 -0.0049094920977950
vn -5.1980649272900115 2.3088582207247699 1.6635737555476986
v -0.0289702340960503 -0.0078234765678644 -0.0006923154578544
vn -3.0643789077014048 -3.5799477392386283 -0.0272142514911459
v -0.0288446359336376 -0.0134532200172544 -0.0001046838733600
vn -2.7621971293533636 -3.5875125980029319 1.2998517608965341
v -0.0290080364793539 -0.0134476479142904 -0.0008205703343265
vn -4.7410349905307960 2.2442297165271961 2.7724834501771745
v -0.0290080364793539 -0.0078228190541267 -0.0007767934002914
vn -4.0930808777590206 2.2810613067930148 3.6351410304455931
v -0.0293279103934765 -0.0078193088993430 -0.0012275977060199
vn -1.9123665693677985 -3.5901862325399283 2.3680072366510267
v -0.0294658783823252 -0.0134431803599000 -0.0013946667313576
vn -3.2055312177247948 2.1770866404001348 4.5220294413731983
v -0.0294658783823252 -0.0078183487057686 -0.0013508897973225
vn -2.2804589200741074 2.2574124825702082 4.9925242305637845
v -0.0298632085323334 -0.0078165261074901 -0.0015852620126680
vn -0.6826677197023088 -3.5919816507931763 2.9610875066251046
v -0.0301274769008160 -0.0134406993165612 -0.0017132662469521
vn -1.0706393060259403 2.1043225401658039 5.4948429213495862
v -0.0301274769008160 -0.0078158704563975 -0.0016694891965017
vn -0.0689022723447232 2.2397333227337937 5.4999678318907925
v -0.0304946359246969 -0.0078155491501093 -0.0017108569154516
vn 0.6826686142210444 -3.5919826539632651 2.9610855196810841
v -0.0308617949485779 -0.0134406993165612 -0.0017132662469521
vn 1.1416610753589591 2.2200820369773160 5.3862619030811612
v -0.0308617949485779 -0.0078158704563975 -0.0016694891965017
vn 2.2286561140303767 2.2877476624978734 4.9897695662362072
v -0.0311260633170605 -0.0078165261074901 -0.0015852620126680
vn 1.9123719792137543 -3.5901847576494297 2.3680207761486205
v -0.0315233916044235 -0.0134431794285774 -0.0013946667313576
vn 3.2238222735301032 2.2366820121274826 4.4492804752772299
v -0.0315233916044235 -0.0078183487057686 -0.0013508897973225
vn 4.0684062998554520 2.2964420243845698 3.6442118488861444
v -0.0316613614559174 -0.0078193088993430 -0.0012275977060199
vn 2.7621955282286952 -3.5875093032157959 1.2998517103382135
v -0.0319812335073948 -0.0134476479142904 -0.0008205703343265
vn 3.0643764536349645 -3.5799518825077046 -0.0272135625365824
v -0.0321446359157562 -0.0134532200172544 -0.0001046838733600
vn 5.1980630493803854 2.3088566510969097 1.6636215207373268
v -0.0320190377533436 -0.0078234765678644 -0.0006923154578544
vn 4.7382221261693749 2.2663716246454171 2.7408286184639898
v -0.0319812335073948 -0.0078228190541267 -0.0007767934002914
vn 2.7622335515151839 -3.5653681378668463 -1.3559349905175997
v -0.0319812335073948 -0.0134587902575731 0.0006112026167102
vn 1.9122478145268176 -3.5523303657985661 -2.4238094203234524
v -0.0315233916044235 -0.0134632587432861 0.0011852990137413
vn 0.6825993250344360 -3.5453553732293361 -3.0166642705685103
v -0.0308617949485779 -0.0134657388553023 0.0015038984129205
vn -0.6825978222154521 -3.5453543532091016 -3.0166647182839426
v -0.0301274769008160 -0.0134657388553023 0.0015038984129205
vn -1.9122490316475909 -3.5523319303870986 -2.4238095852662327
v -0.0294658783823252 -0.0134632587432861 0.0011852990137413
vn -2.7622274164315019 -3.5653714747089933 -1.3559305794582792
v -0.0290080364793539 -0.0134587911888957 0.0006112026167102
vn 2.1137114586923231 -5.4530409570711722 0.1570746796456264
v -0.0309946350753307 -0.0135076967999339 0.0068951044231653
vn 5.4189291214332878 -2.3116861672302851 0.5265316652113337
v -0.0304946359246969 -0.0130077125504613 0.0068989954888821
vn 5.0580775297333407 -2.4098269259939857 2.0764349108550935
v -0.0303423944860697 -0.0130017558112741 0.0061336513608694
vn 1.8532767749452908 -5.5460792256273415 0.7245163020487132
v -0.0308043342083693 -0.0135002518072724 0.0059384247288108
vn 3.8712842225334958 -2.4236497869628244 3.8525414727143801
v -0.0299088489264250 -0.0129967061802745 0.0054848245345056
vn 1.4184420817078380 -5.5511447608001419 1.3752811356971089
v -0.0302624031901360 -0.0134939402341843 0.0051273908466101
vn 2.0951234862831258 -2.4328907160847755 5.0392935380860582
v -0.0292600020766258 -0.0129933329299092 0.0050512920133770
vn 0.7676583185527708 -5.5545321253997066 1.8101096011846081
v -0.0294513441622257 -0.0134897213429213 0.0045854751951993
vn 0.5445044978871654 -2.3496244842101413 5.4008039452224610
v -0.0284946355968714 -0.0129921482875943 0.0048990556970239
vn 0.1995063317339645 -5.4679407808635254 2.0712181995736825
v -0.0284946355968714 -0.0134882405400276 0.0043951799161732
vn 0.2380566636095757 -5.2705643161581657 2.2665675170702140
v -0.0174946356564760 -0.0134882414713502 0.0043951799161732
vn 0.5059530897157717 -2.1543148525187417 5.2085118301834923
v -0.0174946356564760 -0.0129921492189169 0.0048990556970239
vn 2.3075120993514684 -5.2544590430324423 0.1971733573218920
v -0.0159946363419294 -0.0134765682742000 0.0028952253051102
vn 5.2252227622292331 -2.1183530803671928 0.4889569189128503
v -0.0154946353286505 -0.0129765840247273 0.0028991166036576
vn 4.7000566309565901 -2.0223580979319742 1.9313462500050906
v -0.0156468767672777 -0.0129825407639146 0.0036644602660090
vn 2.2113957973149994 -5.1494664527266405 0.8759381007745209
v -0.0161088164895773 -0.0134810348972678 0.0034692331682891
vn 3.5971518667888147 -2.0346891432872973 3.5816769016696464
v -0.0160804223269224 -0.0129875894635916 0.0043132873252034
vn 1.6925308652842885 -2.4066911717865382 1.6738436412404931
v -0.0164339747279882 -0.0134848235175014 0.0039558531716466
vn 1.9466370410403828 -2.0427594018112996 4.6843111426036854
v -0.0167292673140764 -0.0129909645766020 0.0047468193806708
vn 0.9159866872929320 -2.4107379518204470 2.1926981361942284
v -0.0169206093996763 -0.0134873529896140 0.0042810025624931
vn 5.4743227028071741 2.3907391825941366 0.0387833906461049
v -0.0221446361392736 -0.0078283902257681 -0.0000609069174971
vn 5.2086306174919059 2.3350659045903868 -1.5913049939863375
v -0.0220278110355139 -0.0078331362456083 0.0005488891620189
vn 3.0643763399295345 -3.5799518742177914 -0.0272142868942240
v -0.0221446361392736 -0.0134532209485769 -0.0001046838806360
vn 2.7622293477723305 -3.5653647999197409 -1.3559292741581490
v -0.0219812337309122 -0.0134587921202183 0.0006112026167102
vn 4.7636588992766615 2.2746921516585066 -2.7225064680541253
v -0.0219812337309122 -0.0078339632600546 0.0006549795507453
vn 4.1157372492933346 2.3336665431235555 -3.5776543444361968
v -0.0216723065823317 -0.0078373849391937 0.0010947365080938
vn 1.9122508022629607 -3.5523375026736277 -2.4238066720483897
v -0.0215233955532312 -0.0134632596746087 0.0011852990137413
vn 3.2228493089064210 2.2363657591491743 -4.4881245712376874
v -0.0215233955532312 -0.0078384308144450 0.0012290759477764
vn 2.2964861249510315 2.3322721583506891 -4.9515234343248462
v -0.0211332384496927 -0.0078402310609818 0.0014604558236897
vn 0.6825968855146490 -3.5453535462506789 -3.0166654317279864
v -0.0208617951720953 -0.0134657397866249 0.0015038984129205
vn 1.0750626657795983 2.1820592525794718 -5.4680403895501666
v -0.0208617951720953 -0.0078409090638161 0.0015476754633710
vn 0.0712960591390122 2.3236347501717800 -5.4654520817862275
v -0.0204946342855692 -0.0078412331640720 0.0015890430659056
vn -0.6825965459499995 -3.5453531021853393 -3.0166658123017687
v -0.0201274771243334 -0.0134657397866249 0.0015038984129205
vn -1.1487807142319475 2.3026062806541079 -5.3521274726595172
v -0.0201274771243334 -0.0078409090638161 0.0015476754633710
vn -2.2400413684658420 2.3651906740776552 -4.9483518062368939
v -0.0198560301214457 -0.0078402319923043 0.0014604558236897
vn -1.9122518266309168 -3.5523370723527607 -2.4238059681776432
v -0.0194658767431974 -0.0134632596746087 0.0011852990137413
vn -3.2420692313824517 2.3032295461550039 -4.4052929406213082
v -0.0194658767431974 -0.0078384308144450 0.0012290759477764
vn -4.0848512077162829 2.3531100853711209 -3.5890293344664999
v -0.0193169657140970 -0.0078373849391937 0.0010947365080938
vn -2.7622341984735281 -3.5653648004287017 -1.3559284135806708
v -0.0190080385655165 -0.0134587921202183 0.0006112026167102
vn -5.4743249935867180 2.3907360238395210 0.0387849511072942
v -0.0188446361571550 -0.0078283911570907 -0.0000609069211350
vn -3.0643765692010496 -3.5799518665630359 -0.0272139588867877
v -0.0188446361571550 -0.0134532218798995 -0.0001046838879120
vn -5.2086325552187178 2.3350599047824945 -1.5913150487775978
v -0.0189614612609148 -0.0078331371769309 0.0005488891620189
vn -4.7589202841110536 2.3042180415392814 -2.6804427052122799
v -0.0190080385655165 -0.0078339632600546 0.0006549795507453
vn 5.1980516008711799 2.3088699645701203 1.6636184626811816
v -0.0220190379768610 -0.0078234774991870 -0.0006923154578544
vn 4.7382128611403349 2.2663809690308510 2.7408279160022495
v -0.0219812337309122 -0.0078228199854493 -0.0007767934002914
vn 4.0684300859189459 2.2964401922481001 3.6441756341095153
v -0.0216613616794348 -0.0078193098306656 -0.0012275977060199
vn 3.2238497876369161 2.2366850420344986 4.4492713218146118
v -0.0215233955532312 -0.0078183505684137 -0.0013508897973225
vn 2.2286450655446530 2.2877505142725405 4.9897693404010264
v -0.0211260635405779 -0.0078165270388126 -0.0015852620126680
vn 1.1416604140256656 2.2200787461585345 5.3862649967125318
v -0.0208617951720953 -0.0078158723190427 -0.0016694891965017
vn -0.0689069763246256 2.2397352829062371 5.4999664677831159
v -0.0204946342855692 -0.0078155500814319 -0.0017108569154516
vn -1.0706406642697990 2.1043173050242783 5.4948460934120105
v -0.0201274771243334 -0.0078158723190427 -0.0016694891965017
vn -2.2804570862423459 2.2574141067020577 4.9925224258676959
v -0.0198632087558508 -0.0078165270388126 -0.0015852620126680
vn -3.2055414456224591 2.1770837027638223 4.5220314666216135
v -0.0194658767431974 -0.0078183505684137 -0.0013508897973225
vn -4.0930951047591453 2.2810602422142821 3.6351229482970493
v -0.0193279106169939 -0.0078193107619882 -0.0012275977060199
vn -5.1980504187707526 2.3088713169436690 1.6636184031861185
v -0.0189702343195677 -0.0078234774991870 -0.0006923155160621
vn -4.7410033448386031 2.2442312392280548 2.7725080138593414
v -0.0190080385655165 -0.0078228199854493 -0.0007767934584990
vn -2.7622034088791740 -3.5875059433953007 1.2998480193057156
v -0.0190080385655165 -0.0134476488456130 -0.0008205703925341
vn -1.9123712491620239 -3.5901916205193523 2.3680183593965238
v -0.0194658767431974 -0.0134431812912226 -0.0013946667313576
vn -0.6826657581117328 -3.5919806255137341 2.9610870347976470
v -0.0201274771243334 -0.0134407011792064 -0.0017132662469521
vn 0.6826648483299012 -3.5919806262114560 2.9610865012531451
v -0.0208617951720953 -0.0134407011792064 -0.0017132662469521
vn 1.9123704362709040 -3.5901916460370700 2.3680155877448281
v -0.0215233955532312 -0.0134431812912226 -0.0013946667313576
vn 2.7621986698693264 -3.5875058944471752 1.2998500660893817
v -0.0219812337309122 -0.0134476488456130 -0.0008205703343265
vn -0.0000025097157190 -2.7488088939507125 -0.0213912117925627
v -0.0169206093996763 -0.0134873529896140 0.0042810030281544
vn 0.2380536499455468 -5.2346476945876663 -2.3483283053930979
v -0.0174946356564760 -0.0134181994944811 -0.0046045472845435
vn 0.9159894688360976 -5.1251205621169191 -2.2513455658907509
v -0.0169206093996763 -0.0134190889075398 -0.0044903703965247
vn 1.6925313423067896 -5.1291621332302526 -1.7325001123404169
v -0.0164339747279882 -0.0134216183796525 -0.0041652210056782
vn 2.2113893934069795 -5.1352033922941969 -0.9559840328723008
v -0.0161088164895773 -0.0134254069998860 -0.0036786007694900
vn 2.3075165736806684 -5.2507552320574744 -0.2789251637844283
v -0.0159946363419294 -0.0134298736229539 -0.0031045929063112
vn -0.0000000587672723 -2.7488093473073505 -0.0213945302598865
v -0.0164339747279882 -0.0134848235175014 0.0039558536373079
vn 5.2282775518508107 2.1118725492996386 0.5136870846779102
v -0.0154946343973279 -0.0079767340794206 0.0029380293563008
vn 4.7114885679378382 1.9931069857307062 1.9401972960098293
v -0.0156415123492479 -0.0079825902357697 0.0036902935244143
vn 3.6126125711222938 1.9779648693460519 3.5944598380540871
v -0.0160737726837397 -0.0079876892268658 0.0043455203995109
vn 1.9569244672076838 1.9687743744872532 4.7090433690001365
v -0.0167249161750078 -0.0079911015927792 0.0047839242033660
vn 0.5086793420418789 2.0725551786820442 5.2403851817296516
v -0.0174946356564760 -0.0079922992736101 0.0049379686824977
vn 0.5445057271426476 2.2652752391309852 5.4367231485565615
v -0.0284946355968714 -0.0079922983422875 0.0049379686824977
vn 2.0951220348339841 2.3541603895123169 5.0765515214003960
v -0.0292600020766258 -0.0079934829846025 0.0050902049988508
vn 3.8712829282151855 2.3633958462928080 3.8897957228137412
v -0.0299088489264250 -0.0079968580976129 0.0055237375199795
vn 5.0580781164008091 2.3772167968190767 2.1136871686042280
v -0.0303423944860697 -0.0080019077286124 0.0061725648120046
vn 5.4189284198519223 2.3032120767878750 0.5624462324904528
v -0.0304946359246969 -0.0080078626051545 0.0069379084743559
vn -1.5247212486974338 -2.5974492906132531 -3.6728355931425725
v -0.0294946357607841 -0.0132508091628551 -0.0088974209502339
vn -0.3990317232087968 -6.2294954134897091 -0.2985841751069430
v -0.0289946366101503 -0.0133847780525684 -0.0088984640315175
vn -0.3064395255822434 -3.0883888291399435 -2.9693727044979199
v -0.0294946357607841 -0.0133847780525684 -0.0088984640315175
vn -0.3442626247390758 0.4846007886917987 -6.2300685128763593
v -0.0315959304571152 0.0002751313440967 -0.0087921516969800
vn -3.3072332666248361 0.1605549133239254 -3.1319254183740259
v -0.0299946349114180 0.0014876871136948 -0.0087827146053314
vn -0.2533829545330599 -0.3525742696919326 -6.2340363167143638
v -0.0304946340620518 -0.0063849911093712 -0.0088439853861928
vn -3.0892789474216138 -0.3755252625174580 -3.3994118128843858
v -0.0299946367740631 -0.0123848095536232 -0.0088906809687614
vn -3.1114101962638072 -0.2835174689985985 -2.9475378472682277
v -0.0304946359246969 -0.0123848095536232 -0.0088906809687614
vn -2.8466839290182424 -1.1577071284289175 -2.7579873269458175
v -0.0304185152053833 -0.0127674806863070 -0.0088936593383551
vn -2.6267516106480291 -1.4933529814301267 -3.6695498533167141
v -0.0298606604337692 -0.0128847938030958 -0.0088945729658008
vn -2.1787657372871170 -2.1572983115302939 -2.7657703118149728
v -0.0302017424255610 -0.0130918938666582 -0.0088961841538548
vn -0.5022032076511624 -0.4552140559059566 -6.1653335110015357
v -0.0349946357309818 -0.0063849906437099 -0.0088439853861928
vn -0.6222961158605306 0.0828325579280058 -6.2201739768777493
v -0.0349946357309818 -0.0033025457523763 -0.0088199963793159
vn -1.1791348349704911 -2.8252012825932633 -2.7709577936639427
v -0.0298773199319839 -0.0133086610585451 -0.0088978717103601
vn -0.4828250687581119 0.4229337214621510 -6.2197658957684689
v -0.0345409847795963 -0.0020267101936042 -0.0088100666180253
vn -0.4145856395370665 0.4868671489489083 -6.2210052899611155
v -0.0343376323580742 -0.0018118579173461 -0.0088083939626813
vn -0.3607729693727355 0.5012098947244149 -6.2256570903708184
v -0.0341972075402737 -0.0016946863615885 -0.0088074821978807
vn -0.6181266656544697 0.1901421696197493 -6.2167129439622570
v -0.0349424742162228 -0.0028459443710744 -0.0088164424523711
vn -0.5610670591314428 0.3237509937914441 -6.2175676145887682
v -0.0347843803465366 -0.0024049947969615 -0.0088130105286837
vn -0.5995741333312186 -6.1256910021198738 0.5767349927671703
v -0.0294946357607841 -0.0134065244346857 -0.0061045018956065
vn -2.2850440814150685 -5.5930411895848087 0.5256213762548323
v -0.0298773199319839 -0.0133304055780172 -0.0061039100401103
vn -4.2579143252421936 -4.3350861310686941 0.4131325081601173
v -0.0302017424255610 -0.0131136383861303 -0.0061022229492664
vn -5.6271060745680908 -2.4087821674757919 0.2360783299873689
v -0.0304185152053833 -0.0127892252057791 -0.0060996976681054
vn -6.1614986791607214 -0.5068288538115245 0.4985640802950990
v -0.0304946359246969 -0.0124065540730953 -0.0060967192985117
vn -0.0775448883190307 -4.7238253347440251 -3.9978154339407155
v -0.0289067551493645 -0.0130528034642339 -0.0139190284535289
vn -0.0088335090217289 -3.8486385096508196 -4.8407895336179720
v -0.0289064142853022 -0.0130500299856067 -0.0139217274263501
vn 1.1788305826735472 -2.2605724207940314 -5.5225258720447128
v 0.0395048819482327 -0.0127933844923973 -0.0055664894171059
vn 0.0632020853760875 -2.8450227661961742 -5.4887709086414693
v -0.0288798157125711 -0.0127267148345709 -0.0141315897926688
vn 1.2047904600130339 -0.5180289478228544 -6.0551282921937224
v 0.0395143441855907 -0.0124101238325238 -0.0056390389800072
vn 0.1069238967361762 -1.7303297221466420 -5.9324546581851498
v -0.0288796853274107 -0.0127241723239422 -0.0141326077282429
vn 0.1308580098552120 -0.5476198753829891 -6.1552342784254863
v -0.0288703553378582 -0.0123434560373425 -0.0142041388899088
vn 0.9437093668050598 -4.2530142766044499 -4.2649536228179681
v 0.0394779480993748 -0.0131194731220603 -0.0053539290092885
vn 0.5115537671598290 -5.6063458097522121 -2.4231248693262506
v 0.0394376255571842 -0.0133387437090278 -0.0050337174907327
vn -0.2198308307658904 -5.5599251837451433 -2.4410443511664499
v -0.0289470758289099 -0.0132720740512013 -0.0135988174006343
vn 0.1282687111430233 -6.2118057197006902 -0.6762973762503653
v 0.0393900610506535 -0.0134178167209029 -0.0046546049416065
vn -0.4108015900355227 -6.1501253256990367 -0.6859341929990901
v -0.0289946366101503 -0.0133511470630765 -0.0132197057828307
vn 0.8319113487874651 2.1950572663761458 -5.6906613687126155
v -0.0261787474155426 0.0028692425694317 -0.0136636476963758
vn 0.2449018580627594 2.3267115820305877 -5.6384436131039459
v -0.0268992148339748 0.0028841900639236 -0.0137421209365129
vn -0.2846839971428700 4.1527405288429424 -4.3288607160148809
v -0.0270388033241034 0.0033730538561940 -0.0134404357522726
vn 0.6388980982089407 0.6492456567268359 -6.1851105529063393
v -0.0268541947007179 0.0023510118480772 -0.0138372387737036
vn 0.6311376507293556 0.2912491406968835 -6.2380198582018656
v -0.0274080727249384 0.0020769455004483 -0.0139087485149503
vn 0.2276847321101833 1.0188383748459575 -6.1609501596022564
v -0.0275648124516010 0.0022769838105887 -0.0139051238074899
vn -0.3934001226908087 2.1989591784701781 -5.7416754976793811
v -0.0275878962129354 0.0026019786018878 -0.0138305798172951
vn 0.7944481030223209 4.0418672318816471 -4.5177305516670714
v -0.0261385086923838 0.0033371949102730 -0.0133797386661172
vn -0.7860687233785253 5.3054845512213884 -2.7928344977186810
v -0.0271673630923033 0.0037040302995592 -0.0129677662625909
vn 0.7386578121217464 5.3410261509391699 -2.8997040772861973
v -0.0261375512927771 0.0036755015607923 -0.0129476133733988
vn -0.1513705175336191 6.0217336133681627 -1.4132446266971099
v -0.0269255936145782 0.0038580342661589 -0.0125513561069965
vn 0.7072811213459808 6.0233125031875119 -1.3595026783088517
v -0.0261686369776726 0.0038280806038529 -0.0124985519796610
vn -1.7448506599138169 5.7858936935697347 -1.4051659357800270
v -0.0273852050304413 0.0037816083058715 -0.0125764813274145
vn -1.2134251642477027 5.9907064211543268 -1.3447902785040442
v -0.0272696055471897 0.0038077058270574 -0.0125706596300006
vn -0.9668247382816125 6.0337385953778515 -1.3263935873225368
v -0.0272406712174416 0.0038135130889714 -0.0125691518187523
vn -2.9803881883309162 4.5434450711719281 -2.8777668403424523
v -0.0283528286963701 0.0031538326293230 -0.0131205357611179
vn -3.4438472550038695 5.0385041418947090 -1.2680485099555017
v -0.0284946002066135 0.0032498566433787 -0.0126122105866671
vn -2.5618351560225898 5.4380166372332921 -1.3632049159831567
v -0.0280246697366238 0.0035442479420453 -0.0126025220379233
vn -0.7643739942068108 2.0510418208910535 -5.8117881898449637
v -0.0277409665286541 0.0024933160748333 -0.0138505985960364
vn -1.9446733789050961 3.4338774766672122 -4.7124931494757414
v -0.0280849896371365 0.0028874159324914 -0.0135752577334642
vn -1.4649029672830252 3.7402620463404532 -4.5647653343071077
v -0.0278950035572052 0.0030222884379327 -0.0135504100471735
vn -2.4249707327786747 4.8138960112990734 -2.7943640776227139
v -0.0281376931816339 0.0033065599855036 -0.0130924005061388
vn 0.8008283213145360 0.6114413723782003 -6.1756300893697036
v -0.0262455176562071 0.0023803799413145 -0.0137607697397470
vn 1.1485996761895931 5.9599036633550480 -1.4643673040572454
v 0.0158263780176640 -0.0029426245018840 -0.0072759548202157
vn 1.2018342871062082 5.9221801824211573 -1.4555984370868276
v 0.0314584709703922 -0.0054647778160870 -0.0053250514902174
vn 1.3887727199904265 5.0612036791336008 -3.2388992436469559
v 0.0314971171319485 -0.0057461336255074 -0.0059988554567099
vn 1.2176325380643989 5.3598886859150134 -2.8454190841016560
v 0.0028515865560621 -0.0009991175029427 -0.0093529215082526
vn 1.4140635514040187 3.9817919309298695 -4.5781254873318762
v 0.0314919687807560 -0.0059606805443764 -0.0062335194088519
vn 1.2076249023412444 3.9888115117554022 -4.5595783276724209
v 0.0028506030794233 -0.0013374203117564 -0.0097850495949388
vn 1.2392348796019319 2.5707929994296892 -5.4682042494623326
v 0.0314736850559711 -0.0062188529409468 -0.0064184595830739
vn 1.0517650279980058 2.0969370316421907 -5.7219597653403387
v 0.0028103289660066 -0.0018053686944768 -0.0100689632818103
vn 1.1356090890473487 6.0049501982493565 -1.3445171397004214
v 0.0030484308954328 -0.0008819886134006 -0.0088667683303356
vn 0.8584844711059013 0.5681880260102364 -6.1756833651194665
v 0.0019304376328364 -0.0021630804985762 -0.0102669121697545
vn 1.0492528750129269 2.1081988451360054 -5.7200830245927197
v -0.0119897499680519 0.0005814923206344 -0.0119041902944446
vn 1.2085076149136262 3.9879295803767167 -4.5599404720297638
v -0.0119494982063770 0.0010494445450604 -0.0116202794015408
vn 1.2175120464418643 5.3589881650972337 -2.8483652728024818
v -0.0119485296308994 0.0013877510791644 -0.0111881531774998
vn 0.9047222574971294 0.8103514011453201 -6.1149816304260289
v 0.0313861109316349 -0.0069176801480353 -0.0066144051961601
vn 2.5510478258567386 4.9502941855004483 -2.5835502519841285
v 0.0341757796704769 -0.0064441561698914 -0.0054717850871384
vn 3.0961775807126832 4.6544977366931679 -2.5642027541896448
v 0.0350870974361897 -0.0069288350641727 -0.0053614089265466
vn 2.6093719938636881 3.4776883013609443 -4.3495644598621945
v 0.0349646918475628 -0.0072228009812534 -0.0058083999902010
vn 1.1061444216985348 0.4462577242852379 -6.1468214619899042
v 0.0359183512628078 -0.0090991174802184 -0.0060636918060482
vn 1.0558502083899941 0.5119551184344633 -6.1483749840043469
v 0.0345165766775608 -0.0080549623817205 -0.0062311459332705
vn 1.9594881120674945 1.7231385146001963 -5.5882562518137942
v 0.0355383493006229 -0.0081540560349822 -0.0060189925134182
vn 2.0290890695862327 1.5836410364005435 -5.6262893849439468
v 0.0362275876104832 -0.0087467776611447 -0.0059435325674713
vn 2.9588872726332984 3.2469220893307842 -4.3005582474955064
v 0.0357857085764408 -0.0077740200795233 -0.0057098525576293
vn 3.0575225444677288 2.9520067516289412 -4.4847748906566496
v 0.0364997200667858 -0.0084137301892042 -0.0056592109613121
vn 3.6655293879764903 4.2808693912055782 -2.3912475192326488
v 0.0359371937811375 -0.0074995770119131 -0.0052593704313040
vn 3.7363014337413651 3.9854115185291521 -2.8683070876720862
v 0.0366716794669628 -0.0081775579601526 -0.0052797081880271
vn 1.5084049875325694 5.8281161573991245 -1.4240868347752027
v 0.0319567732512951 -0.0055583813227713 -0.0052720624953508
vn 2.1395003165936828 5.7122446751860423 -1.1856045982957220
v 0.0332746766507626 -0.0059313490055501 -0.0051333489827812
vn 2.0531886418083194 5.1203712633158744 -2.7031007031441918
v 0.0332203693687916 -0.0060559548437595 -0.0055884341709316
vn 2.8879838657042960 5.3875559495510723 -1.1730681054187402
v 0.0345252566039562 -0.0064744129776955 -0.0050031542778015
vn 1.8192760700379991 3.8319537631652110 -4.4417262767624717
v 0.0331616662442684 -0.0063797114416957 -0.0060276784934103
vn 1.3167799121493151 2.0451834222644432 -5.6592084711828727
v 0.0330419726669788 -0.0068276030942798 -0.0063213561661541
vn 2.2498060102834767 3.6688897264909621 -4.3930207784274939
v 0.0340844951570034 -0.0067546768113971 -0.0059150066226721
vn 1.7929814686827159 1.8633183627065042 -5.6052224066077807
v 0.0347573496401310 -0.0076297018676996 -0.0061127371154726
vn 1.5847843264355441 1.9475185141141078 -5.6343483086300923
v 0.0339199788868427 -0.0071843536570668 -0.0062141567468643
vn 3.5905395413988854 4.9527993490777931 -1.1536908090003446
v 0.0356873385608196 -0.0071756015531719 -0.0048834835179150
vn 4.0423141317580198 4.5635707459074579 -1.2794024125769758
v 0.0367502756416798 -0.0080270245671272 -0.0047754254192114
vn 1.0319307062526193 0.5425911683845911 -6.1484713466383329
v 0.0341445840895176 -0.0078440662473440 -0.0062760994769633
vn 0.9223402474573734 0.6158800669567434 -6.1556214409796697
v 0.0328924767673016 -0.0072955489158630 -0.0064286654815078
vn 0.9872107746759473 0.8656394167788434 -6.0844581058802492
v 0.0321092121303082 -0.0070638158358634 -0.0065249702893198
vn 3.9465152138684210 3.9515831778161132 -2.6851310863709545
v 0.0386868827044964 -0.0099822673946619 -0.0049698459915817
vn 4.4170709973816820 4.2041597640865191 -1.3006620482947504
v 0.0407394133508205 -0.0116999829187989 -0.0042995978146791
vn 1.1047745030697143 0.4233998814437768 -6.1502828502000391
v 0.0377254374325275 -0.0107628479599953 -0.0058502913452685
vn 1.7001810424729182 0.1153822468052088 -5.9387316462423865
v 0.0397399254143238 -0.0122909899801016 -0.0055898767895997
vn 2.0684242173217937 1.5479529680955966 -5.6326583702294037
v 0.0382198058068752 -0.0105844391509891 -0.0057092020288110
vn 2.3229845107066747 1.3220232935536467 -5.5856440759818513
v 0.0399566479027271 -0.0121736386790872 -0.0055013950914145
vn 3.1850317603826022 2.9022015819877689 -4.4347826796934040
v 0.0384977497160435 -0.0102451974526048 -0.0054180766455829
vn 4.1199510840062192 3.7927151105516055 -2.6763151687425446
v 0.0406102724373341 -0.0117948679253459 -0.0048022191040218
vn 3.9511706124550816 2.8720883157813204 -3.7950439228598691
v 0.0405035354197025 -0.0118617461994290 -0.0050006876699626
vn 3.3276230917880163 2.6867495416740450 -4.5099537173919630
v 0.0403423197567463 -0.0119573948904872 -0.0052090273238719
vn -0.9458555828786250 -1.5025450896730921 -5.5124077079932245
v 0.0312989912927151 -0.0090187992900610 -0.0066416701301932
vn -3.7572929365969685 -3.7288120169447594 -2.4882897252510783
v 0.0307382438331842 -0.0095395175740123 -0.0059511293657124
vn -0.7180794385233265 -1.7138056809670343 -5.4845920495261078
v 0.0296223107725382 -0.0074758119881153 -0.0068396767601371
vn -3.1029230963459669 -4.3691743470010893 -2.3619245338039025
v 0.0290615651756525 -0.0079965302720666 -0.0061491350643337
vn -0.2180586614366742 -1.8777429268623631 -5.5303954148466952
v 0.0291986558586359 -0.0071852104738355 -0.0068904808722436
vn -1.9447647927916756 -5.0514547513195165 -2.4097839205669480
v 0.0288026798516512 -0.0078187864273787 -0.0062008150853217
vn -0.8914943725389325 -5.2928926048484355 -2.3649413389558194
v 0.0284910593181849 -0.0077192713506520 -0.0062639112584293
vn 0.1834933791302084 -2.0700410045475772 -5.4464086038038664
v 0.0286887530237436 -0.0070226951502264 -0.0069530839100480
vn 0.4408674217676920 -2.1358452001529509 -5.3959601267969939
v -0.0084536224603653 -0.0010380918392912 -0.0115588260814548
vn -0.0429891899362115 -5.4259405815823580 -2.3198395681216115
v -0.0086513161659241 -0.0017346658278257 -0.0108696538954973
vn 0.8149187300605221 -2.0543633534916701 -5.4278164372242808
v -0.0089255385100842 -0.0010131621966138 -0.0116177434101701
vn 1.5043384368478165 -5.2503196700451706 -2.3963043285307557
v -0.0091785266995430 -0.0017433534376323 -0.0109668709337711
vn 1.3485498895148300 -1.8580371316876916 -5.4287850009339156
v -0.0094088464975357 -0.0010957967024297 -0.0116789238527417
vn 3.1234142306433261 -4.7247373287244425 -2.0751178393044531
v -0.0096684955060482 -0.0019332813099027 -0.0110575305297971
vn 3.5362783329456917 -4.2300690844174706 -2.1491996804812636
v -0.0098617151379585 -0.0020726013462991 -0.0110946446657181
vn 1.8231890065046259 -1.6285464110480183 -5.3660474196633512
v -0.0102288722991943 -0.0015345346182585 -0.0117850517854095
vn 2.0944092055911216 -1.4724628570701288 -5.2893838575969703
v -0.0123349772766232 -0.0033280670177191 -0.0120628131553531
vn 4.0950170715964065 -3.6967702382755521 -2.2190115386819773
v -0.0119678201153874 -0.0038661337457597 -0.0113724069669843
vn 2.2710147219251944 -1.1627439672270208 -5.3300801776578615
v -0.0126596475020051 -0.0036707774270326 -0.0121061475947499
vn 4.9262244434816944 -2.5206608706411826 -2.3102424041069920
v -0.0123014496639371 -0.0042707626707852 -0.0114371292293072
vn 2.4839495939392386 -0.6882041293437260 -5.3363297781870358
v -0.0129102738574147 -0.0040929415263236 -0.0121408253908157
vn 5.4709326903375350 -1.1001180893451603 -2.1946325110462710
v -0.0124712930992246 -0.0047433916479349 -0.0114713553339243
vn 2.6626471492456965 -0.1417582391367377 -5.2742011463626337
v -0.0131076397374272 -0.0050013898871839 -0.0121726170182228
vn 5.5253415067092027 -0.2402828815072932 -2.1243267804158719
v -0.0124945351853967 -0.0049903956241906 -0.0114779025316238
vn 5.4991219248963956 0.0015269776673099 -2.0825950013204801
v -0.0124946357682347 -0.0050067938864231 -0.0114780645817518
vn 2.6540354908760833 0.2244321650394682 -5.2812575775228936
v -0.0131076397374272 -0.0092589175328612 -0.0122057525441051
vn 5.5377575647196275 0.5242271840528024 -2.1717848682570797
v -0.0124946357682347 -0.0092643219977617 -0.0115112001076341
vn 0.9018641276087427 5.4343896316023796 -2.1948451587575533
v -0.0113946357741952 -0.0103660430759192 -0.0112943137064576
vn 0.8734368072493792 2.1568042274069321 -5.3673540007087182
v -0.0113076400011778 -0.0110606178641319 -0.0119943134486675
vn 1.4515836605104870 1.8629989758933820 -5.4143977723620385
v -0.0119930896908045 -0.0109240720048547 -0.0120791075751185
vn 2.5273520854138520 4.9163077233028147 -2.3027316238774893
v -0.0118135260418057 -0.0102823385968804 -0.0113795194774866
vn 2.0530333722611314 1.3968254766676227 -5.3839307077249821
v -0.0125819575041533 -0.0105308648198843 -0.0121498070657253
vn 4.1644938997926646 3.6790606134999111 -2.2797376397671347
v -0.0121733853593469 -0.0100418245419860 -0.0114514064043760
vn 2.4350229471082541 0.7587510667594316 -5.3686953438948377
v -0.0129712903872132 -0.0099460938945413 -0.0121940225362778
vn 5.2183641217029191 1.9630378174865417 -2.2669502857207378
v -0.0124113122001290 -0.0096843112260103 -0.0114973913878202
vn 0.5322702328071365 2.1989223351061344 -5.3765451711336167
v 0.0304868537932634 -0.0111013632267714 -0.0067596039734781
vn 0.2570290598465725 5.3378710246101457 -2.2787210170662400
v 0.0303998533636332 -0.0104067893698812 -0.0060596051625907
vn -1.1709978509533983 -1.0833884121781092 -5.5955702571412580
v 0.0315176211297512 -0.0092877335846424 -0.0066163791343570
vn -4.8359175055021755 -2.3492050603551276 -2.4991396124815637
v 0.0308602917939425 -0.0097129540517926 -0.0059159644879401
vn -1.4261143759102777 -0.4558388557501510 -5.6223912182097990
v 0.0316528640687466 -0.0096202241256833 -0.0066020269878209
vn -1.4779634997852356 0.1708868843856603 -5.6252139763002678
v 0.0316845066845417 -0.0099795414134860 -0.0066008600406349
vn -5.3789607438929528 0.0838929748649333 -2.4974190512266055
v 0.0308998543769121 -0.0099079757928848 -0.0059053460136056
vn -1.3533386234224902 0.8258127892197226 -5.5916291442697386
v 0.0316081084311008 -0.0103297634050250 -0.0066131548956037
vn -4.6205048201012122 2.7338629998684953 -2.5071559635281240
v 0.0308451149612665 -0.0101353013888001 -0.0059237894602120
vn -1.0012447706746908 1.3968160400408489 -5.5637659559471508
v 0.0314315967261791 -0.0106421876698732 -0.0066376957111061
vn -0.4827731657292504 1.8000185708896907 -5.5440680195465548
v 0.0311689097434282 -0.0108892805874348 -0.0066725215874612
vn -0.4719661070861352 5.4859926730373791 -2.1645251241648329
v 0.0304968897253275 -0.0103975096717477 -0.0060304435901344
vn -1.4300062905459119 5.3728661922994574 -2.1252601148258083
v 0.0305725801736116 -0.0103764124214649 -0.0060074850916862
vn -2.9662801827781333 4.5582076482319787 -2.3759638884847782
v 0.0307010132819414 -0.0103066237643361 -0.0059683462604880
vn 0.0621104723286854 2.0280513457268596 -5.5022839138168615
v 0.0308433491736650 -0.0110475271940231 -0.0067145312204957
vn -3.7550153968811526 4.9336439191155632 0.8369687964927526
v -0.0307942368090153 0.0023753144778311 -0.0044262818992138
vn -3.7857338794551980 5.0054880881628332 -0.0866916993914667
v -0.0307957343757153 0.0023779168259352 -0.0045058480463922
vn -3.6720886010181406 5.0359872238000261 0.3461473869402526
v -0.0319396555423737 0.0015212551224977 -0.0043640346266329
vn 2.7296966252218273 -0.1027750892485325 5.6463806388044180
v -0.0322756431996822 0.0004854970320594 -0.0035779303871095
vn 1.9225767322230181 0.5150018201323007 5.9381044943500125
v -0.0320091247558594 0.0007054859888740 -0.0036968057975173
vn 2.5571899872670674 1.2106823901403012 5.5772228883645356
v -0.0325492285192013 0.0004051563155372 -0.0034446949139237
vn -0.9583584350477299 2.0517188076778350 5.7802539472545735
v -0.0311295222491026 0.0017063918057829 -0.0039811618626118
vn 0.6425359101165165 0.4480499926771688 6.2216919532932371
v -0.0312769450247288 0.0013151912717149 -0.0039126151241362
vn -0.4382436033660111 0.4549732971032528 6.2351562414954866
v -0.0304946340620518 0.0019754122477025 -0.0039847269654274
vn 4.1969637782351175 -0.0610015821877540 4.6735695631321894
v -0.0331600122153759 -0.0002366132102907 -0.0029844900127500
vn 4.1462745667399030 -0.3612427296116306 4.6872042137781209
v -0.0330920480191708 -0.0001815084688133 -0.0030434331856668
vn 3.8925098932251840 1.2231545181104808 4.7349494014301658
v -0.0334163457155228 -0.0002968176559079 -0.0027566293720156
vn 3.7916671326011038 -0.3149358111373585 4.9070411068923834
v -0.0329545848071575 -0.0000698696821928 -0.0031547674443573
vn 2.9228585002457415 0.4604269808586564 5.5390149540167499
v -0.0324904844164848 0.0003089889360126 -0.0034641758538783
vn 4.4451811088717266 0.4149969882768055 4.4105518580768557
v -0.0333683304488659 -0.0004052507574670 -0.0027856451924890
vn 4.3879954782883681 1.6336034356994713 4.1705564661291499
v -0.0337827987968922 -0.0005917643429711 -0.0023103700950742
vn 5.0806327480233744 0.5144089554196132 3.6333012650263017
v -0.0338595733046532 -0.0008006624411792 -0.0021689555142075
vn 3.7125730632144287 2.8169431568516843 4.1650691698417628
v -0.0338499732315540 -0.0004788635415025 -0.0023005355615169
vn 4.5492047734227672 2.7945817966831386 3.2684934184203853
v -0.0341383814811707 -0.0007372929831035 -0.0017916552023962
vn 5.2146031050574138 1.4006869525203329 3.1501200086291341
v -0.0340895988047123 -0.0008321365457959 -0.0018013981170952
vn 2.5908220413773555 4.0297464108735461 4.0132648554142172
v -0.0339378640055656 -0.0003816099197138 -0.0023137356620282
vn 3.5279876312209213 3.9957585849196309 3.2456470983063976
v -0.0342051275074482 -0.0006510457606055 -0.0017942867707461
vn 1.3305154620297308 4.9603484902618975 3.5596545750645303
v -0.0340403653681278 -0.0003067687212024 -0.0023490600287914
vn 2.1678231982557374 5.0423937785292940 2.9980179623895089
v -0.0343492217361927 -0.0005394484614953 -0.0018273241585121
vn -2.5472020474757677 5.6125863475409137 0.9327263009369419
v -0.0347017943859100 -0.0005032835761085 -0.0019950398709625
vn -0.9807015628486504 5.8509812838778261 1.8078060348360865
v -0.0345876328647137 -0.0004815704014618 -0.0019284768495709
vn -1.7138396521318504 5.6905091312349523 1.7026876759081033
v -0.0342602208256721 -0.0002431635948597 -0.0024749014992267
vn 0.7954822369114698 5.6330744495106249 2.5700210277328259
v -0.0343982651829720 -0.0005163088790141 -0.0018440134590492
vn -3.9053645063906592 4.8989731197681010 0.0171271555673567
v -0.0348017439246178 -0.0005571671063080 -0.0020657633431256
vn -3.3709868833418040 5.2645970632143886 0.3904156986171924
v -0.0347791351377964 -0.0005416042986326 -0.0020487939473242
vn -3.5824310602438802 5.1449422483838418 0.0724399303270672
v -0.0345695056021214 -0.0003911866224371 -0.0024680034257472
vn -3.2899644461376698 5.2822161884551582 0.3220301531914262
v -0.0344495587050915 -0.0003054044791497 -0.0026437195483595
vn -1.2040796730618433 1.5350276026662486 5.9423262111809354
v -0.0306113194674253 0.0021301193628460 -0.0040225004777312
vn -1.9516290601764403 2.5366775955421250 5.3831659136225412
v -0.0306344460695982 0.0021608583629131 -0.0040403134189546
vn -1.9878480387433217 3.3121221584321034 4.9243807420765426
v -0.0312465000897646 0.0018446487374604 -0.0040906732901931
vn -0.0400165026161859 2.1090198265887210 5.7920881732869116
v -0.0316417925059795 0.0012901590671390 -0.0038724716287106
vn -1.6952947174812234 3.8207671050556868 4.5191342697467798
v -0.0317745208740234 0.0014331403654069 -0.0039760125800967
vn 0.6896694538038431 2.2345220493657525 5.7007519671150710
v -0.0321416929364204 0.0008864074479789 -0.0036955724935979
vn -0.9170142422055542 3.9128058903846781 4.7308872676385434
v -0.0322891846299171 0.0010345436166972 -0.0037911117542535
vn 1.8010065984741421 3.7464269638981635 4.6686867012700706
v -0.0335730127990246 -0.0000968403473962 -0.0027691919822246
vn 0.5982957627480534 4.6706432628372854 4.1130050445175730
v -0.0336694233119488 -0.0000239535875153 -0.0028120367787778
vn 0.6349590834386410 3.5805234008516225 5.0908090271675510
v -0.0327011384069920 0.0005854952032678 -0.0034804723691195
vn -0.3775993765856802 4.3875004347284339 4.4425175120468028
v -0.0327827297151089 0.0006544748321176 -0.0035353570710868
vn 5.4311836499156758 0.4193545345781483 3.1210587835339312
v -0.0340554192662239 -0.0009579337202013 -0.0018298000795767
vn 2.8840069968648239 2.5720781468502225 4.9126371928176269
v -0.0334867648780346 -0.0001898344635265 -0.0027503105811775
vn 1.6694082516051081 2.4705132439793820 5.4988021230152846
v -0.0326217785477638 0.0005007579457015 -0.0034496607258916
vn 1.2341066817464719 0.5104159964808677 6.1157098491305444
v -0.0315114855766296 0.0011188188800588 -0.0038599779363722
vn -2.0445818085307117 5.5260646734388796 1.9552324883331758
v -0.0338671058416367 0.0000439685099991 -0.0029569505713880
vn -3.4705654911798343 5.1777777331340893 0.3262574238704902
v -0.0336670689284801 0.0002568674390204 -0.0034819808788598
vn -2.5698291650905554 5.2623074832235632 2.0261734087931691
v -0.0329339094460011 0.0007303807651624 -0.0037034624256194
vn -3.5249145769530057 5.1298148553425209 0.3777063010519881
v -0.0330409333109856 0.0007112115272321 -0.0039157308638096
vn -0.1020749002445478 5.5487160228283106 2.8661283084185212
v -0.0341503620147705 -0.0002595234254841 -0.0024040536954999
vn -0.6433439049586092 5.2820735222893731 3.2825490504264203
v -0.0337696522474289 0.0000240390399995 -0.0028760251589119
vn -1.4244608529073755 5.0196930654601637 3.4484523620003653
v -0.0328618399798870 0.0007037203758955 -0.0036111439112574
vn -3.5538790556215281 4.6573571742705919 2.1756978775173232
v -0.0307768937200308 0.0023514304775745 -0.0043062428012490
vn -3.0211947656402667 4.8156513372375329 2.3407010697229897
v -0.0318807139992714 0.0015155286528170 -0.0041512651368976
vn -3.1903968868103627 4.1109392621677330 3.4849296517129895
v -0.0307425912469625 0.0023051938042045 -0.0041978089138865
vn -2.6556027281499497 3.3686035233380367 4.5488582587326567
v -0.0307118762284517 0.0022640691604465 -0.0041358340531588
vn -3.6261632452434771 5.0784992021215309 0.3064096233428350
v -0.0323308855295181 0.0012318490771577 -0.0042435447685421
vn -2.3819717380889971 0.2661599005109807 5.8020900001877251
v -0.0294122900813818 0.0029043487738818 -0.0038282817695290
vn -3.3917924887229089 0.4394855778580451 5.2563669052268871
v -0.0284782685339451 0.0037197014316916 -0.0034257364459336
vn -3.7991965710877702 1.7298527591917394 4.6210708658997905
v -0.0285413768142462 0.0038494276814163 -0.0034905704669654
vn -1.8896722222988165 1.5233525382914608 5.7655834988658468
v -0.0300816092640162 0.0025701185222715 -0.0039971563965082
vn -2.8815139980376205 1.6280821237406284 5.2512722472717694
v -0.0295552685856819 0.0030058808624744 -0.0039002017583698
vn -3.6419747843001078 3.2537345024878372 3.8363068615059537
v -0.0296202525496483 0.0031309963669628 -0.0040144426748157
vn -1.2481728763828679 0.4505441008524416 6.1265883584830050
v -0.0299740247428417 0.0024200510233641 -0.0039472440257668
vn -1.8717853963634479 0.4377003781182344 5.9604192536276415
v -0.0294608045369387 0.0028623410034925 -0.0038419165648520
vn -3.8434382568406011 4.9313789529776351 0.2106570022780865
v -0.0296326894313097 0.0032647522166371 -0.0043450770899653
vn -3.9154282360285517 4.4355762653209077 1.8636888022356657
v -0.0296472702175379 0.0032212706282735 -0.0041695167310536
vn -4.1126048059941969 3.2722680333694347 3.3149352204156424
v -0.0285733696073294 0.0039697438478470 -0.0035956948995590
vn -4.0146247008413827 4.4053156636661486 1.6837503264923797
v -0.0285685397684574 0.0040638945065439 -0.0037285943981260
vn -3.7902154311231486 4.9615410957646722 0.2100311899954034
v -0.0285273697227240 0.0041218120604753 -0.0038751182146370
vn -3.2992471214569847 5.2775340477474497 -0.2758546270352736
v -0.0344082191586494 -0.0003178150218446 0.0026958587113768
vn -3.9258644639214850 4.8864798800505191 0.1251244228675193
v -0.0348019860684872 -0.0005894188652746 0.0020564226433635
vn -3.9992480902738672 4.6816351805444008 0.8684192386344313
v -0.0348018221557140 -0.0006878679268993 0.0040390789508820
vn -3.4250398244148244 5.1487043246930853 0.4596789384638887
v -0.0328142456710339 0.0008138485718518 0.0040502832271159
vn -3.4852067390359567 5.1654725529809475 -0.3392505869433034
v -0.0333951935172081 0.0003961397160310 0.0036966188345104
vn -3.3677781369434729 5.2382317927176185 -0.3144281237668130
v -0.0339591354131699 -0.0000037271840938 0.0032183004077524
vn -4.2653420267679349 4.5485645073728476 0.0916668728529220
v -0.0351795405149460 -0.0008844214607961 -0.0012697235215455
vn 5.6872675340473196 0.2716018594585857 2.6475031954904629
v -0.0341272018849850 -0.0010179367382079 -0.0016826072242111
vn 5.9241177476137956 0.4673644440072488 2.0190152104248478
v -0.0343136712908745 -0.0012034996179864 -0.0011987661710009
vn 5.8815724533289258 0.0050446139429606 2.1887355951469512
v -0.0342387780547142 -0.0011236920254305 -0.0014162212610245
vn 5.7519287747640320 1.5870916746362411 1.7981722238937652
v -0.0344068780541420 -0.0011353406589478 -0.0009429312776774
vn 4.8256072857944066 3.4446904723840568 -1.9324209755669965
v -0.0344773828983307 -0.0010200028773397 0.0009088086080737
vn 4.5411069088988798 2.8342773659181568 -3.2447515211617977
v -0.0341384708881378 -0.0007652593194507 0.0017792878206819
vn 5.1820442700658695 1.4624761394399335 -3.1761303343796130
v -0.0340899564325809 -0.0008598095737398 0.0017875594785437
vn 3.4220811323673241 4.8195121195933028 -1.9903845928851824
v -0.0345816761255264 -0.0009142107446678 0.0009076321730390
vn 1.8587724508704238 5.6318860554945509 -1.9376179252988341
v -0.0347107388079166 -0.0008419177029282 0.0009211180149578
vn 3.5175832640094180 4.0406218776089116 -3.2015354407342200
v -0.0342056937515736 -0.0006784330471419 0.0017832576995715
vn 2.1622752844156419 5.0656454040507413 -2.9645242870833552
v -0.0343495756387711 -0.0005675958236679 0.0018179537728429
vn -3.3969165106153536 5.2576735557958703 -0.2407213478534760
v -0.0347796380519867 -0.0005732405115850 0.0020393515005708
vn -2.4528819179263373 5.6711940027929968 -0.8109372261542227
v -0.0347022749483585 -0.0005340602365322 0.0019861939363182
vn -3.3473891021793740 5.2085249807583658 -0.4503102362752827
v -0.0351278111338615 -0.0008719208417460 0.0010319176362827
vn -0.9998261822967928 5.8880935431813493 -1.6460713874279518
v -0.0345881208777428 -0.0005112900398672 0.0019199990201741
vn -1.6820934036819382 5.9097239560200805 -0.9855222886931959
v -0.0349964126944542 -0.0008198003051803 0.0009861272992566
vn -4.0967644956804001 4.6883563025866772 -0.0471806544886430
v -0.0350694283843040 -0.0008002373506315 0.0015390517655760
vn -4.6431304137999705 4.1761636982448218 0.0216096569841605
v -0.0353067032992840 -0.0010381857864559 0.0008045483846217
vn -3.5727557596416313 5.0785524521559910 0.3147134691561241
v -0.0352431014180183 -0.0009807570604607 -0.0005350245046429
vn -4.7648424456932048 4.0364467909240069 0.0492785822389889
v -0.0353597551584244 -0.0010911043500528 -0.0005205292836763
vn -4.8661674269080848 3.9194404274312662 -0.0082721582885924
v -0.0353916659951210 -0.0011362140066922 0.0001404081995133
vn -3.3102057049464659 5.2312508997667706 0.5409267299157541
v -0.0351275093853474 -0.0008556004613638 -0.0010460999328643
vn 3.5133631804662295 4.7657845877445766 1.9650782958740791
v -0.0345815420150757 -0.0009000518475659 -0.0009223948582076
vn 1.9063351341492298 5.6670285127658300 1.7880950337660697
v -0.0347105823457241 -0.0008275685249828 -0.0009347774903290
vn 1.8702807857081476 5.9414034784723357 0.2063210445833680
v -0.0348366051912308 -0.0009645815589465 -0.0000079013652794
vn 0.7547567921084004 5.6661619449981924 -2.5135922018658983
v -0.0343988873064518 -0.0005446102004498 0.0018350866157562
vn 0.0540947397907148 6.0510607460096404 -1.4951253605625090
v -0.0348531752824783 -0.0008094874792732 0.0009480743319727
vn 1.3960190556465251 6.0380462462397944 -0.9884978582850291
v -0.0348048657178879 -0.0009333439520560 0.0004568247240968
vn 3.6054999653198996 5.0638867867308743 0.1482714495596733
v -0.0346985049545765 -0.0010360775049776 -0.0000084451512521
vn 5.0588164567504901 3.6119488947458658 0.0294920686733207
v -0.0345890522003174 -0.0011465474963188 -0.0000092947057055
vn 4.8222376028587135 3.4182947218317765 1.9868519440476231
v -0.0344772413372993 -0.0010057559702545 -0.0009251977899112
vn 5.2778402493565029 0.6019660268012909 -3.3360347263632568
v -0.0340556278824806 -0.0009864576859400 0.0018143022898585
vn 5.7865527568687334 0.0902665430532278 -2.4364522327154816
v -0.0341527312994003 -0.0010661007836461 0.0016097740735859
vn 5.7362910741177435 1.7552079771296114 -1.7087902706546072
v -0.0344070494174957 -0.0011499407701194 0.0009245362598449
vn 5.9649505482601901 1.7868733557056042 0.1021832040354633
v -0.0345188155770302 -0.0012852997751907 -0.0000103679149106
vn 5.8796484620983787 -0.1929689523654006 -2.1049842813307946
v -0.0342389531433582 -0.0011454017367214 0.0013981101801619
vn 5.8929029297685611 1.2955693626655285 -1.5450999523288325
v -0.0343768559396267 -0.0012924973852932 0.0009536410216242
vn 4.9167957820798680 2.0170407010511466 -0.8377309941831469
v -0.0344642400741577 -0.0014002273092046 0.0004809638485312
vn 6.2552118548279978 0.3968483445945069 0.0865587071876691
v -0.0344946272671223 -0.0014389138668776 -0.0000114528047561
vn -3.6190767764104326 5.0655605349517998 0.0494059089174778
v -0.0352832414209843 -0.0010306413751096 -0.0000084559715106
vn -3.4475462391006415 5.1942613401617379 -0.2483241317868014
v -0.0352432653307915 -0.0009890554938465 0.0005188492941670
vn -1.9073106917745437 5.9328140830577283 0.0462138225122594
v -0.0351438298821449 -0.0009617312462069 -0.0000079070596257
vn -1.8536226686355695 5.9204760664065095 -0.5798916949950472
v -0.0351061224937439 -0.0009249963331968 0.0004928416456096
vn 0.0205735138526839 6.2361622410107529 0.0485035507422713
v -0.0349899940192699 -0.0009389699553140 -0.0000077159966168
vn 0.0354681061837774 6.1782770476709441 -0.8456467874908230
v -0.0349552482366562 -0.0009058155119419 0.0004714955575764
vn -1.8518410436913526 5.9113222216846637 0.6721097424718410
v -0.0351059883832932 -0.0009171846322715 -0.0005079844268039
vn -1.6788074244805675 5.8945819458171567 1.0775256901778965
v -0.0349961631000042 -0.0008043185225688 -0.0009994832798839
vn -0.8536404478806057 6.1451546596098270 0.9384067308719675
v -0.0349551439285278 -0.0008983904263005 -0.0004863053036388
vn 0.0086403912204243 6.0590756957768139 1.4829606148671599
v -0.0348529778420925 -0.0007946865516715 -0.0009612505673431
vn 4.9502870277909716 2.0586281358506744 0.6378111169647459
v -0.0344641357660294 -0.0013924812665209 -0.0005032022600062
vn 5.8013277092976612 1.5822747148028045 1.3012743354821712
v -0.0344271138310432 -0.0013416785513982 -0.0007419605972245
vn 5.9129780722764034 1.1490680628080749 1.7389797463805485
v -0.0343766771256924 -0.0012773772468790 -0.0009740364039317
vn 0.5073875809964246 6.1909699540746974 -0.6744422865228030
v -0.0261928718537092 0.0043165432289243 -0.0087789809331298
vn 0.4966414975395344 6.2126276024234759 0.4725446984307818
v -0.0262081604450941 0.0045190309174359 0.0054494305513799
vn 1.4569775518029466 6.0837534969608358 -0.0297937781700898
v -0.0240527447313070 0.0043126787059009 0.0026928693987429
vn 0.4772779135044493 6.2274611660428452 -0.0296302277868297
v -0.0262163598090410 0.0047200676053762 0.0016780354781076
vn 1.5194193692293576 6.0719015009483019 -0.0163422146488856
v -0.0245120599865913 0.0044211293570697 0.0018964976770803
vn 0.5195798367026987 6.2351440587141118 0.0215820036236410
v -0.0260172188282013 0.0047021163627505 0.0010179597884417
vn 1.5479476559447489 6.0655026054298418 0.0146358868457862
v -0.0248075705021620 0.0044952728785574 0.0009960258612409
vn 0.5249323575558411 6.2356088715544926 0.0451615177952803
v -0.0259116925299168 0.0046969316899776 0.0001400010369252
vn 1.5553261280201021 6.0635509927936289 0.0455225536098509
v -0.0249102134257555 0.0045263096690178 0.0000362226019206
vn 0.5239009872710327 6.2345203948186834 0.0947026238677518
v -0.0260578170418739 0.0047233710065484 -0.0011135115055367
vn 1.5470024900136699 6.0652206472910537 0.0823830101885232
v -0.0248080492019653 0.0045103342272341 -0.0009245107066818
vn 0.5983365470616231 6.2327182592073722 0.1194514998105383
v -0.0261214599013329 0.0047324406914413 -0.0013344770995900
vn 1.5055062819888541 6.0727290655438271 0.0879711469408156
v -0.0245129372924566 0.0044503114186227 -0.0018260086653754
vn 0.6581582912766261 6.2305792936467483 -0.0043126459451573
v -0.0262158755213022 0.0047455434687436 -0.0016032301355153
vn 0.5121372026111507 6.2179397868802937 -0.3604564677754081
v -0.0262087453156710 0.0046255989000201 -0.0050030983984470
vn 1.4460593795620622 6.0846612418192620 0.1322435810288924
v -0.0240537673234940 0.0043542883358896 -0.0026239908766001
vn 1.4048990100150704 6.0933452750184030 0.1540916486749237
v -0.0234658606350422 0.0042323651723564 -0.0032918702345341
vn 0.4941642229203745 6.2134329372049875 -0.4624968047141713
v -0.0262041520327330 0.0045384527184069 -0.0063265636563301
vn 1.3327748244014981 6.1076826213155817 0.1870504112899627
v -0.0227816700935364 0.0040939548052847 -0.0038174884393811
vn 1.2561560973966821 6.1223865051296142 0.2163499837998261
v -0.0220285989344120 0.0039469473995268 -0.0041958452202380
vn 1.1652341795257219 6.1384434208199545 0.2362108433731772
v -0.0212307423353195 0.0037979215849191 -0.0044244201853871
vn 1.0513919941619192 6.1584269864444714 0.2163348642422524
v -0.0204097367823124 0.0036522089503706 -0.0045018061064184
vn 0.9909928221349108 6.1864675726835836 0.0713683820641216
v -0.0194892510771751 0.0034984026569873 -0.0044075031764805
vn 0.8875196329032032 6.1946136818250759 0.1790478467384430
v -0.0189486034214497 0.0034128678962588 -0.0042586866766214
vn 1.2773891667450907 6.1263312643791945 -0.4017215817323651
v 0.0314583219587803 -0.0052037886343896 -0.0027133794501424
vn 0.8064792537724812 6.2085114291726171 0.1390409146565528
v -0.0181011743843555 0.0032859409693629 -0.0038636603858322
vn 0.6514891559295364 6.0335047387919545 1.3854175452606463
v -0.0261686388403177 0.0036330805160105 0.0125566609203815
vn 1.1363261727008080 5.9820149042387616 1.4456893421869339
v 0.0028178205247968 -0.0009831594070420 0.0088812727481127
vn 0.5103819670560840 6.1772790649707954 0.7903832577953405
v -0.0261908769607544 0.0041288114152849 0.0092498390004039
vn 1.1378939842880080 5.9778683507942185 1.4543421625020456
v 0.0150860361754894 -0.0029375557787716 0.0073233935981989
vn 1.2177089700582091 5.9699506997965877 1.3511205229290402
v 0.0314584709703922 -0.0055469982326031 0.0052393875084817
vn 1.2544084381405398 6.1272922531573526 0.4769123030413243
v 0.0314583219587803 -0.0052453908137977 0.0026320938486606
vn 0.4985744048637621 6.2042014111854193 0.5763692542768442
v -0.0262046903371811 0.0044395229779184 0.0063965148292482
vn 0.7461550348316839 6.2176360158483988 -0.0408671848402780
v -0.0174944959580898 0.0031465899664909 0.0034760825801641
vn 0.7538797547166384 6.2126905436561035 -0.0686002999197071
v -0.0177303180098534 0.0031764404848218 0.0036649254616350
vn 0.8848956360096253 6.1974310204358467 -0.0775220328186651
v -0.0188740827143192 0.0033350645098835 0.0042847716249526
vn 0.9864218213560281 6.1800503976758483 -0.0606413183848185
v -0.0197056420147419 0.0034639933146536 0.0045016463845968
vn 1.0611299821309614 6.1584696315238832 -0.1359985010205822
v -0.0204097367823124 0.0035817006137222 0.0045581459999084
vn 1.1646201456136844 6.1415915547534334 -0.1398739058046374
v -0.0212307199835777 0.0037285950966179 0.0044830236583948
vn 1.2556187758850241 6.1251514222049099 -0.1207650240823683
v -0.0220281407237053 0.0038810728583485 0.0042572272941470
vn 1.3387730078810960 6.1089009303422817 -0.0929387572404334
v -0.0227806493639946 0.0040338272228837 0.0038817874155939
vn 1.4034249272051096 6.0958988695834293 -0.0710407573477884
v -0.0234647039324045 0.0041803610511124 0.0033585680648685
vn 0.5373243627135122 6.2337648047829930 -0.0064097422445184
v -0.0161118842661381 0.0029962141998112 0.0013647192390636
vn 0.5812867250809886 6.2305366293231295 -0.0153329358115303
v -0.0163738615810871 0.0030204339418560 0.0020268068183213
vn 0.6463889547833390 6.2249037002947496 -0.0380093119449963
v -0.0168423503637314 0.0030696776229888 0.0027854777872562
vn 0.7494526496611624 6.2117766713699112 0.1693347277063695
v -0.0177458226680756 0.0032352749258280 -0.0036265032831579
vn 0.6889677892117224 6.2240829999430893 0.0956643849737286
v -0.0169360339641571 0.0031250112224370 -0.0028558198828250
vn 0.6264772423240155 6.2252279480727548 0.1412412133085090
v -0.0167622491717339 0.0031021530739963 -0.0026291338726878
vn 0.5626752224627488 6.2311781583243970 0.0959729164723749
v -0.0161796696484089 0.0030261683277786 -0.0015208907425404
vn 0.5255510735739042 6.2346736202108506 0.0688403409303723
v -0.0159663148224354 0.0029963431879878 -0.0006901250453666
vn 1.2521012233512645 6.1452314688767480 0.0474308708405537
v 0.0314583294093609 -0.0051274648867548 -0.0000398868833145
vn 0.5299839715564413 6.2348176262544968 0.0461425055289961
v -0.0159102194011211 0.0029847682453692 0.0000232732854784
vn 0.5345936860953908 6.2344301488499481 0.0157698991074424
v -0.0161052718758583 0.0029956537764519 0.0013430429389700
vn -3.3323197061808409 5.1225244907562892 0.5952388503510797
v -0.0283449925482273 0.0042532668448985 -0.0037817673292011
vn -4.5768751934090668 0.5682792375780689 4.2483129577348322
v -0.0275470409542322 0.0042141508311033 -0.0026712792459875
vn -4.8409968821244043 0.6222942528878974 3.9376992993980195
v -0.0275304112583399 0.0042181843891740 -0.0026530066970736
vn -4.5791281803080688 2.2009213321122352 3.5665846207515783
v -0.0274944677948952 0.0044001005589962 -0.0026599080301821
vn -5.5935695160051466 0.5214552363619153 2.7822013355258788
v -0.0268620178103447 0.0042645744979382 -0.0016413837438449
vn -5.8014375700355494 0.7515661250852805 2.2064436066677939
v -0.0267663281410933 0.0042525967583060 -0.0014159758575261
vn -5.1261241852355077 2.7148940274148474 2.1096677309567955
v -0.0267092268913984 0.0044836117886007 -0.0014258224982768
vn -4.2824938522923270 0.3795067390275249 4.5712162942308563
v -0.0278997644782066 0.0040924609638751 -0.0030123388860375
vn -2.4202836818802869 5.6849406374935256 0.2617495333624181
v -0.0277659166604280 0.0045575583353639 -0.0034243536647409
vn -3.9819088471982225 4.4968430530383658 1.7321317220958070
v -0.0265963114798069 0.0046319421380758 -0.0014617942506447
vn -2.9581232442377927 5.3356876611777366 1.3849426268358966
v -0.0265565253794193 0.0046642124652863 -0.0014755383599550
vn -1.8965549161227435 5.7569566578056826 1.0624152468764325
v -0.0268135722726583 0.0047432994470000 -0.0022254125215113
vn -1.6641379984016644 5.9491566849209363 0.8946591603283015
v -0.0264169611036777 0.0047336276620626 -0.0015260920627043
vn -0.1414478396708018 6.1973203934405614 0.0726093846603210
v -0.0266579221934080 0.0047770184464753 -0.0023473105393350
vn -0.3679218872549328 6.2214066177389462 0.3914465176619842
v -0.0263406056910753 0.0047493074089289 -0.0015549426898360
vn -3.6804019255252047 4.4473683468650531 2.2001239280216183
v -0.0269572548568249 0.0046339752152562 -0.0021366339642555
vn -4.8615121010519591 2.4177790432581512 2.9814625649345343
v -0.0270525384694338 0.0044670556671917 -0.0020771143026650
vn -5.2669601877380465 0.6120843926326052 3.3386338491675409
v -0.0270883627235889 0.0042744209058583 -0.0020637547131628
vn -1.5363154691334588 6.0029245425660136 0.0434624977775013
v -0.0272995270788670 0.0047020353376865 -0.0030517489649355
vn -3.3674331984990538 4.9541979348454310 1.0285188212283376
v -0.0279490835964680 0.0044549899175763 -0.0033572036772966
vn -4.0586454412445843 3.6723750561372084 2.8798151403767163
v -0.0280002299696207 0.0043473877012730 -0.0032346954103559
vn -4.2247999615302980 1.9171140013120311 4.1229049813739538
v -0.0280134733766317 0.0042055435478687 -0.0031403065659106
vn -3.9255117003699458 0.4752603540943854 4.8656253719826825
v -0.0280191916972399 0.0040348381735384 -0.0031106767710298
vn -3.8234824631907927 4.1252343218525329 2.5750454613239286
v -0.0274370983242989 0.0045569417998195 -0.0027385714929551
vn -2.5909775023587569 5.4459693248241008 1.2566579200837151
v -0.0273377355188131 0.0046689971350133 -0.0028464882634580
vn -1.0357582370299836 6.1097516238054794 0.0616416711085372
v -0.0272098593413830 0.0047208704054356 -0.0029690060764551
vn -6.1274531624300925 -0.5949632474640252 -0.6047580511839350
v -0.0359946340322495 -0.0063927723094821 -0.0078440159559250
vn -5.5947269781514448 -0.5279589546056592 -2.2929864170863667
v -0.0359185151755810 -0.0063897939398885 -0.0082266880199313
vn -5.0780787797086315 -2.0860636377310278 -2.2353616037493422
v -0.0358481891453266 -0.0067433370277286 -0.0082294391468167
vn -4.3336595005816259 -0.3941419564344368 -4.2659378393787621
v -0.0357017405331135 -0.0063872695900500 -0.0085511012002826
vn -2.4060190450288257 -0.1999225142152354 -5.6316303261863325
v -0.0353773199021816 -0.0063855829648674 -0.0087678674608469
vn -2.2654718217625898 -0.8950146475572437 -5.5743181639278774
v -0.0353481881320477 -0.0065320241264999 -0.0087690073996782
vn -0.9383691270121500 -2.2220800820128233 -5.5846344692600915
v -0.0351410806179047 -0.0067391265183687 -0.0087706195190549
vn -1.7339135778111270 -1.6905251417198435 -5.5804987042031273
v -0.0352652333676815 -0.0066561731509864 -0.0087699741125107
vn -0.3541959534722487 -2.1087523886619164 -5.7964466639033922
v -0.0349946357309818 -0.0067682545632124 -0.0087708458304405
vn -3.9820807067760962 -1.6169241162445807 -4.1807710808865757
v -0.0356479175388813 -0.0066578597761691 -0.0085532078519464
vn -3.0477548480510119 -3.0152195940972439 -4.1916556265803244
v -0.0354946367442608 -0.0068872538395226 -0.0085549931973219
vn -1.7390616280618076 -3.9276579985857332 -4.2225907319997882
v -0.0352652333676815 -0.0070405313745141 -0.0085561862215400
vn -0.6954229536881380 -3.0923115439031514 -5.2932211848055921
v -0.0349946357309818 -0.0068860170431435 -0.0087139066308737
vn -0.4326991827670498 -4.3482130958626364 -4.3673012201592583
v -0.0349946357309818 -0.0070943562313914 -0.0085566053166986
vn -0.5682532248371471 -5.2152379321802229 -3.2905485888346240
v -0.0349946357309818 -0.0072548803873360 -0.0083507411181927
vn -3.8865839481897604 -3.8691976441965448 -2.2492339098977676
v -0.0356479175388813 -0.0070430571213365 -0.0082317721098661
vn -2.1620625278181964 -5.0706758289512788 -2.2244132959073504
v -0.0353481881320477 -0.0072433231398463 -0.0082333311438560
vn -0.5567318365467675 -5.7948878730460116 -1.9933633453258826
v -0.0349946357309818 -0.0073136454448104 -0.0082338787615299
vn -5.5729743769310662 -2.3037584565556126 -0.6049181903253861
v -0.0359185151755810 -0.0067754453048110 -0.0078469943255186
vn -4.2653712087827937 -4.2606884012916382 -0.6201423815709408
v -0.0357017405331135 -0.0070998584851623 -0.0078495200723410
vn -2.3084107122030666 -5.5682378439206612 -0.6303265762041633
v -0.0353773199021816 -0.0073166238144040 -0.0078512066975236
vn -0.5889813240239340 -6.1210693323220076 -0.6549361567176034
v -0.0349946357309818 -0.0073927426710725 -0.0078517990186810
vn -6.1719341770225036 -0.6085497769502218 0.3981685505508512
v -0.0359946340322495 -0.0064845606684685 0.0039496729150414
vn -5.6388704773501273 -2.3161272275776734 0.3486687443165840
v -0.0359185151755810 -0.0068672318011522 0.0039466945454478
vn -4.3513158324227197 -4.2979199190254516 0.2497470384722991
v -0.0357017405331135 -0.0071916468441486 0.0039441697299480
vn -2.4059439182433033 -5.6499242879029836 0.1137961510989463
v -0.0353773199021816 -0.0074084126390517 0.0039424826391041
vn -0.5444460579413848 -6.1508750673023709 0.5067931208255663
v -0.0349946357309818 -0.0074845314957201 0.0039418903179467
vn -2.3050669640476835 3.0925584123603493 4.8866614821431851
v -0.0316780060529709 0.0012018453562632 0.0047873109579086
vn -2.9023178295408645 4.0839800918992761 3.6995158018854699
v -0.0321046374738216 0.0011171407531947 0.0045860302634537
vn -2.7663216011850378 3.2181794689309533 4.4287952190673368
v -0.0346162095665932 -0.0009388422477059 0.0047152582556009
vn -3.3900580368737772 4.7276888371703398 2.1000957163193013
v -0.0324450582265854 0.0010082490043715 0.0043665249831975
vn -3.6111896589004999 4.2331792616644250 2.5481756326363794
v -0.0347485616803169 -0.0007613491616212 0.0044073141179979
vn -1.6811889091351926 2.1986038406921193 5.6249402997226090
v -0.0312398932874203 0.0012543591437861 0.0049232877790928
vn -1.5235502014575064 1.7278149335233346 5.7046573179077278
v -0.0344240069389343 -0.0011946987360716 0.0049188467673957
vn -1.3305852623568599 1.5578198301315913 5.9318195716341791
v -0.0312099810689688 0.0012146106455475 0.0049435375258327
vn -0.9183908292865393 0.7430563805027669 6.1513859574347167
v -0.0311090145260096 0.0010806076461449 0.0049903960898519
vn -0.4048976320875400 0.4146671099370722 6.2257088041379465
v -0.0341996438801289 -0.0014924163697287 0.0049885562621057
vn -0.7105066229401853 0.1238049038137804 6.2313849359027067
v -0.0309946332126856 0.0009290853049606 0.0050074020400643
vn -0.5507067697605661 -0.6008498172677983 6.2118345921618472
v -0.0309946332126856 -0.0064923451282084 0.0049496423453093
vn -2.0362746231554705 0.2271374705236515 5.9340016462689302
v -0.0306657291948795 0.0014195271069184 0.0050667487084866
vn -2.2679113567033422 -0.6017698142984783 5.7457430995564209
v -0.0306465290486813 -0.0064928303472698 0.0050121853128076
vn -2.8213903170681904 0.0442923770535635 5.6005645868889244
v -0.0306620299816132 0.0014249607920647 0.0050680851563811
vn -4.3792002609926994 -0.5946653618877207 4.3305194575515742
v -0.0302842035889626 -0.0064946501515806 0.0052458667196333
vn -4.2922143153403098 0.1636966641301406 4.4803391938079180
v -0.0303488075733185 0.0018759752856568 0.0052512628026307
vn -5.7665880319021090 -0.5757840403997017 2.2268074687975390
v -0.0300539396703243 -0.0064974874258041 0.0056103672832251
vn -5.5775468099849297 0.3682879243927132 2.7378319002131475
v -0.0300978831946850 0.0022111092694104 0.0055748634040356
vn -6.1008736532856958 0.6620531082372278 1.1960273339181438
v -0.0300093796104193 0.0023032759781927 0.0058470279909670
vn -6.2501075059340012 -0.1907124557924089 0.3735477632123875
v -0.0299946349114180 -0.0065001267939806 0.0059496122412384
vn -6.2716161075816022 0.0126471569769438 0.2783217630631536
v -0.0299946311861277 0.0022972824517637 0.0060180784203112
vn -0.5443022063426411 -0.2461998796749825 6.2159816468543116
v -0.0349946357309818 -0.0064923446625471 0.0049496423453093
vn -0.5568638061584283 -1.0512960971074317 6.0783388426486731
v -0.0349946357309818 -0.0066217659041286 0.0049402154982090
vn -0.5109143676582448 -2.3385503535942860 5.7246788764068182
v -0.0309946332126856 -0.0068399524316192 0.0048843906261027
vn -0.3749436826652019 -2.3940676502174734 5.6571599643977013
v -0.0349946357309818 -0.0068744230084121 0.0048705460503697
vn -0.4682091088236840 -4.3775864438278145 4.2329036459014411
v -0.0349946357309818 -0.0071971495635808 0.0046512554399669
vn -0.3808781209400499 -4.4503991663327920 4.2665563755968083
v -0.0309946350753307 -0.0072004487738013 0.0046478891745210
vn -0.4176644236552359 -5.6805088042837610 2.1962513081756052
v -0.0349946357309818 -0.0074113910086453 0.0043251547031105
vn -0.1900467793623989 -5.8073239330787585 2.1205281347802147
v -0.0309946350753307 -0.0074278684332967 0.0042815962806344
vn -0.0461470669178747 -6.2449810162306409 0.4597581670979698
v -0.0309946350753307 -0.0074845319613814 0.0039418903179467
vn -3.6449866774969344 -1.4968341073631479 -2.6435900649602204
v -0.0304946359246969 -0.0068860179744661 -0.0087139066308737
vn -3.6530831348920429 -2.6214554557169825 -1.5323731514048484
v -0.0304946359246969 -0.0072548808529973 -0.0083507411181927
vn -3.1114115723494211 -3.3402267939435091 0.2804609265955792
v -0.0304946359246969 -0.0074067064560950 -0.0060578067786992
vn -3.4033926919792705 -3.0848111154327915 -0.4305750658189249
v -0.0304946359246969 -0.0073927431367338 -0.0078517990186810
vn -0.1979341923267081 -3.2434833533716834 -3.1544182923247801
v -0.0289946366101503 -0.0074923136271536 0.0049418597482145
vn -0.5037105674102981 -0.5317587216715243 -6.1578009470208039
v -0.0289946366101503 -0.0124921621754766 0.0049029472284019
vn -0.9633121062223947 -3.3661490746599805 -3.0470854892671198
v -0.0292446352541447 -0.0074925604276359 0.0049736131913960
vn -2.1876013944442390 -0.1446372142860081 -5.7317044960543910
v -0.0293407533317804 -0.0124926436692476 0.0049647539854050
vn -2.6339350214978605 -3.2075732536530639 -2.3166947306529617
v -0.0294909272342920 -0.0074578169733286 0.0050739762373269
vn -4.3255347044468628 -0.2416995673792912 -4.2952372778713803
v -0.0297017432749271 -0.0124944429844618 0.0051958318799734
vn -5.7855461685581524 -1.3519467352437022 -0.3891338887751344
v -0.0299331732094288 -0.0069650309160352 0.0056008058600128
vn -5.2921476172603370 -1.6783782768127031 -0.0011218705090525
v -0.0299106426537037 -0.0070328479632735 0.0055442894808948
vn -5.7008893031921897 -0.3542994523894726 -2.1717598813138173
v -0.0299328267574310 -0.0124972509220243 0.0055568106472492
vn -4.6181201740411808 -2.3100554888996654 -0.4080688754026095
v -0.0298281721770763 -0.0072006792761385 0.0053916783072054
vn -3.9812136657628239 -2.7856893066934467 -1.3945994182393693
v -0.0297469757497311 -0.0073029580526054 0.0052845682948828
vn -6.0019424782741844 -1.0242709672993586 0.3275604324075799
v -0.0299632512032986 -0.0068418304435909 0.0056983889080584
vn -6.1859816692311886 -0.4031931376422510 -0.5469281482037676
v -0.0299946367740631 -0.0124999452382326 0.0059029171243310
vn 0.0570167180524105 3.6514083257861705 -3.0203578375106757
v -0.0304946340620518 -0.0014703134074807 0.0021386418957263
vn 0.0570149247698177 -3.6039557640567157 -3.0768263563567508
v -0.0304946359246969 -0.0074701337143779 0.0020919465459883
vn 1.5172691956009055 3.6855316006512404 -2.5993879839841525
v -0.0315696336328983 -0.0014680722961202 0.0018506052438170
vn 1.5172737006010097 -3.6446262742321549 -2.6564419776405810
v -0.0315696336328983 -0.0074678906239569 0.0018039098940790
vn 2.6279898177197456 3.6768916972073828 -1.4886950110220738
v -0.0323565900325775 -0.0014619471039623 0.0010636744555086
vn 2.6279940106440742 -3.6532751609625218 -1.5457469611666030
v -0.0323565900325775 -0.0074617676436901 0.0010169789893553
vn 3.0345471402701429 3.6650765797244151 0.0285232452363436
v -0.0326446332037449 -0.0014535810332745 -0.0000112930110845
vn 3.0345461704009291 -3.6650765897810786 -0.0285245163712600
v -0.0326446332037449 -0.0074534015730023 -0.0000579884617764
vn 2.6279924057708821 3.6532752487075379 1.5457491356144213
v -0.0323565900325775 -0.0014452150790021 -0.0010862605413422
vn 2.6279915429634286 -3.6768917105304091 1.4886995222876371
v -0.0323565900325775 -0.0074450355023146 -0.0011329558910802
vn 1.5172709420078856 3.6446268362466672 2.6564349865224663
v -0.0315696336328983 -0.0014390901196748 -0.0018731913296506
vn 1.5172741042673115 -3.6855314973033444 2.5993899071200932
v -0.0315696336328983 -0.0074389101937413 -0.0019198866793886
vn 0.0570173810325713 3.6039551795733207 3.0768245746031320
v -0.0304946340620518 -0.0014368492411450 -0.0021612278651446
vn 0.0570165664688798 -3.6514086246771718 3.0203634798224051
v -0.0304946359246969 -0.0074366675689816 -0.0022079232148826
vn -1.3289071792946279 3.5688065455292124 2.7873662869277966
v -0.0295617841184139 -0.0014385058311746 -0.0019483173964545
vn -1.3289092272747718 -3.6117580234263431 2.7314830764043889
v -0.0295617859810591 -0.0074383262544870 -0.0019950128626078
vn -2.3946130439578415 3.5754239502030627 1.9375268793120501
v -0.0288136955350637 -0.0014431503368542 -0.0013517555780709
vn -2.3946151598928802 -3.6051461550767323 1.8816385398549378
v -0.0288136973977089 -0.0074429688975215 -0.0013984509278089
vn -2.9860370605261290 3.5849780843211705 0.7094640802104233
v -0.0283985398709774 -0.0014498599339277 -0.0004896986065432
vn -2.9860362854121685 -3.5955845258013137 0.6535763462834656
v -0.0283985417336226 -0.0074496786110103 -0.0005363940144889
vn -2.9860348879958538 3.5955863808394262 -0.6535764096709741
v -0.0283985398709774 -0.0014573069056496 0.0004671124625020
vn -2.9860347520475576 -3.5849762822308411 -0.7094581816706208
v -0.0283985417336226 -0.0074571254663169 0.0004204170545563
vn -2.3946138645095432 3.6051475785451501 -1.8816404732073435
v -0.0288136955350637 -0.0014640165027231 0.0013291693758219
vn -2.3946184712675587 -3.5754223900564535 -1.9375322244267166
v -0.0288136973977089 -0.0074638328514993 0.0012824740260839
vn -1.3289002959427225 3.6117588709895756 -2.7314837548581696
v -0.0295617841184139 -0.0014686570502818 0.0019257314270362
vn -1.3289099283402470 -3.5688054397177646 -2.7873690902744412
v -0.0295617859810591 -0.0074684773571789 0.0018790358444676
vn -0.0000013614788168 3.6886964493378245 -3.0059268634562395
v -0.0204946324229240 -0.0014703146880493 0.0021386418957263
vn -0.0000053610181337 -3.6414634984668401 -3.0629715801873463
v -0.0204946342855692 -0.0074701351113617 0.0020919465459883
vn 1.5172704920911919 3.6855342826768047 -2.5993858821107296
v -0.0215696357190609 -0.0014680735766888 0.0018506051274016
vn 1.5172736378443690 -3.6446302741655896 -2.6564374475025541
v -0.0215696375817060 -0.0074678920209408 0.0018039097776636
vn 2.6279912583625471 3.6768853781921544 -1.4886977083175936
v -0.0223565883934498 -0.0014619483845308 0.0010636744555086
vn 2.6279942313855602 -3.6532704343070197 -1.5457489654538596
v -0.0223565902560949 -0.0074617685750127 0.0010169789893553
vn 3.0345446751452343 3.6650821027972129 0.0285234030652788
v -0.0226446352899075 -0.0014535823138431 -0.0000112930201794
vn 3.0345439651783859 -3.6650840026490261 -0.0285239689534377
v -0.0226446371525526 -0.0074534025043249 -0.0000579884726903
vn 2.6279934468558097 3.6532688114071048 1.5457515243042932
v -0.0223565883934498 -0.0014452162431553 -0.0010862605413422
vn 2.6279935554194873 -3.6768869422539971 1.4887016493577800
v -0.0223565902560949 -0.0074450364336371 -0.0011329558910802
vn 1.5172721608393853 3.6446296173321002 2.6564327006375010
v -0.0215696357190609 -0.0014390912838280 -0.0018731913296506
vn 1.5172738675764232 -3.6855354687051958 2.5993832522769589
v -0.0215696375817060 -0.0074389115907252 -0.0019198866793886
vn -0.0000008157289083 3.6414630321132160 3.0629760961772075
v -0.0204946324229240 -0.0014368505217135 -0.0021612278651446
vn -0.0000023434318374 -3.6886960960713822 3.0059299999929059
v -0.0204946342855692 -0.0074366689659655 -0.0022079232148826
vn -1.5172731067933618 3.6446296916346572 2.6564322797275302
v -0.0194196328520775 -0.0014390916330740 -0.0018731913296506
vn -1.5172761585735226 -3.6855336683938944 2.5993851303588178
v -0.0194196347147226 -0.0074389120563865 -0.0019198866793886
vn -2.6279931183988587 3.6532704468799024 1.5457516881543183
v -0.0186326801776886 -0.0014452167088166 -0.0010862605413422
vn -2.6279934954549202 -3.6768853222505564 1.4887024544623952
v -0.0186326820403337 -0.0074450368992984 -0.0011329558910802
vn -3.0345422507229132 3.6650840008730028 0.0285257775865482
v -0.0183446332812309 -0.0014535827795044 -0.0000112930238174
vn -3.0345446928911817 -3.6650821271131244 -0.0285244427863125
v -0.0183446351438761 -0.0074534029699862 -0.0000579884763283
vn -2.6279889718215865 3.6768869201928363 -1.4886997379511866
v -0.0186326801776886 -0.0014619488501921 0.0010636743390933
vn -2.6279949964816760 -3.6532688260097466 -1.5457494945638728
v -0.0186326820403337 -0.0074617690406740 0.0010169789893553
vn -1.5172715816876541 3.6855344371933842 -2.5993863579312997
v -0.0194196328520775 -0.0014680738095194 0.0018506051274016
vn -1.5172747394332700 -3.6446284787119940 -2.6564388342040188
v -0.0194196347147226 -0.0074678924866021 0.0018039097776636
vn -0.3764291995290200 -5.6585521696304415 -2.3914406229809320
v -0.0289946366101503 -0.0134208183735609 0.0055130547843874
vn 0.5655895476589570 -4.5789942616594814 -3.4764798406131212
v -0.0290275812149048 -0.0133006833493710 0.0053048096597195
vn -0.4707707580341838 -4.2316096215213657 -4.3793478635450107
v -0.0289946366101503 -0.0132015272974968 0.0051903282292187
vn -1.6651877358330749 -5.0213632274406681 -2.8744536955074098
v -0.0292297266423702 -0.0133559210225940 0.0054424405097961
vn -0.6449766379607571 -6.0634249724720721 -0.9936198926045645
v -0.0289946366101503 -0.0134904887527227 0.0057657109573483
vn -2.3565537947689528 -5.2795805573490231 -1.5461302900957228
v -0.0293649788945913 -0.0133937792852521 0.0056501175276935
vn -0.6846761801711891 -6.1839219620627226 -0.2661824264526649
v -0.0289946366101503 -0.0134999155998230 0.0058951345272362
vn -2.5955507959970290 -5.4689171377793615 -0.4395596708703577
v -0.0294125024229288 -0.0134084261953831 0.0058958465233445
vn -1.5515289961455583 -2.9180741067752338 -4.9725055162112968
v -0.0292135234922171 -0.0129920355975628 0.0050603398121893
vn -0.4144373038483595 -2.1944588727956180 -5.6807704179850687
v -0.0289946366101503 -0.0128754274919629 0.0049760872498155
vn -2.2961083282465080 -0.9282330108917101 -5.4694203782349220
v -0.0293579623103142 -0.0125900842249393 0.0049756262451410
vn -3.0097297885397976 -3.3055794634680247 -3.8319560735466869
v -0.0294999815523624 -0.0130703113973141 0.0052553773857653
vn -3.9599303808543822 -1.3981943607076774 -4.2367620146918856
v -0.0296744219958782 -0.0126765593886375 0.0051910895854235
vn -4.1441086996191361 -3.6231079705855045 -2.0901381257873108
v -0.0296916477382183 -0.0131239602342248 0.0055496762506664
vn -5.2149399379728507 -1.6807264192059899 -2.3210352731099544
v -0.0298861619085073 -0.0127358268946409 0.0055162105709314
vn -4.6154083948207543 -3.8469840616466393 -0.5735512536857269
v -0.0297589953988791 -0.0131447166204453 0.0058978986926377
vn -5.7842477912120813 -1.8352709134369594 -0.5934760964684305
v -0.0299605615437031 -0.0127587560564280 0.0059009026736021
vn 1.5128136886493402 -5.9958050062493840 -0.5092628657901294
v 0.0402938462793827 -0.0133921848610044 -0.0042238431051373
vn 1.8489495574900401 -5.8012512041978948 -1.0496116814277929
v 0.0403165556490421 -0.0133502036333084 -0.0045016822405159
vn 2.8017505533257876 -5.1930639945332855 -1.7456021880854418
v 0.0404195673763752 -0.0132929133251309 -0.0045641660690308
vn 0.8252207728046319 -5.8698316723489414 -1.8352246086336961
v 0.0399053879082203 -0.0133473249152303 -0.0048715318553150
vn 0.2813653901810835 -6.2111400262429939 -0.6236680141319364
v 0.0397246219217777 -0.0134185915812850 -0.0045550949871540
vn 3.1240632620426192 -5.2391720050190926 -0.8650150550313866
v 0.0405565164983273 -0.0132827898487449 -0.0042754113674164
vn 3.9190030037231245 -3.8955512365237945 -2.4603039758114731
v 0.0406513921916485 -0.0130709968507290 -0.0047040651552379
vn 4.5020375968488953 -3.9572866151808448 -1.2147326814948691
v 0.0407985933125019 -0.0130775980651379 -0.0043221241794527
vn 4.7589879596852738 -2.1263939067986666 -2.9581712422715261
v 0.0407970286905766 -0.0127905262634158 -0.0047908541746438
vn 5.3615762215356524 -2.7436029547081846 -1.4271249395512429
v 0.0409690327942371 -0.0127939255908132 -0.0043539302423596
vn 5.7267363778774456 -1.7498345822264814 -1.5239398279397611
v 0.0409715361893177 -0.0127875162288547 -0.0043543856590986
vn 5.0772137535006063 -0.0768435499396124 -3.1273711222889045
v 0.0408588014543056 -0.0124302264302969 -0.0048257918097079
vn 5.8648820717934793 -0.2207183111978807 -1.5592480151760435
v 0.0410395078361034 -0.0124552827328444 -0.0043653640896082
vn 4.9257130593419065 1.8059992152493674 -2.9743228184879777
v 0.0408116467297077 -0.0120886126533151 -0.0047943256795406
vn 5.6735839556352365 1.6530407489579029 -1.4983698246138613
v 0.0410000048577785 -0.0121370535343885 -0.0043550049886107
vn 4.4357430080605704 3.4551036116036489 -2.3290285046783579
v 0.0407183133065701 -0.0118673201650381 -0.0047355839051306
vn 5.0424567152109150 3.2432311393958595 -1.3697315728195785
v 0.0408811978995800 -0.0118745546787977 -0.0043292515911162
vn 2.6925233957200434 -0.2050179774162359 -5.4357936019491451
v 0.0401987321674824 -0.0124255400151014 -0.0054280259646475
vn 2.3579593758662001 -2.1467306093864176 -5.1369959454724468
v 0.0401653088629246 -0.0127860428765416 -0.0053666122257710
vn 1.8831744923601867 -3.9231210788389674 -4.2373905992164733
v 0.0400865264236927 -0.0130670014768839 -0.0052174101583660
vn 1.3245510735039820 -5.1370217001903544 -3.1464563850979248
v 0.0399611108005047 -0.0132896890863776 -0.0049781603738666
vn 1.7802027729824390 2.8770099103668803 -4.6172143264902212
v 0.0401732213795185 -0.0120840827003121 -0.0053763515315950
vn 3.8495162560673508 1.8880436337055035 -4.3156373561895069
v 0.0404484234750271 -0.0120854601264000 -0.0051993257366121
vn 3.9115487558119328 -0.0778573251878081 -4.5962069484948893
v 0.0404825843870640 -0.0124269612133503 -0.0052454164251685
vn 3.6636455811366990 -2.1425418434245547 -4.3198597058388843
v 0.0404378287494183 -0.0127874081954360 -0.0051913186907768
vn 3.0009878508816943 -3.9363746123299572 -3.5537832425085143
v 0.0403323136270046 -0.0130682298913598 -0.0050593623891473
vn 2.1652966155499560 -5.1873777984408802 -2.5829088173282817
v 0.0401643626391888 -0.0132907070219517 -0.0048475652001798
vn 1.2750901235632233 -5.8727404836505315 -1.5473832045663265
v 0.0400897301733494 -0.0133482478559017 -0.0047531346790493
vn 0.4517554744164681 -6.2178768381925771 -0.4666850225256332
v 0.0399754010140896 -0.0134201403707266 -0.0043560205958784
vn 0.3938940255384776 -6.2543106959984538 -0.1756101728393673
v 0.0400594510138035 -0.0134215308353305 -0.0041772993281484
vn 0.4413600583545976 -6.2507659464724359 -0.1095499509743894
v 0.0402952693402767 -0.0134326862171292 -0.0027440201956779
vn 1.5820766036225202 -6.0142257188153625 -0.1855960310195099
v 0.0406421758234501 -0.0134116904810071 -0.0017175523098558
vn 0.3846669630904793 -6.2590008575574156 -0.0765564676098969
v 0.0404040403664112 -0.0134408185258508 -0.0016991270240396
vn 0.3834967638628284 -6.2583835433753841 0.0552673256246758
v 0.0400594510138035 -0.0134849250316620 0.0039679319597781
vn 1.5104650346351003 -6.0270904476411564 0.1517304350877446
v 0.0405243821442127 -0.0134454974904656 0.0026263331528753
vn 1.5432642610053366 -6.0197825586022233 0.2887782445234744
v 0.0402930714190006 -0.0134564964100718 0.0040147760882974
vn 3.1719279955739070 -5.3118059974186549 0.3763041489631963
v 0.0407899133861065 -0.0133367860689759 0.0026623532176018
vn 3.1181672860062788 -5.3129551754187165 0.6360128433570315
v 0.0405545718967915 -0.0133488848805428 0.0040678000077605
vn 4.6446012084826753 -4.0332748891320218 0.5787006639993367
v 0.0410346202552319 -0.0131322229281068 0.0026963618583977
vn 4.5577938574073356 -4.0463194452167794 0.9595101973344247
v 0.0407957397401333 -0.0131465978920460 0.0041175032965839
vn 5.5851092531000743 -2.2979103524232967 1.1951467810890193
v 0.0409690104424953 -0.0128601919859648 0.0041543100960553
vn 5.6913894668967293 -2.2626902894194929 0.7310065199599759
v 0.0412094555795193 -0.0128425881266594 0.0027217750903219
vn 6.1134136102351402 -0.2514687664624667 0.8046185210476255
v 0.0412781648337841 -0.0125105325132608 0.0027334610931575
vn 6.0114061135671006 -0.3121970766648935 1.3005597731704754
v 0.0410391278564930 -0.0125312302261591 0.0041708624921739
vn 5.8975534750834351 1.6923983068801958 0.7918836174880786
v 0.0412382371723652 -0.0121921999379992 0.0027306496631354
vn 5.8219406700440146 1.6141252518935820 1.2741027191786904
v 0.0410031937062740 -0.0122146196663380 0.0041661541908979
vn 5.0459620679538668 3.4742220273404572 0.7533621723777060
v 0.0411181338131428 -0.0119293928146362 0.0027167852967978
vn 5.1678578289581321 3.2334167606380095 1.1262625843044221
v 0.0408882386982441 -0.0119516942650080 0.0041452595032752
vn 4.5739083827609708 4.2390329579047199 0.4969960117805658
v 0.0410373695194721 -0.0117433546110988 0.0021093161776662
vn 4.5269402908952348 4.2591632225161247 0.8003499650409034
v 0.0407394208014011 -0.0117654930800200 0.0041170106269419
vn 4.6765913416464535 4.0834889177458233 -0.6672454884644498
v 0.0408360548317432 -0.0117018343880773 -0.0037696014624089
vn 5.7073325952581762 -2.2465472730279559 -0.5352302114980441
v 0.0413311161100864 -0.0128076560795307 -0.0017667971551418
vn 6.1293680537295510 -0.2403144747142382 -0.5585257993367617
v 0.0414002127945423 -0.0124754868447781 -0.0017696223221719
vn 5.9149037025992603 1.6972888701207651 -0.5240542353116984
v 0.0413600616157055 -0.0121572185307741 -0.0017640013247728
vn 5.2176640127559111 3.3240844438202508 -0.3969134302482539
v 0.0412392802536488 -0.0118946097791195 -0.0017524998402223
vn 3.1895463152191645 -5.2982562548908021 -0.3313467627448131
v 0.0409092046320438 -0.0133025404065847 -0.0017376119503751
vn 4.6630062623823454 -4.0145771720936194 -0.4543632976702764
v 0.0411552973091602 -0.0130975749343634 -0.0017552865901962
vn 5.1711492828194539 3.4033941449271206 -0.0654489806641840
v 0.0413035787642002 -0.0119061907753348 -0.0002643657790031
vn 5.9480524645310542 1.6983069948085001 -0.0348615805313225
v 0.0414247326552868 -0.0121688656508923 -0.0002673917915672
vn 6.1654287895919042 -0.2450489473581469 -0.0517418059871994
v 0.0414650030434132 -0.0124871553853154 -0.0002701952762436
vn 5.7388025685751884 -2.2572223614226834 -0.0639550637993367
v 0.0413956977427006 -0.0128192864358425 -0.0002722186327446
vn 4.6846547182381340 -4.0264003084424189 -0.0692019010222697
v 0.0412193499505520 -0.0131091121584177 -0.0002730454143602
vn 3.1993766628770706 -5.3077504417629919 -0.0671636478051004
v 0.0409725047647953 -0.0133139435201883 -0.0002726395032369
vn 1.5444410896839793 -6.0229398211180110 -0.0628482504883062
v 0.0407046638429165 -0.0134229455143213 -0.0002713176654652
vn 0.3982262199931067 -6.2577123831650283 -0.0385483373517652
v 0.0404543690383434 -0.0134586524218321 0.0005923148710281
vn 4.5521796050691643 4.2793933869136422 -0.3764778350848849
v 0.0410760305821896 -0.0117116160690784 -0.0018736182246357
vn 4.5679915167876359 4.2764301734259300 0.0958457366701624
v 0.0411488749086857 -0.0117257535457611 0.0001124898626585
vn 5.1250836967735252 3.4405296989140424 0.3362662350235384
v 0.0412633381783962 -0.0119177801534534 0.0012246895348653
vn 5.9368941868621130 1.6951002768052352 0.3818410611317049
v 0.0413842611014843 -0.0121805220842361 0.0012301598908380
vn 6.1538570700309663 -0.2484297921200143 0.3801871328514348
v 0.0414244569838047 -0.0124988313764334 0.0012301809620112
vn 5.7280268508146612 -2.2604356533616445 0.3380866018895857
v 0.0413552783429623 -0.0128309261053801 0.0012232970912009
vn 4.6758340299938661 -4.0290227488215473 0.2589911883987328
v 0.0411792658269405 -0.0131206540390849 0.0012101024622098
vn 3.1933328978814854 -5.3095378106923983 0.1569691630107568
v 0.0409328900277615 -0.0133253512904048 0.0011931972112507
vn 1.5775972914997789 -6.0197400414005484 0.0539379579976023
v 0.0406655557453632 -0.0134342089295387 0.0011757350293919
vn 0.3833139608010867 -6.2596036276730240 -0.0201861417511025
v 0.0404271744191647 -0.0134630762040615 0.0011607058113441
vn 1.4939541702010957 -5.9952276905425732 0.5854445425135872
v 0.0402715913951397 -0.0134571166709065 0.0040943054482341
vn 0.3465602351125892 -6.2557650043493176 0.1906417909804919
v 0.0400031246244907 -0.0134860035032034 0.0041066301055253
vn 0.4655390977617758 -5.6724761332386056 2.3008938643994963
v 0.0394376255571842 -0.0134154763072729 0.0048255342990160
vn 0.1570783908643740 -6.2177043792555873 0.5910311608104968
v 0.0393900610506535 -0.0134886391460896 0.0044452371075749
vn 0.2174892773365039 -6.2475730202791588 0.3739836554016655
v 0.0398118160665035 -0.0134874749928713 0.0042955772951245
vn 3.3789011366307644 2.5181092330957027 4.4931996831447387
v 0.0403453893959522 -0.0120350914075971 0.0050189276225865
vn 3.6813552865481465 3.3416483906300845 3.4168203376323869
v 0.0405851043760777 -0.0119563769549131 0.0047469809651375
vn 4.1898350738550318 3.5657755761565855 2.7735293109532053
v 0.0406144298613071 -0.0118648735806346 0.0046080970205367
vn 4.8177853271055202 3.1992087738185471 2.0136516780528506
v 0.0408457405865192 -0.0119529198855162 0.0043026958592236
vn 4.4159168626085865 4.2045488029788363 1.3270385873413710
v 0.0407380647957325 -0.0117672942578793 0.0041324188932776
vn 2.9584813966178420 -5.2588841012325194 1.2072821899709330
v 0.0405238606035709 -0.0133497687056661 0.0041815591976047
vn 4.2777776821543325 -3.9771322664202056 1.7647456663158692
v 0.0407565124332905 -0.0131477294489741 0.0042628296650946
vn 5.2023995594854062 -2.2514531888753861 2.1596322335681588
v 0.0409236587584019 -0.0128614995628595 0.0043223178945482
vn 5.5848859219341600 -0.3124041466183651 2.3323119496673126
v 0.0409913025796413 -0.0125326076522470 0.0043480503372848
vn 5.4188876594618520 1.5678953610289992 2.2795978308313267
v 0.0409566350281239 -0.0122159617021680 0.0043386379256845
vn 4.4578742787438959 1.4728826312025896 3.7850654856833934
v 0.0406730808317661 -0.0122197270393372 0.0048223985359073
vn 2.7038787330072021 1.5981423995198254 5.1351087176303629
v 0.0402188561856747 -0.0122225303202868 0.0051828296855092
vn 2.4417557623890889 -0.1669423263118922 5.2375501926591017
v 0.0399411283433437 -0.0122660491615534 0.0053188875317574
vn 1.3465485004285436 -0.4312336568189954 5.9929864184968276
v 0.0395143441855907 -0.0124963913112879 0.0054452368058264
vn 4.5086521460167930 -0.3196339319538194 3.9135471106631483
v 0.0407005883753300 -0.0125364689156413 0.0048441523686051
vn 4.2078076164195268 -2.2283414391547742 3.6384398342419058
v 0.0406469218432903 -0.0128651736304164 0.0047943405807018
vn 3.4773708794287961 -3.9406276142461785 2.9931370062689506
v 0.0405143164098263 -0.0131509397178888 0.0046753524802625
vn 2.4220431020620996 -5.2301660227438918 2.0694414400698897
v 0.0403297431766987 -0.0133523344993591 0.0045112655498087
vn 1.2156920058388536 -5.9849285920693198 1.0304926650369650
v 0.0401296056807041 -0.0134589839726686 0.0043342122808099
vn 2.8118518170581206 -0.3485060971088179 5.2718578339024917
v 0.0402365140616894 -0.0125393355265260 0.0052124760113657
vn 2.6189052307636174 -2.2292179254673896 4.9116907976776059
v 0.0402020551264286 -0.0128679201006889 0.0051472643390298
vn 2.1810712049053511 -3.9481417325762349 4.0417889328445167
v 0.0401169098913670 -0.0131533900275826 0.0049902237951756
vn 1.5267683139532364 -5.2424954906712138 2.7919050027337318
v 0.0399983935058117 -0.0133543731644750 0.0047731725499034
vn 0.6407559254188621 -6.0019787303039198 1.3279963466225833
v 0.0398698784410954 -0.0134605746716261 0.0045386892743409
vn 0.8942050326507582 -4.3050608262956995 4.2419564994305023
v 0.0394779406487942 -0.0132012143731117 0.0051491195335984
vn 1.1925078491145236 -2.3283832214075213 5.4889804657335244
v 0.0395048819482327 -0.0128784747794271 0.0053667305037379
vn 0.1408951891866276 -4.2432160789778539 4.4462156825337180
v -0.0289067551493645 -0.0132678672671318 0.0137142203748226
vn 0.3374521274896591 -2.4007553325983166 5.6101953693167887
v -0.0288798157125711 -0.0129451276734471 0.0139318304136395
vn 0.5796695407197463 -0.6580429880891865 6.1759486202078913
v -0.0288703553378582 -0.0125630432739854 0.0140103371813893
vn 0.3049406191540368 -5.3057165940578148 3.2796840694339715
v -0.0289317686110735 -0.0134218242019415 0.0135133182629943
vn -0.4998013919219843 -5.7341388912665039 2.2640768876381210
v -0.0289470758289099 -0.0134821292012930 0.0133906351402402
vn -0.4041631983511850 -6.0064518629671255 1.4198715802763631
v -0.0289622563868761 -0.0135227683931589 0.0132691105827689
vn -0.6019909734302004 -6.1621088088872868 0.4128198790106028
v -0.0289946366101503 -0.0135552911087871 0.0130103370174766
vn -0.3341325181139801 -5.2879182322966010 3.1706002453126985
v -0.0289946366101503 -0.0134235406294465 0.0135142998769879
vn -2.2939390804436197 -5.6590630235830286 0.2997869138085851
v -0.0293773189187050 -0.0134791722521186 0.0130109302699566
vn -5.6086723136037708 -2.3726177898868017 0.3685935271059776
v -0.0299185160547495 -0.0129379937425256 0.0130151417106390
vn -4.4277555986445458 -4.2146325961026667 0.2700032505621181
v -0.0297017432749271 -0.0132624069228768 0.0130126168951392
vn -4.0087040977836539 -4.4613610001211192 0.8531897851254099
v -0.0296552479267120 -0.0132961310446262 0.0131397470831871
vn -1.8870066535133159 -5.6016508536033180 1.2532364086140877
v -0.0293170362710953 -0.0134750669822097 0.0132420072332025
vn -1.1228942863453213 -5.1982716711629315 3.0293093683184207
v -0.0291974116116762 -0.0134055037051439 0.0135039910674095
vn -2.3023817212555944 -4.7987357240006299 2.9575360256561498
v -0.0293287038803101 -0.0133736617863178 0.0134857939556241
vn -3.4658018913731272 -4.3273655026386475 2.5519020726888524
v -0.0296104010194540 -0.0132394172251225 0.0134090753272176
vn -4.4906719476620660 -3.4911356707926027 2.1530111612222469
v -0.0296791549772024 -0.0131882494315505 0.0133798327296972
vn -5.3280270691415774 -2.3440606863618121 1.3564189846950221
v -0.0298958308994770 -0.0129316188395023 0.0132331699132919
vn -6.1474753601563998 -0.5583339082608813 0.5444163656789165
v -0.0299946367740631 -0.0125553207471967 0.0130181200802326
vn -4.1319534197180330 4.6754329069086591 0.5363692849780987
v -0.0295960735529661 0.0028559132479131 0.0083611281588674
vn -3.9551666587507301 4.8475622458625249 0.4605075246752369
v -0.0295965988188982 0.0030926580075175 0.0060888850130141
vn -4.7231815475839856 4.0319952910424615 0.4996398743323023
v -0.0297293215990067 0.0029729853849858 0.0060782232321799
vn -3.9235431890985204 4.6260381260501990 1.3586576511180084
v -0.0295945964753628 0.0021907920017838 0.0127958981320262
vn -3.9603048135322676 4.8132868913213276 0.6980709650227568
v -0.0295957624912262 0.0027145333588123 0.0094730332493782
vn -4.7082703811694948 3.8793721664251324 1.0809305836382885
v -0.0297632496803999 0.0020330301485956 0.0127673484385014
vn -4.7587379582869067 3.9634603046271888 0.5472422070182108
v -0.0297287572175264 0.0025954740121961 0.0094569623470306
vn -5.4958196699009596 2.7677369347220613 0.7942931953763028
v -0.0298774745315313 0.0018656905740499 0.0127370646223426
vn -5.7323283891483134 2.2757466893035860 0.2932452943500678
v -0.0299251303076744 0.0022855401039124 0.0094151273369789
vn -6.0285075061128515 1.4544657196315953 0.4410093898626438
v -0.0299688261002302 0.0016256428789347 0.0126936230808496
vn -6.2221803191005387 0.6361681155730969 0.0788866921045794
v -0.0299944952130318 0.0019391219830140 0.0093683674931526
vn -6.2586918547272852 0.3717103272572187 0.1163415754786504
v -0.0299946349114180 0.0014035511994734 0.0126534318551421
vn -6.2830688328174551 0.0268509977930177 0.0032645698721012
v -0.0299946349114180 0.0019252724014223 0.0093459356576204
vn -6.2228381788101235 0.6612777232130574 0.2722053763581329
v -0.0299944952130318 0.0023138835094869 0.0060195606201887
vn -5.7702548489785315 2.2189203598147960 0.4191210282545831
v -0.0299252830445766 0.0026616989634931 0.0060505173169076
vn -5.9377045868777483 1.4047892318319142 0.9916377609675662
v -0.0299617517739534 0.0015363257844001 0.0129786636680365
vn -5.8413955913308193 1.1483730549268754 1.5898269641387064
v -0.0299483481794596 0.0013332908274606 0.0132407825440168
vn -5.0010065921182445 1.9529026467759283 2.9668998112975959
v -0.0298095084726810 0.0014891410246491 0.0134720625355840
vn -5.3214967991121345 2.5090689673397137 1.7600727041458264
v -0.0298621766269207 0.0017363127553836 0.0131167378276587
vn -1.7636358957004288 1.6565820455231361 5.6419491696500073
v -0.0292741712182760 0.0012095907004550 0.0140149006620049
vn -0.8185252189530544 1.2824990494107902 6.0557162031097578
v -0.0290927290916443 0.0012194126611575 0.0140493027865887
vn -1.2147554654785748 2.1278686509844542 5.7321786607727150
v -0.0291147120296955 0.0012667331611738 0.0140325622633100
vn -2.8391002774102887 2.8847224212309688 4.6608488967129791
v -0.0294594150036573 0.0016600965755060 0.0137257585301995
vn -2.8333180724614038 3.8899299145559234 3.9077040363944264
v -0.0294134691357613 0.0018889937782660 0.0135690690949559
vn -3.3564718563020284 4.2379234958209437 2.9469093241245741
v -0.0294945538043976 0.0020397959742695 0.0133262109011412
vn -4.3059816295694118 3.6527179599105137 2.3690045620210025
v -0.0297027844935656 0.0019080823985860 0.0132353343069553
vn -2.7429321950513246 1.5362918141995205 5.2878409787183269
v -0.0294461268931627 0.0011911116307601 0.0139495255425572
vn -3.7823601632593098 2.5965284689955830 4.1121933135922752
v -0.0295916441828012 0.0016135858604684 0.0136567382141948
vn -3.7510215963993661 1.4114070661619096 4.6858575214595488
v -0.0296026300638914 0.0011643416946754 0.0138547783717513
vn -4.6735544812382006 1.1247856682897124 3.8080992164778755
v -0.0297383721917868 0.0011301985941827 0.0137339401990175
vn -5.7165454824381507 0.5834005856323067 2.1672474504323058
v -0.0299299210309982 0.0010446874657646 0.0134312920272350
vn -6.2299917538839331 0.2111935014737540 0.5278446827609595
v -0.0299946349114180 0.0010799579322338 0.0130407670512795
vn -6.2481773216596146 0.3501686419229899 0.2995149743773450
v -0.0299946349114180 0.0013134821783751 0.0128529816865921
vn -0.3625596994719498 0.7003249153409690 6.1642644151470787
v -0.0289787631481886 0.0009642796940170 0.0141058908775449
vn -0.5716149160795118 0.2808280147621722 6.1927877535826212
v -0.0290830899029970 0.0007145002600737 0.0141175072640181
vn 0.4186933527711742 0.0954922950329070 6.2539257618713080
v -0.0288703534752131 0.0007145301206037 0.0141136739403009
vn -2.0745450002790089 2.8704858424354476 5.0747396431117586
v -0.0293156150728464 0.0016941925277933 0.0137761496007442
vn -4.0414158719825224 3.3033332467566048 3.2394684019841313
v -0.0296528954058886 0.0017806752584875 0.0134577807039022
vn -1.6853803712979420 0.3704119194578353 5.9605028105545816
v -0.0292486809194088 0.0007147264550440 0.0140886195003986
vn -2.9696492846063594 0.3177277296797116 5.4375448836199602
v -0.0294870864599943 0.0007154777995311 0.0139917703345418
vn -4.3182937451384760 0.2113187155842791 4.3937649688915270
v -0.0296563431620598 0.0007164196576923 0.0138711947947741
vn -5.6284103104575722 0.1032246211712601 2.4227821583323284
v -0.0299227535724640 0.0007193561759777 0.0134937260299921
vn -6.2215165388672276 0.0469117173121278 0.6156748886438513
v -0.0299946349114180 0.0007222526473925 0.0131214568391442
vn -0.1549266046587942 -0.6042683669783756 6.1651761763132376
v -0.0289946366101503 -0.0125631047412753 0.0140180895105004
vn -1.7541561473192662 -0.4168670155919825 5.8655540566327193
v -0.0292486827820539 -0.0125628486275673 0.0139852827414870
vn -5.8682010039391130 -0.5971630272432029 1.8461870573231103
v -0.0299227554351091 -0.0125582190230489 0.0133903892710805
vn -5.5530404148341663 -0.4675690095226042 2.7337948934663752
v -0.0299117695540190 -0.0125584239140153 0.0134166879579425
vn -4.6478287692093119 -0.6265286314607293 4.0192839984027922
v -0.0297268126159906 -0.0125606218352914 0.0136992149055004
vn -4.2287855644159418 -0.7751974016632720 4.5020853883188874
v -0.0296607073396444 -0.0125611256808043 0.0137639855965972
vn -3.6749399130288363 -0.5383494873006811 4.9429243596919683
v -0.0296563450247049 -0.0125611554831266 0.0137678580358624
vn 2.7313069990110304 5.6133578573190466 -0.3796639109540582
v 0.0343501158058643 -0.0061155511066318 -0.0025794366374612
vn 4.0870694112609254 4.7373694349730240 -0.3994490341858793
v 0.0368863232433796 -0.0078390864655375 -0.0024688630364835
vn 1.6480837732737750 5.7473059144338565 1.5732899866791197
v 0.0321488119661808 -0.0056818653829396 0.0051640444435179
vn 2.2133250112607845 5.6690538697225925 1.2631763210171671
v 0.0333874113857746 -0.0060513322241604 0.0050278394483030
vn 1.9067500423304917 5.9353749340711044 0.4845124289498936
v 0.0329238958656788 -0.0055909994989634 0.0025579754728824
vn 2.9238976601316837 5.3521181918854639 1.2170199409566091
v 0.0345646552741528 -0.0065718125551939 0.0048970095813274
vn 1.8752622718517538 5.9643339475610428 0.0446781077926361
v 0.0329374410212040 -0.0054772025905550 -0.0000426088081440
vn 1.8647789726984505 5.9528795494497242 -0.4104976026478483
v 0.0329238958656788 -0.0055505088530481 -0.0026446492411196
vn 4.0390024903355055 4.5355983187763336 1.3642071193695728
v 0.0367500372231007 -0.0081007974222302 0.0046498691663146
vn 4.0863823628349252 4.7295115312887743 0.4813658694366198
v 0.0368863232433796 -0.0078765647485852 0.0023465899284929
vn 3.5137391646537091 5.1479366857877755 0.4889520324952661
v 0.0356783010065556 -0.0069204699248075 0.0024131161626428
vn 4.0860156136433314 4.7534168213805543 0.0370645913156939
v 0.0369346104562283 -0.0077848602086306 -0.0000605688037467
vn 3.5120408250784458 5.1720378247571031 0.0385435649468038
v 0.0357162393629551 -0.0068200565874577 -0.0000530599536432
vn 3.5199678946024990 5.1543986294315243 -0.3872861236339253
v 0.0356783010065556 -0.0068820733577013 -0.0025205002166331
vn 2.7203237675934293 5.6289520275532761 0.0420795897413186
v 0.0343764461576939 -0.0060471016913652 -0.0000470442028018
vn 2.7207848126743985 5.6043675295241151 0.5081481462285226
v 0.0343501158058643 -0.0061549586243927 0.0024839763063937
vn 3.5050620624771813 4.9436484637396259 1.3293641238502636
v 0.0356658957898617 -0.0072357733733952 0.0047732931561768
vn 4.2266461833250242 4.4249125950549679 1.2877704410061408
v 0.0387450940907001 -0.0099331196397543 0.0043835439719260
vn -3.7214087341774973 -3.7862995746071806 2.4329813751158458
v 0.0307382438331842 -0.0096309892833233 0.0058019687421620
vn -3.0963195325376991 -4.4118405035652586 2.2945371059695585
v 0.0290615651756525 -0.0080912718549371 0.0060239667072892
vn -0.2114632472876282 -1.9662907633716544 5.5000193590082009
v 0.0291883815079927 -0.0072865881957114 0.0067791761830449
vn 0.1860742196203276 -2.1568240124486220 5.4117966949350542
v 0.0286887530237436 -0.0071300663985312 0.0068429759703577
vn -0.8825465053709423 -5.3293194672109401 2.2808442288671222
v 0.0284910593181849 -0.0078158322721720 0.0061430442146957
vn -1.9281033071545286 -5.0944216761891941 2.3311575901548585
v 0.0287963990122080 -0.0079113021492958 0.0060797175392509
vn -0.7143023992429975 -1.7997983645118898 5.4582698691213718
v 0.0296223107725382 -0.0075813666917384 0.0067225289531052
vn -0.2165195084311012 -5.4566339256990943 2.1770271714303480
v -0.0086513161659241 -0.0019036388257518 0.0108413770794868
vn 1.8215231973302584 -1.7120633076445093 5.3408800485329975
v -0.0102288722991943 -0.0017177774570882 0.0117597794160247
vn 3.3271638240247050 -4.4144235592377123 2.2046167210779215
v -0.0098617151379585 -0.0022450319956988 0.0110610816627741
vn 1.4480122799557182 -1.9546420635342934 5.3520278285985849
v -0.0093991756439209 -0.0012740611564368 0.0116593074053526
vn 2.1814077034128778 -5.1128698861413522 2.2218218442083439
v -0.0092960260808468 -0.0019422584446147 0.0109595162793994
vn 0.4540740776373863 -2.2102534333976909 5.3706832168876595
v -0.0084536224603653 -0.0012178731849417 0.0115413088351488
vn 0.7329788141711033 -5.4509699622130112 2.2213271593580028
v -0.0089691244065762 -0.0018873590743169 0.0108998883515596
vn 0.8068591959350102 -2.1269912611539663 5.4070996561025115
v -0.0089197307825089 -0.0011937926756218 0.0115998787805438
vn 1.1343848261587217 -2.1200105560934936 5.3343383708428584
v -0.0093936473131180 -0.0012725043343380 0.0116586275398731
vn 5.5391724406854133 -0.5794192466886319 2.1748332699477775
v -0.0124946357682347 -0.0051848413422704 0.0113987857475877
vn 5.2454955085096167 -1.9219194511300783 2.2142368132301775
v -0.0123581150546670 -0.0045598205178976 0.0113785695284605
vn 4.5764782064701972 -3.1654472760059025 2.1674170854148427
v -0.0121907377615571 -0.0042792372405529 0.0113500049337745
vn 3.9880887754941332 -3.8467258114069161 2.1034497927387572
v -0.0119678201153874 -0.0040426715277135 0.0113108940422535
vn 2.6439550607702609 -0.2406088340199159 5.2892391213966858
v -0.0131076397374272 -0.0051902472041547 0.0120933372527361
vn 2.0964722955712762 -1.5417001981910241 5.2731893641498369
v -0.0123349772766232 -0.0035154169891030 0.0120095917955041
vn 2.2648087884372181 -1.2414876995478774 5.3185641198512492
v -0.0126619720831513 -0.0038622755091637 0.0120478495955467
vn 2.4662721331694866 -0.7593908316577673 5.3448258029938422
v -0.0129073830321431 -0.0042736125178635 0.0120753878727555
vn 3.9294878485718638 3.8844488563780226 2.8001936706500588
v 0.0386806093156338 -0.0100688235834241 0.0048381043598056
vn 3.1847718690213789 2.7961176112750024 4.5023540214206781
v 0.0384977944195271 -0.0103283263742924 0.0052579911425710
vn 2.0151253519050916 1.3912523615963297 5.6887094581890434
v 0.0382036752998829 -0.0106911454349756 0.0055540762841702
vn 2.3334031015786292 1.9619163728715590 5.3635298120447406
v 0.0363697372376919 -0.0086661418899894 0.0056893564760685
vn 1.2747686828111786 0.5385977302784996 6.0786556650743222
v 0.0359183512628078 -0.0091923950240016 0.0059213726781309
vn 1.0975996008672551 0.3706941808764258 6.1523981384858173
v 0.0377164147794247 -0.0108442930504680 0.0056832968257368
vn 3.2012079150912451 3.0832692397258215 4.3528115945543027
v 0.0365228913724422 -0.0084703145548701 0.0054911412298679
vn 3.7834455438887762 3.9357785589535146 2.9002637689120077
v 0.0366662554442883 -0.0082673709839582 0.0051696989685297
vn 0.9890899676355638 0.4559456654954487 6.1634728584657292
v 0.0334834270179272 -0.0076233725994825 0.0062385732308030
vn 1.0470583058476286 0.4238603197789536 6.1563861183408246
v 0.0344863571226597 -0.0081329764798284 0.0061089834198356
vn 1.7830194332725204 1.7793953777763418 5.6351686890188670
v 0.0347254015505314 -0.0077049420215189 0.0059974412433803
vn 1.4037859635364991 5.2234443973021971 2.9577576809452428
v 0.0314933620393276 -0.0057270824909210 0.0057404628023505
vn 3.6256730656906209 4.2951141928524006 2.4216828835144746
v 0.0359067283570766 -0.0075579346157610 0.0051460433751345
vn 1.1980882653812337 0.4061482365759553 6.1217957022074554
v 0.0353528372943401 -0.0087193371728063 0.0059958877973258
vn 1.9931506827283194 1.5960217108393571 5.6119045624924837
v 0.0355104394257069 -0.0082260919734836 0.0058950539678335
vn 0.9367478547152087 0.4793354306362692 6.1694521534803917
v 0.0328644104301929 -0.0073851044289768 0.0063179638236761
vn 1.5980493834503440 1.8711288619724180 5.6598748448873195
v 0.0338888727128506 -0.0072658113203943 0.0061056390404701
vn 1.1453524620217883 2.0758231176373294 5.7017455773629635
v 0.0314548723399639 -0.0065053226426244 0.0064076068811119
vn 0.8869102797780707 0.5087886213933922 6.1730609369637230
v 0.0313864089548588 -0.0070198397152126 0.0065059354528785
vn 1.9318997795134694 5.1284302710356533 2.7355666455768395
v 0.0331879220902920 -0.0061311027966440 0.0054976963438094
vn 1.3758235600705033 3.8953686401991474 4.5777106500717224
v 0.0314918048679829 -0.0060569979250431 0.0061400840058923
vn 1.7943499937165375 3.7809566650490427 4.4920759854405379
v 0.0331303663551807 -0.0064620561897755 0.0059317052364349
vn 1.3618144178109819 1.9751568345009387 5.6823111326398790
v 0.0330122523009777 -0.0069150109775364 0.0062181712128222
vn 2.5961508118044052 3.4173698864527928 4.4049404217253034
v 0.0349311046302319 -0.0072923661209643 0.0056996890343726
vn 2.2363651293563098 3.6062386883263962 4.4514777233949587
v 0.0340518169105053 -0.0068307886831462 0.0058134174905717
vn 3.1619062692997657 4.6168935559378275 2.4539449505995257
v 0.0350523255765438 -0.0069907596334815 0.0052574775181711
vn 2.5757065527430965 4.8843796028443913 2.7111592051459392
v 0.0341419614851475 -0.0065128658898175 0.0053752255626023
vn 2.9104623104650935 3.1981901095380962 4.3788804272114010
v 0.0357563160359859 -0.0078401705250144 0.0055920630693436
vn 1.2173639033244124 5.3150944392323174 2.9284434788789739
v 0.0028514375444502 -0.0011445480631664 0.0093362946063280
vn 1.2085745946097559 3.9163615346062892 4.6215459378054833
v 0.0028504540678114 -0.0014895342756063 0.0097631048411131
vn 1.0497701493097678 2.0182331176251780 5.7522159699197086
v 0.0028101799543947 -0.0019618454389274 0.0100397011265159
vn 0.8575392627403632 0.4719756369064148 6.1839283895112747
v 0.0019400786841288 -0.0023241569288075 0.0102308206260204
vn 1.2146870676121078 5.3132901162098936 2.9332402630788588
v -0.0119480900466442 0.0012133750133216 0.0112083805724978
vn 0.7069714597001117 5.4836744650429630 2.6546586960020147
v -0.0261426717042923 0.0035268499050289 0.0128957014530897
vn 1.2040087962745740 3.9173863584329514 4.6211325554453175
v -0.0119490586221218 0.0008683850755915 0.0116351898759604
vn 0.8288681966146665 4.1862037380175003 4.3576675179253836
v -0.0261359568685293 0.0031856510322541 0.0133783817291260
vn 1.0476783756562815 2.0201184938557124 5.7518549553424352
v -0.0119893103837967 0.0003960703033954 0.0119117833673954
vn 0.8517949811740946 2.2285653072601144 5.6592316398626910
v -0.0261752102524042 0.0026878768112510 0.0136948041617870
vn 0.8006909589444269 0.5526717406781186 6.1775578573822667
v -0.0262455195188522 0.0021659054327756 0.0137961916625500
vn 0.2751740937630293 1.0500028825592114 6.1391601598190251
v -0.0275648068636656 0.0020603626035154 0.0139395706355572
vn 0.6355942568431208 0.1865433002353935 6.2419772045817679
v -0.0274080764502287 0.0018602029886097 0.0139394309371710
vn 0.6387336744911802 0.5614005763109705 6.1926126787264657
v -0.0268579386174679 0.0021344847045839 0.0138726569712162
vn -1.9844571279498511 5.6547594667140446 1.4827526717412289
v -0.0276159644126892 0.0035183825530112 0.0126431314274669
vn -2.9504821267649657 5.2805483270243192 1.3606590452510403
v -0.0282109379768372 0.0032450200524181 0.0126592386513948
vn -2.3860316885753865 4.7837269413927697 2.9199113614199224
v -0.0281362906098366 0.0031033540144563 0.0131421182304621
vn -0.0971539769222408 5.9726448321614551 1.5636476209843262
v -0.0269217453896999 0.0036625957582146 0.0126093188300729
vn -0.7467274893334596 5.2753559697160117 2.8729538562460402
v -0.0271662641316652 0.0035019512288272 0.0130237182602286
vn -0.9631059405420230 6.0128631916826407 1.4198696832398712
v -0.0272396318614483 0.0036177148576826 0.0126265920698643
vn -1.3828682206859395 5.9255317068355033 1.3868501780940246
v -0.0272696986794472 0.0036116635892540 0.0126280728727579
vn -0.3115319930402426 4.0753822706407856 4.4128752762078278
v -0.0270378440618515 0.0031636757776141 0.0134911779314280
vn 0.2424528971042639 2.2209106714769042 5.6822949626251091
v -0.0268984548747540 0.0026701872702688 0.0137852570042014
vn -3.5409862692477310 4.9599736165442403 1.3396907027364882
v -0.0284946039319038 0.0030531531665474 0.0126613052561879
vn -2.9754090237132802 4.4676728100868015 3.0044975895108537
v -0.0283493623137474 0.0029462496750057 0.0131776072084904
vn -1.4665014955736488 3.6694705860149921 4.6218467670171881
v -0.0278937909752131 0.0028119080234319 0.0135956527665257
vn -1.9312536244395910 3.3350440704857056 4.7972051250387482
v -0.0280810035765171 0.0026712478138506 0.0136223705485463
vn -0.3616026650280999 1.9286784746531729 5.8036117628553523
v -0.0275869481265545 0.0023871646262705 0.0138692930340767
vn -0.6354014823348035 1.9401960488798493 5.8479230778115276
v -0.0277391690760851 0.0022753605153412 0.0138892931863666
vn 0.6224861075104319 0.1552813259730639 6.2450041724096854
v -0.0281392782926559 0.0012874521780759 0.0140265608206391
vn 0.1115886315016310 0.8011177842135272 6.2049797061531411
v -0.0282960552722216 0.0014875706983730 0.0140267061069608
vn -0.7877602921337583 1.9158630020943375 5.8609598970231618
v -0.0284704640507698 0.0017025349661708 0.0139764333143830
vn -1.9645801154050269 3.3045280507455921 4.8233283935909128
v -0.0288123860955238 0.0020983512513340 0.0137095227837563
vn -3.0956395369486787 4.3988756156228943 3.0151716637420369
v -0.0290808063000441 0.0023733084090054 0.0132647650316358
vn -3.6537492925474111 4.8811247392360135 1.3782603982753268
v -0.0290449410676956 0.0026217820122838 0.0127286389470100
vn -0.9466666020694627 -1.5954604973174360 5.4830751799369537
v 0.0312989912927151 -0.0091210836544633 0.0065005309879780
vn 0.5220689132352905 2.0994392518700198 5.4252059080246724
v 0.0304868537932634 -0.0112052308395505 0.0065860366448760
vn 0.0900972488971490 1.9584270474548280 5.5230786751646264
v 0.0308408830314875 -0.0111515233293176 0.0065421094186604
vn 0.2178735605537812 5.3541675892957947 2.3034193278495456
v 0.0303998533636332 -0.0104998461902142 0.0058969319798052
vn -0.2210890344158562 5.4774214683367752 2.2238552968532055
v 0.0304797235876322 -0.0104932449758053 0.0058729662559927
vn -1.3825597596108139 5.2529134577666214 2.3313980940619166
v 0.0305725354701281 -0.0104686543345451 0.0058452473022044
vn -0.5043906402275469 1.7333867529475331 5.5497674321512918
v 0.0311672035604715 -0.0109928585588932 0.0065024713985622
vn -2.5110522917620552 4.7696840512032104 2.3628947726438891
v 0.0306921247392893 -0.0104047441855073 0.0058097778819501
vn -3.5830493870245332 3.9749451702217646 2.4319034672192448
v 0.0307530183345079 -0.0103529701009393 0.0057918652892113
vn -1.0126618311603643 1.3120640039522118 5.5770897736127232
v 0.0314306877553463 -0.0107455579563975 0.0064713926985860
vn -4.7443586963390487 2.4932162077053768 2.5135568304764235
v 0.0308454651385546 -0.0102253947407007 0.0057650469243526
vn -1.3459170787112309 0.7291995978726461 5.6119180997203726
v 0.0316075719892979 -0.0104325944557786 0.0064516724087298
vn -1.4858923962348514 0.1118015571772180 5.6199471044017351
v 0.0316845066845417 -0.0100818872451782 0.0064447657205164
vn -5.3522935979339996 0.0736788900747864 2.5324210364884956
v 0.0308998543769121 -0.0099986903369427 0.0057504307478666
vn -1.4449981554245768 -0.5646133443970126 5.5961297789135722
v 0.0316530726850033 -0.0097227664664388 0.0064514973200858
vn -4.7660853165353938 -2.4658337781123771 2.4949551291428604
v 0.0308561418205500 -0.0097947074100375 0.0057652066461742
vn -1.1797528583802055 -1.1673280444784184 5.5738170998825316
v 0.0315179489552975 -0.0093901418149471 0.0064710113219917
vn 0.9227763349593321 5.4223418003112984 2.2427256618602986
v -0.0113946357741952 -0.0105405813083053 0.0111316414549947
vn 0.8912519622317250 2.0551287547613426 5.4123409302508874
v -0.0113076400011778 -0.0112459659576416 0.0118207447230816
vn 5.5330808128594953 0.3266699324347952 2.1510964889650763
v -0.0124946357682347 -0.0094423694536090 0.0113656502217054
vn 2.6637118449658210 0.1331629204069205 5.2747284473703679
v -0.0131076397374272 -0.0094477739185095 0.0120602026581764
vn 5.4354628217577687 1.1968265416191874 2.1896347920416135
v -0.0124558592215180 -0.0097321560606360 0.0113554755225778
vn 2.4371014081727274 0.6875519731370181 5.3738719820169614
v -0.0129727656021714 -0.0101304957643151 0.0120379943400621
vn 5.0327511129766664 2.3666822274148926 2.2253883980227793
v -0.0123961465433240 -0.0098969824612141 0.0113420877605677
vn 2.0334950888655059 1.3011523860626981 5.4253067064454683
v -0.0125826466828585 -0.0107183856889606 0.0119845541194081
vn 4.1267081126317056 3.7277997790020669 2.2905277178931622
v -0.0121704423800111 -0.0102216005325317 0.0112928608432412
vn 1.4399307172765572 1.7485879195221241 5.4702812999344577
v -0.0119921322911978 -0.0111110089346766 0.0119075328111649
vn 2.5014296453537983 4.9378987189814403 2.3244336292993681
v -0.0118057029321790 -0.0104615222662687 0.0112166944891214
vn -0.0011628974924149 2.8709008813957126 3.1370962099702200
v -0.0304946340620518 -0.0014224511105567 -0.0040111718699336
vn 0.9363449333385144 2.8340259132233148 2.9768836117894288
v -0.0315803959965706 -0.0014236225979403 -0.0038609975017607
vn 0.7682516723998716 0.6180833706854154 -6.1917164761334078
v -0.0310479197651148 0.0010992231545970 0.0039702444337308
vn 0.0059692333381523 2.8905619720900435 -3.0886761221625871
v -0.0304946340620518 -0.0014847115380690 0.0039885859005153
vn 1.5433982055811337 0.5189044225096281 -6.0583940634230702
v -0.0317069329321384 0.0007972976309247 0.0038181967101991
vn 0.9256736018524226 2.8427548812455883 -2.9307438605532110
v -0.0315803959965706 -0.0014835435431451 0.0038384112995118
vn 2.5455163136323682 0.4686002588707253 -5.7182460020137365
v -0.0322888456285000 0.0004189593310002 0.0035784137435257
vn 0.0823177344421088 0.4276724193233372 -6.2535344345351973
v -0.0308099240064621 0.0012687809066847 0.0039975699037313
vn -0.2702696158317872 0.3187342091818591 -6.2552849411547538
v -0.0305650457739830 0.0016400567255914 0.0040122852660716
vn -0.5683241464915607 0.3543370108368162 -6.2420602389135951
v -0.0304946340620518 0.0017531357007101 0.0040137851610780
vn 4.8737781922126926 0.7481828829852303 -3.8690636747629079
v -0.0337056405842304 -0.0007141918176785 0.0023798584006727
vn 1.9392082732046394 2.8262997644958316 -2.3763358780112878
v -0.0330924279987812 -0.0014772552531213 0.0030302386730909
vn 2.7644205887804527 2.9654506984429636 -1.4075484010173824
v -0.0341272093355656 -0.0014666166389361 0.0016632952028885
vn 4.2925184070113822 0.4408155628085647 -4.5568696412282854
v -0.0332828238606453 -0.0003807700122707 0.0028653715271503
vn 3.7978844585792606 0.0486464371731710 -4.9697153271208432
v -0.0330902151763439 -0.0002274773578392 0.0030419519171119
vn 3.2912499969757758 0.6450568018788216 -5.3008048217019272
v -0.0328052267432213 0.0000008500688864 0.0032653089147061
vn 3.1315101036079680 3.0150436553149005 0.0217693493760341
v -0.0344946347177029 -0.0014535808004439 -0.0000112930092655
vn 2.7863996106444406 2.9830040132849684 1.4226945920121017
v -0.0341272093355656 -0.0014405488036573 -0.0016858812887222
vn 1.9563812645859009 2.8247699724880113 2.4139789515677781
v -0.0330924279987812 -0.0014299104223028 -0.0030528246425092
vn -0.9501964149145338 2.8239395927782445 -2.9225006882264362
v -0.0294088721275330 -0.0014835437759757 0.0038384112995118
vn -0.7267269016596622 0.3509558629450955 -6.2274075165207243
v -0.0302957277745008 0.0020379105117172 0.0040110526606441
vn -0.9499636327603225 2.8032842109129357 2.9697773820479183
v -0.0294088721275330 -0.0014236228307709 -0.0038609977345914
vn -2.0000419078716178 2.7365219128935938 2.3568555823784578
v -0.0278968419879675 -0.0014299111207947 -0.0030528246425092
vn -2.7945457414581973 2.7238843355483495 1.2955770923701990
v -0.0268620606511831 -0.0014405497349799 -0.0016858812887222
vn -3.0701735806478840 2.7209662016954970 0.0292449373042322
v -0.0264946334064007 -0.0014535818481818 -0.0000112930165415
vn -6.2109053985999774 -0.2894443475742910 0.4823098282367490
v -0.0264949090778828 0.0042059756815434 0.0000409239255532
vn -6.1196516919060766 0.4812100122750780 1.2587404897586674
v -0.0266258455812931 0.0042308168485761 -0.0009830554481596
vn -5.3355284516651409 0.6735029738744140 -3.2092207744980961
v -0.0271251443773508 0.0042399293743074 0.0021886676549911
vn -5.6080013867235383 0.5633429639889665 -2.7481492125714015
v -0.0268620178103447 0.0042384723201394 0.0017076013609767
vn -2.7918412840018858 2.7492006816912808 -1.2618188348277646
v -0.0268620606511831 -0.0014666174538434 0.0016632950864732
vn -5.9191290266672238 0.7212636488641180 -1.9029340358875781
v -0.0267667472362518 0.0042300857603550 0.0014831160660833
vn -6.2060892602871203 0.4430370224760183 -0.7588066151851336
v -0.0265020504593849 0.0042050895281136 0.0002720707270782
vn -3.9503793952382646 0.5604958086771840 -4.8353531830503229
v -0.0280188601464033 0.0039859036915004 0.0031728793401271
vn -4.2708690938557261 0.4175883853156299 -4.5790502166284295
v -0.0278993304818869 0.0040450291708112 0.0030753414612263
vn -1.9923522304761749 2.7584936460603440 -2.3175201645144892
v -0.0278968419879675 -0.0014772559516132 0.0030302386730909
vn -4.6075594547986434 0.5546639964492268 -4.2196056690616297
v -0.0276160091161728 0.0041523519903421 0.0028097426984459
vn -5.0839168567311885 0.6073040840801756 -3.6235577284281528
v -0.0271494667977095 0.0042383573018014 0.0022262122947723
vn -1.2818439917612825 0.4697007054882704 -6.1220549848905250
v -0.0300811436027288 0.0022663001436740 0.0039963494054973
vn -2.4274178226914289 0.5580749931865109 -5.7528799703909055
v -0.0292604323476553 0.0029768468812108 0.0038281327579170
vn -3.4143742934017483 0.5574062583211551 -5.2319834813148205
v -0.0284782703965902 0.0036659373436123 0.0034832579549402
vn -1.8003965804669060 5.6828921892763731 -1.6354756291781363
v -0.0342230275273323 -0.0002544376766309 0.0025262478739023
vn 4.4905091912614710 1.5336400307927438 -4.0689922393659055
v -0.0337492749094963 -0.0005945989978500 0.0023506425786763
vn 3.6194694363162716 2.9222866788417030 -4.1750857101018202
v -0.0338173210620880 -0.0004833270504605 0.0023437705822289
vn 2.4975911409479861 4.1114616533644304 -3.9905014754321915
v -0.0339051298797131 -0.0003879650612362 0.0023597027175128
vn 1.2587816438328199 5.0201862490318421 -3.5031908122625719
v -0.0340067185461521 -0.0003150237316731 0.0023973579518497
vn 2.8938622770884082 1.3704742352873802 -5.3726388349096181
v -0.0328640416264534 0.0001056663895724 0.0032428097911179
vn 3.7492378138185072 1.4235004800429119 -4.7943365465160008
v -0.0333349667489529 -0.0002686409279704 0.0028379028663039
vn -2.9853754143576396 5.3835010170291886 -0.8403712527471603
v -0.0327737294137478 0.0008339429041371 0.0039417762309313
vn -2.1243023204162346 5.5248447290827363 -1.8095665691392193
v -0.0337779559195042 0.0000626085238764 0.0030522723682225
vn -2.2456410171080607 5.2500335260651845 -2.2241043689361271
v -0.0332709997892380 0.0004280586144887 0.0034905197098851
vn 1.9776103344696527 2.5871972116820237 -5.3395360785914896
v -0.0329366177320480 0.0002040200051852 0.0032460654620081
vn 2.8243082936681931 2.7528849091020282 -4.8516336601998269
v -0.0334061458706856 -0.0001638906833250 0.0028352050576359
vn 0.9427086675909773 3.6675482146601839 -4.9772502258946831
v -0.0330186076462269 0.0002900310500991 0.0032748787198216
vn 1.7451284265237068 3.8921991879415208 -4.5713381994586113
v -0.0334917791187763 -0.0000732432381483 0.0028574538882822
vn -0.4378715924285382 4.6417410381948887 -4.0994311385501465
v -0.0331051126122475 0.0003585586382542 0.0033275319729000
vn 0.5563772785824330 4.8207317942011576 -3.9368212041224777
v -0.0335863679647446 -0.0000025109754915 0.0029032281599939
vn -0.5922993055675895 5.3704382511206274 -3.1359029461432861
v -0.0336838476359844 0.0000437617745774 0.0029695865232497
vn -0.1692063139604895 5.5903923607191901 -2.7845870558788013
v -0.0341151505708694 -0.0002694778377190 0.0024541642051190
vn 2.0588768028539102 1.3572766517470889 -5.7450565921748673
v -0.0323519483208656 0.0005169334472157 0.0035629693884403
vn 1.2153619036704018 2.5816087732188877 -5.5598532678568500
v -0.0324274525046349 0.0006133638671599 0.0035741683095694
vn 0.3212407020651887 3.5751339220927854 -5.1150526779713541
v -0.0325008928775787 0.0006909556104802 0.0036081878934056
vn -0.6694940358363355 4.3854725603742875 -4.3979102164576762
v -0.0325785093009472 0.0007573781185783 0.0036663506180048
vn -1.6193277013796394 4.9811194933777907 -3.3924085202586998
v -0.0326525084674358 0.0008049039752223 0.0037443530745804
vn -2.4448809602119645 5.3311653134240986 -2.1007440339563033
v -0.0327241793274879 0.0008321135537699 0.0038467585109174
vn -4.2622457240276450 4.5852961734439912 0.3675912379205074
v -0.0264174453914165 0.0045060692355037 -0.0003659426292870
vn -4.9448772237637568 3.7608724810348617 -0.1900742418524266
v -0.0264050178229809 0.0044995145872235 0.0002781767398119
vn -3.2932984767709463 5.2555430169714343 -0.1912654505659630
v -0.0262712389230728 0.0046249451115727 0.0002863191184588
vn -1.1048565678566282 6.0827950704046172 -0.3384364927291736
v -0.0261951442807913 0.0046996232122183 0.0009785188594833
vn -1.3916784396152433 5.9567589419867719 -0.7199999734892000
v -0.0264166202396154 0.0047095241025090 0.0016007096273825
vn -3.1923090880729061 5.2599094191816160 -0.8194908648390895
v -0.0263622086495161 0.0046308082528412 0.0009426585747860
vn -3.4450832223069212 4.9664572939452523 -1.4777705636442668
v -0.0265953876078129 0.0046098008751869 0.0015351101756096
vn -4.1402157141091323 4.5666519315502114 -1.1559074948451007
v -0.0264935139566660 0.0045055691152811 0.0009157325839624
vn -4.6049891266770731 3.8281009751358832 -1.8282989769720861
v -0.0266720522195101 0.0045235301367939 0.0015086379135028
vn -5.4534753064127877 2.3223523916391482 -1.9299042806459425
v -0.0267198272049427 0.0044395895674825 0.0014932984486222
vn -5.9637193277177589 1.7358130003255472 -0.3588243759268863
v -0.0264852121472359 0.0043323133140802 0.0002732052525971
vn -3.2799220428858686 5.2503461202499331 0.4252238113433334
v -0.0262840148061514 0.0046316389925778 -0.0003767848538700
vn -1.1899323381683942 6.0801734889369481 -0.0838081933895261
v -0.0261005982756615 0.0046938862651587 0.0002966153551824
vn -1.2619071285339210 6.0741980330629275 0.2482302628749516
v -0.0261138770729303 0.0047007924877107 -0.0003923425683752
vn -5.8308574617088293 1.7819751654746283 1.2797227129319424
v -0.0266086664050817 0.0043578706681728 -0.0009827298345044
vn -4.8097766264337185 3.6803068726161894 1.3816390367339952
v -0.0265299305319786 0.0045250253751874 -0.0009970469400287
vn -3.1614186903737411 5.2412772440848077 1.0211970638565286
v -0.0263996422290802 0.0046506798826158 -0.0010264863958582
vn -1.0904207105327957 6.0725564287787712 0.5171602058112061
v -0.0262340493500233 0.0047201262786984 -0.0010673407232389
vn 0.6394224574300199 3.5535654900179665 -5.1185761308584832
v -0.0204470977187157 0.0033687311224639 0.0041119353845716
vn 0.3642548916866951 2.6040302337354677 -5.6828722475580840
v -0.0204609148204327 0.0032890285365283 0.0040667955763638
vn 1.5142649739768546 2.4851269235810411 -5.4889555104778296
v -0.0211976058781147 0.0034317290410399 0.0040047634392977
vn 0.1049653324625540 1.3808296452144186 -6.1028968061922138
v -0.0204741358757019 0.0032126521691680 0.0040399073623121
vn 1.5526855092378358 4.4467657397226006 -4.0292722051703072
v -0.0211894176900387 0.0035919724032283 0.0041213738732040
vn 0.8207908016361291 4.7037429821513435 -4.0055140680043149
v -0.0204327329993248 0.0034513839054853 0.0041844006627798
vn 0.9846220549799820 5.7635074519525737 -1.9987915854189435
v -0.0204146765172482 0.0035546403378248 0.0043575940653682
vn 1.4108811308305340 5.7039643541090221 -1.9210426381458334
v -0.0212010480463505 0.0036964579485357 0.0042895707301795
vn 3.3254996861362134 0.6374563955028839 -5.2713438558528516
v -0.0225781574845314 0.0035392860881984 0.0034421861637384
vn 2.4582790814087625 2.3914632680753041 -5.1736740567442032
v -0.0219150669872761 0.0035797539167106 0.0038079640362412
vn 2.3649004776441185 0.6721521882668251 -5.7599162280065030
v -0.0219329409301281 0.0033929136116058 0.0037592493463308
vn 1.0689562793148082 0.6102401458288919 -6.1415770078326846
v -0.0211079679429531 0.0032186252065003 0.0039778877981007
vn 0.0536592026909318 0.4278697654173307 -6.2551263618118167
v -0.0204946324229240 0.0030940191354603 0.0040242210961878
vn 3.9392385298662158 0.4694047535729782 -4.8612675491787876
v -0.0230922438204288 0.0036622148472816 0.0030703947413713
vn 4.2219120332594056 2.2378114531174571 -3.9642726076487969
v -0.0232126284390688 0.0038701992016286 0.0030116199050099
vn 3.3923757968254153 2.3402156038538693 -4.6480270009068017
v -0.0225939340889454 0.0037280071992427 0.0034765785094351
vn 4.5181519834996493 0.6358844730412407 -4.3008390121718216
v -0.0232100579887629 0.0036911158822477 0.0029660158324987
vn 5.0983792854684173 0.6383823217741130 -3.5824180936259244
v -0.0237325727939606 0.0038226130418479 0.0023784020449966
vn 4.8690516646057000 2.2522656634809231 -3.1460397933377369
v -0.0237456969916821 0.0039985659532249 0.0024173536803573
vn 5.7190763075378435 0.5817133112555878 -2.4836795327565451
v -0.0241408441215754 0.0039301891811192 0.0016750619979575
vn 5.3891913075133493 2.2171217442811444 -2.1805532257466074
v -0.0241628549993038 0.0041036913171411 0.0017041375394911
vn 6.1032103560513429 0.5758262266182586 -1.2779066264625871
v -0.0244034081697464 0.0040033818222582 0.0008799715433270
vn 5.7181257746188052 2.1914394305448783 -1.1124191765629194
v -0.0244316030293703 0.0041753849945962 0.0008959705592133
vn 6.2363631717723376 0.5601379674924037 0.0013159147970356
v -0.0244946293532848 0.0040335035882890 0.0000322882260662
vn 5.8315144775966683 2.1765097508700952 0.0134907994894513
v -0.0245250184088945 0.0042050643824041 0.0000336232405971
vn 6.1042236081238723 0.5594688528287308 1.2812693370957227
v -0.0244038328528404 0.0040166988037527 -0.0008162885205820
vn 5.7195448278226753 2.1725994469088041 1.1402356864841714
v -0.0244320407509804 0.0041889273561537 -0.0008295931620523
vn 5.7207362479717823 0.5498011850434396 2.4879795562832445
v -0.0241416413336992 0.0039559849537909 -0.0016123637324199
vn 5.3912460075044937 2.1804029465622765 2.2106238690599178
v -0.0241636540740728 0.0041299108415842 -0.0016387567156926
vn 5.1007327365465640 0.5916995781388001 3.5879756942518695
v -0.0237334817647934 0.0038593898061663 -0.0023173512890935
vn 4.8713317099707165 2.1992598093140519 3.1779353086987481
v -0.0237466245889664 0.0040359161794186 -0.0023535417858511
vn 4.4795739150437139 0.6758778502149634 4.3407904479252402
v -0.0232110749930143 0.0037370671052486 -0.0029071294702590
vn 4.2256744191638775 2.1725302194709357 3.9949766461047789
v -0.0232136752456427 0.0039168368093669 -0.0029499174561352
vn 4.0312794478762886 0.5202482007270182 4.7808237446220350
v -0.0230922400951385 0.0037096205633134 -0.0030129856895655
vn 3.3660562320108336 2.2558372091565806 4.7042152879504027
v -0.0225948542356491 0.0037818583659828 -0.0034171952866018
vn 3.3560065679243807 0.5733772401629597 5.2598545111283777
v -0.0226028859615326 0.0035983384586871 -0.0033714026212692
vn 2.3992266051070477 0.5823795907962716 5.7568593700593187
v -0.0219335369765759 0.0034511378034949 -0.0037055017892271
vn 2.4637972093188147 2.3073451014816468 5.2070777235046588
v -0.0219154767692089 0.0036386717110872 -0.0037513705901802
vn 1.2728435108123450 0.5864414591768631 6.1042016763877189
v -0.0212243981659412 0.0033020188566297 -0.0039072800427675
vn 1.4700000508211903 2.3533177907109648 5.5459310289057075
v -0.0211976282298565 0.0034936487209052 -0.0039508370682597
vn 0.1517435688263282 0.6020606349354463 6.2317426015910105
v -0.0204946324229240 0.0031562796793878 -0.0039755366742611
vn 0.5432774568810878 2.3726658546133788 5.7034095381590770
v -0.0204609148204327 0.0033519265707582 -0.0040150703862309
vn 2.3058396577315312 4.3601405632339763 -3.7588422615506460
v -0.0219267681241035 0.0037378722336143 0.0039196247234941
vn 2.9771168518441349 4.2850458695086546 -3.3590998636014779
v -0.0226248316466808 0.0038840828929096 0.0035792163107544
vn 3.5620267113348203 4.2149589381239547 -2.8469383213295041
v -0.0232613384723663 0.0040244231931865 0.0031010899692774
vn 4.0447942283194180 4.1540757312929006 -2.2338712449847202
v -0.0238099861890078 0.0041512181051075 0.0024895691312850
vn 4.4089331123124458 4.1051126778939864 -1.5346173155662535
v -0.0242394804954529 0.0042551700025797 0.0017552957870066
vn 4.6367451067048986 4.0715874663087819 -0.7706911559950284
v -0.0245162416249514 0.0043261917307973 0.0009230189025402
vn 4.7149389009654925 4.0556407182641507 0.0294918370571833
v -0.0246124546974897 0.0043557705357671 0.0000348223438777
vn 4.6379884994405352 4.0580418120161248 0.8303948633366065
v -0.0245166923850775 0.0043401364237070 -0.0008542547584511
vn 4.4108856800838652 4.0786991212470278 1.5961735400843633
v -0.0242403037846088 0.0042821662500501 -0.0016875135479495
vn 4.0472488675346758 4.1156824803048435 2.2973553109859344
v -0.0238109417259693 0.0041896724142134 -0.0024233360309154
vn 3.5643802929393393 4.1664858681040844 2.9123196033963152
v -0.0232624169439077 0.0040724300779402 -0.0030369455926120
vn 2.9793346069959190 4.2278792090744979 3.4264258424593432
v -0.0226257815957069 0.0039395112544298 -0.0035173653159291
vn 2.3080405611979673 4.2965193574143612 3.8275791169552202
v -0.0219271890819073 0.0037985064554960 -0.0038605455774814
vn 1.5670014025662509 4.3688660039458949 4.1041037977840356
v -0.0211894400417805 0.0036556876730174 -0.0040649399161339
vn 0.8470511839313342 4.4162340985989461 4.2619158481211663
v -0.0204327329993248 0.0035160928964615 -0.0041301348246634
vn 1.7974360769749318 5.6457723895657193 -1.7790875175755760
v -0.0219664238393307 0.0038436588365585 0.0040772436186671
vn 2.1443524757072692 5.5889553541872417 -1.5784707653926284
v -0.0226901695132256 0.0039911810308695 0.0037210341542959
vn 2.4432635736422199 5.5362917350314138 -1.3265954145235686
v -0.0233493447303772 0.0041327783837914 0.0032222350127995
vn 2.6870910987613956 5.4908242827376874 -1.0298426391680209
v -0.0239169653505087 0.0042607169598341 0.0025855719577521
vn 2.8691425037464984 5.4547567148157290 -0.6959802720229651
v -0.0243609473109245 0.0043656397610903 0.0018222116632387
vn 2.9822206412753123 5.4306849556979735 -0.3347965772019213
v -0.0246468763798475 0.0044373855926096 0.0009577872697264
vn 3.0209526234061848 5.4203038749791750 0.0415736214102471
v -0.0247462429106236 0.0044673946686089 0.0000357256067218
vn 2.9833097562375319 5.4242368471289177 0.4183919315473775
v -0.0246473401784897 0.0044518560171127 -0.0008872367325239
vn 2.8710967485255798 5.4421233002026410 0.7807776385257461
v -0.0243617985397577 0.0043936632573605 -0.0017526518786326
vn 2.6897080120554264 5.4723841793534485 1.1161203903904715
v -0.0239179544150829 0.0043006539344788 -0.0025175726041198
vn 2.4459525180760533 5.5129445390396281 1.4143932484051769
v -0.0233504604548216 0.0041826553642750 -0.0031563455704600
vn 2.1469688596274548 5.5612702483546208 1.6679558944580000
v -0.0226911492645741 0.0040488038212061 -0.0036574618425220
vn 1.7997843252898305 5.6148344798888701 1.8697719957153249
v -0.0219668634235859 0.0039067338220775 -0.0040164836682379
vn 1.4122978687767773 5.6708987243560802 2.0127697515041443
v -0.0212010703980923 0.0037627799902111 -0.0042314897291362
vn 1.0103996592556432 5.7203547109653039 2.1120591043865664
v -0.0204146765172482 0.0036220338661224 -0.0043016998097301
vn 0.1599994739745612 6.0632460190533237 1.4913414132551117
v -0.0184112936258316 0.0033086289186031 -0.0038341057952493
vn 0.3910204894074207 5.9560516205973357 1.6913948669154599
v -0.0190073028206825 0.0033998047001660 -0.0040930290706456
vn -0.3638628601781390 5.1009266566406781 3.5411575929840704
v -0.0190699025988579 0.0033260541968048 -0.0039434693753719
vn -0.9891191013911587 5.1572319532292861 -3.3142205003559617
v -0.0185161270201206 0.0031810591463000 0.0037535617593676
vn -1.5617653786239671 5.1931843418646224 -3.0216379468830703
v -0.0179432332515717 0.0031007805373520 0.0033912172075361
vn -2.6757708627251588 3.6585717450691400 -4.2505117553170040
v -0.0180315896868706 0.0029770021792501 0.0032936860807240
vn -4.4573368538429676 -0.5140941691135075 -4.3159375379813900
v -0.0177475884556770 0.0026358778122813 0.0029281571041793
vn -3.1503911574659886 2.3456073333849208 -4.8836564545108505
v -0.0180921815335751 0.0028132151346654 0.0032405236270279
vn -4.7607490793972120 1.8189338296931465 -3.5884393629176254
v -0.0172166377305984 0.0026960838586092 0.0023421524092555
vn -6.1779399145935381 -0.3219071514396979 -0.8223186666024952
v -0.0165127366781235 0.0024911942891777 0.0003996847080998
vn -6.0022588937024750 0.4398702469435884 -1.7530448591495298
v -0.0166680552065372 0.0025041452609003 0.0011844530235976
vn -5.7512582056678294 1.7553176110669959 -1.6473643221058105
v -0.0166508145630360 0.0026323290076107 0.0011863840045407
vn -4.6510685685419402 -0.3569215245031592 4.1646366640934627
v -0.0174799934029579 0.0026408876292408 -0.0026085353456438
vn -5.1511057692403837 0.4907996490676109 3.5472799803406412
v -0.0172521509230137 0.0026072980836034 -0.0023219329304993
vn -4.8395934621190628 1.5932085147778312 3.5831810676667524
v -0.0172334350645542 0.0027346441056579 -0.0023233827669173
vn -2.0697387921260524 5.2204596814508708 -2.6429893384849783
v -0.0174548551440239 0.0030373202171177 0.0029608700424433
vn -0.2493326460551458 6.0310626170302335 -1.3984786243781595
v -0.0178377218544483 0.0031704991124570 0.0035212538205087
vn 0.1259692279491900 4.9115353796076668 -3.7238494114076315
v -0.0198105052113533 0.0032553102355450 0.0040562911890447
vn -3.4154138839837067 -0.3042594548289144 -5.1931007248485308
v -0.0183609202504158 0.0027245122473687 0.0034047469962388
vn -2.5987240111504391 -0.0699735391076703 -5.6966404862561859
v -0.0190397314727306 0.0028321028221399 0.0037482790648937
vn -1.5027270343088102 1.6036155566688666 -5.8311186840746361
v -0.0192312300205231 0.0029904718976468 0.0038352324627340
vn -2.3976492513226790 5.2334681499457965 2.3337849006998668
v -0.0170496031641960 0.0030266845133156 -0.0024285686668009
vn -0.7353094532705783 6.0483888349069117 1.1128369883746383
v -0.0169093720614910 0.0030970736406744 -0.0025232625193894
vn -1.5877143706050931 5.6618408293249605 2.2031667504821137
v -0.0174715965986252 0.0030853960197419 -0.0029302937909961
vn -0.5615110691261912 6.0259537032920836 1.3852532840946399
v -0.0173478089272976 0.0031563939992338 -0.0030439994297922
vn -1.0175203592433941 6.0557484526995529 0.9283549382992604
v -0.0165631845593452 0.0030510625801980 -0.0019518496701494
vn -2.2549569681644250 5.6856936614579592 1.4181507354307941
v -0.0167164318263531 0.0029811444692314 -0.0018783260602504
vn -1.0714549737160537 6.0705591046903749 0.6061362766815869
v -0.0163054391741753 0.0030164450872689 -0.0013258844846860
vn -3.0194625697453721 5.2691754351556117 1.2996542157013902
v -0.0164683833718300 0.0029468985740095 -0.0012757485965267
vn -1.1414028411312251 6.0764933947240589 0.3354522302135211
v -0.0161463841795921 0.0029934421181679 -0.0006614829762839
vn -0.9361151484056606 6.0744734237628739 -0.7612147359384910
v -0.0165370516479015 0.0030176560394466 0.0019465350778773
vn -1.7757609298213306 0.3702310396371115 6.0091212840743662
v -0.0191958174109459 0.0029170848429203 -0.0037607243284583
vn -1.7401087527071890 1.4924660377310079 5.7915243276393911
v -0.0191739872097969 0.0030399744864553 -0.0037688470911235
vn -1.1898048792295062 -0.5347310786840893 6.0706925960054026
v -0.0197585113346577 0.0030174960847944 -0.0039083138108253
vn -0.2711657025920173 1.7276254440575811 6.0086228269218562
v -0.0203418135643005 0.0032500755041838 -0.0039868117310107
vn -2.6250890765245569 -0.0369548353756669 5.6923812747699181
v -0.0190397128462791 0.0028900946490467 -0.0037036959547549
vn -3.0899456074723268 -0.3561245299974493 5.3978146696737950
v -0.0183609016239643 0.0027771738823503 -0.0033618747256696
vn -3.4319072923574092 1.4982109415807929 4.9733400494261151
v -0.0181059390306473 0.0028654546476901 -0.0032065059058368
vn -3.6181255352687880 0.4276809084460656 5.1119264941642300
v -0.0181265771389008 0.0027398269157857 -0.0032024744432420
vn -4.0967836709553795 0.0044050523848744 4.7607006547825961
v -0.0178970210254192 0.0027040299028158 -0.0030208053067327
vn -4.3950525197186394 -0.6333779665173512 4.3756254209079888
v -0.0177475698292255 0.0026811305433512 -0.0028867176733911
vn -5.5303523065095490 -0.4848447435048290 2.8049045628089564
v -0.0168622843921185 0.0025507437530905 -0.0016550654545426
vn -5.8283601505739782 0.1403116839450891 2.3383987208519423
v -0.0167623944580555 0.0025362151209265 -0.0014189595822245
vn -5.6816571037734258 1.7267493979379445 1.8585256044045650
v -0.0166747309267521 0.0026540232356638 -0.0012212715810165
vn -6.0570752361134632 0.4467986201431252 1.5458208517376111
v -0.0166920311748981 0.0025258539244533 -0.0012212649453431
vn -6.2363015516959424 0.4323386117608276 0.3750394463404974
v -0.0164946354925632 0.0024919612333179 0.0000194207987079
vn -5.9907931307751650 1.6936071955343168 0.1683274104757998
v -0.0164778307080269 0.0026203568559140 0.0000204343705263
vn -5.2886312017031649 1.8324436619128712 -2.7551035044611911
v -0.0168890021741390 0.0026575271040201 0.0017906581051648
vn -5.6462421049960536 0.3995488863096032 -2.6978274624996068
v -0.0168832018971443 0.0025270059704781 0.0017392641166225
vn -5.0465918722739733 0.4492085640345611 -3.6893602571041151
v -0.0172353126108646 0.0025687459856272 0.0023387637920678
vn -1.1151881965416373 -0.5854518217812271 -6.0740185622825784
v -0.0197585225105286 0.0029563002754003 0.0039548496715724
vn -1.7636768520177604 0.4262326451452714 -6.0080140319585267
v -0.0192530713975430 0.0028678872622550 0.0038249583449215
vn -2.5755782780879448 3.6505203347548996 4.3242538387653209
v -0.0180455222725868 0.0030300139915198 -0.0032572995405644
vn -3.8176629249239391 3.7048533031001241 3.2158503619629872
v -0.0171622596681118 0.0029010097496212 -0.0023590514902025
vn -4.6394530576831849 3.6799987969099792 1.8975789780444821
v -0.0165968351066113 0.0028211693279445 -0.0012393465731293
vn -4.9445684258246487 3.7715762941730828 -0.0580490380329219
v -0.0163975693285465 0.0027876186650246 0.0000217364595301
vn -4.2375133898756001 4.5776264936248037 0.6490671196373801
v -0.0164479166269302 0.0027985319029540 -0.0006182839279063
vn -4.0133952506563482 0.1414109643218958 -4.8243774098785321
v -0.0178970210254192 0.0026566877495497 0.0030625667423010
vn -2.1813386053594881 2.5523246476706190 -5.2937940040491309
v -0.0186424180865288 0.0028955580201000 0.0035861155483872
vn -0.9549999599494052 3.6339170489810293 -4.9563840702929109
v -0.0191856995224953 0.0031509089749306 0.0039003861602396
vn -0.5612487627111196 6.0494804089298260 -1.2511120348348836
v -0.0173304192721844 0.0031065258663148 0.0030750255100429
vn -0.7780581871250962 6.0657187690081633 -1.0033481945269642
v -0.0168912149965763 0.0030553974211216 0.0025456186849624
vn -2.5051955871706157 5.2396629018919612 -2.1876061693139794
v -0.0170321278274059 0.0029865021351725 0.0024507818743587
vn -2.8578103770600647 5.2515833127778180 -1.6628773380796029
v -0.0166912786662579 0.0029488995205611 0.0018738900544122
vn -4.4023200276257786 3.7012611393686394 -2.3467089798625951
v -0.0168136768043041 0.0028239849489182 0.0018196654273197
vn -4.7917451442550236 3.7206198404795296 -1.3634544164417304
v -0.0165726318955421 0.0027992185205221 0.0012058656429872
vn -3.0847792169949138 4.1698608967852220 -3.5259119954694005
v -0.0175564959645271 0.0029130983166397 0.0028755478560925
vn -3.9324403694203207 3.6929286153434453 -3.0801626792405883
v -0.0171452611684799 0.0028619044460356 0.0023800223134458
vn 0.2664623813872071 5.0562074128163808 -3.6037965307341646
v -0.0197717472910881 0.0033772988244891 0.0041754515841603
vn 0.0871503348746744 3.4849505449265838 5.1629597962936975
v -0.0203126817941666 0.0034077446907759 -0.0040559493936598
vn -1.1627936133267223 3.5361745380652794 4.9862786171501936
v -0.0191276632249355 0.0032015852630138 -0.0038310305681080
vn 0.4927049628115308 5.0147059124544251 3.6509763814267244
v -0.0202878601849079 0.0035310483071953 -0.0041744341142476
vn 0.8318417824122345 5.9072647693306131 1.7265987248242070
v -0.0202699266374111 0.0036073136143386 -0.0043292362242937
vn -0.2470376008135708 6.0084884996596184 1.4920461863527077
v -0.0178525969386101 0.0032270462252200 -0.0034825187176466
vn -1.4522899731416621 5.1698112272573207 3.1228069532604508
v -0.0179575532674789 0.0031552871223539 -0.0033531952649355
vn -0.0342846502679033 5.9944888416974909 -1.6674796497563535
v -0.0184325948357582 0.0032515623606741 0.0038963826373219
vn 0.3793611813203510 5.9693600154235584 -1.6426397613759347
v -0.0190691910684109 0.0033450745977461 0.0041666179895401
vn -1.9069123270535793 3.6253633448384832 -4.6740292000443331
v -0.0185889191925526 0.0030578156001866 0.0036458566319197
vn -0.3786505678409352 5.1102227442749468 -3.5098645178661898
v -0.0191295556724072 0.0032735560089350 0.0040153060108423
vn 0.7053537536003301 5.9363067457923950 -1.6549099080112459
v -0.0197351425886154 0.0034500516485423 0.0043310085311532
vn -1.0648661393040670 6.0907604851970412 -0.4201317601617318
v -0.0162795893847942 0.0029931629542261 0.0012900485889986
vn -1.1471599481603887 6.0901339550589899 -0.0138087845581778
v -0.0160926096141338 0.0029821719508618 0.0000232521051657
vn -3.2473186692171372 5.2474338545260837 0.6501522110357564
v -0.0163153111934662 0.0029241871088743 -0.0006362808053382
vn -3.1388247263053826 5.2758779625794698 -0.9563393665188293
v -0.0164435058832169 0.0029243971221149 0.0012419325066730
vn -3.2873802758615622 5.2709087573453930 -0.0927858689736749
v -0.0162635594606400 0.0029131497722119 0.0000227140844800
vn -3.4063430583033467 5.2139057772017434 0.6637926441484614
v -0.0285152960568666 0.0036809206940234 0.0083143459632993
vn -4.0685666164368790 4.7171719822192815 0.2765761620718876
v -0.0303305611014366 0.0026606761384755 0.0045208069495857
vn -3.9843934550564244 4.8026034890916387 0.6157684097579811
v -0.0300301741808653 0.0028660723473877 0.0048305168747902
vn -3.8700744493704060 4.9154305200691448 -0.1680502929424267
v -0.0294072758406401 0.0033714561723173 0.0043297018855810
vn -3.9967620332514473 4.8034600423168330 0.5388627844878100
v -0.0298117194324732 0.0030055181123316 0.0051764450035989
vn -3.5998265455489404 5.0732739746642315 -0.1643649872362201
v -0.0285273678600788 0.0040609980933368 0.0039388420991600
vn -3.9641532476006796 4.8421885632245445 0.4432453107245935
v -0.0296036005020142 0.0031021770555526 0.0059201652184129
vn -3.2939262320485683 5.0132134862227637 -1.2825485476312832
v -0.0279454700648785 0.0044039092026651 0.0034237005747855
vn -2.5671707361192295 5.4605843808292862 -1.2352144134143406
v -0.0273312367498875 0.0046257479116321 0.0029124505817890
vn -3.8035601335666986 4.1718664233234248 -2.5111249241079641
v -0.0274311341345310 0.0045153778046370 0.0028029875829816
vn -4.2374619910590274 2.0005046716238084 -4.0599129581897522
v -0.0280104167759418 0.0041577341035008 0.0032030835282058
vn -4.9101195425215476 2.4257336196464054 -2.8942748494005097
v -0.0270459447056055 0.0044346912764013 0.0021358469966799
vn -4.5924681983942133 2.3297571237419037 -3.4807916490272897
v -0.0274889748543501 0.0043596383184195 0.0027220870833844
vn -3.6858359791823512 4.5135315337031727 -2.0490786559989589
v -0.0269501134753227 0.0046008029021323 0.0021976225543767
vn -1.9168548155788021 5.7618813533276771 -0.9987762735219535
v -0.0268057622015476 0.0047086612321436 0.0022877217270434
vn -1.0766621645215624 6.1170608815358820 -0.0322702329865647
v -0.0272028669714928 0.0046755447983742 0.0030355560593307
vn -0.5803337384642633 6.1873239458559528 0.0184307589961728
v -0.0268151517957449 0.0047311726957560 0.0026220537256449
vn -0.1038793890467136 6.2157474482058417 -0.0286800603935224
v -0.0266361832618713 0.0047405385412276 0.0023915981873870
vn 0.4483842038096686 6.1944337034541581 -0.0137403645870478
v -0.0263356100767851 0.0047333007678390 0.0019162010867149
vn -2.7861840631491059 5.5169057400154946 -0.0640987971675030
v -0.0279628373682499 0.0044152261689305 0.0036265498492867
vn -1.9278725291498684 5.9150275236126681 -0.0939353180600337
v -0.0273777395486832 0.0046341703273356 0.0031932860147208
vn -1.5036802243714056 6.0668954064329430 -0.0768021969360407
v -0.0272991433739662 0.0046540559269488 0.0031242764089257
vn -3.8255654619602142 1.8257917643143420 -4.5509244518112366
v -0.0285424701869488 0.0037974542938173 0.0035520636010915
vn -4.0570327698719542 3.6928355111141418 -2.8421899438990845
v -0.0279969051480293 0.0042981933802366 0.0032995967194438
vn -4.1383214730456919 3.2976605640960770 -3.2424857377474168
v -0.0285735763609409 0.0039148554205894 0.0036588569637388
vn -4.0013250337272961 4.4439743969242089 -1.5734503317853883
v -0.0285683758556843 0.0040058898739517 0.0037924302741885
vn -5.5235680066834449 2.6590838088262871 1.1124700432108461
v -0.0299290660768747 0.0027400136459619 0.0057228831574321
vn -4.7952896162223286 3.9425314213398988 0.8050558747697316
v -0.0298101715743542 0.0029330002143979 0.0056761745363474
vn -4.6365299038521419 4.0519632209133345 1.0708480218486351
v -0.0299477707594633 0.0028554312884808 0.0053106504492462
vn -5.2146175491007494 2.9206928548511404 1.8468429825205055
v -0.0300484988838434 0.0026626533363014 0.0054171946831048
vn -2.8490872163698313 1.7897204019996629 5.2928585997927335
v -0.0309253595769405 0.0015580055769533 0.0049418131820858
vn -2.3505256943459893 1.6649189061151335 5.5755061981325511
v -0.0310230366885662 0.0013384703779593 0.0049609350971878
vn -2.7771169890421463 0.7133777884433044 5.5626643450798552
v -0.0307461842894554 0.0015608440153301 0.0050248927436769
vn -1.6299887393749648 1.5114324072538989 5.8664384922028905
v -0.0310953799635172 0.0012806014856324 0.0049540391191840
vn -4.6533332284210678 1.6853259498149304 3.8153938184427401
v -0.0304240435361862 0.0021225649397820 0.0051374961622059
vn -4.1041299649807925 2.6664516947121322 3.8980327222098818
v -0.0307993907481432 0.0019645241554826 0.0048466008156538
vn -3.2629438457261770 1.5966654207597080 5.1031423303190593
v -0.0308188945055008 0.0016931920545176 0.0049570212140679
vn -3.2793024792845933 2.2425703285118597 4.8276626319405942
v -0.0308758225291967 0.0017275988357142 0.0049099009484053
vn -4.1648890380941923 4.5125290559337765 1.1052507276574741
v -0.0304846540093422 0.0025145527906716 0.0046127033419907
vn -4.4985643196855474 3.7337437473883850 2.1418452179409924
v -0.0306134372949600 0.0023452504538000 0.0046996450982988
vn -4.3240463594051812 4.1339421007698416 1.7630445869412603
v -0.0304013285785913 0.0025403597392142 0.0047683552838862
vn -4.3262172027032921 3.3245304378227964 3.0339342088936938
v -0.0307173673063517 0.0021598064340651 0.0047785490751266
vn -4.7017516766271035 2.9484782923814530 2.8576221678877340
v -0.0304420124739408 0.0023500358220190 0.0049721430987120
vn -4.5036029071049875 4.1369976300682723 1.3006534379286370
v -0.0301530715078115 0.0027180381584913 0.0050054285675287
vn -5.4771163835803183 1.6080001197993981 2.5600811478880314
v -0.0300995409488678 0.0024436009116471 0.0055070258677006
vn -4.3661880305636140 0.7203496739957875 4.3924696042647096
v -0.0303933173418045 0.0020004557445645 0.0052015008404851
vn 0.9785866691953526 1.6964547478027483 -5.9212142591041506
v -0.0317661985754967 0.0009312209440395 0.0038228859193623
vn -1.1072654658812668 4.7782106212738338 -3.8174706389046498
v -0.0315726250410080 0.0013387799263000 0.0040882979519665
vn -0.8449036750405557 3.7400421540772282 -4.9496902381140089
v -0.0311717968434095 0.0014004722470418 0.0040731225162745
vn 0.0804566310553593 3.2233417916935236 -5.3179760939140017
v -0.0318368300795555 0.0010515117319301 0.0038668268825859
vn -0.3026758017449082 2.8890627702272744 -5.5558840973037933
v -0.0311335753649473 0.0013170089805499 0.0040175449103117
vn 0.2699463031703825 1.7527909033002489 -5.9975887259438752
v -0.0311093330383301 0.0012597643071786 0.0039932834915817
vn -2.2878595359910823 5.7559547688841848 -0.2142455512602559
v -0.0316713750362396 0.0014191049849615 0.0043775439262390
vn -2.0075338531433160 5.6929082360212124 -1.4193319062750924
v -0.0312702022492886 0.0015593090793118 0.0043590627610683
vn -1.7678804651093631 5.5590008365917836 -2.1195065691830544
v -0.0316292084753513 0.0014018851798028 0.0042240880429745
vn -1.7058974922015815 5.1544305315846142 -3.0983605278237061
v -0.0312276575714350 0.0015044965548441 0.0042001111432910
vn -1.2476536642625646 4.6027346984015169 -4.0707124725923567
v -0.0312075018882751 0.0014699099119753 0.0041467770934105
vn -2.4835458121352980 4.9086098747086524 2.9403101743329474
v -0.0312970653176308 0.0015016458928585 0.0046946094371378
vn -2.5231888264329432 5.4361759023056759 1.8305058181977423
v -0.0312981270253658 0.0015412260545418 0.0046011637896299
vn -2.5784884917451034 5.3627374002714649 1.7033843869038425
v -0.0316947996616364 0.0013886534143239 0.0045329434797168
vn -2.6063798910451199 5.6287919302211957 0.9840120825761159
v -0.0312947109341621 0.0015573970740661 0.0045359805226326
vn -2.3195318059976899 5.8091866858548364 0.2390616044337673
v -0.0312943011522293 0.0015583244385198 0.0045307357795537
vn -1.8960087855789243 2.9841040017312741 5.1320639438146740
v -0.0312612056732178 0.0013287786860019 0.0048834588378668
vn -2.1577466256240077 4.0323220723542637 4.2076681040673005
v -0.0312831401824951 0.0014183822786435 0.0048090568743646
vn -2.6400928901160996 3.7619652586802155 4.2008212967382805
v -0.0316901504993439 0.0012617318425328 0.0047352104447782
vn -2.6932136722962601 4.5232693132498563 3.2901523459859940
v -0.0316970944404602 0.0013136805500835 0.0046743713319302
vn -3.0956983291988869 5.0073703113070378 1.9293456300185197
v -0.0320977978408337 0.0011979567352682 0.0044660600833595
vn -0.6579066100678597 4.3697110900315064 -4.3660986346765416
v -0.0319089442491531 0.0011499199317768 0.0039474731311202
vn -1.5473132571336348 5.2511870438802681 -2.9440380558308039
v -0.0319763757288456 0.0012180169578642 0.0040579433552921
vn -2.2519099955210278 5.6328526518171422 -1.3151045313924490
v -0.0320333614945412 0.0012499961303547 0.0041887857951224
vn -2.8691098680044744 5.4592570367587498 0.4457605760724124
v -0.0320750214159489 0.0012431069044396 0.0043288152664900
vn -3.3484634665259358 5.0836020504453590 0.6371983267221537
v -0.0324599370360374 0.0010411097900942 0.0042176749557257
vn -3.0020061888853986 4.6121224938542156 2.9027494043465221
v -0.0321014262735844 0.0011621118756011 0.0045299301855266
vn -2.8333578473479375 5.4307634052443188 -0.8427679751571115
v -0.0324191749095917 0.0010596615029499 0.0040933853015304
vn -2.0854245286637063 5.3315924612975865 -2.4216925673931273
v -0.0323629789054394 0.0010473810834810 0.0039744582027197
vn -1.2513762790508596 4.8237032493844501 -3.7309315528918088
v -0.0322952643036842 0.0010051192948595 0.0038691938389093
vn -1.3008048643242964 -3.6795409661772789 4.5582988706070999
v -0.0291851162910461 -0.0131837995722890 0.0137722631916404
vn -1.0477535334273433 -2.0660708956084521 5.5641681123513838
v -0.0291497204452753 -0.0128858769312501 0.0139490766450763
vn -5.0086418914810995 -1.3912418223617995 3.0655782159663256
v -0.0298411864787340 -0.0127386478707194 0.0135178640484810
vn -3.4218839331824058 -2.7886940345027291 3.9886317667807911
v -0.0295730624347925 -0.0130277834832668 0.0136831020936370
vn -2.8562108193010771 -1.3175490468825000 5.1074604995213875
v -0.0294655766338110 -0.0127588547766209 0.0138764847069979
vn -4.5002655163275005 3.7794734248326187 -2.0222758008686479
v -0.0306273624300957 0.0023448604624718 0.0043482212349772
vn -4.7103257796401587 4.0123259836606788 -0.5171183810961614
v -0.0306439418345690 0.0023638352286071 0.0044650440104306
vn -4.1558450530725262 4.4503746865226255 -1.2573048401687836
v -0.0304928664118052 0.0025076549500227 0.0043981145136058
vn -4.1439662423039501 4.6185239967107421 0.0387032494630785
v -0.0304968059062958 0.0025195719208568 0.0045054447837174
vn -1.4230827735241220 1.0467716862704286 -5.9827663074098254
v -0.0303835440427065 0.0021166482474655 0.0040303394198418
vn -2.2528313902128523 1.8122616080304623 -5.4719407156298709
v -0.0301912315189838 0.0024170253891498 0.0040465905331075
vn -2.4309326370405508 2.0245264604047142 -5.3605135854623782
v -0.0304649248719215 0.0021906630136073 0.0040770545601845
vn -3.2429520811281867 3.3420212767872077 -4.0594292603232507
v -0.0302770938724279 0.0025446349754930 0.0041636778041720
vn -3.2479808405004711 2.7524686865858952 -4.5345109175210183
v -0.0305352210998535 0.0022557273041457 0.0041485228575766
vn -3.4751294253499596 3.4979032452562349 -3.7856913181915317
v -0.0304382108151913 0.0024360273964703 0.0042030620388687
vn -4.0492135213763403 3.3609017021479852 -3.3182894312858049
v -0.0305904187262058 0.0023081223480403 0.0042406669817865
vn -3.9261630690628411 4.0578010482601776 -2.6222900708977006
v -0.0304730273783207 0.0024793683551252 0.0042957258410752
vn -3.8257146894052694 4.3718746657519985 -2.1893453289204188
v -0.0303260143846273 0.0026301408652216 0.0043299961835146
vn -4.6770394950204475 3.9619956752758969 0.9155731281026014
v -0.0306392125785351 0.0023639695718884 0.0045844600535929
vn -4.5481586132855032 3.8191134335557200 1.6827960176800956
v -0.0307608321309090 0.0021924290340394 0.0046591293066740
vn -4.4571176112156055 3.1806826756541602 3.0310911453203606
v -0.0308610536158085 0.0020094946958125 0.0047328742220998
vn -4.6710830237502341 3.3621060519582171 2.4797021981252612
v -0.0308631528168917 0.0020110397599638 0.0047274441458285
vn -4.9030256715478826 3.5124197960969052 1.6846119854581354
v -0.0308890696614981 0.0020302627235651 0.0046380436979234
vn -5.0739705955896062 3.5588777098260036 0.6324207541530893
v -0.0308961495757103 0.0020356539171189 0.0045959190465510
vn -5.0300514381679875 3.6321681025017232 -0.5184242381917745
v -0.0308975931257010 0.0020378387998790 0.0044479095377028
vn -4.9327634955982287 3.4383516054240584 -1.6394686354759938
v -0.0308896619826555 0.0020325651858002 0.0043968008831143
vn -1.3195486876147866 1.0203805098952838 -6.0119763618717270
v -0.0306103825569153 0.0018357202643529 0.0040350998751819
vn -2.4862667181368323 1.9003527814799359 -5.3819780957334027
v -0.0306832604110241 0.0018875357927755 0.0040718521922827
vn -3.6981247651714471 2.7760870094267180 -4.1272600986628873
v -0.0307996924966574 0.0019698943942785 0.0041847517713904
vn -4.5586147417196585 3.3753322461405832 -2.5341599057321416
v -0.0308665987104177 0.0020167229231447 0.0043135299347341
vn -4.0451905138893185 4.6608625047971914 -0.8408699304815617
v -0.0303340572863817 0.0026527708396316 0.0044240737333894
vn -3.9942425230144250 4.4081300215349852 -1.7473220121159987
v -0.0294276066124439 0.0033276146277785 0.0041588675230742
vn -3.7636969674720149 3.3184399342066149 -3.6604820075945277
v -0.0294073913246393 0.0032390702981502 0.0040063136257231
vn -3.0376385140787732 1.8239552063688012 -5.1091564456653575
v -0.0293492451310158 0.0031170370057225 0.0038912091404200
vn -3.6305337560257449 2.7268383684447635 4.2678670714753553
v -0.0310476813465357 0.0015789672033861 0.0048553738743067
vn -1.8924976758757168 3.2768563874881242 -4.9444009290982986
v -0.0310850143432617 0.0014632736565545 0.0040975157171488
vn -0.6356339528600816 1.7191764746183447 -5.9490027231757070
v -0.0309812668710947 0.0013442139606923 0.0040144622325897
vn -4.3185481054684498 2.7170109458342142 3.5250513421224996
v -0.0309610310941935 0.0017889833543450 0.0048027313314378
vn -4.9572673862355199 3.2220611380033000 1.8045826271141558
v -0.0310176126658916 0.0018316421192139 0.0046620643697679
vn -4.3501534718326464 3.5217578853674323 2.6841634557977354
v -0.0311221256852150 0.0016423980705440 0.0047160699032247
vn -5.0167091585963899 3.6200199805727720 0.0449428509779903
v -0.0310350283980370 0.0018478473648429 0.0045063705183566
vn -2.9280083656495193 2.4047556072708591 4.9166925392441403
v -0.0311369430273771 0.0014305702643469 0.0048764767125249
vn -3.5633827397199727 3.8724124726761087 3.3325380305787107
v -0.0312012955546379 0.0015277763595805 0.0047413981519639
vn -3.7045098005595305 4.8446848581878248 1.0846186838123377
v -0.0312293451279402 0.0015836928505450 0.0045743067748845
vn -3.0923964971392959 4.3782429063654771 -3.1399980036193504
v -0.0311672519892454 0.0015492469538003 0.0042304731905460
vn -3.7747601507822157 4.8116702724915781 -1.0499748856926234
v -0.0312174875289202 0.0015911596128717 0.0043964521028101
vn -1.3035233278825362 1.2797116488879872 -5.9410374976146105
v -0.0308620892465115 0.0014816507464275 0.0040260823443532
vn -2.8058806518561035 2.4309252748615617 -4.9916788136574262
v -0.0309850014746189 0.0015704991528764 0.0041033462621272
vn -4.0011868780302162 3.2837125437961725 -3.4570686081433921
v -0.0310813728719950 0.0016369017539546 0.0042269239202142
vn -4.7233597381527073 3.7617244504175877 -1.5229400176613066
v -0.0311400145292282 0.0016731526702642 0.0043825316242874
vn -4.8202951812774062 3.8693752638639638 0.6811341492573084
v -0.0311541520059109 0.0016750616487116 0.0045521291904151
vn -2.7863919263521311 2.7071110251576913 1.3070919556630742
v -0.0168620608747005 -0.0014405510155484 -0.0016858812887222
vn -0.9457738969717794 2.8499953449659854 -2.9270925517756154
v -0.0194088704884052 -0.0014835450565442 0.0038384112995118
vn -0.0004477280660822 2.9127536003482182 -3.0914027388705763
v -0.0204946324229240 -0.0014847128186375 0.0039885859005153
vn -0.9358088118491178 2.7723927951318981 2.9700425634407392
v -0.0194088704884052 -0.0014236241113394 -0.0038609977345914
vn -2.0025557796981568 2.7208572150993842 2.3502290589188548
v -0.0178968422114849 -0.0014299124013633 -0.0030528246425092
vn -0.0075868610548094 2.8351011750450166 3.1330392986624722
v -0.0204946324229240 -0.0014224523911253 -0.0040111718699336
vn -2.7953352919532257 2.7799885036871674 -1.2646752203722347
v -0.0168620608747005 -0.0014666187344119 0.0016632950864732
vn -3.0726233507456087 2.7380901386615522 0.0409266057250366
v -0.0164946354925632 -0.0014535830123350 -0.0000112930256364
vn -1.9963183748194702 2.7871943334104898 -2.3198347049396606
v -0.0178968422114849 -0.0014772571157664 0.0030302386730909
vn 0.9410008238368905 2.7905810892881338 2.9707900871691915
v -0.0215803943574429 -0.0014236237620935 -0.0038609977345914
vn 0.9482969945410946 2.8466454937305494 -2.9259904702466000
v -0.0215803943574429 -0.0014835448237136 0.0038384112995118
vn 2.0042889745779751 2.7617411746755889 -2.3084258688177366
v -0.0230924263596535 -0.0014772565336898 0.0030302386730909
vn 2.7867350626133205 2.7553995784636460 -1.2745782854284939
v -0.0241272076964378 -0.0014666178030893 0.0016632950864732
vn 3.0754436212643781 2.7576974824734659 0.0214362105461112
v -0.0244946349412203 -0.0014535820810124 -0.0000112930183604
vn 2.7834780813558759 2.7294337283208865 1.3216226560446949
v -0.0241272076964378 -0.0014405500842258 -0.0016858812887222
vn 2.0075992156011551 2.7158947992728746 2.3464980805984998
v -0.0230924263596535 -0.0014299117028713 -0.0030528246425092
vn -1.0592921142365066 6.0895726494779279 0.4562641737005192
v -0.0273022707551718 0.0045811873860657 0.0044093052856624
vn -1.1566387484923339 6.0269446280183381 0.6259536302679281
v -0.0272947493940592 0.0043513923883438 0.0072005689144135
vn -1.3699712679760041 5.8988884716774441 0.8576839199288347
v -0.0272836014628410 0.0040210927836597 0.0099817356094718
vn -3.0462112252807185 5.3857350444806595 0.5425221449208391
v -0.0282742194831371 0.0039722854271531 0.0071650166064501
vn -0.1707384596828618 -6.2374010468637602 0.4769534950620808
v -0.0165675859898329 -0.0134076680988073 -0.0059576760977507
vn -0.0437448435416149 -6.2325049397742021 0.5341808774432329
v -0.0174946356564760 -0.0134065262973309 -0.0061045018956065
vn -0.4470077126001958 -6.2307824509990493 -0.3732780163847023
v -0.0150675866752863 -0.0134902922436595 0.0046585276722908
vn -0.5254835078641602 -6.2319825853267563 -0.2192475212912725
v -0.0146414656192064 -0.0134837832301855 0.0038222481962293
vn -0.5827164372193858 -6.2283111679098457 -0.0047143192689955
v -0.0144946370273829 -0.0134298736229539 -0.0031045929063112
vn -0.5254906765398184 -6.2346382269492269 0.1222225158142580
v -0.0146414656192064 -0.0134226595982909 -0.0040316157974303
vn -0.4470062584890630 -6.2358382614030781 0.2762401178449361
v -0.0150675866752863 -0.0134161496534944 -0.0048678950406611
vn -0.3247644262058292 -6.2367912266060754 0.3984769714758831
v -0.0157312806695700 -0.0134109836071730 -0.0055315704084933
vn -0.0414454168025717 -6.2237333179778487 -0.6297140468280378
v -0.0174946356564760 -0.0134999174624681 0.0058951345272362
vn -0.1707412270423161 -6.2292208148027219 -0.5739834954130919
v -0.0165675859898329 -0.0134987737983465 0.0057483082637191
vn -0.3247696567997112 -6.2298311617000373 -0.4955024519664440
v -0.0157312806695700 -0.0134954582899809 0.0053222030401230
vn -0.5827161662698330 -6.2276298833235888 -0.0922229265056427
v -0.0144946370273829 -0.0134765692055225 0.0028952253051102
vn -0.1772364606280963 -5.7120932431991109 -2.3585971425826529
v -0.0174946356564760 -0.0134208202362061 0.0055130547843874
vn -0.3428527167835728 -4.3711841200204224 -4.3775862393594220
v -0.0174946356564760 -0.0132015282288194 0.0051903282292187
vn -0.4528841566488244 -2.3447352404803037 -5.7245019494004712
v -0.0174946356564760 -0.0128754284232855 0.0049760872498155
vn -0.4915295139495310 -0.5667605728928286 -6.2194045686199795
v -0.0174946356564760 -0.0124921631067991 0.0049029472284019
vn -0.7005277303074881 -5.7508200520889217 -2.2008260887719078
v -0.0166858416050673 -0.0134198227897286 0.0053849583491683
vn -1.3378450634243821 -4.4205545149309735 -4.1519791789153651
v -0.0167860928922892 -0.0132006555795670 0.0050781094469130
vn -1.7321573840504081 -2.3252840591907051 -5.4852711535468082
v -0.0168530810624361 -0.0128746367990971 0.0048744776286185
vn -1.5710250649419195 -0.5702262028790267 -6.0342096513514516
v -0.0168766025453806 -0.0124914012849331 0.0048050633631647
vn -2.6252693754300389 -0.5097882643342123 -5.6694407170631198
v -0.0167292673140764 -0.0124909803271294 0.0047507109120488
vn -3.3935558995213242 -2.3539773618952520 -4.6347962046787421
v -0.0162743236869574 -0.0128723438829184 0.0045795957557857
vn -3.7497754395821268 -0.5726377635178290 -4.9645356804228831
v -0.0163190644234419 -0.0124891903251410 0.0045209927484393
vn -5.0231827128482376 -0.5772548022798119 -3.6526388221167343
v -0.0158766005188227 -0.0124857472255826 0.0040785428136587
vn -4.6266005265502059 -2.3939235927307085 -3.3801613311611125
v -0.0158150177448988 -0.0128687685355544 0.0041203056462109
vn -5.9046781829107564 -0.5975519617641154 -1.9193906858186405
v -0.0155925210565329 -0.0124814091250300 0.0035210233181715
vn -5.4389085290672750 -2.4063149747888382 -1.7859785176753062
v -0.0155201274901628 -0.0128642637282610 0.0035415666643530
vn -6.2148079977309791 -0.6112881294565408 -0.4962954301764721
v -0.0154946353286505 -0.0124765979126096 0.0029030079022050
vn -5.7060809074995387 -2.3856095479395099 -0.4714622252875146
v -0.0154185164719820 -0.0128592709079385 0.0029000297654420
vn -2.5447225515150178 -4.4253411013176596 -3.5370629989678561
v -0.0161469075828791 -0.0131981214508414 0.0047524380497634
vn -3.5025126155768378 -4.4327938892168639 -2.5793036678598771
v -0.0156396459788084 -0.0131941726431251 0.0042451927438378
vn -4.1174518543617573 -4.4421849350743967 -1.3724511675030162
v -0.0153139661997557 -0.0131891984492540 0.0036060262937099
vn -4.3434266449333849 -4.4023287838919201 -0.3771239596155214
v -0.0152017418295145 -0.0131836850196123 0.0028975047171116
vn -1.3324833247948737 -5.7533233950546183 -1.8788419041145348
v -0.0159562174230814 -0.0134169301018119 0.0050132069736719
vn -1.8340048795218458 -5.7572296587282743 -1.3773317302630859
v -0.0153771806508303 -0.0134124234318733 0.0044341911561787
vn -2.1559939523143008 -5.7621507747670258 -0.7453914966157078
v -0.0150054190307856 -0.0134067451581359 0.0037045886274427
vn -2.3126213136951139 -5.7289949108553317 -0.2241150543342562
v -0.0148773211985826 -0.0134004503488541 0.0028958178590983
vn -6.2228230342336142 -0.6128623622614917 -0.0047697100393041
v -0.0154946353286505 -0.0124532515183091 -0.0000969013053691
vn -6.2148080095694702 -0.6189381844436440 0.4867216252591278
v -0.0154946353286505 -0.0124299032613635 -0.0030968105420470
vn -5.7060765161884435 -2.3926673991237379 0.4342668808765097
v -0.0154185164719820 -0.0128125762566924 -0.0030997886788100
vn -4.3434303213979151 -4.4076624462848262 0.3085601318117249
v -0.0152017418295145 -0.0131369894370437 -0.0031023134943098
vn -2.3126194022009749 -5.7317906665946250 0.1349237230471298
v -0.0148773211985826 -0.0133537547662854 -0.0031040005851537
vn -2.1559975075528293 -5.7730566252982500 0.6556124806758977
v -0.0150054190307856 -0.0133474608883262 -0.0039127715863287
vn -4.1174513320924584 -4.4630053823325815 1.3031443281352890
v -0.0153139661997557 -0.0131314760074019 -0.0038108350709081
vn -5.9498199417187392 -0.5870193064076461 1.8134462358613543
v -0.0155925210565329 -0.0124250939115882 -0.0037148257251829
vn -5.4389091333476092 -2.4338173653222661 1.7483164045040898
v -0.0155201274901628 -0.0128075815737247 -0.0037413255777210
vn -4.6221568618992315 -2.4055932896792065 3.3674189932981564
v -0.0158150177448988 -0.0128030786290765 -0.0043200645595789
vn -5.5355794123451805 -0.4582182354110212 2.9098930595506327
v -0.0157625842839479 -0.0124221211299300 -0.0040967799723148
vn -4.8335088537756956 -0.6613108281490911 3.9229543216079450
v -0.0158766005188227 -0.0124207539483905 -0.0042723449878395
vn -3.9279709012547910 -0.6683530799524272 4.8284630994220663
v -0.0163190644234419 -0.0124173108488321 -0.0047147953882813
vn -3.4105749040581133 -2.3998060094862805 4.5938624625497368
v -0.0162743236869574 -0.0127995032817125 -0.0047793546691537
vn -2.9717408182465594 -0.5822187308853891 5.4895596243863478
v -0.0164946373552084 -0.0124164242297411 -0.0048288088291883
vn -1.7333018306477785 -2.4237563506893505 5.4451578917303181
v -0.0168530810624361 -0.0127972085028887 -0.0050742365419865
vn -1.7652831469067172 -0.6665830709048465 5.9593580878461339
v -0.0168766025453806 -0.0124150998890400 -0.0049988655373454
vn -0.4904397822243521 -0.6628005615243736 6.2099727658527240
v -0.0174946356564760 -0.0124143380671740 -0.0050967498682439
vn -0.4510394648820604 -2.4338339424944131 5.6874478383973646
v -0.0174946356564760 -0.0127964178100228 -0.0051758461631835
vn -3.5025133009994089 -4.4724056573500874 2.5099901426574114
v -0.0156396459788084 -0.0131264999508858 -0.0044500017538667
vn -2.5447231216134139 -4.4798558180044958 3.4677588592717377
v -0.0161469075828791 -0.0131225520744920 -0.0049572470597923
vn -1.3378425806093006 -4.4846441226720533 4.0826729476689163
v -0.0167860928922892 -0.0131200179457664 -0.0052829184569418
vn -0.3416955948273389 -4.4390606951639970 4.3089525920467358
v -0.0174946356564760 -0.0131191443651915 -0.0053951372392476
vn -1.8340043312787766 -5.7779698386973726 1.2875522918493849
v -0.0153771806508303 -0.0133417826145887 -0.0046423743478954
vn -1.3324778125637395 -5.7818713228159044 1.7890590186878574
v -0.0159562174230814 -0.0133372759446502 -0.0052213901653886
vn -0.7005247048456651 -5.7843787491707310 2.1110424378587798
v -0.0166858416050673 -0.0133343832567334 -0.0055931415408850
vn -0.1791286820221952 -5.7485359908521101 2.2677306001139308
v -0.0174946356564760 -0.0133333858102560 -0.0057212379761040
vn -0.5866209921182932 -5.5406492534231147 2.3522036548935614
v -0.0294946357607841 -0.0133270230144262 -0.0057059046812356
vn -0.5873515249039953 -4.1469450249189546 4.3629842415764202
v -0.0294946357607841 -0.0130954608321190 -0.0053718700073659
vn -0.5895638619891150 -2.1689100498635150 5.6424523173205827
v -0.0294946357607841 -0.0127500919625163 -0.0051575805991888
vn -0.6021628951112190 -0.5732241911916114 6.1415801522356190
v -0.0294946357607841 -0.0124143362045288 -0.0050967498682439
vn -5.5608442574881476 -2.2601895517254200 0.9596218285999509
v -0.0304185152053833 -0.0127588026225567 -0.0059471614658833
vn -5.5732360582069829 -0.8819696672921362 2.2846763649180821
v -0.0304185152053833 -0.0125380195677280 -0.0057373265735805
vn -5.6394933465489530 -0.2300680491923694 2.3983038801509542
v -0.0304185152053833 -0.0124095324426889 -0.0057140477001667
vn -2.2260050800046312 -1.9769039642053716 5.1415528447589764
v -0.0298773199319839 -0.0127239422872663 -0.0052290684543550
vn -2.2992405990265778 -0.5225380350039357 5.6084583476525935
v -0.0298773199319839 -0.0124137438833714 -0.0051728677935898
vn -4.2770061895584748 -0.4079087141698214 4.3365392974883736
v -0.0302017424255610 -0.0124120572581887 -0.0053896340541542
vn -4.1773986968343841 -1.5502473539694741 4.0262885694758301
v -0.0302017424255610 -0.0126494718715549 -0.0054326481185853
vn -5.5608427874158304 -1.6915902158604812 1.7798443527923264
v -0.0304185152053833 -0.0126701882109046 -0.0058193313889205
vn -4.1582905452035721 -2.9664218284953936 3.1211751969972505
v -0.0302017424255610 -0.0128936860710382 -0.0055841738358140
vn -4.1583008321415651 -3.9635155703701415 1.6828301370836765
v -0.0302017424255610 -0.0130574237555265 -0.0058203716762364
vn -2.2118028122141684 -3.7781097565639072 3.9752266971590431
v -0.0298773199319839 -0.0130430208519101 -0.0054270462132990
vn -2.2117980945284113 -5.0480334125420265 2.1433027169138312
v -0.0298773199319839 -0.0132569577544928 -0.0057356539182365
vn -5.4148573067878907 -2.0596761581667700 2.3213883875675103
v -0.0299951042979956 -0.0068454174324870 0.0055864402092993
vn -2.9541976850998637 -4.5817742641630250 2.9337604382832621
v -0.0300737507641315 -0.0072034364566207 0.0050318650901318
vn -1.6367068748485047 -5.7713080023041394 1.6480940968845168
v -0.0298147909343243 -0.0074316966347396 0.0047735497355461
vn -0.2771620698918884 -6.2504419448798743 0.3271696890960665
v -0.0298943631350994 -0.0074870977550745 0.0042717307806015
vn -0.1676090784870314 -6.2474437902208972 0.4131488689942382
v -0.0302466917783022 -0.0074856602586806 0.0040870066732168
vn -0.7374329480746751 -5.8534626517504691 1.9103969219221493
v -0.0304165203124285 -0.0074286768212914 0.0043854643590748
vn -1.5676706784494041 -4.5168955009993379 3.9396887606406863
v -0.0305434092879295 -0.0072010797448456 0.0047289594076574
vn -2.1092942401428112 -2.3672879461452805 5.3277594716763419
v -0.0306247565895319 -0.0068404688499868 0.0049508451484144
vn -4.1265814537907373 -2.3177299984264454 3.9872271471345027
v -0.0302397683262825 -0.0068424027413130 0.0051991422660649
vn -0.3016503637664860 -2.9280385838286969 -3.1352290181342140
v -0.0174946356564760 -0.0074923150241375 0.0049418597482145
vn -3.1123466256347072 -2.9499108558356495 -0.3246197965514749
v -0.0154946343973279 -0.0074767502956092 0.0029419206548482
vn -2.8497549448275734 -2.7576487228255022 -1.1993205645931202
v -0.0156468767672777 -0.0074827070347965 0.0037072645500302
vn -2.1807348814318206 -2.7534820068648305 -2.2022291874627125
v -0.0160804223269224 -0.0074877571314573 0.0043560913763940
vn -1.1778062100603726 -2.7450942724483074 -2.8711954588973172
v -0.0167292673140764 -0.0074911299161613 0.0047896234318614
vn -3.1415937248997325 -3.1414969253396796 -0.0244497945636798
v -0.0154946343973279 -0.0074534034356475 -0.0000579884799663
vn -3.0913208190078629 -2.9016977410830251 0.3713791710149184
v -0.0154946343973279 -0.0074300547130406 -0.0030578975565732
vn -0.3939507452538782 -2.9226902825726757 3.0686682881038485
v -0.0174946356564760 -0.0074144895188510 -0.0050578373484313
vn -1.5236522808537825 -2.6711741546706653 2.6098965414973545
v -0.0164946373552084 -0.0074165742844343 -0.0047898963093758
vn -2.6306169367914083 -2.6625571527207459 1.5029873275962244
v -0.0157625842839479 -0.0074222730472684 -0.0040578674525023
vn -0.3064511950828472 -3.3620548150616063 3.0853514233467192
v -0.0294946357607841 -0.0074144881218672 -0.0050578373484313
vn -1.1791309568707764 -3.5563413248274607 2.8190877299013786
v -0.0298773199319839 -0.0074138953350484 -0.0051339552737772
vn -2.1787480863274000 -3.5511396152265888 2.1511846011079014
v -0.0302017424255610 -0.0074122087098658 -0.0053507215343416
vn -2.8466944546346045 -3.5433604975902702 1.1515974407364853
v -0.0304185152053833 -0.0074096848256886 -0.0056751351803541
vn 0.5654877247780077 -3.4765008072533083 4.5790236314609096
v -0.0350275821983814 -0.0070826681330800 0.0047504110261798
vn -1.7307037465277093 -0.4372058693046166 5.9464447966519938
v -0.0353358909487724 -0.0064918757416308 0.0048896153457463
vn -1.6651751552110581 -2.8744534813342053 5.0213780061667039
v -0.0352297239005566 -0.0069450363516808 0.0048056486994028
vn -2.3959647397336044 -1.6292721545504523 5.2602990763391047
v -0.0353649780154228 -0.0067373602651060 0.0048435069620609
vn -3.0898080599187061 -0.4826669588835157 5.3296123175860135
v -0.0354125015437603 -0.0064916317351162 0.0048581534065306
vn -1.5515264292133661 -4.9725134228367729 2.9180870830652799
v -0.0352135226130486 -0.0073271375149488 0.0044417623430490
vn -2.1466334660121449 -5.5447289391760703 0.9889144241763170
v -0.0353579632937908 -0.0074118520133197 0.0040398119017482
vn -3.0097112434093405 -3.8319523693700317 3.3055819924196612
v -0.0354999825358391 -0.0071321008726954 0.0045200395397842
vn -3.9765403153764343 -4.2243079683643128 1.4201613657292960
v -0.0356744229793549 -0.0071963877417147 0.0041262870654464
vn -4.1441136910235024 -2.0901208761593875 3.6231001056092733
v -0.0356916487216949 -0.0068378015421331 0.0045736879110336
vn -5.2285866552607088 -2.2827699122443939 1.6824996069508242
v -0.0358861610293388 -0.0068712672218680 0.0041855541057885
vn -4.6157315129747962 -0.5809570820559394 3.8482654249442532
v -0.0357589945197105 -0.0064895795658231 0.0045944442972541
vn -5.7845073958613762 -0.6151287151981754 1.8153123188275981
v -0.0359605625271797 -0.0064865760505199 0.0042084841988981
vn -0.6356034969126040 -0.0107263421827478 6.2179619410796425
v -0.0349946357309818 -0.0030920205172151 0.0049761068075895
vn -0.4962499635425601 0.3610580972368696 6.2190510982648721
v -0.0345304720103741 -0.0018082277383655 0.0049860985018313
vn -0.5816367068298197 0.2392345196771429 6.2169216179381834
v -0.0347849540412426 -0.0021989063825458 0.0049830577336252
vn -0.6367818784344359 0.0991244969248746 6.2148170171774311
v -0.0349425747990608 -0.0026376114692539 0.0049796435050666
vn -6.1822855973071285 0.3489343412808927 0.6171206584949440
v -0.0359946340322495 -0.0030846877489239 0.0039761336520314
vn -5.6466342558067426 0.3203021646404826 2.3261543553013131
v -0.0359184220433235 -0.0030876307282597 0.0043586995452642
vn -4.3500513649485022 0.2268370807856814 4.3101605514482326
v -0.0357015281915665 -0.0030900561250746 0.0046829874627292
vn -2.3887643840449648 0.0992054606928560 5.6595422293565241
v -0.0353772342205048 -0.0030915995594114 0.0048998855054379
vn -4.7127537208457966 3.8897085028671072 0.8056481189613529
v -0.0352983921766281 -0.0011612854432315 0.0040267943404615
vn -5.4869564074090071 2.7014527673661153 0.7362277387046798
v -0.0356803834438324 -0.0017463467083871 0.0040115173906088
vn -4.2645937738231767 3.5201982514799921 2.4629106011328887
v -0.0352322049438953 -0.0012192968279123 0.0043978635221720
vn -4.9784362802072515 2.4516912266865081 2.4102460026765895
v -0.0356056056916714 -0.0017865661066025 0.0043860762380064
vn -3.2869825262445111 2.6930264848946672 4.3580340912770392
v -0.0350638963282108 -0.0013618769589812 0.0047089802101254
vn -3.8449425216721997 1.8744484905199816 4.3257067745938800
v -0.0354100130498409 -0.0018861941061914 0.0047011529095471
vn -1.8260499878234742 1.4690774396850890 5.6619594595997746
v -0.0348181314766407 -0.0015681390650570 0.0049151345156133
vn -2.1379627106592425 1.0160703779272853 5.6493177355744688
v -0.0351223945617676 -0.0020307074300945 0.0049105226062238
vn -5.9690226841104765 1.3824645371357107 0.6668604787171466
v -0.0359165482223034 -0.0024038939736784 0.0039941957220435
vn -5.4314987936246490 1.2483978710376193 2.3473460889598856
v -0.0358387865126133 -0.0024248941335827 0.0043727047741413
vn -4.2038901063567993 0.9466315797623934 4.2908643514693923
v -0.0356267243623734 -0.0024765972048044 0.0046922788023949
vn -2.3401664858551836 0.5008319531733412 5.6359666490396823
v -0.0353123769164085 -0.0025512094143778 0.0049053146503866
vn -2.3624876771062460 0.1744067071204228 -5.6717227241118930
v -0.0353706888854504 -0.0033030682243407 -0.0087464656680822
vn -4.3299536183195597 0.2709627639191909 -4.3274659675397125
v -0.0356981717050076 -0.0033047057222575 -0.0085302181541920
vn -5.6421376823120131 0.3256906817294501 -2.3359092087593614
v -0.0359175056219101 -0.0033072100486606 -0.0082047935575247
vn -6.1842646107041119 0.3314131043466262 -0.6229955757740013
v -0.0359946340322495 -0.0033101928420365 -0.0078200399875641
vn -6.2624308807963374 0.3599831436987563 0.0194245619546833
v -0.0359946340322495 -0.0030821787659079 0.0039371415041387
vn -6.2693090298815521 0.2944298860574117 0.0140834059353620
v -0.0359946340322495 -0.0029533947817981 0.0010084011591971
vn -6.2698141004179035 0.2894474318658697 -0.0057323133372468
v -0.0359946340322495 -0.0029494557529688 -0.0019631301984191
vn -6.2698807092688087 0.2882353380873384 -0.0178233492431665
v -0.0359946340322495 -0.0030718769412488 -0.0049302303232253
vn -3.4466817792980371 5.1919988571371087 -0.5876873640386683
v -0.0285152960568666 0.0038098797667772 -0.0082560367882252
vn -3.6481222445665291 5.0899164153080019 -0.4605732817621089
v -0.0285178497433662 0.0038775787688792 -0.0075443922542036
vn -2.9303455790909894 5.4732520377160503 -0.4668063064535610
v -0.0282742194831371 0.0040833679959178 -0.0071017434820533
vn -1.1803508741204016 6.0277601776466430 -0.5375116291761599
v -0.0272947493940592 0.0044629834592342 -0.0071313981898129
vn -1.0514516884160199 6.0904734018213453 -0.3683012932270650
v -0.0273022726178169 0.0046492991968989 -0.0043365936726332
vn -2.2627212931803511 5.2527947450987638 -0.6146978318620170
v -0.0272836014628410 0.0041759996674955 -0.0099176624789834
vn -1.7809827902636080 1.5061085845381159 -5.6777604804812842
v -0.0348062366247177 -0.0017827516421676 -0.0087409466505051
vn -1.4588114276517536 1.7617404500556919 -5.7213988382986312
v -0.0344122275710106 -0.0014115741942078 -0.0087395403534174
vn -3.5603106418276518 4.2139892408003492 -2.6744963830040529
v -0.0347379669547081 -0.0009850207716227 -0.0082455975934863
vn -4.2229295779968101 3.5104810954459693 -2.5729567856726643
v -0.0352227464318275 -0.0014407178387046 -0.0082378340885043
vn -3.9762775930449537 4.6690983783629960 -1.0477498255176527
v -0.0347986593842506 -0.0009075936977752 -0.0078877070918679
vn -4.7127569429584302 3.8695456118739040 -0.9162227563341363
v -0.0352965854108334 -0.0013822225155309 -0.0078745931386948
vn -5.4777745886930287 2.7104582904428751 -0.8279126710939775
v -0.0356792919337749 -0.0019688226748258 -0.0078582745045424
vn -4.9373691281307917 2.4636664843775415 -2.4990254599508090
v -0.0355981513857841 -0.0020061654504389 -0.0082280570641160
vn -3.2277999361777168 2.6923667924512262 -4.4129689563264041
v -0.0350511930882931 -0.0015808513853699 -0.0085407681763172
vn -2.6932663300648940 3.2018453199732981 -4.4973262015713154
v -0.0346030034124851 -0.0011610313085839 -0.0085431523621082
vn -2.0907879343887417 1.0768608672144337 -5.6629501678653389
v -0.0351113826036453 -0.0022434650454670 -0.0087426640093327
vn -2.2977055797500006 0.5831339924073295 -5.6519259214737314
v -0.0353032723069191 -0.0027627872768790 -0.0087445545941591
vn -4.1578753885214672 1.0148461741082997 -4.3253231784277020
v -0.0356191955506802 -0.0026911213062704 -0.0085341297090054
vn -3.7860056910494406 1.9067531281615842 -4.3672141044730015
v -0.0353991836309433 -0.0021023908630013 -0.0085377162322402
vn -5.4070722161515956 1.2839323531446236 -2.4045732830111306
v -0.0358343124389648 -0.0026436774060130 -0.0082167992368340
vn -5.9739027728711100 1.3677464108627950 -0.7266104956852651
v -0.0359162837266922 -0.0026275885757059 -0.0078396657481790
vn -4.6128135024988737 4.2225606327958696 -0.1243094525292939
v -0.0352036543190479 -0.0009211554424837 -0.0020022082608193
vn -4.0878659360885479 4.7352505973055230 -0.3752952792241895
v -0.0347992368042469 -0.0008348545525223 -0.0071219303645194
vn -6.1495198134290803 1.1429608706751744 -0.0660459240443784
v -0.0359451510012150 -0.0025298551190645 -0.0049638031050563
vn -5.8291084620331031 2.2608821636128660 -0.1287173210158596
v -0.0357922278344631 -0.0019909359980375 -0.0049971835687757
vn -5.2938232765418221 3.3155380374747181 -0.2203696617484664
v -0.0355409644544125 -0.0014888739679009 -0.0050282808952034
vn -4.5337494813420314 4.2718635376815390 -0.3293820380754878
v -0.0352036543190479 -0.0010459144832566 -0.0050557176582515
vn -4.0099562055057154 4.8138931526800182 -0.2613579618008383
v -0.0348009392619133 -0.0006336556398310 -0.0042409026063979
vn -5.3135374410549101 3.2950699053240036 -0.0865855464952507
v -0.0355409644544125 -0.0013648783788085 -0.0019934570882469
vn -5.3315776722323225 3.2710147596536849 0.1206250842591022
v -0.0355409644544125 -0.0013686448801309 0.0010439340258017
vn -5.8330621087688019 2.2482767618672952 0.0641410454864573
v -0.0357922278344631 -0.0018715413752943 0.0010326582705602
vn -6.1453259280720856 1.1545732557169273 0.0500017292694401
v -0.0359451510012150 -0.0024113620165735 0.0010205544531345
vn -5.8277301981903715 2.2652012656835927 -0.0448523944411314
v -0.0357922278344631 -0.0018678029300645 -0.0019835382699966
vn -6.1484470984448194 1.1487390886671001 -0.0227293995452507
v -0.0359451510012150 -0.0024076497647911 -0.0019728911574930
vn -3.6680375924924364 0.5256135230615120 -3.0491879236438697
v -0.0299947448074818 0.0016811706591398 -0.0087692067027092
vn -1.3315720656752799 1.7860007817797676 -5.7663133859353985
v -0.0318084582686424 0.0005552811780944 -0.0087258620187640
vn -4.0653104603387895 0.9812453582665204 -2.8324364230953449
v -0.0299946721643209 0.0019260438857600 -0.0087160002440214
vn -2.2481361775072863 3.0243311939869302 -4.9898254647561062
v -0.0319958478212357 0.0008012743201107 -0.0085368528962135
vn -4.4393892316392787 1.9424059175572672 -2.5828186038669574
v -0.0299946349114180 0.0021490806248039 -0.0086266640573740
vn -2.7943256579784834 3.7224455499899083 -4.1746129460190895
v -0.0320068672299385 0.0008156979456544 -0.0085201850160956
vn -4.5110015732488105 3.2967346156952799 -2.0890230060573884
v -0.0299327913671732 0.0025223030243069 -0.0083875600248575
vn -3.3637454029576777 4.4471197984968160 -2.6589249102317716
v -0.0321393385529518 0.0009883156744763 -0.0082219941541553
vn -4.2781485181780292 4.3276098932839062 -1.3024825917128278
v -0.0298504978418350 0.0027108681388199 -0.0082258712500334
vn -3.7179173128927299 4.9195958428404856 -1.0538610333368759
v -0.0321974344551563 0.0010623054113239 -0.0078711435198784
vn -3.8683128115903149 4.8991121170718817 -0.6536058028104074
v -0.0295961927622557 0.0030321599915624 -0.0078545911237597
vn -3.6551241318363905 4.8970294686366955 -1.3282213931557729
v -0.0290449112653732 0.0028196056373417 -0.0126862470060587
vn -3.9289023173636499 4.6393644794745779 -1.3014917834818274
v -0.0295945964753628 0.0023896924685687 -0.0127602098509669
vn -4.1608220550038197 4.6240537331553462 -0.5967840747270804
v -0.0295954886823893 0.0027513098903000 -0.0103128002956510
vn -3.3487268547382656 4.4930805744938684 -2.7148361972826986
v -0.0294945389032364 0.0022469428367913 -0.0132928611710668
vn -3.0695548282412650 4.4929296181059648 -2.9135337352025648
v -0.0290808044373989 0.0025794852990657 -0.0132261803373694
vn -3.1431879730951309 3.8304371830340553 -3.7184888554192623
v -0.0294518284499645 0.0021712584421039 -0.0134324235841632
vn -1.9500243759388156 3.3741990333303034 -4.7846355374194625
v -0.0288123842328787 0.0023114848881960 -0.0136751625686884
vn -2.1252307603493623 3.2470736084060894 -4.8381089253065497
v -0.0293188486248255 0.0019148403080180 -0.0137432264164090
vn -0.7709663368891408 2.0102360089956490 -5.8317094619005276
v -0.0284704621881247 0.0019198678201064 -0.0139482021331787
vn -1.6233478480556349 2.5063135845824993 -5.4319457525372812
v -0.0292042829096317 0.0016782014863566 -0.0139173315837979
vn -1.0279307471211794 1.5659674132718269 -5.9220143384238275
v -0.0290926191955805 0.0014376455219463 -0.0140279242768884
vn 0.1135304048352317 0.9076875665113742 -6.1903915283904265
v -0.0282960534095764 0.0017057158984244 -0.0140018137171865
vn -0.5249570411076587 0.6321554479373346 -6.1437491844187564
v -0.0289787426590919 0.0011836719932035 -0.0140891391783953
vn -0.0636454809752918 0.2017516563690086 -6.2244661283293894
v -0.0289041940122843 0.0010128662688658 -0.0141021199524403
vn 0.6316296129451201 0.2541512160493178 -6.2410099898229365
v -0.0281397700309753 0.0015052325325087 -0.0140048479661345
vn 0.2378605282968731 0.0157230230490405 -6.2529312607096834
v -0.0288703516125679 0.0009341208497062 -0.0141008021309972
vn -1.7170871447365572 -3.9553940280188056 -4.0341363032569735
v -0.0292821377515793 -0.0130231399089098 -0.0138944257050753
vn -1.7445555372371262 -5.2018026960722290 -2.2953932115574238
v -0.0292821377515793 -0.0132331727072597 -0.0135853243991733
vn -4.2179736901924505 -4.4662820564676577 -0.4984551733271284
v -0.0296525228768587 -0.0131042720749974 -0.0132177835330367
vn -5.0502503347721124 -3.4861319615059165 -0.6385488971755912
v -0.0298606604337692 -0.0128511628136039 -0.0132158137857914
vn -5.4699985076315087 -2.3744724751926811 -1.0901155319873579
v -0.0299050994217396 -0.0127320419996977 -0.0133731653913856
vn -5.8242488540994710 -2.1353606183783302 -0.2321437635384397
v -0.0299050994217396 -0.0127647547051311 -0.0132151413708925
vn -6.1399688749558656 -0.5400672356353189 -0.5485388093757435
v -0.0299946367740631 -0.0123511785641313 -0.0132119227200747
vn -1.6612515063960693 -5.8926935904804125 -0.6220073013222841
v -0.0292821377515793 -0.0133089283481240 -0.0132193760946393
vn -3.0136705943651325 -5.3567103445193922 -0.6424361465707468
v -0.0294946357607841 -0.0132171763107181 -0.0132186617702246
vn -3.8999333654360586 -4.1382080190629127 -1.8383581661349504
v -0.0296525228768587 -0.0130447018891573 -0.0135055333375931
vn -3.8395350634431975 -3.1905523086304464 -3.2406045309778504
v -0.0296525228768587 -0.0128795513883233 -0.0137485852465034
vn -5.4465752618992820 -1.8461224435215935 -1.8750867551432453
v -0.0299050994217396 -0.0126413451507688 -0.0135066416114569
vn -5.4465784964999369 -0.9880327399991280 -2.4388320110598740
v -0.0299050994217396 -0.0125064728781581 -0.0135952495038509
vn -3.8395392268146638 -1.7075575288389764 -4.2149094441783745
v -0.0296525228768587 -0.0126339588314295 -0.0139099331572652
vn -1.6834767030796458 -2.1199562173025353 -5.2365325595681238
v -0.0292821377515793 -0.0127108078449965 -0.0140996212139726
vn -1.7288218077809341 -0.5130545336618386 -5.7687935552325129
v -0.0292821377515793 -0.0123437242582440 -0.0141696734353900
vn -3.9392162921397613 -0.4157872039959527 -4.5899767154245561
v -0.0296525228768587 -0.0123453158885241 -0.0139650162309408
vn -5.5188793256014828 -0.2416990247944323 -2.5874979602246260
v -0.0299050994217396 -0.0123479599133134 -0.0136254997923970
vn -5.2271282612467482 3.2578735210361804 -0.4131740821167926
v -0.0298415906727314 0.0024839418474585 -0.0102926185354590
vn -6.2138295202757066 0.6445337468686833 -0.1111148602286026
v -0.0299946349114180 0.0016003309283406 -0.0126300146803260
vn -6.2679861216178994 0.3058566152798046 -0.0394088386848816
v -0.0299946349114180 0.0019019537139684 -0.0106321508064866
vn -6.0593629597144378 1.3084739725120818 -0.1150616186499000
v -0.0299768615514040 0.0021429089829326 -0.0102478014305234
vn -5.6492771689687569 2.4021229026237987 -0.5951128228025184
v -0.0299000330269337 0.0020191997755319 -0.0126991020515561
vn -4.7325088882686730 3.8486652395832008 -1.0296382605516270
v -0.0297632496803999 0.0022315050009638 -0.0127341188490391
vn -2.8789383582431993 3.2279921381387231 -4.4140398280755759
v -0.0294594150036573 0.0018735327757895 -0.0136982165277004
vn -5.6388786736776497 0.1572775313595397 -2.3912189110860749
v -0.0299227535724640 0.0009292950853705 -0.0134808551520109
vn -6.2161787129854984 0.0822087317233817 -0.6375313630035800
v -0.0299946349114180 0.0009263985557482 -0.0131085850298405
vn -6.2272722190552230 0.2106119859898479 -0.5407944486777335
v -0.0299946349114180 0.0012786318548024 -0.0130244456231594
vn -4.9548232025977752 2.0677182814592641 -2.9398352540013937
v -0.0298095084726810 0.0016986473929137 -0.0134472129866481
vn -5.8422325310219989 1.1725672548187323 -1.5650418177501426
v -0.0299483481794596 0.0015392188215628 -0.0132183851674199
vn -5.9536504515815833 1.3802542059525933 -0.8948522221756909
v -0.0299617536365986 0.0017381464131176 -0.0129531379789114
vn -5.7112615574183270 0.5773725751119860 -2.1517130618343794
v -0.0299299210309982 0.0012536135036498 -0.0134133649989963
vn -4.6064185613263211 1.1996689385746597 -3.8476816137445082
v -0.0297383721917868 0.0013438242021948 -0.0137146469205618
vn -4.3645468134340142 0.5918706785789518 -4.2444111263616850
v -0.0296992529183626 0.0011412660824135 -0.0138014834374189
vn -2.2644081093182953 0.7319716136808829 -5.6245234684966672
v -0.0293683968484402 0.0011730996193364 -0.0140174161642790
vn -2.7790762294735685 1.5424448275304834 -5.2530047729260456
v -0.0294461268931627 0.0014080882538110 -0.0139292571693659
vn -3.3083261785986000 2.1912000609914268 -4.6862051207173847
v -0.0295216646045446 0.0016289980849251 -0.0137990210205317
vn -3.8242982322907597 2.9043848254852209 -3.8044868078832281
v -0.0295916460454464 0.0018259538337588 -0.0136299291625619
vn -3.8124644239582195 4.0211702099398767 -2.6426696712378694
v -0.0296039413660765 0.0021861097775400 -0.0132522396743298
vn -4.3773326365011629 3.5725715059223373 -2.3636082072849018
v -0.0297027844935656 0.0021138542797416 -0.0132039925083518
vn -5.3157270911818753 2.5462317052622963 -1.7413881996468774
v -0.0298621766269207 0.0019402598263696 -0.0130880828946829
vn -6.2455358594399941 0.3650065741323362 -0.3057561597578266
v -0.0299946349114180 0.0015111960237846 -0.0128339128568769
vn -4.0229181441452635 0.1318304287258558 -4.5954386461361487
v -0.0296563431620598 0.0009322314872406 -0.0138583229854703
vn -1.5707886454583697 0.3191429293638528 -5.8954633406449002
v -0.0292486809194088 0.0009339246316813 -0.0140757486224174
vn -5.3192040297781125 2.2533746888073880 -0.2157340344617650
v -0.0504946410655975 -0.0620593652129173 0.0156156718730927
vn -5.3282346547896875 2.2541728380595201 -0.0591500516065495
v -0.0504946410655975 -0.0620561726391315 0.0156695209443569
vn -2.1265723140492132 5.2599031792024604 -0.3865257923781428
v -0.0498946420848370 -0.0614561922848225 0.0156741887331009
vn -5.2921330663187263 2.2590243062438518 -0.3725841109104955
v -0.0504946410655975 -0.0620795600116253 0.0154560673981905
vn -2.1654120881701031 5.2062785419570279 -1.0937509696471717
v -0.0498946458101273 -0.0615740939974785 0.0149360746145248
vn -5.3162924470194604 2.2205667650715832 -0.4544530506651759
v -0.0504946410655975 -0.0621193684637547 0.0152455391362309
vn -2.1029239143142324 4.8070416713392072 -2.0810484397734639
v -0.0498946458101273 -0.0619134381413460 0.0138121088966727
vn -5.2488477868901358 2.1264136555325819 -0.9337267702880920
v -0.0504946447908878 -0.0624794960021973 0.0140110393986106
vn -2.1894754301614028 5.1280129318597112 -1.4712739035636502
v -0.0498946420848370 -0.0616425015032291 0.0146704567596316
vn -5.3312150280187804 2.1680706811696133 -0.6094742106848565
v -0.0504946410655975 -0.0622208975255489 0.0148292183876038
vn -5.4426573520310928 2.1278627621059583 -0.1625599551485041
v -0.0504946410655975 -0.0620743222534657 0.0180015582591295
vn -2.2992816055079150 5.4206018094572972 -0.4401702040808529
v -0.0498946420848370 -0.0614743418991566 0.0180062279105186
vn -5.5077979693317545 -1.9240560284234602 -0.7026418817995892
v -0.0504946410655975 -0.0551012232899666 0.0192871373146772
vn -5.4426643456616306 -2.1250671386842348 -0.1956598370345448
v -0.0504946410655975 -0.0548745393753052 0.0180575940757990
vn -2.2992882897489411 -5.4130878182343185 -0.5244857304924884
v -0.0498946420848370 -0.0554745234549046 0.0180529244244099
vn -2.3109536475827404 -5.2334869439100400 -1.4989014721399712
v -0.0498946420848370 -0.0556634254753590 0.0190775450319052
vn -2.2840429454740510 -4.8663533813658608 -2.4603691733758453
v -0.0498946420848370 -0.0557118095457554 0.0191991608589888
vn -5.4926375164450363 -1.5809679804088130 -1.3308712189279082
v -0.0504946410655975 -0.0557347647845745 0.0203650034964085
vn -2.3135437245503021 -4.3315532330682203 -3.2946933402147813
v -0.0498946420848370 -0.0561913736164570 0.0199757646769285
vn -2.2707946462416366 -3.6526662687017959 -4.0655741511736903
v -0.0498946420848370 -0.0563696846365929 0.0201673414558172
vn -5.4834195936515586 -1.0326822565745275 -1.8029311020845982
v -0.0504946410655975 -0.0566987507045269 0.0211611818522215
vn -2.3152702678558308 -2.8402651801251189 -4.6408704210446512
v -0.0498946420848370 -0.0569946989417076 0.0206392481923103
vn -2.2617749624150028 -1.9379989685594561 -5.1192920182881583
v -0.0498946420848370 -0.0573479868471622 0.0208100639283657
vn -5.4791077195940989 -0.3489398816214180 -2.0535727727031334
v -0.0504946410655975 -0.0578769110143185 0.0215796418488026
vn -2.3161336082391095 -0.9626562900953481 -5.3546057986673983
v -0.0498946420848370 -0.0579764954745770 0.0209879633039236
vn -2.2585736249792219 0.0426225496933661 -5.4766566779454013
v -0.0498946420848370 -0.0584977790713310 0.0210294835269451
vn -5.4987372693718841 0.4015526768460516 -2.0201363234383858
v -0.0504946410655975 -0.0591271370649338 0.0215699095278978
vn -2.2820307879257724 1.1025182277017287 -5.3558553018169137
v -0.0498946420848370 -0.0590183548629284 0.0209798552095890
vn -5.5061168384460553 1.0473498461519681 -1.7613784021924270
v -0.0504946410655975 -0.0602986402809620 0.0211331639438868
vn -2.1835216814584975 1.9778515726630896 -5.1742453159297970
v -0.0498946420848370 -0.0596440173685551 0.0207921955734491
vn -2.2922058919797688 2.9518063746170879 -4.5933461357796661
v -0.0498946420848370 -0.0599946081638336 0.0206158980727196
vn -5.5082234373406500 1.5832375465321982 -1.2972356384967434
v -0.0504946410655975 -0.0612501166760921 0.0203220788389444
vn -2.2295758195968602 3.7077399086596952 -4.0629050512010192
v -0.0498946420848370 -0.0606121979653835 0.0201343223452568
vn -2.3018420496970995 4.4005406629441604 -3.2185471172829256
v -0.0498946420848370 -0.0607875026762486 0.0199399944394827
vn -5.5134814102453529 1.9248112136598439 -0.6790570094883744
v -0.0504946410655975 -0.0618668049573898 0.0192344840615988
vn -2.3109555307927718 5.2561797707269431 -1.4172903654973084
v -0.0498946420848370 -0.0613014101982117 0.0190336648374796
vn -2.2682051950309154 4.9076550013203546 -2.4078913049607138
v -0.0498946420848370 -0.0612549223005772 0.0191560219973326
vn -5.2691770826482998 -2.2965455365332579 -0.2174106783637355
v -0.0504946410655975 -0.0548563934862614 0.0157255548983812
vn -2.1277291054546934 -5.2423795489186213 -0.4875741621637945
v -0.0498946420848370 -0.0554563738405704 0.0157208871096373
vn -2.1713900150156014 -5.1719428264350604 -1.2117903460240964
v -0.0498946420848370 -0.0553111471235752 0.0149239897727966
vn -5.2977057167219428 -2.2339162278596598 -0.4729028449529139
v -0.0504946410655975 -0.0547783561050892 0.0152671206742525
vn -2.1967488761515885 -5.0901559738967208 -1.5834814978774951
v -0.0498946420848370 -0.0552325434982777 0.0146457785740495
vn -5.3295090594912020 -2.1585929352307809 -0.6485197877868671
v -0.0504946410655975 -0.0546580441296101 0.0148180089890957
vn -2.0917015567186907 -4.7171414854394147 -2.2481337111185571
v -0.0498946458101273 -0.0549178794026375 0.0137262083590031
vn -5.3237999869356658 -2.1420834439278496 -0.7198722328662346
v -0.0504946410655975 -0.0545151904225349 0.0143759604543447
vn -5.2430066068075760 -2.0855487359790388 -1.0326948461811318
v -0.0504946410655975 -0.0543567575514317 0.0139386756345630
vn -5.2825413780413095 2.2677541317475516 -0.3721524738005446
v -0.0504946410655975 -0.0486889295279980 0.0155424512922764
vn -5.2982276191236259 2.2785430210541739 -0.1239942336148109
v -0.0504946410655975 -0.0486626587808132 0.0157737601548433
vn -2.1225083572787664 5.2552357006263914 -0.4015959858293354
v -0.0498946420848370 -0.0480626784265041 0.0157784298062325
vn -2.1638252389911297 5.1983155372744969 -1.1313619363593250
v -0.0498946420848370 -0.0481954813003540 0.0149793699383736
vn -5.3135797808255800 2.2205199972721976 -0.4672814432836617
v -0.0504946410655975 -0.0487334243953228 0.0153144756332040
vn -2.0907493558642867 4.7500324069940643 -2.1685372219569135
v -0.0498946420848370 -0.0485700592398643 0.0137756122276187
vn -5.2338226823460028 2.1164089610256478 -0.9841051028141599
v -0.0504946410655975 -0.0491344183683395 0.0139793213456869
vn -2.1888760192858321 5.1156195390512229 -1.5123347657351407
v -0.0498946420848370 -0.0482695139944553 0.0147007843479514
vn -5.3308630905198413 2.1634894103723665 -0.6265578942731018
v -0.0504946410655975 -0.0488467030227184 0.0148639632388949
vn -5.4426560449267729 2.1278643804950370 -0.1625580952836480
v -0.0504946410655975 -0.0486808083951473 0.0181057974696159
vn -2.2992836592413863 5.4206003749234482 -0.4401648060097621
v -0.0498946420848370 -0.0480808280408382 0.0181104671210051
vn -5.5077927828679138 -1.9240596383069668 -0.7026432819268408
v -0.0504946410655975 -0.0417077094316483 0.0193913783878088
vn -5.4426577073527671 -2.1250723734268138 -0.1956602242114794
v -0.0504946410655975 -0.0414810255169868 0.0181618314236403
vn -2.2992808183613378 -5.4130945115171087 -0.5244852741317163
v -0.0498946383595467 -0.0420810095965862 0.0181571617722511
vn -2.3109446874313426 -5.2334957938922448 -1.4988877966570506
v -0.0498946383595467 -0.0422699116170406 0.0191817842423916
vn -2.2840381881619281 -4.8663663853720074 -2.4603612203763343
v -0.0498946383595467 -0.0423182956874371 0.0193034019321203
vn -5.4926313840657830 -1.5809702831554231 -1.3308755308960867
v -0.0504946410655975 -0.0423412509262562 0.0204692427068949
vn -2.3135385942347835 -4.3315460129861405 -3.2947216020497314
v -0.0498946383595467 -0.0427978597581387 0.0200800057500601
vn -2.2707806639171917 -3.6526555668275158 -4.0655885893729211
v -0.0498946383595467 -0.0429761707782745 0.0202715788036585
vn -5.4834126118908371 -1.0326864937711400 -1.8029317769597732
v -0.0504946410655975 -0.0433052368462086 0.0212654210627079
vn -2.3152611701220209 -2.8402867929198927 -4.6408656524855045
v -0.0498946383595467 -0.0436011813580990 0.0207434855401516
vn -2.2617706724817972 -1.9380069895424739 -5.1192984675571971
v -0.0498946383595467 -0.0439544729888439 0.0209143050014973
vn -5.4791007428550875 -0.3489427794370463 -2.0535425635922278
v -0.0504946410655975 -0.0444833934307098 0.0216838810592890
vn -2.3161245758793769 -0.9626584703544367 -5.3546092992333438
v -0.0498946383595467 -0.0445829816162586 0.0210922025144100
vn -2.2585730753304736 0.0426293204378471 -5.4766646295375168
v -0.0498946383595467 -0.0451042652130127 0.0211337246000767
vn -5.4987360637380673 0.4015553044153019 -2.0201369761079344
v -0.0504946410655975 -0.0457336232066154 0.0216741506010294
vn -2.2820243456004428 1.1025332627822499 -5.3558514386575613
v -0.0498946383595467 -0.0456248410046101 0.0210840925574303
vn -5.5061119843863793 1.0473531016256317 -1.7613828691495268
v -0.0504946410655975 -0.0469051264226437 0.0212374031543732
vn -2.1835137444771520 1.9778466244276678 -5.1742567768725767
v -0.0498946383595467 -0.0462505035102367 0.0208964347839355
vn -2.2921988548458860 2.9518068344390955 -4.5933528999308386
v -0.0498946383595467 -0.0466010905802250 0.0207201391458511
vn -5.5082180569024377 1.5832423264339952 -1.2972392474072025
v -0.0504946410655975 -0.0478566028177738 0.0204263180494308
vn -2.2295681397585625 3.7077424751331591 -4.0629126234848574
v -0.0498946383595467 -0.0472186841070652 0.0202385615557432
vn -2.3018350464400861 4.4005479257205984 -3.2185490801473211
v -0.0498946383595467 -0.0473939888179302 0.0200442336499691
vn -5.5134744929606114 1.9248187761962798 -0.6790595957839156
v -0.0504946410655975 -0.0484732910990715 0.0193387214094400
vn -2.3109511915634480 5.2561835148368345 -1.4173185609713790
v -0.0498946383595467 -0.0479078963398933 0.0191379059106112
vn -2.2681912233902337 4.9076491203764760 -2.4079140262665057
v -0.0498946383595467 -0.0478614084422588 0.0192602593451738
vn -5.2691791853087899 -2.2965425484655992 -0.2174070079024757
v -0.0504946410655975 -0.0414628759026527 0.0158297941088676
vn -2.1277283729515331 -5.2423796303055763 -0.4875767899567975
v -0.0498946383595467 -0.0420628599822521 0.0158251244574785
vn -2.1713846077828620 -5.1719475538352526 -1.2117923617343045
v -0.0498946383595467 -0.0419176332652569 0.0150282289832830
vn -5.2976897548809925 -2.2339296164366740 -0.4729008704596493
v -0.0504946410655975 -0.0413848422467709 0.0153713589534163
vn -2.1967466787229353 -5.0901586966445951 -1.5834856875161225
v -0.0498946383595467 -0.0418390296399593 0.0147500187158585
vn -5.3295134832515751 -2.1585856676857964 -0.6485230660990677
v -0.0504946410655975 -0.0412645265460014 0.0149222481995821
vn -2.0916910745172124 -4.7171306523464054 -2.2481515792738396
v -0.0498946420848370 -0.0415243655443192 0.0138304466381669
vn -5.3237845524903165 -2.1420990687784145 -0.7198656612636413
v -0.0504946410655975 -0.0411216765642166 0.0144801996648312
vn -5.2429930116303893 -2.0855501752186041 -1.0327168134140610
v -0.0504946410655975 -0.0409632436931133 0.0140429157763720
vn -5.2825487982523782 2.2677492659213092 -0.3721516168832260
v -0.0504946373403072 -0.0352954156696796 0.0156466905027628
vn -5.2982349065133301 2.2785380154227806 -0.1239939360435919
v -0.0504946373403072 -0.0352691449224949 0.0158779993653297
vn -2.1225092411658459 5.2552277570400907 -0.4016014455980255
v -0.0498946383595467 -0.0346691608428955 0.0158826690167189
vn -2.1638398574100450 5.1982999257449283 -1.1313790684437410
v -0.0498946420848370 -0.0348019674420357 0.0150836082175374
vn -5.3135872028717293 2.2205150626149592 -0.4672802383176609
v -0.0504946373403072 -0.0353399105370045 0.0154187148436904
vn -2.0910298660873234 4.7501067870302363 -2.1683772292835592
v -0.0498946420848370 -0.0351765416562557 0.0138798505067825
vn -5.2338075239492738 2.1163478702744292 -0.9841133412254129
v -0.0504946410655975 -0.0357409045100212 0.0140835596248507
vn -2.1888720602525127 5.1156281025392785 -1.5123408751439680
v -0.0498946383595467 -0.0348760001361370 0.0148050235584378
vn -5.3308683218529342 2.1634872950134274 -0.6265548203242430
v -0.0504946373403072 -0.0354531891644001 0.0149682024493814
vn -5.4426625304328340 2.1278594181772501 -0.1625578768588666
v -0.0504946373403072 -0.0352872945368290 0.0182100366801023
vn -2.2992855676868276 5.4205946299490879 -0.4401596546551529
v -0.0498946383595467 -0.0346873104572296 0.0182147063314915
vn -5.5078008332684920 -1.9240524346682024 -0.7026419095604529
v -0.0504946373403072 -0.0283141937106848 0.0194956157356501
vn -5.4426604016701159 -2.1250715998270007 -0.1956589276496636
v -0.0504946373403072 -0.0280875116586685 0.0182660706341267
vn -2.2992855049914027 -5.4130905424939062 -0.5244845933254478
v -0.0498946383595467 -0.0286874938756227 0.0182614009827375
vn -2.3109639947052134 -5.2334753762464903 -1.4989573263858926
v -0.0498946383595467 -0.0288763958960772 0.0192860215902328
vn -2.2840331263797173 -4.8663220714832658 -2.4604109734306983
v -0.0498946383595467 -0.0289247836917639 0.0194076392799616
vn -5.4926417101992939 -1.5809637370415555 -1.3308686755489902
v -0.0504946373403072 -0.0289477352052927 0.0205734819173813
vn -2.3135489310608430 -4.3315469456846971 -3.2947001359621257
v -0.0498946383595467 -0.0294043458998203 0.0201842430979013
vn -2.2707931059773045 -3.6526583284617655 -4.0655757211708226
v -0.0498946383595467 -0.0295826569199562 0.0203758180141449
vn -5.4834181525432779 -1.0326843730191571 -1.8029318169231257
v -0.0504946373403072 -0.0299117211252451 0.0213696584105492
vn -2.3152687442633701 -2.8402784029107129 -4.6408647529961033
v -0.0498946383595467 -0.0302076674997807 0.0208477247506380
vn -2.2617745532149587 -1.9380036118005739 -5.1192932477896358
v -0.0498946383595467 -0.0305609572678804 0.0210185423493385
vn -5.4791052636352537 -0.3489420896665963 -2.0535752657990409
v -0.0504946373403072 -0.0310898795723915 0.0217881184071302
vn -2.3161310469047289 -0.9626538804110112 -5.3546081770573322
v -0.0498946383595467 -0.0311894677579403 0.0211964417248964
vn -2.2585722579872431 0.0426227765432706 -5.4766583709394636
v -0.0498946383595467 -0.0317107513546944 0.0212379619479179
vn -5.4987386645464253 0.4015526905289154 -2.0201442335891997
v -0.0504946373403072 -0.0323401093482971 0.0217783879488707
vn -2.2820335577745072 1.1025211773503114 -5.3558527996137286
v -0.0498946383595467 -0.0322313234210014 0.0211883336305618
vn -5.5061205714948436 1.0473502083127364 -1.7613763921059411
v -0.0504946373403072 -0.0335116125643253 0.0213416423648596
vn -2.1835270401962528 1.9778536947314265 -5.1742396833435826
v -0.0498946383595467 -0.0328569896519184 0.0210006721317768
vn -2.2922094129083388 2.9518042023800186 -4.5933436030936754
v -0.0498946383595467 -0.0332075767219067 0.0208243764936924
vn -5.5082230823335818 1.5832388229226577 -1.2972375490507313
v -0.0504946373403072 -0.0344630889594555 0.0205305553972721
vn -2.2295690316286270 3.7077186343048365 -4.0629212967019566
v -0.0498946383595467 -0.0338251665234566 0.0203428007662296
vn -2.3018474924300598 4.4005320890323310 -3.2185658216979514
v -0.0498946383595467 -0.0340004749596119 0.0201484728604555
vn -5.5134822058383772 1.9248122982537377 -0.6790582155470807
v -0.0504946373403072 -0.0350797772407532 0.0194429606199265
vn -2.3109714951800284 5.2561667908707008 -1.4173695819051910
v -0.0498946383595467 -0.0345143824815750 0.0192421432584524
vn -2.2681897761199288 4.9076131643671408 -2.4079471127758802
v -0.0498946383595467 -0.0344678908586502 0.0193644985556602
vn -5.2691839793676918 -2.2965401244257024 -0.2174053821304101
v -0.0504946373403072 -0.0280693620443344 0.0159340333193541
vn -2.1277328857361271 -5.2423781893716965 -0.4875708443532835
v -0.0498946383595467 -0.0286693442612886 0.0159293636679649
vn -2.1713892640925616 -5.1719414395940744 -1.2117858742817345
v -0.0498946383595467 -0.0285241194069386 0.0151324681937695
vn -5.2976969888331586 -2.2339247772921293 -0.4728998012874158
v -0.0504946373403072 -0.0279913283884525 0.0154755981639028
vn -2.1967523476796349 -5.0901493355905814 -1.5834886042222691
v -0.0498946383595467 -0.0284455157816410 0.0148542579263449
vn -5.3295196658290349 -2.1585814193099782 -0.6485231386169343
v -0.0504946373403072 -0.0278710126876831 0.0150264874100685
vn -2.0917000507760677 -4.7171382713237406 -2.2481412189468890
v -0.0498946420848370 -0.0281308498233557 0.0139346867799759
vn -5.3237876134907687 -2.1420982307637790 -0.7198654594696308
v -0.0504946373403072 -0.0277281627058983 0.0145844388753176
vn -5.2430006026463065 -2.0855483406522231 -1.0327063317193144
v -0.0504946373403072 -0.0275697298347950 0.0141471549868584
vn -5.1491581760113014 1.8176101034049625 -1.5517785592646582
v -0.0504946410655975 -0.0625485405325890 0.0138888396322727
vn -1.9985945566079624 3.8499452435995805 -3.3213788725287410
v -0.0498946420848370 -0.0620860531926155 0.0135066090151668
vn -5.1435746502551840 1.0986950731720255 -2.0891203231130748
v -0.0504946410655975 -0.0626759901642799 0.0137868970632553
vn -1.9789071215216918 2.1332752118911444 -4.5673192932019866
v -0.0498946420848370 -0.0624333210289478 0.0132377874106169
vn -2.0313676159647218 0.0634516593842266 -5.0517017499495296
v -0.0498946420848370 -0.0628622844815254 0.0131436744704843
vn -5.0514740996033520 0.2402363275001095 -2.3327851912994588
v -0.0504928641021252 -0.0627578422427177 0.0137542756274343
vn -2.0811735064284362 -1.6094338503880845 -4.9156191601861341
v -0.0498946420848370 -0.0632073879241943 0.0132071040570736
vn -5.1145932743620630 -0.9216784756045254 -2.2234928028279235
v -0.0504670441150665 -0.0630067512392998 0.0137431928887963
vn -5.3282433166217720 -2.2529728736492052 -0.0941927554888419
v -0.0504946373403072 -0.0146758481860161 0.0160382725298405
vn -2.1239116606233113 -5.2565258952316087 -0.4646888106801332
v -0.0498946346342564 -0.0152758285403252 0.0160336028784513
vn -5.4426555457792221 -2.1250766521072855 -0.1956606958831418
v -0.0504946373403072 -0.0146939968690276 0.0183703098446131
vn -2.2992781890783158 -5.4130958798227118 -0.5244852623655887
v -0.0498946346342564 -0.0152939800173044 0.0183656401932240
vn -5.5077935727874507 -1.9240601106695383 -0.7026448512728958
v -0.0504946373403072 -0.0149206798523664 0.0195998549461365
vn -2.3109569533670076 -5.2334828710948589 -1.4989713322236999
v -0.0498946346342564 -0.0154828811064363 0.0193902626633644
vn -2.2840218886961656 -4.8663217774845355 -2.4604281070695189
v -0.0498946346342564 -0.0155312689021230 0.0195118784904480
vn -5.4926321298641554 -1.5809747409225727 -1.3308727703843004
v -0.0504946373403072 -0.0155542204156518 0.0206777192652225
vn -2.3135356410758212 -4.3315657550368059 -3.2946831459333836
v -0.0498946346342564 -0.0160108320415020 0.0202884823083878
vn -2.2707911352699885 -3.6526808895334519 -4.0655706617787688
v -0.0498946346342564 -0.0161891411989927 0.0204800590872765
vn -5.4834156250069244 -1.0326854117577373 -1.8029342569640021
v -0.0504946373403072 -0.0165182054042816 0.0214738994836807
vn -2.3152647185842432 -2.8402710654629231 -4.6408705654263978
v -0.0498946346342564 -0.0168141536414623 0.0209519639611244
vn -2.2617706055924414 -1.9380056114542148 -5.1192952917403751
v -0.0498946346342564 -0.0171674434095621 0.0211227815598249
vn -5.5026453182463060 -0.3160851912703230 -2.0308828130656433
v -0.0504946373403072 -0.0176963657140732 0.0218923594802618
vn -2.2712987124807134 -0.9003741264489975 -5.4017963197921306
v -0.0498946346342564 -0.0177959520369768 0.0213006809353828
vn -5.5065419816298879 0.3824684798143355 -2.0129487078244752
v -0.0504946373403072 -0.0189465936273336 0.0218826271593571
vn -2.1303969968584577 -0.0507704542029990 -5.5822768774293188
v -0.0498946383595467 -0.0183172356337309 0.0213422030210495
vn -2.2820282096499329 1.1025312822688373 -5.3558475338806577
v -0.0498946383595467 -0.0188378095626831 0.0212925709784031
vn -5.5061149338707445 1.0473499471778998 -1.7613811161301069
v -0.0504946373403072 -0.0201180968433619 0.0214458797127008
vn -2.1835185944885196 1.9778476593926888 -5.1742540441963607
v -0.0498946383595467 -0.0194634739309549 0.0211049132049084
vn -2.2922058820606304 2.9518095578650971 -4.5933433937681256
v -0.0498946383595467 -0.0198140628635883 0.0209286157041788
vn -5.5082273348556310 1.5832337291881855 -1.2972328613188364
v -0.0504946373403072 -0.0210695751011372 0.0206347964704037
vn -2.2295782309903514 3.7077285702107852 -4.0629079290281984
v -0.0498946383595467 -0.0204316545277834 0.0204470381140709
vn -2.3018489404903208 4.4005354743934664 -3.2185519081008729
v -0.0498946383595467 -0.0206069592386484 0.0202527120709419
vn -5.5134825642721470 1.9248101895951606 -0.6790564039368945
v -0.0504946373403072 -0.0216862615197897 0.0195472016930580
vn -2.2992827254877608 5.4205981449176237 -0.4401659272514716
v -0.0498946383595467 -0.0212937965989113 0.0183189436793327
vn -5.4426598124034200 2.1278602736964110 -0.1625585174250482
v -0.0504946373403072 -0.0218937788158655 0.0183142740279436
vn -2.3109653082203367 5.2561720569678378 -1.4173356930149059
v -0.0498946383595467 -0.0211208667606115 0.0193463824689388
vn -2.2681976187315294 4.9076300126703325 -2.4079224359416185
v -0.0498946383595467 -0.0210743770003319 0.0194687377661467
vn -5.2982158739032466 2.2785529874025414 -0.1240086955157408
v -0.0504946373403072 -0.0218756292015314 0.0159822367131710
vn -2.1225016984691201 5.2552431949395118 -0.4015990415767192
v -0.0498946346342564 -0.0212756488472223 0.0159869063645601
vn -5.3123247242774942 2.1769236814262403 -0.6442907358407041
v -0.0504946373403072 -0.0220596734434366 0.0150724407285452
vn -5.3135823614560982 2.2205192574337809 -0.4672731429052198
v -0.0504946373403072 -0.0219463966786861 0.0155229540541768
vn -2.1368511076152501 5.1539528715511853 -1.2313980155969080
v -0.0498946383595467 -0.0214084517210722 0.0151878474280238
vn -5.2825433621486777 2.2677516178317569 -0.3721581884426622
v -0.0504946373403072 -0.0219019018113613 0.0157509315758944
vn -2.0881771269967646 4.7535177594790179 -2.1379157968359239
v -0.0498946383595467 -0.0217830315232277 0.0139840897172689
vn -5.2280941397272906 2.1245341413248306 -0.9774756625609770
v -0.0504946373403072 -0.0223473906517029 0.0141877997666597
vn -3.3140701989704469 -3.1160915571814347 -0.2938454838998609
v -0.0444946363568306 -0.0286693442612886 0.0159293636679649
vn -2.9510520787857883 -3.1097605679674363 -0.3265790253909047
v -0.0444946363568306 -0.0286874938756227 0.0182614009827375
vn -2.9510512592848928 3.1144703478763200 -0.2781367361432221
v -0.0444946400821209 -0.0346873141825199 0.0182147063314915
vn -2.7657515851932026 2.8589512576682363 -1.1549513549065180
v -0.0444946400821209 -0.0344678945839405 0.0193644985556602
vn -2.7736549025206663 2.1993220970793819 -2.1625255374231300
v -0.0444946400821209 -0.0338251702487469 0.0203428007662296
vn -2.7784078400009991 1.2036412339451370 -2.8404848412436405
v -0.0444946400821209 -0.0328569896519184 0.0210006721317768
vn -2.7799892105715802 0.0240112184931146 -3.0850777899520332
v -0.0444946400821209 -0.0317107513546944 0.0212379619479179
vn -2.7784061799456050 -1.1592847167088964 -2.8588776651152679
v -0.0444946400821209 -0.0305609591305256 0.0210185423493385
vn -2.7736586142846180 -2.1654138655636617 -2.1965154000112812
v -0.0444946400821209 -0.0295826569199562 0.0203758180141449
vn -2.7657526809119148 -2.8406245878707232 -1.1993118088304253
v -0.0444946363568306 -0.0289247836917639 0.0194076392799616
vn -3.3140664063006549 3.1202922665369299 -0.2453072216976463
v -0.0444946400821209 -0.0346691645681858 0.0158826690167189
vn -3.3866484020531327 2.8416774750214637 -1.2833750544592291
v -0.0444946400821209 -0.0351765453815460 0.0138798514381051
vn -3.2780632485761210 3.0494160082132549 -0.7242031368886304
v -0.0444946400821209 -0.0348019674420357 0.0150836082175374
vn -5.1351445788363179 1.7560587269194721 -1.6330365567166405
v -0.0504946373403072 -0.0358236730098724 0.0139475697651505
vn -1.9990879299953117 3.7185631748539691 -3.4561909799784605
v -0.0498946383595467 -0.0353834629058838 0.0135398730635643
vn -1.9969228740336411 2.0490262487058115 -4.6411907517841904
v -0.0498946383595467 -0.0357132665812969 0.0133045548573136
vn -5.1328093507209331 0.9690023342798537 -2.1948592845882118
v -0.0504946373403072 -0.0359555929899216 0.0138534428551793
vn -2.1091810797251256 0.5653444818703202 -5.2139616299108473
v -0.0498946383595467 -0.0361093617975712 0.0132193975150585
vn -5.2479189518089635 0.2661256623794244 -2.3083166848646828
v -0.0504946373403072 -0.0361140333116055 0.0138193788006902
vn -1.9993545555231897 -3.6644791827864940 -3.5135541658305027
v -0.0498946383595467 -0.0413121767342091 0.0134937306866050
vn -5.1351280578733611 -1.7303370021727180 -1.6600184956094513
v -0.0504946410655975 -0.0408783666789532 0.0139082288369536
vn -5.1328005544638273 -0.9347054250421112 -2.2096218470693971
v -0.0504946410655975 -0.0407449975609779 0.0138161666691303
vn -1.9973221748472334 -1.9764933333869033 -4.6726063776437341
v -0.0498946383595467 -0.0409787520766258 0.0132635738700628
vn -5.2479141221936159 -0.2301630126575463 -2.3121764401420517
v -0.0504946410655975 -0.0405860468745232 0.0137845734134316
vn -2.1093108299526762 -0.4840351458403068 -5.2221506746297477
v -0.0498946383595467 -0.0405813790857792 0.0131845911964774
vn -3.3140724612162193 -3.1160929761969629 -0.2938491844132644
v -0.0444946400821209 -0.0420628599822521 0.0158251244574785
vn -2.9510524140834877 -3.1097624986629224 -0.3265787028826384
v -0.0444946400821209 -0.0420810095965862 0.0181571617722511
vn -2.9510525604284297 3.1144689041432336 -0.2781368506706728
v -0.0444946400821209 -0.0480808280408382 0.0181104671210051
vn -2.7657518014838756 2.8589512479273007 -1.1549514137012109
v -0.0444946400821209 -0.0478614084422588 0.0192602593451738
vn -2.7736564379878463 2.1993238791558665 -2.1625243099224951
v -0.0444946400821209 -0.0472186841070652 0.0202385615557432
vn -2.7784058974293089 1.2036423521232837 -2.8404838574262388
v -0.0444946400821209 -0.0462505035102367 0.0208964347839355
vn -2.7799879118195796 0.0240114108313820 -3.0850776313771782
v -0.0444946400821209 -0.0451042652130127 0.0211337246000767
vn -2.7784040468696256 -1.1592870475795407 -2.8588727108715686
v -0.0444946400821209 -0.0439544729888439 0.0209143050014973
vn -2.7736595540901741 -2.1654005343521030 -2.1964930544089944
v -0.0444946400821209 -0.0429761707782745 0.0202715788036585
vn -2.7657532363341186 -2.8406288232588839 -1.1993098430253135
v -0.0444946400821209 -0.0423182994127274 0.0193034019321203
vn -3.3140687473937822 3.1202900866582040 -0.2453073580988708
v -0.0444946400821209 -0.0480626784265041 0.0157784298062325
vn -3.3856975230165349 -2.8187124247143185 -1.3326382886454218
v -0.0444946400821209 -0.0415243655443192 0.0138304475694895
vn -3.2751696894442057 -3.0384524189797677 -0.7694996445671466
v -0.0444946400821209 -0.0419176332652569 0.0150282289832830
vn -3.3890912555910564 2.8396782141693291 -1.2866467892852858
v -0.0444946400821209 -0.0485700592398643 0.0137756122276187
vn -3.2780647144944570 3.0494141285614051 -0.7242027110600922
v -0.0444946400821209 -0.0481954813003540 0.0149793699383736
vn -5.1351292144264225 1.7559774560037733 -1.6328693754397245
v -0.0504946410655975 -0.0492171868681908 0.0138433296233416
vn -1.9986810110249309 3.7186026351179904 -3.4560712389757766
v -0.0498946420848370 -0.0487769804894924 0.0134356329217553
vn -1.9967795320190451 2.0491068948091575 -4.6411293323653338
v -0.0498946420848370 -0.0491067804396152 0.0132003147155046
vn -5.1328005040875020 0.9689816274970199 -2.1948048403683065
v -0.0504946410655975 -0.0493491068482399 0.0137492017820477
vn -2.1091822583453630 0.5653363728978859 -5.2139632050199740
v -0.0498946420848370 -0.0495028793811798 0.0131151573732495
vn -5.2479265664742929 0.2661142338930211 -2.3083067806015842
v -0.0504946410655975 -0.0495075471699238 0.0137151395902038
vn -1.9993565408338618 -3.6644812017961708 -3.5135263593103616
v -0.0498946420848370 -0.0547056943178177 0.0133894914761186
vn -5.1351173802293761 -1.7303432955632634 -1.6600179472264009
v -0.0504946410655975 -0.0542718842625618 0.0138039896264672
vn -5.1328151215795472 -0.9346875296607565 -2.2096183514104162
v -0.0504946410655975 -0.0541385114192963 0.0137119274586439
vn -1.9973265480929459 -1.9764805795995291 -4.6725979504222144
v -0.0498946420848370 -0.0543722696602345 0.0131593346595764
vn -5.2479228259714734 -0.2301628550622230 -2.3121711510028207
v -0.0504946410655975 -0.0539795644581318 0.0136803351342678
vn -2.1093190019345069 -0.4840252548794585 -5.2221483137809566
v -0.0498946420848370 -0.0539748929440975 0.0130803529173136
vn -3.3856965939209189 -2.8187109675292330 -1.3326369693618501
v -0.0444946400821209 -0.0549178794026375 0.0137262083590031
vn -3.2751700227119471 -3.0384507783445094 -0.7694985002912836
v -0.0444946400821209 -0.0553111471235752 0.0149239897727966
vn -3.3140720489437867 -3.1160911400693529 -0.2938484361674378
v -0.0444946400821209 -0.0554563738405704 0.0157208871096373
vn -2.9510518420948779 -3.1097604797032079 -0.3265793308561876
v -0.0444946400821209 -0.0554745234549046 0.0180529244244099
vn -2.9510526976417570 3.1144707988100970 -0.2781366740010613
v -0.0444946438074112 -0.0614743418991566 0.0180062279105186
vn -2.7657503809657733 2.8589522415626978 -1.1549526486540358
v -0.0444946438074112 -0.0612549223005772 0.0191560219973326
vn -2.7736588203371855 2.1993267890446098 -2.1625252355365729
v -0.0444946438074112 -0.0606121979653835 0.0201343223452568
vn -2.7784023153960105 1.2036455745082160 -2.8404851073861499
v -0.0444946438074112 -0.0596440210938454 0.0207921955734491
vn -2.7799912512316625 0.0240130993388759 -3.0850694355134842
v -0.0444946400821209 -0.0584977790713310 0.0210294835269451
vn -2.7784071965156216 -1.1592838650781108 -2.8588749171301346
v -0.0444946400821209 -0.0573479868471622 0.0208100639283657
vn -2.7736546292373845 -2.1653988209818156 -2.1964928014181053
v -0.0444946400821209 -0.0563696846365929 0.0201673414558172
vn -2.7657553211959907 -2.8406300041767465 -1.1993088074296749
v -0.0444946400821209 -0.0557118132710457 0.0191991608589888
vn -3.3077708355170508 3.1218833136689521 -0.2355436248473246
v -0.0444946438074112 -0.0614561922848225 0.0156741887331009
vn -3.3851916269157440 2.8536085841980290 -1.2573150713758081
v -0.0444946438074112 -0.0619134381413460 0.0138121088966727
vn -3.2759660815997633 3.0549000248951370 -0.7017395459412343
v -0.0444946438074112 -0.0615740939974785 0.0149360746145248
vn -5.1351340012309832 1.7559734423176767 -1.6328684410975911
v -0.0504946373403072 -0.0224301591515541 0.0140518089756370
vn -1.9986809360940123 3.7186031302697180 -3.4560548925113692
v -0.0498946383595467 -0.0219899490475655 0.0136441122740507
vn -1.9967828047065790 2.0491072796802210 -4.6411276128198917
v -0.0498946383595467 -0.0223197508603334 0.0134087931364775
vn -5.1328084181056655 0.9689912484765603 -2.1947956378473257
v -0.0504946373403072 -0.0225620791316032 0.0139576811343431
vn -2.1091820154215553 0.5653408416426469 -5.2139619512942552
v -0.0498946383595467 -0.0227158479392529 0.0133236357942224
vn -5.2479164334834101 0.2661321611207184 -2.3083129177489998
v -0.0504946373403072 -0.0227205175906420 0.0139236170798540
vn -1.9990883713334977 -3.6643414272441741 -3.5136327336962783
v -0.0498946383595467 -0.0279186647385359 0.0135979717597365
vn -5.1351294086122614 -1.7303396363267343 -1.6600122923309339
v -0.0504946373403072 -0.0274848546832800 0.0140124689787626
vn -5.1328110596208054 -0.9347042262002686 -2.2096136904777381
v -0.0504946373403072 -0.0273514837026596 0.0139204058796167
vn -1.9969196331538779 -1.9765550294865852 -4.6725078416802130
v -0.0498946383595467 -0.0275852400809526 0.0133678130805492
vn -5.2479210425272438 -0.2301666663915808 -2.3121721308383973
v -0.0504946373403072 -0.0271925348788500 0.0138888126239181
vn -2.1091815256527977 -0.4841215618319444 -5.2221274241539666
v -0.0498946383595467 -0.0271878652274609 0.0132888304069638
vn -3.3835296991577155 -2.8206567539388878 -1.3295579983691339
v -0.0444946363568306 -0.0281308498233557 0.0139346867799759
vn -3.2751732437656376 -3.0384504173563895 -0.7694976786601829
v -0.0444946363568306 -0.0285241194069386 0.0151324681937695
vn -5.3192921245279576 -2.2496873584843038 -0.2505467632274541
v -0.0504946373403072 -0.0146718360483646 0.0159847009927034
vn -5.3115605657248279 -2.2379959877732900 -0.3870320951241505
v -0.0504946373403072 -0.0146491779014468 0.0158253926783800
vn -2.1332255914535443 -5.1505825945700288 -1.2733042450028174
v -0.0498946346342564 -0.0151464538648725 0.0152974119409919
vn -5.3321540967071153 -2.1947138908753727 -0.5022426442917803
v -0.0504946373403072 -0.0146060017868876 0.0156151121482253
vn -5.3253826660762744 -2.1662219662947835 -0.6373484239788174
v -0.0504946373403072 -0.0144979190081358 0.0152001008391380
vn -2.0949180458950454 -4.7831662730374127 -2.1340235398364840
v -0.0498946383595467 -0.0147896567359567 0.0141788646578789
vn -5.3258218225546603 -2.1460251475218315 -0.7017763420434572
v -0.0504946373403072 -0.0143707757815719 0.0147950919345021
vn -5.2578559006121672 -2.0968169232739884 -0.9823102873229096
v -0.0504946373403072 -0.0142267616465688 0.0143865803256631
vn -0.0070728612409727 -1.6635134359611301 -6.0249031531585624
v -0.0444946438074112 -0.0632073953747749 0.0132071040570736
vn -3.5371772609677676 0.1234269201900044 -3.0774871476997263
v -0.0444946438074112 -0.0628172680735588 0.0131444456055760
vn -3.5420667549198193 1.3058627539319279 -2.7887028975795811
v -0.0444946438074112 -0.0624333210289478 0.0132377883419394
vn -3.5421257560077053 2.2816991051600706 -2.0678487010338085
v -0.0444946438074112 -0.0621155053377151 0.0134725607931614
vn -5.1432748682872171 -1.9276737600583136 -1.8921815552580998
v -0.0504017919301987 -0.0632783621549606 0.0137909585610032
vn -2.0832648277470702 -2.8112023076582275 -4.4561007776482766
v -0.0498946420848370 -0.0637641698122025 0.0134843289852142
vn -2.5514655739719712 -3.5085069948527003 -2.4015295228966536
v -0.0498946420848370 -0.0642518177628517 0.0138704078271985
vn -4.8445636671595809 -2.9585317267962887 -1.8642174356617225
v -0.0500599406659603 -0.0639652237296104 0.0138346515595913
vn -4.9941813319168729 -2.6044791146965531 -1.8089388422213240
v -0.0502266921103001 -0.0636763125658035 0.0138244871050119
vn -4.8245374792542464 -2.7302447376736572 1.9820127578815721
v -0.0502266921103001 -0.0637383088469505 0.0217903908342123
vn -5.1256147582426230 -0.5664977035104857 2.2696829956078468
v -0.0504946410655975 -0.0627394244074821 0.0219380389899015
vn -5.1964031957058978 -1.5246599439092450 1.8887272833424509
v -0.0504356734454632 -0.0632211044430733 0.0218396820127964
vn -4.9816053398010203 -2.4126844378352601 1.8659973667012331
v -0.0502722710371017 -0.0636549517512321 0.0217908471822739
vn -4.7099751993731473 -2.8282867666794447 2.0685554006434579
v -0.0501105450093746 -0.0639394670724869 0.0217882581055164
vn -2.6234614172244441 -3.1738974609091803 2.6392412616547904
v -0.0499946437776089 -0.0641401186585426 0.0217744112014771
vn -2.1010374802930807 -2.3420787088033697 4.7451203626795744
v -0.0499946437776089 -0.0633525401353836 0.0222633779048920
vn -2.1046229244568195 -1.4859292999592946 5.0443828972126070
v -0.0499946437776089 -0.0632436126470566 0.0223070010542870
vn -2.1252125140145246 -0.4982906852584238 5.2386032393605984
v -0.0499946400523186 -0.0622063018381596 0.0225006677210331
vn -5.2695878510823180 -0.1996406071989758 2.2987884272419827
v -0.0504946410655975 -0.0622024089097977 0.0220006816089153
vn -2.1047641292506651 0.3901322912607317 5.2700744442090253
v -0.0499946363270283 -0.0146320611238480 0.0228709280490875
vn -5.3053756656814368 0.1086390616238198 2.2730478166751067
v -0.0504946373403072 -0.0146281709894538 0.0223709437996149
vn -5.2338593236705826 0.4358719603466910 2.2771122090204932
v -0.0504946373403072 -0.0140902437269688 0.0223166663199663
vn -5.0836302316710427 -0.8624355387815683 -2.1612998601028699
v -0.0504946373403072 -0.0140268038958311 0.0141655234619975
vn -5.1491814791982407 -1.7931028678715810 -1.5796796405921953
v -0.0504946373403072 -0.0141558200120926 0.0142654720693827
vn -3.3077689686067844 -3.1178374298362792 -0.2841034691694790
v -0.0444946363568306 -0.0152758294716477 0.0160336028784513
vn -2.9510528099695827 -3.1097624374068689 -0.3265796027501136
v -0.0444946363568306 -0.0152939800173044 0.0183656401932240
vn -2.9510525703758459 3.1144689790661868 -0.2781364335951425
v -0.0444946363568306 -0.0212937984615564 0.0183189436793327
vn -2.7657506779984544 2.8589506754183542 -1.1549519284533218
v -0.0444946363568306 -0.0210743788629770 0.0194687377661467
vn -2.7736588461041078 2.1993247413433310 -2.1625244010051121
v -0.0444946363568306 -0.0204316545277834 0.0204470381140709
vn -2.7784044579644580 1.2036439966774670 -2.8404827207736698
v -0.0444946363568306 -0.0194634739309549 0.0211049132049084
vn -2.7799864611957892 0.0240092192380251 -3.0850771987395968
v -0.0444946363568306 -0.0183172356337309 0.0213422030210495
vn -2.7784083524860854 -1.1592861750035666 -2.8588744276103215
v -0.0444946363568306 -0.0171674434095621 0.0211227815598249
vn -2.7736540754472876 -2.1653989051830576 -2.1964926227691626
v -0.0444946363568306 -0.0161891411989927 0.0204800590872765
vn -2.7657547952114996 -2.8406299147418692 -1.1993087218040697
v -0.0444946363568306 -0.0155312698334455 0.0195118784904480
vn -3.3140689358958122 3.1202900381128584 -0.2453076501905531
v -0.0444946363568306 -0.0212756488472223 0.0159869063645601
vn -3.3890859002098006 2.8396807900502754 -1.2866436201274045
v -0.0444946363568306 -0.0217830315232277 0.0139840897172689
vn -3.2785766151620157 3.0493994390926851 -0.7242513428816950
v -0.0444946363568306 -0.0214084517210722 0.0151878474280238
vn -3.5495640373671677 -1.1985652875414270 -2.8333716969247815
v -0.0444946363568306 -0.0275852400809526 0.0133678130805492
vn -0.2039811320325706 -0.2695486961749978 -6.2529047586026589
v -0.0444946363568306 -0.0271878652274609 0.0132888304069638
vn -0.2040018418677119 0.3668407354489807 -6.2479520867180103
v -0.0444946400821209 -0.0361093617975712 0.0132193975150585
vn -3.5495596650912606 1.2425161745461102 -2.8143912751409665
v -0.0444946400821209 -0.0357132665812969 0.0133045548573136
vn -3.5459199656380074 2.2541687901696541 -2.0953368104123946
v -0.0444946400821209 -0.0353834629058838 0.0135398730635643
vn -3.5459119450632066 -2.2212832292292410 -2.1301636494465779
v -0.0444946363568306 -0.0279186647385359 0.0135979708284140
vn -3.5467264949398682 -2.2144953152492994 -2.1367478322132047
v -0.0444946400821209 -0.0413088090717793 0.0134902205318213
vn -3.5469964841308794 -1.1918914650719810 -2.8370494509205963
v -0.0444946400821209 -0.0409765131771564 0.0132626285776496
vn -0.2027649170472520 -0.2676723355821571 -6.2532764001916661
v -0.0444946400821209 -0.0405813790857792 0.0131845911964774
vn -0.2028982679994642 0.3650576663534616 -6.2483339426388627
v -0.0444946400821209 -0.0495028793811798 0.0131151573732495
vn -3.5475443235749320 1.2360392876318387 -2.8180144262622759
v -0.0444946400821209 -0.0491090081632137 0.0131993349641562
vn -3.5473972185852589 2.2473541386504579 -2.1020306064983076
v -0.0444946400821209 -0.0487802959978580 0.0134320715442300
vn -3.5467249675076102 -2.2144936271937499 -2.1367460857504410
v -0.0444946400821209 -0.0547023229300976 0.0133859813213348
vn -3.5469981307121183 -1.1918860720525837 -2.8370434245944445
v -0.0444946400821209 -0.0543700270354748 0.0131583893671632
vn -0.2027672629194091 -0.2676692312979910 -6.2532770999252518
v -0.0444946400821209 -0.0539748929440975 0.0130803529173136
vn -2.9586401482361615 -0.2615250838353546 -3.1175050420689816
v -0.0444946438074112 -0.0621324926614761 0.0130168637260795
vn -0.2029081485046212 0.3650614967866053 -6.2483333158141754
v -0.0444946363568306 -0.0227158479392529 0.0133236357942224
vn -3.5475378301477583 1.2360365535188023 -2.8180178663468340
v -0.0444946363568306 -0.0223219804465771 0.0134078133851290
vn -3.5474058496315504 2.2473514566502990 -2.1020295093325880
v -0.0444946363568306 -0.0219932664185762 0.0136405490338802
vn -2.0035233969437005 -3.7982612000025120 -3.3813407614384867
v -0.0498946346342564 -0.0146123068407178 0.0138760879635811
vn -5.1221359186437425 0.3133484914930710 -2.3059996994015930
v -0.0504823140799999 -0.0138058252632618 0.0141152748838067
vn -5.1834355577025875 1.3327240066946311 -2.0506089443537063
v -0.0504670403897762 -0.0136953992769122 0.0141269713640213
vn -2.1126359985100498 1.5228428068629367 -5.0310018541228612
v -0.0498946346342564 -0.0134864421561360 0.0135940723121166
vn -1.9832849306630298 -2.0528197744661738 -4.5981516924002550
v -0.0498946346342564 -0.0142608955502510 0.0136127052828670
vn -2.0043249495587903 -0.0125695201551982 -5.0778629663712298
v -0.0498946346342564 -0.0138305267319083 0.0135252792388201
vn -3.2764145456882536 -3.0435940443382736 -0.7492382188748083
v -0.0444946363568306 -0.0151464547961950 0.0152974119409919
vn -3.3829912467580656 -2.8344534853124506 -1.3003384922636478
v -0.0444946363568306 -0.0147896567359567 0.0141788646578789
vn -5.2527697788859014 -0.2200902514615631 -2.3092940226782113
v -0.0429946407675743 -0.0621168017387390 0.0110010160133243
vn -2.1137186853391281 -0.4652723911731897 -5.2288947310838196
v -0.0424946434795856 -0.0621129125356674 0.0105010308325291
vn -2.0059902992067657 -1.9101524486686825 -4.7149650072770601
v -0.0424946434795856 -0.0632627084851265 0.0107204504311085
vn -5.1425020923528795 -0.8987438914569154 -2.2184474593271784
v -0.0429946407675743 -0.0630749613046646 0.0111838653683662
vn -2.0059847964921347 -3.5690952524751962 -3.6250823741762153
v -0.0424946434795856 -0.0642410069704056 0.0113631738349795
vn -5.1424872692093633 -1.6793040402331576 -1.7056492934650258
v -0.0429946407675743 -0.0638902187347412 0.0117194680497050
vn -2.0059915562398887 -4.6846714408365075 -1.9833108570794042
v -0.0424946434795856 -0.0648988783359528 0.0123313535004854
vn -5.1425069193781567 -2.2041870903148242 -0.9331646543307974
v -0.0429946407675743 -0.0644384399056435 0.0125262849032879
vn -2.1137164407550655 -5.2210125302799728 -0.5466039953721600
v -0.0424946434795856 -0.0651361718773842 0.0134775927290320
vn -5.2527664015033189 -2.3055907237443685 -0.2560111764919662
v -0.0429946407675743 -0.0646361857652664 0.0134814828634262
vn -5.2527598602994807 0.2560096064475971 -2.3055975538674969
v -0.0429946370422840 -0.0145425628870726 0.0113712763413787
vn -2.1137098173735986 0.5466051243216571 -5.2210274392497418
v -0.0424946360290051 -0.0145386718213558 0.0108712911605835
vn 2.1137102639637937 -5.2210198989273842 -0.5466055039049120
v -0.0404946431517601 -0.0651361718773842 0.0134775927290320
vn 2.0059856947935346 -4.6846763775301934 -1.9833164174697728
v -0.0404946431517601 -0.0648988783359528 0.0123313535004854
vn 2.0059777142770412 -3.5691046756483420 -3.6250847487257305
v -0.0404946431517601 -0.0642410069704056 0.0113631738349795
vn 2.0059817905976622 -1.9101535910983241 -4.7149755069432651
v -0.0404946431517601 -0.0632627084851265 0.0107204504311085
vn 2.1137110867019189 -0.4652736904463564 -5.2289028791580732
v -0.0404946431517601 -0.0621129125356674 0.0105010308325291
vn -2.4791298262633985 -4.7289192893536791 -1.9890506220464939
v -0.0429946407675743 -0.0646428540349007 0.0143390540033579
vn -2.3997905340740582 -5.1572974368264859 -1.1025192711840295
v -0.0427230037748814 -0.0649184584617615 0.0148471863940358
vn -2.4166432112016114 -5.2980326821279222 -0.5817299692785487
v -0.0425522848963737 -0.0650935471057892 0.0154086211696267
vn -0.0978783379133642 -6.2749346826090404 -0.1932517476214549
v -0.0424946434795856 -0.0651557445526123 0.0159934256225824
vn -2.6585061145180164 -4.7086857425063453 -0.1314396708184191
v -0.0493823103606701 -0.0651557445526123 0.0159934256225824
vn -2.5206674432034744 -4.6495539195775821 -0.5501929876400118
v -0.0493934936821461 -0.0651337355375290 0.0156532432883978
vn -2.5122686819678304 -4.4758249564119055 -1.1703119394119696
v -0.0495146401226521 -0.0649176090955734 0.0148451784625649
vn -2.4962507884806873 -4.2204548398816808 -1.6679136055492578
v -0.0495573803782463 -0.0648423060774803 0.0146815190091729
vn -3.4487334608215061 -2.0882124195897172 -2.2989713372316007
v -0.0429946407675743 -0.0642605870962143 0.0138790076598525
vn -3.5071958795752218 -1.1595491322331084 -2.8583827559947781
v -0.0429946407675743 -0.0632822886109352 0.0132362833246589
vn -3.3287610003996129 -0.2739372319841453 -3.1152456848746573
v -0.0429946407675743 -0.0621324926614761 0.0130168637260795
vn -2.5258811086683934 -4.6818356417027029 0.2913737314983232
v -0.0493823103606701 -0.0651828646659851 0.0194774102419615
vn -2.3482254494418013 -4.3602496174282930 1.2957819158485702
v -0.0495141558349133 -0.0649634450674057 0.0206272024661303
vn -2.5128016579773353 -3.8510943347338156 2.1214920920743552
v -0.0498896166682243 -0.0643207207322121 0.0216055046766996
vn 2.1157912843223423 -5.2320050730672412 0.4565395182517205
v -0.0404946431517601 -0.0651828646659851 0.0194774102419615
vn 2.0027202421623764 -4.7301089985416276 1.8955591197725625
v -0.0404946431517601 -0.0649713352322578 0.0206075198948383
vn 2.1124966805012830 -4.0898787539658512 3.2871462826388473
v -0.0404946431517601 -0.0643306151032448 0.0215954054147005
vn 2.1206875076662470 -3.3767732253114167 4.0166168751583484
v -0.0404946431517601 -0.0643207207322121 0.0216055046766996
vn 2.0154374833569024 -1.9879568163500303 4.6840331318524759
v -0.0404946431517601 -0.0633590444922447 0.0222606137394905
vn 2.1163762200295277 -0.5472562409168604 5.2204064626651565
v -0.0404946431517601 -0.0622063018381596 0.0225006677210331
vn 5.2527608254685676 -2.3093020000987274 0.2200962177686622
v -0.0384946428239346 -0.0646713301539421 0.0179972555488348
vn 2.1610540660070492 -5.2351803894987121 0.4278458867841045
v -0.0389946438372135 -0.0651713162660599 0.0179933644831181
vn 5.2527601246224309 -2.3055975308712684 -0.2560107188051859
v -0.0384946428239346 -0.0646557658910751 0.0159973166882992
vn 2.1610565244682975 -5.2278855691943047 -0.5092778497589935
v -0.0389946438372135 -0.0651557520031929 0.0159934256225824
vn 0.0978695546158073 -6.2771811804115822 0.0955547985636437
v -0.0404946431517601 -0.0651713162660599 0.0179933644831181
vn 2.4409505370670663 -5.3065628180719449 0.4960707661762952
v -0.0404369980096817 -0.0651182234287262 0.0185790657997131
vn 2.3629222571538522 -5.1834260497074309 1.0060733498600263
v -0.0402662791311741 -0.0649518966674805 0.0191431567072868
vn 2.2271195779761648 -5.0938614492577248 1.6797679605842970
v -0.0401018410921097 -0.0647900775074959 0.0194804649800062
vn 5.2527626057093109 -0.2560092144065497 2.3055958017819624
v -0.0384946428239346 -0.0621908605098724 0.0205166358500719
vn 2.1137121509328698 -0.5466056280246944 5.2210248819256559
v -0.0389946438372135 -0.0621947534382343 0.0210166219621897
vn 2.0059801143046148 -1.9833098291353193 4.6846794719613793
v -0.0389946438372135 -0.0633409917354584 0.0207793321460485
vn 5.1424840587685736 -0.9331723028224352 2.2042022679328541
v -0.0384946428239346 -0.0631460621953011 0.0203188955783844
vn 2.0059803284892053 -3.6250875524887443 3.5690973861471771
v -0.0389946438372135 -0.0643091723322868 0.0201214589178562
vn 5.1424884012902599 -1.7056510482217169 1.6793023909201581
v -0.0384946428239346 -0.0639528781175613 0.0197706669569016
vn 2.0980319291437746 -4.7178219159671668 1.9291208675774696
v -0.0389946438372135 -0.0649518966674805 0.0191431567072868
vn 5.1424985246438446 -2.2184502370845509 0.8987460752826303
v -0.0384946428239346 -0.0644884780049324 0.0189554151147604
vn 5.2520170362846406 -0.2575667335315071 2.3060185517841387
v -0.0399946421384811 -0.0622024126350880 0.0220006816089153
vn 2.0953282779343527 -5.1275424979795847 1.9619736670256702
v -0.0400482714176178 -0.0647355318069458 0.0195740330964327
vn 5.1423377530735959 -0.9363928737253455 2.2027797934825135
v -0.0399946421384811 -0.0631630346179008 0.0218006391078234
vn 5.1446258424710711 -1.7144177545726955 1.6673575453001113
v -0.0399946421384811 -0.0639726743102074 0.0212462991476059
vn 5.1553242698942832 -2.2061985021903636 0.9091457775844402
v -0.0399946421384811 -0.0645066052675247 0.0204230584204197
vn 2.1995760028579023 -4.9757922301141431 2.5531949851860287
v -0.0399946421384811 -0.0646774992346764 0.0196657963097095
vn 5.2527579658837622 0.2200918929782081 2.3093044682479382
v -0.0399946346879005 -0.0146281728520989 0.0223709437996149
vn 2.1168810662382995 0.4631490412262984 5.2293065662557305
v -0.0404946357011795 -0.0146320620551705 0.0228709280490875
vn -2.1180783321120811 1.4773832150197048 5.0268701006946266
v -0.0499946363270283 -0.0135918632149696 0.0226934328675270
vn -5.2931950214583274 0.7803723682551178 2.1210644644223948
v -0.0504906363785267 -0.0139614725485444 0.0222899224609137
vn -5.2702497371043666 1.2646660204542628 2.0186087511522044
v -0.0504651404917240 -0.0137463174760342 0.0222489628940821
vn -2.6238583349728701 3.1319423724091098 2.6888272594658131
v -0.0499946363270283 -0.0126871746033430 0.0221748594194651
vn -4.7099524903203376 2.7957281414801014 2.1123434084861277
v -0.0501105375587940 -0.0128880133852363 0.0221855826675892
vn -2.3045488927334850 2.1148839844247949 4.5909522286382378
v -0.0499946363270283 -0.0134822679683566 0.0226515084505081
vn -4.8887254964350255 2.5334567702085238 1.9637121132836874
v -0.0502266846597195 -0.0130891865119338 0.0221845824271441
vn -5.1132716813126473 1.9225519346053697 1.9262195269310989
v -0.0504025891423225 -0.0134895453229547 0.0222090017050505
vn -4.9630483043236344 2.7513446482162069 -1.7806175452977422
v -0.0502266846597195 -0.0130271883681417 0.0142186796292663
vn -5.0784895997127935 2.1663151430573313 -1.8411391999053333
v -0.0503310710191727 -0.0132348621264100 0.0142057128250599
vn -3.5371880647094698 -2.2499531152520902 -2.1032956785145176
v -0.0444946363568306 -0.0145823275670409 0.0138425026088953
vn -3.5420606251038937 -1.2590384298365200 -2.8101554574979843
v -0.0444946363568306 -0.0142608955502510 0.0136127052828670
vn -2.9491463933238942 0.3187261082627502 -3.1113376620417466
v -0.0444946363568306 -0.0145582528784871 0.0133871249854565
vn -3.5421188311491059 -0.0758630038122446 -3.0783746179116482
v -0.0444946363568306 -0.0138755477964878 0.0135253490880132
vn 0.0010501618862139 1.7466537234017561 -6.0002112491499551
v -0.0444946363568306 -0.0134864430874586 0.0135940723121166
vn -3.3379416846558030 0.3306520669250181 -3.1089311425207926
v -0.0429946370422840 -0.0145582528784871 0.0133871249854565
vn -2.0752654642870887 2.9061276501615727 -4.3907548372654528
v -0.0498946346342564 -0.0129340467974544 0.0138799287378788
vn -4.8445481778278747 2.9871922476004493 -1.8179501254373940
v -0.0500599332153797 -0.0127384662628174 0.0142333395779133
vn -2.6756388571489440 3.4399347121949013 -2.4685224178657879
v -0.0498946346342564 -0.0124524692073464 0.0142735512927175
vn -2.1736334154453085 2.2558615467705048 -4.7954884323406048
v -0.0498946346342564 -0.0134120127186179 0.0136244138702750
vn -3.4372604309582044 2.1067301191422452 -2.2840093881143759
v -0.0429946370422840 -0.0124438339844346 0.0142822870984674
vn -2.4511216847111728 4.7686748767268519 -1.9050823283243037
v -0.0429946370422840 -0.0120687698945403 0.0147482287138700
vn -5.2527575731972016 2.3093049707635300 -0.2200919595832705
v -0.0429946370422840 -0.0120620951056480 0.0138906575739384
vn -5.1424861620410383 0.9331731726707841 -2.2042003950446105
v -0.0429946370422840 -0.0135873639956117 0.0115690175443888
vn -3.5260860503531011 1.2024083775011039 -2.8373312893335800
v -0.0429946370422840 -0.0134120136499405 0.0136244138702750
vn -5.1424837567677351 1.7056526784624524 -1.6793059977974567
v -0.0429946370422840 -0.0127805471420288 0.0121172452345490
vn -5.1424861043207892 2.2184581724924208 -0.8987522437375715
v -0.0429946370422840 -0.0122449453920126 0.0129324961453676
vn -2.1137088016697034 5.2289043071927681 -0.4652748681327962
v -0.0424946360290051 -0.0115621108561754 0.0138945477083325
vn -2.0059793616896058 4.7149816614408895 -1.9101544817507490
v -0.0424946360290051 -0.0117815304547548 0.0127447564154863
vn -2.0059774097331577 3.6250903355053103 -3.5690969170341869
v -0.0424946360290051 -0.0124242538586259 0.0117664542049170
vn -2.0059793043862348 1.9833120136503859 -4.6846782695356124
v -0.0424946360290051 -0.0133924335241318 0.0111085809767246
vn 2.1137102555027423 0.5466055148490411 -5.2210268028323989
v -0.0404946357011795 -0.0145386718213558 0.0108712911605835
vn 5.2527597076990213 0.2560091528606424 -2.3055974412131874
v -0.0399946346879005 -0.0145425638183951 0.0113712763413787
vn 5.2527606582367792 -0.2200920626271912 -2.3093024206841601
v -0.0399946421384811 -0.0621168017387390 0.0110010160133243
vn 5.2527561138194514 -2.3056004227602704 -0.2560066707729015
v -0.0399946421384811 -0.0646361857652664 0.0134814828634262
vn 5.1424954168015455 -2.2041934252451267 -0.9331732266762636
v -0.0399946421384811 -0.0644384399056435 0.0125262849032879
vn 5.1424777653949096 -1.6793156209437829 -1.7056488409943569
v -0.0399946421384811 -0.0638902187347412 0.0117194680497050
vn 5.1424949242238505 -0.8987416823773718 -2.2184550414426432
v -0.0399946421384811 -0.0630749613046646 0.0111838653683662
vn 2.0059800983158587 1.9833117603007131 -4.6846790251086894
v -0.0404946357011795 -0.0133924344554543 0.0111085809767246
vn 5.1424846827276856 0.9331738615357102 -2.2042012905962944
v -0.0399946346879005 -0.0135873639956117 0.0115690175443888
vn 2.0059792068126310 3.6250899774098979 -3.5690988346570771
v -0.0404946357011795 -0.0124242547899485 0.0117664542049170
vn 5.1424846020315842 1.7056517416546528 -1.6793062444190647
v -0.0399946346879005 -0.0127805480733514 0.0121172452345490
vn 2.0059793605993850 4.7149808027165037 -1.9101552372486528
v -0.0404946357011795 -0.0117815304547548 0.0127447564154863
vn 5.1424856977476132 2.2184582069098675 -0.8987527654648882
v -0.0399946346879005 -0.0122449453920126 0.0129324961453676
vn 2.1137092219651730 5.2289038577869764 -0.4652743527492932
v -0.0404946357011795 -0.0115621108561754 0.0138945477083325
vn 5.2527571181888684 2.3093053787358602 -0.2200913857395834
v -0.0399946346879005 -0.0120620951056480 0.0138906575739384
vn 2.4408907532365256 -5.2982820155462846 -0.5786100205068748
v -0.0404369980096817 -0.0650935545563698 0.0154086211696267
vn 0.0978546610415238 -6.2749348722942297 -0.1932313460628962
v -0.0404946431517601 -0.0651557520031929 0.0159934256225824
vn 2.5115124589021733 -4.7380478824107009 -1.9749481180733031
v -0.0399946421384811 -0.0646428540349007 0.0143390540033579
vn 2.3912136645305746 -5.1550083291341258 -1.1098713888574716
v -0.0402662791311741 -0.0649184584617615 0.0148471863940358
vn 2.1137007469135036 -4.7043115167916518 -1.9762655656074002
v -0.0389946438372135 -0.0649184584617615 0.0148471863940358
vn 5.1424718719118587 -2.2042129548342997 -0.9331722850240266
v -0.0384946428239346 -0.0644580274820328 0.0150421177968383
vn 2.0654901090398274 -3.5387280446827054 -3.6672340608304665
v -0.0389946438372135 -0.0642605870962143 0.0138790076598525
vn 5.1424803843025249 -1.6793090748461019 -1.7056536518817822
v -0.0384946428239346 -0.0639097988605499 0.0142353009432554
vn 2.0059811642810699 -1.9101546727087977 -4.7149747509896329
v -0.0389946438372135 -0.0632822886109352 0.0132362833246589
vn 5.1424949658333770 -0.8987419650416429 -2.2184549459541891
v -0.0384946428239346 -0.0630945414304733 0.0136996982619166
vn 2.1137106961341567 -0.4652734165492638 -5.2289032778728082
v -0.0389946438372135 -0.0621324926614761 0.0130168637260795
vn 5.2527592900514408 -0.2200941048420729 -2.3093039817923051
v -0.0384946428239346 -0.0621363855898380 0.0135168489068747
vn 4.5836882318669492 0.0009766887318849 -0.0121337977176394
v -0.0447457097470760 -0.0140893971547484 0.0173908937722445
vn 2.3466271321514358 4.4721877773707650 0.0377171993712263
v -0.0439946353435516 -0.0153393605723977 0.0173811651766300
vn 2.4922372811055293 4.3116545163533804 1.6546222131880262
v -0.0439946353435516 -0.0152098666876554 0.0168367717415094
vn 2.5211535018756437 3.8120405648294691 2.6461383975540258
v -0.0439946353435516 -0.0151670323684812 0.0167574882507324
vn 2.4935874020185271 3.0350493242032899 3.4772954693765383
v -0.0439946353435516 -0.0148558234795928 0.0164034292101860
vn 2.5223340798389358 2.1245923473839867 4.1230846749024632
v -0.0439946353435516 -0.0147059541195631 0.0163035318255424
vn 2.4942830201154469 1.0555054776832822 4.4917234537094295
v -0.0439946353435516 -0.0143481846898794 0.0161679759621620
vn 2.5228016533456676 -0.0575386491399950 4.6371100556975291
v -0.0439946353435516 -0.0140796685591340 0.0161409322172403
vn 2.4779738344017712 -1.1779314841505431 4.4595123722092849
v -0.0439946353435516 -0.0137886852025986 0.0161776039749384
vn 2.5069541093139125 -2.2163386606036735 4.0726813393908579
v -0.0439946353435516 -0.0134559907019138 0.0163132585585117
vn 2.4826220976693594 -3.1259669783569484 3.3937540033135516
v -0.0439946353435516 -0.0132894478738308 0.0164303835481405
vn 2.4864862566849961 -4.3519962868709099 1.5412459366147180
v -0.0439946353435516 -0.0129505256190896 0.0168756544589996
vn 2.3479594129387080 -4.4789662720677947 -0.0485108182251632
v -0.0439946353435516 -0.0128394355997443 0.0174006223678589
vn 2.5107356180615974 -3.8712694520148649 2.5559113496184374
v -0.0439946353435516 -0.0130020352080464 0.0167743396013975
vn 2.3472288075073249 -4.0151137229729450 -1.9723292110505635
v -0.0439946353435516 -0.0129674402996898 0.0179419983178377
vn 2.3465954060459469 -0.9613349239762524 -4.3687808731394169
v -0.0439946353435516 -0.0138207385316491 0.0186116825789213
vn 2.3462687287685782 1.0294061483562340 -4.3531900897021600
v -0.0439946353435516 -0.0143770249560475 0.0186073537915945
vn 2.3469176070240549 -2.7617020241555061 -3.5190712501308967
v -0.0439946353435516 -0.0133176641538739 0.0183742195367813
vn 2.3467345362089316 4.0450348622694481 -1.9100489483093150
v -0.0439946353435516 -0.0152197955176234 0.0179244689643383
vn 2.3459473976858112 2.8162160657177386 -3.4754141149445532
v -0.0439946353435516 -0.0148763423785567 0.0183620881289244
vn 3.4033880018115568 -2.9571233844948770 0.9782056349565202
v -0.0384946353733540 -0.0265392269939184 0.0206767860800028
vn 2.5771829339225092 -3.2143501219658765 3.4966460751710917
v -0.0384946353733540 -0.0264822877943516 0.0207945499569178
vn 3.3379433432935870 -3.1137013525401360 0.2822243919151859
v -0.0384946353733540 -0.0266123674809933 0.0202935207635164
vn 3.3831930489590509 -3.0886041322577200 -0.4163117876429792
v -0.0384946353733540 -0.0265656709671021 0.0142937041819096
vn 2.7956555900260698 -3.0640285187996223 -3.5038897895931531
v -0.0384946353733540 -0.0264278091490269 0.0137947620823979
vn 0.0978621794145396 -0.1932335449957801 6.2749344321300162
v -0.0389946363866329 -0.0256201792508364 0.0213012751191854
vn 2.4117210892190704 -0.5787725014992885 5.2990357409719309
v -0.0389754213392735 -0.0258151143789291 0.0212805420160294
vn 2.4702763254123612 -1.1688125401053697 5.1191928670990503
v -0.0389185175299644 -0.0260022599250078 0.0212221778929234
vn 2.4452750225356792 -1.9052241781801582 4.7062861759046957
v -0.0387017428874969 -0.0263249855488539 0.0210028868168592
vn 3.5172818339490126 -2.1553544930689639 2.2185967463490281
v -0.0399946421384811 -0.0643091723322868 0.0201214589178562
vn 3.5342908046408033 -1.2012537326297801 2.8374206910428614
v -0.0399946421384811 -0.0633409917354584 0.0207793321460485
vn 3.3379426417934424 -0.3306536107312941 3.1089307640083779
v -0.0399946421384811 -0.0621947534382343 0.0210166219621897
vn 3.4357520193722735 2.0685777269467538 2.3191857717672932
v -0.0399946346879005 -0.0124924173578620 0.0205247383564711
vn 2.1833340730720532 4.8345694773307937 2.4362495864682212
v -0.0399946346879005 -0.0121170394122601 0.0200748648494482
vn 5.1652580500759795 2.1724919271409058 0.9717650726269856
v -0.0399946346879005 -0.0123065328225493 0.0208456739783287
vn 3.3379420267078359 0.2822228353787480 3.1137011512964166
v -0.0399946346879005 -0.0146205136552453 0.0213868822902441
vn 3.5342917828465992 1.1569438888236094 2.8557741642304544
v -0.0399946346879005 -0.0134707204997540 0.0211674626916647
vn 5.1424861491429121 1.6793068234730000 1.7056493624107092
v -0.0399946346879005 -0.0128547595813870 0.0216524899005890
vn 5.1424860198315976 0.8987530082225275 2.2184576728084666
v -0.0399946346879005 -0.0136700104922056 0.0221880935132504
vn 2.2909469630728028 5.0049620191109447 1.5144579666640849
v -0.0401018336415291 -0.0120015973225236 0.0198913104832172
vn 2.0977441626748936 5.2397953969920845 0.5317838211140568
v -0.0404946357011795 -0.0116088064387441 0.0198943670839071
vn 2.1721306426339648 4.9805844966045729 1.9885903536861553
v -0.0400482639670372 -0.0120575875043869 0.0199840161949396
vn 1.9957055974336750 4.6919357753341195 2.0019469207741429
v -0.0404946357011795 -0.0118460962548852 0.0210406053811312
vn 2.0130526184489836 3.5723694755045345 3.6229893507592661
v -0.0404946357011795 -0.0125039685517550 0.0220087841153145
vn 2.0152919730677192 1.9089319676896530 4.7167596966259975
v -0.0404946357011795 -0.0134822698310018 0.0226515084505081
vn 2.3624633775382384 5.1651988204865855 1.0919677071364102
v -0.0402622222900391 -0.0118386717513204 0.0195662602782249
vn 2.4164417005239418 5.2985492781215351 0.5802894997186185
v -0.0404369905591011 -0.0116594536229968 0.0189951248466969
vn 0.0978623016595961 6.2749348604511921 0.1932298768368128
v -0.0404946357011795 -0.0115972561761737 0.0184103213250637
vn -2.5741127093508585 3.7778422082750787 2.2349763855029976
v -0.0498914085328579 -0.0125071033835411 0.0220118649303913
vn -2.6072915910797239 4.7022959811849789 0.2026154179280329
v -0.0493823066353798 -0.0116088055074215 0.0198943670839071
vn -2.5049462330403873 4.6268711884543077 0.6620937358077141
v -0.0494124516844749 -0.0116653554141521 0.0204512272030115
vn -2.5296526335218807 4.4352178349767257 1.2708932660710772
v -0.0495151244103909 -0.0118478182703257 0.0210446678102016
vn -2.5190781788992438 4.1497197743054999 1.7795235495615949
v -0.0496198423206806 -0.0120320199057460 0.0214074514806271
vn -2.5558880578927701 3.9135975623205526 -2.0621998957520891
v -0.0498896092176437 -0.0124438330531120 0.0142822870984674
vn -2.3714802109924529 4.3665597910235547 -1.2894434195020574
v -0.0495141483843327 -0.0118011096492410 0.0152605893090367
vn -2.5350010084833872 4.6831077104832346 -0.2845459780126002
v -0.0493823066353798 -0.0115816900506616 0.0164103806018829
vn -2.3466257869465910 5.1375999416552656 -1.1344061395979943
v -0.0427266545593739 -0.0118046989664435 0.0152517743408680
vn -2.4089140833751541 5.2821279583405509 -0.6311542644163212
v -0.0426233857870102 -0.0117036700248718 0.0155399674549699
vn -0.1459736432416516 6.2697671482483903 -0.1600037132968619
v -0.0424946360290051 -0.0115816909819841 0.0164103806018829
vn 2.5121573252269163 4.7475843564558415 -1.9284129531303817
v -0.0399946346879005 -0.0120687708258629 0.0147482287138700
vn 2.3912122701049201 5.1716669770659811 -1.0294830511692852
v -0.0402662754058838 -0.0118011105805635 0.0152605893090367
vn 2.4151541183529757 5.3074007135742525 -0.4962097559883816
v -0.0404369905591011 -0.0116347782313824 0.0158246792852879
vn 0.0978614719007203 6.2771823889056444 -0.0955378890519684
v -0.0404946357011795 -0.0115816909819841 0.0164103806018829
vn 3.5342898220131627 2.1956471012177690 -2.1617359622957384
v -0.0379946380853653 -0.0218532048165798 0.0136232525110245
vn 3.6651922030895898 -2.6161046831207062 -1.5376802809085557
v -0.0379946380853653 -0.0164281129837036 0.0138725871220231
vn 3.5342916305473260 2.8557722743156568 -1.1569485147014140
v -0.0379946380853653 -0.0216389633715153 0.0139493523165584
vn 3.4033920520347953 -3.0848115106204674 -0.4305729021028563
v -0.0379946380853653 -0.0165659748017788 0.0143715292215347
vn 3.3379436318837201 3.1137005451156456 -0.2822252504787705
v -0.0379946380853653 -0.0215658228844404 0.0143326167017221
vn 0.2617987234687011 -0.3580562400246401 -6.2326375073892475
v -0.0379946380853653 -0.0155582223087549 0.0133793428540230
vn 3.6651904009443523 -1.4967723994972753 -2.6397233363244337
v -0.0379946380853653 -0.0160592496395111 0.0135094216093421
vn 0.1963497826146808 0.3551034844809068 -6.2504282738648085
v -0.0379946380853653 -0.0225580092519522 0.0133248642086983
vn 3.5342913733597663 1.2012559220276025 -2.8374195748784490
v -0.0379946380853653 -0.0221759323030710 0.0134039605036378
vn 2.9466664885640346 -3.1091513276402747 -0.3295850675261679
v -0.0379946380853653 -0.0165971051901579 0.0183714088052511
vn 2.7512611284247139 -2.8375818872340224 -1.2017855942231648
v -0.0379946380853653 -0.0166762024164200 0.0187534876167774
vn 2.7503184081857408 -2.1615988420467027 -2.1960820707473605
v -0.0379946380853653 -0.0168954934924841 0.0190762151032686
vn 2.7493615393437492 -1.1566141610263867 -2.8559829007655830
v -0.0379946380853653 -0.0172215923666954 0.0192904565483332
vn 2.9452463863265459 -0.2822194427520762 -3.1137017998250482
v -0.0379946380853653 -0.0176048558205366 0.0193635951727629
vn 2.9452459170556087 3.1137017940884437 -0.2822187056453351
v -0.0379946380853653 -0.0215969532728195 0.0183324962854385
vn 2.7488922003090557 2.1956456665919135 -2.1617359846206932
v -0.0379946380853653 -0.0213095732033253 0.0190418604761362
vn 2.7488907454798941 2.8557746536840822 -1.1569402492750256
v -0.0379946380853653 -0.0215238146483898 0.0187157597392797
vn 2.7488972776758658 1.2012554637092090 -2.8374208816722093
v -0.0379946380853653 -0.0209868457168341 0.0192611515522003
vn 2.9452403313627076 0.3306555477791391 -3.1089303291522592
v -0.0379946380853653 -0.0206047669053078 0.0193402487784624
vn 3.4378022137485362 -2.0706440875368419 -2.3167057902143275
v -0.0399946421384811 -0.0642605870962143 0.0138790076598525
vn 3.3379417475020770 0.3306512894144325 -3.1089314329141624
v -0.0399946346879005 -0.0145582538098097 0.0133871249854565
vn 3.3379416053466473 -0.2822224209586954 -3.1137009826123068
v -0.0399946421384811 -0.0621324926614761 0.0130168637260795
vn 3.5342926311223262 1.2012527519073573 -2.8374205556465197
v -0.0399946346879005 -0.0134120136499405 0.0136244138702750
vn 3.4808333582383537 2.1270953676308388 -2.2574520741284338
v -0.0399946346879005 -0.0124438339844346 0.0142822870984674
vn 3.5342940779034171 -1.1569459861503346 -2.8557724895002847
v -0.0399946421384811 -0.0632822886109352 0.0132362833246589
vn 2.4996433401786065 -1.3799771309220872 -4.9988629672783826
v -0.0388606637716293 -0.0260589458048344 0.0134315956383944
vn 2.4628251217464125 -0.6401706579806365 -5.2714832547589108
v -0.0389605648815632 -0.0258169956505299 0.0133335748687387
vn 0.1301590650446850 -0.1392730321665054 -6.2725014632412659
v -0.0389946363866329 -0.0255579184740782 0.0133015168830752
vn 2.4199351879624738 5.4740617470162221 0.1707920163036711
v -0.0367696359753609 -0.0153393615037203 0.0173811651766300
vn 2.4269089066395462 4.7208097389503472 2.7726444392176539
v -0.0367696359753609 -0.0151670332998037 0.0167574882507324
vn 2.4223990757348899 2.7016415448546063 4.7626417620961679
v -0.0367696359753609 -0.0147059550508857 0.0163035318255424
vn 2.4290545060838076 -0.0481043513293317 5.4741468180842077
v -0.0367696359753609 -0.0140796694904566 0.0161409322172403
vn 2.4378895411438215 -2.7732492469848773 4.7182356657331468
v -0.0367696359753609 -0.0134559916332364 0.0163132585585117
vn 2.4380451623875827 -4.7608150356747281 2.6994825365786124
v -0.0367696359753609 -0.0130020361393690 0.0167743396013975
vn 2.4264642226853761 -5.4753309818824736 0.0617583857730569
v -0.0367696359753609 -0.0128394365310669 0.0174006223678589
vn 2.4147418979132329 -4.9089031793344429 -2.4277934071671448
v -0.0367696359753609 -0.0129689304158092 0.0179450176656246
vn 2.4150585201715158 -3.3577139734787962 -4.3262834677695805
v -0.0367696359753609 -0.0133229736238718 0.0183783620595932
vn 2.4153823121995321 -1.1336679501568616 -5.3577232587551409
v -0.0367696359753609 -0.0138306105509400 0.0186138115823269
vn 2.4157019426495858 1.3175381388495890 -5.3154494936719914
v -0.0367696359753609 -0.0143901119008660 0.0186041835695505
vn 2.4160205488559114 3.5046667852852114 -4.2079396001440088
v -0.0367696359753609 -0.0148893473669887 0.0183514058589935
vn 2.4130220616267528 4.9781843545022344 -2.2818779894319863
v -0.0367696359753609 -0.0152282686904073 0.0179061368107796
vn 2.0741524453399727 -0.6245068750553570 -5.1672532417426993
v -0.0367946363985538 -0.0155582223087549 0.0133793428540230
vn 1.9268668289916455 -2.4471970500231932 -4.3158917272229811
v -0.0367946363985538 -0.0160592515021563 0.0135094216093421
vn 1.9268698497812906 -4.2772864652043472 -2.5140760831022657
v -0.0367946363985538 -0.0164281129837036 0.0138725871220231
vn 2.0741511113755395 -5.1569051085919089 -0.7048607245830043
v -0.0367946363985538 -0.0165659748017788 0.0143715292215347
vn 2.3062155178556996 -5.4143641009393280 -0.5765571468472153
v -0.0367946363985538 -0.0165971051901579 0.0183714088052511
vn 2.3912987833948960 -5.0519085101380901 -2.1101305050436094
v -0.0367946363985538 -0.0166734680533409 0.0187469683587551
vn 2.3920758738042873 -3.8595136479769421 -3.8837364348046153
v -0.0367946363985538 -0.0168921425938606 0.0190729014575481
vn 2.3930169713060607 -2.0674697967239246 -5.0698365906759975
v -0.0367946363985538 -0.0172194112092257 0.0192895680665970
vn 2.3074687064683443 -0.5053217942852017 -5.4231714641888518
v -0.0367946363985538 -0.0176048558205366 0.0193635951727629
vn 2.3075327153356371 0.5866650046157816 -5.4145155393112701
v -0.0367946363985538 -0.0206047669053078 0.0193402487784624
vn 2.3075142597379008 5.4230045828794537 -0.5023104078768125
v -0.0367946363985538 -0.0215969532728195 0.0183324962854385
vn 2.3935888254043736 5.0742387799716155 -2.0556903565499596
v -0.0367946363985538 -0.0215238146483898 0.0187157597392797
vn 2.3935897709116896 3.9012980661366692 -3.8410443912214851
v -0.0367946363985538 -0.0213095732033253 0.0190418604761362
vn 2.3935935162978845 2.1344339294406862 -5.0416159346816452
v -0.0367946363985538 -0.0209868457168341 0.0192611515522003
vn 2.1137084895901896 5.2289029023194935 -0.4652757837874916
v -0.0367946363985538 -0.0215658228844404 0.0143326167017221
vn 2.1137043163083646 0.5466071231473674 -5.2210323863040422
v -0.0367946363985538 -0.0225580092519522 0.0133248642086983
vn 2.0059778201790337 1.9833161414552443 -4.6846789226663255
v -0.0367946363985538 -0.0221759323030710 0.0134039605036378
vn 2.0059757555721083 3.6250920291664412 -3.5691056209019960
v -0.0367946363985538 -0.0218532048165798 0.0136232525110245
vn 2.0059751116280360 4.7149830173106020 -1.9101628770704286
v -0.0367946363985538 -0.0216389633715153 0.0139493523165584
vn 2.1251451816903808 -0.4575584931891548 -5.2303368130269012
v -0.0367946363985538 -0.0255579184740782 0.0133015168830752
vn 2.0912524191839434 -1.6473744486792281 -4.9316755699620511
v -0.0367946363985538 -0.0259411837905645 0.0133746564388275
vn 2.1258735897780525 -2.7290902997889011 -4.4694953329701921
v -0.0367946363985538 -0.0260589476674795 0.0134315956383944
vn 2.0767335551629555 -3.6457353489673663 -3.7028442290588157
v -0.0367946363985538 -0.0262672845274210 0.0135888978838921
vn 2.1137064055758756 -5.2210363750236422 -0.5465984112746602
v -0.0367946363985538 -0.0265656709671021 0.0142937041819096
vn 2.0753215496834967 -4.9070810783461729 -1.7160261469692397
v -0.0367946363985538 -0.0264865756034851 0.0139116244390607
vn 2.1258813291599572 -4.4264817701578032 -2.7983480647185002
v -0.0367946363985538 -0.0264278091490269 0.0137947620823979
vn 2.1137037899812614 -5.2289082337917066 0.4652767235131937
v -0.0367946363985538 -0.0266123674809933 0.0202935207635164
vn 2.0209858996807908 -4.7204281322493031 1.9017411378184590
v -0.0367946363985538 -0.0265392269939184 0.0206767860800028
vn 2.0202257450103160 -3.6195625392389683 3.5773928604315808
v -0.0367946363985538 -0.0263249855488539 0.0210028868168592
vn 2.0190359607389201 -1.9919100881875609 4.6828354986238399
v -0.0367946363985538 -0.0260022599250078 0.0212221778929234
vn 2.1267631247828112 -0.5379908667783361 5.2227521013347289
v -0.0367946363985538 -0.0256201792508364 0.0213012751191854
vn 2.1137046443274872 0.4652743394370586 5.2289094284554221
v -0.0367946363985538 -0.0146205145865679 0.0213868822902441
vn 2.0310226200381556 3.5589078566316026 3.6397058288253468
v -0.0367946363985538 -0.0124924182891846 0.0205247383564711
vn 2.0059752985895756 1.9101560262711346 4.7149862448442112
v -0.0367946363985538 -0.0134707214310765 0.0211674626916647
vn 2.0540846166207363 4.6912062187752017 1.9837159717486514
v -0.0367946363985538 -0.0118345459923148 0.0195565596222878
vn 2.1360402631547739 5.2240471052164930 0.5312069291012045
v -0.0367946363985538 -0.0115972561761737 0.0184103213250637
vn 2.1360406716395994 5.2316824067631167 -0.4498313936886119
v -0.0367946363985538 -0.0115816909819841 0.0164103806018829
vn 2.0344319245684797 4.7124418823836400 -1.9246061666674958
v -0.0367946363985538 -0.0118011105805635 0.0152605893090367
vn 2.0059780651325965 3.6250906476500431 -3.5691000509926138
v -0.0367946363985538 -0.0124438349157572 0.0142822870984674
vn 2.0059781372566472 1.9833110173242252 -4.6846797344546198
v -0.0367946363985538 -0.0134120145812631 0.0136244138702750
vn 2.1137044769286231 0.5466022174796392 -5.2210343098625867
v -0.0367946363985538 -0.0145582538098097 0.0133871249854565
vn 4.5836732413117769 0.0005908704181848 -0.0123216236168779
v -0.0447457134723663 -0.0240890942513943 0.0173130687326193
vn 2.3530669571027496 -4.4786957691853511 -0.0552855130476416
v -0.0439946390688419 -0.0228391326963902 0.0173227973282337
vn 2.3455545872435053 -4.0079024463416202 -1.9820838612097582
v -0.0439946390688419 -0.0229686275124550 0.0178671907633543
vn 2.3455534828420399 -0.9256775261357041 -4.3743612532589378
v -0.0439946390688419 -0.0238303057849407 0.0185359865427017
vn 2.3455512622042010 1.0756411054988981 -4.3399174592624323
v -0.0439946390688419 -0.0243898071348667 0.0185263585299253
vn 2.3455463048406382 -2.7414915777299518 -3.5321464317508360
v -0.0439946390688419 -0.0233226679265499 0.0183005370199680
vn 2.3530652351576555 4.0723685270292860 -1.8648177003456450
v -0.0439946390688419 -0.0252279657870531 0.0178283117711544
vn 2.3530741844123906 4.4787024879760526 0.0552890644432837
v -0.0439946390688419 -0.0253390558063984 0.0173033401370049
vn 2.3455531928815589 2.8613987752154793 -3.4357389237587386
v -0.0439946390688419 -0.0248890426009893 0.0182735808193684
vn 5.5742396005317953 1.9541561667792533 0.0555600398326963
v -0.0364946350455284 -0.0156143531203270 0.0173790249973536
vn 5.5920595693296660 1.6611731198285851 0.9764012934262267
v -0.0364946350455284 -0.0154041126370430 0.0166181400418282
vn 5.5920664251288033 0.9504208296668880 1.6761688631776852
v -0.0364946350455284 -0.0148415965959430 0.0160643104463816
vn 5.5920617980898202 -0.0149962872777582 1.9268215413570313
v -0.0364946350455284 -0.0140775293111801 0.0158659406006336
vn 5.5920620189528751 -0.9763984571719104 1.6611768200907728
v -0.0364946350455284 -0.0133166434243321 0.0160761792212725
vn 5.5920682996355637 -1.6761669911658079 0.9504201875881211
v -0.0364946350455284 -0.0127628147602081 0.0166386961936951
vn 5.5779934280317294 -1.9490533682968856 0.0166717755114633
v -0.0364946350455284 -0.0125644449144602 0.0174027625471354
vn 5.5639276024225328 -1.7666159033553317 -0.8736710279719258
v -0.0364946350455284 -0.0127224270254374 0.0180669240653515
vn 5.5639294005378774 -1.2084053308045128 -1.5569141552429260
v -0.0364946350455284 -0.0131543576717377 0.0185956042259932
vn 5.5639324156507062 -0.4080233708475550 -1.9281409783310282
v -0.0364946350455284 -0.0137736778706312 0.0188828557729721
vn 5.5639273619386103 0.4741281458515647 -1.9129657067123582
v -0.0364946350455284 -0.0144562683999538 0.0188711080700159
vn 5.5639215600889269 1.2612665632081135 -1.5144207607954385
v -0.0364946350455284 -0.0150653356686234 0.0185627173632383
vn 5.5601674626387485 1.7972908274449604 -0.8224638419951295
v -0.0364946350455284 -0.0154788196086884 0.0180194899439812
vn 5.2096787040534132 -2.3272886983861034 -0.3448006335347403
v -0.0364946350455284 -0.0162659846246243 0.0143738640472293
vn 5.0563365307241455 -2.1021223930052240 -1.2355716607211580
v -0.0364946350455284 -0.0161694809794426 0.0140246050432324
vn 5.0563323915825684 -1.2027057315884992 -2.1210996742059791
v -0.0364946350455284 -0.0159112773835659 0.0137703884392977
vn 5.2096786058226323 -0.3085357718379206 -2.3323737671999303
v -0.0364946350455284 -0.0155605580657721 0.0136793330311775
vn 5.4502158256578692 -2.1143040405489040 -0.2127355908245911
v -0.0364946387708187 -0.0162971150130033 0.0183737445622683
vn 5.5393027501638326 -1.8523558990656690 -0.7735523569348868
v -0.0364946350455284 -0.0163963865488768 0.0188619717955589
vn 5.5412322094196362 -1.4130994918760476 -1.4218039992140210
v -0.0364946350455284 -0.0166806615889072 0.0192856825888157
vn 5.5412320007063549 -0.7570617386671888 -1.8561351059853466
v -0.0364946350455284 -0.0171061120927334 0.0195673517882824
vn 5.4521333545909210 -0.1841501501509382 -2.1145037092512418
v -0.0364946350455284 -0.0176071915775537 0.0196635872125626
vn 5.4516681093086934 0.2159577082408293 -2.1120868898008203
v -0.0364946387708187 -0.0206071007996798 0.0196402408182621
vn 5.5402653139126965 0.7820796361975804 -1.8472175506343873
v -0.0364946350455284 -0.0211038049310446 0.0195374134927988
vn 5.5402690721983889 1.4294427298197963 -1.4073658896056436
v -0.0364946350455284 -0.0215233489871025 0.0192523356527090
vn 5.5402693618154935 1.8592084806804408 -0.7532114620319453
v -0.0364946350455284 -0.0218018628656864 0.0188284050673246
vn 5.4516531789013953 2.1152010890409318 -0.1830516352449786
v -0.0364946350455284 -0.0218969453126192 0.0183301605284214
vn 5.2527636176639154 2.3093004093993006 -0.2200861525226781
v -0.0364946350455284 -0.0218658149242401 0.0143302818760276
vn 5.2527522768724051 0.2560136464927626 -2.3056036138910643
v -0.0364946350455284 -0.0225603450089693 0.0136248543858528
vn 5.1424885337484820 0.9331778326953708 -2.2041976410623141
v -0.0364946350455284 -0.0222928896546364 0.0136802233755589
vn 5.1424740048775801 1.7056517943955352 -1.6793174419797490
v -0.0364946350455284 -0.0220669806003571 0.0138337258249521
vn 5.1424805054324514 2.2184631654368228 -0.8987507580022107
v -0.0364946350455284 -0.0219170115888119 0.0140619967132807
vn 5.2527511431121043 -0.2200969602290122 -2.3093102227536280
v -0.0364946350455284 -0.0255602542310953 0.0136015070602298
vn 5.2527549129852167 -2.3056024150681500 -0.2560070062975818
v -0.0364946350455284 -0.0262656807899475 0.0142960390076041
vn 5.1731938360297542 -2.1943482598293169 -0.8926498798814743
v -0.0364946350455284 -0.0262103136628866 0.0140285827219486
vn 5.1928439820213921 -1.6518156132339032 -1.6777307291491779
v -0.0364946350455284 -0.0260568093508482 0.0138026736676693
vn 5.1732017179374914 -0.8583808655445454 -2.2079729087120334
v -0.0364946350455284 -0.0258285384625196 0.0136527055874467
vn 5.2527517940065405 -2.3093098911083603 0.2200949322772856
v -0.0364946350455284 -0.0263123773038387 0.0202958565205336
vn 5.2527587567535461 -0.2560137714889645 2.3055976284195117
v -0.0364946350455284 -0.0256178453564644 0.0210012830793858
vn 5.1424959729792974 -0.9331716800339087 2.2041942554359890
v -0.0364946350455284 -0.0258853007107973 0.0209459140896797
vn 5.1424698103294890 -1.7056489980814329 1.6793239092879142
v -0.0364946350455284 -0.0261112097650766 0.0207924135029316
vn 5.1424796411061964 -2.2184627364770009 0.8987553321923678
v -0.0364946350455284 -0.0262611787766218 0.0205641426146030
vn 5.2527528266853194 0.2200927689122417 2.3093091887524158
v -0.0364946350455284 -0.0146181788295507 0.0210868921130896
vn 5.2527533501303374 2.3056033151611333 0.2560100587553226
v -0.0364946350455284 -0.0118972463533282 0.0184079855680466
vn 5.1424805401400375 2.2042049681525251 0.9331740555373741
v -0.0364946350455284 -0.0121108070015907 0.0194396004080772
vn 5.1424821760213701 1.6793071938361026 1.7056535573956908
v -0.0364946350455284 -0.0127028934657574 0.0203109625726938
vn 5.1424782196261738 0.8987552835377374 2.2184636207001001
v -0.0364946350455284 -0.0135833648964763 0.0208894144743681
vn 5.2527530537893146 2.3093089409299683 -0.2200934728485804
v -0.0364946350455284 -0.0118816811591387 0.0164080467075109
vn 5.2527528202551235 0.2560093607177094 -2.3056038846952500
v -0.0364946350455284 -0.0145605877041817 0.0136871151626110
vn 5.1424843077641373 0.9331733906802655 -2.2042019512942996
v -0.0364946350455284 -0.0135289737954736 0.0139006758108735
vn 5.1424820255278112 1.7056518549430406 -1.6793090074477979
v -0.0364946350455284 -0.0126576116308570 0.0144927613437176
vn 5.1424822115352837 2.2184603560507234 -0.8987548469285525
v -0.0364946350455284 -0.0120791597291827 0.0153732327744365
vn 2.4214103144910579 -5.4761705167796855 0.0584896401840764
v -0.0367696359753609 -0.0228391326963902 0.0173227973282337
vn 2.4145837500498941 -4.9089716043268279 -2.4277076958535386
v -0.0367696359753609 -0.0229686275124550 0.0178671907633543
vn 2.4145844968775885 -3.3578462943812579 -4.3262740148637313
v -0.0367696359753609 -0.0233226697891951 0.0183005370199680
vn 2.4145836279484030 -1.1337929571325083 -5.3578239464223074
v -0.0367696359753609 -0.0238303076475859 0.0185359865427017
vn 2.4145861798467907 1.3174729737239241 -5.3156392310747069
v -0.0367696359753609 -0.0243898089975119 0.0185263585299253
vn 2.4145813441549744 3.5047250337614395 -4.2081718402005865
v -0.0367696359753609 -0.0248890444636345 0.0182735808193684
vn 2.4112953663939583 4.9783798900783403 -2.2820544286460986
v -0.0367696359753609 -0.0252279657870531 0.0178283099085093
vn 2.4190061986577165 5.4741900492609163 0.1714033150350940
v -0.0367696359753609 -0.0253390576690435 0.0173033401370049
vn 2.4922423593914051 4.3116690821838519 1.6546019157314638
v -0.0439946390688419 -0.0252095628529787 0.0167589467018843
vn 2.5211484403320719 3.8120520509116425 2.6461137105623931
v -0.0439946390688419 -0.0251667294651270 0.0166796632111073
vn 2.4935770511037778 3.0350267456533180 3.4773005498155376
v -0.0439946390688419 -0.0248555205762386 0.0163256023079157
vn 2.5223437297128348 2.1245765742633651 4.1231029633243459
v -0.0439946390688419 -0.0247056502848864 0.0162257067859173
vn 2.4942819524840094 1.0555098697687346 4.4917212912858933
v -0.0439946390688419 -0.0243478827178478 0.0160901509225368
vn 2.5228023004942246 -0.0575350032984402 4.6371106588914497
v -0.0439946390688419 -0.0240793675184250 0.0160631071776152
vn 2.4943635020440698 -1.1682441346984915 4.4635548715307314
v -0.0439946390688419 -0.0237883813679218 0.0160997789353132
vn 2.5225317289070586 -2.2260636194477890 4.0688111980967347
v -0.0439946390688419 -0.0234556887298822 0.0162354335188866
vn 2.4938213227934933 -3.1213076793689423 3.3993834351540211
v -0.0439946390688419 -0.0232891459017992 0.0163525566458702
vn 2.4926658551529743 -4.3512100610803079 1.5451787118794706
v -0.0439946390688419 -0.0229502245783806 0.0167978294193745
vn 2.5215197040339614 -3.8759789904919506 2.5502896094572876
v -0.0439946390688419 -0.0230017304420471 0.0166965145617723
vn 5.5920686123115120 0.9504205547673625 1.6761662058183657
v -0.0364946350455284 -0.0248412936925888 0.0159864854067564
vn 5.5920617676524591 -0.0149957206788549 1.9268215902955768
v -0.0364946350455284 -0.0240772273391485 0.0157881155610085
vn 5.5920618241894680 -0.9763980841084052 1.6611772660418838
v -0.0364946350455284 -0.0233163405209780 0.0159983541816473
vn 5.5779952667937058 -1.9490504806305746 0.0166715321662263
v -0.0364946350455284 -0.0225641410797834 0.0173249375075102
vn 5.5920627699655983 -1.6761728026760001 0.9504242461709675
v -0.0364946350455284 -0.0227625127881765 0.0165608711540699
vn 5.5920631689231568 1.6611756311884625 0.9763988183597456
v -0.0364946350455284 -0.0254038088023663 0.0165403131395578
vn 5.5742386956457413 1.9541575507086721 0.0555618345092529
v -0.0364946350455284 -0.0256140492856503 0.0173011999577284
vn 5.5601704807245760 1.7972883097704422 -0.8224603723031008
v -0.0364946350455284 -0.0254785176366568 0.0179416630417109
vn 5.5639225269960564 1.2612662260141108 -1.5144192384642905
v -0.0364946350455284 -0.0250650327652693 0.0184848923236132
vn 5.5639276790619192 0.4741248241606409 -1.9129658230465865
v -0.0364946350455284 -0.0244559645652771 0.0187932830303907
vn 5.5639259790066689 -1.2084063331782606 -1.5569183672465825
v -0.0364946350455284 -0.0231540556997061 0.0185177791863680
vn 5.5639253541268312 -1.7666179310847530 -0.8736741702153774
v -0.0364946350455284 -0.0227221250534058 0.0179890990257263
vn 5.5639264170099532 -0.4080255623617323 -1.9281482146142614
v -0.0364946350455284 -0.0237733740359545 0.0188050288707018
vn 2.4269130784238637 4.7208068573648161 2.7726426904580648
v -0.0367696359753609 -0.0251667294651270 0.0166796632111073
vn 2.4224023797594620 2.7016383044722074 4.7626399616014918
v -0.0367696359753609 -0.0247056502848864 0.0162257067859173
vn 2.4206458637368566 -0.0424958745571437 5.4756694823084677
v -0.0367696359753609 -0.0240793675184250 0.0160631071776152
vn 2.4216678865776391 -2.7753126094837350 4.7202343423761954
v -0.0367696359753609 -0.0234556887298822 0.0162354335188866
vn 2.4254638100681105 -4.7634925347667707 2.6991313513865043
v -0.0367696359753609 -0.0230017323046923 0.0166965145617723
# 2564 vertices, 0 vertices normals

f 1//1 2//2 3//3
f 4//4 5//5 6//6
f 6//6 5//5 1//1
f 7//7 8//8 9//9
f 9//9 8//8 10//10
f 11//11 9//9 12//12
f 12//12 9//9 10//10
f 12//12 10//10 3//3
f 3//3 10//10 13//13
f 3//3 13//13 1//1
f 1//1 13//13 14//14
f 1//1 14//14 6//6
f 10//10 15//15 13//13
f 13//13 15//15 16//16
f 13//13 16//16 14//14
f 14//14 16//16 17//17
f 14//14 17//17 6//6
f 6//6 17//17 18//18
f 6//6 18//18 4//4
f 4//4 18//18 19//19
f 4//4 19//19 5//5
f 5//5 19//19 20//20
f 5//5 20//20 1//1
f 1//1 20//20 21//21
f 1//1 21//21 2//2
f 2//2 21//21 22//22
f 2//2 22//22 3//3
f 3//3 22//22 23//23
f 3//3 23//23 12//12
f 12//12 23//23 24//24
f 12//12 24//24 11//11
f 11//11 24//24 25//25
f 11//11 25//25 9//9
f 9//9 25//25 26//26
f 9//9 26//26 7//7
f 7//7 26//26 27//27
f 7//7 27//27 8//8
f 8//8 27//27 28//28
f 8//8 28//28 10//10
f 10//10 28//28 15//15
f 25//25 29//29 26//26
f 26//26 29//29 30//30
f 26//26 30//30 27//27
f 27//27 30//30 31//31
f 32//32 33//33 34//34
f 34//34 33//33 35//35
f 34//34 35//35 36//36
f 37//37 38//38 39//39
f 39//39 38//38 40//40
f 39//39 40//40 41//41
f 41//41 40//40 42//42
f 41//41 42//42 43//43
f 43//43 42//42 44//44
f 43//43 44//44 45//45
f 25//25 24//24 29//29
f 29//29 24//24 23//23
f 29//29 23//23 46//46
f 46//46 23//23 22//22
f 46//46 22//22 47//47
f 47//47 22//22 48//48
f 49//49 50//50 51//51
f 52//52 53//53 54//54
f 54//54 53//53 55//55
f 54//54 55//55 56//56
f 35//35 57//57 36//36
f 36//36 57//57 58//58
f 36//36 58//58 59//59
f 59//59 58//58 60//60
f 59//59 60//60 61//61
f 61//61 60//60 62//62
f 61//61 62//62 63//63
f 63//63 62//62 49//49
f 63//63 49//49 64//64
f 64//64 49//49 51//51
f 64//64 51//51 65//65
f 65//65 51//51 66//66
f 65//65 66//66 37//37
f 37//37 66//66 56//56
f 37//37 56//56 38//38
f 38//38 56//56 55//55
f 31//31 67//67 27//27
f 27//27 67//67 68//68
f 27//27 68//68 28//28
f 28//28 68//68 69//69
f 28//28 69//69 15//15
f 15//15 69//69 70//70
f 15//15 70//70 16//16
f 16//16 70//70 71//71
f 16//16 71//71 17//17
f 32//32 72//72 73//73
f 73//73 72//72 74//74
f 34//34 75//75 32//32
f 32//32 75//75 76//76
f 32//32 76//76 45//45
f 22//22 21//21 48//48
f 48//48 21//21 20//20
f 48//48 20//20 74//74
f 74//74 20//20 19//19
f 74//74 19//19 73//73
f 73//73 19//19 18//18
f 73//73 18//18 77//77
f 77//77 18//18 17//17
f 77//77 17//17 78//78
f 78//78 17//17 71//71
f 44//44 79//79 45//45
f 45//45 79//79 80//80
f 45//45 80//80 32//32
f 32//32 80//80 81//81
f 32//32 81//81 72//72
f 82//82 41//41 83//83
f 83//83 41//41 43//43
f 83//83 43//43 84//84
f 84//84 43//43 45//45
f 84//84 45//45 85//85
f 85//85 45//45 76//76
f 85//85 76//76 86//86
f 86//86 76//76 75//75
f 86//86 75//75 87//87
f 87//87 75//75 34//34
f 87//87 34//34 88//88
f 88//88 34//34 36//36
f 88//88 36//36 89//89
f 89//89 36//36 59//59
f 89//89 59//59 90//90
f 90//90 59//59 61//61
f 90//90 61//61 91//91
f 91//91 61//61 63//63
f 91//91 63//63 92//92
f 92//92 63//63 64//64
f 92//92 64//64 93//93
f 93//93 64//64 65//65
f 93//93 65//65 94//94
f 94//94 65//65 37//37
f 94//94 37//37 95//95
f 95//95 37//37 39//39
f 95//95 39//39 82//82
f 82//82 39//39 41//41
f 96//96 56//56 97//97
f 97//97 56//56 66//66
f 97//97 66//66 98//98
f 98//98 66//66 51//51
f 99//99 32//32 100//100
f 100//100 32//32 73//73
f 70//70 101//101 102//102
f 70//70 102//102 71//71
f 71//71 102//102 103//103
f 71//71 103//103 78//78
f 78//78 103//103 104//104
f 78//78 104//104 77//77
f 77//77 104//104 100//100
f 77//77 100//100 73//73
f 101//101 70//70 105//105
f 105//105 70//70 69//69
f 30//30 106//106 107//107
f 30//30 107//107 31//31
f 31//31 107//107 108//108
f 31//31 108//108 67//67
f 67//67 108//108 109//109
f 67//67 109//109 68//68
f 68//68 109//109 105//105
f 68//68 105//105 69//69
f 30//30 29//29 106//106
f 106//106 29//29 110//110
f 110//110 111//111 106//106
f 106//106 111//111 112//112
f 106//106 112//112 113//113
f 114//114 29//29 115//115
f 115//115 29//29 46//46
f 115//115 46//46 47//47
f 115//115 47//47 116//116
f 116//116 47//47 48//48
f 116//116 48//48 117//117
f 117//117 48//48 74//74
f 117//117 74//74 118//118
f 118//118 74//74 72//72
f 118//118 72//72 119//119
f 119//119 72//72 120//120
f 120//120 72//72 81//81
f 42//42 121//121 122//122
f 42//42 122//122 44//44
f 44//44 122//122 123//123
f 44//44 123//123 79//79
f 79//79 123//123 124//124
f 79//79 124//124 80//80
f 80//80 124//124 120//120
f 80//80 120//120 81//81
f 121//121 42//42 125//125
f 125//125 42//42 40//40
f 53//53 52//52 126//126
f 126//126 52//52 127//127
f 126//126 127//127 128//128
f 126//126 129//129 53//53
f 53//53 129//129 130//130
f 53//53 130//130 55//55
f 55//55 130//130 131//131
f 55//55 131//131 38//38
f 38//38 131//131 125//125
f 38//38 125//125 40//40
f 52//52 54//54 132//132
f 132//132 54//54 133//133
f 132//132 133//133 128//128
f 128//128 133//133 134//134
f 128//128 134//134 135//135
f 134//134 136//136 135//135
f 135//135 136//136 137//137
f 135//135 137//137 138//138
f 138//138 137//137 139//139
f 133//133 54//54 96//96
f 96//96 54//54 56//56
f 32//32 99//99 140//140
f 32//32 140//140 33//33
f 33//33 140//140 141//141
f 33//33 141//141 35//35
f 35//35 141//141 142//142
f 35//35 142//142 57//57
f 57//57 142//142 143//143
f 57//57 143//143 58//58
f 58//58 143//143 144//144
f 58//58 144//144 60//60
f 60//60 144//144 145//145
f 60//60 145//145 62//62
f 146//146 147//147 148//148
f 146//146 148//148 149//149
f 149//149 148//148 150//150
f 149//149 150//150 151//151
f 151//151 150//150 152//152
f 151//151 152//152 153//153
f 153//153 152//152 50//50
f 153//153 50//50 49//49
f 98//98 51//51 154//154
f 154//154 51//51 50//50
f 155//155 49//49 145//145
f 145//145 49//49 62//62
f 92//92 93//93 94//94
f 95//95 82//82 88//88
f 88//88 82//82 83//83
f 86//86 87//87 85//85
f 85//85 87//87 88//88
f 85//85 88//88 84//84
f 84//84 88//88 83//83
f 88//88 89//89 95//95
f 95//95 89//89 90//90
f 95//95 90//90 94//94
f 94//94 90//90 91//91
f 94//94 91//91 92//92
f 156//156 96//96 157//157
f 157//157 96//96 97//97
f 157//157 97//97 158//158
f 158//158 97//97 98//98
f 100//100 159//159 99//99
f 99//99 159//159 160//160
f 159//159 100//100 104//104
f 159//159 104//104 161//161
f 161//161 104//104 103//103
f 161//161 103//103 162//162
f 162//162 103//103 102//102
f 162//162 102//102 163//163
f 163//163 102//102 101//101
f 163//163 101//101 164//164
f 105//105 165//165 101//101
f 101//101 165//165 164//164
f 165//165 105//105 109//109
f 165//165 109//109 166//166
f 166//166 109//109 108//108
f 166//166 108//108 167//167
f 167//167 108//108 107//107
f 167//167 107//107 168//168
f 168//168 107//107 106//106
f 168//168 106//106 169//169
f 169//169 106//106 170//170
f 170//170 106//106 113//113
f 170//170 113//113 139//139
f 139//139 113//113 171//171
f 139//139 171//171 138//138
f 138//138 171//171 126//126
f 138//138 126//126 135//135
f 135//135 126//126 128//128
f 110//110 29//29 114//114
f 114//114 172//172 110//110
f 110//110 172//172 173//173
f 110//110 173//173 111//111
f 171//171 113//113 174//174
f 174//174 113//113 112//112
f 174//174 112//112 175//175
f 175//175 112//112 111//111
f 175//175 111//111 176//176
f 176//176 111//111 173//173
f 177//177 114//114 178//178
f 178//178 114//114 115//115
f 178//178 115//115 116//116
f 178//178 116//116 179//179
f 179//179 116//116 117//117
f 179//179 117//117 180//180
f 180//180 117//117 118//118
f 180//180 118//118 181//181
f 181//181 118//118 119//119
f 181//181 119//119 182//182
f 182//182 119//119 183//183
f 183//183 119//119 120//120
f 183//183 120//120 124//124
f 183//183 124//124 184//184
f 184//184 124//124 123//123
f 184//184 123//123 185//185
f 185//185 123//123 122//122
f 185//185 122//122 186//186
f 186//186 122//122 121//121
f 186//186 121//121 187//187
f 187//187 121//121 188//188
f 188//188 121//121 125//125
f 188//188 125//125 131//131
f 188//188 131//131 189//189
f 189//189 131//131 130//130
f 189//189 130//130 190//190
f 190//190 130//130 129//129
f 190//190 129//129 191//191
f 191//191 129//129 126//126
f 191//191 126//126 192//192
f 133//133 193//193 134//134
f 134//134 193//193 194//194
f 134//134 194//194 136//136
f 170//170 139//139 194//194
f 194//194 139//139 137//137
f 194//194 137//137 136//136
f 96//96 156//156 133//133
f 133//133 156//156 193//193
f 195//195 145//145 144//144
f 195//195 144//144 196//196
f 196//196 144//144 143//143
f 196//196 143//143 197//197
f 197//197 143//143 142//142
f 197//197 142//142 198//198
f 198//198 142//142 141//141
f 198//198 141//141 199//199
f 199//199 141//141 140//140
f 199//199 140//140 200//200
f 200//200 140//140 99//99
f 200//200 99//99 160//160
f 147//147 146//146 201//201
f 201//201 146//146 202//202
f 154//154 50//50 152//152
f 154//154 152//152 203//203
f 203//203 152//152 150//150
f 203//203 150//150 204//204
f 204//204 150//150 148//148
f 204//204 148//148 205//205
f 205//205 148//148 147//147
f 205//205 147//147 206//206
f 207//207 146//146 149//149
f 207//207 149//149 208//208
f 208//208 149//149 151//151
f 208//208 151//151 209//209
f 209//209 151//151 153//153
f 209//209 153//153 210//210
f 210//210 153//153 49//49
f 210//210 49//49 155//155
f 211//211 212//212 213//213
f 213//213 212//212 214//214
f 215//215 216//216 217//217
f 217//217 218//218 215//215
f 215//215 218//218 219//219
f 215//215 219//219 220//220
f 219//219 221//221 220//220
f 220//220 221//221 222//222
f 220//220 222//222 223//223
f 222//222 224//224 223//223
f 223//223 224//224 225//225
f 223//223 225//225 226//226
f 226//226 225//225 227//227
f 226//226 227//227 228//228
f 227//227 229//229 228//228
f 228//228 229//229 230//230
f 228//228 230//230 231//231
f 230//230 232//232 231//231
f 231//231 232//232 233//233
f 231//231 233//233 211//211
f 211//211 233//233 234//234
f 211//211 234//234 212//212
f 226//226 235//235 236//236
f 237//237 238//238 239//239
f 237//237 239//239 240//240
f 240//240 239//239 241//241
f 240//240 241//241 242//242
f 207//207 243//243 244//244
f 226//226 228//228 235//235
f 235//235 228//228 145//145
f 235//235 145//145 195//195
f 245//245 155//155 209//209
f 209//209 155//155 246//246
f 209//209 246//246 208//208
f 208//208 246//246 247//247
f 208//208 247//247 207//207
f 207//207 247//247 248//248
f 207//207 244//244 249//249
f 215//215 220//220 242//242
f 242//242 220//220 223//223
f 242//242 223//223 250//250
f 250//250 223//223 226//226
f 250//250 226//226 251//251
f 251//251 226//226 236//236
f 228//228 231//231 145//145
f 145//145 231//231 211//211
f 145//145 211//211 155//155
f 155//155 211//211 213//213
f 155//155 213//213 246//246
f 244//244 252//252 249//249
f 249//249 252//252 253//253
f 249//249 253//253 254//254
f 254//254 253//253 255//255
f 237//237 256//256 238//238
f 238//238 256//256 257//257
f 238//238 257//257 258//258
f 258//258 257//257 259//259
f 258//258 259//259 260//260
f 260//260 259//259 261//261
f 260//260 261//261 262//262
f 262//262 261//261 263//263
f 262//262 263//263 255//255
f 255//255 263//263 264//264
f 255//255 264//264 254//254
f 248//248 265//265 207//207
f 207//207 265//265 266//266
f 207//207 266//266 243//243
f 243//243 266//266 267//267
f 243//243 267//267 268//268
f 268//268 267//267 269//269
f 268//268 269//269 270//270
f 270//270 269//269 216//216
f 270//270 216//216 271//271
f 271//271 216//216 215//215
f 271//271 215//215 272//272
f 272//272 215//215 242//242
f 272//272 242//242 273//273
f 273//273 242//242 241//241
f 158//158 274//274 157//157
f 157//157 274//274 275//275
f 157//157 275//275 156//156
f 156//156 275//275 276//276
f 159//159 277//277 160//160
f 160//160 277//277 278//278
f 277//277 159//159 161//161
f 277//277 161//161 279//279
f 279//279 161//161 162//162
f 279//279 162//162 280//280
f 280//280 162//162 163//163
f 280//280 163//163 281//281
f 281//281 163//163 164//164
f 281//281 164//164 282//282
f 165//165 283//283 164//164
f 164//164 283//283 282//282
f 284//284 283//283 165//165
f 165//165 166//166 284//284
f 284//284 166//166 167//167
f 284//284 167//167 285//285
f 285//285 167//167 168//168
f 285//285 168//168 286//286
f 286//286 168//168 169//169
f 286//286 169//169 287//287
f 171//171 288//288 126//126
f 126//126 288//288 192//192
f 170//170 289//289 169//169
f 169//169 289//289 287//287
f 288//288 171//171 174//174
f 288//288 174//174 290//290
f 290//290 174//174 175//175
f 290//290 175//175 291//291
f 175//175 176//176 291//291
f 291//291 176//176 173//173
f 291//291 173//173 292//292
f 173//173 172//172 292//292
f 292//292 172//172 114//114
f 292//292 114//114 177//177
f 192//192 288//288 177//177
f 182//182 183//183 187//187
f 190//190 191//191 192//192
f 180//180 181//181 182//182
f 188//188 189//189 190//190
f 292//292 177//177 291//291
f 291//291 177//177 288//288
f 291//291 288//288 290//290
f 183//183 184//184 187//187
f 187//187 184//184 185//185
f 187//187 185//185 186//186
f 190//190 192//192 188//188
f 188//188 192//192 177//177
f 188//188 177//177 187//187
f 187//187 177//177 178//178
f 187//187 178//178 182//182
f 182//182 178//178 179//179
f 182//182 179//179 180//180
f 193//193 293//293 194//194
f 194//194 293//293 294//294
f 194//194 294//294 170//170
f 170//170 294//294 289//289
f 156//156 276//276 193//193
f 193//193 276//276 293//293
f 295//295 195//195 196//196
f 295//295 196//196 296//296
f 296//296 196//196 197//197
f 296//296 197//197 297//297
f 297//297 197//197 198//198
f 297//297 198//198 298//298
f 298//298 198//198 199//199
f 298//298 199//199 299//299
f 299//299 199//199 200//200
f 299//299 200//200 300//300
f 300//300 200//200 160//160
f 300//300 160//160 278//278
f 301//301 302//302 303//303
f 301//301 303//303 304//304
f 304//304 303//303 305//305
f 304//304 305//305 306//306
f 306//306 305//305 307//307
f 306//306 307//307 308//308
f 308//308 307//307 201//201
f 308//308 201//201 202//202
f 261//261 301//301 304//304
f 261//261 304//304 263//263
f 263//263 304//304 306//306
f 263//263 306//306 264//264
f 264//264 306//306 308//308
f 264//264 308//308 254//254
f 254//254 308//308 202//202
f 254//254 202//202 249//249
f 249//249 202//202 207//207
f 207//207 202//202 146//146
f 217//217 309//309 310//310
f 310//310 309//309 311//311
f 309//309 312//312 311//311
f 311//311 312//312 313//313
f 311//311 313//313 314//314
f 313//313 315//315 314//314
f 314//314 315//315 316//316
f 314//314 316//316 317//317
f 316//316 318//318 317//317
f 317//317 318//318 319//319
f 317//317 319//319 320//320
f 319//319 321//321 320//320
f 320//320 321//321 322//322
f 320//320 322//322 323//323
f 322//322 324//324 323//323
f 323//323 324//324 325//325
f 323//323 325//325 326//326
f 214//214 327//327 328//328
f 328//328 327//327 326//326
f 328//328 326//326 329//329
f 329//329 326//326 325//325
f 214//214 212//212 327//327
f 327//327 212//212 330//330
f 212//212 234//234 330//330
f 330//330 234//234 233//233
f 330//330 233//233 331//331
f 233//233 232//232 331//331
f 331//331 232//232 230//230
f 331//331 230//230 332//332
f 230//230 229//229 332//332
f 332//332 229//229 227//227
f 332//332 227//227 333//333
f 227//227 225//225 333//333
f 333//333 225//225 224//224
f 333//333 224//224 334//334
f 224//224 222//222 334//334
f 334//334 222//222 221//221
f 334//334 221//221 335//335
f 217//217 310//310 218//218
f 218//218 310//310 335//335
f 218//218 335//335 219//219
f 219//219 335//335 221//221
f 246//246 213//213 214//214
f 214//214 328//328 246//246
f 246//246 328//328 329//329
f 246//246 329//329 247//247
f 329//329 325//325 247//247
f 247//247 325//325 324//324
f 247//247 324//324 248//248
f 324//324 322//322 248//248
f 248//248 322//322 321//321
f 248//248 321//321 265//265
f 265//265 321//321 319//319
f 265//265 319//319 266//266
f 319//319 318//318 266//266
f 266//266 318//318 316//316
f 266//266 316//316 267//267
f 316//316 315//315 267//267
f 267//267 315//315 313//313
f 267//267 313//313 269//269
f 217//217 216//216 309//309
f 309//309 216//216 269//269
f 309//309 269//269 312//312
f 312//312 269//269 313//313
f 336//336 337//337 158//158
f 158//158 337//337 274//274
f 337//337 336//336 338//338
f 338//338 336//336 339//339
f 338//338 339//339 340//340
f 340//340 339//339 341//341
f 340//340 341//341 342//342
f 342//342 341//341 343//343
f 342//342 343//343 344//344
f 344//344 343//343 345//345
f 346//346 347//347 345//345
f 345//345 347//347 344//344
f 348//348 349//349 350//350
f 348//348 350//350 351//351
f 351//351 350//350 352//352
f 351//351 352//352 353//353
f 353//353 352//352 354//354
f 353//353 354//354 355//355
f 355//355 354//354 347//347
f 355//355 347//347 346//346
f 356//356 357//357 358//358
f 358//358 357//357 359//359
f 357//357 360//360 359//359
f 359//359 360//360 361//361
f 359//359 361//361 362//362
f 361//361 363//363 362//362
f 362//362 363//363 364//364
f 362//362 364//364 365//365
f 364//364 366//366 365//365
f 365//365 366//366 367//367
f 365//365 367//367 368//368
f 367//367 369//369 368//368
f 368//368 369//369 370//370
f 368//368 370//370 371//371
f 370//370 372//372 371//371
f 371//371 372//372 373//373
f 371//371 373//373 374//374
f 375//375 376//376 377//377
f 377//377 376//376 374//374
f 377//377 374//374 378//378
f 378//378 374//374 373//373
f 271//271 357//357 270//270
f 270//270 357//357 356//356
f 258//258 260//260 375//375
f 375//375 377//377 258//258
f 258//258 377//377 378//378
f 258//258 378//378 238//238
f 378//378 373//373 238//238
f 238//238 373//373 372//372
f 238//238 372//372 239//239
f 372//372 370//370 239//239
f 239//239 370//370 369//369
f 239//239 369//369 241//241
f 241//241 369//369 367//367
f 241//241 367//367 273//273
f 367//367 366//366 273//273
f 273//273 366//366 364//364
f 273//273 364//364 272//272
f 364//364 363//363 272//272
f 272//272 363//363 361//361
f 272//272 361//361 271//271
f 271//271 361//361 360//360
f 271//271 360//360 357//357
f 268//268 270//270 356//356
f 356//356 379//379 268//268
f 268//268 379//379 380//380
f 268//268 380//380 243//243
f 380//380 381//381 243//243
f 243//243 381//381 382//382
f 243//243 382//382 244//244
f 382//382 383//383 244//244
f 244//244 383//383 384//384
f 244//244 384//384 252//252
f 252//252 384//384 385//385
f 252//252 385//385 253//253
f 385//385 386//386 253//253
f 253//253 386//386 387//387
f 253//253 387//387 255//255
f 387//387 388//388 255//255
f 255//255 388//388 389//389
f 255//255 389//389 262//262
f 375//375 260//260 390//390
f 390//390 260//260 262//262
f 390//390 262//262 391//391
f 391//391 262//262 389//389
f 375//375 390//390 376//376
f 376//376 390//390 392//392
f 390//390 391//391 392//392
f 392//392 391//391 389//389
f 392//392 389//389 393//393
f 389//389 388//388 393//393
f 393//393 388//388 387//387
f 393//393 387//387 394//394
f 387//387 386//386 394//394
f 394//394 386//386 385//385
f 394//394 385//385 395//395
f 385//385 384//384 395//395
f 395//395 384//384 383//383
f 395//395 383//383 396//396
f 383//383 382//382 396//396
f 396//396 382//382 381//381
f 396//396 381//381 397//397
f 356//356 358//358 379//379
f 379//379 358//358 397//397
f 379//379 397//397 380//380
f 380//380 397//397 381//381
f 339//339 336//336 332//332
f 331//331 332//332 98//98
f 98//98 332//332 336//336
f 98//98 336//336 158//158
f 371//371 398//398 368//368
f 368//368 398//398 346//346
f 368//368 346//346 365//365
f 365//365 346//346 345//345
f 365//365 345//345 362//362
f 399//399 400//400 393//393
f 397//397 311//311 314//314
f 400//400 401//401 393//393
f 393//393 401//401 402//402
f 393//393 402//402 392//392
f 392//392 402//402 403//403
f 392//392 403//403 376//376
f 376//376 403//403 348//348
f 376//376 348//348 374//374
f 374//374 348//348 351//351
f 374//374 351//351 371//371
f 371//371 351//351 404//404
f 371//371 404//404 398//398
f 393//393 394//394 399//399
f 399//399 394//394 395//395
f 399//399 395//395 206//206
f 311//311 397//397 310//310
f 310//310 397//397 358//358
f 310//310 358//358 335//335
f 395//395 396//396 206//206
f 206//206 396//396 397//397
f 206//206 397//397 317//317
f 317//317 397//397 314//314
f 358//358 359//359 335//335
f 335//335 359//359 362//362
f 335//335 362//362 334//334
f 334//334 362//362 345//345
f 334//334 345//345 333//333
f 333//333 345//345 343//343
f 333//333 343//343 332//332
f 332//332 343//343 341//341
f 332//332 341//341 339//339
f 203//203 326//326 154//154
f 154//154 326//326 327//327
f 154//154 327//327 98//98
f 98//98 327//327 330//330
f 98//98 330//330 331//331
f 317//317 320//320 206//206
f 206//206 320//320 323//323
f 206//206 323//323 205//205
f 205//205 323//323 326//326
f 205//205 326//326 204//204
f 204//204 326//326 203//203
f 206//206 147//147 399//399
f 399//399 147//147 201//201
f 399//399 201//201 307//307
f 399//399 307//307 400//400
f 400//400 307//307 305//305
f 400//400 305//305 401//401
f 401//401 305//305 303//303
f 401//401 303//303 402//402
f 402//402 303//303 302//302
f 402//402 302//302 403//403
f 403//403 302//302 348//348
f 348//348 302//302 349//349
f 302//302 301//301 349//349
f 349//349 301//301 405//405
f 259//259 405//405 261//261
f 261//261 405//405 301//301
f 405//405 259//259 257//257
f 405//405 257//257 406//406
f 406//406 257//257 256//256
f 406//406 256//256 407//407
f 407//407 256//256 237//237
f 407//407 237//237 408//408
f 408//408 237//237 240//240
f 408//408 240//240 409//409
f 242//242 410//410 240//240
f 240//240 410//410 409//409
f 410//410 242//242 411//411
f 411//411 242//242 250//250
f 411//411 250//250 412//412
f 412//412 250//250 251//251
f 412//412 251//251 413//413
f 413//413 251//251 236//236
f 413//413 236//236 414//414
f 414//414 236//236 235//235
f 195//195 295//295 235//235
f 235//235 295//295 414//414
f 276//276 275//275 295//295
f 295//295 275//275 414//414
f 414//414 275//275 274//274
f 414//414 274//274 337//337
f 287//287 289//289 278//278
f 278//278 289//289 294//294
f 278//278 294//294 300//300
f 300//300 294//294 293//293
f 276//276 295//295 293//293
f 293//293 295//295 296//296
f 293//293 296//296 297//297
f 285//285 286//286 284//284
f 284//284 286//286 287//287
f 284//284 287//287 283//283
f 283//283 287//287 278//278
f 283//283 278//278 282//282
f 297//297 298//298 293//293
f 293//293 298//298 299//299
f 293//293 299//299 300//300
f 280//280 281//281 279//279
f 279//279 281//281 282//282
f 279//279 282//282 277//277
f 277//277 282//282 278//278
f 414//414 337//337 413//413
f 413//413 337//337 338//338
f 413//413 338//338 412//412
f 412//412 338//338 340//340
f 412//412 340//340 411//411
f 411//411 340//340 342//342
f 411//411 342//342 410//410
f 410//410 342//342 344//344
f 347//347 409//409 344//344
f 344//344 409//409 410//410
f 349//349 405//405 406//406
f 349//349 406//406 350//350
f 350//350 406//406 407//407
f 350//350 407//407 352//352
f 352//352 407//407 408//408
f 352//352 408//408 354//354
f 354//354 408//408 409//409
f 354//354 409//409 347//347
f 415//415 416//416 417//417
f 418//418 419//419 420//420
f 420//420 419//419 421//421
f 420//420 421//421 422//422
f 422//422 421//421 423//423
f 423//423 421//421 424//424
f 423//423 424//424 425//425
f 420//420 426//426 427//427
f 415//415 417//417 424//424
f 424//424 417//417 428//428
f 424//424 428//428 425//425
f 429//429 430//430 420//420
f 420//420 430//430 431//431
f 420//420 431//431 418//418
f 427//427 432//432 420//420
f 420//420 432//432 433//433
f 420//420 433//433 429//429
f 417//417 434//434 435//435
f 417//417 435//435 428//428
f 428//428 435//435 436//436
f 428//428 436//436 425//425
f 425//425 436//436 437//437
f 425//425 437//437 423//423
f 423//423 437//437 438//438
f 423//423 438//438 422//422
f 439//439 440//440 441//441
f 441//441 440//440 442//442
f 441//441 442//442 443//443
f 443//443 442//442 444//444
f 443//443 444//444 445//445
f 441//441 446//446 439//439
f 439//439 446//446 447//447
f 439//439 447//447 448//448
f 448//448 447//447 449//449
f 448//448 449//449 450//450
f 451//451 452//452 453//453
f 454//454 455//455 456//456
f 454//454 456//456 457//457
f 451//451 453//453 458//458
f 458//458 453//453 459//459
f 458//458 459//459 460//460
f 460//460 459//459 461//461
f 460//460 461//461 462//462
f 463//463 464//464 459//459
f 459//459 464//464 465//465
f 459//459 465//465 461//461
f 466//466 467//467 468//468
f 456//456 469//469 457//457
f 457//457 469//469 470//470
f 457//457 470//470 471//471
f 471//471 470//470 466//466
f 471//471 466//466 472//472
f 472//472 466//466 468//468
f 468//468 463//463 472//472
f 472//472 463//463 459//459
f 472//472 459//459 471//471
f 471//471 459//459 453//453
f 471//471 453//453 457//457
f 457//457 453//453 452//452
f 457//457 452//452 454//454
f 454//454 452//452 451//451
f 454//454 451//451 473//473
f 474//474 475//475 476//476
f 477//477 478//478 479//479
f 479//479 478//478 480//480
f 479//479 480//480 481//481
f 482//482 474//474 477//477
f 477//477 474//474 476//476
f 477//477 476//476 478//478
f 483//483 473//473 484//484
f 484//484 473//473 451//451
f 484//484 451//451 485//485
f 485//485 451//451 458//458
f 485//485 458//458 486//486
f 486//486 458//458 460//460
f 486//486 460//460 462//462
f 462//462 482//482 486//486
f 486//486 482//482 477//477
f 486//486 477//477 485//485
f 485//485 477//477 479//479
f 485//485 479//479 484//484
f 484//484 479//479 481//481
f 484//484 481//481 483//483
f 483//483 481//481 480//480
f 483//483 480//480 487//487
f 488//488 489//489 490//490
f 491//491 492//492 493//493
f 491//491 493//493 494//494
f 494//494 493//493 495//495
f 494//494 495//495 496//496
f 496//496 495//495 497//497
f 496//496 497//497 498//498
f 499//499 500//500 501//501
f 501//501 500//500 502//502
f 476//476 475//475 499//499
f 499//499 501//501 476//476
f 476//476 501//501 503//503
f 476//476 503//503 478//478
f 478//478 503//503 504//504
f 478//478 504//504 480//480
f 488//488 490//490 505//505
f 505//505 490//490 506//506
f 505//505 506//506 507//507
f 508//508 489//489 502//502
f 502//502 489//489 488//488
f 502//502 488//488 501//501
f 501//501 488//488 505//505
f 501//501 505//505 503//503
f 503//503 505//505 507//507
f 503//503 507//507 504//504
f 509//509 498//498 508//508
f 508//508 498//498 497//497
f 508//508 497//497 489//489
f 489//489 497//497 495//495
f 489//489 495//495 490//490
f 490//490 495//495 493//493
f 490//490 493//493 506//506
f 506//506 493//493 492//492
f 506//506 492//492 507//507
f 507//507 492//492 510//510
f 507//507 510//510 504//504
f 504//504 510//510 511//511
f 504//504 511//511 480//480
f 480//480 511//511 512//512
f 480//480 512//512 487//487
f 513//513 509//509 514//514
f 443//443 515//515 516//516
f 516//516 515//515 517//517
f 516//516 517//517 518//518
f 518//518 517//517 519//519
f 514//514 520//520 513//513
f 513//513 520//520 521//521
f 513//513 521//521 519//519
f 519//519 521//521 522//522
f 519//519 522//522 518//518
f 509//509 513//513 498//498
f 498//498 513//513 519//519
f 498//498 519//519 496//496
f 496//496 519//519 517//517
f 496//496 517//517 494//494
f 494//494 517//517 515//515
f 494//494 515//515 491//491
f 523//523 524//524 525//525
f 525//525 524//524 526//526
f 527//527 525//525 526//526
f 526//526 528//528 527//527
f 527//527 528//528 529//529
f 527//527 529//529 530//530
f 530//530 529//529 531//531
f 531//531 529//529 532//532
f 531//531 532//532 533//533
f 533//533 532//532 534//534
f 533//533 534//534 535//535
f 534//534 536//536 535//535
f 535//535 536//536 537//537
f 535//535 537//537 538//538
f 538//538 537//537 539//539
f 539//539 537//537 540//540
f 539//539 540//540 541//541
f 541//541 540//540 542//542
f 541//541 542//542 543//543
f 543//543 542//542 544//544
f 543//543 544//544 545//545
f 545//545 544//544 546//546
f 545//545 546//546 547//547
f 545//545 547//547 548//548
f 548//548 547//547 549//549
f 550//550 551//551 552//552
f 550//550 552//552 553//553
f 553//553 552//552 554//554
f 553//553 554//554 555//555
f 555//555 554//554 556//556
f 555//555 556//556 557//557
f 557//557 556//556 548//548
f 557//557 548//548 549//549
f 551//551 550//550 558//558
f 558//558 550//550 559//559
f 523//523 560//560 524//524
f 524//524 560//560 561//561
f 560//560 562//562 561//561
f 561//561 562//562 563//563
f 561//561 563//563 564//564
f 564//564 563//563 565//565
f 564//564 565//565 566//566
f 566//566 565//565 567//567
f 566//566 567//567 568//568
f 569//569 570//570 568//568
f 568//568 570//570 571//571
f 568//568 571//571 566//566
f 568//568 572//572 569//569
f 569//569 572//572 558//558
f 569//569 558//558 559//559
f 573//573 574//574 575//575
f 576//576 577//577 578//578
f 579//579 580//580 581//581
f 582//582 583//583 584//584
f 584//584 583//583 585//585
f 584//584 585//585 578//578
f 578//578 585//585 586//586
f 578//578 586//586 576//576
f 582//582 584//584 587//587
f 587//587 584//584 588//588
f 587//587 588//588 589//589
f 590//590 591//591 592//592
f 593//593 594//594 591//591
f 595//595 596//596 594//594
f 597//597 598//598 599//599
f 599//599 598//598 600//600
f 601//601 602//602 603//603
f 603//603 602//602 597//597
f 603//603 597//597 604//604
f 581//581 605//605 579//579
f 579//579 605//605 606//606
f 579//579 606//606 607//607
f 608//608 609//609 610//610
f 610//610 609//609 611//611
f 594//594 593//593 595//595
f 595//595 593//593 612//612
f 595//595 612//612 613//613
f 613//613 612//612 614//614
f 613//613 614//614 615//615
f 616//616 589//589 592//592
f 592//592 589//589 588//588
f 592//592 588//588 590//590
f 590//590 588//588 584//584
f 590//590 584//584 617//617
f 617//617 584//584 578//578
f 617//617 578//578 618//618
f 618//618 578//578 577//577
f 618//618 577//577 610//610
f 610//610 577//577 619//619
f 610//610 619//619 608//608
f 608//608 619//619 580//580
f 597//597 599//599 604//604
f 604//604 599//599 620//620
f 604//604 620//620 621//621
f 621//621 620//620 622//622
f 621//621 622//622 623//623
f 596//596 595//595 624//624
f 624//624 595//595 613//613
f 624//624 613//613 625//625
f 625//625 613//613 615//615
f 625//625 615//615 626//626
f 627//627 628//628 629//629
f 629//629 628//628 607//607
f 629//629 607//607 630//630
f 630//630 607//607 606//606
f 623//623 622//622 631//631
f 631//631 622//622 628//628
f 631//631 628//628 575//575
f 575//575 628//628 627//627
f 575//575 627//627 573//573
f 591//591 590//590 593//593
f 593//593 590//590 617//617
f 593//593 617//617 612//612
f 612//612 617//617 618//618
f 612//612 618//618 614//614
f 614//614 618//618 610//610
f 614//614 610//610 615//615
f 615//615 610//610 611//611
f 615//615 611//611 626//626
f 580//580 579//579 608//608
f 608//608 579//579 607//607
f 608//608 607//607 609//609
f 609//609 607//607 628//628
f 609//609 628//628 611//611
f 611//611 628//628 622//622
f 611//611 622//622 626//626
f 626//626 622//622 620//620
f 626//626 620//620 625//625
f 625//625 620//620 599//599
f 625//625 599//599 624//624
f 624//624 599//599 600//600
f 624//624 600//600 596//596
f 632//632 633//633 634//634
f 635//635 636//636 637//637
f 638//638 639//639 636//636
f 640//640 574//574 573//573
f 640//640 573//573 641//641
f 636//636 635//635 638//638
f 638//638 635//635 605//605
f 638//638 605//605 581//581
f 573//573 627//627 641//641
f 641//641 627//627 629//629
f 641//641 629//629 637//637
f 637//637 629//629 630//630
f 637//637 630//630 635//635
f 635//635 630//630 606//606
f 635//635 606//606 605//605
f 639//639 632//632 636//636
f 636//636 632//632 634//634
f 636//636 634//634 637//637
f 637//637 634//634 642//642
f 637//637 642//642 641//641
f 641//641 642//642 643//643
f 641//641 643//643 640//640
f 640//640 643//643 644//644
f 645//645 646//646 647//647
f 648//648 649//649 647//647
f 647//647 649//649 650//650
f 647//647 650//650 645//645
f 602//602 601//601 651//651
f 652//652 616//616 592//592
f 653//653 654//654 655//655
f 656//656 657//657 658//658
f 659//659 660//660 661//661
f 661//661 660//660 662//662
f 663//663 664//664 665//665
f 665//665 664//664 666//666
f 665//665 666//666 667//667
f 646//646 663//663 668//668
f 668//668 663//663 665//665
f 668//668 665//665 669//669
f 670//670 671//671 672//672
f 673//673 651//651 671//671
f 591//591 594//594 674//674
f 674//674 594//594 675//675
f 674//674 675//675 676//676
f 677//677 662//662 678//678
f 678//678 662//662 660//660
f 678//678 660//660 679//679
f 679//679 660//660 659//659
f 679//679 659//659 680//680
f 680//680 659//659 681//681
f 680//680 681//681 682//682
f 682//682 681//681 655//655
f 683//683 684//684 658//658
f 658//658 684//684 685//685
f 658//658 685//685 656//656
f 656//656 685//685 686//686
f 684//684 687//687 685//685
f 685//685 687//687 688//688
f 685//685 688//688 686//686
f 686//686 688//688 689//689
f 686//686 689//689 690//690
f 691//691 692//692 693//693
f 693//693 692//692 694//694
f 693//693 694//694 695//695
f 695//695 694//694 696//696
f 695//695 696//696 676//676
f 691//691 669//669 692//692
f 692//692 669//669 665//665
f 692//692 665//665 694//694
f 694//694 665//665 667//667
f 694//694 667//667 696//696
f 666//666 677//677 667//667
f 667//667 677//677 678//678
f 667//667 678//678 696//696
f 696//696 678//678 679//679
f 696//696 679//679 676//676
f 676//676 679//679 680//680
f 676//676 680//680 674//674
f 674//674 680//680 682//682
f 674//674 682//682 591//591
f 591//591 682//682 655//655
f 591//591 655//655 592//592
f 592//592 655//655 654//654
f 592//592 654//654 652//652
f 671//671 670//670 673//673
f 673//673 670//670 697//697
f 673//673 697//697 698//698
f 698//698 697//697 699//699
f 698//698 699//699 700//700
f 602//602 651//651 597//597
f 597//597 651//651 673//673
f 597//597 673//673 598//598
f 598//598 673//673 698//698
f 598//598 698//698 600//600
f 600//600 698//698 700//700
f 600//600 700//700 596//596
f 701//701 702//702 655//655
f 655//655 702//702 703//703
f 655//655 703//703 653//653
f 661//661 657//657 659//659
f 659//659 657//657 656//656
f 659//659 656//656 681//681
f 681//681 656//656 686//686
f 681//681 686//686 655//655
f 655//655 686//686 690//690
f 655//655 690//690 701//701
f 594//594 596//596 675//675
f 675//675 596//596 700//700
f 675//675 700//700 676//676
f 676//676 700//700 699//699
f 676//676 699//699 695//695
f 695//695 699//699 697//697
f 695//695 697//697 693//693
f 693//693 697//697 670//670
f 693//693 670//670 691//691
f 691//691 670//670 672//672
f 691//691 672//672 669//669
f 482//482 462//462 704//704
f 705//705 706//706 707//707
f 707//707 706//706 708//708
f 707//707 708//708 709//709
f 709//709 708//708 710//710
f 709//709 710//710 711//711
f 711//711 710//710 712//712
f 711//711 712//712 713//713
f 713//713 712//712 714//714
f 713//713 714//714 715//715
f 715//715 714//714 716//716
f 715//715 716//716 717//717
f 717//717 716//716 718//718
f 716//716 719//719 718//718
f 718//718 719//719 720//720
f 718//718 720//720 721//721
f 721//721 720//720 722//722
f 721//721 722//722 723//723
f 723//723 724//724 721//721
f 721//721 724//724 725//725
f 721//721 725//725 726//726
f 726//726 727//727 728//728
f 728//728 727//727 729//729
f 726//726 728//728 721//721
f 721//721 728//728 475//475
f 721//721 475//475 704//704
f 704//704 475//475 474//474
f 704//704 474//474 482//482
f 730//730 731//731 732//732
f 732//732 731//731 733//733
f 733//733 734//734 732//732
f 732//732 734//734 735//735
f 732//732 735//735 736//736
f 737//737 738//738 735//735
f 738//738 739//739 735//735
f 735//735 739//739 740//740
f 735//735 740//740 736//736
f 736//736 740//740 741//741
f 736//736 741//741 742//742
f 742//742 743//743 736//736
f 736//736 743//743 744//744
f 736//736 744//744 705//705
f 705//705 744//744 745//745
f 705//705 745//745 706//706
f 746//746 747//747 735//735
f 735//735 747//747 748//748
f 735//735 748//748 737//737
f 729//729 749//749 728//728
f 728//728 749//749 750//750
f 728//728 750//750 751//751
f 751//751 752//752 728//728
f 728//728 752//752 753//753
f 728//728 753//753 754//754
f 754//754 753//753 755//755
f 754//754 755//755 735//735
f 735//735 755//755 756//756
f 735//735 756//756 746//746
f 757//757 644//644 643//643
f 758//758 759//759 760//760
f 761//761 762//762 763//763
f 758//758 760//760 764//764
f 757//757 643//643 765//765
f 766//766 767//767 768//768
f 768//768 767//767 769//769
f 768//768 769//769 770//770
f 770//770 769//769 771//771
f 770//770 771//771 717//717
f 768//768 772//772 766//766
f 766//766 772//772 773//773
f 766//766 773//773 763//763
f 763//763 773//773 774//774
f 763//763 774//774 761//761
f 775//775 765//765 776//776
f 776//776 765//765 643//643
f 776//776 643//643 777//777
f 777//777 643//643 642//642
f 777//777 642//642 778//778
f 778//778 642//642 634//634
f 778//778 634//634 779//779
f 779//779 634//634 633//633
f 779//779 764//764 778//778
f 778//778 764//764 760//760
f 778//778 760//760 777//777
f 777//777 760//760 780//780
f 777//777 780//780 776//776
f 776//776 780//780 781//781
f 776//776 781//781 775//775
f 775//775 781//781 782//782
f 759//759 774//774 760//760
f 760//760 774//774 773//773
f 760//760 773//773 780//780
f 780//780 773//773 772//772
f 780//780 772//772 781//781
f 781//781 772//772 768//768
f 781//781 768//768 782//782
f 782//782 768//768 770//770
f 783//783 784//784 785//785
f 786//786 787//787 788//788
f 426//426 789//789 790//790
f 791//791 789//789 426//426
f 788//788 787//787 426//426
f 792//792 790//790 793//793
f 793//793 790//790 789//789
f 793//793 789//789 794//794
f 794//794 789//789 791//791
f 784//784 786//786 792//792
f 792//792 786//786 788//788
f 792//792 788//788 790//790
f 790//790 788//788 426//426
f 791//791 795//795 794//794
f 794//794 795//795 796//796
f 794//794 796//796 797//797
f 784//784 792//792 785//785
f 785//785 792//792 793//793
f 785//785 793//793 798//798
f 798//798 793//793 794//794
f 798//798 794//794 799//799
f 799//799 794//794 797//797
f 799//799 797//797 800//800
f 783//783 785//785 801//801
f 801//801 785//785 798//798
f 801//801 798//798 802//802
f 802//802 798//798 799//799
f 802//802 799//799 803//803
f 803//803 799//799 800//800
f 803//803 800//800 804//804
f 805//805 783//783 801//801
f 805//805 801//801 806//806
f 806//806 801//801 802//802
f 806//806 802//802 807//807
f 807//807 802//802 803//803
f 807//807 803//803 808//808
f 808//808 803//803 804//804
f 808//808 804//804 809//809
f 810//810 811//811 812//812
f 812//812 811//811 813//813
f 812//812 813//813 814//814
f 814//814 813//813 648//648
f 814//814 648//648 647//647
f 810//810 812//812 815//815
f 815//815 812//812 816//816
f 815//815 816//816 817//817
f 817//817 816//816 818//818
f 818//818 816//816 819//819
f 818//818 819//819 820//820
f 820//820 821//821 822//822
f 822//822 821//821 823//823
f 822//822 823//823 824//824
f 824//824 823//823 825//825
f 824//824 825//825 826//826
f 826//826 825//825 827//827
f 826//826 827//827 828//828
f 828//828 827//827 829//829
f 829//829 827//827 830//830
f 829//829 830//830 831//831
f 821//821 832//832 833//833
f 821//821 833//833 834//834
f 833//833 835//835 834//834
f 834//834 835//835 836//836
f 834//834 836//836 837//837
f 837//837 836//836 838//838
f 837//837 838//838 839//839
f 839//839 838//838 809//809
f 839//839 809//809 840//840
f 841//841 420//420 422//422
f 841//841 422//422 842//842
f 438//438 843//843 422//422
f 422//422 843//843 844//844
f 422//422 844//844 842//842
f 845//845 846//846 847//847
f 847//847 846//846 848//848
f 847//847 848//848 849//849
f 849//849 848//848 850//850
f 851//851 852//852 853//853
f 853//853 852//852 854//854
f 853//853 854//854 850//850
f 850//850 854//854 855//855
f 850//850 855//855 849//849
f 851//851 853//853 856//856
f 856//856 853//853 857//857
f 856//856 857//857 830//830
f 858//858 859//859 860//860
f 860//860 859//859 861//861
f 860//860 861//861 862//862
f 862//862 861//861 863//863
f 862//862 863//863 864//864
f 864//864 863//863 865//865
f 864//864 865//865 866//866
f 866//866 865//865 867//867
f 866//866 867//867 868//868
f 868//868 867//867 869//869
f 868//868 869//869 870//870
f 870//870 869//869 871//871
f 870//870 871//871 872//872
f 872//872 871//871 873//873
f 872//872 873//873 874//874
f 874//874 873//873 875//875
f 874//874 875//875 876//876
f 876//876 875//875 877//877
f 876//876 877//877 878//878
f 878//878 877//877 879//879
f 878//878 879//879 880//880
f 880//880 879//879 881//881
f 880//880 881//881 882//882
f 882//882 881//881 883//883
f 882//882 883//883 858//858
f 858//858 883//883 859//859
f 884//884 885//885 886//886
f 886//886 885//885 887//887
f 886//886 887//887 888//888
f 888//888 887//887 889//889
f 888//888 889//889 890//890
f 890//890 889//889 891//891
f 890//890 891//891 892//892
f 892//892 891//891 893//893
f 892//892 893//893 894//894
f 894//894 893//893 895//895
f 894//894 895//895 896//896
f 896//896 895//895 897//897
f 896//896 897//897 898//898
f 898//898 897//897 899//899
f 898//898 899//899 900//900
f 900//900 899//899 901//901
f 900//900 901//901 902//902
f 902//902 901//901 903//903
f 902//902 903//903 904//904
f 904//904 903//903 905//905
f 904//904 905//905 906//906
f 906//906 905//905 907//907
f 906//906 907//907 884//884
f 884//884 907//907 885//885
f 908//908 909//909 910//910
f 909//909 908//908 911//911
f 911//911 908//908 912//912
f 911//911 912//912 913//913
f 913//913 912//912 914//914
f 913//913 914//914 915//915
f 916//916 917//917 910//910
f 918//918 846//846 917//917
f 917//917 916//916 918//918
f 918//918 916//916 919//919
f 918//918 919//919 920//920
f 920//920 919//919 921//921
f 920//920 921//921 922//922
f 922//922 921//921 923//923
f 922//922 923//923 924//924
f 910//910 909//909 916//916
f 916//916 909//909 911//911
f 916//916 911//911 919//919
f 919//919 911//911 913//913
f 919//919 913//913 921//921
f 921//921 913//913 915//915
f 921//921 915//915 923//923
f 925//925 926//926 927//927
f 447//447 928//928 449//449
f 449//449 928//928 929//929
f 925//925 927//927 930//930
f 930//930 927//927 931//931
f 930//930 931//931 932//932
f 932//932 931//931 933//933
f 932//932 933//933 934//934
f 934//934 933//933 935//935
f 935//935 933//933 936//936
f 935//935 936//936 937//937
f 937//937 936//936 938//938
f 937//937 938//938 939//939
f 939//939 938//938 940//940
f 939//939 940//940 941//941
f 514//514 941//941 520//520
f 520//520 941//941 940//940
f 520//520 940//940 521//521
f 521//521 940//940 938//938
f 521//521 938//938 522//522
f 443//443 942//942 441//441
f 441//441 942//942 943//943
f 441//441 943//943 446//446
f 446//446 943//943 944//944
f 446//446 944//944 447//447
f 447//447 944//944 945//945
f 447//447 945//945 928//928
f 946//946 947//947 942//942
f 942//942 947//947 948//948
f 942//942 948//948 943//943
f 943//943 948//948 949//949
f 943//943 949//949 944//944
f 944//944 949//949 950//950
f 944//944 950//950 945//945
f 945//945 950//950 951//951
f 945//945 951//951 928//928
f 928//928 951//951 952//952
f 928//928 952//952 929//929
f 929//929 952//952 953//953
f 443//443 516//516 942//942
f 942//942 516//516 518//518
f 942//942 518//518 946//946
f 946//946 518//518 522//522
f 946//946 522//522 947//947
f 947//947 522//522 938//938
f 947//947 938//938 948//948
f 948//948 938//938 936//936
f 948//948 936//936 949//949
f 949//949 936//936 933//933
f 949//949 933//933 950//950
f 950//950 933//933 931//931
f 950//950 931//931 951//951
f 951//951 931//931 927//927
f 951//951 927//927 952//952
f 952//952 927//927 926//926
f 952//952 926//926 953//953
f 953//953 926//926 925//925
f 953//953 925//925 954//954
f 955//955 954//954 925//925
f 956//956 957//957 955//955
f 958//958 959//959 960//960
f 960//960 959//959 961//961
f 960//960 961//961 962//962
f 962//962 961//961 963//963
f 962//962 963//963 964//964
f 964//964 963//963 965//965
f 965//965 963//963 966//966
f 965//965 966//966 967//967
f 965//965 967//967 968//968
f 968//968 967//967 969//969
f 968//968 969//969 970//970
f 970//970 969//969 971//971
f 970//970 971//971 972//972
f 972//972 971//971 973//973
f 972//972 973//973 974//974
f 941//941 514//514 975//975
f 976//976 937//937 977//977
f 977//977 937//937 939//939
f 977//977 939//939 978//978
f 978//978 939//939 941//941
f 978//978 941//941 979//979
f 979//979 941//941 975//975
f 955//955 925//925 956//956
f 956//956 925//925 930//930
f 956//956 930//930 980//980
f 980//980 930//930 932//932
f 980//980 932//932 981//981
f 981//981 932//932 934//934
f 981//981 934//934 976//976
f 976//976 934//934 935//935
f 976//976 935//935 937//937
f 979//979 982//982 978//978
f 978//978 982//982 983//983
f 978//978 983//983 977//977
f 977//977 983//983 984//984
f 977//977 984//984 976//976
f 976//976 984//984 985//985
f 976//976 985//985 981//981
f 981//981 985//985 986//986
f 981//981 986//986 980//980
f 980//980 986//986 987//987
f 980//980 987//987 956//956
f 956//956 987//987 988//988
f 956//956 988//988 957//957
f 957//957 988//988 989//989
f 975//975 990//990 979//979
f 979//979 990//990 991//991
f 979//979 991//991 982//982
f 982//982 991//991 992//992
f 982//982 992//992 983//983
f 983//983 992//992 993//993
f 983//983 993//993 984//984
f 984//984 993//993 994//994
f 984//984 994//994 985//985
f 985//985 994//994 995//995
f 985//985 995//995 986//986
f 986//986 995//995 996//996
f 986//986 996//996 987//987
f 987//987 996//996 997//997
f 987//987 997//997 988//988
f 988//988 997//997 998//998
f 988//988 998//998 989//989
f 989//989 998//998 999//999
f 991//991 973//973 992//992
f 992//992 973//973 971//971
f 992//992 971//971 993//993
f 993//993 971//971 969//969
f 993//993 969//969 994//994
f 994//994 969//969 967//967
f 994//994 967//967 995//995
f 995//995 967//967 966//966
f 995//995 966//966 996//996
f 996//996 966//966 963//963
f 996//996 963//963 997//997
f 997//997 963//963 961//961
f 997//997 961//961 998//998
f 998//998 961//961 959//959
f 998//998 959//959 999//999
f 999//999 959//959 958//958
f 1000//1000 1001//1001 958//958
f 1002//1002 1003//1003 1004//1004
f 1005//1005 1006//1006 1007//1007
f 1007//1007 1006//1006 1008//1008
f 1007//1007 1008//1008 1009//1009
f 958//958 960//960 1000//1000
f 1000//1000 960//960 962//962
f 1000//1000 962//962 1010//1010
f 1010//1010 962//962 964//964
f 1010//1010 964//964 1011//1011
f 1011//1011 964//964 965//965
f 1011//1011 965//965 1012//1012
f 1012//1012 965//965 1013//1013
f 1013//1013 965//965 968//968
f 1013//1013 968//968 970//970
f 974//974 1009//1009 972//972
f 972//972 1009//1009 1008//1008
f 972//972 1008//1008 1014//1014
f 1014//1014 1008//1008 1006//1006
f 1014//1014 1006//1006 1015//1015
f 1015//1015 1006//1006 1005//1005
f 1015//1015 1005//1005 1016//1016
f 1016//1016 1005//1005 1017//1017
f 1016//1016 1017//1017 1018//1018
f 1013//1013 1019//1019 1012//1012
f 1012//1012 1019//1019 1020//1020
f 1012//1012 1020//1020 1011//1011
f 1011//1011 1020//1020 1021//1021
f 1011//1011 1021//1021 1010//1010
f 1010//1010 1021//1021 1022//1022
f 1010//1010 1022//1022 1000//1000
f 1000//1000 1022//1022 1023//1023
f 1000//1000 1023//1023 1001//1001
f 1019//1019 1024//1024 1020//1020
f 1020//1020 1024//1024 1025//1025
f 1020//1020 1025//1025 1021//1021
f 1021//1021 1025//1025 1026//1026
f 1021//1021 1026//1026 1022//1022
f 1022//1022 1026//1026 1027//1027
f 1022//1022 1027//1027 1023//1023
f 1023//1023 1027//1027 1028//1028
f 1023//1023 1028//1028 1001//1001
f 1001//1001 1028//1028 1004//1004
f 1004//1004 1028//1028 1002//1002
f 1002//1002 1028//1028 1027//1027
f 1002//1002 1027//1027 1029//1029
f 1029//1029 1027//1027 1026//1026
f 1029//1029 1026//1026 1030//1030
f 1030//1030 1026//1026 1025//1025
f 1030//1030 1025//1025 1018//1018
f 1018//1018 1025//1025 1024//1024
f 1018//1018 1024//1024 1016//1016
f 1016//1016 1024//1024 1019//1019
f 1016//1016 1019//1019 1015//1015
f 1015//1015 1019//1019 1013//1013
f 1015//1015 1013//1013 1014//1014
f 1014//1014 1013//1013 970//970
f 1014//1014 970//970 972//972
f 1002//1002 1029//1029 1031//1031
f 1031//1031 1029//1029 1030//1030
f 1031//1031 1030//1030 1032//1032
f 1032//1032 1030//1030 1018//1018
f 1032//1032 1018//1018 1033//1033
f 1031//1031 1034//1034 1002//1002
f 1002//1002 1034//1034 1035//1035
f 1002//1002 1035//1035 1003//1003
f 1003//1003 1035//1035 1036//1036
f 1003//1003 1036//1036 1037//1037
f 1034//1034 1038//1038 1035//1035
f 1035//1035 1038//1038 1036//1036
f 1039//1039 1037//1037 1036//1036
f 1040//1040 1041//1041 1042//1042
f 1042//1042 1041//1041 1039//1039
f 1042//1042 1039//1039 1043//1043
f 1043//1043 1039//1039 1036//1036
f 1043//1043 1036//1036 1044//1044
f 1044//1044 1036//1036 1038//1038
f 1044//1044 1045//1045 1043//1043
f 1043//1043 1045//1045 1046//1046
f 1043//1043 1046//1046 1042//1042
f 1042//1042 1046//1046 1047//1047
f 1042//1042 1047//1047 1040//1040
f 1040//1040 1047//1047 1048//1048
f 1040//1040 1048//1048 1049//1049
f 846//846 918//918 848//848
f 848//848 918//918 920//920
f 848//848 920//920 850//850
f 850//850 920//920 922//922
f 850//850 922//922 853//853
f 853//853 922//922 924//924
f 853//853 924//924 857//857
f 1050//1050 1051//1051 1052//1052
f 1053//1053 1054//1054 1055//1055
f 1055//1055 1054//1054 1056//1056
f 1055//1055 1056//1056 1057//1057
f 1057//1057 1056//1056 1058//1058
f 1057//1057 1058//1058 1059//1059
f 1059//1059 1058//1058 1060//1060
f 1059//1059 1060//1060 1061//1061
f 1061//1061 1060//1060 1062//1062
f 831//831 1062//1062 1063//1063
f 1063//1063 1062//1062 1060//1060
f 1063//1063 1060//1060 1064//1064
f 1064//1064 1060//1060 1058//1058
f 1064//1064 1058//1058 1052//1052
f 1052//1052 1058//1058 1056//1056
f 1052//1052 1056//1056 1050//1050
f 1050//1050 1056//1056 1054//1054
f 1065//1065 1066//1066 1067//1067
f 1068//1068 1057//1057 1059//1059
f 1069//1069 1070//1070 1071//1071
f 1069//1069 1071//1071 1072//1072
f 1073//1073 1074//1074 1075//1075
f 1075//1075 1074//1074 1053//1053
f 1075//1075 1053//1053 1055//1055
f 1076//1076 1077//1077 1078//1078
f 1078//1078 1077//1077 1067//1067
f 1078//1078 1067//1067 1079//1079
f 1079//1079 1067//1067 1080//1080
f 1080//1080 1067//1067 1066//1066
f 1080//1080 1066//1066 1081//1081
f 1081//1081 1066//1066 1065//1065
f 1081//1081 1065//1065 1082//1082
f 1070//1070 1069//1069 1083//1083
f 1083//1083 1069//1069 1084//1084
f 1083//1083 1084//1084 1085//1085
f 1071//1071 1086//1086 1072//1072
f 1072//1072 1086//1086 1073//1073
f 1072//1072 1073//1073 1087//1087
f 1087//1087 1073//1073 1075//1075
f 1087//1087 1075//1075 1068//1068
f 1068//1068 1075//1075 1055//1055
f 1068//1068 1055//1055 1057//1057
f 1088//1088 1076//1076 1089//1089
f 1089//1089 1076//1076 1078//1078
f 1089//1089 1078//1078 1090//1090
f 1090//1090 1078//1078 1079//1079
f 1090//1090 1079//1079 1091//1091
f 1091//1091 1079//1079 1080//1080
f 1091//1091 1080//1080 1092//1092
f 1092//1092 1080//1080 1081//1081
f 1061//1061 1082//1082 1059//1059
f 1059//1059 1082//1082 1065//1065
f 1059//1059 1065//1065 1068//1068
f 1068//1068 1065//1065 1067//1067
f 1068//1068 1067//1067 1087//1087
f 1087//1087 1067//1067 1077//1077
f 1087//1087 1077//1077 1072//1072
f 1072//1072 1077//1077 1076//1076
f 1072//1072 1076//1076 1069//1069
f 1069//1069 1076//1076 1088//1088
f 1069//1069 1088//1088 1084//1084
f 1033//1033 1085//1085 1093//1093
f 1093//1093 1085//1085 1084//1084
f 1093//1093 1084//1084 1094//1094
f 1092//1092 1049//1049 1091//1091
f 1091//1091 1049//1049 1095//1095
f 1091//1091 1095//1095 1090//1090
f 1090//1090 1095//1095 1096//1096
f 1090//1090 1096//1096 1097//1097
f 1097//1097 1098//1098 1090//1090
f 1090//1090 1098//1098 1099//1099
f 1090//1090 1099//1099 1089//1089
f 1089//1089 1099//1099 1094//1094
f 1089//1089 1094//1094 1088//1088
f 1088//1088 1094//1094 1084//1084
f 499//499 475//475 728//728
f 1100//1100 502//502 500//500
f 1101//1101 509//509 508//508
f 1102//1102 1103//1103 1104//1104
f 1104//1104 1103//1103 1105//1105
f 735//735 734//734 1102//1102
f 1102//1102 1104//1104 735//735
f 735//735 1104//1104 1106//1106
f 735//735 1106//1106 754//754
f 754//754 1106//1106 1107//1107
f 754//754 1107//1107 728//728
f 1108//1108 1109//1109 1110//1110
f 1110//1110 1109//1109 1111//1111
f 1110//1110 1111//1111 1112//1112
f 1112//1112 1111//1111 1101//1101
f 1112//1112 1101//1101 1113//1113
f 1113//1113 1101//1101 508//508
f 1113//1113 508//508 502//502
f 502//502 1100//1100 1113//1113
f 1113//1113 1100//1100 1114//1114
f 1113//1113 1114//1114 1112//1112
f 1112//1112 1114//1114 1115//1115
f 1112//1112 1115//1115 1110//1110
f 1110//1110 1115//1115 1116//1116
f 1110//1110 1116//1116 1108//1108
f 499//499 728//728 500//500
f 500//500 728//728 1107//1107
f 500//500 1107//1107 1100//1100
f 1100//1100 1107//1107 1106//1106
f 1100//1100 1106//1106 1114//1114
f 1114//1114 1106//1106 1104//1104
f 1114//1114 1104//1104 1115//1115
f 1115//1115 1104//1104 1105//1105
f 1115//1115 1105//1105 1116//1116
f 1109//1109 1108//1108 1117//1117
f 514//514 509//509 975//975
f 975//975 509//509 1101//1101
f 975//975 1101//1101 990//990
f 990//990 1101//1101 1111//1111
f 990//990 1111//1111 991//991
f 991//991 1111//1111 1109//1109
f 991//991 1109//1109 973//973
f 973//973 1109//1109 1117//1117
f 973//973 1117//1117 974//974
f 1118//1118 1119//1119 524//524
f 524//524 1119//1119 526//526
f 1120//1120 1121//1121 1122//1122
f 1122//1122 1123//1123 1120//1120
f 1120//1120 1123//1123 1119//1119
f 1120//1120 1119//1119 1124//1124
f 1122//1122 1125//1125 529//529
f 529//529 1125//1125 532//532
f 1126//1126 1127//1127 1128//1128
f 1128//1128 1127//1127 1129//1129
f 1125//1125 1130//1130 1131//1131
f 1131//1131 1130//1130 1132//1132
f 1131//1131 1132//1132 1129//1129
f 1129//1129 1132//1132 1133//1133
f 1129//1129 1133//1133 1128//1128
f 547//547 546//546 1134//1134
f 1134//1134 546//546 544//544
f 1134//1134 544//544 1135//1135
f 1135//1135 544//544 542//542
f 1135//1135 542//542 1136//1136
f 1136//1136 542//542 540//540
f 1136//1136 540//540 1137//1137
f 1138//1138 1134//1134 1135//1135
f 1137//1137 1139//1139 1136//1136
f 1136//1136 1139//1139 1140//1140
f 1136//1136 1140//1140 1135//1135
f 1135//1135 1140//1140 1141//1141
f 1135//1135 1141//1141 1138//1138
f 974//974 1117//1117 1009//1009
f 1009//1009 1117//1117 1142//1142
f 1009//1009 1142//1142 1007//1007
f 1007//1007 1142//1142 1143//1143
f 1007//1007 1143//1143 1005//1005
f 1005//1005 1143//1143 1144//1144
f 1005//1005 1144//1144 1017//1017
f 1145//1145 1146//1146 1147//1147
f 1018//1018 1017//1017 1147//1147
f 1147//1147 1017//1017 1144//1144
f 1147//1147 1144//1144 1145//1145
f 1145//1145 1144//1144 1143//1143
f 1145//1145 1143//1143 1148//1148
f 1148//1148 1143//1143 1142//1142
f 1148//1148 1142//1142 1149//1149
f 1149//1149 1142//1142 1117//1117
f 1149//1149 1117//1117 1108//1108
f 1150//1150 1151//1151 1152//1152
f 1102//1102 734//734 1153//1153
f 1102//1102 1153//1153 1103//1103
f 1154//1154 1116//1116 1105//1105
f 1149//1149 1108//1108 1116//1116
f 1151//1151 1155//1155 1156//1156
f 1157//1157 1150//1150 1158//1158
f 1159//1159 1160//1160 1157//1157
f 1161//1161 1162//1162 1163//1163
f 1163//1163 1162//1162 1159//1159
f 1163//1163 1159//1159 1164//1164
f 1164//1164 1159//1159 1157//1157
f 1150//1150 1152//1152 1158//1158
f 1158//1158 1152//1152 1165//1165
f 1158//1158 1165//1165 1166//1166
f 1166//1166 1165//1165 1167//1167
f 1166//1166 1167//1167 1168//1168
f 1116//1116 1154//1154 1149//1149
f 1149//1149 1154//1154 1169//1169
f 1149//1149 1169//1169 1148//1148
f 1148//1148 1169//1169 1156//1156
f 1148//1148 1156//1156 1145//1145
f 1145//1145 1156//1156 1155//1155
f 1145//1145 1155//1155 1146//1146
f 1157//1157 1158//1158 1164//1164
f 1164//1164 1158//1158 1166//1166
f 1164//1164 1166//1166 1163//1163
f 1163//1163 1166//1166 1168//1168
f 1163//1163 1168//1168 1161//1161
f 1151//1151 1156//1156 1152//1152
f 1152//1152 1156//1156 1169//1169
f 1152//1152 1169//1169 1165//1165
f 1165//1165 1169//1169 1154//1154
f 1165//1165 1154//1154 1167//1167
f 1167//1167 1154//1154 1105//1105
f 1167//1167 1105//1105 1168//1168
f 1168//1168 1105//1105 1103//1103
f 1168//1168 1103//1103 1161//1161
f 1161//1161 1103//1103 1153//1153
f 1161//1161 1153//1153 1162//1162
f 1153//1153 734//734 733//733
f 733//733 1170//1170 1153//1153
f 1153//1153 1170//1170 1171//1171
f 1153//1153 1171//1171 1162//1162
f 1162//1162 1171//1171 1172//1172
f 1162//1162 1172//1172 1159//1159
f 1159//1159 1172//1172 1173//1173
f 1159//1159 1173//1173 1160//1160
f 731//731 730//730 1174//1174
f 1174//1174 730//730 1175//1175
f 1174//1174 1175//1175 1176//1176
f 1176//1176 1175//1175 1177//1177
f 1176//1176 1177//1177 1178//1178
f 1178//1178 1177//1177 1179//1179
f 1178//1178 1179//1179 1180//1180
f 1180//1180 1173//1173 1178//1178
f 1178//1178 1173//1173 1172//1172
f 1178//1178 1172//1172 1176//1176
f 1176//1176 1172//1172 1171//1171
f 1176//1176 1171//1171 1174//1174
f 1174//1174 1171//1171 1170//1170
f 1174//1174 1170//1170 731//731
f 731//731 1170//1170 733//733
f 1181//1181 1182//1182 1183//1183
f 1184//1184 1185//1185 1186//1186
f 730//730 1187//1187 1188//1188
f 1188//1188 1187//1187 1189//1189
f 1188//1188 1189//1189 1190//1190
f 730//730 1188//1188 1175//1175
f 1175//1175 1188//1188 1191//1191
f 1175//1175 1191//1191 1177//1177
f 1177//1177 1191//1191 1192//1192
f 1177//1177 1192//1192 1179//1179
f 1179//1179 1192//1192 1183//1183
f 1179//1179 1183//1183 1180//1180
f 1185//1185 1193//1193 1186//1186
f 1186//1186 1193//1193 1194//1194
f 1186//1186 1194//1194 1195//1195
f 1195//1195 1194//1194 1196//1196
f 1195//1195 1196//1196 1197//1197
f 1197//1197 1196//1196 1198//1198
f 1190//1190 1184//1184 1188//1188
f 1188//1188 1184//1184 1186//1186
f 1188//1188 1186//1186 1191//1191
f 1191//1191 1186//1186 1195//1195
f 1191//1191 1195//1195 1192//1192
f 1192//1192 1195//1195 1197//1197
f 1192//1192 1197//1197 1183//1183
f 1183//1183 1197//1197 1198//1198
f 1183//1183 1198//1198 1181//1181
f 1085//1085 1199//1199 1200//1200
f 1085//1085 1200//1200 1083//1083
f 1083//1083 1200//1200 1201//1201
f 1083//1083 1201//1201 1070//1070
f 1074//1074 1073//1073 1202//1202
f 1202//1202 1073//1073 1086//1086
f 1202//1202 1086//1086 1201//1201
f 1201//1201 1086//1086 1071//1071
f 1201//1201 1071//1071 1070//1070
f 1202//1202 1203//1203 1074//1074
f 1074//1074 1203//1203 1204//1204
f 1074//1074 1204//1204 1053//1053
f 1193//1193 1204//1204 1194//1194
f 1194//1194 1204//1204 1203//1203
f 1194//1194 1203//1203 1196//1196
f 1196//1196 1203//1203 1202//1202
f 1196//1196 1202//1202 1198//1198
f 1198//1198 1202//1202 1201//1201
f 1198//1198 1201//1201 1181//1181
f 1181//1181 1201//1201 1200//1200
f 1181//1181 1200//1200 1182//1182
f 1182//1182 1200//1200 1199//1199
f 1122//1122 1121//1121 1125//1125
f 1125//1125 1121//1121 1130//1130
f 1118//1118 1205//1205 1119//1119
f 1119//1119 1205//1205 1124//1124
f 1206//1206 1207//1207 1208//1208
f 1208//1208 1207//1207 1209//1209
f 1209//1209 1207//1207 1210//1210
f 1210//1210 1207//1207 1211//1211
f 1210//1210 1211//1211 1212//1212
f 1212//1212 1211//1211 1213//1213
f 1213//1213 1211//1211 1214//1214
f 1213//1213 1214//1214 1215//1215
f 1214//1214 1216//1216 1215//1215
f 1215//1215 1216//1216 1217//1217
f 1215//1215 1217//1217 1218//1218
f 1218//1218 1217//1217 1219//1219
f 1218//1218 1219//1219 1220//1220
f 1219//1219 1221//1221 1220//1220
f 1220//1220 1221//1221 1205//1205
f 1220//1220 1205//1205 1118//1118
f 1222//1222 1223//1223 1208//1208
f 1208//1208 1223//1223 1206//1206
f 1224//1224 1225//1225 1226//1226
f 1226//1226 1225//1225 1227//1227
f 1226//1226 1227//1227 1228//1228
f 1228//1228 1227//1227 1229//1229
f 1228//1228 1229//1229 1230//1230
f 1230//1230 1229//1229 1231//1231
f 1230//1230 1231//1231 1232//1232
f 1232//1232 1231//1231 1223//1223
f 1232//1232 1223//1223 1222//1222
f 1134//1134 1138//1138 1224//1224
f 1224//1224 1138//1138 1225//1225
f 1134//1134 1224//1224 547//547
f 547//547 1224//1224 549//549
f 1233//1233 581//581 580//580
f 1233//1233 580//580 1234//1234
f 1235//1235 1236//1236 1237//1237
f 1237//1237 1236//1236 1238//1238
f 1237//1237 1238//1238 1239//1239
f 1235//1235 1240//1240 1236//1236
f 1236//1236 1240//1240 1241//1241
f 1236//1236 1241//1241 1242//1242
f 1243//1243 1244//1244 683//683
f 683//683 1244//1244 1245//1245
f 1243//1243 1246//1246 1244//1244
f 1244//1244 1246//1246 1247//1247
f 1244//1244 1247//1247 1238//1238
f 1238//1238 1247//1247 1248//1248
f 1238//1238 1248//1248 1239//1239
f 1249//1249 689//689 1245//1245
f 1245//1245 689//689 688//688
f 688//688 687//687 1245//1245
f 1245//1245 687//687 684//684
f 1245//1245 684//684 683//683
f 652//652 654//654 1250//1250
f 1250//1250 654//654 653//653
f 1250//1250 653//653 703//703
f 703//703 702//702 1250//1250
f 1250//1250 702//702 701//701
f 1250//1250 701//701 1249//1249
f 1249//1249 701//701 690//690
f 1249//1249 690//690 689//689
f 582//582 587//587 1251//1251
f 1251//1251 587//587 589//589
f 1251//1251 589//589 1250//1250
f 1250//1250 589//589 616//616
f 1250//1250 616//616 652//652
f 580//580 619//619 1234//1234
f 1234//1234 619//619 577//577
f 1234//1234 577//577 576//576
f 576//576 586//586 1234//1234
f 1234//1234 586//586 585//585
f 1234//1234 585//585 1251//1251
f 1251//1251 585//585 583//583
f 1251//1251 583//583 582//582
f 1236//1236 1242//1242 1252//1252
f 1252//1252 1242//1242 1253//1253
f 581//581 1233//1233 638//638
f 638//638 1233//1233 1254//1254
f 638//638 1254//1254 639//639
f 639//639 1254//1254 632//632
f 632//632 1254//1254 633//633
f 633//633 1254//1254 1255//1255
f 633//633 1255//1255 779//779
f 774//774 759//759 1256//1256
f 1256//1256 759//759 758//758
f 1256//1256 758//758 1255//1255
f 1255//1255 758//758 764//764
f 1255//1255 764//764 779//779
f 1257//1257 1258//1258 1256//1256
f 1256//1256 1258//1258 1259//1259
f 1259//1259 762//762 1256//1256
f 1256//1256 762//762 761//761
f 1256//1256 761//761 774//774
f 1260//1260 1261//1261 1262//1262
f 1262//1262 1261//1261 1263//1263
f 1262//1262 1263//1263 1257//1257
f 1257//1257 1263//1263 1264//1264
f 1257//1257 1264//1264 1258//1258
f 1265//1265 1266//1266 1267//1267
f 1267//1267 1266//1266 1268//1268
f 1267//1267 1268//1268 1262//1262
f 1262//1262 1268//1268 1269//1269
f 1262//1262 1269//1269 1260//1260
f 1253//1253 1270//1270 1252//1252
f 1252//1252 1270//1270 1271//1271
f 1252//1252 1271//1271 1267//1267
f 1267//1267 1271//1271 1272//1272
f 1267//1267 1272//1272 1265//1265
f 677//677 666//666 1273//1273
f 646//646 645//645 663//663
f 663//663 645//645 664//664
f 1274//1274 1243//1243 658//658
f 658//658 1243//1243 683//683
f 1274//1274 658//658 1275//1275
f 1275//1275 658//658 657//657
f 1275//1275 657//657 1276//1276
f 1276//1276 657//657 661//661
f 1276//1276 661//661 1277//1277
f 1278//1278 1248//1248 1279//1279
f 1279//1279 1248//1248 1247//1247
f 1279//1279 1247//1247 1246//1246
f 649//649 648//648 1280//1280
f 645//645 650//650 1281//1281
f 1281//1281 650//650 649//649
f 1281//1281 649//649 1282//1282
f 1282//1282 649//649 1280//1280
f 1278//1278 1279//1279 1283//1283
f 1283//1283 1279//1279 1284//1284
f 1283//1283 1284//1284 1285//1285
f 1285//1285 1284//1284 1286//1286
f 1285//1285 1286//1286 1287//1287
f 1287//1287 1286//1286 1288//1288
f 1287//1287 1288//1288 1282//1282
f 1282//1282 1288//1288 1289//1289
f 1282//1282 1289//1289 1281//1281
f 661//661 662//662 1277//1277
f 1277//1277 662//662 677//677
f 1277//1277 677//677 1290//1290
f 1290//1290 677//677 1273//1273
f 1239//1239 1248//1248 1291//1291
f 1291//1291 1248//1248 1278//1278
f 1291//1291 1278//1278 1292//1292
f 1292//1292 1278//1278 1283//1283
f 1292//1292 1283//1283 1293//1293
f 1293//1293 1283//1283 1285//1285
f 1293//1293 1285//1285 1294//1294
f 1294//1294 1285//1285 1287//1287
f 1294//1294 1287//1287 1295//1295
f 1295//1295 1287//1287 1282//1282
f 1295//1295 1282//1282 1296//1296
f 1296//1296 1282//1282 1280//1280
f 1246//1246 1243//1243 1279//1279
f 1279//1279 1243//1243 1274//1274
f 1279//1279 1274//1274 1284//1284
f 1284//1284 1274//1274 1275//1275
f 1284//1284 1275//1275 1286//1286
f 1286//1286 1275//1275 1276//1276
f 1286//1286 1276//1276 1288//1288
f 1288//1288 1276//1276 1277//1277
f 1288//1288 1277//1277 1289//1289
f 1289//1289 1277//1277 1290//1290
f 1289//1289 1290//1290 1281//1281
f 1281//1281 1290//1290 1273//1273
f 1281//1281 1273//1273 645//645
f 645//645 1273//1273 666//666
f 645//645 666//666 664//664
f 763//763 762//762 1259//1259
f 1297//1297 1298//1298 1299//1299
f 1300//1300 709//709 711//711
f 1301//1301 707//707 709//709
f 709//709 1300//1300 1301//1301
f 1301//1301 1300//1300 1302//1302
f 1301//1301 1302//1302 1303//1303
f 1303//1303 1302//1302 1304//1304
f 1303//1303 1304//1304 1305//1305
f 1263//1263 1306//1306 1264//1264
f 1264//1264 1306//1306 1307//1307
f 1264//1264 1307//1307 1258//1258
f 1297//1297 1299//1299 1308//1308
f 1308//1308 1299//1299 1309//1309
f 1308//1308 1309//1309 1310//1310
f 1258//1258 1307//1307 1259//1259
f 1259//1259 1307//1307 1311//1311
f 1259//1259 1311//1311 763//763
f 763//763 1311//1311 1312//1312
f 763//763 1312//1312 766//766
f 766//766 1312//1312 1313//1313
f 766//766 1313//1313 767//767
f 767//767 1313//1313 769//769
f 769//769 1313//1313 1314//1314
f 769//769 1314//1314 771//771
f 1307//1307 1298//1298 1311//1311
f 1311//1311 1298//1298 1297//1297
f 1311//1311 1297//1297 1312//1312
f 1312//1312 1297//1297 1308//1308
f 1312//1312 1308//1308 1313//1313
f 1313//1313 1308//1308 1310//1310
f 1313//1313 1310//1310 1314//1314
f 717//717 771//771 715//715
f 715//715 771//771 1314//1314
f 715//715 1314//1314 713//713
f 713//713 1314//1314 1310//1310
f 713//713 1310//1310 711//711
f 711//711 1310//1310 1309//1309
f 711//711 1309//1309 1300//1300
f 1300//1300 1309//1309 1299//1299
f 1300//1300 1299//1299 1302//1302
f 1302//1302 1299//1299 1298//1298
f 1302//1302 1298//1298 1304//1304
f 1304//1304 1298//1298 1307//1307
f 1304//1304 1307//1307 1305//1305
f 1305//1305 1307//1307 1306//1306
f 1315//1315 1316//1316 1317//1317
f 1317//1317 1316//1316 1318//1318
f 1319//1319 1320//1320 1315//1315
f 1320//1320 1319//1319 1321//1321
f 741//741 1321//1321 1322//1322
f 1323//1323 1324//1324 1325//1325
f 1325//1325 1324//1324 1317//1317
f 1325//1325 1317//1317 1326//1326
f 1326//1326 1317//1317 1318//1318
f 1326//1326 1318//1318 1327//1327
f 1328//1328 1329//1329 1323//1323
f 1323//1323 1329//1329 1330//1330
f 1323//1323 1330//1330 1324//1324
f 1328//1328 1331//1331 1329//1329
f 1329//1329 1331//1331 1332//1332
f 1329//1329 1332//1332 1333//1333
f 1333//1333 1332//1332 1334//1334
f 1333//1333 1334//1334 1335//1335
f 1335//1335 1334//1334 1336//1336
f 1335//1335 1336//1336 1337//1337
f 1337//1337 1336//1336 1338//1338
f 1337//1337 1338//1338 1339//1339
f 1339//1339 1338//1338 1340//1340
f 1339//1339 1340//1340 1341//1341
f 1341//1341 1340//1340 1342//1342
f 1341//1341 1342//1342 1343//1343
f 1343//1343 1342//1342 1344//1344
f 1343//1343 1344//1344 1345//1345
f 1345//1345 1344//1344 1346//1346
f 1345//1345 1346//1346 1347//1347
f 1347//1347 1346//1346 1348//1348
f 1347//1347 1348//1348 1349//1349
f 1348//1348 1350//1350 1349//1349
f 1349//1349 1350//1350 1351//1351
f 1349//1349 1351//1351 1352//1352
f 1352//1352 1351//1351 1353//1353
f 1352//1352 1353//1353 1354//1354
f 1354//1354 1353//1353 1355//1355
f 1354//1354 1355//1355 1356//1356
f 1315//1315 1317//1317 1319//1319
f 1319//1319 1317//1317 1324//1324
f 1319//1319 1324//1324 1357//1357
f 1357//1357 1324//1324 1330//1330
f 1357//1357 1330//1330 1358//1358
f 1358//1358 1330//1330 1329//1329
f 1358//1358 1329//1329 1359//1359
f 1359//1359 1329//1329 1333//1333
f 1359//1359 1333//1333 1360//1360
f 1360//1360 1333//1333 1335//1335
f 1360//1360 1335//1335 1361//1361
f 1361//1361 1335//1335 1337//1337
f 1361//1361 1337//1337 1362//1362
f 1362//1362 1337//1337 1339//1339
f 1362//1362 1339//1339 1363//1363
f 1363//1363 1339//1339 1341//1341
f 1363//1363 1341//1341 1364//1364
f 1364//1364 1341//1341 1343//1343
f 1364//1364 1343//1343 1365//1365
f 1365//1365 1343//1343 1345//1345
f 1365//1365 1345//1345 1366//1366
f 1366//1366 1345//1345 1347//1347
f 1366//1366 1347//1347 1367//1367
f 1367//1367 1347//1347 1349//1349
f 1367//1367 1349//1349 1368//1368
f 1368//1368 1349//1349 1352//1352
f 1368//1368 1352//1352 1369//1369
f 1369//1369 1352//1352 1354//1354
f 1369//1369 1354//1354 1370//1370
f 1370//1370 1354//1354 1356//1356
f 1370//1370 1356//1356 1371//1371
f 1321//1321 1319//1319 1322//1322
f 1322//1322 1319//1319 1357//1357
f 1322//1322 1357//1357 1372//1372
f 1372//1372 1357//1357 1358//1358
f 1372//1372 1358//1358 1373//1373
f 1373//1373 1358//1358 1359//1359
f 1373//1373 1359//1359 1374//1374
f 1374//1374 1359//1359 1360//1360
f 1374//1374 1360//1360 1375//1375
f 1375//1375 1360//1360 1361//1361
f 1375//1375 1361//1361 1376//1376
f 1376//1376 1361//1361 1362//1362
f 1376//1376 1362//1362 1377//1377
f 1377//1377 1362//1362 1363//1363
f 1377//1377 1363//1363 1378//1378
f 1378//1378 1363//1363 1364//1364
f 1378//1378 1364//1364 1379//1379
f 1379//1379 1364//1364 1365//1365
f 1379//1379 1365//1365 1380//1380
f 1380//1380 1365//1365 1366//1366
f 1380//1380 1366//1366 1381//1381
f 1381//1381 1366//1366 1367//1367
f 1381//1381 1367//1367 1382//1382
f 1382//1382 1367//1367 1368//1368
f 1382//1382 1368//1368 1383//1383
f 1383//1383 1368//1368 1369//1369
f 1383//1383 1369//1369 1384//1384
f 1384//1384 1369//1369 1370//1370
f 1384//1384 1370//1370 1385//1385
f 1385//1385 1370//1370 1371//1371
f 1385//1385 1371//1371 1386//1386
f 741//741 1322//1322 742//742
f 742//742 1322//1322 1372//1372
f 742//742 1372//1372 743//743
f 743//743 1372//1372 1373//1373
f 743//743 1373//1373 744//744
f 744//744 1373//1373 1374//1374
f 744//744 1374//1374 745//745
f 745//745 1374//1374 1375//1375
f 745//745 1375//1375 706//706
f 706//706 1375//1375 1376//1376
f 706//706 1376//1376 708//708
f 708//708 1376//1376 1377//1377
f 708//708 1377//1377 710//710
f 710//710 1377//1377 1378//1378
f 710//710 1378//1378 712//712
f 712//712 1378//1378 1379//1379
f 712//712 1379//1379 714//714
f 714//714 1379//1379 1380//1380
f 714//714 1380//1380 716//716
f 716//716 1380//1380 1381//1381
f 716//716 1381//1381 719//719
f 719//719 1381//1381 1382//1382
f 719//719 1382//1382 720//720
f 720//720 1382//1382 1383//1383
f 720//720 1383//1383 722//722
f 722//722 1383//1383 1384//1384
f 722//722 1384//1384 723//723
f 723//723 1384//1384 1385//1385
f 723//723 1385//1385 724//724
f 724//724 1385//1385 1386//1386
f 724//724 1386//1386 725//725
f 1387//1387 1388//1388 1389//1389
f 1390//1390 1391//1391 1392//1392
f 1393//1393 1394//1394 1395//1395
f 1396//1396 1397//1397 1398//1398
f 1399//1399 1400//1400 1401//1401
f 1402//1402 1391//1391 1403//1403
f 1404//1404 1315//1315 1320//1320
f 1405//1405 1406//1406 1407//1407
f 1408//1408 1409//1409 1410//1410
f 1410//1410 1409//1409 1411//1411
f 1412//1412 1413//1413 1414//1414
f 1414//1414 1413//1413 1415//1415
f 1414//1414 1415//1415 1416//1416
f 748//748 747//747 1417//1417
f 1418//1418 1419//1419 1420//1420
f 1420//1420 1419//1419 1421//1421
f 1422//1422 1423//1423 1424//1424
f 1424//1424 1423//1423 1425//1425
f 1424//1424 1425//1425 1426//1426
f 1399//1399 1401//1401 1427//1427
f 1428//1428 1429//1429 1430//1430
f 1429//1429 1431//1431 1430//1430
f 1430//1430 1431//1431 1432//1432
f 1430//1430 1432//1432 1433//1433
f 1433//1433 1432//1432 1396//1396
f 1398//1398 1397//1397 1434//1434
f 1434//1434 1397//1397 1435//1435
f 1434//1434 1435//1435 1395//1395
f 1395//1395 1435//1435 1436//1436
f 1395//1395 1436//1436 1393//1393
f 1327//1327 1318//1318 1437//1437
f 1437//1437 1318//1318 1407//1407
f 1437//1437 1407//1407 1438//1438
f 1438//1438 1407//1407 1406//1406
f 1426//1426 1427//1427 1424//1424
f 1424//1424 1427//1427 1401//1401
f 1424//1424 1401//1401 1439//1439
f 1439//1439 1401//1401 1440//1440
f 1400//1400 1428//1428 1401//1401
f 1401//1401 1428//1428 1430//1430
f 1401//1401 1430//1430 1440//1440
f 1440//1440 1430//1430 1441//1441
f 1396//1396 1398//1398 1433//1433
f 1433//1433 1398//1398 1442//1442
f 1433//1433 1442//1442 1430//1430
f 1430//1430 1442//1442 1443//1443
f 1430//1430 1443//1443 1441//1441
f 1444//1444 1405//1405 1445//1445
f 1445//1445 1405//1405 1407//1407
f 1445//1445 1407//1407 1446//1446
f 1446//1446 1407//1407 1318//1318
f 1315//1315 1404//1404 1316//1316
f 1447//1447 1448//1448 1449//1449
f 1449//1449 1448//1448 1450//1450
f 1449//1449 1450//1450 1451//1451
f 1451//1451 1450//1450 1452//1452
f 1392//1392 1391//1391 1453//1453
f 1453//1453 1391//1391 1402//1402
f 1453//1453 1402//1402 1454//1454
f 1318//1318 1316//1316 1446//1446
f 1446//1446 1316//1316 1404//1404
f 1446//1446 1404//1404 1455//1455
f 1455//1455 1404//1404 1320//1320
f 1455//1455 1320//1320 1321//1321
f 1421//1421 1419//1419 1456//1456
f 1456//1456 1419//1419 1457//1457
f 1456//1456 1457//1457 1458//1458
f 1458//1458 1457//1457 1389//1389
f 1458//1458 1389//1389 1459//1459
f 1459//1459 1389//1389 1388//1388
f 1459//1459 1388//1388 726//726
f 1460//1460 1387//1387 1461//1461
f 1461//1461 1387//1387 1389//1389
f 1461//1461 1389//1389 1439//1439
f 1439//1439 1389//1389 1457//1457
f 1439//1439 1457//1457 1424//1424
f 1424//1424 1457//1457 1419//1419
f 1424//1424 1419//1419 1422//1422
f 1422//1422 1419//1419 1418//1418
f 1403//1403 1391//1391 1462//1462
f 1462//1462 1391//1391 1390//1390
f 1462//1462 1390//1390 1463//1463
f 1393//1393 1444//1444 1394//1394
f 1394//1394 1444//1444 1445//1445
f 1394//1394 1445//1445 1464//1464
f 1464//1464 1445//1445 1446//1446
f 1464//1464 1446//1446 1465//1465
f 1465//1465 1446//1446 1455//1455
f 1465//1465 1455//1455 1466//1466
f 1466//1466 1455//1455 1321//1321
f 1466//1466 1321//1321 741//741
f 726//726 725//725 1459//1459
f 1459//1459 725//725 1386//1386
f 1459//1459 1386//1386 1458//1458
f 1458//1458 1386//1386 1371//1371
f 1458//1458 1371//1371 1456//1456
f 1456//1456 1371//1371 1356//1356
f 1456//1456 1356//1356 1421//1421
f 1421//1421 1356//1356 1355//1355
f 1421//1421 1355//1355 1420//1420
f 1440//1440 1408//1408 1439//1439
f 1439//1439 1408//1408 1410//1410
f 1439//1439 1410//1410 1461//1461
f 1461//1461 1410//1410 1411//1411
f 1461//1461 1411//1411 1460//1460
f 1460//1460 1411//1411 749//749
f 1460//1460 749//749 1387//1387
f 1387//1387 749//749 729//729
f 1387//1387 729//729 1388//1388
f 1388//1388 729//729 727//727
f 1388//1388 727//727 726//726
f 751//751 1412//1412 752//752
f 752//752 1412//1412 1414//1414
f 752//752 1414//1414 753//753
f 753//753 1414//1414 1416//1416
f 753//753 1416//1416 755//755
f 746//746 756//756 1467//1467
f 1467//1467 756//756 755//755
f 1467//1467 755//755 1468//1468
f 1468//1468 755//755 1416//1416
f 1468//1468 1416//1416 1469//1469
f 1469//1469 1416//1416 1415//1415
f 747//747 746//746 1417//1417
f 1417//1417 746//746 1467//1467
f 1417//1417 1467//1467 1470//1470
f 1470//1470 1467//1467 1468//1468
f 1470//1470 1468//1468 1471//1471
f 1471//1471 1468//1468 1469//1469
f 1471//1471 1452//1452 1470//1470
f 1470//1470 1452//1452 1450//1450
f 1470//1470 1450//1450 1417//1417
f 1417//1417 1450//1450 1448//1448
f 1417//1417 1448//1448 748//748
f 748//748 1448//1448 1447//1447
f 748//748 1447//1447 737//737
f 737//737 1447//1447 738//738
f 1451//1451 1454//1454 1449//1449
f 1449//1449 1454//1454 1402//1402
f 1449//1449 1402//1402 1447//1447
f 1447//1447 1402//1402 1403//1403
f 1447//1447 1403//1403 738//738
f 738//738 1403//1403 1462//1462
f 738//738 1462//1462 739//739
f 739//739 1462//1462 1463//1463
f 739//739 1463//1463 740//740
f 741//741 740//740 1466//1466
f 1466//1466 740//740 1463//1463
f 1466//1466 1463//1463 1465//1465
f 1465//1465 1463//1463 1390//1390
f 1465//1465 1390//1390 1464//1464
f 1464//1464 1390//1390 1392//1392
f 1464//1464 1392//1392 1394//1394
f 1394//1394 1392//1392 1453//1453
f 1394//1394 1453//1453 1395//1395
f 1395//1395 1453//1453 1454//1454
f 1395//1395 1454//1454 1434//1434
f 1434//1434 1454//1454 1451//1451
f 1434//1434 1451//1451 1398//1398
f 1398//1398 1451//1451 1452//1452
f 1398//1398 1452//1452 1442//1442
f 1442//1442 1452//1452 1471//1471
f 1442//1442 1471//1471 1443//1443
f 1443//1443 1471//1471 1469//1469
f 1443//1443 1469//1469 1441//1441
f 1441//1441 1469//1469 1415//1415
f 1441//1441 1415//1415 1440//1440
f 1440//1440 1415//1415 1413//1413
f 1440//1440 1413//1413 1408//1408
f 1408//1408 1413//1413 1412//1412
f 1408//1408 1412//1412 1409//1409
f 1409//1409 1412//1412 751//751
f 1409//1409 751//751 1411//1411
f 1411//1411 751//751 750//750
f 1411//1411 750//750 749//749
f 1204//1204 1193//1193 1472//1472
f 1473//1473 1474//1474 1475//1475
f 1475//1475 1474//1474 1476//1476
f 1475//1475 1476//1476 1477//1477
f 1476//1476 1478//1478 1477//1477
f 1477//1477 1478//1478 1051//1051
f 1477//1477 1051//1051 1472//1472
f 1053//1053 1204//1204 1054//1054
f 1054//1054 1204//1204 1472//1472
f 1054//1054 1472//1472 1050//1050
f 1050//1050 1472//1472 1051//1051
f 1479//1479 1480//1480 1481//1481
f 1266//1266 1265//1265 1482//1482
f 1266//1266 1482//1482 1268//1268
f 1260//1260 1269//1269 1483//1483
f 1483//1483 1269//1269 1484//1484
f 1483//1483 1484//1484 1481//1481
f 1260//1260 1483//1483 1261//1261
f 1261//1261 1483//1483 1306//1306
f 1261//1261 1306//1306 1263//1263
f 1305//1305 1485//1485 1303//1303
f 1303//1303 1485//1485 1486//1486
f 1303//1303 1486//1486 1301//1301
f 1487//1487 1488//1488 1486//1486
f 1486//1486 1488//1488 1489//1489
f 1486//1486 1489//1489 1301//1301
f 1301//1301 1489//1489 1490//1490
f 1301//1301 1490//1490 707//707
f 1479//1479 1491//1491 1480//1480
f 1480//1480 1491//1491 1492//1492
f 1480//1480 1492//1492 1493//1493
f 1265//1265 1272//1272 1482//1482
f 1482//1482 1272//1272 1494//1494
f 1482//1482 1494//1494 1495//1495
f 1495//1495 1494//1494 1496//1496
f 1495//1495 1496//1496 1497//1497
f 1493//1493 1487//1487 1480//1480
f 1480//1480 1487//1487 1486//1486
f 1480//1480 1486//1486 1481//1481
f 1481//1481 1486//1486 1485//1485
f 1481//1481 1485//1485 1483//1483
f 1483//1483 1485//1485 1305//1305
f 1483//1483 1305//1305 1306//1306
f 1477//1477 1491//1491 1497//1497
f 1497//1497 1491//1491 1479//1479
f 1497//1497 1479//1479 1495//1495
f 1495//1495 1479//1479 1481//1481
f 1495//1495 1481//1481 1482//1482
f 1482//1482 1481//1481 1484//1484
f 1482//1482 1484//1484 1268//1268
f 1268//1268 1484//1484 1269//1269
f 1498//1498 1064//1064 1052//1052
f 1499//1499 1500//1500 1501//1501
f 1502//1502 1503//1503 1504//1504
f 815//815 817//817 1505//1505
f 1505//1505 817//817 818//818
f 1505//1505 818//818 1503//1503
f 1506//1506 1507//1507 1508//1508
f 1508//1508 1507//1507 1509//1509
f 1508//1508 1509//1509 1502//1502
f 1510//1510 1511//1511 1512//1512
f 1512//1512 1511//1511 1513//1513
f 1512//1512 1513//1513 1514//1514
f 1501//1501 1500//1500 1514//1514
f 1514//1514 1500//1500 1515//1515
f 1514//1514 1515//1515 1512//1512
f 1499//1499 1478//1478 1500//1500
f 1500//1500 1478//1478 1476//1476
f 1500//1500 1476//1476 1515//1515
f 1515//1515 1476//1476 1474//1474
f 1515//1515 1474//1474 1512//1512
f 1512//1512 1474//1474 1473//1473
f 1512//1512 1473//1473 1510//1510
f 1051//1051 1478//1478 1052//1052
f 1052//1052 1478//1478 1499//1499
f 1052//1052 1499//1499 1498//1498
f 1498//1498 1499//1499 1501//1501
f 1498//1498 1501//1501 1516//1516
f 1516//1516 1501//1501 1514//1514
f 1516//1516 1514//1514 1506//1506
f 1506//1506 1514//1514 1513//1513
f 1506//1506 1513//1513 1507//1507
f 1503//1503 818//818 1504//1504
f 1504//1504 818//818 820//820
f 1504//1504 820//820 822//822
f 828//828 1517//1517 826//826
f 826//826 1517//1517 1504//1504
f 826//826 1504//1504 824//824
f 824//824 1504//1504 822//822
f 829//829 831//831 1063//1063
f 1502//1502 1504//1504 1508//1508
f 1508//1508 1504//1504 1517//1517
f 1508//1508 1517//1517 1506//1506
f 1506//1506 1517//1517 828//828
f 1506//1506 828//828 1516//1516
f 1516//1516 828//828 829//829
f 1516//1516 829//829 1498//1498
f 1498//1498 829//829 1063//1063
f 1498//1498 1063//1063 1064//1064
f 1280//1280 648//648 813//813
f 1235//1235 1237//1237 1518//1518
f 1519//1519 1520//1520 1521//1521
f 1521//1521 1520//1520 1522//1522
f 1521//1521 1522//1522 1518//1518
f 1518//1518 1522//1522 1523//1523
f 1518//1518 1523//1523 1235//1235
f 1524//1524 1525//1525 1526//1526
f 1526//1526 1525//1525 1527//1527
f 1526//1526 1527//1527 1519//1519
f 1519//1519 1527//1527 1528//1528
f 1519//1519 1528//1528 1520//1520
f 1529//1529 1530//1530 1531//1531
f 1531//1531 1530//1530 1532//1532
f 1531//1531 1532//1532 1524//1524
f 1524//1524 1532//1532 1533//1533
f 1524//1524 1533//1533 1525//1525
f 1534//1534 1535//1535 1536//1536
f 1536//1536 1535//1535 1537//1537
f 1536//1536 1537//1537 1538//1538
f 1521//1521 1539//1539 1519//1519
f 1519//1519 1539//1539 1540//1540
f 1519//1519 1540//1540 1526//1526
f 1526//1526 1540//1540 1541//1541
f 1526//1526 1541//1541 1524//1524
f 1524//1524 1541//1541 1542//1542
f 1524//1524 1542//1542 1531//1531
f 1296//1296 1280//1280 1543//1543
f 1543//1543 1280//1280 813//813
f 1543//1543 813//813 1544//1544
f 1544//1544 813//813 811//811
f 1544//1544 811//811 810//810
f 815//815 1534//1534 810//810
f 810//810 1534//1534 1536//1536
f 810//810 1536//1536 1544//1544
f 1544//1544 1536//1536 1538//1538
f 1544//1544 1538//1538 1543//1543
f 1543//1543 1538//1538 1545//1545
f 1543//1543 1545//1545 1296//1296
f 1296//1296 1545//1545 1546//1546
f 1296//1296 1546//1546 1295//1295
f 1295//1295 1546//1546 1547//1547
f 1295//1295 1547//1547 1294//1294
f 1237//1237 1239//1239 1518//1518
f 1518//1518 1239//1239 1291//1291
f 1518//1518 1291//1291 1521//1521
f 1521//1521 1291//1291 1292//1292
f 1521//1521 1292//1292 1539//1539
f 1539//1539 1292//1292 1293//1293
f 1293//1293 1294//1294 1539//1539
f 1539//1539 1294//1294 1547//1547
f 1539//1539 1547//1547 1540//1540
f 1540//1540 1547//1547 1546//1546
f 1540//1540 1546//1546 1541//1541
f 1541//1541 1546//1546 1545//1545
f 1541//1541 1545//1545 1542//1542
f 1542//1542 1545//1545 1538//1538
f 1542//1542 1538//1538 1531//1531
f 1531//1531 1538//1538 1537//1537
f 1531//1531 1537//1537 1529//1529
f 1529//1529 1537//1537 1535//1535
f 1095//1095 1049//1049 1048//1048
f 1032//1032 1033//1033 1093//1093
f 1045//1045 1044//1044 1548//1548
f 1548//1548 1044//1044 1038//1038
f 1093//1093 1549//1549 1032//1032
f 1032//1032 1549//1549 1548//1548
f 1032//1032 1548//1548 1031//1031
f 1031//1031 1548//1548 1038//1038
f 1031//1031 1038//1038 1034//1034
f 1096//1096 1550//1550 1097//1097
f 1097//1097 1550//1550 1551//1551
f 1097//1097 1551//1551 1098//1098
f 1098//1098 1551//1551 1552//1552
f 1098//1098 1552//1552 1099//1099
f 1099//1099 1552//1552 1094//1094
f 1046//1046 1045//1045 1551//1551
f 1551//1551 1045//1045 1548//1548
f 1551//1551 1548//1548 1552//1552
f 1552//1552 1548//1548 1549//1549
f 1552//1552 1549//1549 1094//1094
f 1094//1094 1549//1549 1093//1093
f 1046//1046 1551//1551 1047//1047
f 1047//1047 1551//1551 1550//1550
f 1047//1047 1550//1550 1048//1048
f 1048//1048 1550//1550 1096//1096
f 1048//1048 1096//1096 1095//1095
f 1553//1553 1554//1554 1555//1555
f 1555//1555 1554//1554 1556//1556
f 1270//1270 1253//1253 1557//1557
f 1270//1270 1557//1557 1558//1558
f 1558//1558 1557//1557 1559//1559
f 1558//1558 1559//1559 1560//1560
f 1560//1560 1559//1559 1561//1561
f 1560//1560 1561//1561 1562//1562
f 1561//1561 1563//1563 1562//1562
f 1562//1562 1563//1563 1564//1564
f 1562//1562 1564//1564 1560//1560
f 1560//1560 1564//1564 1565//1565
f 1513//1513 1511//1511 1566//1566
f 1566//1566 1511//1511 1510//1510
f 1566//1566 1510//1510 1556//1556
f 1556//1556 1554//1554 1566//1566
f 1566//1566 1554//1554 1567//1567
f 1566//1566 1567//1567 1513//1513
f 1507//1507 1513//1513 1568//1568
f 1568//1568 1513//1513 1567//1567
f 1568//1568 1567//1567 1569//1569
f 1569//1569 1567//1567 1570//1570
f 1570//1570 1567//1567 1571//1571
f 1571//1571 1567//1567 1554//1554
f 1571//1571 1554//1554 1572//1572
f 1572//1572 1554//1554 1553//1553
f 1572//1572 1553//1553 1573//1573
f 1253//1253 1242//1242 1557//1557
f 1557//1557 1242//1242 1574//1574
f 1557//1557 1574//1574 1559//1559
f 1559//1559 1574//1574 1575//1575
f 1559//1559 1575//1575 1561//1561
f 1561//1561 1575//1575 1576//1576
f 1561//1561 1576//1576 1563//1563
f 1563//1563 1576//1576 1577//1577
f 1577//1577 1573//1573 1563//1563
f 1563//1563 1573//1573 1553//1553
f 1563//1563 1553//1553 1564//1564
f 1564//1564 1553//1553 1555//1555
f 1564//1564 1555//1555 1565//1565
f 1565//1565 1555//1555 1556//1556
f 1565//1565 1556//1556 1578//1578
f 1578//1578 1556//1556 1510//1510
f 1578//1578 1510//1510 1473//1473
f 1578//1578 1473//1473 1475//1475
f 1271//1271 1270//1270 1558//1558
f 1475//1475 1477//1477 1579//1579
f 1579//1579 1477//1477 1497//1497
f 1579//1579 1497//1497 1580//1580
f 1580//1580 1497//1497 1496//1496
f 1580//1580 1496//1496 1581//1581
f 1581//1581 1496//1496 1494//1494
f 1578//1578 1475//1475 1565//1565
f 1565//1565 1475//1475 1579//1579
f 1565//1565 1579//1579 1560//1560
f 1560//1560 1579//1579 1580//1580
f 1560//1560 1580//1580 1558//1558
f 1558//1558 1580//1580 1581//1581
f 1558//1558 1581//1581 1271//1271
f 1271//1271 1581//1581 1494//1494
f 1271//1271 1494//1494 1272//1272
f 1582//1582 1502//1502 1509//1509
f 1583//1583 1584//1584 1522//1522
f 1240//1240 1235//1235 1584//1584
f 1584//1584 1235//1235 1523//1523
f 1584//1584 1523//1523 1522//1522
f 1509//1509 1585//1585 1582//1582
f 1582//1582 1585//1585 1586//1586
f 1582//1582 1586//1586 1587//1587
f 1587//1587 1586//1586 1588//1588
f 1570//1570 1571//1571 1586//1586
f 1586//1586 1571//1571 1572//1572
f 1586//1586 1572//1572 1588//1588
f 1588//1588 1572//1572 1573//1573
f 1588//1588 1573//1573 1577//1577
f 1509//1509 1507//1507 1585//1585
f 1585//1585 1507//1507 1568//1568
f 1585//1585 1568//1568 1586//1586
f 1586//1586 1568//1568 1569//1569
f 1586//1586 1569//1569 1570//1570
f 815//815 1505//1505 1534//1534
f 1534//1534 1505//1505 1503//1503
f 1534//1534 1503//1503 1535//1535
f 1535//1535 1503//1503 1589//1589
f 1535//1535 1589//1589 1529//1529
f 1529//1529 1589//1589 1590//1590
f 1529//1529 1590//1590 1530//1530
f 1530//1530 1590//1590 1591//1591
f 1530//1530 1591//1591 1532//1532
f 1522//1522 1520//1520 1583//1583
f 1583//1583 1520//1520 1528//1528
f 1583//1583 1528//1528 1592//1592
f 1592//1592 1528//1528 1527//1527
f 1592//1592 1527//1527 1593//1593
f 1593//1593 1527//1527 1525//1525
f 1593//1593 1525//1525 1591//1591
f 1591//1591 1525//1525 1533//1533
f 1591//1591 1533//1533 1532//1532
f 1242//1242 1241//1241 1574//1574
f 1574//1574 1241//1241 1594//1594
f 1574//1574 1594//1594 1575//1575
f 1575//1575 1594//1594 1595//1595
f 1575//1575 1595//1595 1576//1576
f 1576//1576 1595//1595 1596//1596
f 1576//1576 1596//1596 1577//1577
f 1577//1577 1596//1596 1597//1597
f 1577//1577 1597//1597 1588//1588
f 1588//1588 1597//1597 1598//1598
f 1588//1588 1598//1598 1587//1587
f 1241//1241 1240//1240 1594//1594
f 1594//1594 1240//1240 1584//1584
f 1594//1594 1584//1584 1595//1595
f 1595//1595 1584//1584 1583//1583
f 1595//1595 1583//1583 1596//1596
f 1596//1596 1583//1583 1592//1592
f 1596//1596 1592//1592 1597//1597
f 1597//1597 1592//1592 1593//1593
f 1597//1597 1593//1593 1598//1598
f 1598//1598 1593//1593 1591//1591
f 1598//1598 1591//1591 1587//1587
f 1587//1587 1591//1591 1590//1590
f 1587//1587 1590//1590 1582//1582
f 1582//1582 1590//1590 1589//1589
f 1582//1582 1589//1589 1502//1502
f 1502//1502 1589//1589 1503//1503
f 1429//1429 1428//1428 1599//1599
f 1438//1438 1600//1600 1437//1437
f 1437//1437 1600//1600 1601//1601
f 1437//1437 1601//1601 1327//1327
f 1423//1423 1602//1602 1425//1425
f 1425//1425 1602//1602 1603//1603
f 1423//1423 1422//1422 1602//1602
f 1602//1602 1422//1422 1418//1418
f 1602//1602 1418//1418 1604//1604
f 1604//1604 1418//1418 1420//1420
f 1604//1604 1420//1420 1355//1355
f 1599//1599 1428//1428 1603//1603
f 1603//1603 1428//1428 1400//1400
f 1603//1603 1400//1400 1399//1399
f 1399//1399 1427//1427 1603//1603
f 1603//1603 1427//1427 1426//1426
f 1603//1603 1426//1426 1425//1425
f 1605//1605 1435//1435 1397//1397
f 1605//1605 1397//1397 1606//1606
f 1397//1397 1396//1396 1606//1606
f 1606//1606 1396//1396 1432//1432
f 1606//1606 1432//1432 1599//1599
f 1599//1599 1432//1432 1431//1431
f 1599//1599 1431//1431 1429//1429
f 1435//1435 1605//1605 1436//1436
f 1436//1436 1605//1605 1607//1607
f 1436//1436 1607//1607 1393//1393
f 1438//1438 1406//1406 1600//1600
f 1600//1600 1406//1406 1405//1405
f 1600//1600 1405//1405 1607//1607
f 1607//1607 1405//1405 1444//1444
f 1607//1607 1444//1444 1393//1393
f 1604//1604 1355//1355 1608//1608
f 1608//1608 1355//1355 1353//1353
f 1327//1327 1601//1601 1326//1326
f 1326//1326 1601//1601 1609//1609
f 1326//1326 1609//1609 1325//1325
f 1325//1325 1609//1609 1323//1323
f 1323//1323 1609//1609 1610//1610
f 1323//1323 1610//1610 1328//1328
f 1328//1328 1610//1610 1331//1331
f 1331//1331 1610//1610 1611//1611
f 1331//1331 1611//1611 1332//1332
f 1612//1612 1336//1336 1611//1611
f 1611//1611 1336//1336 1334//1334
f 1611//1611 1334//1334 1332//1332
f 1344//1344 1342//1342 1613//1613
f 1613//1613 1342//1342 1340//1340
f 1613//1613 1340//1340 1612//1612
f 1612//1612 1340//1340 1338//1338
f 1612//1612 1338//1338 1336//1336
f 1353//1353 1351//1351 1608//1608
f 1608//1608 1351//1351 1350//1350
f 1608//1608 1350//1350 1614//1614
f 1614//1614 1350//1350 1348//1348
f 1614//1614 1348//1348 1613//1613
f 1613//1613 1348//1348 1346//1346
f 1613//1613 1346//1346 1344//1344
f 1602//1602 896//896 1603//1603
f 1603//1603 896//896 898//898
f 1603//1603 898//898 1599//1599
f 1599//1599 898//898 900//900
f 1599//1599 900//900 1606//1606
f 1606//1606 900//900 902//902
f 1606//1606 902//902 1605//1605
f 1605//1605 902//902 904//904
f 1605//1605 904//904 1607//1607
f 1607//1607 904//904 906//906
f 1607//1607 906//906 1600//1600
f 1600//1600 906//906 884//884
f 1600//1600 884//884 1601//1601
f 1602//1602 1604//1604 896//896
f 896//896 1604//1604 1608//1608
f 896//896 1608//1608 894//894
f 894//894 1608//1608 1614//1614
f 894//894 1614//1614 892//892
f 892//892 1614//1614 1613//1613
f 892//892 1613//1613 890//890
f 890//890 1613//1613 1612//1612
f 890//890 1612//1612 888//888
f 888//888 1612//1612 1611//1611
f 888//888 1611//1611 886//886
f 886//886 1611//1611 1610//1610
f 886//886 1610//1610 884//884
f 884//884 1610//1610 1609//1609
f 884//884 1609//1609 1601//1601
f 870//870 1234//1234 868//868
f 868//868 1234//1234 1251//1251
f 868//868 1251//1251 866//866
f 866//866 1251//1251 1250//1250
f 866//866 1250//1250 864//864
f 864//864 1250//1250 1249//1249
f 864//864 1249//1249 862//862
f 862//862 1249//1249 1245//1245
f 862//862 1245//1245 860//860
f 860//860 1245//1245 1244//1244
f 860//860 1244//1244 858//858
f 876//876 1256//1256 874//874
f 874//874 1256//1256 1255//1255
f 874//874 1255//1255 872//872
f 872//872 1255//1255 1254//1254
f 872//872 1254//1254 870//870
f 870//870 1254//1254 1233//1233
f 870//870 1233//1233 1234//1234
f 1244//1244 1238//1238 858//858
f 858//858 1238//1238 1236//1236
f 858//858 1236//1236 882//882
f 882//882 1236//1236 1252//1252
f 882//882 1252//1252 880//880
f 880//880 1252//1252 1267//1267
f 880//880 1267//1267 878//878
f 878//878 1267//1267 1262//1262
f 878//878 1262//1262 876//876
f 876//876 1262//1262 1257//1257
f 876//876 1257//1257 1256//1256
f 705//705 1615//1615 1616//1616
f 707//707 1490//1490 705//705
f 705//705 1490//1490 1489//1489
f 1493//1493 1615//1615 1487//1487
f 1487//1487 1615//1615 705//705
f 1487//1487 705//705 1488//1488
f 1488//1488 705//705 1489//1489
f 1617//1617 732//732 1616//1616
f 1616//1616 732//732 736//736
f 1616//1616 736//736 705//705
f 1189//1189 1187//1187 1617//1617
f 1617//1617 1187//1187 730//730
f 1617//1617 730//730 732//732
f 1185//1185 1184//1184 1618//1618
f 1618//1618 1184//1184 1190//1190
f 1493//1493 1492//1492 1615//1615
f 1615//1615 1492//1492 1491//1491
f 1615//1615 1491//1491 1616//1616
f 1616//1616 1491//1491 1618//1618
f 1616//1616 1618//1618 1617//1617
f 1617//1617 1618//1618 1190//1190
f 1617//1617 1190//1190 1189//1189
f 1193//1193 1185//1185 1472//1472
f 1472//1472 1185//1185 1618//1618
f 1472//1472 1618//1618 1477//1477
f 1477//1477 1618//1618 1491//1491
f 564//564 1218//1218 1220//1220
f 564//564 1220//1220 561//561
f 561//561 1220//1220 1118//1118
f 561//561 1118//1118 524//524
f 570//570 569//569 1209//1209
f 1209//1209 569//569 559//559
f 1209//1209 559//559 1208//1208
f 1209//1209 1210//1210 570//570
f 570//570 1210//1210 1212//1212
f 570//570 1212//1212 571//571
f 1212//1212 1213//1213 571//571
f 571//571 1213//1213 1215//1215
f 571//571 1215//1215 566//566
f 566//566 1215//1215 1218//1218
f 566//566 1218//1218 564//564
f 1222//1222 1208//1208 550//550
f 550//550 1208//1208 559//559
f 557//557 549//549 1224//1224
f 1224//1224 1226//1226 557//557
f 557//557 1226//1226 1228//1228
f 557//557 1228//1228 555//555
f 1228//1228 1230//1230 555//555
f 555//555 1230//1230 1232//1232
f 555//555 1232//1232 553//553
f 553//553 1232//1232 1222//1222
f 553//553 1222//1222 550//550
f 1217//1217 1216//1216 1018//1018
f 1216//1216 1214//1214 1018//1018
f 1018//1018 1214//1214 1211//1211
f 1018//1018 1211//1211 1207//1207
f 1018//1018 1147//1147 1217//1217
f 1217//1217 1147//1147 1146//1146
f 1217//1217 1146//1146 1219//1219
f 1219//1219 1146//1146 1155//1155
f 1219//1219 1155//1155 1221//1221
f 1229//1229 1227//1227 1033//1033
f 1033//1033 1227//1227 1225//1225
f 1033//1033 1225//1225 1085//1085
f 1085//1085 1225//1225 1138//1138
f 1085//1085 1138//1138 1199//1199
f 1199//1199 1138//1138 1141//1141
f 1199//1199 1141//1141 1182//1182
f 1182//1182 1141//1141 1183//1183
f 1207//1207 1206//1206 1018//1018
f 1018//1018 1206//1206 1223//1223
f 1018//1018 1223//1223 1033//1033
f 1033//1033 1223//1223 1231//1231
f 1033//1033 1231//1231 1229//1229
f 1183//1183 1141//1141 1180//1180
f 1180//1180 1141//1141 1140//1140
f 1180//1180 1140//1140 1139//1139
f 1139//1139 1126//1126 1180//1180
f 1180//1180 1126//1126 1128//1128
f 1180//1180 1128//1128 1133//1133
f 1160//1160 1124//1124 1157//1157
f 1157//1157 1124//1124 1205//1205
f 1157//1157 1205//1205 1150//1150
f 1150//1150 1205//1205 1221//1221
f 1150//1150 1221//1221 1151//1151
f 1151//1151 1221//1221 1155//1155
f 1130//1130 1121//1121 1160//1160
f 1160//1160 1121//1121 1120//1120
f 1160//1160 1120//1120 1124//1124
f 1133//1133 1132//1132 1180//1180
f 1180//1180 1132//1132 1130//1130
f 1180//1180 1130//1130 1173//1173
f 1173//1173 1130//1130 1160//1160
f 1127//1127 1126//1126 1137//1137
f 1137//1137 1126//1126 1139//1139
f 1137//1137 540//540 1127//1127
f 1127//1127 540//540 537//537
f 1127//1127 537//537 536//536
f 1127//1127 536//536 1129//1129
f 1129//1129 536//536 534//534
f 1129//1129 534//534 1131//1131
f 1131//1131 534//534 532//532
f 1131//1131 532//532 1125//1125
f 1122//1122 529//529 528//528
f 1122//1122 528//528 1123//1123
f 1123//1123 528//528 526//526
f 1123//1123 526//526 1119//1119
f 1062//1062 831//831 830//830
f 1092//1092 1081//1081 1082//1082
f 1082//1082 1061//1061 1092//1092
f 1092//1092 1061//1061 1062//1062
f 1092//1092 1062//1062 1049//1049
f 1049//1049 1062//1062 830//830
f 1049//1049 830//830 857//857
f 914//914 1037//1037 1039//1039
f 914//914 1039//1039 915//915
f 915//915 1039//1039 1041//1041
f 915//915 1041//1041 923//923
f 923//923 1041//1041 1040//1040
f 923//923 1040//1040 924//924
f 924//924 1040//1040 1049//1049
f 924//924 1049//1049 857//857
f 1619//1619 1620//1620 416//416
f 416//416 1620//1620 434//434
f 416//416 434//434 417//417
f 1003//1003 1621//1621 1622//1622
f 1623//1623 1624//1624 449//449
f 449//449 1624//1624 1625//1625
f 416//416 450//450 1619//1619
f 1619//1619 450//450 449//449
f 1619//1619 449//449 1626//1626
f 1626//1626 449//449 1625//1625
f 914//914 1627//1627 1037//1037
f 1037//1037 1627//1627 1628//1628
f 1037//1037 1628//1628 1003//1003
f 1003//1003 1628//1628 1629//1629
f 1003//1003 1629//1629 1621//1621
f 954//954 955//955 1630//1630
f 1630//1630 955//955 957//957
f 929//929 953//953 449//449
f 449//449 953//953 954//954
f 449//449 954//954 1623//1623
f 1623//1623 954//954 1630//1630
f 957//957 989//989 1630//1630
f 1630//1630 989//989 999//999
f 1630//1630 999//999 958//958
f 1001//1001 1004//1004 958//958
f 958//958 1004//1004 1003//1003
f 958//958 1003//1003 1630//1630
f 1630//1630 1003//1003 1622//1622
f 1627//1627 914//914 912//912
f 1627//1627 912//912 1631//1631
f 912//912 908//908 1631//1631
f 1631//1631 908//908 910//910
f 1631//1631 910//910 1632//1632
f 1632//1632 910//910 917//917
f 1632//1632 917//917 1633//1633
f 1633//1633 917//917 846//846
f 1633//1633 846//846 1634//1634
f 1627//1627 1631//1631 1635//1635
f 1631//1631 1632//1632 1636//1636
f 1632//1632 1633//1633 1637//1637
f 1633//1633 1634//1634 1638//1638
f 1633//1633 1638//1638 1637//1637
f 1637//1637 1638//1638 1639//1639
f 1637//1637 1639//1639 1640//1640
f 1639//1639 1641//1641 1640//1640
f 1640//1640 1641//1641 1642//1642
f 1640//1640 1642//1642 1643//1643
f 1643//1643 1642//1642 1644//1644
f 1643//1643 1644//1644 1645//1645
f 1645//1645 1644//1644 1646//1646
f 1645//1645 1646//1646 1647//1647
f 1632//1632 1637//1637 1636//1636
f 1636//1636 1637//1637 1640//1640
f 1636//1636 1640//1640 1648//1648
f 1648//1648 1640//1640 1643//1643
f 1648//1648 1643//1643 1649//1649
f 1649//1649 1643//1643 1645//1645
f 1649//1649 1645//1645 1650//1650
f 1650//1650 1645//1645 1647//1647
f 1650//1650 1647//1647 1651//1651
f 1631//1631 1636//1636 1635//1635
f 1635//1635 1636//1636 1648//1648
f 1635//1635 1648//1648 1652//1652
f 1652//1652 1648//1648 1649//1649
f 1652//1652 1649//1649 1653//1653
f 1653//1653 1649//1649 1650//1650
f 1653//1653 1650//1650 1654//1654
f 1654//1654 1650//1650 1651//1651
f 1654//1654 1651//1651 1655//1655
f 1627//1627 1635//1635 1628//1628
f 1628//1628 1635//1635 1652//1652
f 1628//1628 1652//1652 1629//1629
f 1629//1629 1652//1652 1653//1653
f 1629//1629 1653//1653 1621//1621
f 1621//1621 1653//1653 1654//1654
f 1621//1621 1654//1654 1622//1622
f 1622//1622 1654//1654 1655//1655
f 1622//1622 1655//1655 1630//1630
f 1656//1656 1657//1657 1658//1658
f 1647//1647 1659//1659 1651//1651
f 1651//1651 1659//1659 1660//1660
f 1651//1651 1660//1660 1655//1655
f 1655//1655 1660//1660 1623//1623
f 1655//1655 1623//1623 1630//1630
f 1646//1646 1656//1656 1647//1647
f 1647//1647 1656//1656 1658//1658
f 1647//1647 1658//1658 1659//1659
f 1623//1623 1660//1660 1661//1661
f 1660//1660 1659//1659 1662//1662
f 1658//1658 1657//1657 1663//1663
f 1659//1659 1658//1658 1664//1664
f 1664//1664 1658//1658 1663//1663
f 1664//1664 1663//1663 1665//1665
f 1665//1665 1663//1663 1666//1666
f 1666//1666 1667//1667 1665//1665
f 1665//1665 1667//1667 1668//1668
f 1665//1665 1668//1668 1669//1669
f 1669//1669 1668//1668 1670//1670
f 1669//1669 1670//1670 1671//1671
f 1670//1670 1672//1672 1671//1671
f 1671//1671 1672//1672 1673//1673
f 1671//1671 1673//1673 1674//1674
f 1659//1659 1664//1664 1662//1662
f 1662//1662 1664//1664 1665//1665
f 1662//1662 1665//1665 1675//1675
f 1675//1675 1665//1665 1669//1669
f 1675//1675 1669//1669 1676//1676
f 1676//1676 1669//1669 1671//1671
f 1676//1676 1671//1671 1677//1677
f 1677//1677 1671//1671 1674//1674
f 1677//1677 1674//1674 1678//1678
f 1660//1660 1662//1662 1661//1661
f 1661//1661 1662//1662 1675//1675
f 1661//1661 1675//1675 1679//1679
f 1679//1679 1675//1675 1676//1676
f 1679//1679 1676//1676 1680//1680
f 1680//1680 1676//1676 1677//1677
f 1680//1680 1677//1677 1681//1681
f 1681//1681 1677//1677 1678//1678
f 1681//1681 1678//1678 1682//1682
f 1623//1623 1661//1661 1624//1624
f 1624//1624 1661//1661 1679//1679
f 1624//1624 1679//1679 1625//1625
f 1625//1625 1679//1679 1680//1680
f 1625//1625 1680//1680 1626//1626
f 1626//1626 1680//1680 1681//1681
f 1626//1626 1681//1681 1619//1619
f 1619//1619 1681//1681 1682//1682
f 1619//1619 1682//1682 1620//1620
f 434//434 1620//1620 1682//1682
f 434//434 1682//1682 1683//1683
f 1683//1683 1682//1682 1678//1678
f 1683//1683 1678//1678 1684//1684
f 1684//1684 1678//1678 1674//1674
f 1684//1684 1674//1674 1685//1685
f 1685//1685 1674//1674 1673//1673
f 1685//1685 1673//1673 1686//1686
f 438//438 437//437 1687//1687
f 438//438 1688//1688 1689//1689
f 1690//1690 1691//1691 1692//1692
f 1685//1685 1686//1686 1691//1691
f 1693//1693 1694//1694 1695//1695
f 1695//1695 1694//1694 1687//1687
f 1695//1695 1687//1687 1696//1696
f 1696//1696 1687//1687 437//437
f 1696//1696 437//437 436//436
f 1692//1692 1693//1693 1690//1690
f 1690//1690 1693//1693 1695//1695
f 1690//1690 1695//1695 1697//1697
f 1697//1697 1695//1695 1696//1696
f 1697//1697 1696//1696 1698//1698
f 1698//1698 1696//1696 436//436
f 1698//1698 436//436 435//435
f 1691//1691 1690//1690 1685//1685
f 1685//1685 1690//1690 1697//1697
f 1685//1685 1697//1697 1684//1684
f 1684//1684 1697//1697 1698//1698
f 1684//1684 1698//1698 1683//1683
f 1683//1683 1698//1698 435//435
f 1683//1683 435//435 434//434
f 1694//1694 438//438 1687//1687
f 1692//1692 1689//1689 1693//1693
f 1693//1693 1689//1689 1688//1688
f 1693//1693 1688//1688 1694//1694
f 1694//1694 1688//1688 438//438
f 830//830 827//827 1699//1699
f 852//852 851//851 1699//1699
f 1699//1699 851//851 856//856
f 1699//1699 856//856 830//830
f 849//849 855//855 1700//1700
f 1700//1700 1701//1701 849//849
f 849//849 1701//1701 1702//1702
f 849//849 1702//1702 847//847
f 840//840 1703//1703 839//839
f 839//839 1703//1703 1704//1704
f 839//839 1704//1704 837//837
f 837//837 1704//1704 1705//1705
f 837//837 1705//1705 834//834
f 1705//1705 1706//1706 834//834
f 834//834 1706//1706 823//823
f 834//834 823//823 821//821
f 827//827 825//825 1699//1699
f 1699//1699 825//825 1707//1707
f 1699//1699 1707//1707 852//852
f 852//852 1707//1707 1700//1700
f 852//852 1700//1700 854//854
f 854//854 1700//1700 855//855
f 825//825 823//823 1707//1707
f 1707//1707 823//823 1706//1706
f 1707//1707 1706//1706 1700//1700
f 1700//1700 1706//1706 1705//1705
f 1700//1700 1705//1705 1701//1701
f 1701//1701 1705//1705 1704//1704
f 1701//1701 1704//1704 1702//1702
f 1702//1702 1704//1704 1703//1703
f 1634//1634 846//846 1708//1708
f 1708//1708 846//846 845//845
f 1709//1709 1646//1646 1644//1644
f 1709//1709 1644//1644 1710//1710
f 1710//1710 1644//1644 1642//1642
f 1710//1710 1642//1642 1711//1711
f 1711//1711 1642//1642 1641//1641
f 1711//1711 1641//1641 1712//1712
f 1634//1634 1708//1708 1638//1638
f 1638//1638 1708//1708 1712//1712
f 1638//1638 1712//1712 1639//1639
f 1639//1639 1712//1712 1641//1641
f 1713//1713 1656//1656 1709//1709
f 1709//1709 1656//1656 1646//1646
f 1714//1714 1657//1657 1713//1713
f 1713//1713 1657//1657 1656//1656
f 1673//1673 1672//1672 1715//1715
f 1715//1715 1672//1672 1716//1716
f 1667//1667 1717//1717 1668//1668
f 1668//1668 1717//1717 1716//1716
f 1668//1668 1716//1716 1670//1670
f 1670//1670 1716//1716 1672//1672
f 1657//1657 1714//1714 1663//1663
f 1663//1663 1714//1714 1717//1717
f 1663//1663 1717//1717 1666//1666
f 1666//1666 1717//1717 1667//1667
f 1718//1718 1686//1686 1715//1715
f 1715//1715 1686//1686 1673//1673
f 1686//1686 1718//1718 1719//1719
f 1686//1686 1719//1719 1691//1691
f 1691//1691 1719//1719 1720//1720
f 1691//1691 1720//1720 1692//1692
f 1692//1692 1720//1720 1721//1721
f 1692//1692 1721//1721 1689//1689
f 1689//1689 1721//1721 843//843
f 1689//1689 843//843 438//438
f 844//844 804//804 842//842
f 842//842 804//804 800//800
f 800//800 797//797 842//842
f 842//842 797//797 796//796
f 842//842 796//796 841//841
f 426//426 420//420 791//791
f 791//791 420//420 841//841
f 791//791 841//841 795//795
f 795//795 841//841 796//796
f 863//863 861//861 809//809
f 1716//1716 1717//1717 1714//1714
f 809//809 861//861 840//840
f 840//840 861//861 859//859
f 840//840 859//859 1703//1703
f 863//863 809//809 865//865
f 865//865 809//809 804//804
f 865//865 804//804 867//867
f 804//804 844//844 843//843
f 1712//1712 1708//1708 1711//1711
f 1711//1711 1708//1708 907//907
f 893//893 1719//1719 895//895
f 895//895 1719//1719 1718//1718
f 895//895 1718//1718 897//897
f 897//897 1718//1718 1715//1715
f 897//897 1715//1715 899//899
f 899//899 1715//1715 901//901
f 867//867 804//804 869//869
f 869//869 804//804 843//843
f 869//869 843//843 871//871
f 1703//1703 859//859 1702//1702
f 1702//1702 859//859 883//883
f 1702//1702 883//883 847//847
f 847//847 883//883 889//889
f 847//847 889//889 845//845
f 845//845 889//889 887//887
f 845//845 887//887 1708//1708
f 1708//1708 887//887 885//885
f 1708//1708 885//885 907//907
f 1715//1715 1716//1716 901//901
f 901//901 1716//1716 1714//1714
f 901//901 1714//1714 903//903
f 903//903 1714//1714 1713//1713
f 903//903 1713//1713 905//905
f 905//905 1713//1713 1709//1709
f 905//905 1709//1709 907//907
f 907//907 1709//1709 1710//1710
f 907//907 1710//1710 1711//1711
f 843//843 1721//1721 871//871
f 871//871 1721//1721 1720//1720
f 871//871 1720//1720 873//873
f 873//873 1720//1720 1719//1719
f 873//873 1719//1719 875//875
f 875//875 1719//1719 893//893
f 875//875 893//893 877//877
f 877//877 893//893 891//891
f 877//877 891//891 879//879
f 879//879 891//891 889//889
f 879//879 889//889 881//881
f 881//881 889//889 883//883
f 835//835 1722//1722 836//836
f 833//833 832//832 1723//1723
f 1722//1722 835//835 1724//1724
f 1724//1724 835//835 833//833
f 1724//1724 833//833 1725//1725
f 1725//1725 833//833 1723//1723
f 1725//1725 1723//1723 1726//1726
f 1727//1727 838//838 836//836
f 1728//1728 809//809 838//838
f 838//838 1727//1727 1728//1728
f 1728//1728 1727//1727 1729//1729
f 1728//1728 1729//1729 1730//1730
f 1730//1730 1729//1729 1731//1731
f 1730//1730 1731//1731 1732//1732
f 1732//1732 1731//1731 1733//1733
f 1732//1732 1733//1733 1734//1734
f 836//836 1722//1722 1727//1727
f 1727//1727 1722//1722 1724//1724
f 1727//1727 1724//1724 1729//1729
f 1729//1729 1724//1724 1725//1725
f 1729//1729 1725//1725 1731//1731
f 1731//1731 1725//1725 1726//1726
f 1731//1731 1726//1726 1733//1733
f 809//809 1728//1728 808//808
f 808//808 1728//1728 1730//1730
f 808//808 1730//1730 807//807
f 807//807 1730//1730 1732//1732
f 807//807 1732//1732 806//806
f 806//806 1732//1732 1734//1734
f 806//806 1734//1734 805//805
f 1735//1735 832//832 821//821
f 820//820 819//819 821//821
f 821//821 819//819 1736//1736
f 1736//1736 1737//1737 821//821
f 821//821 1737//1737 1738//1738
f 821//821 1738//1738 1735//1735
f 1739//1739 805//805 1734//1734
f 1739//1739 1734//1734 1740//1740
f 1740//1740 1734//1734 1733//1733
f 1740//1740 1733//1733 1741//1741
f 1741//1741 1733//1733 1726//1726
f 1741//1741 1726//1726 1742//1742
f 1726//1726 1723//1723 1742//1742
f 1742//1742 1723//1723 832//832
f 1742//1742 832//832 1735//1735
f 1736//1736 819//819 816//816
f 1743//1743 1744//1744 1745//1745
f 1745//1745 1744//1744 1746//1746
f 1745//1745 1746//1746 1747//1747
f 1747//1747 1746//1746 1748//1748
f 1747//1747 1748//1748 1749//1749
f 1749//1749 1748//1748 1750//1750
f 1744//1744 1751//1751 1746//1746
f 1746//1746 1751//1751 1752//1752
f 1746//1746 1752//1752 1748//1748
f 1748//1748 1752//1752 1753//1753
f 1748//1748 1753//1753 1750//1750
f 1750//1750 1753//1753 1754//1754
f 1742//1742 1754//1754 1741//1741
f 1741//1741 1754//1754 1753//1753
f 1741//1741 1753//1753 1740//1740
f 1740//1740 1753//1753 1752//1752
f 1740//1740 1752//1752 1739//1739
f 1739//1739 1752//1752 1751//1751
f 647//647 1743//1743 814//814
f 814//814 1743//1743 1745//1745
f 814//814 1745//1745 812//812
f 812//812 1745//1745 1747//1747
f 812//812 1747//1747 816//816
f 816//816 1747//1747 1749//1749
f 816//816 1749//1749 1736//1736
f 1736//1736 1749//1749 1750//1750
f 1736//1736 1750//1750 1737//1737
f 1737//1737 1750//1750 1754//1754
f 1737//1737 1754//1754 1738//1738
f 1738//1738 1754//1754 1742//1742
f 1738//1738 1742//1742 1735//1735
f 1755//1755 427//427 426//426
f 426//426 787//787 1755//1755
f 1755//1755 787//787 786//786
f 1755//1755 786//786 1756//1756
f 1756//1756 786//786 784//784
f 1756//1756 784//784 1757//1757
f 1757//1757 784//784 783//783
f 1757//1757 783//783 1758//1758
f 805//805 1739//1739 1759//1759
f 1759//1759 1760//1760 805//805
f 805//805 1760//1760 1761//1761
f 805//805 1761//1761 783//783
f 783//783 1761//1761 1762//1762
f 783//783 1762//1762 1758//1758
f 1763//1763 1764//1764 1765//1765
f 775//775 782//782 718//718
f 718//718 782//782 770//770
f 718//718 770//770 717//717
f 1766//1766 1765//1765 1767//1767
f 1767//1767 1765//1765 765//765
f 1764//1764 644//644 1765//1765
f 1765//1765 644//644 757//757
f 1765//1765 757//757 765//765
f 467//467 1763//1763 468//468
f 468//468 1763//1763 1765//1765
f 468//468 1765//1765 463//463
f 463//463 1765//1765 1766//1766
f 463//463 1766//1766 1768//1768
f 1766//1766 704//704 1768//1768
f 1768//1768 704//704 462//462
f 1768//1768 462//462 461//461
f 461//461 465//465 1768//1768
f 1768//1768 465//465 464//464
f 1768//1768 464//464 463//463
f 765//765 775//775 1767//1767
f 1767//1767 775//775 718//718
f 1767//1767 718//718 1766//1766
f 1766//1766 718//718 721//721
f 1766//1766 721//721 704//704
f 429//429 1769//1769 430//430
f 430//430 1769//1769 1770//1770
f 430//430 1770//1770 431//431
f 1771//1771 1772//1772 1773//1773
f 1773//1773 1772//1772 1774//1774
f 1775//1775 1774//1774 1776//1776
f 1776//1776 1774//1774 1772//1772
f 1776//1776 1772//1772 1777//1777
f 1777//1777 1772//1772 1771//1771
f 1777//1777 1771//1771 1778//1778
f 433//433 432//432 1779//1779
f 1779//1779 432//432 1780//1780
f 1779//1779 1780//1780 1781//1781
f 429//429 433//433 1769//1769
f 1769//1769 433//433 1779//1779
f 1769//1769 1779//1779 1782//1782
f 1782//1782 1779//1779 1781//1781
f 1782//1782 1781//1781 1783//1783
f 1784//1784 1775//1775 1783//1783
f 1783//1783 1775//1775 1776//1776
f 1783//1783 1776//1776 1782//1782
f 1782//1782 1776//1776 1777//1777
f 1782//1782 1777//1777 1769//1769
f 1769//1769 1777//1777 1778//1778
f 1769//1769 1778//1778 1770//1770
f 1758//1758 1784//1784 1757//1757
f 1757//1757 1784//1784 1783//1783
f 1757//1757 1783//1783 1756//1756
f 1756//1756 1783//1783 1781//1781
f 1756//1756 1781//1781 1755//1755
f 1755//1755 1781//1781 1780//1780
f 1755//1755 1780//1780 427//427
f 427//427 1780//1780 432//432
f 1759//1759 1739//1739 1751//1751
f 601//601 1785//1785 651//651
f 1786//1786 1773//1773 1774//1774
f 1758//1758 1762//1762 1787//1787
f 1758//1758 1787//1787 1784//1784
f 1784//1784 1787//1787 1788//1788
f 1784//1784 1788//1788 1775//1775
f 1788//1788 1789//1789 1775//1775
f 1775//1775 1789//1789 1790//1790
f 1775//1775 1790//1790 1774//1774
f 1774//1774 1790//1790 1791//1791
f 1774//1774 1791//1791 1786//1786
f 651//651 1785//1785 671//671
f 671//671 1785//1785 1792//1792
f 671//671 1792//1792 672//672
f 1743//1743 647//647 646//646
f 1793//1793 1744//1744 669//669
f 669//669 1744//1744 1743//1743
f 669//669 1743//1743 668//668
f 668//668 1743//1743 646//646
f 1793//1793 1794//1794 1744//1744
f 1744//1744 1794//1794 1795//1795
f 1744//1744 1795//1795 1751//1751
f 1751//1751 1795//1795 1760//1760
f 1751//1751 1760//1760 1759//1759
f 669//669 672//672 1793//1793
f 1793//1793 672//672 1792//1792
f 1793//1793 1792//1792 1794//1794
f 1794//1794 1792//1792 1796//1796
f 1794//1794 1796//1796 1795//1795
f 1795//1795 1796//1796 1797//1797
f 1795//1795 1797//1797 1760//1760
f 1760//1760 1797//1797 1761//1761
f 601//601 1791//1791 1785//1785
f 1785//1785 1791//1791 1790//1790
f 1785//1785 1790//1790 1792//1792
f 1792//1792 1790//1790 1789//1789
f 1792//1792 1789//1789 1796//1796
f 1796//1796 1789//1789 1788//1788
f 1796//1796 1788//1788 1797//1797
f 1797//1797 1788//1788 1787//1787
f 1797//1797 1787//1787 1761//1761
f 1761//1761 1787//1787 1762//1762
f 419//419 418//418 1798//1798
f 1798//1798 418//418 1799//1799
f 1798//1798 1799//1799 1800//1800
f 1800//1800 1799//1799 1801//1801
f 1802//1802 1803//1803 1804//1804
f 1804//1804 1803//1803 1805//1805
f 1804//1804 1805//1805 1806//1806
f 1806//1806 1805//1805 1807//1807
f 1806//1806 1807//1807 1808//1808
f 1778//1778 1801//1801 1770//1770
f 1770//1770 1801//1801 1799//1799
f 1770//1770 1799//1799 431//431
f 431//431 1799//1799 418//418
f 1773//1773 1807//1807 1771//1771
f 1771//1771 1807//1807 1805//1805
f 1771//1771 1805//1805 1778//1778
f 1778//1778 1805//1805 1803//1803
f 1778//1778 1803//1803 1801//1801
f 1801//1801 1803//1803 1802//1802
f 1801//1801 1802//1802 1800//1800
f 640//640 644//644 1764//1764
f 1807//1807 1773//1773 1786//1786
f 1809//1809 1810//1810 1811//1811
f 1809//1809 1811//1811 467//467
f 1807//1807 1786//1786 1808//1808
f 1808//1808 1786//1786 1764//1764
f 1808//1808 1764//1764 1811//1811
f 1811//1811 1764//1764 1763//1763
f 1811//1811 1763//1763 467//467
f 1791//1791 601//601 603//603
f 603//603 604//604 1791//1791
f 1791//1791 604//604 621//621
f 1791//1791 621//621 1786//1786
f 1786//1786 621//621 623//623
f 623//623 631//631 1786//1786
f 1786//1786 631//631 575//575
f 1786//1786 575//575 1764//1764
f 1764//1764 575//575 574//574
f 1764//1764 574//574 640//640
f 1810//1810 1809//1809 1812//1812
f 1812//1812 1809//1809 1813//1813
f 1812//1812 1813//1813 1814//1814
f 1814//1814 1813//1813 1815//1815
f 1814//1814 1815//1815 1816//1816
f 1816//1816 1815//1815 1817//1817
f 1816//1816 1817//1817 1818//1818
f 1818//1818 1817//1817 1819//1819
f 1819//1819 1817//1817 1820//1820
f 1819//1819 1820//1820 1821//1821
f 1821//1821 1820//1820 1822//1822
f 1822//1822 1820//1820 1823//1823
f 1822//1822 1823//1823 1824//1824
f 1809//1809 467//467 1813//1813
f 1813//1813 467//467 466//466
f 1813//1813 466//466 1815//1815
f 1815//1815 466//466 470//470
f 1815//1815 470//470 1817//1817
f 1817//1817 470//470 469//469
f 1817//1817 469//469 1820//1820
f 1820//1820 469//469 456//456
f 1820//1820 456//456 1823//1823
f 1823//1823 456//456 455//455
f 545//545 548//548 445//445
f 445//445 548//548 556//556
f 445//445 556//556 554//554
f 445//445 1824//1824 545//545
f 545//545 1824//1824 1823//1823
f 545//545 1823//1823 543//543
f 473//473 535//535 538//538
f 572//572 568//568 443//443
f 538//538 539//539 473//473
f 473//473 539//539 541//541
f 473//473 541//541 454//454
f 454//454 541//541 543//543
f 454//454 543//543 455//455
f 455//455 543//543 1823//1823
f 562//562 491//491 563//563
f 563//563 491//491 515//515
f 563//563 515//515 565//565
f 565//565 515//515 443//443
f 565//565 443//443 567//567
f 567//567 443//443 568//568
f 554//554 552//552 445//445
f 445//445 552//552 551//551
f 445//445 551//551 443//443
f 443//443 551//551 558//558
f 443//443 558//558 572//572
f 523//523 525//525 487//487
f 487//487 512//512 523//523
f 523//523 512//512 511//511
f 523//523 511//511 560//560
f 560//560 511//511 510//510
f 560//560 510//510 562//562
f 562//562 510//510 492//492
f 562//562 492//492 491//491
f 525//525 527//527 487//487
f 487//487 527//527 530//530
f 487//487 530//530 483//483
f 483//483 530//530 531//531
f 483//483 531//531 473//473
f 473//473 531//531 533//533
f 473//473 533//533 535//535
f 442//442 440//440 1825//1825
f 439//439 448//448 1826//1826
f 1826//1826 448//448 450//450
f 1827//1827 1828//1828 1829//1829
f 1829//1829 1828//1828 1830//1830
f 1829//1829 1830//1830 1831//1831
f 450//450 1832//1832 1826//1826
f 1826//1826 1832//1832 1833//1833
f 1826//1826 1833//1833 1834//1834
f 440//440 439//439 1825//1825
f 1825//1825 439//439 1826//1826
f 1825//1825 1826//1826 1835//1835
f 1835//1835 1826//1826 1834//1834
f 1835//1835 1834//1834 1836//1836
f 1836//1836 1837//1837 1835//1835
f 1835//1835 1837//1837 1838//1838
f 1835//1835 1838//1838 1825//1825
f 1825//1825 1838//1838 1839//1839
f 1825//1825 1839//1839 442//442
f 442//442 1839//1839 444//444
f 445//445 444//444 1840//1840
f 1840//1840 444//444 1839//1839
f 1840//1840 1839//1839 1841//1841
f 1841//1841 1839//1839 1838//1838
f 1841//1841 1838//1838 1842//1842
f 1842//1842 1838//1838 1837//1837
f 1842//1842 1837//1837 1831//1831
f 1836//1836 1831//1831 1837//1837
f 1833//1833 1827//1827 1834//1834
f 1834//1834 1827//1827 1829//1829
f 1834//1834 1829//1829 1836//1836
f 1836//1836 1829//1829 1831//1831
f 1827//1827 415//415 1828//1828
f 1828//1828 415//415 424//424
f 1828//1828 424//424 1830//1830
f 1830//1830 424//424 421//421
f 1830//1830 421//421 1831//1831
f 450//450 416//416 1832//1832
f 1832//1832 416//416 415//415
f 1832//1832 415//415 1833//1833
f 1833//1833 415//415 1827//1827
f 1808//1808 1811//1811 1843//1843
f 1844//1844 1845//1845 1846//1846
f 1844//1844 1846//1846 1847//1847
f 1847//1847 1846//1846 1843//1843
f 1847//1847 1843//1843 1848//1848
f 1848//1848 1843//1843 1811//1811
f 1848//1848 1811//1811 1810//1810
f 1808//1808 1843//1843 1806//1806
f 1806//1806 1843//1843 1846//1846
f 1806//1806 1846//1846 1804//1804
f 1804//1804 1846//1846 1845//1845
f 1804//1804 1845//1845 1802//1802
f 1814//1814 1816//1816 1849//1849
f 1849//1849 1816//1816 1818//1818
f 1850//1850 1851//1851 1852//1852
f 1853//1853 1854//1854 1855//1855
f 1854//1854 1853//1853 1856//1856
f 1856//1856 1853//1853 1857//1857
f 1856//1856 1857//1857 1858//1858
f 1859//1859 1858//1858 1860//1860
f 1860//1860 1858//1858 1857//1857
f 1860//1860 1857//1857 1861//1861
f 1861//1861 1857//1857 1853//1853
f 1861//1861 1853//1853 1862//1862
f 1848//1848 1810//1810 1863//1863
f 1863//1863 1810//1810 1812//1812
f 1863//1863 1812//1812 1814//1814
f 1814//1814 1849//1849 1863//1863
f 1863//1863 1849//1849 1864//1864
f 1863//1863 1864//1864 1848//1848
f 1848//1848 1864//1864 1865//1865
f 1848//1848 1865//1865 1847//1847
f 1844//1844 1855//1855 1866//1866
f 1866//1866 1855//1855 1854//1854
f 1866//1866 1854//1854 1852//1852
f 1852//1852 1854//1854 1856//1856
f 1852//1852 1856//1856 1850//1850
f 1850//1850 1856//1856 1858//1858
f 1850//1850 1858//1858 1867//1867
f 1867//1867 1858//1858 1859//1859
f 1867//1867 1859//1859 1868//1868
f 1868//1868 1859//1859 1822//1822
f 1868//1868 1822//1822 1824//1824
f 1844//1844 1847//1847 1855//1855
f 1855//1855 1847//1847 1865//1865
f 1855//1855 1865//1865 1853//1853
f 1853//1853 1865//1865 1864//1864
f 1853//1853 1864//1864 1862//1862
f 1862//1862 1864//1864 1849//1849
f 1862//1862 1849//1849 1861//1861
f 1861//1861 1849//1849 1818//1818
f 1861//1861 1818//1818 1860//1860
f 1860//1860 1818//1818 1819//1819
f 1860//1860 1819//1819 1859//1859
f 1859//1859 1819//1819 1821//1821
f 1859//1859 1821//1821 1822//1822
f 1842//1842 1831//1831 1851//1851
f 1868//1868 1824//1824 445//445
f 445//445 1840//1840 1868//1868
f 1868//1868 1840//1840 1841//1841
f 1868//1868 1841//1841 1867//1867
f 1867//1867 1841//1841 1842//1842
f 1867//1867 1842//1842 1850//1850
f 1850//1850 1842//1842 1851//1851
f 1800//1800 1802//1802 1845//1845
f 1844//1844 1866//1866 1852//1852
f 1831//1831 421//421 1851//1851
f 1851//1851 421//421 419//419
f 1852//1852 1851//1851 1844//1844
f 1844//1844 1851//1851 419//419
f 1844//1844 419//419 1845//1845
f 1845//1845 419//419 1798//1798
f 1845//1845 1798//1798 1800//1800
f 1869//1869 1870//1870 1871//1871
f 1869//1869 1871//1871 1872//1872
f 1873//1873 1874//1874 1871//1871
f 1871//1871 1874//1874 1872//1872
f 1875//1875 1876//1876 1877//1877
f 1877//1877 1876//1876 1878//1878
f 1877//1877 1878//1878 1873//1873
f 1873//1873 1878//1878 1874//1874
f 1879//1879 1880//1880 1870//1870
f 1870//1870 1880//1880 1871//1871
f 1881//1881 1882//1882 1883//1883
f 1883//1883 1884//1884 1881//1881
f 1881//1881 1884//1884 1885//1885
f 1881//1881 1885//1885 1886//1886
f 1885//1885 1887//1887 1886//1886
f 1886//1886 1887//1887 1888//1888
f 1886//1886 1888//1888 1889//1889
f 1888//1888 1890//1890 1889//1889
f 1889//1889 1890//1890 1891//1891
f 1889//1889 1891//1891 1892//1892
f 1891//1891 1893//1893 1892//1892
f 1892//1892 1893//1893 1894//1894
f 1892//1892 1894//1894 1895//1895
f 1895//1895 1894//1894 1896//1896
f 1895//1895 1896//1896 1897//1897
f 1896//1896 1898//1898 1897//1897
f 1897//1897 1898//1898 1899//1899
f 1897//1897 1899//1899 1900//1900
f 1899//1899 1901//1901 1900//1900
f 1900//1900 1901//1901 1902//1902
f 1900//1900 1902//1902 1903//1903
f 1880//1880 1879//1879 1904//1904
f 1904//1904 1879//1879 1903//1903
f 1904//1904 1903//1903 1905//1905
f 1905//1905 1903//1903 1902//1902
f 1906//1906 1907//1907 1882//1882
f 1882//1882 1907//1907 1883//1883
f 1908//1908 1907//1907 1906//1906
f 1906//1906 1909//1909 1908//1908
f 1908//1908 1909//1909 1910//1910
f 1909//1909 1911//1911 1910//1910
f 1910//1910 1911//1911 1912//1912
f 1912//1912 1911//1911 1913//1913
f 1912//1912 1913//1913 1914//1914
f 1915//1915 1916//1916 1917//1917
f 1918//1918 1919//1919 1917//1917
f 1917//1917 1919//1919 1915//1915
f 1920//1920 1921//1921 1922//1922
f 1922//1922 1921//1921 1923//1923
f 1922//1922 1923//1923 1918//1918
f 1918//1918 1923//1923 1919//1919
f 1924//1924 1925//1925 1916//1916
f 1916//1916 1925//1925 1917//1917
f 1926//1926 1927//1927 1928//1928
f 1928//1928 1929//1929 1926//1926
f 1926//1926 1929//1929 1930//1930
f 1926//1926 1930//1930 1931//1931
f 1930//1930 1932//1932 1931//1931
f 1931//1931 1932//1932 1933//1933
f 1931//1931 1933//1933 1934//1934
f 1933//1933 1935//1935 1934//1934
f 1934//1934 1935//1935 1936//1936
f 1934//1934 1936//1936 1937//1937
f 1936//1936 1938//1938 1937//1937
f 1937//1937 1938//1938 1939//1939
f 1937//1937 1939//1939 1940//1940
f 1940//1940 1939//1939 1941//1941
f 1940//1940 1941//1941 1942//1942
f 1941//1941 1943//1943 1942//1942
f 1942//1942 1943//1943 1944//1944
f 1942//1942 1944//1944 1945//1945
f 1944//1944 1946//1946 1945//1945
f 1945//1945 1946//1946 1947//1947
f 1945//1945 1947//1947 1948//1948
f 1925//1925 1924//1924 1949//1949
f 1949//1949 1924//1924 1948//1948
f 1949//1949 1948//1948 1950//1950
f 1950//1950 1948//1948 1947//1947
f 1951//1951 1952//1952 1927//1927
f 1927//1927 1952//1952 1928//1928
f 1953//1953 1952//1952 1951//1951
f 1951//1951 1954//1954 1953//1953
f 1953//1953 1954//1954 1955//1955
f 1954//1954 1956//1956 1955//1955
f 1955//1955 1956//1956 1957//1957
f 1957//1957 1956//1956 1958//1958
f 1957//1957 1958//1958 1959//1959
f 1960//1960 1961//1961 1962//1962
f 1963//1963 1964//1964 1962//1962
f 1962//1962 1964//1964 1960//1960
f 1965//1965 1966//1966 1967//1967
f 1967//1967 1966//1966 1968//1968
f 1967//1967 1968//1968 1963//1963
f 1963//1963 1968//1968 1964//1964
f 1969//1969 1970//1970 1961//1961
f 1961//1961 1970//1970 1962//1962
f 1971//1971 1972//1972 1973//1973
f 1973//1973 1974//1974 1971//1971
f 1971//1971 1974//1974 1975//1975
f 1971//1971 1975//1975 1976//1976
f 1975//1975 1977//1977 1976//1976
f 1976//1976 1977//1977 1978//1978
f 1976//1976 1978//1978 1979//1979
f 1978//1978 1980//1980 1979//1979
f 1979//1979 1980//1980 1981//1981
f 1979//1979 1981//1981 1982//1982
f 1981//1981 1983//1983 1982//1982
f 1982//1982 1983//1983 1984//1984
f 1982//1982 1984//1984 1985//1985
f 1985//1985 1984//1984 1986//1986
f 1985//1985 1986//1986 1987//1987
f 1986//1986 1988//1988 1987//1987
f 1987//1987 1988//1988 1989//1989
f 1987//1987 1989//1989 1990//1990
f 1989//1989 1991//1991 1990//1990
f 1990//1990 1991//1991 1992//1992
f 1990//1990 1992//1992 1993//1993
f 1970//1970 1969//1969 1994//1994
f 1994//1994 1969//1969 1993//1993
f 1994//1994 1993//1993 1995//1995
f 1995//1995 1993//1993 1992//1992
f 1996//1996 1997//1997 1972//1972
f 1972//1972 1997//1997 1973//1973
f 1998//1998 1997//1997 1996//1996
f 1996//1996 1999//1999 1998//1998
f 1998//1998 1999//1999 2000//2000
f 1999//1999 2001//2001 2000//2000
f 2000//2000 2001//2001 2002//2002
f 2002//2002 2001//2001 2003//2003
f 2002//2002 2003//2003 2004//2004
f 1876//1876 1875//1875 2005//2005
f 2005//2005 1875//1875 2006//2006
f 2005//2005 2006//2006 2007//2007
f 2006//2006 2008//2008 2007//2007
f 2007//2007 2008//2008 2009//2009
f 2007//2007 2009//2009 2010//2010
f 2010//2010 2009//2009 2011//2011
f 2010//2010 2011//2011 2012//2012
f 2013//2013 2014//2014 2015//2015
f 2015//2015 2014//2014 2016//2016
f 2017//2017 2015//2015 2016//2016
f 2016//2016 2018//2018 2017//2017
f 2017//2017 2018//2018 2019//2019
f 2017//2017 2019//2019 2020//2020
f 2019//2019 2021//2021 2020//2020
f 2020//2020 2021//2021 2022//2022
f 2020//2020 2022//2022 2023//2023
f 2022//2022 2024//2024 2023//2023
f 2023//2023 2024//2024 2025//2025
f 2023//2023 2025//2025 2026//2026
f 2026//2026 2025//2025 2027//2027
f 2026//2026 2027//2027 2028//2028
f 2027//2027 2029//2029 2028//2028
f 2028//2028 2029//2029 2030//2030
f 2028//2028 2030//2030 2031//2031
f 2030//2030 2032//2032 2031//2031
f 2031//2031 2032//2032 2033//2033
f 2031//2031 2033//2033 2034//2034
f 2033//2033 2035//2035 2034//2034
f 2034//2034 2035//2035 2036//2036
f 2034//2034 2036//2036 2037//2037
f 2038//2038 2039//2039 2040//2040
f 2040//2040 2039//2039 2037//2037
f 2040//2040 2037//2037 2041//2041
f 2041//2041 2037//2037 2036//2036
f 2039//2039 2038//2038 2042//2042
f 2042//2042 2038//2038 2043//2043
f 2044//2044 2045//2045 2046//2046
f 2047//2047 2042//2042 2043//2043
f 2046//2046 2045//2045 2043//2043
f 2043//2043 2045//2045 2047//2047
f 2048//2048 2049//2049 2046//2046
f 2046//2046 2049//2049 2044//2044
f 1997//1997 2050//2050 1973//1973
f 1973//1973 2050//2050 2051//2051
f 1970//1970 1994//1994 2052//2052
f 2052//2052 1994//1994 2053//2053
f 1994//1994 1995//1995 2053//2053
f 2053//2053 1995//1995 1992//1992
f 2053//2053 1992//1992 2054//2054
f 1992//1992 1991//1991 2054//2054
f 2054//2054 1991//1991 1989//1989
f 2054//2054 1989//1989 2055//2055
f 1989//1989 1988//1988 2055//2055
f 2055//2055 1988//1988 1986//1986
f 2055//2055 1986//1986 2056//2056
f 1986//1986 1984//1984 2056//2056
f 2056//2056 1984//1984 1983//1983
f 2056//2056 1983//1983 2057//2057
f 1983//1983 1981//1981 2057//2057
f 2057//2057 1981//1981 1980//1980
f 2057//2057 1980//1980 2058//2058
f 1980//1980 1978//1978 2058//2058
f 2058//2058 1978//1978 1977//1977
f 2058//2058 1977//1977 2059//2059
f 1973//1973 2051//2051 1974//1974
f 1974//1974 2051//2051 2059//2059
f 1974//1974 2059//2059 1975//1975
f 1975//1975 2059//2059 1977//1977
f 1970//1970 2052//2052 1962//1962
f 1962//1962 2052//2052 2060//2060
f 2061//2061 1965//1965 2062//2062
f 2062//2062 1965//1965 1967//1967
f 1967//1967 1963//1963 2062//2062
f 2062//2062 1963//1963 1962//1962
f 2062//2062 1962//1962 2060//2060
f 2063//2063 1966//1966 1965//1965
f 1965//1965 2064//2064 2063//2063
f 2063//2063 2064//2064 2065//2065
f 2063//2063 2065//2065 2066//2066
f 2066//2066 2065//2065 2067//2067
f 2066//2066 2067//2067 2068//2068
f 2069//2069 1957//1957 1959//1959
f 1959//1959 2070//2070 2069//2069
f 2069//2069 2070//2070 2071//2071
f 2069//2069 2071//2071 2072//2072
f 2072//2072 2071//2071 2073//2073
f 2072//2072 2073//2073 2074//2074
f 1952//1952 2075//2075 1928//1928
f 1928//1928 2075//2075 2076//2076
f 1925//1925 1949//1949 2077//2077
f 2077//2077 1949//1949 2078//2078
f 1949//1949 1950//1950 2078//2078
f 2078//2078 1950//1950 1947//1947
f 2078//2078 1947//1947 2079//2079
f 1947//1947 1946//1946 2079//2079
f 2079//2079 1946//1946 1944//1944
f 2079//2079 1944//1944 2080//2080
f 1944//1944 1943//1943 2080//2080
f 2080//2080 1943//1943 1941//1941
f 2080//2080 1941//1941 2081//2081
f 1941//1941 1939//1939 2081//2081
f 2081//2081 1939//1939 1938//1938
f 2081//2081 1938//1938 2082//2082
f 1938//1938 1936//1936 2082//2082
f 2082//2082 1936//1936 1935//1935
f 2082//2082 1935//1935 2083//2083
f 1935//1935 1933//1933 2083//2083
f 2083//2083 1933//1933 1932//1932
f 2083//2083 1932//1932 2084//2084
f 1928//1928 2076//2076 1929//1929
f 1929//1929 2076//2076 2084//2084
f 1929//1929 2084//2084 1930//1930
f 1930//1930 2084//2084 1932//1932
f 1925//1925 2077//2077 1917//1917
f 1917//1917 2077//2077 2085//2085
f 1957//1957 2086//2086 1955//1955
f 1955//1955 2086//2086 2087//2087
f 1955//1955 2087//2087 1953//1953
f 1953//1953 2087//2087 2075//2075
f 1953//1953 2075//2075 1952//1952
f 2088//2088 1920//1920 2089//2089
f 2089//2089 1920//1920 1922//1922
f 1922//1922 1918//1918 2089//2089
f 2089//2089 1918//1918 1917//1917
f 2089//2089 1917//1917 2085//2085
f 2090//2090 1921//1921 1920//1920
f 1920//1920 2091//2091 2090//2090
f 2090//2090 2091//2091 2092//2092
f 2090//2090 2092//2092 2093//2093
f 2093//2093 2092//2092 2094//2094
f 2093//2093 2094//2094 2095//2095
f 2096//2096 1912//1912 1914//1914
f 1914//1914 2097//2097 2096//2096
f 2096//2096 2097//2097 2098//2098
f 2096//2096 2098//2098 2099//2099
f 2099//2099 2098//2098 2100//2100
f 2099//2099 2100//2100 2101//2101
f 1912//1912 2102//2102 1910//1910
f 1910//1910 2102//2102 2103//2103
f 1910//1910 2103//2103 1908//1908
f 1908//1908 2103//2103 2104//2104
f 1908//1908 2104//2104 1907//1907
f 1907//1907 2104//2104 1883//1883
f 1883//1883 2104//2104 2105//2105
f 1880//1880 1904//1904 2106//2106
f 2106//2106 1904//1904 2107//2107
f 1904//1904 1905//1905 2107//2107
f 2107//2107 1905//1905 1902//1902
f 2107//2107 1902//1902 2108//2108
f 1902//1902 1901//1901 2108//2108
f 2108//2108 1901//1901 1899//1899
f 2108//2108 1899//1899 2109//2109
f 1899//1899 1898//1898 2109//2109
f 2109//2109 1898//1898 1896//1896
f 2109//2109 1896//1896 2110//2110
f 1896//1896 1894//1894 2110//2110
f 2110//2110 1894//1894 1893//1893
f 2110//2110 1893//1893 2111//2111
f 1893//1893 1891//1891 2111//2111
f 2111//2111 1891//1891 1890//1890
f 2111//2111 1890//1890 2112//2112
f 1890//1890 1888//1888 2112//2112
f 2112//2112 1888//1888 1887//1887
f 2112//2112 1887//1887 2113//2113
f 1883//1883 2105//2105 1884//1884
f 1884//1884 2105//2105 2113//2113
f 1884//1884 2113//2113 1885//1885
f 1885//1885 2113//2113 1887//1887
f 1880//1880 2106//2106 1871//1871
f 1871//1871 2106//2106 2114//2114
f 2115//2115 1875//1875 2116//2116
f 2116//2116 1875//1875 1877//1877
f 1877//1877 1873//1873 2116//2116
f 2116//2116 1873//1873 1871//1871
f 2116//2116 1871//1871 2114//2114
f 2117//2117 2049//2049 2048//2048
f 2048//2048 2118//2118 2117//2117
f 2117//2117 2118//2118 2119//2119
f 2117//2117 2119//2119 2120//2120
f 2120//2120 2119//2119 2121//2121
f 2120//2120 2121//2121 2122//2122
f 2123//2123 2002//2002 2004//2004
f 2004//2004 2124//2124 2123//2123
f 2123//2123 2124//2124 2125//2125
f 2123//2123 2125//2125 2126//2126
f 2126//2126 2125//2125 2127//2127
f 2126//2126 2127//2127 2128//2128
f 2002//2002 2129//2129 2000//2000
f 2000//2000 2129//2129 2130//2130
f 2000//2000 2130//2130 1998//1998
f 1998//1998 2130//2130 2050//2050
f 1998//1998 2050//2050 1997//1997
f 2013//2013 2131//2131 2014//2014
f 2014//2014 2131//2131 2132//2132
f 2014//2014 2132//2132 2133//2133
f 2133//2133 2132//2132 2134//2134
f 2133//2133 2134//2134 2135//2135
f 2133//2133 2135//2135 2136//2136
f 2136//2136 2135//2135 2137//2137
f 2136//2136 2137//2137 2138//2138
f 2139//2139 2011//2011 2009//2009
f 2139//2139 2009//2009 2140//2140
f 2140//2140 2009//2009 2008//2008
f 2140//2140 2008//2008 2141//2141
f 2141//2141 2008//2008 2006//2006
f 2141//2141 2006//2006 2142//2142
f 2142//2142 2006//2006 1875//1875
f 2142//2142 1875//1875 2115//2115
f 2012//2012 2011//2011 2143//2143
f 2143//2143 2011//2011 2144//2144
f 2145//2145 2146//2146 2144//2144
f 2144//2144 2146//2146 2147//2147
f 2144//2144 2147//2147 2143//2143
f 2143//2143 2147//2147 2148//2148
f 2007//2007 2010//2010 2149//2149
f 2149//2149 2010//2010 2012//2012
f 2149//2149 2012//2012 2150//2150
f 2150//2150 2012//2012 2143//2143
f 2150//2150 2143//2143 2151//2151
f 2151//2151 2143//2143 2148//2148
f 2152//2152 2153//2153 2154//2154
f 2155//2155 2156//2156 2157//2157
f 2152//2152 2154//2154 2148//2148
f 2157//2157 2149//2149 2155//2155
f 2155//2155 2149//2149 2150//2150
f 2155//2155 2150//2150 2154//2154
f 2154//2154 2150//2150 2151//2151
f 2154//2154 2151//2151 2148//2148
f 2158//2158 2159//2159 2156//2156
f 2156//2156 2159//2159 2157//2157
f 1976//1976 2028//2028 1971//1971
f 1971//1971 2028//2028 2031//2031
f 2047//2047 2045//2045 2001//2001
f 2047//2047 2001//2001 2042//2042
f 2042//2042 2001//2001 1999//1999
f 2001//2001 2045//2045 2044//2044
f 2001//2001 2044//2044 2003//2003
f 1960//1960 1964//1964 1956//1956
f 2031//2031 2034//2034 1971//1971
f 1971//1971 2034//2034 2037//2037
f 1971//1971 2037//2037 1972//1972
f 1972//1972 2037//2037 2039//2039
f 1972//1972 2039//2039 1996//1996
f 1996//1996 2039//2039 2042//2042
f 1996//1996 2042//2042 1999//1999
f 2023//2023 2159//2159 2020//2020
f 2020//2020 2159//2159 2160//2160
f 2020//2020 2160//2160 2017//2017
f 1976//1976 1979//1979 2028//2028
f 2028//2028 1979//1979 2159//2159
f 2028//2028 2159//2159 2026//2026
f 2026//2026 2159//2159 2023//2023
f 1881//1881 1940//1940 1942//1942
f 1960//1960 1956//1956 1961//1961
f 1961//1961 1956//1956 1954//1954
f 2117//2117 2120//2120 2049//2049
f 2049//2049 2120//2120 2122//2122
f 2127//2127 2125//2125 2124//2124
f 2134//2134 2132//2132 2160//2160
f 2160//2160 2132//2132 2131//2131
f 1881//1881 1886//1886 1940//1940
f 1940//1940 1886//1886 1889//1889
f 1940//1940 1889//1889 1892//1892
f 1897//1897 1900//1900 2149//2149
f 2149//2149 1900//1900 1903//1903
f 2149//2149 1903//1903 1879//1879
f 2124//2124 2004//2004 2127//2127
f 2127//2127 2004//2004 2003//2003
f 2127//2127 2003//2003 2122//2122
f 2122//2122 2003//2003 2044//2044
f 2122//2122 2044//2044 2049//2049
f 2137//2137 2135//2135 2160//2160
f 2160//2160 2135//2135 2134//2134
f 2131//2131 2013//2013 2160//2160
f 2160//2160 2013//2013 2015//2015
f 2160//2160 2015//2015 2017//2017
f 1915//1915 1919//1919 1911//1911
f 1985//1985 1987//1987 1937//1937
f 1937//1937 1987//1987 1990//1990
f 1937//1937 1990//1990 1934//1934
f 2068//2068 2073//2073 1958//1958
f 1961//1961 1954//1954 1951//1951
f 1961//1961 1951//1951 1969//1969
f 1969//1969 1951//1951 1927//1927
f 1969//1969 1927//1927 1993//1993
f 1993//1993 1927//1927 1926//1926
f 1993//1993 1926//1926 1990//1990
f 1990//1990 1926//1926 1931//1931
f 1990//1990 1931//1931 1934//1934
f 2161//2161 2162//2162 2160//2160
f 2160//2160 2162//2162 2138//2138
f 2160//2160 2138//2138 2137//2137
f 1915//1915 1911//1911 1916//1916
f 1916//1916 1911//1911 1909//1909
f 1979//1979 1982//1982 2159//2159
f 2159//2159 1982//1982 1985//1985
f 2159//2159 1985//1985 2157//2157
f 2157//2157 1985//1985 1937//1937
f 1937//1937 1940//1940 2157//2157
f 2157//2157 1940//1940 1892//1892
f 2157//2157 1892//1892 2149//2149
f 2149//2149 1892//1892 1895//1895
f 2149//2149 1895//1895 1897//1897
f 1872//1872 1874//1874 2149//2149
f 2149//2149 1874//1874 1878//1878
f 2071//2071 2070//2070 2073//2073
f 2073//2073 2070//2070 1959//1959
f 2073//2073 1959//1959 1958//1958
f 1879//1879 1870//1870 2149//2149
f 2149//2149 1870//1870 1869//1869
f 2149//2149 1869//1869 1872//1872
f 2063//2063 2066//2066 1966//1966
f 1966//1966 2066//2066 2068//2068
f 1966//1966 2068//2068 1968//1968
f 1968//1968 2068//2068 1958//1958
f 1968//1968 1958//1958 1956//1956
f 1968//1968 1956//1956 1964//1964
f 2095//2095 2100//2100 1913//1913
f 1942//1942 1945//1945 1881//1881
f 1881//1881 1945//1945 1948//1948
f 1881//1881 1948//1948 1882//1882
f 1882//1882 1948//1948 1924//1924
f 1882//1882 1924//1924 1906//1906
f 1906//1906 1924//1924 1916//1916
f 1906//1906 1916//1916 1909//1909
f 2005//2005 2007//2007 1876//1876
f 1876//1876 2007//2007 2149//2149
f 1876//1876 2149//2149 1878//1878
f 2098//2098 2097//2097 2100//2100
f 2100//2100 2097//2097 1914//1914
f 2100//2100 1914//1914 1913//1913
f 2090//2090 2093//2093 1921//1921
f 1921//1921 2093//2093 2095//2095
f 1921//1921 2095//2095 1923//1923
f 1923//1923 2095//2095 1913//1913
f 1923//1923 1913//1913 1911//1911
f 1923//1923 1911//1911 1919//1919
f 2014//2014 2163//2163 2016//2016
f 2016//2016 2163//2163 2164//2164
f 2038//2038 2040//2040 2165//2165
f 2165//2165 2040//2040 2166//2166
f 2040//2040 2041//2041 2166//2166
f 2166//2166 2041//2041 2036//2036
f 2166//2166 2036//2036 2167//2167
f 2036//2036 2035//2035 2167//2167
f 2167//2167 2035//2035 2033//2033
f 2167//2167 2033//2033 2168//2168
f 2033//2033 2032//2032 2168//2168
f 2168//2168 2032//2032 2030//2030
f 2168//2168 2030//2030 2169//2169
f 2030//2030 2029//2029 2169//2169
f 2169//2169 2029//2029 2027//2027
f 2169//2169 2027//2027 2170//2170
f 2027//2027 2025//2025 2170//2170
f 2170//2170 2025//2025 2024//2024
f 2170//2170 2024//2024 2171//2171
f 2024//2024 2022//2022 2171//2171
f 2171//2171 2022//2022 2021//2021
f 2171//2171 2021//2021 2172//2172
f 2016//2016 2164//2164 2018//2018
f 2018//2018 2164//2164 2172//2172
f 2018//2018 2172//2172 2019//2019
f 2019//2019 2172//2172 2021//2021
f 2038//2038 2165//2165 2043//2043
f 2043//2043 2165//2165 2173//2173
f 2174//2174 2048//2048 2046//2046
f 2174//2174 2046//2046 2175//2175
f 2175//2175 2046//2046 2043//2043
f 2175//2175 2043//2043 2173//2173
f 2176//2176 2177//2177 2178//2178
f 2178//2178 2179//2179 2176//2176
f 2176//2176 2179//2179 2180//2180
f 2176//2176 2180//2180 2181//2181
f 2181//2181 2180//2180 2061//2061
f 2181//2181 2061//2061 2129//2129
f 2129//2129 2061//2061 2062//2062
f 2129//2129 2062//2062 2130//2130
f 2130//2130 2062//2062 2060//2060
f 2130//2130 2060//2060 2050//2050
f 2050//2050 2060//2060 2051//2051
f 2051//2051 2060//2060 2052//2052
f 2051//2051 2052//2052 2059//2059
f 2052//2052 2053//2053 2054//2054
f 2058//2058 2059//2059 2057//2057
f 2057//2057 2059//2059 2052//2052
f 2057//2057 2052//2052 2056//2056
f 2056//2056 2052//2052 2054//2054
f 2056//2056 2054//2054 2055//2055
f 2064//2064 1965//1965 2061//2061
f 2061//2061 2180//2180 2064//2064
f 2064//2064 2180//2180 2179//2179
f 2064//2064 2179//2179 2065//2065
f 2065//2065 2179//2179 2178//2178
f 2065//2065 2178//2178 2067//2067
f 2068//2068 2067//2067 2073//2073
f 2073//2073 2067//2067 2074//2074
f 2086//2086 1957//1957 2069//2069
f 2086//2086 2069//2069 2182//2182
f 2182//2182 2069//2069 2072//2072
f 2182//2182 2072//2072 2183//2183
f 2183//2183 2072//2072 2074//2074
f 2183//2183 2074//2074 2184//2184
f 2185//2185 2186//2186 2184//2184
f 2184//2184 2186//2186 2187//2187
f 2184//2184 2187//2187 2183//2183
f 2075//2075 2087//2087 2088//2088
f 2088//2088 2087//2087 2086//2086
f 2088//2088 2086//2086 2187//2187
f 2187//2187 2086//2086 2182//2182
f 2187//2187 2182//2182 2183//2183
f 2088//2088 2089//2089 2075//2075
f 2075//2075 2089//2089 2085//2085
f 2075//2075 2085//2085 2076//2076
f 2076//2076 2085//2085 2077//2077
f 2076//2076 2077//2077 2078//2078
f 2078//2078 2079//2079 2080//2080
f 2084//2084 2076//2076 2083//2083
f 2083//2083 2076//2076 2078//2078
f 2083//2083 2078//2078 2082//2082
f 2082//2082 2078//2078 2080//2080
f 2082//2082 2080//2080 2081//2081
f 2185//2185 2094//2094 2092//2092
f 2185//2185 2092//2092 2186//2186
f 2186//2186 2092//2092 2091//2091
f 2186//2186 2091//2091 2187//2187
f 2187//2187 2091//2091 1920//1920
f 2187//2187 1920//1920 2088//2088
f 2095//2095 2094//2094 2100//2100
f 2100//2100 2094//2094 2101//2101
f 2102//2102 1912//1912 2096//2096
f 2102//2102 2096//2096 2188//2188
f 2188//2188 2096//2096 2099//2099
f 2188//2188 2099//2099 2189//2189
f 2189//2189 2099//2099 2101//2101
f 2189//2189 2101//2101 2190//2190
f 2190//2190 2191//2191 2189//2189
f 2189//2189 2191//2191 2188//2188
f 2139//2139 2140//2140 2191//2191
f 2191//2191 2140//2140 2141//2141
f 2191//2191 2141//2141 2188//2188
f 2188//2188 2141//2141 2142//2142
f 2188//2188 2142//2142 2102//2102
f 2102//2102 2142//2142 2115//2115
f 2102//2102 2115//2115 2103//2103
f 2103//2103 2115//2115 2104//2104
f 2115//2115 2116//2116 2104//2104
f 2104//2104 2116//2116 2114//2114
f 2104//2104 2114//2114 2105//2105
f 2105//2105 2114//2114 2106//2106
f 2106//2106 2107//2107 2105//2105
f 2105//2105 2107//2107 2108//2108
f 2105//2105 2108//2108 2109//2109
f 2112//2112 2113//2113 2111//2111
f 2111//2111 2113//2113 2105//2105
f 2111//2111 2105//2105 2110//2110
f 2110//2110 2105//2105 2109//2109
f 2192//2192 2121//2121 2119//2119
f 2192//2192 2119//2119 2193//2193
f 2193//2193 2119//2119 2118//2118
f 2193//2193 2118//2118 2194//2194
f 2194//2194 2118//2118 2048//2048
f 2194//2194 2048//2048 2174//2174
f 2122//2122 2121//2121 2127//2127
f 2127//2127 2121//2121 2128//2128
f 2181//2181 2129//2129 2002//2002
f 2002//2002 2123//2123 2181//2181
f 2181//2181 2123//2123 2126//2126
f 2181//2181 2126//2126 2176//2176
f 2176//2176 2126//2126 2128//2128
f 2176//2176 2128//2128 2177//2177
f 2195//2195 2136//2136 2138//2138
f 2196//2196 2197//2197 2198//2198
f 2138//2138 2162//2162 2195//2195
f 2195//2195 2162//2162 2161//2161
f 2195//2195 2161//2161 2199//2199
f 2199//2199 2161//2161 2196//2196
f 2199//2199 2196//2196 2200//2200
f 2200//2200 2196//2196 2198//2198
f 2163//2163 2014//2014 2133//2133
f 2163//2163 2133//2133 2201//2201
f 2201//2201 2133//2133 2136//2136
f 2201//2201 2136//2136 2202//2202
f 2203//2203 2204//2204 2205//2205
f 2203//2203 2205//2205 2206//2206
f 2206//2206 2205//2205 2207//2207
f 2206//2206 2207//2207 2208//2208
f 2208//2208 2207//2207 2209//2209
f 2208//2208 2209//2209 2210//2210
f 2210//2210 2209//2209 2211//2211
f 2210//2210 2211//2211 2212//2212
f 2213//2213 2214//2214 2203//2203
f 2203//2203 2214//2214 2204//2204
f 2215//2215 2211//2211 2209//2209
f 2215//2215 2209//2209 2216//2216
f 2216//2216 2209//2209 2207//2207
f 2216//2216 2207//2207 2217//2217
f 2217//2217 2207//2207 2205//2205
f 2217//2217 2205//2205 2218//2218
f 2218//2218 2205//2205 2204//2204
f 2218//2218 2204//2204 2219//2219
f 2220//2220 2212//2212 2221//2221
f 2221//2221 2212//2212 2211//2211
f 2221//2221 2211//2211 2222//2222
f 2222//2222 2211//2211 2223//2223
f 2223//2223 2224//2224 2222//2222
f 2222//2222 2224//2224 2225//2225
f 2222//2222 2225//2225 2221//2221
f 2221//2221 2225//2225 2226//2226
f 2227//2227 2228//2228 2226//2226
f 2226//2226 2228//2228 2220//2220
f 2226//2226 2220//2220 2221//2221
f 2227//2227 2145//2145 2228//2228
f 2228//2228 2145//2145 2144//2144
f 2228//2228 2144//2144 2229//2229
f 2191//2191 2230//2230 2139//2139
f 2139//2139 2230//2230 2229//2229
f 2139//2139 2229//2229 2011//2011
f 2011//2011 2229//2229 2144//2144
f 2224//2224 2231//2231 2152//2152
f 2226//2226 2146//2146 2227//2227
f 2227//2227 2146//2146 2145//2145
f 2226//2226 2225//2225 2146//2146
f 2146//2146 2225//2225 2224//2224
f 2146//2146 2224//2224 2147//2147
f 2147//2147 2224//2224 2152//2152
f 2147//2147 2152//2152 2148//2148
f 2231//2231 2232//2232 2152//2152
f 2152//2152 2232//2232 2233//2233
f 2152//2152 2233//2233 2153//2153
f 2231//2231 2234//2234 2235//2235
f 2231//2231 2235//2235 2232//2232
f 2232//2232 2235//2235 2236//2236
f 2232//2232 2236//2236 2233//2233
f 2233//2233 2236//2236 2237//2237
f 2233//2233 2237//2237 2153//2153
f 2153//2153 2237//2237 2238//2238
f 2153//2153 2238//2238 2154//2154
f 2154//2154 2238//2238 2155//2155
f 2155//2155 2238//2238 2239//2239
f 2155//2155 2239//2239 2156//2156
f 2240//2240 2241//2241 2242//2242
f 2242//2242 2241//2241 2243//2243
f 2244//2244 2245//2245 2234//2234
f 2234//2234 2245//2245 2246//2246
f 2234//2234 2246//2246 2247//2247
f 2248//2248 2249//2249 2250//2250
f 2248//2248 2250//2250 2251//2251
f 2251//2251 2250//2250 2252//2252
f 2251//2251 2252//2252 2253//2253
f 2253//2253 2252//2252 2254//2254
f 2253//2253 2254//2254 2255//2255
f 2255//2255 2254//2254 2241//2241
f 2255//2255 2241//2241 2240//2240
f 2256//2256 2239//2239 2238//2238
f 2234//2234 2247//2247 2235//2235
f 2235//2235 2247//2247 2257//2257
f 2256//2256 2238//2238 2258//2258
f 2258//2258 2238//2238 2237//2237
f 2258//2258 2237//2237 2259//2259
f 2237//2237 2236//2236 2259//2259
f 2259//2259 2236//2236 2235//2235
f 2259//2259 2235//2235 2260//2260
f 2260//2260 2235//2235 2257//2257
f 2260//2260 2257//2257 2261//2261
f 2262//2262 2263//2263 2256//2256
f 2256//2256 2263//2263 2239//2239
f 2156//2156 2239//2239 2158//2158
f 2158//2158 2239//2239 2263//2263
f 2159//2159 2158//2158 2160//2160
f 2160//2160 2158//2158 2264//2264
f 2160//2160 2264//2264 2265//2265
f 2265//2265 2264//2264 2266//2266
f 2267//2267 2268//2268 2269//2269
f 2269//2269 2268//2268 2270//2270
f 2269//2269 2270//2270 2264//2264
f 2264//2264 2270//2270 2271//2271
f 2264//2264 2271//2271 2266//2266
f 2160//2160 2265//2265 2161//2161
f 2161//2161 2265//2265 2266//2266
f 2161//2161 2266//2266 2196//2196
f 2196//2196 2266//2266 2271//2271
f 2196//2196 2271//2271 2197//2197
f 2270//2270 2272//2272 2271//2271
f 2271//2271 2272//2272 2273//2273
f 2271//2271 2273//2273 2197//2197
f 2274//2274 2275//2275 2276//2276
f 2276//2276 2275//2275 2277//2277
f 2276//2276 2277//2277 2278//2278
f 2192//2192 2193//2193 2276//2276
f 2276//2276 2193//2193 2194//2194
f 2276//2276 2194//2194 2274//2274
f 2274//2274 2194//2194 2174//2174
f 2274//2274 2174//2174 2202//2202
f 2202//2202 2174//2174 2175//2175
f 2202//2202 2175//2175 2201//2201
f 2201//2201 2175//2175 2173//2173
f 2201//2201 2173//2173 2163//2163
f 2163//2163 2173//2173 2164//2164
f 2164//2164 2173//2173 2165//2165
f 2164//2164 2165//2165 2172//2172
f 2172//2172 2165//2165 2166//2166
f 2172//2172 2166//2166 2167//2167
f 2170//2170 2171//2171 2169//2169
f 2169//2169 2171//2171 2172//2172
f 2169//2169 2172//2172 2168//2168
f 2168//2168 2172//2172 2167//2167
f 2279//2279 2230//2230 2190//2190
f 2190//2190 2230//2230 2191//2191
f 2178//2178 2177//2177 2279//2279
f 2184//2184 2074//2074 2067//2067
f 2276//2276 2279//2279 2192//2192
f 2192//2192 2279//2279 2177//2177
f 2192//2192 2177//2177 2121//2121
f 2121//2121 2177//2177 2128//2128
f 2067//2067 2178//2178 2184//2184
f 2184//2184 2178//2178 2279//2279
f 2184//2184 2279//2279 2185//2185
f 2185//2185 2279//2279 2190//2190
f 2185//2185 2190//2190 2094//2094
f 2094//2094 2190//2190 2101//2101
f 2273//2273 2272//2272 2280//2280
f 2280//2280 2272//2272 2281//2281
f 2280//2280 2281//2281 2282//2282
f 2273//2273 2280//2280 2197//2197
f 2197//2197 2280//2280 2283//2283
f 2197//2197 2283//2283 2198//2198
f 2202//2202 2136//2136 2195//2195
f 2202//2202 2195//2195 2274//2274
f 2274//2274 2195//2195 2199//2199
f 2274//2274 2199//2199 2275//2275
f 2275//2275 2199//2199 2200//2200
f 2275//2275 2200//2200 2277//2277
f 2277//2277 2200//2200 2198//2198
f 2277//2277 2198//2198 2278//2278
f 2284//2284 2285//2285 2286//2286
f 2230//2230 2279//2279 2213//2213
f 2229//2229 2210//2210 2228//2228
f 2228//2228 2210//2210 2212//2212
f 2228//2228 2212//2212 2220//2220
f 2213//2213 2279//2279 2287//2287
f 2287//2287 2279//2279 2288//2288
f 2287//2287 2288//2288 2289//2289
f 2284//2284 2286//2286 2288//2288
f 2288//2288 2286//2286 2290//2290
f 2288//2288 2290//2290 2289//2289
f 2213//2213 2203//2203 2230//2230
f 2230//2230 2203//2203 2206//2206
f 2230//2230 2206//2206 2229//2229
f 2229//2229 2206//2206 2208//2208
f 2229//2229 2208//2208 2210//2210
f 2286//2286 2291//2291 2292//2292
f 2286//2286 2292//2292 2290//2290
f 2290//2290 2292//2292 2293//2293
f 2290//2290 2293//2293 2289//2289
f 2289//2289 2293//2293 2294//2294
f 2289//2289 2294//2294 2287//2287
f 2287//2287 2294//2294 2214//2214
f 2287//2287 2214//2214 2213//2213
f 2214//2214 2295//2295 2204//2204
f 2204//2204 2295//2295 2219//2219
f 2295//2295 2296//2296 2219//2219
f 2219//2219 2296//2296 2297//2297
f 2298//2298 2215//2215 2216//2216
f 2298//2298 2216//2216 2299//2299
f 2299//2299 2216//2216 2217//2217
f 2299//2299 2217//2217 2300//2300
f 2300//2300 2217//2217 2218//2218
f 2300//2300 2218//2218 2301//2301
f 2301//2301 2218//2218 2219//2219
f 2301//2301 2219//2219 2297//2297
f 2296//2296 2295//2295 2302//2302
f 2296//2296 2302//2302 2303//2303
f 2303//2303 2302//2302 2304//2304
f 2303//2303 2304//2304 2305//2305
f 2305//2305 2304//2304 2306//2306
f 2305//2305 2306//2306 2307//2307
f 2307//2307 2306//2306 2308//2308
f 2307//2307 2308//2308 2309//2309
f 2310//2310 2311//2311 2215//2215
f 2298//2298 2312//2312 2215//2215
f 2215//2215 2312//2312 2313//2313
f 2215//2215 2313//2313 2310//2310
f 2231//2231 2224//2224 2223//2223
f 2243//2243 2241//2241 2311//2311
f 2311//2311 2241//2241 2244//2244
f 2211//2211 2215//2215 2223//2223
f 2223//2223 2215//2215 2311//2311
f 2223//2223 2311//2311 2231//2231
f 2231//2231 2311//2311 2244//2244
f 2231//2231 2244//2244 2234//2234
f 2242//2242 2243//2243 2314//2314
f 2242//2242 2314//2314 2315//2315
f 2315//2315 2314//2314 2316//2316
f 2315//2315 2316//2316 2317//2317
f 2317//2317 2316//2316 2318//2318
f 2317//2317 2318//2318 2319//2319
f 2319//2319 2318//2318 2320//2320
f 2319//2319 2320//2320 2321//2321
f 2322//2322 2323//2323 2324//2324
f 2325//2325 2326//2326 2322//2322
f 2327//2327 2328//2328 2322//2322
f 2329//2329 2330//2330 2322//2322
f 2331//2331 2332//2332 2322//2322
f 2322//2322 2333//2333 2334//2334
f 2335//2335 2333//2333 2322//2322
f 2332//2332 2335//2335 2322//2322
f 2330//2330 2331//2331 2322//2322
f 2328//2328 2329//2329 2322//2322
f 2326//2326 2327//2327 2322//2322
f 2324//2324 2325//2325 2322//2322
f 2322//2322 2334//2334 2336//2336
f 2322//2322 2337//2337 2338//2338
f 2339//2339 2337//2337 2322//2322
f 2336//2336 2339//2339 2322//2322
f 2322//2322 2340//2340 2323//2323
f 2341//2341 2340//2340 2322//2322
f 2338//2338 2341//2341 2322//2322
f 2342//2342 2343//2343 2248//2248
f 2342//2342 2248//2248 2344//2344
f 2253//2253 2255//2255 2240//2240
f 2344//2344 2240//2240 2345//2345
f 2345//2345 2240//2240 2242//2242
f 2344//2344 2248//2248 2240//2240
f 2240//2240 2248//2248 2251//2251
f 2240//2240 2251//2251 2253//2253
f 2242//2242 2315//2315 2317//2317
f 2346//2346 2345//2345 2321//2321
f 2321//2321 2345//2345 2242//2242
f 2321//2321 2242//2242 2319//2319
f 2319//2319 2242//2242 2317//2317
f 2347//2347 2249//2249 2348//2348
f 2348//2348 2249//2249 2349//2349
f 2248//2248 2343//2343 2249//2249
f 2249//2249 2343//2343 2350//2350
f 2249//2249 2350//2350 2349//2349
f 2244//2244 2241//2241 2245//2245
f 2245//2245 2241//2241 2254//2254
f 2351//2351 2261//2261 2254//2254
f 2254//2254 2261//2261 2257//2257
f 2257//2257 2247//2247 2254//2254
f 2254//2254 2247//2247 2246//2246
f 2254//2254 2246//2246 2245//2245
f 2254//2254 2252//2252 2351//2351
f 2351//2351 2252//2252 2250//2250
f 2351//2351 2250//2250 2352//2352
f 2352//2352 2250//2250 2249//2249
f 2352//2352 2249//2249 2353//2353
f 2354//2354 2355//2355 2356//2356
f 2353//2353 2258//2258 2352//2352
f 2352//2352 2258//2258 2259//2259
f 2352//2352 2259//2259 2351//2351
f 2351//2351 2259//2259 2260//2260
f 2351//2351 2260//2260 2261//2261
f 2357//2357 2262//2262 2353//2353
f 2353//2353 2262//2262 2256//2256
f 2353//2353 2256//2256 2258//2258
f 2354//2354 2356//2356 2358//2358
f 2358//2358 2356//2356 2359//2359
f 2358//2358 2359//2359 2357//2357
f 2357//2357 2359//2359 2360//2360
f 2357//2357 2360//2360 2262//2262
f 2361//2361 2362//2362 2363//2363
f 2363//2363 2362//2362 2364//2364
f 2363//2363 2364//2364 2355//2355
f 2355//2355 2364//2364 2356//2356
f 2356//2356 2364//2364 2365//2365
f 2356//2356 2365//2365 2359//2359
f 2359//2359 2365//2365 2366//2366
f 2359//2359 2366//2366 2360//2360
f 2360//2360 2366//2366 2263//2263
f 2360//2360 2263//2263 2262//2262
f 2361//2361 2367//2367 2362//2362
f 2362//2362 2367//2367 2368//2368
f 2362//2362 2368//2368 2369//2369
f 2370//2370 2267//2267 2365//2365
f 2365//2365 2267//2267 2366//2366
f 2364//2364 2362//2362 2371//2371
f 2371//2371 2372//2372 2364//2364
f 2364//2364 2372//2372 2373//2373
f 2364//2364 2373//2373 2365//2365
f 2365//2365 2373//2373 2374//2374
f 2365//2365 2374//2374 2370//2370
f 2158//2158 2263//2263 2264//2264
f 2264//2264 2263//2263 2366//2366
f 2264//2264 2366//2366 2269//2269
f 2269//2269 2366//2366 2267//2267
f 2272//2272 2270//2270 2268//2268
f 2268//2268 2267//2267 2370//2370
f 2272//2272 2268//2268 2281//2281
f 2281//2281 2268//2268 2375//2375
f 2281//2281 2375//2375 2282//2282
f 2370//2370 2374//2374 2268//2268
f 2268//2268 2374//2374 2373//2373
f 2268//2268 2373//2373 2372//2372
f 2376//2376 2375//2375 2377//2377
f 2377//2377 2375//2375 2268//2268
f 2377//2377 2268//2268 2371//2371
f 2371//2371 2268//2268 2372//2372
f 2198//2198 2283//2283 2278//2278
f 2278//2278 2283//2283 2288//2288
f 2278//2278 2288//2288 2276//2276
f 2276//2276 2288//2288 2279//2279
f 2283//2283 2280//2280 2288//2288
f 2288//2288 2280//2280 2282//2282
f 2288//2288 2282//2282 2284//2284
f 2284//2284 2282//2282 2375//2375
f 2284//2284 2375//2375 2285//2285
f 2285//2285 2375//2375 2376//2376
f 2285//2285 2376//2376 2378//2378
f 2378//2378 2376//2376 2379//2379
f 2379//2379 2376//2376 2377//2377
f 2379//2379 2377//2377 2380//2380
f 2379//2379 2380//2380 2291//2291
f 2286//2286 2285//2285 2291//2291
f 2291//2291 2285//2285 2378//2378
f 2291//2291 2378//2378 2379//2379
f 2295//2295 2214//2214 2294//2294
f 2295//2295 2294//2294 2302//2302
f 2302//2302 2294//2294 2293//2293
f 2302//2302 2293//2293 2304//2304
f 2304//2304 2293//2293 2292//2292
f 2304//2304 2292//2292 2306//2306
f 2306//2306 2292//2292 2291//2291
f 2306//2306 2291//2291 2308//2308
f 2381//2381 2309//2309 2382//2382
f 2382//2382 2309//2309 2308//2308
f 2382//2382 2308//2308 2383//2383
f 2383//2383 2308//2308 2384//2384
f 2385//2385 2386//2386 2387//2387
f 2387//2387 2386//2386 2388//2388
f 2387//2387 2388//2388 2389//2389
f 2390//2390 2391//2391 2392//2392
f 2392//2392 2391//2391 2386//2386
f 2392//2392 2386//2386 2393//2393
f 2393//2393 2386//2386 2385//2385
f 2394//2394 2395//2395 2396//2396
f 2396//2396 2397//2397 2394//2394
f 2394//2394 2397//2397 2398//2398
f 2394//2394 2398//2398 2388//2388
f 2388//2388 2398//2398 2399//2399
f 2388//2388 2399//2399 2389//2389
f 2400//2400 2401//2401 2402//2402
f 2402//2402 2401//2401 2399//2399
f 2402//2402 2399//2399 2403//2403
f 2403//2403 2399//2399 2398//2398
f 2404//2404 2312//2312 2298//2298
f 2405//2405 2406//2406 2297//2297
f 2407//2407 2307//2307 2408//2408
f 2408//2408 2307//2307 2309//2309
f 2408//2408 2309//2309 2381//2381
f 2297//2297 2406//2406 2301//2301
f 2301//2301 2406//2406 2409//2409
f 2301//2301 2409//2409 2300//2300
f 2404//2404 2298//2298 2409//2409
f 2409//2409 2298//2298 2299//2299
f 2409//2409 2299//2299 2300//2300
f 2297//2297 2296//2296 2405//2405
f 2405//2405 2296//2296 2303//2303
f 2405//2405 2303//2303 2407//2407
f 2407//2407 2303//2303 2305//2305
f 2407//2407 2305//2305 2307//2307
f 2406//2406 2320//2320 2318//2318
f 2406//2406 2318//2318 2409//2409
f 2409//2409 2318//2318 2316//2316
f 2409//2409 2316//2316 2404//2404
f 2404//2404 2316//2316 2312//2312
f 2312//2312 2316//2316 2314//2314
f 2312//2312 2314//2314 2313//2313
f 2313//2313 2314//2314 2310//2310
f 2310//2310 2314//2314 2243//2243
f 2310//2310 2243//2243 2311//2311
f 2346//2346 2321//2321 2410//2410
f 2410//2410 2321//2321 2320//2320
f 2410//2410 2320//2320 2411//2411
f 2411//2411 2320//2320 2412//2412
f 2323//2323 2413//2413 2324//2324
f 2324//2324 2413//2413 2414//2414
f 2324//2324 2414//2414 2325//2325
f 2325//2325 2414//2414 2326//2326
f 2326//2326 2414//2414 2415//2415
f 2326//2326 2415//2415 2327//2327
f 2327//2327 2415//2415 2328//2328
f 2328//2328 2415//2415 2416//2416
f 2328//2328 2416//2416 2329//2329
f 2417//2417 2331//2331 2416//2416
f 2416//2416 2331//2331 2330//2330
f 2416//2416 2330//2330 2329//2329
f 2418//2418 2419//2419 2334//2334
f 2334//2334 2333//2333 2418//2418
f 2418//2418 2333//2333 2335//2335
f 2418//2418 2335//2335 2417//2417
f 2417//2417 2335//2335 2332//2332
f 2417//2417 2332//2332 2331//2331
f 2334//2334 2419//2419 2420//2420
f 2334//2334 2420//2420 2336//2336
f 2336//2336 2420//2420 2421//2421
f 2336//2336 2421//2421 2339//2339
f 2339//2339 2421//2421 2422//2422
f 2339//2339 2422//2422 2337//2337
f 2337//2337 2422//2422 2423//2423
f 2337//2337 2423//2423 2338//2338
f 2338//2338 2423//2423 2424//2424
f 2338//2338 2424//2424 2341//2341
f 2341//2341 2424//2424 2425//2425
f 2341//2341 2425//2425 2340//2340
f 2340//2340 2425//2425 2413//2413
f 2340//2340 2413//2413 2323//2323
f 2390//2390 2426//2426 2427//2427
f 2390//2390 2427//2427 2391//2391
f 2391//2391 2427//2427 2428//2428
f 2391//2391 2428//2428 2386//2386
f 2386//2386 2428//2428 2429//2429
f 2386//2386 2429//2429 2388//2388
f 2430//2430 2394//2394 2429//2429
f 2429//2429 2394//2394 2388//2388
f 2394//2394 2430//2430 2431//2431
f 2394//2394 2431//2431 2395//2395
f 2395//2395 2431//2431 2432//2432
f 2395//2395 2432//2432 2396//2396
f 2396//2396 2432//2432 2433//2433
f 2396//2396 2433//2433 2397//2397
f 2397//2397 2433//2433 2434//2434
f 2397//2397 2434//2434 2398//2398
f 2435//2435 2403//2403 2434//2434
f 2434//2434 2403//2403 2398//2398
f 2436//2436 2399//2399 2437//2437
f 2437//2437 2399//2399 2401//2401
f 2437//2437 2401//2401 2438//2438
f 2438//2438 2401//2401 2400//2400
f 2438//2438 2400//2400 2439//2439
f 2439//2439 2400//2400 2402//2402
f 2439//2439 2402//2402 2435//2435
f 2435//2435 2402//2402 2403//2403
f 2440//2440 2389//2389 2436//2436
f 2436//2436 2389//2389 2399//2399
f 2441//2441 2392//2392 2393//2393
f 2441//2441 2393//2393 2442//2442
f 2442//2442 2393//2393 2385//2385
f 2442//2442 2385//2385 2443//2443
f 2443//2443 2385//2385 2387//2387
f 2443//2443 2387//2387 2444//2444
f 2444//2444 2387//2387 2389//2389
f 2444//2444 2389//2389 2440//2440
f 2412//2412 2445//2445 2411//2411
f 2411//2411 2445//2445 2446//2446
f 2411//2411 2446//2446 2410//2410
f 2446//2446 2447//2447 2410//2410
f 2410//2410 2447//2447 2448//2448
f 2410//2410 2448//2448 2346//2346
f 2449//2449 2345//2345 2450//2450
f 2450//2450 2345//2345 2346//2346
f 2450//2450 2346//2346 2451//2451
f 2451//2451 2346//2346 2448//2448
f 2452//2452 2344//2344 2449//2449
f 2449//2449 2344//2344 2345//2345
f 2342//2342 2344//2344 2453//2453
f 2453//2453 2344//2344 2452//2452
f 2342//2342 2453//2453 2343//2343
f 2343//2343 2453//2453 2454//2454
f 2343//2343 2454//2454 2350//2350
f 2350//2350 2454//2454 2455//2455
f 2350//2350 2455//2455 2349//2349
f 2349//2349 2455//2455 2348//2348
f 2348//2348 2455//2455 2456//2456
f 2348//2348 2456//2456 2347//2347
f 2353//2353 2249//2249 2347//2347
f 2456//2456 2457//2457 2347//2347
f 2347//2347 2457//2457 2357//2357
f 2347//2347 2357//2357 2353//2353
f 2458//2458 2358//2358 2459//2459
f 2459//2459 2358//2358 2357//2357
f 2459//2459 2357//2357 2457//2457
f 2460//2460 2367//2367 2361//2361
f 2361//2361 2363//2363 2460//2460
f 2460//2460 2363//2363 2355//2355
f 2460//2460 2355//2355 2458//2458
f 2458//2458 2355//2355 2354//2354
f 2458//2458 2354//2354 2358//2358
f 2367//2367 2460//2460 2368//2368
f 2368//2368 2460//2460 2461//2461
f 2368//2368 2461//2461 2369//2369
f 2371//2371 2362//2362 2369//2369
f 2308//2308 2291//2291 2384//2384
f 2384//2384 2291//2291 2380//2380
f 2461//2461 2462//2462 2369//2369
f 2369//2369 2462//2462 2384//2384
f 2369//2369 2384//2384 2371//2371
f 2371//2371 2384//2384 2380//2380
f 2371//2371 2380//2380 2377//2377
f 2384//2384 2462//2462 2383//2383
f 2383//2383 2462//2462 2463//2463
f 2408//2408 2381//2381 2463//2463
f 2463//2463 2381//2381 2382//2382
f 2463//2463 2382//2382 2383//2383
f 2463//2463 2464//2464 2408//2408
f 2408//2408 2464//2464 2465//2465
f 2408//2408 2465//2465 2407//2407
f 2407//2407 2465//2465 2466//2466
f 2407//2407 2466//2466 2405//2405
f 2466//2466 2426//2426 2405//2405
f 2405//2405 2426//2426 2390//2390
f 2441//2441 2445//2445 2392//2392
f 2392//2392 2445//2445 2412//2412
f 2320//2320 2406//2406 2412//2412
f 2412//2412 2406//2406 2405//2405
f 2412//2412 2405//2405 2392//2392
f 2392//2392 2405//2405 2390//2390
f 2467//2467 2468//2468 2469//2469
f 2467//2467 2470//2470 2471//2471
f 2472//2472 2470//2470 2467//2467
f 2469//2469 2472//2472 2467//2467
f 2467//2467 2473//2473 2474//2474
f 2475//2475 2473//2473 2467//2467
f 2471//2471 2475//2475 2467//2467
f 2413//2413 2476//2476 2414//2414
f 2414//2414 2476//2476 2477//2477
f 2414//2414 2477//2477 2415//2415
f 2415//2415 2477//2477 2478//2478
f 2415//2415 2478//2478 2416//2416
f 2416//2416 2478//2478 2479//2479
f 2416//2416 2479//2479 2417//2417
f 2417//2417 2479//2479 2480//2480
f 2417//2417 2480//2480 2418//2418
f 2418//2418 2480//2480 2481//2481
f 2418//2418 2481//2481 2419//2419
f 2419//2419 2481//2481 2482//2482
f 2419//2419 2482//2482 2420//2420
f 2420//2420 2482//2482 2483//2483
f 2420//2420 2483//2483 2421//2421
f 2421//2421 2483//2483 2484//2484
f 2421//2421 2484//2484 2422//2422
f 2422//2422 2484//2484 2485//2485
f 2422//2422 2485//2485 2423//2423
f 2423//2423 2485//2485 2486//2486
f 2423//2423 2486//2486 2424//2424
f 2424//2424 2486//2486 2487//2487
f 2424//2424 2487//2487 2425//2425
f 2425//2425 2487//2487 2488//2488
f 2425//2425 2488//2488 2413//2413
f 2413//2413 2488//2488 2476//2476
f 2489//2489 2429//2429 2428//2428
f 2489//2489 2428//2428 2490//2490
f 2490//2490 2428//2428 2427//2427
f 2490//2490 2427//2427 2491//2491
f 2491//2491 2427//2427 2426//2426
f 2491//2491 2426//2426 2492//2492
f 2493//2493 2430//2430 2489//2489
f 2489//2489 2430//2430 2429//2429
f 2430//2430 2493//2493 2431//2431
f 2431//2431 2493//2493 2494//2494
f 2431//2431 2494//2494 2432//2432
f 2432//2432 2494//2494 2495//2495
f 2432//2432 2495//2495 2433//2433
f 2433//2433 2495//2495 2496//2496
f 2433//2433 2496//2496 2434//2434
f 2434//2434 2496//2496 2497//2497
f 2434//2434 2497//2497 2435//2435
f 2435//2435 2497//2497 2498//2498
f 2435//2435 2498//2498 2439//2439
f 2439//2439 2498//2498 2499//2499
f 2439//2439 2499//2499 2438//2438
f 2438//2438 2499//2499 2500//2500
f 2438//2438 2500//2500 2437//2437
f 2437//2437 2500//2500 2501//2501
f 2437//2437 2501//2501 2436//2436
f 2436//2436 2501//2501 2502//2502
f 2436//2436 2502//2502 2440//2440
f 2440//2440 2502//2502 2503//2503
f 2504//2504 2441//2441 2442//2442
f 2504//2504 2442//2442 2505//2505
f 2505//2505 2442//2442 2443//2443
f 2505//2505 2443//2443 2506//2506
f 2506//2506 2443//2443 2444//2444
f 2506//2506 2444//2444 2507//2507
f 2507//2507 2444//2444 2440//2440
f 2507//2507 2440//2440 2503//2503
f 2441//2441 2504//2504 2445//2445
f 2445//2445 2504//2504 2508//2508
f 2509//2509 2449//2449 2450//2450
f 2509//2509 2450//2450 2510//2510
f 2510//2510 2450//2450 2451//2451
f 2510//2510 2451//2451 2511//2511
f 2451//2451 2448//2448 2511//2511
f 2511//2511 2448//2448 2447//2447
f 2511//2511 2447//2447 2512//2512
f 2447//2447 2446//2446 2512//2512
f 2512//2512 2446//2446 2445//2445
f 2512//2512 2445//2445 2508//2508
f 2513//2513 2452//2452 2509//2509
f 2509//2509 2452//2452 2449//2449
f 2514//2514 2456//2456 2455//2455
f 2514//2514 2455//2455 2515//2515
f 2515//2515 2455//2455 2454//2454
f 2515//2515 2454//2454 2516//2516
f 2516//2516 2454//2454 2453//2453
f 2516//2516 2453//2453 2517//2517
f 2517//2517 2453//2453 2452//2452
f 2517//2517 2452//2452 2513//2513
f 2518//2518 2457//2457 2514//2514
f 2514//2514 2457//2457 2456//2456
f 2519//2519 2461//2461 2460//2460
f 2519//2519 2460//2460 2520//2520
f 2520//2520 2460//2460 2458//2458
f 2520//2520 2458//2458 2521//2521
f 2521//2521 2458//2458 2459//2459
f 2521//2521 2459//2459 2522//2522
f 2522//2522 2459//2459 2457//2457
f 2522//2522 2457//2457 2518//2518
f 2523//2523 2462//2462 2519//2519
f 2519//2519 2462//2462 2461//2461
f 2524//2524 2466//2466 2465//2465
f 2524//2524 2465//2465 2525//2525
f 2525//2525 2465//2465 2464//2464
f 2525//2525 2464//2464 2526//2526
f 2526//2526 2464//2464 2463//2463
f 2526//2526 2463//2463 2527//2527
f 2527//2527 2463//2463 2462//2462
f 2527//2527 2462//2462 2523//2523
f 2492//2492 2426//2426 2524//2524
f 2524//2524 2426//2426 2466//2466
f 2468//2468 2528//2528 2529//2529
f 2468//2468 2529//2529 2469//2469
f 2469//2469 2529//2529 2530//2530
f 2469//2469 2530//2530 2472//2472
f 2472//2472 2530//2530 2531//2531
f 2472//2472 2531//2531 2470//2470
f 2470//2470 2531//2531 2532//2532
f 2470//2470 2532//2532 2471//2471
f 2471//2471 2532//2532 2533//2533
f 2471//2471 2533//2533 2475//2475
f 2475//2475 2533//2533 2534//2534
f 2475//2475 2534//2534 2473//2473
f 2473//2473 2534//2534 2535//2535
f 2473//2473 2535//2535 2474//2474
f 2467//2467 2474//2474 2536//2536
f 2537//2537 2538//2538 2467//2467
f 2539//2539 2540//2540 2467//2467
f 2541//2541 2542//2542 2467//2467
f 2543//2543 2544//2544 2467//2467
f 2467//2467 2545//2545 2468//2468
f 2546//2546 2545//2545 2467//2467
f 2544//2544 2546//2546 2467//2467
f 2542//2542 2543//2543 2467//2467
f 2540//2540 2541//2541 2467//2467
f 2538//2538 2539//2539 2467//2467
f 2536//2536 2537//2537 2467//2467
f 2509//2509 2510//2510 2547//2547
f 2510//2510 2511//2511 2547//2547
f 2547//2547 2511//2511 2512//2512
f 2547//2547 2512//2512 2548//2548
f 2548//2548 2512//2512 2508//2508
f 2548//2548 2508//2508 2549//2549
f 2549//2549 2508//2508 2504//2504
f 2480//2480 2479//2479 2525//2525
f 2490//2490 2491//2491 2478//2478
f 2478//2478 2491//2491 2492//2492
f 2478//2478 2492//2492 2479//2479
f 2479//2479 2492//2492 2524//2524
f 2479//2479 2524//2524 2525//2525
f 2490//2490 2478//2478 2489//2489
f 2489//2489 2478//2478 2477//2477
f 2489//2489 2477//2477 2493//2493
f 2550//2550 2551//2551 2502//2502
f 2502//2502 2551//2551 2503//2503
f 2525//2525 2526//2526 2480//2480
f 2480//2480 2526//2526 2527//2527
f 2480//2480 2527//2527 2481//2481
f 2481//2481 2527//2527 2523//2523
f 2481//2481 2523//2523 2482//2482
f 2503//2503 2551//2551 2507//2507
f 2507//2507 2551//2551 2549//2549
f 2507//2507 2549//2549 2506//2506
f 2506//2506 2549//2549 2504//2504
f 2506//2506 2504//2504 2505//2505
f 2547//2547 2552//2552 2509//2509
f 2509//2509 2552//2552 2553//2553
f 2509//2509 2553//2553 2513//2513
f 2494//2494 2488//2488 2487//2487
f 2484//2484 2521//2521 2485//2485
f 2485//2485 2521//2521 2522//2522
f 2485//2485 2522//2522 2486//2486
f 2553//2553 2554//2554 2513//2513
f 2513//2513 2554//2554 2555//2555
f 2513//2513 2555//2555 2517//2517
f 2517//2517 2555//2555 2556//2556
f 2517//2517 2556//2556 2516//2516
f 2516//2516 2556//2556 2515//2515
f 2493//2493 2477//2477 2494//2494
f 2494//2494 2477//2477 2476//2476
f 2494//2494 2476//2476 2488//2488
f 2482//2482 2523//2523 2483//2483
f 2483//2483 2523//2523 2519//2519
f 2483//2483 2519//2519 2484//2484
f 2484//2484 2519//2519 2520//2520
f 2484//2484 2520//2520 2521//2521
f 2501//2501 2557//2557 2502//2502
f 2502//2502 2557//2557 2558//2558
f 2502//2502 2558//2558 2550//2550
f 2515//2515 2556//2556 2514//2514
f 2514//2514 2556//2556 2559//2559
f 2514//2514 2559//2559 2557//2557
f 2522//2522 2518//2518 2486//2486
f 2486//2486 2518//2518 2496//2496
f 2486//2486 2496//2496 2487//2487
f 2487//2487 2496//2496 2495//2495
f 2487//2487 2495//2495 2494//2494
f 2501//2501 2500//2500 2557//2557
f 2557//2557 2500//2500 2499//2499
f 2557//2557 2499//2499 2514//2514
f 2514//2514 2499//2499 2498//2498
f 2514//2514 2498//2498 2518//2518
f 2518//2518 2498//2498 2497//2497
f 2518//2518 2497//2497 2496//2496
f 2528//2528 2550//2550 2529//2529
f 2529//2529 2550//2550 2558//2558
f 2529//2529 2558//2558 2530//2530
f 2530//2530 2558//2558 2557//2557
f 2530//2530 2557//2557 2531//2531
f 2531//2531 2557//2557 2559//2559
f 2531//2531 2559//2559 2532//2532
f 2532//2532 2559//2559 2556//2556
f 2532//2532 2556//2556 2533//2533
f 2533//2533 2556//2556 2555//2555
f 2533//2533 2555//2555 2534//2534
f 2534//2534 2555//2555 2554//2554
f 2534//2534 2554//2554 2535//2535
f 2535//2535 2554//2554 2553//2553
f 2474//2474 2535//2535 2536//2536
f 2536//2536 2535//2535 2560//2560
f 2536//2536 2560//2560 2537//2537
f 2537//2537 2560//2560 2538//2538
f 2538//2538 2560//2560 2561//2561
f 2538//2538 2561//2561 2539//2539
f 2539//2539 2561//2561 2540//2540
f 2540//2540 2561//2561 2562//2562
f 2540//2540 2562//2562 2541//2541
f 2541//2541 2562//2562 2542//2542
f 2542//2542 2562//2562 2563//2563
f 2542//2542 2563//2563 2543//2543
f 2543//2543 2563//2563 2544//2544
f 2544//2544 2563//2563 2564//2564
f 2544//2544 2564//2564 2546//2546
f 2546//2546 2564//2564 2545//2545
f 2545//2545 2564//2564 2528//2528
f 2545//2545 2528//2528 2468//2468
f 2535//2535 2553//2553 2560//2560
f 2560//2560 2553//2553 2552//2552
f 2560//2560 2552//2552 2561//2561
f 2561//2561 2552//2552 2547//2547
f 2561//2561 2547//2547 2562//2562
f 2562//2562 2547//2547 2548//2548
f 2562//2562 2548//2548 2563//2563
f 2563//2563 2548//2548 2549//2549
f 2563//2563 2549//2549 2564//2564
f 2564//2564 2549//2549 2551//2551
f 2564//2564 2551//2551 2528//2528
f 2528//2528 2551//2551 2550//2550
# 5128 faces, 0 coords texture

# End of File
