####
#
# OBJ File Generated by Meshlab
#
####
# Object gripper_finger_link2.obj
#
# Vertices: 2564
# Faces: 5128
#
####
vn -5.3192549961220248 -2.2533238138928260 0.2157729028597818
v -0.0504946261644363 0.0620593801140785 -0.0156156718730927
vn -5.3281974577621520 -2.2542052100227616 0.0592310795581712
v -0.0504946261644363 0.0620561838150024 -0.0156695209443569
vn -2.1265728368740602 -5.2599026496546966 0.3865258724382937
v -0.0498946271836758 0.0614562034606934 -0.0156741887331009
vn -5.2921264415873326 -2.2590333161087037 0.3725648899270556
v -0.0504946261644363 0.0620795711874962 -0.0154560673981905
vn -2.1654120881701031 -5.2062785419570279 1.0937509696471714
v -0.0498946309089661 0.0615741051733494 -0.0149360746145248
vn -5.3162924470194604 -2.2205667650715832 0.4544530506651759
v -0.0504946261644363 0.0621193796396255 -0.0152455391362309
vn -2.1029333962221406 -4.8070333718327367 2.0810416975452704
v -0.0498946309089661 0.0619134493172169 -0.0138121088966727
vn -5.2488792473591408 -2.1264601271684023 0.9336935086972378
v -0.0504946261644363 0.0624795109033585 -0.0140110393986106
vn -2.1894786344723256 -5.1280084784016839 1.4712773849107108
v -0.0498946271836758 0.0616425126791000 -0.0146704567596316
vn -5.3312106021569150 -2.1680355339942845 0.6094857299465228
v -0.0504946261644363 0.0622209087014198 -0.0148292183876038
vn -5.4426571640867039 -2.1278631462873552 0.1625587877396653
v -0.0504946261644363 0.0620743334293365 -0.0180015582591295
vn -2.2992816055079150 -5.4206018094572963 0.4401702040808529
v -0.0498946271836758 0.0614743530750275 -0.0180062279105186
vn -5.5077938745831183 1.9240621114531322 0.7026441909823812
v -0.0504946261644363 0.0551012381911278 -0.0192871373146772
vn -5.4426579368182022 2.1250759135263388 0.1956610320320079
v -0.0504946261644363 0.0548745542764664 -0.0180575940757990
vn -2.2992808315937490 5.4130946205577102 0.5244863714919262
v -0.0498946271836758 0.0554745346307755 -0.0180529244244099
vn -2.3109582753801092 5.2334798510961100 1.4989736477954658
v -0.0498946271836758 0.0556634366512299 -0.0190775450319052
vn -2.2840264789425206 4.8663186363440634 2.4604257816658510
v -0.0498946271836758 0.0557118244469166 -0.0191991608589888
vn -5.4926407882486741 1.5809684038459400 1.3308673023375657
v -0.0504946261644363 0.0557347759604454 -0.0203650034964085
vn -2.3135438536367467 4.3315635036925970 3.2946665259948777
v -0.0498946271836758 0.0561913885176182 -0.0199757646769285
vn -2.2708037500479028 3.6526827738803211 4.0655600971398789
v -0.0498946271836758 0.0563696958124638 -0.0201673414558172
vn -5.4834209037570272 1.0326818206046879 1.8029328435697591
v -0.0504946261644363 0.0566987618803978 -0.0211611818522215
vn -2.3152706494639679 2.8402684207239384 4.6408630019060455
v -0.0498946271836758 0.0569947101175785 -0.0206392463296652
vn -2.2617767059347029 1.9380075876930709 5.1192903005858623
v -0.0498946271836758 0.0573479980230331 -0.0208100639283657
vn -5.4791042321913519 0.3489417491922585 2.0535859302728818
v -0.0504946261644363 0.0578769221901894 -0.0215796399861574
vn -2.3161299097185521 0.9626568297221462 5.3546091234378324
v -0.0498946271836758 0.0579765066504478 -0.0209879633039236
vn -2.2585716297645759 -0.0426210739612999 5.4766584570320616
v -0.0498946271836758 0.0584977902472019 -0.0210294835269451
vn -5.4987370765521817 -0.4015508107949615 2.0201368876012444
v -0.0504946261644363 0.0591271482408047 -0.0215699095278978
vn -2.2820326712201244 -1.1025196915836784 5.3558544123467788
v -0.0498946271836758 0.0590183660387993 -0.0209798552095890
vn -5.5061201717237340 -1.0473480506683939 1.7613750045408145
v -0.0504946261644363 0.0602986551821232 -0.0211331639438868
vn -2.1835270401962528 -1.9778536947314265 5.1742396833435826
v -0.0498946271836758 0.0596440322697163 -0.0207921937108040
vn -2.2922106594921456 -2.9518034744428476 4.5933434349708291
v -0.0498946271836758 0.0599946193397045 -0.0206158980727196
vn -5.5082253548280420 -1.5832352026258691 1.2972349056327921
v -0.0504946261644363 0.0612501315772533 -0.0203220788389444
vn -2.2295736134141420 -3.7077170314876211 4.0629190136703350
v -0.0498946271836758 0.0606122091412544 -0.0201343223452568
vn -2.3018500496773560 -4.4005300899526087 3.2185657853176517
v -0.0498946271836758 0.0607875175774097 -0.0199399944394827
vn -5.5134862226828645 -1.9248076348695824 0.6790503554902124
v -0.0504946261644363 0.0618668198585510 -0.0192344821989536
vn -2.3109604110564463 -5.2561758343622023 1.4172876201408893
v -0.0498946271836758 0.0613014213740826 -0.0190336648374796
vn -2.2682097103855074 -4.9076536190282170 2.4078794623923878
v -0.0498946271836758 0.0612549334764481 -0.0191560219973326
vn -5.2691800358971941 2.2965448908268433 0.2174096211498061
v -0.0504946261644363 0.0548564046621323 -0.0157255548983812
vn -2.1277309746907056 5.2423842467910955 0.4875642948853797
v -0.0498946271836758 0.0554563850164413 -0.0157208871096373
vn -2.1713824452145909 5.1719504794033213 1.2117661925038885
v -0.0498946271836758 0.0553111620247364 -0.0149239897727966
vn -5.2977148091406372 2.2339102508669684 0.4728988667202939
v -0.0504946261644363 0.0547783672809601 -0.0152671206742525
vn -2.1967634165974306 5.0901355199888529 1.5834786758007775
v -0.0498946309089661 0.0552325583994389 -0.0146457785740495
vn -5.3295204646383585 2.1585840347276126 0.6485178568709963
v -0.0504946261644363 0.0546580553054810 -0.0148180089890957
vn -2.0916957022889942 4.7171492499084247 2.2481435025781993
v -0.0498946309089661 0.0549178905785084 -0.0137262083590031
vn -5.3237859562128573 2.1421042534890633 0.7198585375959301
v -0.0504946261644363 0.0545152053236961 -0.0143759604543447
vn -5.2429753553910388 2.0854841256158121 1.0326918562747029
v -0.0504946298897266 0.0543567724525928 -0.0139386756345630
vn -5.2825460280980625 -2.2677460668205764 0.3721652965721961
v -0.0504946298897266 0.0486889444291592 -0.0155424512922764
vn -5.2982111917285799 -2.2785549331165220 0.1240141214125056
v -0.0504946298897266 0.0486626699566841 -0.0157737601548433
vn -2.1225035997394146 -5.2552409697363727 0.4015960565771384
v -0.0498946271836758 0.0480626896023750 -0.0157784298062325
vn -2.1638338881824644 -5.1983054136661586 1.1313641460782238
v -0.0498946309089661 0.0481954924762249 -0.0149793699383736
vn -5.3135868794455181 -2.2205135947843817 0.4672696458742854
v -0.0504946298897266 0.0487334392964840 -0.0153144756332040
vn -2.0907622390721832 -4.7500162582187127 2.1685366518474396
v -0.0498946309089661 0.0485700704157352 -0.0137756122276187
vn -5.2338138062717530 -2.1163576634255912 0.9841254609084219
v -0.0504946298897266 0.0491344332695007 -0.0139793213456869
vn -2.1888640522147647 -5.1156274738188170 1.5123520081413206
v -0.0498946271836758 0.0482695251703262 -0.0147007843479514
vn -5.3308544940906391 -2.1634927727975191 0.6265623445164682
v -0.0504946298897266 0.0488467141985893 -0.0148639632388949
vn -5.4426509889047594 -2.1278675582259652 0.1625604347927546
v -0.0504946298897266 0.0486808195710182 -0.0181057974696159
vn -2.2992741476928917 -5.4206086258049622 0.4401707328775520
v -0.0498946271836758 0.0480808392167091 -0.0181104671210051
vn -5.5077953984512398 1.9240581150094294 0.7026437421213521
v -0.0504946298897266 0.0417077206075191 -0.0193913783878088
vn -5.4426501100688212 2.1250828492440519 0.1956582704696814
v -0.0504946298897266 0.0414810404181480 -0.0181618314236403
vn -2.2992749548267764 5.4131001707594377 0.5244834536052596
v -0.0498946271836758 0.0420810207724571 -0.0181571617722511
vn -2.3109565920254820 5.2334822948204200 1.4989583699770779
v -0.0498946271836758 0.0422699227929115 -0.0191817842423916
vn -2.2840267017759168 4.8663264674514366 2.4604179380693267
v -0.0498946271836758 0.0423183105885983 -0.0193034019321203
vn -5.4926344390559887 1.5809707266448303 1.3308733497847767
v -0.0504946298897266 0.0423412621021271 -0.0204692427068949
vn -2.3135387212933485 4.3315562838677133 3.2946947879498496
v -0.0498946271836758 0.0427978746592999 -0.0200800057500601
vn -2.2707906338039079 3.6526704938645871 4.0655758540132156
v -0.0498946271836758 0.0429761819541454 -0.0202715788036585
vn -5.4834141329039650 1.0326871237518112 1.8029353597025155
v -0.0504946298897266 0.0433052480220795 -0.0212654210627079
vn -2.3152619296291572 2.8402862627659609 4.6408594488878236
v -0.0498946271836758 0.0436011962592602 -0.0207434855401516
vn -2.2617728233632572 1.9380156425431727 5.1192962537664251
v -0.0498946271836758 0.0439544841647148 -0.0209143050014973
vn -5.4790995630000667 0.3489426796108283 2.0535559533813634
v -0.0504946298897266 0.0444834083318710 -0.0216838810592890
vn -2.3161232386541797 0.9626593432743673 5.3546103784262531
v -0.0498946271836758 0.0445829927921295 -0.0210922025144100
vn -2.2585730083703197 -0.0426291503735680 5.4766646844221931
v -0.0498946271836758 0.0451042763888836 -0.0211337246000767
vn -5.4987360598823791 -0.4015548990536384 2.0201112758127695
v -0.0504946298897266 0.0457336343824863 -0.0216741506010294
vn -2.2820243456004428 -1.1025332627822499 5.3558514386575613
v -0.0498946271836758 0.0456248521804810 -0.0210840925574303
vn -5.5061096362030266 -1.0473489997950240 1.7613754219845295
v -0.0504946298897266 0.0469051375985146 -0.0212374031543732
vn -2.1835104197803448 -1.9778372517013392 5.1742604399602801
v -0.0498946271836758 0.0462505146861076 -0.0208964347839355
vn -2.2922011224415582 -2.9518080236001047 4.5933572190687393
v -0.0498946271836758 0.0466011054813862 -0.0207201391458511
vn -5.5082180899293931 -1.5832407081103128 1.2972365746031203
v -0.0504946298897266 0.0478566139936447 -0.0204263180494308
vn -2.2295682806711827 -3.7077407499970128 4.0629054408174436
v -0.0498946271836758 0.0472186952829361 -0.0202385596930981
vn -2.3018373394853850 -4.4005411494747566 3.2185603254182924
v -0.0498946271836758 0.0473939999938011 -0.0200442336499691
vn -5.5134747995380327 -1.9248165059051836 0.6790585123336176
v -0.0504946298897266 0.0484733022749424 -0.0193387214094400
vn -2.3109496459565233 -5.2561845463791954 1.4173064979483845
v -0.0498946271836758 0.0479079075157642 -0.0191379040479660
vn -2.2681943516826326 -4.9076555211080883 2.4079026014636629
v -0.0498946271836758 0.0478614196181297 -0.0192602593451738
vn -5.2691706701132413 2.2965513522393919 0.2174127897049807
v -0.0504946298897266 0.0414628908038139 -0.0158297941088676
vn -2.1277219909540737 5.2423864452103821 0.4875774346084826
v -0.0498946271836758 0.0420628711581230 -0.0158251244574785
vn -2.1713780966429344 5.1719794800150591 1.2117502700811902
v -0.0498946271836758 0.0419176444411278 -0.0150282289832830
vn -5.2977013203215702 2.2339214065757864 0.4728986203939169
v -0.0504946298897266 0.0413848534226418 -0.0153713589534163
vn -2.1967481297847700 5.0901483158377081 1.5834539284373861
v -0.0498946309089661 0.0418390445411205 -0.0147500187158585
vn -5.3295126873246526 2.1585880930805867 0.6485235033727020
v -0.0504946298897266 0.0412645414471626 -0.0149222481995821
vn -2.0916941647356579 4.7171501198114605 2.2481410800324606
v -0.0498946309089661 0.0415243767201900 -0.0138304466381669
vn -5.3237933597436022 2.1420893324430574 0.7198747740371629
v -0.0504946298897266 0.0411216877400875 -0.0144801996648312
vn -5.2430046592808086 2.0855529481366242 1.0326910027441463
v -0.0504946298897266 0.0409632548689842 -0.0140429157763720
vn -5.2825684919124782 -2.2677314850871042 0.3721396841376661
v -0.0504946298897266 0.0352954305708408 -0.0156466905027628
vn -5.2982184757821233 -2.2785499305556489 0.1240138270914658
v -0.0504946298897266 0.0352691560983658 -0.0158779993653297
vn -2.1225094446409081 -5.2552348286126360 0.4015959127384294
v -0.0498946309089661 0.0346691757440567 -0.0158826690167189
vn -2.1638248933199802 -5.1983144116454127 1.1313633503118692
v -0.0498946309089661 0.0348019786179066 -0.0150836082175374
vn -5.3135773205015591 -2.2205244144789540 0.4672709962247949
v -0.0504946298897266 0.0353399217128754 -0.0154187148436904
vn -2.0910221296418716 -4.7501189376877084 2.1683878354242436
v -0.0498946309089661 0.0351765565574169 -0.0138798505067825
vn -5.2338059921309483 -2.1164064814310057 0.9841404831773364
v -0.0504946298897266 0.0357409156858921 -0.0140835596248507
vn -2.1888767025324425 -5.1156197712273999 1.5123362384269572
v -0.0498946309089661 0.0348760113120079 -0.0148050235584378
vn -5.3308634248947682 -2.1634891520602588 0.6265576466969071
v -0.0504946298897266 0.0354532003402710 -0.0149682024493814
vn -5.4426573693011973 -2.1278627268036283 0.1625600624210428
v -0.0504946298897266 0.0352873057126999 -0.0182100366801023
vn -2.2992816115965691 -5.4206018094965565 0.4401701927826336
v -0.0498946309089661 0.0346873253583908 -0.0182147063314915
vn -5.5077996278099723 1.9240546604407034 0.7026420799668880
v -0.0504946298897266 0.0283142067492008 -0.0194956157356501
vn -5.4426600186772873 2.1250719774387314 0.1956596206385040
v -0.0504946298897266 0.0280875246971846 -0.0182660706341267
vn -2.2992844321952051 5.4130901878540918 0.5244864175311962
v -0.0498946309089661 0.0286875069141388 -0.0182614009827375
vn -2.3109570073873358 5.2334821832350329 1.4989220756358805
v -0.0498946309089661 0.0288764089345932 -0.0192860215902328
vn -2.2840394936748085 4.8663403040938933 2.4603857947006080
v -0.0498946309089661 0.0289247948676348 -0.0194076392799616
vn -5.4926402877575899 1.5809661477820711 1.3308709007732629
v -0.0504946298897266 0.0289477482438087 -0.0205734819173813
vn -2.3135456987664811 4.3315511461199474 3.2946915101176173
v -0.0498946309089661 0.0294043589383364 -0.0201842430979013
vn -2.2707955051738908 3.6526674455778751 4.0655709770697976
v -0.0498946309089661 0.0295826680958271 -0.0203758180141449
vn -5.4834176723245944 1.0326848907934965 1.8029344216045142
v -0.0504946298897266 0.0299117341637611 -0.0213696584105492
vn -2.3152678794387089 2.8402748918318768 4.6408664049582278
v -0.0498946309089661 0.0302076805382967 -0.0208477247506380
vn -2.2617734962623843 1.9380051722336455 5.1192927267068224
v -0.0498946309089661 0.0305609703063965 -0.0210185423493385
vn -5.4791050025098285 0.3489419730898162 2.0536012670371990
v -0.0504946298897266 0.0310898926109076 -0.0217881184071302
vn -2.3161305767669278 0.9626563932891313 5.3546085838510127
v -0.0498946309089661 0.0311894789338112 -0.0211964417248964
vn -2.2585716632423716 -0.0426211589892947 5.4766584295913177
v -0.0498946309089661 0.0317107625305653 -0.0212379619479179
vn -5.4987375121631743 -0.4015512252557336 2.0201426841000210
v -0.0504946298897266 0.0323401205241680 -0.0217783879488707
vn -2.2820336581163216 -1.1025237421052780 5.3558538142275474
v -0.0498946309089661 0.0322313383221626 -0.0211883336305618
vn -5.5061203357156501 -1.0473496983390196 1.7613738172876903
v -0.0504946298897266 0.0335116237401962 -0.0213416423648596
vn -2.1835277106652926 -1.9778581646704598 5.1742362748996129
v -0.0498946309089661 0.0328570008277893 -0.0210006721317768
vn -2.2922072915393148 -2.9517997649836176 4.5933468334829524
v -0.0498946309089661 0.0332075878977776 -0.0208243764936924
vn -5.5082220285002856 -1.5832386526819482 1.2972367723668889
v -0.0504946298897266 0.0344631001353264 -0.0205305553972721
vn -2.2295724537174166 -3.7077361982377415 4.0629149960336290
v -0.0498946309089661 0.0338251814246178 -0.0203428007662296
vn -2.3018408209115346 -4.4005432462212486 3.2185467317588961
v -0.0498946309089661 0.0340004861354828 -0.0201484728604555
vn -5.5134807339633110 -1.9248119936487451 0.6790572905634873
v -0.0504946298897266 0.0350797884166241 -0.0194429606199265
vn -2.3109571767501196 -5.2561779551541363 1.4173047065999176
v -0.0498946309089661 0.0345143936574459 -0.0192421432584524
vn -2.2682018819744258 -4.9076494693053139 2.4078996889497795
v -0.0498946309089661 0.0344679057598114 -0.0193644985556602
vn -5.2691797217811240 2.2965436305118891 0.2174081972603524
v -0.0504946298897266 0.0280693750828505 -0.0159340333193541
vn -2.1277304770667165 5.2423816018810996 0.4875726183816184
v -0.0498946309089661 0.0286693554371595 -0.0159293636679649
vn -2.1713904794922985 5.1719508354692039 1.2117714646728146
v -0.0498946309089661 0.0285241305828094 -0.0151324681937695
vn -5.2977018284830386 2.2339203253261801 0.4729000144349226
v -0.0504946298897266 0.0279913395643234 -0.0154755981639028
vn -2.1967474814828654 5.0901489382675846 1.5834771152275415
v -0.0498946309089661 0.0284455288201571 -0.0148542579263449
vn -5.3295168849191166 2.1585848588251499 0.6485207550400330
v -0.0504946298897266 0.0278710257261992 -0.0150264874100685
vn -2.0917015195610600 4.7171487442938638 2.2481362343293068
v -0.0498946346342564 0.0281308609992266 -0.0139346867799759
vn -5.3237841861672388 2.1421013769610595 0.7198664854975159
v -0.0504946298897266 0.0277281757444143 -0.0145844388753176
vn -5.2429989368954306 2.0855506158287986 1.0327051905865530
v -0.0504946298897266 0.0275697428733110 -0.0141471549868584
vn -5.1491560831177852 -1.8174786304420159 1.5515925546074323
v -0.0504946261644363 0.0625485554337502 -0.0138888396322727
vn -1.9985958714353425 -3.8499311422949734 3.3213814538199262
v -0.0498946271836758 0.0620860643684864 -0.0135066090151668
vn -5.1435666307213905 -1.0985707089129455 2.0890878966349087
v -0.0504946261644363 0.0626760050654411 -0.0137868970632553
vn -1.9789131661067216 -2.1332750503365840 4.5673286767808321
v -0.0498946271836758 0.0624333359301090 -0.0132377874106169
vn -2.0313701496000300 -0.0634690025662986 5.0516984345804223
v -0.0498946271836758 0.0628622919321060 -0.0131436744704843
vn -5.0515289693141376 -0.2401618721281579 2.3328178215392170
v -0.0504928454756737 0.0627578571438789 -0.0137542756274343
vn -2.0811753066737095 1.6094204906388758 4.9156159849840479
v -0.0498946271836758 0.0632074028253555 -0.0132071040570736
vn -5.1145778886780846 0.9216519608865794 2.2234859997480365
v -0.0504670292139053 0.0630067661404610 -0.0137431928887963
vn -5.3282528436036589 2.2529648689449289 0.0941727551558317
v -0.0504946336150169 0.0146758602932096 -0.0160382725298405
vn -2.1239116829997995 5.2565270361193086 0.4646862415196329
v -0.0498946309089661 0.0152758406475186 -0.0160336028784513
vn -5.4426539435637169 2.1250783627957897 0.1956609573617925
v -0.0504946336150169 0.0146940099075437 -0.0183703098446131
vn -2.2992757872142611 5.4130976098058570 0.5244854282734850
v -0.0498946309089661 0.0152939921244979 -0.0183656401932240
vn -5.5077927629487213 1.9240607562275658 0.7026457545317468
v -0.0504946336150169 0.0149206928908825 -0.0195998549461365
vn -2.3109575917303804 5.2334811263048113 1.4989893938760124
v -0.0498946309089661 0.0154828932136297 -0.0193902626633644
vn -2.2840152438258916 4.8663149712617271 2.4604398351809653
v -0.0498946309089661 0.0155312819406390 -0.0195118784904480
vn -5.4926311951012545 1.5809753328077671 1.3308735827180271
v -0.0504946336150169 0.0155542334541678 -0.0206777192652225
vn -2.3135350065080780 4.3315638803043708 3.2946933197402357
v -0.0498946309089661 0.0160108432173729 -0.0202884823083878
vn -2.2707867092699749 3.6526710836589915 4.0655790408053045
v -0.0498946309089661 0.0161891542375088 -0.0204800590872765
vn -5.4834152088670454 1.0326860261195268 1.8029344469725781
v -0.0504946336150169 0.0165182184427977 -0.0214738994836807
vn -2.3152634278018009 2.8402754683069578 4.6408672485932936
v -0.0498946309089661 0.0168141666799784 -0.0209519639611244
vn -2.2617715080721372 1.9380091783790805 5.1192952316410425
v -0.0498946309089661 0.0171674545854330 -0.0211227815598249
vn -5.5026450533647280 0.3160848870199793 2.0308831819109754
v -0.0504946336150169 0.0176963787525892 -0.0218923594802618
vn -2.2713020652820357 0.9003674199018274 5.4017967144121730
v -0.0498946309089661 0.0177959650754929 -0.0213006809353828
vn -5.5065360798021050 -0.3824629276953602 2.0129403585205043
v -0.0504946336150169 0.0189466066658497 -0.0218826271593571
vn -2.1303833745263492 0.0507768353675340 5.5822829074443225
v -0.0498946309089661 0.0183172486722469 -0.0213422011584044
vn -2.2820239019870314 -1.1025207958169292 5.3558562950576523
v -0.0498946309089661 0.0188378226011992 -0.0212925709784031
vn -5.5061167147211023 -1.0473671185046580 1.7614528670961300
v -0.0504946298897266 0.0201181098818779 -0.0214458797127008
vn -2.1835206559348475 -1.9778523893195530 5.1742521714610366
v -0.0498946309089661 0.0194634869694710 -0.0211049132049084
vn -2.2922067525860479 -2.9518136125810908 4.5933383736154205
v -0.0498946309089661 0.0198140740394592 -0.0209286157041788
vn -5.5082251913369760 -1.5832345596453590 1.2972359858209488
v -0.0504946298897266 0.0210695862770081 -0.0206347964704037
vn -2.2295744748517992 -3.7077187621690859 4.0629165216851213
v -0.0498946309089661 0.0204316657036543 -0.0204470381140709
vn -2.3018495288897087 -4.4005294280037628 3.2185660637511102
v -0.0498946309089661 0.0206069722771645 -0.0202527120709419
vn -5.5134826547845517 -1.9248098234453326 0.6790568689649363
v -0.0504946298897266 0.0216862745583057 -0.0195472016930580
vn -2.2992845512426774 -5.4205981204388003 0.4401640716689405
v -0.0498946309089661 0.0212938096374273 -0.0183189436793327
vn -5.4426598124034200 -2.1278602736964110 0.1625585174250482
v -0.0504946298897266 0.0218937918543816 -0.0183142740279436
vn -2.3109663502606672 -5.2561719986017144 1.4173356588995492
v -0.0498946309089661 0.0211208797991276 -0.0193463824689388
vn -2.2681985906075459 -4.9076299754747357 2.4079223889977057
v -0.0498946309089661 0.0210743900388479 -0.0194687377661467
vn -5.2982256526502702 -2.2785438292924480 0.1240060738581600
v -0.0504946298897266 0.0218756422400475 -0.0159822367131710
vn -2.1225107331484572 -5.2552305583484289 0.4015993561999314
v -0.0498946309089661 0.0212756600230932 -0.0159869063645601
vn -5.3123318685378393 -2.1769171216188998 0.6442888463056377
v -0.0504946298897266 0.0220596864819527 -0.0150724407285452
vn -5.3135908762516664 -2.2205110207274039 0.4672728214625801
v -0.0504946298897266 0.0219464097172022 -0.0155229540541768
vn -2.1368611071939019 -5.1539468644214974 1.2313997864594766
v -0.0498946346342564 0.0214084647595882 -0.0151878474280238
vn -5.2825543115456224 -2.2677415522354831 0.3721565914172090
v -0.0504946298897266 0.0219019148498774 -0.0157509315758944
vn -2.0881832954992308 -4.7535002975315201 2.1379197339485887
v -0.0498946346342564 0.0217830426990986 -0.0139840897172689
vn -5.2281192167109429 -2.1245311543574950 0.9774356733303049
v -0.0504946298897266 0.0223474036902189 -0.0141877997666597
vn -3.3140697977826812 3.1160956668777020 0.2938462186206015
v -0.0444946326315403 0.0286693554371595 -0.0159293636679649
vn -2.9510510093129039 3.1097641591855312 0.3265793768830213
v -0.0444946326315403 0.0286875050514936 -0.0182614009827375
vn -2.9510524690930233 -3.1144670497687530 0.2781366346253475
v -0.0444946289062500 0.0346873253583908 -0.0182147063314915
vn -2.7657516893139698 -2.8589512583506185 1.1549513515703862
v -0.0444946289062500 0.0344679057598114 -0.0193644985556602
vn -2.7736549725126762 -2.1993220967038258 2.1625255353717048
v -0.0444946289062500 0.0338251814246178 -0.0203428007662296
vn -2.7784080308671650 -1.2036413687718697 2.8404848088019521
v -0.0444946289062500 0.0328570008277893 -0.0210006721317768
vn -2.7799893608678987 -0.0240057389030027 3.0850688783745945
v -0.0444946289062500 0.0317107625305653 -0.0212379619479179
vn -2.7784059043013194 1.1592893526288104 2.8588757473172191
v -0.0444946326315403 0.0305609703063965 -0.0210185423493385
vn -2.7736578866744797 2.1653987077303540 2.1964943470448244
v -0.0444946326315403 0.0295826680958271 -0.0203758180141449
vn -2.7657517855552851 2.8406296427928477 1.1993117019279189
v -0.0444946326315403 0.0289247948676348 -0.0194076392799616
vn -3.3140685588915275 -3.1202881208112641 0.2453069288195561
v -0.0444946289062500 0.0346691757440567 -0.0158826690167189
vn -3.3866518856055983 -2.8416730176857712 1.2833745294212602
v -0.0444946289062500 0.0351765565574169 -0.0138798505067825
vn -3.2780649146799448 -3.0494123383450700 0.7242020359345104
v -0.0444946289062500 0.0348019786179066 -0.0150836082175374
vn -5.1351430881409064 -1.7559509852965540 1.6328856661082427
v -0.0504946298897266 0.0358236879110336 -0.0139475697651505
vn -1.9990970391350378 -3.7185814395818841 3.4561731369817021
v -0.0498946309089661 0.0353834778070450 -0.0135398730635643
vn -1.9969204686193196 -2.0490335967944140 4.6411748132766215
v -0.0498946309089661 0.0357132777571678 -0.0133045539259911
vn -5.1328169910453347 -0.9689894670330375 2.1947907972427445
v -0.0504946298897266 0.0359556078910828 -0.0138534428551793
vn -2.1091834919570500 -0.5653390429011873 5.2139620702875300
v -0.0498946309089661 0.0361093766987324 -0.0132193965837359
vn -5.2479108590782539 -0.2661432350516355 2.3083161178857798
v -0.0504946298897266 0.0361140444874763 -0.0138193778693676
vn -1.9993589272132757 3.6644841422045702 3.5135203862622673
v -0.0498946309089661 0.0413121916353703 -0.0134937306866050
vn -5.1351237224371511 1.7303555049086079 1.6599999616822343
v -0.0504946298897266 0.0408783815801144 -0.0139082288369536
vn -5.1328087872516779 0.9347028290811474 2.2096157102739786
v -0.0504946298897266 0.0407450124621391 -0.0138161666691303
vn -1.9973257871841514 1.9764864884449986 4.6726003628734629
v -0.0498946309089661 0.0409787669777870 -0.0132635738700628
vn -5.2479216117659986 0.2301646123989071 2.3121719719376514
v -0.0504946298897266 0.0405860617756844 -0.0137845734134316
vn -2.1093175549114629 0.4840302522480687 5.2221461896682113
v -0.0498946309089661 0.0405813902616501 -0.0131845911964774
vn -3.3140724612162193 3.1160929761969629 0.2938491844132644
v -0.0444946289062500 0.0420628711581230 -0.0158251244574785
vn -2.9510524140834877 3.1097624986629224 0.3265787028826384
v -0.0444946289062500 0.0420810207724571 -0.0181571617722511
vn -2.9510524725612184 -3.1144688925514679 0.2781369133053509
v -0.0444946289062500 0.0480808392167091 -0.0181104671210051
vn -2.7657510334121445 -2.8589505912489015 1.1549523778343924
v -0.0444946289062500 0.0478614196181297 -0.0192602593451738
vn -2.7736595465855176 -2.1993251338669770 2.1625241288905834
v -0.0444946289062500 0.0472186952829361 -0.0202385596930981
vn -2.7784052991843655 -1.2036436671010966 2.8404829708515793
v -0.0444946289062500 0.0462505146861076 -0.0208964347839355
vn -2.7799879118195796 -0.0240114108313820 3.0850776313771782
v -0.0444946289062500 0.0451042763888836 -0.0211337246000767
vn -2.7784034846166161 1.1592873662625740 2.8588725078015820
v -0.0444946289062500 0.0439544841647148 -0.0209143050014973
vn -2.7736581421585416 2.1654005478993481 2.1964927974571435
v -0.0444946289062500 0.0429761819541454 -0.0202715788036585
vn -2.7657523189443576 2.8406285072652198 1.1993103185607974
v -0.0444946289062500 0.0423183105885983 -0.0193034019321203
vn -3.3140687473937822 -3.1202900866582040 0.2453073580988708
v -0.0444946289062500 0.0480626896023750 -0.0157784298062325
vn -3.3856957401146204 2.8187125321726270 1.3326384113361509
v -0.0444946289062500 0.0415243767201900 -0.0138304475694895
vn -3.2751686966922913 3.0384526206820959 0.7694990231890887
v -0.0444946289062500 0.0419176444411278 -0.0150282289832830
vn -3.3890900485991935 -2.8396792038171004 1.2866451721335768
v -0.0444946289062500 0.0485700704157352 -0.0137756122276187
vn -3.2780647141442585 -3.0494141285726064 0.7242027110223177
v -0.0444946289062500 0.0481954924762249 -0.0149793699383736
vn -5.1351451527974739 -1.7560671937370913 1.6330265557274988
v -0.0504946261644363 0.0492172017693520 -0.0138433296233416
vn -1.9986816158470830 -3.7185977041370926 3.4560773774477069
v -0.0498946271836758 0.0487769916653633 -0.0134356329217553
vn -1.9967818341904822 -2.0491066372685220 4.6411264889011390
v -0.0498946271836758 0.0491067916154861 -0.0132003147155046
vn -5.1328052578090100 -0.9690010852717598 2.1948616862320249
v -0.0504946261644363 0.0493491217494011 -0.0137492017820477
vn -2.1091827860215524 -0.5653368783624170 5.2139625678065249
v -0.0498946271836758 0.0495028905570507 -0.0131151573732495
vn -5.2479234880217804 -0.2661160215650217 2.3083207582278038
v -0.0504946261644363 0.0495075583457947 -0.0137151395902038
vn -1.9993505039859605 3.6644843023307838 3.5135335757312651
v -0.0498946271836758 0.0547057054936886 -0.0133894914761186
vn -5.1351527971501385 1.7303617185560838 1.6601402089878525
v -0.0504946261644363 0.0542718954384327 -0.0138039896264672
vn -5.1328051959542229 0.9346967424684099 2.2096205056777762
v -0.0504946261644363 0.0541385263204575 -0.0137119274586439
vn -1.9973248169581364 1.9764800850920918 4.6726003553234339
v -0.0498946271836758 0.0543722808361053 -0.0131593346595764
vn -5.2479241516248747 0.2301553242121917 2.3121731559066827
v -0.0504946261644363 0.0539795756340027 -0.0136803351342678
vn -2.1093190020235282 0.4840252548184021 5.2221483137930829
v -0.0498946271836758 0.0539749041199684 -0.0130803529173136
vn -3.3856956813607479 2.8187142676857544 1.3326393380221990
v -0.0444946289062500 0.0549178905785084 -0.0137262083590031
vn -3.2751679261027453 3.0384544047264748 0.7694994595906671
v -0.0444946289062500 0.0553111582994461 -0.0149239897727966
vn -3.3140710839118679 3.1160951653157620 0.2938479957029689
v -0.0444946289062500 0.0554563850164413 -0.0157208871096373
vn -2.9510518455627537 3.1097638876826563 0.3265801185195870
v -0.0444946289062500 0.0554745346307755 -0.0180529244244099
vn -2.9510526941742192 -3.1144671384727016 0.2781363657360592
v -0.0444946251809597 0.0614743530750275 -0.0180062279105186
vn -2.7657511821187879 -2.8589492455831906 1.1549509099313180
v -0.0444946251809597 0.0612549334764481 -0.0191560219973326
vn -2.7736586114215491 -2.1993187660128801 2.1625250091672181
v -0.0444946251809597 0.0606122091412544 -0.0201343223452568
vn -2.7784057392394810 -1.2036405816642313 2.8404918528049428
v -0.0444946289062500 0.0596440322697163 -0.0207921937108040
vn -2.7799899632392751 -0.0240101491343450 3.0850780032452692
v -0.0444946289062500 0.0584977902472019 -0.0210294835269451
vn -2.7784067817058551 1.1592841094062145 2.8588747645139820
v -0.0444946289062500 0.0573479980230331 -0.0208100639283657
vn -2.7736533694820560 2.1653989119566495 2.1964924942917126
v -0.0444946289062500 0.0563696958124638 -0.0201673414558172
vn -2.7657544145315631 2.8406296903176758 1.1993092816878124
v -0.0444946289062500 0.0557118244469166 -0.0191991608589888
vn -3.3077708355170508 -3.1218792035089287 0.2355432950566005
v -0.0444946251809597 0.0614562034606934 -0.0156741887331009
vn -3.3851916269157440 -2.8536047907303574 1.2573134611635339
v -0.0444946251809597 0.0619134493172169 -0.0138121088966727
vn -3.2759660822022187 -3.0548959041703432 0.7017385290416327
v -0.0444946251809597 0.0615741051733494 -0.0149360746145248
vn -5.1351166753054640 -1.7557116856131456 1.6326307824097366
v -0.0504946336150169 0.0224301721900702 -0.0140518089756370
vn -1.9986746512463978 -3.7186022739488696 3.4560791709063019
v -0.0498946309089661 0.0219899620860815 -0.0136441122740507
vn -1.9967807747966881 -2.0491062037238845 4.6411313734007091
v -0.0498946309089661 0.0223197638988495 -0.0134087931364775
vn -5.1328227606811572 -0.9689570733826210 2.1948031468327835
v -0.0504946298897266 0.0225620921701193 -0.0139576811343431
vn -2.1091821327837859 -0.5653407799078304 5.2139619680827209
v -0.0498946309089661 0.0227158609777689 -0.0133236357942224
vn -5.2479164351041083 -0.2661321647082796 2.3083129161003320
v -0.0504946298897266 0.0227205306291580 -0.0139236170798540
vn -1.9990836083371064 3.6643418702739217 3.5136224513552161
v -0.0498946309089661 0.0279186777770519 -0.0135979708284140
vn -5.1351308316103790 1.7303389974884107 1.6600112909392211
v -0.0504946298897266 0.0274848677217960 -0.0140124689787626
vn -5.1328102776952829 0.9347009252438127 2.2096154368435212
v -0.0504946298897266 0.0273514967411757 -0.0139204058796167
vn -1.9969199588531734 1.9765489722718521 4.6725111418429588
v -0.0498946309089661 0.0275852531194687 -0.0133678130805492
vn -5.2479220096668495 0.2301642279537782 2.3121716491472037
v -0.0504946298897266 0.0271925460547209 -0.0138888126239181
vn -2.1091819566805308 0.4841194111727186 5.2221282106525111
v -0.0498946309089661 0.0271878764033318 -0.0132888304069638
vn -3.3835279935297504 2.8206614037082707 1.3295584210525544
v -0.0444946326315403 0.0281308609992266 -0.0139346867799759
vn -3.2751727439933798 3.0384544720226208 0.7694983578300074
v -0.0444946326315403 0.0285241305828094 -0.0151324681937695
vn -5.3192793705676849 2.2497002465245561 0.2505371671532725
v -0.0504946336150169 0.0146718490868807 -0.0159847009927034
vn -5.3115630403953018 2.2379930209751198 0.3870359840726697
v -0.0504946336150169 0.0146491900086403 -0.0158253926783800
vn -2.1332243276591312 5.1505815427008583 1.2733017531661606
v -0.0498946309089661 0.0151464669033885 -0.0152974119409919
vn -5.3321565860272333 2.1947120214283231 0.5022401231212913
v -0.0504946336150169 0.0146060138940811 -0.0156151121482253
vn -5.3253816421151239 2.1662232967336768 0.6373472710892202
v -0.0504946336150169 0.0144979320466518 -0.0152001008391380
vn -2.0949184348702863 4.7831672152025746 2.1340231336856830
v -0.0498946346342564 0.0147896688431501 -0.0141788637265563
vn -5.3258202226512310 2.1460261189467711 0.7017782810600716
v -0.0504946336150169 0.0143707888200879 -0.0147950919345021
vn -5.2578580207582171 2.0968144968730327 0.9823112554872186
v -0.0504946336150169 0.0142267737537622 -0.0143865803256631
vn -0.0070719021088687 1.6634869940945223 6.0249136522635318
v -0.0444946251809597 0.0632074028253555 -0.0132071040570736
vn -3.5371797338686672 -0.1234304766966124 3.0774862826457499
v -0.0444946251809597 0.0628172755241394 -0.0131444456055760
vn -3.5420648161812185 -1.3058647713299703 2.7887021179255678
v -0.0444946251809597 0.0624333322048187 -0.0132377883419394
vn -3.5421257541502102 -2.2816955354323505 2.0678447619722986
v -0.0444946251809597 0.0621155165135860 -0.0134725607931614
vn -5.1432877833780610 1.9276830252047850 1.8921797063963364
v -0.0504017770290375 0.0632783696055412 -0.0137909585610032
vn -2.0832606129000188 2.8112068082137061 4.4560871664236794
v -0.0498946271836758 0.0637641847133636 -0.0134843280538917
vn -2.5514569615374496 3.5085521955306813 2.4015399154483466
v -0.0498946271836758 0.0642518252134323 -0.0138704078271985
vn -4.8445422139847292 2.9585548294164710 1.8642203367375434
v -0.0500599257647991 0.0639652386307716 -0.0138346515595913
vn -4.9941866968225206 2.6044557827032984 1.8089388296671716
v -0.0502266772091389 0.0636763274669647 -0.0138244871050119
vn -4.8245305908154261 2.7302403220420022 -1.9820217701875180
v -0.0502266772091389 0.0637383237481117 -0.0217903908342123
vn -5.1256026887401891 0.5664999197082849 -2.2696926264120085
v -0.0504946261644363 0.0627394393086433 -0.0219380389899015
vn -5.1963917052906075 1.5246576051745293 -1.8887394853910773
v -0.0504356585443020 0.0632211193442345 -0.0218396820127964
vn -4.9815977803283138 2.4126812624367044 -1.8660057726668169
v -0.0502722561359406 0.0636549666523933 -0.0217908471822739
vn -4.7099340996955688 2.8283038981928721 -2.0685800126348801
v -0.0501105301082134 0.0639394819736481 -0.0217882581055164
vn -2.6234230559824772 3.1739484467801580 -2.6392794601704672
v -0.0499946251511574 0.0641401335597038 -0.0217744112014771
vn -2.1010165876282190 2.3420166252644288 -4.7451430207126633
v -0.0499946251511574 0.0633525550365448 -0.0222633779048920
vn -2.1046256343469794 1.4858823117188955 -5.0444263029230196
v -0.0499946251511574 0.0632436200976372 -0.0223070010542870
vn -2.1252127767648465 0.4982952903514556 -5.2386015198289417
v -0.0499946251511574 0.0622063130140305 -0.0225006677210331
vn -5.2695848979674054 0.1996448067159127 -2.2987906860269907
v -0.0504946261644363 0.0622024238109589 -0.0220006816089153
vn -2.1047643211136382 -0.3901319800257755 -5.2700743328784032
v -0.0499946326017380 0.0146320741623640 -0.0228709280490875
vn -5.3053755480750988 -0.1086387616824749 -2.2730479303392075
v -0.0504946336150169 0.0146281840279698 -0.0223709437996149
vn -5.2338596781064961 -0.4358704806366935 -2.2771123695072562
v -0.0504946336150169 0.0140902567654848 -0.0223166663199663
vn -5.0836284265953555 0.8624383948896401 2.1612998560130130
v -0.0504946336150169 0.0140268169343472 -0.0141655234619975
vn -5.1491852358635839 1.7931038194828623 1.5796746397105799
v -0.0504946336150169 0.0141558321192861 -0.0142654720693827
vn -3.3077681874243159 3.1178374871095436 0.2841033080816629
v -0.0444946326315403 0.0152758406475186 -0.0160336028784513
vn -2.9510522734992612 3.1097624054692408 0.3265795958960962
v -0.0444946326315403 0.0152939911931753 -0.0183656401932240
vn -2.9510532471981898 -3.1144690413130611 0.2781361169386808
v -0.0444946326315403 0.0212938096374273 -0.0183189436793327
vn -2.7657516759312015 -2.8589507677653545 1.1549520167689216
v -0.0444946326315403 0.0210743900388479 -0.0194687377661467
vn -2.7736592996264915 -2.1993245829572361 2.1625246404980030
v -0.0444946326315403 0.0204316657036543 -0.0204470381140709
vn -2.7784033194360651 -1.2036418556645621 2.8404831791355001
v -0.0444946326315403 0.0194634851068258 -0.0211049132049084
vn -2.7799901565015475 -0.0240090962037935 3.0850781938049088
v -0.0444946326315403 0.0183172468096018 -0.0213422011584044
vn -2.7784066843885502 1.1592840461135319 2.8588747775965926
v -0.0444946326315403 0.0171674545854330 -0.0211227815598249
vn -2.7736537603553888 2.1653987481368802 2.1964927289863057
v -0.0444946326315403 0.0161891523748636 -0.0204800590872765
vn -2.7657544772006988 2.8406299486208164 1.1993085589624759
v -0.0444946326315403 0.0155312810093164 -0.0195118784904480
vn -3.3140689358958122 -3.1202900381128584 0.2453076501905531
v -0.0444946326315403 0.0212756600230932 -0.0159869063645601
vn -3.3890863420231079 -2.8396808861875686 1.2866433111783004
v -0.0444946326315403 0.0217830426990986 -0.0139840897172689
vn -3.2785771831778145 -3.0493993416461591 0.7242516548802811
v -0.0444946326315403 0.0214084628969431 -0.0151878474280238
vn -3.5495618327470648 1.1985656452900135 2.8333860861073594
v -0.0444946326315403 0.0275852512568235 -0.0133678130805492
vn -0.2039838961110143 0.2695485487795458 6.2529047458436962
v -0.0444946326315403 0.0271878764033318 -0.0132888304069638
vn -0.2039907187973836 -0.3668395846874838 6.2479521084044709
v -0.0444946289062500 0.0361093729734421 -0.0132193965837359
vn -3.5495621357173333 -1.2425155317676593 2.8143755453848742
v -0.0444946289062500 0.0357132777571678 -0.0133045539259911
vn -3.5459184329023348 -2.2541668041992762 2.0953326404184471
v -0.0444946289062500 0.0353834740817547 -0.0135398730635643
vn -3.5459147551313106 2.2212855532149574 2.1301678002190143
v -0.0444946326315403 0.0279186759144068 -0.0135979698970914
vn -3.5467249675087387 2.2144953248476358 2.1367481039965428
v -0.0444946289062500 0.0413088202476501 -0.0134902205318213
vn -3.5469958621510789 1.1918911437117776 2.8370496710748245
v -0.0444946289062500 0.0409765243530273 -0.0132626285776496
vn -0.2027647137309511 0.2676726701849215 6.2532764027958896
v -0.0444946289062500 0.0405813902616501 -0.0131845911964774
vn -0.2028982680560094 -0.3650576664146413 6.2483339426257754
v -0.0444946289062500 0.0495028905570507 -0.0131151573732495
vn -3.5475426496357536 -1.2360369844892540 2.8180160572886250
v -0.0444946289062500 0.0491090193390846 -0.0131993349641562
vn -3.5474005434226217 -2.2473525924415139 2.1020307842413031
v -0.0444946289062500 0.0487803071737289 -0.0134320706129074
vn -3.5467249672433105 2.2144970224857397 2.1367501223126188
v -0.0444946289062500 0.0547023341059685 -0.0133859813213348
vn -3.5469981306237330 1.1918892236677630 2.8370572984042437
v -0.0444946289062500 0.0543700382113457 -0.0131583893671632
vn -0.2027672629190455 0.2676694165777386 6.2532770888157749
v -0.0444946289062500 0.0539749041199684 -0.0130803529173136
vn -2.9586395534908267 0.2615283442743008 3.1175090261062817
v -0.0444946251809597 0.0621325038373470 -0.0130168637260795
vn -0.2029082661131827 -0.3650615646629071 6.2483333007447195
v -0.0444946326315403 0.0227158591151237 -0.0133236357942224
vn -3.5475382567889757 -1.2360366457054499 2.8180177661217716
v -0.0444946326315403 0.0223219916224480 -0.0134078133851290
vn -3.5474061849384420 -2.2473512941300529 2.1020296240661169
v -0.0444946326315403 0.0219932775944471 -0.0136405490338802
vn -2.0035219983915087 3.7982590857861842 3.3813392172906642
v -0.0498946309089661 0.0146123198792338 -0.0138760879635811
vn -5.1221359187227922 -0.3133490526507085 2.3059995506177189
v -0.0504823103547096 0.0138058373704553 -0.0141152748838067
vn -5.1834347313277576 -1.3327250420305772 2.0506088655309882
v -0.0504670366644859 0.0136954113841057 -0.0141269713640213
vn -2.1126383205082702 -1.5228340396983433 5.0310087696061601
v -0.0498946309089661 0.0134864551946521 -0.0135940723121166
vn -1.9832849035028035 2.0528174519456250 4.5981545598669653
v -0.0498946309089661 0.0142609076574445 -0.0136127052828670
vn -2.0043246250421980 0.0125683083550852 5.0778625078332364
v -0.0498946309089661 0.0138305388391018 -0.0135252792388201
vn -3.2764134777062131 3.0435941513095122 0.7492380337857143
v -0.0444946326315403 0.0151464659720659 -0.0152974119409919
vn -3.3829920294544538 2.8344526807478827 1.3003397012814784
v -0.0444946326315403 0.0147896679118276 -0.0141788637265563
vn -5.2527605894074423 0.2200919390024093 2.3093025131343659
v -0.0429946258664131 0.0621168129146099 -0.0110010160133243
vn -2.1137105922881592 0.4652749507332449 5.2289025369854745
v -0.0424946248531342 0.0621129237115383 -0.0105010308325291
vn -2.0059790453574573 1.9101564394764705 4.7149785403470137
v -0.0424946248531342 0.0632627159357071 -0.0107204504311085
vn -5.1424842086262688 0.8987530568872720 2.2184590658569596
v -0.0429946258664131 0.0630749762058258 -0.0111838653683662
vn -2.0059764378633433 3.5691038310743197 3.6250879123481150
v -0.0424946248531342 0.0642410144209862 -0.0113631738349795
vn -5.1424804664361661 1.6793107531244009 1.7056519819997125
v -0.0429946258664131 0.0638902261853218 -0.0117194680497050
vn -2.0059742790300410 4.6846881850864550 1.9833230066282228
v -0.0424946248531342 0.0648988857865334 -0.0123313535004854
vn -5.1424746945273112 2.2042084472585683 0.9331779903426894
v -0.0429946258664131 0.0644384548068047 -0.0125262849032879
vn -2.1137057869015470 5.2210271883844612 0.5466133906589928
v -0.0424946248531342 0.0651361793279648 -0.0134775917977095
vn -5.2527658208790626 2.3055924211359597 0.2560099375359585
v -0.0429946258664131 0.0646361932158470 -0.0134814828634262
vn -5.2527601266502169 -0.2560084919764248 2.3055971584801429
v -0.0429946333169937 0.0145425740629435 -0.0113712763413787
vn -2.1137099011356990 -0.5466052129267450 5.2210271216784667
v -0.0424946323037148 0.0145386820659041 -0.0108712911605835
vn 2.1137166793889492 5.2210150677084703 0.5466135531444156
v -0.0404946245253086 0.0651361793279648 -0.0134775917977095
vn 2.0059826630172743 4.6846806226528779 1.9833152245820154
v -0.0404946245253086 0.0648988857865334 -0.0123313535004854
vn 2.0059823950382154 3.5690986527402355 3.6250834140619630
v -0.0404946245253086 0.0642410144209862 -0.0113631738349795
vn 2.0059853273511630 1.9101537509612720 4.7149717948900491
v -0.0404946245253086 0.0632627159357071 -0.0107204504311085
vn 2.1137179751453186 0.4652734659762566 5.2288946567052994
v -0.0404946245253086 0.0621129237115383 -0.0105010308325291
vn -2.4791253470033969 4.7289279320719331 1.9890772101805878
v -0.0429946258664131 0.0646428689360619 -0.0143390540033579
vn -2.3997746925729579 5.1573164178899837 1.1025323837612180
v -0.0427229888737202 0.0649184733629227 -0.0148471863940358
vn -2.4165396985262748 5.2981373866138739 0.5817398704453225
v -0.0425522699952126 0.0650935620069504 -0.0154086211696267
vn -0.0978620408040388 6.2749349061179629 0.1932270028515312
v -0.0424946248531342 0.0651557594537735 -0.0159934256225824
vn -2.6584856658397524 4.7086823784919858 0.1314750034427516
v -0.0493822954595089 0.0651557594537735 -0.0159934256225824
vn -2.5206627450300818 4.6496058970926333 0.5502605836920661
v -0.0493934787809849 0.0651337429881096 -0.0156532432883978
vn -2.5122481972301784 4.4758630440065375 1.1703376987573522
v -0.0495146214962006 0.0649176165461540 -0.0148451784625649
vn -2.4962314674375312 4.2204881056464414 1.6679346080795623
v -0.0495573617517948 0.0648423135280609 -0.0146815190091729
vn -3.4487252267762543 2.0882045685945645 2.2989812877267708
v -0.0429946258664131 0.0642605945467949 -0.0138790076598525
vn -3.5071941829731967 1.1595494511125071 2.8583829557551996
v -0.0429946258664131 0.0632822960615158 -0.0132362833246589
vn -3.3287615997021831 0.2739385285597165 3.1152452813267519
v -0.0429946258664131 0.0621325038373470 -0.0130168637260795
vn -2.5258774687178320 4.6818474520907900 -0.2913790226098733
v -0.0493822954595089 0.0651828721165657 -0.0194774102419615
vn -2.3482206785921846 4.3602599832040028 -1.2957862389654373
v -0.0495141409337521 0.0649634525179863 -0.0206272024661303
vn -2.5128003388640843 3.8511621150784801 -2.1214897348137276
v -0.0498896017670631 0.0643207281827927 -0.0216055046766996
vn 2.1157988862899839 5.2320067618807578 -0.4565201966559059
v -0.0404946245253086 0.0651828721165657 -0.0194774102419615
vn 2.0027200285926265 4.7300913154509256 -1.8955503095565587
v -0.0404946245253086 0.0649713501334190 -0.0206075198948383
vn 2.1125064139973588 4.0898670098962349 -3.2871532869430515
v -0.0404946245253086 0.0643306225538254 -0.0215954054147005
vn 2.1206990173319129 3.3767742626323605 -4.0166065135679139
v -0.0404946245253086 0.0643207281827927 -0.0216055046766996
vn 2.0154473014525074 1.9879584015878682 -4.6840130880742619
v -0.0404946245253086 0.0633590593934059 -0.0222606137394905
vn 2.1163848658909616 0.5472541567244952 -5.2203978392977506
v -0.0404946245253086 0.0622063130140305 -0.0225006677210331
vn 5.2527608254685694 2.3093010597574457 -0.2200959223432896
v -0.0384946241974831 0.0646713376045227 -0.0179972555488348
vn 2.1610600171238579 5.2351810682036968 -0.4278411972671587
v -0.0389946252107620 0.0651713237166405 -0.0179933644831181
vn 5.2527636955503736 2.3055941858058917 0.2560047708549833
v -0.0384946241974831 0.0646557733416557 -0.0159973166882992
vn 2.1610571267213596 5.2278906595599217 0.5092649443591510
v -0.0389946252107620 0.0651557594537735 -0.0159934256225824
vn 0.0978570173333881 6.2771827830819324 -0.0955368929607787
v -0.0404946245253086 0.0651713237166405 -0.0179933644831181
vn 2.4409070657325658 5.3066320878868574 -0.4960659187271862
v -0.0404369831085205 0.0651182383298874 -0.0185790657997131
vn 2.3629376320373923 5.1833921028477175 -1.0060884600638795
v -0.0402662642300129 0.0649519041180611 -0.0191431567072868
vn 2.2271244831254289 5.0938569767710273 -1.6797752788460460
v -0.0401018224656582 0.0647900849580765 -0.0194804649800062
vn 5.2527613051875166 0.2560090024393128 -2.3055954676510133
v -0.0384946241974831 0.0621908716857433 -0.0205166358500719
vn 2.1137123136749532 0.5466044305239901 -5.2210255856227974
v -0.0389946252107620 0.0621947608888149 -0.0210166219621897
vn 2.0059798434255587 1.9833103452839413 -4.6846796364173633
v -0.0389946252107620 0.0633409991860390 -0.0207793321460485
vn 5.1424845473067577 0.9331731307681939 -2.2042016072271196
v -0.0384946241974831 0.0631460696458817 -0.0203188955783844
vn 2.0059803284892053 3.6250875524887447 -3.5690973861471775
v -0.0389946252107620 0.0643091797828674 -0.0201214589178562
vn 5.1424884012902599 1.7056510482217169 -1.6793023909201581
v -0.0384946241974831 0.0639528855681419 -0.0197706669569016
vn 2.0980394620880172 4.7178213779307026 -1.9291244790354307
v -0.0389946252107620 0.0649519041180611 -0.0191431567072868
vn 5.1424985246438446 2.2184502370845509 -0.8987460752826303
v -0.0384946241974831 0.0644884854555130 -0.0189554151147604
vn 5.2520273546295053 0.2575636468430465 -2.3060092334935729
v -0.0399946272373199 0.0622024200856686 -0.0220006816089153
vn 2.0952965236403887 5.1275365959468591 -1.9619004505918223
v -0.0400482565164566 0.0647355392575264 -0.0195740330964327
vn 5.1423531825702824 0.9363877720835131 -2.2027679819800969
v -0.0399946272373199 0.0631630420684814 -0.0218006391078234
vn 5.1446390738250543 1.7144054335985277 -1.6673559182589988
v -0.0399946272373199 0.0639726817607880 -0.0212462991476059
vn 5.1553246630108811 2.2061972716864888 -0.9091427289747573
v -0.0399946272373199 0.0645066201686859 -0.0204230584204197
vn 2.1993898636789506 4.9759730636422290 -2.5531869562439242
v -0.0399946272373199 0.0646775141358376 -0.0196657963097095
vn 5.2527577437788500 -0.2200929788044976 -2.3093048438331025
v -0.0399946309626102 0.0146281821653247 -0.0223709437996149
vn 2.1168807733658559 -0.4631493056433632 -5.2293067779001667
v -0.0404946319758892 0.0146320722997189 -0.0228709280490875
vn -2.1180766915469871 -1.4773801226384602 -5.0268736250361519
v -0.0499946326017380 0.0135918762534857 -0.0226934328675270
vn -5.2931925168401488 -0.7803715993480432 -2.1210663199872952
v -0.0504906326532364 0.0139614846557379 -0.0222899224609137
vn -5.2702512080134900 -1.2646662430964291 -2.0186086761148605
v -0.0504651367664337 0.0137463305145502 -0.0222489628940821
vn -2.6238384693890655 -3.1319753362567226 -2.6888685217217887
v -0.0499946326017380 0.0126871867105365 -0.0221748594194651
vn -4.7099149357762844 -2.7957453093374198 -2.1123678205422887
v -0.0501105375587940 0.0128880264237523 -0.0221855826675892
vn -2.3045337251208164 -2.1148907961548118 -4.5909719514899638
v -0.0499946326017380 0.0134822810068727 -0.0226515084505081
vn -4.8887191195702977 -2.5334393641779052 -1.9637167413677965
v -0.0502266846597195 0.0130891986191273 -0.0221845824271441
vn -5.1132821700331963 -1.9225317739700307 -1.9262247235694272
v -0.0504025854170322 0.0134895574301481 -0.0222090017050505
vn -4.9630311697834859 -2.7513081294576369 1.7806339702538980
v -0.0502266846597195 0.0130272004753351 -0.0142186796292663
vn -5.0785067440572895 -2.1662877679978143 1.8411537692713540
v -0.0503310672938824 0.0132348751649261 -0.0142057128250599
vn -3.5371862192842576 2.2499520267990660 2.1032975139091361
v -0.0444946326315403 0.0145823387429118 -0.0138425026088953
vn -3.5420604082671372 1.2590383854256548 2.8101555075086004
v -0.0444946326315403 0.0142609067261219 -0.0136127052828670
vn -2.9491465041769076 -0.3187260084742846 3.1113376822303378
v -0.0444946326315403 0.0145582640543580 -0.0133871249854565
vn -3.5421188626850553 0.0758629076020226 3.0783746160238614
v -0.0444946326315403 0.0138755589723587 -0.0135253490880132
vn 0.0010495678563789 -1.7466465882955506 6.0002141710577348
v -0.0444946326315403 0.0134864542633295 -0.0135940723121166
vn -3.3379415231540954 -0.3306514542874205 3.1089314316309724
v -0.0429946333169937 0.0145582640543580 -0.0133871249854565
vn -2.0752631319556127 -2.9061286495158347 4.3907606306118474
v -0.0498946309089661 0.0129340598359704 -0.0138799287378788
vn -4.8445457876338143 -2.9872059147339738 1.8179660865559639
v -0.0500599294900894 0.0127384793013334 -0.0142333395779133
vn -2.6754988423173591 -3.4401846399466955 2.4697921817134714
v -0.0498946309089661 0.0124524813145399 -0.0142735512927175
vn -2.1736309437128569 -2.2558519596135662 4.7954896173986272
v -0.0498946309089661 0.0134120248258114 -0.0136244138702750
vn -3.4372622128779509 -2.1067313203095561 2.2840078254029907
v -0.0429946333169937 0.0124438442289829 -0.0142822870984674
vn -2.4511223904566490 -4.7686709517051602 1.9050845982638054
v -0.0429946333169937 0.0120687810704112 -0.0147482287138700
vn -5.2527565279654382 -2.3093057973426503 0.2200918417006722
v -0.0429946333169937 0.0120621053501964 -0.0138906575739384
vn -5.1424854461476697 -0.9331735483907619 2.2042009090003867
v -0.0429946333169937 0.0135873742401600 -0.0115690175443888
vn -3.5260865418351663 -1.2024082405933254 2.8373312589917621
v -0.0429946333169937 0.0134120238944888 -0.0136244138702750
vn -5.1424816894706975 -1.7056539997202735 1.6793069269263834
v -0.0429946333169937 0.0127805583178997 -0.0121172443032265
vn -5.1424867265997225 -2.2184574816895717 0.8987530617393036
v -0.0429946333169937 0.0122449565678835 -0.0129324961453676
vn -2.1137092450334580 -5.2289032630120422 0.4652757682066724
v -0.0424946323037148 0.0115621211007237 -0.0138945477083325
vn -2.0059810994794365 -4.7149817514796748 1.9101567590097210
v -0.0424946323037148 0.0117815416306257 -0.0127447564154863
vn -2.0059776794131436 -3.6250917113946874 3.5690974396423978
v -0.0424946323037148 0.0124242650344968 -0.0117664542049170
vn -2.0059795618193137 -1.9833120016039085 4.6846795243930295
v -0.0424946323037148 0.0133924447000027 -0.0111085809767246
vn 2.1137098116214923 -0.5466054921100293 5.2210272872856871
v -0.0404946319758892 0.0145386820659041 -0.0108712911605835
vn 5.2527596837104316 -0.2560100320405604 2.3055976596936700
v -0.0399946309626102 0.0145425731316209 -0.0113712763413787
vn 5.2527700386641660 0.2200897589349406 2.3092938743596654
v -0.0399946272373199 0.0621168129146099 -0.0110010160133243
vn 5.2527701075409334 2.3055879215138586 0.2560122328632978
v -0.0399946272373199 0.0646361932158470 -0.0134814828634262
vn 5.1424820667423612 2.2042054019265902 0.9331689265806300
v -0.0399946272373199 0.0644384548068047 -0.0125262849032879
vn 5.1424918123477932 1.6793037452111066 1.7056461563033531
v -0.0399946272373199 0.0638902261853218 -0.0117194680497050
vn 5.1424950226335548 0.8987498537370493 2.2184509739372960
v -0.0399946272373199 0.0630749762058258 -0.0111838653683662
vn 2.0059794393806687 -1.9833124255993950 4.6846773721306070
v -0.0404946319758892 0.0133924437686801 -0.0111085809767246
vn 5.1424855513416352 -0.9331735273214994 2.2042007182457852
v -0.0399946309626102 0.0135873742401600 -0.0115690175443888
vn 2.0059776731769183 -3.6250913241134524 3.5690990690008366
v -0.0404946319758892 0.0124242650344968 -0.0117664542049170
vn 5.1424823514592362 -1.7056521402783469 1.6793082407441640
v -0.0399946309626102 0.0127805583178997 -0.0121172443032265
vn 2.0059783236376894 -4.7149809230756574 1.9101553513198830
v -0.0404946319758892 0.0117815406993032 -0.0127447564154863
vn 5.1424860285654894 -2.2184582869864715 0.8987520526646037
v -0.0399946309626102 0.0122449556365609 -0.0129324961453676
vn 2.1137092219651730 -5.2289038577869764 0.4652743527492932
v -0.0404946319758892 0.0115621211007237 -0.0138945477083325
vn 5.2527571318245991 -2.3093053667370169 0.2200915960774473
v -0.0399946309626102 0.0120621053501964 -0.0138906575739384
vn 2.4409485015804111 5.2982148079747580 0.5785927534031629
v -0.0404369831085205 0.0650935620069504 -0.0154086211696267
vn 0.0978619473684420 6.2749348549738908 0.1932284057841573
v -0.0404946245253086 0.0651557594537735 -0.0159934256225824
vn 2.5115199760310678 4.7380429887967868 1.9749665483219641
v -0.0399946272373199 0.0646428689360619 -0.0143390540033579
vn 2.3911879802718601 5.1550528080643296 1.1098466435334344
v -0.0402662642300129 0.0649184733629227 -0.0148471863940358
vn 2.1137044648397643 4.7042933544121013 1.9762524549356311
v -0.0389946252107620 0.0649184733629227 -0.0148471863940358
vn 5.1424869352412088 2.2041988683856308 0.9331729988134942
v -0.0384946241974831 0.0644580349326134 -0.0150421177968383
vn 2.0654978715056429 3.5387206859075953 3.6672446943134309
v -0.0389946252107620 0.0642605945467949 -0.0138790076598525
vn 5.1424806280650239 1.6793103906663045 1.7056525013599615
v -0.0384946241974831 0.0639098063111305 -0.0142353009432554
vn 2.0059778098259087 1.9101578569080204 4.7149785041263428
v -0.0389946252107620 0.0632822960615158 -0.0132362833246589
vn 5.1424852061688489 0.8987528640638199 2.2184584045597053
v -0.0384946241974831 0.0630945563316345 -0.0136996982619166
vn 2.1137104146153587 0.4652740574795909 5.2289027783439108
v -0.0389946252107620 0.0621325038373470 -0.0130168637260795
vn 5.2527609444204089 0.2200900258653372 2.3093014564861347
v -0.0384946241974831 0.0621363930404186 -0.0135168489068747
vn 4.5836759663182933 -0.0009768593043351 0.0121338877186167
v -0.0447457097470760 0.0140894083306193 -0.0173908937722445
vn 2.3466222812220257 -4.4721916216392019 -0.0377207331788196
v -0.0439946316182613 0.0153393717482686 -0.0173811651766300
vn 2.4922411098991173 -4.3116736454837028 -1.6546111374849759
v -0.0439946316182613 0.0152098769322038 -0.0168367717415094
vn 2.5211449676470643 -3.8120566795804036 -2.6461168930926040
v -0.0439946316182613 0.0151670435443521 -0.0167574882507324
vn 2.4935758914222426 -3.0350366661694292 -3.4773019545458617
v -0.0439946316182613 0.0148558346554637 -0.0164034273475409
vn 2.5223371045130967 -2.1245800570267406 -4.1231037203856458
v -0.0439946316182613 0.0147059652954340 -0.0163035318255424
vn 2.4942797643557113 -1.0555068133472745 -4.4917288670771809
v -0.0439946316182613 0.0143481958657503 -0.0161679759621620
vn 2.5227985312969672 0.0575386608670946 -4.6371156933437003
v -0.0439946316182613 0.0140796797350049 -0.0161409322172403
vn 2.4779709718029057 1.1779328405905782 -4.4595178151773158
v -0.0439946316182613 0.0137886963784695 -0.0161776039749384
vn 2.5069513563855463 2.2163413385520827 -4.0726863332755157
v -0.0439946316182613 0.0134560018777847 -0.0163132585585117
vn 2.4826195687828125 3.1259707521337985 -3.3937581946265247
v -0.0439946316182613 0.0132894590497017 -0.0164303835481405
vn 2.4864839310327582 4.3520016096994940 -1.5412478617120109
v -0.0439946316182613 0.0129505367949605 -0.0168756544589996
vn 2.3479574200923214 4.4789717271238061 0.0485108821265743
v -0.0439946316182613 0.0128394467756152 -0.0174006223678589
vn 2.5107331472782386 3.8712741918016627 -2.5559144979882609
v -0.0439946316182613 0.0130020463839173 -0.0167743396013975
vn 2.3472277827437673 4.0151207860435196 1.9723296007561442
v -0.0439946316182613 0.0129674514755607 -0.0179419983178377
vn 2.3465933760225774 0.9613345838071550 4.3687870394789385
v -0.0439946316182613 0.0138207497075200 -0.0186116825789213
vn 2.3462652686913792 -1.0294088353618502 4.3531942907781458
v -0.0439946316182613 0.0143770361319184 -0.0186073537915945
vn 2.3469139716504057 2.7617050186380880 3.5190730122950460
v -0.0439946316182613 0.0133176743984222 -0.0183742195367813
vn 2.3467299949434488 -4.0450374059477685 1.9100532512094595
v -0.0439946316182613 0.0152198066934943 -0.0179244689643383
vn 2.3459456039555313 -2.8162198527579778 3.4754206782523855
v -0.0439946316182613 0.0148763526231050 -0.0183620881289244
vn 3.4033880018115568 2.9571219596584006 -0.9782051147201182
v -0.0384946316480637 0.0265392363071442 -0.0206767860800028
vn 2.5771833715359436 3.2143490525901903 -3.4966458341991506
v -0.0384946316480637 0.0264822971075773 -0.0207945499569178
vn 3.3379433341571509 3.1136999979806572 -0.2822243169259251
v -0.0384946316480637 0.0266123767942190 -0.0202935207635164
vn 3.3831996678104388 3.0886010946481326 0.4163162537967804
v -0.0384946316480637 0.0265656821429729 -0.0142937032505870
vn 2.7956612087288915 3.0640263302406794 3.5038816502271826
v -0.0384946316480637 0.0264278184622526 -0.0137947620823979
vn 0.0978622067894497 0.1932335038922079 -6.2749344337510342
v -0.0389946326613426 0.0256201885640621 -0.0213012751191854
vn 2.4117246744267540 0.5787663948844464 -5.2990322031072159
v -0.0389754176139832 0.0258151236921549 -0.0212805420160294
vn 2.4702077810330936 1.1688212121404997 -5.1192613463197318
v -0.0389185100793839 0.0260022692382336 -0.0212221778929234
vn 2.4452929355587649 1.9052192137571629 -4.7062683009739006
v -0.0387017391622066 0.0263249948620796 -0.0210028868168592
vn 3.5172800312590526 2.1553501394144048 -2.2186024624929219
v -0.0399946272373199 0.0643091797828674 -0.0201214589178562
vn 3.5342906933888436 1.2012541792795464 -2.8374205985790488
v -0.0399946272373199 0.0633409991860390 -0.0207793321460485
vn 3.3379445183395702 0.3306549470709126 -3.1089306434733821
v -0.0399946272373199 0.0621947646141052 -0.0210166219621897
vn 3.4357514173365971 -2.0685777173391191 -2.3191858556007832
v -0.0399946309626102 0.0124924276024103 -0.0205247383564711
vn 2.1833407475791806 -4.8345516271832869 -2.4362645106788907
v -0.0399946309626102 0.0121170496568084 -0.0200748648494482
vn 5.1652584730029760 -2.1724920659100802 -0.9717641303558091
v -0.0399946309626102 0.0123065430670977 -0.0208456739783287
vn 3.3379419292426196 -0.2822231455019862 -3.1137009298792417
v -0.0399946309626102 0.0146205238997936 -0.0213868822902441
vn 3.5342914461314314 -1.1569438088529440 -2.8557742417494847
v -0.0399946309626102 0.0134707307443023 -0.0211674626916647
vn 5.1424853700494246 -1.6793074448317911 -1.7056493827188532
v -0.0399946309626102 0.0128547688946128 -0.0216524899005890
vn 5.1424863610514153 -0.8987523660880670 -2.2184577290137080
v -0.0399946309626102 0.0136700207367539 -0.0221880935132504
vn 2.2909424889770267 -5.0049621672626685 -1.5144340146859872
v -0.0401018299162388 0.0120016075670719 -0.0198913104832172
vn 2.0977424826395592 -5.2397965227320666 -0.5317835398635800
v -0.0404946319758892 0.0116088166832924 -0.0198943670839071
vn 2.1721384065043110 -4.9805916124288645 -1.9885871335255312
v -0.0400482602417469 0.0120575968176126 -0.0199840161949396
vn 1.9957052881843136 -4.6919369267512918 -2.0019459598851213
v -0.0404946319758892 0.0118461064994335 -0.0210406053811312
vn 2.0130514909225532 -3.5723691544537028 -3.6229881180754275
v -0.0404946319758892 0.0125039778649807 -0.0220087841153145
vn 2.0152918777955993 -1.9089311596443830 -4.7167604464756403
v -0.0404946319758892 0.0134822800755501 -0.0226515084505081
vn 2.3624630511007236 -5.1651960185493619 -1.0919721134875333
v -0.0402622185647488 0.0118386819958687 -0.0195662602782249
vn 2.4164261447036406 -5.2985669497550463 -0.5802894280819556
v -0.0404369868338108 0.0116594629362226 -0.0189951248466969
vn 0.0978593093971716 -6.2749351215545675 -0.1932276072386951
v -0.0404946319758892 0.0115972664207220 -0.0184103213250637
vn -2.5740979829786506 -3.7778784165620114 -2.2350093978977825
v -0.0498914048075676 0.0125071164220572 -0.0220118649303913
vn -2.6072893390881213 -4.7023011394999390 -0.2026156075069515
v -0.0493823029100895 0.0116088176146150 -0.0198943670839071
vn -2.5049429698683729 -4.6268780427978990 -0.6620931879691383
v -0.0494124479591846 0.0116653675213456 -0.0204512272030115
vn -2.5296679335608983 -4.4351932796502895 -1.2708703167196189
v -0.0495151244103909 0.0118478303775191 -0.0210446678102016
vn -2.5190486575491602 -4.1497693609256965 -1.7795842425775936
v -0.0496198385953903 0.0120320320129395 -0.0214074514806271
vn -2.5559629752557860 -3.9134693822469386 2.0622626534661541
v -0.0498896092176437 0.0124438451603055 -0.0142822870984674
vn -2.3714890169015233 -4.3665452941931262 1.2894320253266580
v -0.0495141483843327 0.0118011217564344 -0.0152605893090367
vn -2.5349973817817513 -4.6831152770724218 0.2845451835785613
v -0.0493823029100895 0.0115817021578550 -0.0164103806018829
vn -2.3466247898392130 -5.1376076762136584 1.1344012617496353
v -0.0427266508340836 0.0118047092109919 -0.0152517734095454
vn -2.4089192633123115 -5.2821207653925422 0.6311517551380781
v -0.0426233820617199 0.0117036812007427 -0.0155399665236473
vn -0.1459750499555122 -6.2697669312865019 0.1600035223996140
v -0.0424946323037148 0.0115817012265325 -0.0164103806018829
vn 2.5121536938530644 -4.7475903275479379 1.9284144335200151
v -0.0399946309626102 0.0120687801390886 -0.0147482287138700
vn 2.3912102186084270 -5.1716675435999537 1.0294820512303988
v -0.0402662716805935 0.0118011208251119 -0.0152605893090367
vn 2.4151533699484378 -5.3074007340602911 0.4962098921031098
v -0.0404369868338108 0.0116347884759307 -0.0158246792852879
vn 0.0978604563577109 -6.2771824086713446 0.0955377274145963
v -0.0404946319758892 0.0115817012265325 -0.0164103806018829
vn 3.5342931068705310 -2.1956456665919135 2.1617359846206932
v -0.0379946306347847 0.0218532141298056 -0.0136232515797019
vn 3.6651896785445546 2.6161075089218642 1.5376774987505195
v -0.0379946306347847 0.0164281222969294 -0.0138725871220231
vn 3.5342903199399487 -2.8557734047112837 1.1569467941084608
v -0.0379946306347847 0.0216389726847410 -0.0139493523165584
vn 3.4033920520347953 3.0848115106204670 0.4305729021028564
v -0.0379946306347847 0.0165659841150045 -0.0143715292215347
vn 3.3379436318837201 -3.1137005451156456 0.2822252504787705
v -0.0379946306347847 0.0215658321976662 -0.0143326167017221
vn 0.2617987946251511 0.3580536457667300 6.2326373918274305
v -0.0379946343600750 0.0155582316219807 -0.0133793419227004
vn 3.6651931434417238 1.4967758763936212 2.6398010540173971
v -0.0379946306347847 0.0160592608153820 -0.0135094216093421
vn 0.1963483140945302 -0.3551016766196423 6.2504286458190750
v -0.0379946306347847 0.0225580204278231 -0.0133248642086983
vn 3.5342899715013920 -1.2012521663555735 2.8374215642803513
v -0.0379946306347847 0.0221759416162968 -0.0134039605036378
vn 2.9466664919733052 3.1091513282818215 0.3295850644081721
v -0.0379946306347847 0.0165971145033836 -0.0183714088052511
vn 2.7512611340116062 2.8375818875281462 1.2017855961646691
v -0.0379946306347847 0.0166762117296457 -0.0187534876167774
vn 2.7503184115510679 2.1615988414261169 2.1960820722281378
v -0.0379946306347847 0.0168955028057098 -0.0190762151032686
vn 2.7493615404580489 1.1566141599300015 2.8559829014326636
v -0.0379946306347847 0.0172216016799212 -0.0192904565483332
vn 2.9452463863265459 0.2822194427520761 3.1137017998250482
v -0.0379946306347847 0.0176048651337624 -0.0193635951727629
vn 2.9452459170556087 -3.1137017940884437 0.2822187056453350
v -0.0379946306347847 0.0215969625860453 -0.0183324962854385
vn 2.7488922003090557 -2.1956456665919135 2.1617359846206932
v -0.0379946306347847 0.0213095825165510 -0.0190418604761362
vn 2.7488907454798941 -2.8557746536840822 1.1569402492750254
v -0.0379946306347847 0.0215238239616156 -0.0187157597392797
vn 2.7488972776758658 -1.2012554637092090 2.8374208816722088
v -0.0379946306347847 0.0209868550300598 -0.0192611515522003
vn 2.9452403313627076 -0.3306555477791391 3.1089303291522592
v -0.0379946306347847 0.0206047762185335 -0.0193402487784624
vn 3.4377926333509579 2.0706344698574375 2.3167173646788628
v -0.0399946272373199 0.0642605945467949 -0.0138790076598525
vn 3.3379414508717598 -0.3306522197629923 3.1089311413312326
v -0.0399946309626102 0.0145582631230354 -0.0133871249854565
vn 3.3379422019155269 0.2822229706362578 3.1137010389822075
v -0.0399946272373199 0.0621325038373470 -0.0130168637260795
vn 3.5342921922084853 -1.2012528670932068 2.8374205957244234
v -0.0399946309626102 0.0134120238944888 -0.0136244138702750
vn 3.4808320609241901 -2.1270944571740498 2.2574533350099157
v -0.0399946309626102 0.0124438442289829 -0.0142822870984674
vn 3.5342934813344766 1.1569469066277498 2.8557723138420630
v -0.0399946272373199 0.0632822960615158 -0.0132362833246589
vn 2.4996506273228749 1.3799746848499141 4.9988618550853490
v -0.0388606563210487 0.0260589569807053 -0.0134315956383944
vn 2.4627039465005196 0.6401699969701591 5.2716022390568469
v -0.0389605574309826 0.0258170049637556 -0.0133335748687387
vn 0.1301599405938345 0.1392723698529953 6.2725014595068780
v -0.0389946326613426 0.0255579296499491 -0.0133015168830752
vn 2.4199345867935822 -5.4740618321131720 -0.1707921428612536
v -0.0367696322500706 0.0153393708169460 -0.0173811651766300
vn 2.4269081486495052 -4.7208099631583362 -2.7726443013999234
v -0.0367696322500706 0.0151670426130295 -0.0167574882507324
vn 2.4223966140363817 -2.7016421900564298 -4.7626431842335082
v -0.0367696322500706 0.0147059643641114 -0.0163035318255424
vn 2.4290543239610090 0.0481041728367459 -5.4741469263128693
v -0.0367696322500706 0.0140796788036823 -0.0161409322172403
vn 2.4378921217639578 2.7732473114475540 -4.7182347756377139
v -0.0367696322500706 0.0134560009464622 -0.0163132585585117
vn 2.4380463846557778 4.7608151336223266 -2.6994815134846140
v -0.0367696322500706 0.0130020454525948 -0.0167743396013975
vn 2.4264650086183410 5.4753308611364861 -0.0617583832985472
v -0.0367696322500706 0.0128394458442926 -0.0174006223678589
vn 2.4147421599378043 4.9089047653135882 2.4277899926130497
v -0.0367696322500706 0.0129689397290349 -0.0179450176656246
vn 2.4150576619597031 3.3577160190227424 4.3262839487657869
v -0.0367696322500706 0.0133229820057750 -0.0183783620595932
vn 2.4153818236576194 1.1336667076740212 5.3577237764472647
v -0.0367696322500706 0.0138306198641658 -0.0186138115823269
vn 2.4157024725574381 -1.3175348209080091 5.3154494812917701
v -0.0367696322500706 0.0143901202827692 -0.0186041835695505
vn 2.4160208323506480 -3.5046655781174474 4.2079403053335067
v -0.0367696322500706 0.0148893566802144 -0.0183514058589935
vn 2.4130214958964924 -4.9781843648393416 2.2818781544963134
v -0.0367696322500706 0.0152282780036330 -0.0179061368107796
vn 2.0741511159251691 0.6245088236407766 5.1672507275158726
v -0.0367946326732635 0.0155582316219807 -0.0133793419227004
vn 1.9268692578276552 2.4472005448009693 4.3158929207795023
v -0.0367946326732635 0.0160592608153820 -0.0135094216093421
vn 1.9268699442439345 4.2772887983517158 2.5140754160509973
v -0.0367946326732635 0.0164281222969294 -0.0138725871220231
vn 2.0741511113755395 5.1569051085919071 0.7048607245830045
v -0.0367946326732635 0.0165659841150045 -0.0143715292215347
vn 2.3062009293379444 5.4143772042000222 0.5765595197029288
v -0.0367946326732635 0.0165971145033836 -0.0183714088052511
vn 2.3912949221766091 5.0519132087809195 2.1101264061412142
v -0.0367946326732635 0.0166734773665667 -0.0187469683587551
vn 2.3920758681340986 3.8595136482860779 3.8837364359645443
v -0.0367946326732635 0.0168921519070864 -0.0190729014575481
vn 2.3930169678728013 2.0674697962037807 5.0698365915682544
v -0.0367946326732635 0.0172194205224514 -0.0192895680665970
vn 2.3074687053202436 0.5053217932255547 5.4231714643919151
v -0.0367946326732635 0.0176048651337624 -0.0193635951727629
vn 2.3075327153356371 -0.5866650046157815 5.4145155393112692
v -0.0367946326732635 0.0206047762185335 -0.0193402487784624
vn 2.3075142597379008 -5.4230045828794529 0.5023104078768125
v -0.0367946326732635 0.0215969625860453 -0.0183324962854385
vn 2.3935888254043736 -5.0742387799716155 2.0556903565499596
v -0.0367946326732635 0.0215238239616156 -0.0187157597392797
vn 2.3935897709116896 -3.9012980661366692 3.8410443912214856
v -0.0367946326732635 0.0213095825165510 -0.0190418604761362
vn 2.3935935162978845 -2.1344339294406862 5.0416159346816443
v -0.0367946326732635 0.0209868550300598 -0.0192611515522003
vn 2.1137084895901896 -5.2289029023194935 0.4652757837874916
v -0.0367946326732635 0.0215658321976662 -0.0143326167017221
vn 2.1137041984143057 -0.5466071212856173 5.2210323842827790
v -0.0367946326732635 0.0225580185651779 -0.0133248642086983
vn 2.0059772177047273 -1.9833123191880975 4.6846846436469711
v -0.0367946326732635 0.0221759416162968 -0.0134039605036378
vn 2.0059745720144155 -3.6250890488888285 3.5691033082005337
v -0.0367946326732635 0.0218532141298056 -0.0136232515797019
vn 2.0059762301238089 -4.7149847689295399 1.9101605540552777
v -0.0367946326732635 0.0216389726847410 -0.0139493523165584
vn 2.1251451997881672 0.4575584703364555 5.2303368153818477
v -0.0367946326732635 0.0255579277873039 -0.0133015168830752
vn 2.0912530458258471 1.6473741092317395 4.9316757379179883
v -0.0367946326732635 0.0259411931037903 -0.0133746564388275
vn 2.1258750595631617 2.7290902195489481 4.4694954894911341
v -0.0367946326732635 0.0260589569807053 -0.0134315956383944
vn 2.0767344395353686 3.6457357816436780 3.7028439051494311
v -0.0367946326732635 0.0262672938406467 -0.0135888978838921
vn 2.1137092224072314 5.2210361425548681 0.5465992406459778
v -0.0367946326732635 0.0265656802803278 -0.0142937032505870
vn 2.0753233179762023 4.9070808372298194 1.7160285409027773
v -0.0367946326732635 0.0264865849167109 -0.0139116244390607
vn 2.1258813291599572 4.4264817701578032 2.7983480647185002
v -0.0367946326732635 0.0264278184622526 -0.0137947620823979
vn 2.1137037905852774 5.2289082344209232 -0.4652767267477877
v -0.0367946326732635 0.0266123767942190 -0.0202935207635164
vn 2.0209858996807908 4.7204281322493031 -1.9017411378184590
v -0.0367946326732635 0.0265392363071442 -0.0206767860800028
vn 2.0202257450103160 3.6195625392389683 -3.5773928604315808
v -0.0367946326732635 0.0263249948620796 -0.0210028868168592
vn 2.0190359607389201 1.9919100881875609 -4.6828354986238399
v -0.0367946326732635 0.0260022692382336 -0.0212221778929234
vn 2.1267631244533582 0.5379908650089502 -5.2227521010190339
v -0.0367946326732635 0.0256201885640621 -0.0213012751191854
vn 2.1137043336813401 -0.4652747189581866 -5.2289093540306419
v -0.0367946326732635 0.0146205229684711 -0.0213868822902441
vn 2.0310219968021759 -3.5589078629736073 -3.6397057213139021
v -0.0367946326732635 0.0124924276024103 -0.0205247383564711
vn 2.0059740926516776 -1.9101567121912941 -4.7149871426091510
v -0.0367946326732635 0.0134707307443023 -0.0211674626916647
vn 2.0540842129719366 -4.6912060903671264 -1.9837161701918489
v -0.0367946326732635 0.0118345553055406 -0.0195565596222878
vn 2.1360398277157238 -5.2240471069488237 -0.5312066795372663
v -0.0367946326732635 0.0115972654893994 -0.0184103213250637
vn 2.1360398810123877 -5.2316823632367413 0.4498313897791224
v -0.0367946326732635 0.0115817002952099 -0.0164103806018829
vn 2.0344312334780970 -4.7124418102963173 1.9246061116960453
v -0.0367946326732635 0.0118011198937893 -0.0152605893090367
vn 2.0059774261147547 -3.6250906459165719 3.5690999396305432
v -0.0367946326732635 0.0124438442289829 -0.0142822870984674
vn 2.0059777876458851 -1.9833110948434767 4.6846796544839036
v -0.0367946326732635 0.0134120238944888 -0.0136244138702750
vn 2.1137048705864263 -0.5466047737033550 5.2210347445966736
v -0.0367946326732635 0.0145582631230354 -0.0133871249854565
vn 4.5836736023705962 -0.0005913883615542 0.0123215604733283
v -0.0447457060217857 0.0240891054272652 -0.0173130687326193
vn 2.3530705318541223 4.4786991428579261 0.0552803432669411
v -0.0439946316182613 0.0228391438722610 -0.0173227973282337
vn 2.3455509846457567 4.0078976271344562 1.9820795599272762
v -0.0439946316182613 0.0229686368256807 -0.0178671907633543
vn 2.3455536462650493 0.9256774232960256 4.3743612988240654
v -0.0439946316182613 0.0238303169608116 -0.0185359865427017
vn 2.3455510723059323 -1.0756412049620379 4.3399174067320292
v -0.0439946316182613 0.0243898183107376 -0.0185263585299253
vn 2.3455488478516155 2.7414884604286254 3.5321516519452603
v -0.0439946316182613 0.0233226791024208 -0.0183005370199680
vn 2.3530645167381472 -4.0723684549983776 1.8648176168227666
v -0.0439946316182613 0.0252279769629240 -0.0178283117711544
vn 2.3530733942581175 -4.4787023777203974 -0.0552890616872443
v -0.0439946316182613 0.0253390669822693 -0.0173033401370049
vn 2.3455526877176966 -2.8613987955644902 3.4357388131324043
v -0.0439946316182613 0.0248890537768602 -0.0182735808193684
vn 5.5742396005317953 -1.9541561667792533 -0.0555600398326963
v -0.0364946313202381 0.0156143624335527 -0.0173790249973536
vn 5.5920596040531931 -1.6611800969167827 -0.9764001356086927
v -0.0364946313202381 0.0154041219502687 -0.0166181400418282
vn 5.5920646459502059 -0.9504209417242468 -1.6761714646621648
v -0.0364946313202381 0.0148416049778461 -0.0160643104463816
vn 5.5920618986919930 0.0149959255032330 -1.9268214023843715
v -0.0364946313202381 0.0140775386244059 -0.0158659406006336
vn 5.5920636635011682 0.9763978690978192 -1.6611747054085768
v -0.0364946313202381 0.0133166518062353 -0.0160761792212725
vn 5.5920679769932171 1.6761678015453074 -0.9504198087048568
v -0.0364946313202381 0.0127628240734339 -0.0166386961936951
vn 5.5779934280317294 1.9490533682968856 -0.0166717755114633
v -0.0364946313202381 0.0125644542276859 -0.0174027625471354
vn 5.5639271600026383 1.7666167383969835 0.8736706874133515
v -0.0364946313202381 0.0127224363386631 -0.0180669240653515
vn 5.5639277744527966 1.2084058407659708 1.5569161661991766
v -0.0364946313202381 0.0131543669849634 -0.0185956042259932
vn 5.5639324254806422 0.4080233534162157 1.9281409684490656
v -0.0364946313202381 0.0137736871838570 -0.0188828557729721
vn 5.5639278361881868 -0.4741281895298203 1.9129651551997811
v -0.0364946313202381 0.0144562777131796 -0.0188711080700159
vn 5.5639215600889269 -1.2612665632081135 1.5144207607954385
v -0.0364946313202381 0.0150653449818492 -0.0185627173632383
vn 5.5601674626387485 -1.7972908274449604 0.8224638419951295
v -0.0364946313202381 0.0154788289219141 -0.0180194899439812
vn 5.2096787764950170 2.3272887709904890 0.3448006739252239
v -0.0364946313202381 0.0162659939378500 -0.0143738640472293
vn 5.0563336839542572 2.1021234318523203 1.2355734070230382
v -0.0364946313202381 0.0161694902926683 -0.0140246041119099
vn 5.0563349209056874 1.2027054452869255 2.1210985866642011
v -0.0364946313202381 0.0159112866967916 -0.0137703884392977
vn 5.2096764327311833 0.3085381875603502 2.3323750320317753
v -0.0364946313202381 0.0155605673789978 -0.0136793320998549
vn 5.4502019507409223 2.1142185420618729 0.2126926485112088
v -0.0364946313202381 0.0162971243262291 -0.0183737445622683
vn 5.5393057546239746 1.8523549424183785 0.7735428470804733
v -0.0364946313202381 0.0163963958621025 -0.0188619717955589
vn 5.5412322094196362 1.4130994918760476 1.4218039992140210
v -0.0364946313202381 0.0166806709021330 -0.0192856825888157
vn 5.5412320007063549 0.7570617386671888 1.8561351059853466
v -0.0364946313202381 0.0171061214059591 -0.0195673517882824
vn 5.4521333545909201 0.1841501501511086 2.1145037092486496
v -0.0364946313202381 0.0176072008907795 -0.0196635872125626
vn 5.4516681093086934 -0.2159577082408688 2.1120868898008331
v -0.0364946350455284 0.0206071101129055 -0.0196402408182621
vn 5.5402653139126965 -0.7820796361975804 1.8472175506343873
v -0.0364946313202381 0.0211038142442703 -0.0195374134927988
vn 5.5402690721983889 -1.4294427298197963 1.4073658896056436
v -0.0364946313202381 0.0215233583003283 -0.0192523356527090
vn 5.5402693618154935 -1.8592084806804408 0.7532114620319453
v -0.0364946313202381 0.0218018721789122 -0.0188284050673246
vn 5.4516531789013953 -2.1152010890409318 0.1830516352449786
v -0.0364946313202381 0.0218969546258450 -0.0183301605284214
vn 5.2527636176639154 -2.3093004093993006 0.2200861525226781
v -0.0364946313202381 0.0218658242374659 -0.0143302818760276
vn 5.2527527663223594 -0.2560114420759153 2.3056035800262413
v -0.0364946313202381 0.0225603543221951 -0.0136248543858528
vn 5.1424832031809000 -0.9331754556116045 2.2042026143240308
v -0.0364946313202381 0.0222928989678621 -0.0136802224442363
vn 5.1424780193586974 -1.7056532995303129 1.6793117502055044
v -0.0364946313202381 0.0220669899135828 -0.0138337258249521
vn 5.1424805054324514 -2.2184631654368228 0.8987507580022107
v -0.0364946313202381 0.0219170209020376 -0.0140619967132807
vn 5.2527511431121043 0.2200969602290122 2.3093102227536280
v -0.0364946313202381 0.0255602635443211 -0.0136015070602298
vn 5.2527545766484272 2.3056025913461715 0.2560077807434029
v -0.0364946313202381 0.0262656901031733 -0.0142960380762815
vn 5.1731942722257438 2.1943476699135251 0.8926506191192575
v -0.0364946313202381 0.0262103229761124 -0.0140285827219486
vn 5.1928439820213921 1.6518156132339032 1.6777307291491779
v -0.0364946313202381 0.0260568186640739 -0.0138026736676693
vn 5.1732017179374914 0.8583808655445454 2.2079729087120334
v -0.0364946313202381 0.0258285477757454 -0.0136527055874467
vn 5.2527517946105631 2.3093098905148022 -0.2200949336237463
v -0.0364946313202381 0.0263123866170645 -0.0202958565205336
vn 5.2527587564240941 0.2560137707596877 -2.3055976287546520
v -0.0364946313202381 0.0256178546696901 -0.0210012830793858
vn 5.1424959729792974 0.9331716800339087 -2.2041942554359890
v -0.0364946313202381 0.0258853100240231 -0.0209459140896797
vn 5.1424698103294890 1.7056489980814329 -1.6793239092879142
v -0.0364946313202381 0.0261112190783024 -0.0207924135029316
vn 5.1424796411061964 2.2184627364770009 -0.8987553321923678
v -0.0364946313202381 0.0262611880898476 -0.0205641426146030
vn 5.2527528270147830 -0.2200927696467694 -2.3093091884287000
v -0.0364946313202381 0.0146181872114539 -0.0210868921130896
vn 5.2527533501303374 -2.3056033151611333 -0.2560100587553226
v -0.0364946313202381 0.0118972556665540 -0.0184079855680466
vn 5.1424805401400375 -2.2042049681525251 -0.9331740555373741
v -0.0364946313202381 0.0121108163148165 -0.0194396004080772
vn 5.1424821868814794 -1.6793072926312413 -1.7056534797448821
v -0.0364946313202381 0.0127029027789831 -0.0203109625726938
vn 5.1424764682818935 -0.8987571827822609 -2.2184643338242118
v -0.0364946313202381 0.0135833732783794 -0.0208894144743681
vn 5.2527530537893146 -2.3093089409299683 0.2200934728485804
v -0.0364946313202381 0.0118816904723644 -0.0164080467075109
vn 5.2527532859045634 -0.2560103914734218 2.3056034110127586
v -0.0364946313202381 0.0145605970174074 -0.0136871151626110
vn 5.1424843077641356 -0.9331733906802655 2.2042019512942996
v -0.0364946313202381 0.0135289831086993 -0.0139006758108735
vn 5.1424820255278112 -1.7056518549430406 1.6793090074477979
v -0.0364946313202381 0.0126576209440827 -0.0144927613437176
vn 5.1424822115352846 -2.2184603560507234 0.8987548469285525
v -0.0364946313202381 0.0120791690424085 -0.0153732327744365
vn 2.4214103895274737 5.4761707191886684 -0.0584882714706449
v -0.0367696322500706 0.0228391420096159 -0.0173227973282337
vn 2.4145841246309816 4.9089716622513038 2.4277074523400950
v -0.0367696322500706 0.0229686368256807 -0.0178671907633543
vn 2.4145846827002222 3.3578461962283024 4.3262740601971394
v -0.0367696322500706 0.0233226791024208 -0.0183005370199680
vn 2.4145837913713590 1.1337930599721944 5.3578239008571957
v -0.0367696322500706 0.0238303169608116 -0.0185359865427017
vn 2.4145859899484705 -1.3174728742607944 5.3156392836051296
v -0.0367696322500706 0.0243898183107376 -0.0185263585299253
vn 2.4145808389903332 -3.5047250134128385 4.2081719508279196
v -0.0367696322500706 0.0248890537768602 -0.0182735808193684
vn 2.4112946479736475 -4.9783799621077405 2.2820545121676536
v -0.0367696322500706 0.0252279751002789 -0.0178283099085093
vn 2.4190054097208380 -5.4741901670394801 -0.1714033206025303
v -0.0367696322500706 0.0253390669822693 -0.0173033401370049
vn 2.4922416088773240 -4.3116690323474902 -1.6546018712823147
v -0.0439946316182613 0.0252095740288496 -0.0167589467018843
vn 2.5211477798793682 -3.8120520308869699 -2.6461136564435801
v -0.0439946316182613 0.0251667406409979 -0.0166796632111073
vn 2.4935765218996853 -3.0350267544084231 -3.4773004836725852
v -0.0439946316182613 0.0248555317521095 -0.0163256023079157
vn 2.5223433616265876 -2.1245766078240704 -4.1231029163837505
v -0.0439946316182613 0.0247056614607573 -0.0162257067859173
vn 2.4942812755078534 -1.0555083215011998 -4.4917211579901366
v -0.0439946316182613 0.0243478938937187 -0.0160901509225368
vn 2.5228022308351767 0.0575385107374748 -4.6371105330598690
v -0.0439946316182613 0.0240793768316507 -0.0160631071776152
vn 2.4943642686368959 1.1682459193105643 -4.4635549738499920
v -0.0439946316182613 0.0237883925437927 -0.0160997789353132
vn 2.5225321147604047 2.2260635882734348 -4.0688112466562849
v -0.0439946316182613 0.0234556999057531 -0.0162354335188866
vn 2.4938239721272204 3.1213044377569479 -3.3993888157666077
v -0.0439946316182613 0.0232891570776701 -0.0163525566458702
vn 2.4926663564144862 4.3512096335090185 -1.5451770190606380
v -0.0439946316182613 0.0229502357542515 -0.0167978275567293
vn 2.5215187901350564 3.8759735250721032 -2.5502933772421814
v -0.0439946316182613 0.0230017416179180 -0.0166965126991272
vn 5.5920686123115111 -0.9504205547673625 -1.6761662058183657
v -0.0364946313202381 0.0248413030058146 -0.0159864854067564
vn 5.5920617676524591 0.0149957206788549 -1.9268215902955768
v -0.0364946313202381 0.0240772366523743 -0.0157881155610085
vn 5.5920611338014572 0.9763976445676403 -1.6611786629882861
v -0.0364946313202381 0.0233163498342037 -0.0159983541816473
vn 5.5779952667937058 1.9490504806305746 -0.0166715321662263
v -0.0364946313202381 0.0225641503930092 -0.0173249375075102
vn 5.5920601190539632 1.6761763252746751 -0.9504244963441361
v -0.0364946313202381 0.0227625221014023 -0.0165608711540699
vn 5.5920631689231568 -1.6611756311884625 -0.9763988183597456
v -0.0364946313202381 0.0254038181155920 -0.0165403131395578
vn 5.5742386956457413 -1.9541575507086721 -0.0555618345092529
v -0.0364946313202381 0.0256140585988760 -0.0173011999577284
vn 5.5601704807245760 -1.7972883097704422 0.8224603723031008
v -0.0364946313202381 0.0254785269498825 -0.0179416630417109
vn 5.5639225269960564 -1.2612662260141108 1.5144192384642905
v -0.0364946313202381 0.0250650420784950 -0.0184848923236132
vn 5.5639276790619192 -0.4741248241606409 1.9129658230465865
v -0.0364946313202381 0.0244559738785028 -0.0187932830303907
vn 5.5639259790066689 1.2084063331782606 1.5569183672465825
v -0.0364946313202381 0.0231540650129318 -0.0185177791863680
vn 5.5639253541268312 1.7666179310847530 0.8736741702153774
v -0.0364946313202381 0.0227221343666315 -0.0179890990257263
vn 5.5639264170099532 0.4080255623617323 1.9281482146142614
v -0.0364946313202381 0.0237733833491802 -0.0188050288707018
vn 2.4269123969336142 -4.7208069194848212 -2.7726428015180544
v -0.0367696322500706 0.0251667387783527 -0.0166796632111073
vn 2.4224019847670646 -2.7016382384174098 -4.7626400716199786
v -0.0367696322500706 0.0247056595981121 -0.0162257067859173
vn 2.4206458605387509 0.0424960035588505 -5.4756694818366283
v -0.0367696322500706 0.0240793768316507 -0.0160631071776152
vn 2.4216677286354660 2.7753077384409801 -4.7202373234283259
v -0.0367696322500706 0.0234556980431080 -0.0162354335188866
vn 2.4254620672296392 4.7634928005041370 -2.6991357469773609
v -0.0367696322500706 0.0230017416179180 -0.0166965126991272
vn -2.6927938254930019 2.7490847622482226 1.3503475791717809
v -0.0336946323513985 0.0226081218570471 -0.0180405247956514
vn -2.6927949348636266 3.0627340143801662 0.0238400306851061
v -0.0336946323513985 0.0224391538649797 -0.0173259116709232
vn -2.6927895992519493 2.7697688740596531 -1.3073937180234168
v -0.0336946323513985 0.0225969776511192 -0.0166087523102760
vn -2.6927946129796498 0.6582832467338536 2.9912489812417498
v -0.0336946323513985 0.0237344745546579 -0.0189245082437992
vn -2.6927935625260839 1.8909458506563457 2.4094042503157338
v -0.0336946323513985 0.0230704173445702 -0.0186110585927963
vn -2.6927934270861789 -0.7047605409324572 2.9806404247248501
v -0.0336946323513985 0.0244687721133232 -0.0189187936484814
vn -2.6927943997427604 -1.8909479407703671 -2.4094029819520326
v -0.0336946323513985 0.0251077916473150 -0.0160150807350874
vn -2.6927972336728376 -2.7490843089280750 -1.3503506252604476
v -0.0336946323513985 0.0255700852721930 -0.0165856126695871
vn -2.6927933821346879 -0.6582849361017713 -2.9912481689444896
v -0.0336946323513985 0.0244437325745821 -0.0157016292214394
vn -2.6927914236199539 -3.0627326424599959 -0.0238384954237976
v -0.0336946323513985 0.0257390551269054 -0.0173002276569605
vn -2.6927934468261365 0.7047605719389727 -2.9806404244835445
v -0.0336946323513985 0.0237094368785620 -0.0157073438167572
vn -2.6927942828992144 1.9282181949165120 -2.3796810630435723
v -0.0336946323513985 0.0230503380298615 -0.0160310920327902
vn -2.6927934945443854 -2.7697687741244810 1.3073965901291018
v -0.0336946323513985 0.0255812294781208 -0.0180173870176077
vn -2.6927945413242540 -1.9282182953451210 2.3796809350800290
v -0.0336946323513985 0.0251278709620237 -0.0185950454324484
vn -3.5903922659264746 -3.0627333890002864 -0.0238353381019994
v -0.0364946313202381 0.0257390551269054 -0.0173002276569605
vn -3.5903918126352012 -2.7697687741244814 1.3073965901291020
v -0.0364946313202381 0.0255812294781208 -0.0180173870176077
vn -3.5903907658553322 -1.9282182953451210 2.3796809350800290
v -0.0364946313202381 0.0251278709620237 -0.0185950454324484
vn -3.5903918800934083 -0.7047605409324571 2.9806404247248501
v -0.0364946313202381 0.0244687721133232 -0.0189187936484814
vn -3.5903906941999368 0.6582832467338539 2.9912489812417502
v -0.0364946313202381 0.0237344745546579 -0.0189245082437992
vn -3.5903917446535036 1.8909458506563459 2.4094042503157338
v -0.0364946313202381 0.0230704173445702 -0.0186110585927963
vn -3.5903914816865843 2.7490847622482222 1.3503475791717807
v -0.0364946313202381 0.0226081218570471 -0.0180405247956514
vn -3.5903919957045924 3.0627333145969318 0.0238368508505871
v -0.0364946313202381 0.0224391538649797 -0.0173259116709232
vn -3.5903890918557519 2.7697701603308031 -1.3073952804365658
v -0.0364946313202381 0.0225969795137644 -0.0166087523102760
vn -3.5903923318939857 1.9282198140710900 -2.3796789999531498
v -0.0364946313202381 0.0230503380298615 -0.0160310920327902
vn -3.5903918603534497 0.7047605719389726 -2.9806404244835445
v -0.0364946313202381 0.0237094368785620 -0.0157073438167572
vn -3.5903919250448997 -0.6582849361017714 -2.9912481689444901
v -0.0364946313202381 0.0244437325745821 -0.0157016292214394
vn -3.5903896159497712 -1.8909463100629860 -2.4094049944587104
v -0.0364946313202381 0.0251077916473150 -0.0160150807350874
vn -3.5903946401748721 -2.7490830719124060 -1.3503490235724760
v -0.0364946313202381 0.0255700871348381 -0.0165856126695871
vn -2.8139215844735497 3.8154641518826837 1.8782185050673990
v -0.0364946313202381 0.0215619411319494 -0.0138326315209270
vn -5.2527598847085004 0.2200925294106156 2.3093028692007285
v -0.0364946313202381 0.0260618049651384 -0.0137976100668311
vn -5.1424872600558444 0.8987515444744956 2.2184572396024826
v -0.0364946313202381 0.0266367010772228 -0.0139073198661208
vn -5.2924325135850170 -0.1364038717799660 -2.2828603208970923
v -0.0364946313202381 0.0126166911795735 -0.0209024623036385
vn -5.2218289844659251 -0.5885365959151535 -2.2668662323801629
v -0.0364946313202381 0.0114508476108313 -0.0207581967115402
vn -3.5903909775679921 1.8909493145187484 2.4094018726448159
v -0.0364946313202381 0.0130707193166018 -0.0186888836324215
vn -5.2218256741009457 -1.1551904794690007 -2.0373036499451929
v -0.0364946313202381 0.0103620681911707 -0.0203171055763960
vn -3.5903913051099563 2.7490861099802473 1.3503447978882996
v -0.0364946313202381 0.0126084247604012 -0.0181183498352766
vn -3.5903893806607705 -1.8909477353311246 -2.4094038215720284
v -0.0364946313202381 0.0151080945506692 -0.0160929057747126
vn -3.5342945616996935 -2.8557746536840831 1.1569402492750256
v -0.0364946313202381 0.0165986623615026 -0.0136799123138189
vn -3.5903932605300879 -2.7490845794466443 -1.3503465410431157
v -0.0364946313202381 0.0155703891068697 -0.0166634377092123
vn -3.3379393883119506 -3.1137017941105953 0.2822187084915727
v -0.0364946313202381 0.0165620930492878 -0.0138715440407395
vn -3.5903909887967149 -3.0627338340798653 -0.0238355097196054
v -0.0364946313202381 0.0157393570989370 -0.0173780545592308
vn -3.3379401562407081 -3.1089317092740827 -0.3306495876900755
v -0.0364946313202381 0.0165932234376669 -0.0178714245557785
vn -3.5903935038053634 -2.7697680406782501 1.3073967591400024
v -0.0364946313202381 0.0155815323814750 -0.0180952120572329
vn -3.5342945921176043 -2.8374203160257272 -1.2012516413216019
v -0.0364946313202381 0.0167118664830923 -0.0184445418417454
vn -3.5903892089866396 -1.9282181161400089 2.3796817806850186
v -0.0364946313202381 0.0151281729340553 -0.0186728704720736
vn -3.3379422197788866 3.1137009614199451 -0.2822230660266865
v -0.0364946313202381 0.0215930715203285 -0.0178325101733208
vn -3.5342917338568096 2.8557738210377357 -1.1569446125026159
v -0.0364946313202381 0.0214833617210388 -0.0184074062854052
vn -3.5342891077080942 2.1956508624539137 -2.1617324540535185
v -0.0364946313202381 0.0211619995534420 -0.0188965573906898
vn -5.2251290942779622 -2.1175839122300646 0.4894826359086400
v -0.0364946313202381 0.0079300459474325 0.0030617890879512
vn -5.2251300490303167 2.1097084299303681 0.5223797447251044
v -0.0364946313202381 0.0129298958927393 0.0031007018405944
vn -5.4516586107109362 2.1120898117569773 0.2159516885590007
v -0.0364946313202381 0.0130207296460867 -0.0085705174133182
vn -2.6285581879614845 -0.1281505197627679 4.7060646176870700
v -0.0364946313202381 0.0169151313602924 -0.0133897336199880
vn -3.4248915093989156 -1.3965239743651505 2.7834123536252275
v -0.0364946313202381 0.0168671458959579 -0.0134072164073586
vn -5.4047267845868916 1.4607330199289572 1.6152115777521394
v -0.0364946313202381 0.0166170522570610 -0.0131388613954186
vn -3.5342904238781410 -2.1956491524379285 2.1617336160058054
v -0.0364946313202381 0.0167057830840349 -0.0135168619453907
vn -5.4516584664935070 1.6251061952374100 1.3662316992559731
v -0.0364946313202381 0.0137666985392570 -0.0103325322270393
vn -5.2218273438374387 -1.6431205576268852 -1.6688977567450420
v -0.0364946313202381 0.0094245504587889 -0.0196092464029789
vn -5.2218214200345185 -2.0190781051101698 -1.1867652161419191
v -0.0364946313202381 0.0087021840736270 -0.0186828617006540
vn -3.5903885462974259 3.0627345365101224 0.0238378359339042
v -0.0364946313202381 0.0124394576996565 -0.0174037367105484
vn -5.2218294816636437 -2.2574316442495999 -0.6237455565105672
v -0.0364946313202381 0.0082441996783018 -0.0176010765135288
vn -3.5903933776822865 2.7697703196155938 -1.3073918861873608
v -0.0364946313202381 0.0125972814857960 -0.0166865773499012
vn -5.2924364570936531 -2.2804569959797232 -0.1719194758966152
v -0.0364946313202381 0.0080818068236113 -0.0164376217871904
vn -3.5903935287269100 1.9282148182864225 -2.3796823379334846
v -0.0364946313202381 0.0130506409332156 -0.0161089170724154
vn -3.5903862535598234 0.7047604287891819 -2.9806424220560279
v -0.0364946313202381 0.0137097407132387 -0.0157851707190275
vn -3.5903950352579850 -0.6582817263591304 -2.9912477736196523
v -0.0364946313202381 0.0144440364092588 -0.0157794542610645
vn -5.5402778784377844 1.8472505034098954 0.7820553012058740
v -0.0364946313202381 0.0132184717804193 -0.0095257163047791
vn -5.1424878208823266 1.6793050175438986 1.7056491174364932
v -0.0364946313202381 0.0271258521825075 -0.0142286820337176
vn -5.1424907210622868 2.2041973505036752 0.9331710160068081
v -0.0364946313202381 0.0274547878652811 -0.0147127714008093
vn -5.2527618638089182 2.3055955970412576 0.2560097248341869
v -0.0364946313202381 0.0275734327733517 -0.0152858905494213
vn -5.2527610608627686 2.3093016686553698 -0.2200935887625728
v -0.0364946313202381 0.0276045631617308 -0.0192857701331377
vn -5.1424854171052621 2.2184583215570406 -0.8987528824126210
v -0.0364946313202381 0.0274948533624411 -0.0198606662452221
vn -3.3379393261572274 0.3306468801042373 -3.1089321257603917
v -0.0364946313202381 0.0201047901064157 -0.0193441379815340
vn -5.2527638048751548 0.2560055534289378 -2.3055945051467743
v -0.0364946313202381 0.0261162836104631 -0.0207973979413509
vn -3.5342976710781357 1.2012519805120352 -2.8374191478017639
v -0.0364946313202381 0.0206779111176729 -0.0192254949361086
vn -3.5903949831637840 0.6582817519587061 2.9912477751757529
v -0.0364946313202381 0.0137347774580121 -0.0190023351460695
vn -3.5903899027749930 -0.7047653134673977 2.9806400064722518
v -0.0364946313202381 0.0144690750166774 -0.0189966186881065
vn -5.1424827917837943 0.9331760649132816 -2.2042013776325153
v -0.0364946313202381 0.0266894027590752 -0.0206787548959255
vn -5.1424857987736985 1.7056526124269060 -1.6793044432841626
v -0.0364946313202381 0.0271734911948442 -0.0203498173505068
vn -3.5342935562385009 -2.1617305412071501 -2.1956508326735871
v -0.0364946313202381 0.0170408040285110 -0.0189286321401596
vn -3.5342890739922161 -1.1569411205718325 -2.8557761151574494
v -0.0364946313202381 0.0175299551337957 -0.0192499924451113
vn -3.3379417559435951 -0.2822237945953946 -3.1137009670901046
v -0.0364946313202381 0.0181048512458801 -0.0193597022444010
vn -2.6927943183828713 -3.0627338340798653 -0.0238355097196054
v -0.0336946323513985 0.0157393570989370 -0.0173780545592308
vn -2.6927918033742233 -2.7697680406782501 1.3073967591400022
v -0.0336946323513985 0.0155815323814750 -0.0180952120572329
vn -2.6927960981929475 -1.9282181161400092 2.3796817806850186
v -0.0336946323513985 0.0151281729340553 -0.0186728704720736
vn -2.6927954044045919 -0.7047653134673978 2.9806400064722522
v -0.0336946323513985 0.0144690750166774 -0.0189966186881065
vn -2.6927903240158018 0.6582817519587063 2.9912477751757534
v -0.0336946323513985 0.0137347774580121 -0.0190023351460695
vn -2.6927943296115950 1.8909493145187481 2.4094018726448159
v -0.0336946323513985 0.0130707193166018 -0.0186888836324215
vn -2.6927948108896560 2.7490857367103527 1.3503463765553705
v -0.0336946323513985 0.0126084247604012 -0.0181183498352766
vn -2.6927931029430225 3.0627335247523049 0.0238378201907110
v -0.0336946323513985 0.0124394567683339 -0.0174037367105484
vn -2.6927933949991556 2.7697707793022124 -1.3073924445588718
v -0.0336946323513985 0.0125972814857960 -0.0166865773499012
vn -2.6927898419377305 1.9282156877043835 -2.3796810240240913
v -0.0336946323513985 0.0130506400018930 -0.0161089170724154
vn -2.6927985847914346 0.7047606868549685 -2.9806422927921425
v -0.0336946323513985 0.0137097397819161 -0.0157851707190275
vn -2.6927910646008630 -0.6582808209319537 -2.9912481985181572
v -0.0336946323513985 0.0144440354779363 -0.0157794542610645
vn -2.6927955717481096 -1.8909470918725204 -2.4094041252998761
v -0.0336946323513985 0.0151080945506692 -0.0160929057747126
vn -2.6927920466495046 -2.7490845794466447 -1.3503465410431157
v -0.0336946323513985 0.0155703891068697 -0.0166634377092123
vn -2.3075239287494158 4.1898330392403107 3.4794446907886867
v -0.0359946340322495 0.0141174886375666 -0.0099762380123138
vn -2.3936000694715944 5.0416129127766869 2.1344245971789024
v -0.0359946340322495 0.0136789083480835 -0.0093307849019766
vn -2.3075246407087424 5.4145222005479718 0.5866659637433671
v -0.0359946340322495 0.0135207138955593 -0.0085666263476014
vn -2.1515898534325175 -0.3009608798488311 -5.2822370299441435
v -0.0359946340322495 0.0126205822452903 -0.0214024465531111
vn -2.1137111024956408 0.5466027043360192 -5.2210265879667332
v -0.0359946303069592 0.0261201746761799 -0.0212973840534687
vn -2.1137104399922242 5.2288998759190042 -0.4652770060377732
v -0.0359946303069592 0.0281045492738485 -0.0192818772047758
vn -2.0059806220740448 4.7149802331743276 -1.9101579363836616
v -0.0359946303069592 0.0279582682996988 -0.0200484059751034
vn -2.0059798712040164 3.6250945459477011 -3.5690964337628377
v -0.0359946303069592 0.0275297854095697 -0.0207006074488163
vn -2.0059778433008231 1.9833146149985263 -4.6846752818116375
v -0.0359946303069592 0.0268843322992325 -0.0211391914635897
vn -2.1137113683087128 5.2210255174015261 0.5466036705206445
v -0.0359946303069592 0.0280734188854694 -0.0152819994837046
vn -2.1134481765502535 0.4654553906147760 5.2288681744583236
v -0.0359946303069592 0.0260579138994217 -0.0132976248860359
vn -2.0051922638334645 1.9102808881826794 4.7148116146191779
v -0.0359946303069592 0.0268244426697493 -0.0134439049288630
vn -2.0046598053878730 3.5690968819514999 3.6248335900970878
v -0.0359946303069592 0.0274766441434622 -0.0138723878189921
vn -2.0051816927703348 4.6843586836718831 1.9837766772891525
v -0.0359946303069592 0.0279152262955904 -0.0145178409293294
vn -2.5224644400837870 2.2878987228987873 4.2960094945596472
v -0.0362446308135986 0.0214930102229118 -0.0135831600055099
vn -2.5204344126463836 1.3775254721389079 4.9976124520318876
v -0.0360616184771061 0.0213085785508156 -0.0134015772491693
vn -2.4797374263791596 0.6323916633115245 5.2720116974529008
v -0.0360116697847843 0.0211876034736633 -0.0133525673300028
vn -0.1408589379094919 0.1457621467576929 6.2716593391435431
v -0.0359946303069592 0.0210580639541149 -0.0133365374058485
vn -2.0963811747960786 5.2184223222402508 0.5587103485792388
v -0.0375946313142776 0.0215619411319494 -0.0138326315209270
vn -2.1137043329590854 5.2289092984122263 -0.4652746191148477
v -0.0375946313142776 0.0215930715203285 -0.0178325101733208
vn -2.0059764220370213 4.7149834081603545 -1.9101573625882984
v -0.0375946313142776 0.0214833617210388 -0.0184074062854052
vn -2.0059789027473505 3.6250969594261360 -3.5690971214973346
v -0.0375946313142776 0.0211619995534420 -0.0188965573906898
vn -2.0059790804592166 1.9833044388834380 -4.6846714393654096
v -0.0375946313142776 0.0206779111176729 -0.0192254949361086
vn -2.1137077698039479 0.5465977109889331 -5.2210346857300527
v -0.0375946313142776 0.0201047901064157 -0.0193441379815340
vn -2.1137045648742170 -0.4652758610571572 -5.2289095400033423
v -0.0375946313142776 0.0181048512458801 -0.0193597022444010
vn -2.1137076929480982 -5.2210332082800930 -0.5466023765901628
v -0.0375946313142776 0.0165932234376669 -0.0178714245557785
vn -2.0059814908216422 -4.6846734443101496 -1.9833048636025801
v -0.0375946313142776 0.0167118664830923 -0.0184445418417454
vn -2.0059794875623083 -3.5690906218302327 -3.6250926121467417
v -0.0375946313142776 0.0170408040285110 -0.0189286321401596
vn -2.0059779966362372 -1.9101521817291049 -4.7149880854343156
v -0.0375946313142776 0.0175299551337957 -0.0192499924451113
vn -2.1137062697869875 -5.2289114812161408 0.4652678844299815
v -0.0375946313142776 0.0165620930492878 -0.0138715440407395
vn -2.1154651647095655 -0.5464517187461669 5.2210555750805936
v -0.0375946313142776 0.0170581862330437 -0.0133676677942276
vn -0.0088908401876224 -0.3879279338452595 3.0269778326432197
v -0.0364420861005783 0.0169838741421700 -0.0133738061413169
vn -2.3380998913590667 1.1826956688098313 4.8963723571700601
v -0.0363956131041050 0.0170581862330437 -0.0133676677942276
vn -2.0059796298746626 -1.9833183156901339 4.6846750472291685
v -0.0375946313142776 0.0168671458959579 -0.0134072164073586
vn -2.0059823512803199 -3.6250908485922406 3.5690946138568980
v -0.0375946313142776 0.0167057830840349 -0.0135168619453907
vn -2.0059780328437387 -4.7149795764851650 1.9101498949171791
v -0.0375946313142776 0.0165986623615026 -0.0136799123138189
vn -2.3645172544361603 1.4175977966018756 1.7881207459614390
v -0.0364420861005783 0.0169838797301054 -0.0133738024160266
vn -2.2924278581646909 3.5536826325083082 4.0754504778223302
v -0.0359946303069592 0.0169678442180157 -0.0127825671806931
vn -2.3136325300661968 2.8423092008037054 4.6405773539817448
v -0.0359946303069592 0.0173644069582224 -0.0130856139585376
vn -2.2722871822659299 0.8679069420124963 5.1143061764910787
v -0.0361450500786304 0.0175965242087841 -0.0133634787052870
vn -2.2864530640120830 2.0491789019947646 5.0266046874793506
v -0.0359946303069592 0.0176200456917286 -0.0132110500708222
vn -2.2474947284077706 1.2038139383311446 5.3856534793740334
v -0.0359946303069592 0.0179000589996576 -0.0133011508733034
vn -2.5768268099222156 0.2515831189269447 4.9123275680050869
v -0.0360235348343849 0.0180464927107096 -0.0133599769324064
vn -0.1387059002266397 0.1652217240841437 6.2709326649205792
v -0.0359946303069592 0.0183865725994110 -0.0133573301136494
vn -2.0817339825881325 -1.3058337058057630 -5.0296868872426010
v -0.0359946340322495 0.0113252010196447 -0.0212421528995037
vn -2.0817335037675218 -2.5631185344013514 -4.5203331962569191
v -0.0359946340322495 0.0101154455915093 -0.0207520499825478
vn -2.0817336563013513 -3.6457290337370112 -3.7029222747287394
v -0.0359946340322495 0.0090737594291568 -0.0199655406177044
vn -2.0817312342033696 -4.4798929039796871 -2.6331691691836587
v -0.0359946340322495 0.0082711316645145 -0.0189362224191427
vn -2.0817339676948805 -5.0087537668007514 -1.3839611725507792
v -0.0359946340322495 0.0077622579410672 -0.0177342407405376
vn -2.1515929548060075 -5.2769088325833593 -0.3831412790251801
v -0.0359946340322495 0.0075818207114935 -0.0164415109902620
vn -0.5059556951189208 -2.1543131537460551 5.2085122485980051
v -0.0344946347177029 0.0079144807532430 0.0050617284141481
vn -0.5059549167979426 2.0729848401310651 5.2414108352145394
v -0.0344946347177029 0.0129143306985497 0.0051006413996220
vn -1.9467912585557423 1.9693458055997568 4.7154380418155188
v -0.0352599993348122 0.0129155153408647 0.0049484050832689
vn -1.9467901504123333 -2.0425021841559117 4.6842143533054257
v -0.0352599993348122 0.0079156653955579 0.0049094920977950
vn -3.5971951879406530 1.9779265914615378 3.6127052812181168
v -0.0359088480472565 0.0129188885912299 0.0045148725621402
vn -3.5971974503093391 -2.0339185847781018 3.5814772697575137
v -0.0359088480472565 0.0079190405085683 0.0044759595766664
vn -4.6999692097117824 1.9907668004063388 1.9623353915372514
v -0.0363423936069012 0.0129239391535521 0.0038660457357764
vn -4.6999703567237763 -2.0210683058946723 1.9311130019259377
v -0.0363423936069012 0.0079240910708904 0.0038271325174719
vn -2.3075238771635123 5.2507469601058938 0.2789249270778353
v -0.0359946340322495 0.0134298801422119 0.0031045931391418
vn -2.3075235227683843 -5.2544488600959856 0.1971726362980899
v -0.0359946340322495 0.0074300612322986 0.0030578977894038
vn 2.3075211815152916 4.1898326526978007 3.4794482063698058
v -0.0309946313500404 0.0141174886375666 -0.0099762380123138
vn 2.3935965699292190 5.0416162356312366 2.1344265593244525
v -0.0309946313500404 0.0136789074167609 -0.0093307849019766
vn 2.3075210496378005 5.4145267128960848 0.5866660215283489
v -0.0309946313500404 0.0135207129642367 -0.0085666263476014
vn 2.1137162420063742 0.5466017262671556 -5.2210218354196307
v -0.0309946294873953 0.0261201728135347 -0.0212973840534687
vn 2.1515861709984176 -0.3009618375911695 -5.2822409325248794
v -0.0309946313500404 0.0126205822452903 -0.0214024465531111
vn 2.0059828928839374 1.9833104938469712 -4.6846698890184753
v -0.0309946294873953 0.0268843322992325 -0.0211391914635897
vn 2.0059836427559921 3.6250910824907372 -3.5690936252091561
v -0.0309946294873953 0.0275297854095697 -0.0207006074488163
vn 2.0059827808741550 4.7149769324267217 -1.9101513377784587
v -0.0309946294873953 0.0279582682996988 -0.0200484059751034
vn 2.1137138998300320 5.2289016736436364 -0.4652719566589918
v -0.0309946294873953 0.0281045474112034 -0.0192818772047758
vn 2.1150218529745919 5.2241474887751966 0.5384440704419753
v -0.0309946294873953 0.0280734170228243 -0.0152819994837046
vn 2.0060651830660534 4.6959691065810212 1.9614553696108399
v -0.0309946294873953 0.0279206894338131 -0.0145308785140514
vn 2.0037937220825137 3.5847025479789512 3.6065145837982278
v -0.0309946294873953 0.0274833422154188 -0.0138790160417557
vn 2.0043238202631510 1.9206178659995463 4.7083977089442621
v -0.0309946294873953 0.0268288068473339 -0.0134456800296903
vn 2.1130154417437677 0.4681881962102741 5.2278607734568121
v -0.0309946294873953 0.0260579138994217 -0.0132976248860359
vn 2.3075195131834705 0.5023150128940742 5.4230017257063885
v -0.0309946313500404 0.0183865725994110 -0.0133573301136494
vn -2.1137076645029165 0.4652719065155213 5.2289066113325884
v -0.0375946313142776 0.0210580639541149 -0.0133365374058485
vn -2.0595536365727458 4.9094885065395806 1.7039476515883598
v -0.0375946313142776 0.0215223934501410 -0.0136415921151638
vn -2.0874792658830490 4.4197731195687009 2.8186622069192584
v -0.0375946313142776 0.0214930102229118 -0.0135831600055099
vn -2.0717935410330570 1.6445551672653178 4.9308036488903717
v -0.0375946313142776 0.0212496984750032 -0.0133731076493859
vn -2.1104087738209727 2.7274638302848278 4.4788462069815687
v -0.0375946313142776 0.0213085785508156 -0.0134015772491693
vn -2.0453107404921855 3.6589344878046983 3.6853519431277562
v -0.0375946313142776 0.0214127469807863 -0.0134802283719182
vn -5.2527520287670342 2.3056041626048209 0.2560123493011114
v -0.0378946326673031 0.0212619509547949 -0.0138349663466215
vn -5.2527526839365848 2.3093092808725961 -0.2200936540117149
v -0.0378946326673031 0.0212930813431740 -0.0178348459303379
vn -5.1424820747938771 2.2184611989245790 -0.8987534363224685
v -0.0378946326673031 0.0212053135037422 -0.0182947609573603
vn -5.1424834532291932 1.7056541327162176 -1.6793052000580075
v -0.0378946326673031 0.0209482237696648 -0.0186860822141171
vn -5.1424903216436473 0.9331691536109041 -2.2041983615219842
v -0.0378946326673031 0.0205609519034624 -0.0189492311328650
vn -5.2527513580072513 0.2560122101098593 -2.3056047569843257
v -0.0378946326673031 0.0201024562120438 -0.0190441478043795
vn -5.2527529159044981 -0.2200941719296598 -2.3093090529300184
v -0.0378946326673031 0.0181025154888630 -0.0190597120672464
vn -5.1424835418862678 -0.8987510023056414 -2.2184610763761086
v -0.0378946326673031 0.0176426004618406 -0.0189719442278147
vn -5.1424882959041991 -1.6793041532814865 -1.7056494519773127
v -0.0378946326673031 0.0172512792050838 -0.0187148544937372
vn -5.1424910974215123 -2.2041973444246419 -0.9331703133939971
v -0.0378946326673031 0.0169881302863359 -0.0183275826275349
vn -5.2527519559841087 -2.3056040961792155 -0.2560130339267708
v -0.0378946326673031 0.0168932136148214 -0.0178690887987614
vn -5.2527484411126579 -2.3093105314598130 0.2201092906254707
v -0.0378946326673031 0.0168620832264423 -0.0138692092150450
vn -5.1425016875614311 -2.2184408550333830 0.8987687799398241
v -0.0378946326673031 0.0168767124414444 -0.0137925576418638
vn -5.1424907411952461 -1.7056593982294441 1.6792931375651365
v -0.0378946326673031 0.0169195607304573 -0.0137273371219635
vn -5.1424763593289633 -0.9331901162524194 2.2041997635624484
v -0.0378946326673031 0.0169841051101685 -0.0136834783479571
vn -5.2527577592777153 -0.2560084230119195 2.3055995483120073
v -0.0378946326673031 0.0170605219900608 -0.0136676589027047
vn 2.2970628067511685 3.4197157048243829 4.2395613472218505
v -0.0309946313500404 0.0169678423553705 -0.0127825671806931
vn 2.3817253623542083 2.0498204409774141 5.0780767486154792
v -0.0309946313500404 0.0176200438290834 -0.0132110500708222
vn 2.1515877370544834 -5.2769140239275991 -0.3831409426038851
v -0.0309946332126856 0.0075818202458322 -0.0164415109902620
vn 2.0817262287449125 -5.0087609297006459 -1.3839612066157203
v -0.0309946332126856 0.0077622570097446 -0.0177342407405376
vn 2.0817280341390090 -4.4798962530410327 -2.6331680622707907
v -0.0309946313500404 0.0082711307331920 -0.0189362224191427
vn 2.0817287756782497 -3.6457305226096093 -3.7029265218438985
v -0.0309946313500404 0.0090737584978342 -0.0199655406177044
vn 2.0817297319056625 -2.5631213937754294 -4.5203372247893601
v -0.0309946313500404 0.0101154455915093 -0.0207520499825478
vn 2.0817299662935040 -1.3058339003860699 -5.0296907367996981
v -0.0309946313500404 0.0113252000883222 -0.0212421528995037
vn 0.5059528386131422 2.0729832906859400 5.2414138117228566
v -0.0174946319311857 0.0129143279045820 0.0051006413996220
vn 0.5059532360912687 -2.1543158074150774 5.2085108374780704
v -0.0174946337938309 0.0079144779592752 0.0050617284141481
vn -2.2113898930201046 5.1352007722195703 0.9559855516205908
v -0.0358804538846016 0.0134254135191441 0.0036786010023206
vn -1.6925192007146705 5.1291710806450244 1.7325024433702452
v -0.0355552919209003 0.0134216248989105 0.0041652210056782
vn -0.9159919398900417 5.1251223664486645 2.2513433076248699
v -0.0350686572492123 0.0134190954267979 0.0044903703965247
vn -0.2380536323072381 5.2346480418695878 2.3483287923065372
v -0.0344946347177029 0.0134182060137391 0.0046045472845435
vn -0.2380597451232241 -5.2705619705377638 2.2665662789875904
v -0.0344946347177029 0.0074183875694871 0.0045578521676362
vn -0.9159899467967352 -5.1595463667336539 2.1713036063141669
v -0.0350686572492123 0.0074192765168846 0.0044436752796173
vn -1.6925239863417425 -5.1555095798956412 1.6524542667708149
v -0.0355552919209003 0.0074218069203198 0.0041185258887708
vn -2.2113980102506181 -2.4006514815516904 0.8973381287891495
v -0.0358804538846016 0.0074255946092308 0.0036319054197520
vn 1.8786863928695274 -5.5312041412157145 0.7064471234075403
v -0.0323762558400631 0.0074592325836420 -0.0006903976318426
vn 5.2086470145134189 -2.3350480389303865 1.5912390777407310
v -0.0320278070867062 0.0078331436961889 -0.0005488891038112
vn 2.0101511202800868 -5.5371717816642478 -0.0496489425821554
v -0.0325196348130703 0.0074534094892442 0.0000579885236220
vn 5.4743121389716229 -2.3907518149184166 -0.0387898547123878
v -0.0321446321904659 0.0078283967450261 0.0000609069684288
vn -1.8933144657835035 -5.5232730275789477 0.6976985366948765
v -0.0286130104213953 0.0074592321179807 -0.0006903976318426
vn -2.0101535903345287 -5.5371657693214074 -0.0496480738817824
v -0.0284696333110332 0.0074534090235829 0.0000579885199841
vn -5.4743188502141678 -2.3907427506422327 -0.0387811642227878
v -0.0288446340709925 0.0078283967450261 0.0000609069647908
vn -5.2086402107891585 -2.3350530917889576 1.5912758115222561
v -0.0289614591747522 0.0078331427648664 -0.0005488891620189
vn -4.7589391582084088 -2.3042267697949708 2.6804154021190034
v -0.0290080346167088 0.0078339688479900 -0.0006549794925377
vn -1.4718547885360946 -5.5149021803044569 1.3831174059260516
v -0.0290493108332157 0.0074644465930760 -0.0013603011611849
vn -4.0848323559843482 -2.3531199880814082 3.5890406294117403
v -0.0293169636279345 0.0078373905271292 -0.0010947365080938
vn -3.2420550737148823 -2.3032260146167216 4.4053004935543285
v -0.0294658765196800 0.0078384373337030 -0.0012290758313611
vn -0.8038402332655860 -5.5106490614768244 1.8530193753956372
v -0.0297108925879002 0.0074679404497147 -0.0018091384554282
vn -2.2400465595038348 -2.3651938606434584 4.9483450155954802
v -0.0298560298979282 0.0078402375802398 -0.0014604558236897
vn -1.1487852125644709 -2.3026049583158370 5.3521292299448557
v -0.0301274750381708 0.0078409155830741 -0.0015476754633710
vn 0.0304293719561898 -5.5335258481999396 1.9897790398160757
v -0.0304946340620518 0.0074691679328680 -0.0019669500179589
vn 0.0713009955390994 -2.3236390350721305 5.4654481912344979
v -0.0304946340620518 0.0078412387520075 -0.0015890429494902
vn 0.7943600492278363 -5.5383249368167746 1.8178390479655087
v -0.0312783755362034 0.0074679409153759 -0.0018091384554282
vn 1.0750552454735742 -2.1820556322093680 5.4680434694827564
v -0.0308617930859327 0.0078409155830741 -0.0015476754633710
vn 2.2964889310278349 -2.3322773203105598 4.9515218355034047
v -0.0311332382261753 0.0078402375802398 -0.0014604558236897
vn 1.4504556817793848 -5.5357637451587305 1.3658342185008698
v -0.0319399572908878 0.0074644465930760 -0.0013603011611849
vn 3.2228538423481803 -2.2363744260359106 4.4881087444638581
v -0.0315233916044235 0.0078384373337030 -0.0012290758313611
vn 4.1157257448111153 -2.3336691150771474 3.5776585000621575
v -0.0316723026335239 0.0078373914584517 -0.0010947365080938
vn 4.7636937365447674 -2.2747047169243002 2.7224690965629197
v -0.0319812335073948 0.0078339697793126 -0.0006549794925377
vn 2.1137106042443614 -5.4499361640686494 -0.2419277455241356
v -0.0309946332126856 0.0075078862719238 -0.0069417995400727
vn 1.8533097073153921 -5.5341307603940217 -0.8107509230385350
v -0.0308043323457241 0.0075004412792623 -0.0059851198457181
vn 0.9215329830300718 -5.1236464473514456 -2.2499720221121708
v -0.0169173441827297 0.0074875289574265 -0.0043263416737318
vn -1.4718592548277392 -5.5148963028495857 1.3831170556106818
v -0.0190493129193783 0.0074644451960921 -0.0013603011611849
vn -0.8038394527838347 -5.5106498058732383 1.8530210672523975
v -0.0197108909487724 0.0074679395183921 -0.0018091384554282
vn 0.2396117339485571 -5.2338968235665737 -2.3487532089459080
v -0.0174946337938309 0.0074884276837111 -0.0044418750330806
vn 0.0304310518160180 -5.5335253806492286 1.9897816479228136
v -0.0204946324229240 0.0074691665358841 -0.0019669502507895
vn 0.1995045462162668 -5.4350393185097108 -2.1560740933154205
v -0.0284946337342262 0.0074884290806949 -0.0044418750330806
vn 1.4583843532382184 -5.4939593708902104 -1.4806876742089004
v -0.0219265259802341 0.0074422643519938 0.0014898363733664
vn 0.7959989279350788 -5.4809033773138092 -1.9425118466560636
v -0.0212695673108101 0.0074388473294675 0.0019287877948955
vn -0.0000128765037075 -2.7488053387986366 -0.0213871758241118
v -0.0358804538846016 0.0074255946092308 0.0036319056525826
vn 1.8786140230189781 -5.5166716291413609 -0.8030077483073219
v -0.0323654897511005 0.0074473782442510 0.0008328989497386
vn 1.4583877784541783 -5.4939558039374843 -1.4806876138645182
v -0.0319265238940716 0.0074422652833164 0.0014898363733664
vn 0.7960006063700215 -5.4809061244440631 -1.9425088454952690
v -0.0312695689499378 0.0074388487264514 0.0019287877948955
vn 0.2380554394873938 -5.2705651184258571 2.2665655410217171
v -0.0174946337938309 0.0074183857068419 0.0045578521676362
vn 0.7676514202708697 -5.5256836237037819 -1.8963468813524527
v -0.0294513422995806 0.0074899108149111 -0.0046321703121066
vn 1.4184421926504187 -5.5290684783572823 -1.4615187344159195
v -0.0302624013274908 0.0074941292405128 -0.0051740859635174
vn -0.0296628589393871 -5.5005777610172215 -2.0776346223398603
v -0.0204946324229240 0.0074376473203301 0.0020829273853451
vn -0.7860555698824407 -5.5077940009477624 -1.9098230805710177
v -0.0197197012603283 0.0074388473294675 0.0019287877948955
vn 0.9159866027384833 -5.1595451756335562 2.1713060967733586
v -0.0169206075370312 0.0074192741885781 0.0044436752796173
vn -1.4378062720481752 -5.5126642896983507 -1.4672626082349667
v -0.0190627425909042 0.0074422638863325 0.0014898363733664
vn 1.7011002978770722 -5.1277378604948929 -1.7250957479238449
v -0.0164289884269238 0.0074849701486528 -0.0039975387044251
vn 2.2146691160234497 -5.1367682840146305 -0.9457621153680106
v -0.0161047913134098 0.0074811461381614 -0.0035061184316874
vn -1.8933082120016955 -5.5232744105022844 0.6976994843946362
v -0.0186130106449127 0.0074592307209969 -0.0006903976318426
vn 2.3062002869139158 -5.2530161308956256 -0.2743010492614057
v -0.0159946344792843 0.0074767540208995 -0.0029419206548482
vn -2.0101608389371104 -5.5371591234146962 -0.0496497508740613
v -0.0184696353971958 0.0074534076265991 0.0000579885127081
vn 2.3075099291847962 -5.2544593559791055 0.1971752428306987
v -0.0159946344792843 0.0074300589039922 0.0030578977894038
vn -1.8659851805179968 -5.5234695627283337 -0.8101952799360682
v -0.0186237767338753 0.0074473768472672 0.0008328988915309
vn 2.2113975312565248 -5.1494617126514042 0.8759391492171601
v -0.0161088146269321 0.0074255922809243 0.0036319054197520
vn 1.6925329029206546 -5.1554994478283493 1.6524511235406254
v -0.0164339728653431 0.0074218041263521 0.0041185258887708
vn -0.0296627798231635 -5.5005784931894821 -2.0776362844963319
v -0.0304946340620518 0.0074376487173140 0.0020829273853451
vn -0.7860564391496513 -5.5077940957390545 -1.9098207970716410
v -0.0297197010368109 0.0074388482607901 0.0019287877948955
vn -1.4378065379295690 -5.5126658062737759 -1.4672614472989549
v -0.0290627423673868 0.0074422648176551 0.0014898363733664
vn 1.8786097913175701 -5.5166755787851232 -0.8030064494550520
v -0.0223654918372631 0.0074473773129284 0.0008328988915309
vn -1.8659928061017106 -5.5234598621932784 -0.8102048055236506
v -0.0286237783730030 0.0074473777785897 0.0008328988915309
vn 2.0101601294156701 -5.5371594446198271 -0.0496471184519805
v -0.0225196331739426 0.0074534080922604 0.0000579885163461
vn 1.8786783962901208 -5.5312096441586789 0.7064410917297465
v -0.0223762579262257 0.0074592311866581 -0.0006903976318426
vn 1.4504562056165562 -5.5357577152488222 1.3658413613647442
v -0.0219399556517601 0.0074644456617534 -0.0013603011611849
vn 0.7943576918417381 -5.5383232942501381 1.8178475153121130
v -0.0212783738970757 0.0074679395183921 -0.0018091384554282
vn 5.4516552522276287 2.1120920569818473 0.2159522728154971
v -0.0304946321994066 0.0130207287147641 -0.0085705174133182
vn 5.5402746346739171 1.8472531610927618 0.7820558655035846
v -0.0304946321994066 0.0132184708490968 -0.0095257163047791
vn 5.4516556505070302 1.6251075616711332 1.3662336823478833
v -0.0304946321994066 0.0137666976079345 -0.0103325322270393
vn 5.2527670634389469 0.2560061053970116 -2.3055909098684739
v -0.0304946303367615 0.0261162817478180 -0.0207973979413509
vn 5.2924275604023538 -0.1364056211256970 -2.2828649236019092
v -0.0304946321994066 0.0126166902482510 -0.0209024623036385
vn 5.1424887921658726 0.9331701922961906 -2.2041986152787212
v -0.0304946303367615 0.0266894008964300 -0.0206787548959255
vn 5.1424899322456081 1.7056487454117959 -1.6793032362534568
v -0.0304946303367615 0.0271734911948442 -0.0203498173505068
vn 5.1424898433065120 2.2184551841198057 -0.8987508712249035
v -0.0304946303367615 0.0274948533624411 -0.0198606662452221
vn 5.2527617913118316 2.3093008340127423 -0.2200924655087933
v -0.0304946303367615 0.0276045631617308 -0.0192857701331377
vn 5.2549876925140770 2.3043223025440276 0.2513488336736316
v -0.0304946303367615 0.0275734327733517 -0.0152858905494213
vn 5.1439702028028673 2.2075538472833593 0.9229614239618382
v -0.0304946303367615 0.0274588875472546 -0.0147225502878428
vn 5.1410007402642979 1.6879367814981205 1.6983309700020310
v -0.0304946303367615 0.0271308775991201 -0.0142336534336209
vn 5.1410010466832414 0.9043055368151734 2.2171351100088543
v -0.0304946303367615 0.0266399756073952 -0.0139086507260799
vn 5.2520214205926798 0.2216394341603949 2.3097440077815192
v -0.0304946303367615 0.0260618031024933 -0.0137976100668311
vn -5.2527560571441461 0.2200949320923480 2.3093059767428983
v -0.0378946326673031 0.0210603997111320 -0.0136365285143256
vn 5.4516545223237385 0.1830500510644736 2.1152004543916179
v -0.0304946321994066 0.0183904636651278 -0.0138573143631220
vn -5.1596670160857769 0.8774899341699137 2.2119844638870108
v -0.0378946326673031 0.0211370531469584 -0.0136511567980051
vn -5.1737610812674877 1.6617983687111333 1.6878656612758034
v -0.0378946326673031 0.0212022736668587 -0.0136940050870180
vn -5.1596645820563216 2.1980623930716452 0.9118089059899122
v -0.0378946326673031 0.0212461315095425 -0.0137585503980517
vn 5.4516542137978554 1.3407753621382146 1.6461772983578773
v -0.0304946321994066 0.0166170522570610 -0.0131388613954186
vn 5.5402744835166455 0.7532088584894092 1.8592031473742647
v -0.0304946321994066 0.0174323040992022 -0.0136744650080800
vn 5.2924310236441539 -2.2804654876585473 -0.1719167716009080
v -0.0304946340620518 0.0080818058922887 -0.0164376217871904
vn 5.2218187200614796 -2.2574403059077071 -0.6237446594098554
v -0.0304946321994066 0.0082441987469792 -0.0176010765135288
vn 5.2218190848283834 -2.0190812641434044 -1.1867640538624358
v -0.0304946321994066 0.0087021840736270 -0.0186828617006540
vn 5.2218228380136322 -1.6431220858126008 -1.6689017691567583
v -0.0304946321994066 0.0094245495274663 -0.0196092464029789
vn 5.2218217969949068 -1.1551930896932407 -2.0373062058621780
v -0.0304946321994066 0.0103620681911707 -0.0203171055763960
vn 5.2218241072836964 -0.5885361846744340 -2.2668707342342520
v -0.0304946321994066 0.0114508466795087 -0.0207581967115402
vn 5.2251136139258669 -2.1175911760743595 0.4894945771744773
v -0.0154946325346828 0.0079300431534648 0.0030617888551205
vn 5.2251188561590105 2.1097116255428237 0.5223894272540432
v -0.0154946316033602 0.0129298930987716 0.0031007018405944
vn 4.6999694758564594 1.9907685217633757 1.9623461764258310
v -0.0156468730419874 0.0129239363595843 0.0038660457357764
vn 4.6999691724451287 -2.0210740123899402 1.9311260054177648
v -0.0156468749046326 0.0079240882769227 0.0038271325174719
vn 3.5972043912217009 1.9779249740132734 3.6127027325258840
v -0.0160804186016321 0.0129188867285848 0.0045148725621402
vn 3.5972082963938656 -2.0339148280141757 3.5814801513274976
v -0.0160804204642773 0.0079190386459231 0.0044759595766664
vn 1.9467917805935189 1.9693445584068834 4.7154326206977881
v -0.0167292635887861 0.0129155134782195 0.0049484050832689
vn 1.9467934592307889 -2.0424983412134186 4.6842125398099581
v -0.0167292654514313 0.0079156635329127 0.0049094920977950
vn -5.1980663175503468 -2.3088556605902166 -1.6635742302434948
v -0.0289702322334051 0.0078234840184450 0.0006923155160621
vn -3.0643765527468285 3.5799487775288146 0.0272116317575668
v -0.0288446322083473 0.0134532274678349 0.0001046839315677
vn -2.7621950492512890 3.5875135267713860 -1.2998467172470474
v -0.0290080327540636 0.0134476553648710 0.0008205703925341
vn -4.7410361844571876 -2.2442271925388839 -2.7724843774929928
v -0.0290080346167088 0.0078228265047073 0.0007767934584990
vn -4.0930818239751785 -2.2810589384999318 -3.6351420802701964
v -0.0293279085308313 0.0078193163499236 0.0012275977060199
vn -1.9123682250519516 3.5901868624651474 -2.3680163524639672
v -0.0294658746570349 0.0134431868791580 0.0013946667313576
vn -3.2055324263789582 -2.1770845457112262 -4.5220299625273519
v -0.0294658765196800 0.0078183561563492 0.0013508897973225
vn -2.2804598715190356 -2.2574116242527862 -4.9925243887385378
v -0.0298632066696882 0.0078165335580707 0.0015852621290833
vn -0.6826659831937206 3.5919818167518276 -2.9610876484410182
v -0.0301274731755257 0.0134407067671418 0.0017132662469521
vn -1.0706392915671945 -2.1043219282270815 -5.4948432973915660
v -0.0301274750381708 0.0078158779069781 0.0016694893129170
vn -0.0689054527773384 -2.2397350657922028 -5.4999665414027632
v -0.0304946340620518 0.0078155566006899 0.0017108570318669
vn 0.6826685963856158 3.5919802986998657 -2.9610818443033549
v -0.0308617912232876 0.0134407076984644 0.0017132662469521
vn 1.1416614249505599 -2.2200798444220347 -5.3862636660009686
v -0.0308617930859327 0.0078158788383007 0.0016694893129170
vn 2.2286496804274014 -2.2877538344903350 -4.9897658421565447
v -0.0311260614544153 0.0078165335580707 0.0015852621290833
vn 1.9123672472469533 3.5901876225465865 -2.3680227282567499
v -0.0315233916044235 0.0134431878104806 0.0013946667313576
vn 3.2238535965121562 -2.2366853039107046 -4.4492660557434736
v -0.0315233916044235 0.0078183570876718 0.0013508897973225
vn 4.0684180669734111 -2.2964379257858694 -3.6441872358769887
v -0.0316613577306271 0.0078193163499236 0.0012275978224352
vn 2.7622004024407358 3.5875158685528032 -1.2998446230155190
v -0.0319812335073948 0.0134476553648710 0.0008205703925341
vn 3.0643801490264684 3.5799436061115704 0.0272149811392108
v -0.0321446321904659 0.0134532283991575 0.0001046839315677
vn 5.1980747594755803 -2.3088528729464581 -1.6635201788208400
v -0.0320190340280533 0.0078234840184450 0.0006923155160621
vn 4.7382656703273636 -2.2663989423446917 -2.7407621555848882
v -0.0319812335073948 0.0078228265047073 0.0007767934584990
vn 2.7622360656838465 3.5653747293478109 1.3559259607893392
v -0.0319812335073948 0.0134587986394763 -0.0006112025585026
vn 1.9122488150469861 3.5523333367650070 2.4238105442677198
v -0.0315233916044235 0.0134632661938667 -0.0011852990137413
vn 0.6825965326095718 3.5453531301569643 3.0166661697192296
v -0.0308617912232876 0.0134657463058829 -0.0015038984129205
vn -0.6825979313939261 3.5453546112038392 3.0166646596020561
v -0.0301274731755257 0.0134657463058829 -0.0015038984129205
vn -1.9122476264800552 3.5523326257136958 2.4238099645335298
v -0.0294658746570349 0.0134632661938667 -0.0011852990137413
vn -2.7622287147830065 3.5653722966815593 1.3559329092296286
v -0.0290080327540636 0.0134587977081537 -0.0006112025585026
vn 2.1137132717502110 5.4530391798445148 -0.1570763971944939
v -0.0309946313500404 0.0135077051818371 -0.0068951044231653
vn 5.4189313992350607 2.3116822878199601 -0.5265339192366032
v -0.0304946321994066 0.0130077200010419 -0.0068989954888821
vn 5.0580776269358756 2.4098266860827411 -2.0764339474119486
v -0.0303423907607794 0.0130017641931772 -0.0061336513608694
vn 1.8532748849657397 5.5460787498521116 -0.7245144055073449
v -0.0308043304830790 0.0135002601891756 -0.0059384247288108
vn 3.8712854266712897 2.4236483638251021 -3.8525409049439840
v -0.0299088452011347 0.0129967136308551 -0.0054848245345056
vn 1.4184463871979989 5.5511451365716322 -1.3752801100978054
v -0.0302623994648457 0.0134939476847649 -0.0051273908466101
vn 2.0951246688205862 2.4328910050777885 -5.0392926369712789
v -0.0292599983513355 0.0129933403804898 -0.0050512920133770
vn 0.7676590196501391 5.5545317397980600 -1.8101098522811931
v -0.0294513404369354 0.0134897287935019 -0.0045854751951993
vn 0.5445054072511225 2.3496221057017093 -5.4008059217876419
v -0.0284946318715811 0.0129921548068523 -0.0048990556970239
vn 0.1995071644911533 5.4679387988310602 -2.0712199916821326
v -0.0284946318715811 0.0134882479906082 -0.0043951799161732
vn 0.2380572427483091 5.2705644500548976 -2.2665682764668333
v -0.0174946319311857 0.0134882461279631 -0.0043951799161732
vn 0.5059540911863536 2.1543147349068597 -5.2085116825908120
v -0.0174946319311857 0.0129921538755298 -0.0048990556970239
vn 2.3075121923444875 5.2544589068366614 -0.1971731238507721
v -0.0159946326166391 0.0134765729308128 -0.0028952253051102
vn 5.2252226612488037 2.1183519717316681 -0.4889566954012184
v -0.0154946316033602 0.0129765886813402 -0.0028991163708270
vn 4.7000559570641869 2.0223574697468858 -1.9313465989446645
v -0.0156468730419874 0.0129825454205275 -0.0036644600331783
vn 2.2113933677772217 5.1494655451256275 -0.8759411788189516
v -0.0161088127642870 0.0134810395538807 -0.0034692331682891
vn 3.5971517621406122 2.0346876033123635 -3.5816779463948594
v -0.0160804186016321 0.0129875931888819 -0.0043132873252034
vn 1.6925318504513389 2.4066923417899142 -1.6738462485365391
v -0.0164339710026979 0.0134848272427917 -0.0039558531716466
vn 1.9466395471105864 2.0427572282242799 -4.6843123839308056
v -0.0167292635887861 0.0129909683018923 -0.0047468193806708
vn 0.9159893442280321 2.4107351066300313 -2.1926977068238749
v -0.0169206056743860 0.0134873576462269 -0.0042810025624931
vn 5.4743225832258204 -2.3907401876217533 -0.0387834353840287
v -0.0221446342766285 0.0078283958137035 0.0000609069611528
vn 5.2086306411960557 -2.3350628677026930 1.5913155676523476
v -0.0220278091728687 0.0078331418335438 -0.0005488891620189
vn 3.0643762187132961 3.5799508820233097 0.0272116648742637
v -0.0221446324139833 0.0134532265365124 0.0001046839242917
vn 2.7622326697277013 3.5653637768668256 1.3559328347868813
v -0.0219812300056219 0.0134587967768312 -0.0006112025585026
vn 4.7636507922055102 -2.2746987246454169 2.7225112109189720
v -0.0219812318682671 0.0078339679166675 -0.0006549794925377
vn 4.1157376150712244 -2.3336728656918106 3.5776468594807218
v -0.0216723047196865 0.0078373895958066 -0.0010947365080938
vn 1.9122504842181540 3.5523369187296883 2.4238082241935759
v -0.0215233918279409 0.0134632652625442 -0.0011852990137413
vn 3.2228530205369204 -2.2363652040262618 4.4881227706027538
v -0.0215233936905861 0.0078384364023805 -0.0012290759477764
vn 2.2964862231345191 -2.3322713410667326 4.9515245997101562
v -0.0211332365870476 0.0078402366489172 -0.0014604558236897
vn 0.6825973896802964 3.5453533235150827 3.0166654379314486
v -0.0208617914468050 0.0134657453745604 -0.0015038984129205
vn 1.0750597023484794 -2.1820544875579295 5.4680447956813403
v -0.0208617933094501 0.0078409146517515 -0.0015476754633710
vn 0.0712982947961008 -2.3236378457475624 5.4654496059630198
v -0.0204946324229240 0.0078412378206849 -0.0015890430659056
vn -0.6825965483150486 3.5453533441831753 3.0166647256063990
v -0.0201274733990431 0.0134657453745604 -0.0015038984129205
vn -1.1487818326806742 -2.3026036021254010 5.3521292122113469
v -0.0201274752616882 0.0078409146517515 -0.0015476754633710
vn -2.2400411363208810 -2.3651947263731410 4.9483479130886137
v -0.0198560282588005 0.0078402366489172 -0.0014604558236897
vn -1.9122493100736737 3.5523377729423489 2.4238058478330284
v -0.0194658730179071 0.0134632652625442 -0.0011852990137413
vn -3.2420737429320048 -2.3032250955273819 4.4052935048789479
v -0.0194658748805523 0.0078384364023805 -0.0012290759477764
vn -4.0848536605585926 -2.3531117641006460 3.5890238293763570
v -0.0193169638514519 0.0078373895958066 -0.0010947365080938
vn -2.7622338497654555 3.5653656272619418 1.3559303650512706
v -0.0190080348402262 0.0134587967768312 -0.0006112025585026
vn -5.4743251244343645 -2.3907349931638806 -0.0387849936649077
v -0.0188446342945099 0.0078283958137035 0.0000609069575148
vn -3.0643758994593235 3.5799528941467900 0.0272142689188719
v -0.0188446324318647 0.0134532265365124 0.0001046839242917
vn -5.2086325455022919 -2.3350589720477437 1.5913156376939463
v -0.0189614593982697 0.0078331418335438 -0.0005488891620189
vn -4.7589201185684917 -2.3042169834415613 2.6804430477264667
v -0.0190080367028713 0.0078339679166675 -0.0006549794925377
vn 5.1980515896473509 -2.3088708932372950 -1.6636184486669370
v -0.0220190361142159 0.0078234830871224 0.0006923155160621
vn 4.7382128303243558 -2.2663818217144662 -2.7408280303999533
v -0.0219812318682671 0.0078228255733848 0.0007767934584990
vn 4.0684275084373125 -2.2964382035244810 -3.6441814079175101
v -0.0216613598167896 0.0078193154186010 0.0012275977060199
vn 3.2238452854404773 -2.2366895129262288 -4.4492706828963593
v -0.0215233936905861 0.0078183552250266 0.0013508897973225
vn 2.2286458823226538 -2.2877461286800203 -4.9897732907120798
v -0.0211260616779327 0.0078165326267481 0.0015852621290833
vn 1.1416595169788193 -2.2200815608937887 -5.3862632649623743
v -0.0208617933094501 0.0078158769756556 0.0016694893129170
vn -0.0689050224413662 -2.2397324191718111 -5.4999686457427606
v -0.0204946324229240 0.0078155556693673 0.0017108570318669
vn -1.0706410572463485 -2.1043222963298254 -5.4948423410514033
v -0.0201274752616882 0.0078158769756556 0.0016694893129170
vn -2.2804562425195858 -2.2574096927986855 -4.9925263723129802
v -0.0198632068932056 0.0078165326267481 0.0015852621290833
vn -3.2055432883671275 -2.1770853137645760 -4.5220280133664597
v -0.0194658748805523 0.0078183552250266 0.0013508897973225
vn -4.0930951132478253 -2.2810594708421834 -3.6351230155145302
v -0.0193279087543488 0.0078193154186010 0.0012275977060199
vn -5.1980504674118597 -2.3088703264584400 -1.6636184660633924
v -0.0189702324569225 0.0078234821557999 0.0006923155160621
vn -4.7410033776577292 -2.2442303398293784 -2.7725080624985239
v -0.0190080367028713 0.0078228246420622 0.0007767934584990
vn -2.7622024970557395 3.5875068448081411 -1.2998475813725101
v -0.0190080348402262 0.0134476535022259 0.0008205703925341
vn -1.9123708353273299 3.5901922251854002 -2.3680181146280277
v -0.0194658730179071 0.0134431859478354 0.0013946667313576
vn -0.6826658917050025 3.5919807898687970 -2.9610869802662991
v -0.0201274733990431 0.0134407058358192 0.0017132662469521
vn 0.6826653341677646 3.5919803451221854 -2.9610873984944313
v -0.0208617914468050 0.0134407058358192 0.0017132662469521
vn 1.9123724830750535 3.5901909412601758 -2.3680162115910690
v -0.0215233918279409 0.0134431859478354 0.0013946667313576
vn 2.7621992698302891 3.5875050133945932 -1.2998472086902104
v -0.0219812300056219 0.0134476544335485 0.0008205703925341
vn -0.0000001635870561 2.7488088751973607 0.0213922986645119
v -0.0169206056743860 0.0134873576462269 -0.0042810030281544
vn 0.2380568780252754 5.2346460543000317 2.3483264834891724
v -0.0174946319311857 0.0134182041510940 0.0046045472845435
vn 0.9159904509325998 5.1251241419951361 2.2513467407791374
v -0.0169206056743860 0.0134190926328301 0.0044903703965247
vn 1.6925296234247869 5.1291604109749285 1.7324988178978185
v -0.0164339710026979 0.0134216230362654 0.0041652210056782
vn 2.2113930809450579 5.1352040116538298 0.9559814902923940
v -0.0161088127642870 0.0134254107251763 0.0036786010023206
vn 2.3075174138247307 5.2507552404855158 0.2789256279031129
v -0.0159946326166391 0.0134298773482442 0.0031045931391418
vn 0.0000007559798300 2.7488093719335396 0.0213935740282339
v -0.0164339710026979 0.0134848272427917 -0.0039558536373079
vn 5.2282798563060613 -2.1118717234524147 -0.5136866178499314
v -0.0154946325346828 0.0079767387360334 -0.0029380293563008
vn 4.7114879440002735 -1.9931088223230888 -1.9401962457121513
v -0.0156415104866028 0.0079825939610600 -0.0036902935244143
vn 3.6126118753403960 -1.9779665093723597 -3.5944592682544156
v -0.0160737708210945 0.0079876929521561 -0.0043455203995109
vn 1.9569233282608041 -1.9687758149808225 -4.7090425607862700
v -0.0167249143123627 0.0079911053180695 -0.0047839242033660
vn 0.5086781329821392 -2.0725539468067584 -5.2403867961302728
v -0.0174946337938309 0.0079923039302230 -0.0049379686824977
vn 0.5445039093730411 -2.2652771002126690 -5.4367218331342917
v -0.0284946337342262 0.0079923048615456 -0.0049379686824977
vn 2.0951213318363529 -2.3541604679644803 -5.0765519296295292
v -0.0292600002139807 0.0079934904351830 -0.0050902049988508
vn 3.8712815430238412 -2.3633973934968315 -3.8897963672120590
v -0.0299088470637798 0.0079968655481935 -0.0055237375199795
vn 5.0580806188405445 -2.3772145742318407 -2.1136870669851273
v -0.0303423926234245 0.0080019161105156 -0.0061725648120046
vn 5.4189275313765144 -2.3032141934192376 -0.5624459699618709
v -0.0304946340620518 0.0080078700557351 -0.0069379084743559
vn -1.5247453720835289 2.5974777665947761 3.6728358239318668
v -0.0294946320354939 0.0132508166134357 0.0088974218815565
vn -0.3990305041228603 6.2294954959443736 0.2985840961427410
v -0.0289946328848600 0.0133847855031490 0.0088984640315175
vn -0.3064455260750484 3.0884041405114253 2.9693728236587944
v -0.0294946320354939 0.0133847855031490 0.0088984640315175
vn -0.3442630023654837 -0.4846008083088206 6.2300684686205816
v -0.0315959304571152 -0.0002751234569587 0.0087921516969800
vn -3.3072333048021489 -0.1605545374607042 3.1319256345689084
v -0.0299946349114180 -0.0014876795466989 0.0087827146053314
vn -0.2533831085463396 0.3525756293727341 6.2340360786488578
v -0.0304946340620518 0.0063849990256131 0.0088439853861928
vn -3.0892789480243787 0.3755257007000215 3.3994115361243047
v -0.0299946330487728 0.0123848170042038 0.0088906809687614
vn -3.1114102083458230 0.2835179868308476 2.9475383257239711
v -0.0304946321994066 0.0123848170042038 0.0088906809687614
vn -2.8466840192123559 1.1577070351790590 2.7579877192546727
v -0.0304185114800930 0.0127674881368876 0.0088936593383551
vn -2.6267518068947124 1.4933527652558622 3.6695498417331454
v -0.0298606567084789 0.0128848012536764 0.0088945729658008
vn -2.1787656350678928 2.1572984624435239 2.7657705781831008
v -0.0302017387002707 0.0130919013172388 0.0088961841538548
vn -0.5022015531325732 0.4552136998593218 6.1653337577790444
v -0.0349946320056915 0.0063849994912744 0.0088439853861928
vn -0.6222960105290041 -0.0828315450402961 6.2201740281986151
v -0.0349946320056915 0.0033025545999408 0.0088199963793159
vn -1.1791348349704911 2.8252012825932633 2.7709577936639427
v -0.0298773162066936 0.0133086685091257 0.0088978717103601
vn -0.4828232714177036 -0.4229316803095146 6.2197664991570836
v -0.0345409810543060 0.0020267188083380 0.0088100666180253
vn -0.4145879562814479 -0.4868692787287062 6.2210046242398604
v -0.0343376323580742 0.0018118665320799 0.0088083939626813
vn -0.3607661238370652 -0.5012075606811994 6.2256582630716348
v -0.0341972038149834 0.0016946949763224 0.0088074821978807
vn -0.6181337722696845 -0.1901394000623997 6.2167116316357971
v -0.0349424742162228 0.0028459532186389 0.0088164424523711
vn -0.5610669597825425 -0.3237531884348258 6.2175673921114711
v -0.0347843803465366 0.0024050036445260 0.0088130105286837
vn -0.5995734501510361 6.1256909561906090 -0.5767350419585839
v -0.0294946320354939 0.0134065318852663 0.0061045018956065
vn -2.2850440814150685 5.5930411895848087 -0.5256213762548323
v -0.0298773162066936 0.0133304130285978 0.0061039100401103
vn -4.2579122364836648 4.3350894662866599 -0.4131328123273095
v -0.0302017387002707 0.0131136458367109 0.0061022229492664
vn -5.6271029187529384 2.4087848991424163 -0.2360835747887636
v -0.0304185114800930 0.0127892335876822 0.0060996976681054
vn -6.1614985846921773 0.5068306192287200 -0.4985644367619957
v -0.0304946321994066 0.0124065624549985 0.0060967192985117
vn -0.0775432278191653 4.7238248562020040 3.9978161792346287
v -0.0289067514240742 0.0130528109148145 0.0139190284535289
vn -0.0088329992346135 3.8486385194148269 4.8407894199063284
v -0.0289064105600119 0.0130500374361873 0.0139217274263501
vn 1.1788300647197965 2.2605730249393776 5.5225263646275646
v 0.0395048819482327 0.0127933742478490 0.0055664894171059
vn 0.0632024589097531 2.8450227985987047 5.4887708177477164
v -0.0288798119872808 0.0127267222851515 0.0141315897926688
vn 1.2047909496217939 0.5180309347225811 6.0551278146626490
v 0.0395143441855907 0.0124101145192981 0.0056390389800072
vn 0.1069241263739036 1.7303297616032516 5.9324546022818145
v -0.0288796816021204 0.0127241797745228 0.0141326077282429
vn 0.1308581311109064 0.5476199152688277 6.1552342582867556
v -0.0288703516125679 0.0123434634879231 0.0142041388899088
vn 0.9437091312305734 4.2530149066839513 4.2649534734597569
v 0.0394779480993748 0.0131194628775120 0.0053539290092885
vn 0.5115563048286875 5.6063445647497954 2.4231312013332751
v 0.0394376255571842 0.0133387334644794 0.0050337174907327
vn -0.2198267728074625 5.5599264076982307 2.4410433716818436
v -0.0289470721036196 0.0132720815017819 0.0135988174006343
vn 0.1282740675131122 6.2118040181250009 0.6762995869725461
v 0.0393900610506535 0.0134178074076772 0.0046546049416065
vn -0.4108004620327705 6.1501254466490884 0.6859336571886429
v -0.0289946328848600 0.0133511545136571 0.0132197057828307
vn 0.8319107475269654 -2.1950573369561885 5.6906614141182343
v -0.0261787474155426 -0.0028692360501736 0.0136636476963758
vn 0.2449010989190533 -2.3267114393511426 5.6384437206387625
v -0.0268992148339748 -0.0028841833118349 0.0137421209365129
vn -0.2846844781338529 -4.1527388422859790 4.3288635961075030
v -0.0270388033241034 -0.0033730471041054 0.0134404357522726
vn 0.6388978676575828 -0.6492456759359699 6.1851105755083200
v -0.0268541947007179 -0.0023510050959885 0.0138372387737036
vn 0.6311374586794791 -0.2912493701687451 6.2380198552157697
v -0.0274080727249384 -0.0020769387483597 0.0139087485149503
vn 0.2276844532607861 -1.0188384251902272 6.1609501842971595
v -0.0275648124516010 -0.0022769768256694 0.0139051238074899
vn -0.3934004232372142 -2.1989590186880426 5.7416756025229017
v -0.0275878962129354 -0.0026019716169685 0.0138305798172951
vn 0.7944478873401639 -4.0418674822131724 4.5177303052101951
v -0.0261385086923838 -0.0033371883910149 0.0133797386661172
vn -0.7860708924251322 -5.3054824747741280 2.7928349148811265
v -0.0271673630923033 -0.0037040235474706 0.0129677671939135
vn 0.7386587133575265 -5.3410267620882159 2.8997046959157013
v -0.0261375512927771 -0.0036754948087037 0.0129476133733988
vn -0.1513727192182744 -6.0217323454133584 1.4132455055067568
v -0.0269255936145782 -0.0038580277469009 0.0125513570383191
vn 0.7072810699059454 -6.0233122638910448 1.3595035371853774
v -0.0261686369776726 -0.0038280740845948 0.0124985519796610
vn -1.7448565578606083 -5.7858934038326684 1.4051642418845152
v -0.0273852050304413 -0.0037816013209522 0.0125764813274145
vn -1.2134314073983390 -5.9907052879991385 1.3447884280001292
v -0.0272696055471897 -0.0038076990749687 0.0125706596300006
vn -0.9668289012214542 -6.0337388927051609 1.3263913686359547
v -0.0272406712174416 -0.0038135063368827 0.0125691518187523
vn -2.9803893645419794 -4.5434444664675082 2.8777659478669566
v -0.0283528286963701 -0.0031538256444037 0.0131205357611179
vn -3.4438487306793322 -5.0385034859150490 1.2680479466967687
v -0.0284946002066135 -0.0032498494256288 0.0126122105866671
vn -2.5618358620091204 -5.4380162100830640 1.3632046801033564
v -0.0280246697366238 -0.0035442409571260 0.0126025220379233
vn -0.7643741068581366 -2.0510417590364494 5.8117881832334337
v -0.0277409665286541 -0.0024933090899140 0.0138505985960364
vn -1.9446737064497428 -3.4338772842743466 4.7124930901005611
v -0.0280849896371365 -0.0028874089475721 0.0135752577334642
vn -1.4649037499634010 -3.7402613137625891 4.5647660232204306
v -0.0278950035572052 -0.0030222814530134 0.0135504100471735
vn -2.4249720539922714 -4.8138958424855636 2.7943637880288903
v -0.0281376931816339 -0.0033065530005842 0.0130924005061388
vn 0.8008281177252355 -0.6114414748927527 6.1756301051745739
v -0.0262455176562071 -0.0023803734220564 0.0137607697397470
vn 1.1485982304909466 -5.9599039665894216 1.4643673343322274
v 0.0158263780176640 0.0029426205437630 0.0072759548202157
vn 1.2018335272465268 -5.9221802490497550 1.4555984578273253
v 0.0314584709703922 0.0054647698998451 0.0053250514902174
vn 1.3887714328509526 -5.0612019112506399 3.2389014331263923
v 0.0314971171319485 0.0057461257092655 0.0059988554567099
vn 1.2176312532998232 -5.3598888857377105 2.8454192507147384
v 0.0028515867888927 0.0009991168044508 0.0093529215082526
vn 1.4140629735405641 -3.9817928848773261 4.5781259692750691
v 0.0314919687807560 0.0059606726281345 0.0062335189431906
vn 1.2076239628720900 -3.9888118781982422 4.5595783116223538
v 0.0028506033122540 0.0013374196132645 0.0097850495949388
vn 1.2392350071345508 -2.5707959929801394 5.4682019513349669
v 0.0314736850559711 0.0062188450247049 0.0064184595830739
vn 1.0517645462471306 -2.0969373959835971 5.7219596842765545
v 0.0028103294316679 0.0018053679959849 0.0100689632818103
vn 1.1356076425359176 -6.0049504460931544 1.3445171877127899
v 0.0030484311282635 0.0008819878567010 0.0088667683303356
vn 0.8584842319529731 -0.5681873636302488 6.1756833829733822
v 0.0019304382149130 0.0021630800329149 0.0102669121697545
vn 1.0492523972043502 -2.1081992145323496 5.7200830338614166
v -0.0119897499680519 -0.0005814892938361 0.0119041902944446
vn 1.2085066529384640 -3.9879297358260279 4.5599405942151812
v -0.0119494982063770 -0.0010494415182620 0.0116202794015408
vn 1.2175107807948626 -5.3589882533646804 2.8483657960124793
v -0.0119485296308994 -0.0013877480523661 0.0111881531774998
vn 0.9047222657991478 -0.8103515777375112 6.1149816136917563
v 0.0313861109316349 0.0069176722317934 0.0066144051961601
vn 2.5510479531514396 -4.9502952013289852 2.5835490672190060
v 0.0341757796704769 0.0064441477879882 0.0054717850871384
vn 3.0961757531407108 -4.6544983136343632 2.5642025661886598
v 0.0350870974361897 0.0069288262166083 0.0053614089265466
vn 2.6093719702887692 -3.4776895022009140 4.3495647829941326
v 0.0349646918475628 0.0072227921336889 0.0058083995245397
vn 1.1061432975190393 -0.4462569709200110 6.1468220004581395
v 0.0359183512628078 0.0090991081669927 0.0060636913403869
vn 1.0558488986954915 -0.5119544761514644 6.1483751952703365
v 0.0345165766775608 0.0080549539998174 0.0062311459332705
vn 1.9594867171051238 -1.7231366734222713 5.5882574649186827
v 0.0355383493006229 0.0081540476530790 0.0060189925134182
vn 2.0290877738305757 -1.5836394310638462 5.6262899911556277
v 0.0362275876104832 0.0087467692792416 0.0059435325674713
vn 2.9588860868693576 -3.2469214866011007 4.3005580665291596
v 0.0357857085764408 0.0077740107662976 0.0057098525576293
vn 3.0575228978257560 -2.9520070754434307 4.4847747308984616
v 0.0364997200667858 0.0084137208759785 0.0056592104956508
vn 3.6655294808029679 -4.2808701865216481 2.3912472746137068
v 0.0359371937811375 0.0074995681643486 0.0052593704313040
vn 3.7363013063118791 -3.9854128684109407 2.8683045340009259
v 0.0366716794669628 0.0081775486469269 0.0052797077223659
vn 1.5084039526492337 -5.8281166421100608 1.4240867778508524
v 0.0319567732512951 0.0055583734065294 0.0052720624953508
vn 2.1394992858863016 -5.7122449142641329 1.1856048721812404
v 0.0332746766507626 0.0059313406236470 0.0051333489827812
vn 2.0531872372103224 -5.1203711027716441 2.7031013593784974
v 0.0332203693687916 0.0060559464618564 0.0055884341709316
vn 2.8879829181745382 -5.3875567783060134 1.1730680604084991
v 0.0345252566039562 0.0064744045957923 0.0050031542778015
vn 1.8192747284849484 -3.8319548682652003 4.4417271134466123
v 0.0331616662442684 0.0063797030597925 0.0060276780277491
vn 1.3167788205409321 -2.0451826308779313 5.6592078031895969
v 0.0330419726669788 0.0068275947123766 0.0063213561661541
vn 2.2498051007861846 -3.6688899803155772 4.3930198780886816
v 0.0340844951570034 0.0067546679638326 0.0059150066226721
vn 1.7929825403202135 -1.8633190990980673 5.6052212604103842
v 0.0347573496401310 0.0076296930201352 0.0061127371154726
vn 1.5847822800667095 -1.9475168346689138 5.6343493070154320
v 0.0339199788868427 0.0071843452751637 0.0062141567468643
vn 3.5905394299853457 -4.9527993923836169 1.1536906238950189
v 0.0356873385608196 0.0071755927056074 0.0048834835179150
vn 4.0423147450051840 -4.5635717612630442 1.2793995584225728
v 0.0367502756416798 0.0080270161852241 0.0047754254192114
vn 1.0319266413329382 -0.5425914525279878 6.1484726495025726
v 0.0341445840895176 0.0078440569341183 0.0062760990113020
vn 0.9223398117593866 -0.6158775771548018 6.1556221727160034
v 0.0328924767673016 0.0072955409996212 0.0064286650158465
vn 0.9872132584266631 -0.8656401526883369 6.0844571957149274
v 0.0321092121303082 0.0070638079196215 0.0065249702893198
vn 3.9465148279554558 -3.9515850055224271 2.6851271545117879
v 0.0386868827044964 0.0099822571501136 0.0049698459915817
vn 4.4170706690807808 -4.2041601445689887 1.3006615622740243
v 0.0407394133508205 0.0116999726742506 0.0042995978146791
vn 1.1047743185286323 -0.4234000946286579 6.1502828600468042
v 0.0377254374325275 0.0107628386467695 0.0058502913452685
vn 1.7001810528407850 -0.1153847408188458 5.9387319500217455
v 0.0397399254143238 0.0122909797355533 0.0055898767895997
vn 2.0684227224211176 -1.5479523400194328 5.6326594506988092
v 0.0382198058068752 0.0105844298377633 0.0057092020288110
vn 2.3229863504153601 -1.3220257969893880 5.5856420659409274
v 0.0399566479027271 0.0121736284345388 0.0055013950914145
vn 3.1850300295273613 -2.9022010022242948 4.4347837058978481
v 0.0384977497160435 0.0102451872080564 0.0054180766455829
vn 4.1199540235400676 -3.7927100248727763 2.6763162758027175
v 0.0406102724373341 0.0117948576807976 0.0048022191040218
vn 3.9511680352906229 -2.8720817971315014 3.7950489556669593
v 0.0405035354197025 0.0118617359548807 0.0050006876699626
vn 3.3276192274309477 -2.6867567216293806 4.5099560574931843
v 0.0403423197567463 0.0119573855772614 0.0052090268582106
vn -0.9458579169035438 1.5025492833131060 5.5124034710898666
v 0.0312989912927151 0.0090187918394804 0.0066416701301932
vn -3.7572948325339919 3.7288145594864277 2.4882872613864411
v 0.0307382475584745 0.0095395101234317 0.0059511293657124
vn -0.7180794592841461 1.7138023967141069 5.4845917416560237
v 0.0296223126351833 0.0074758045375347 0.0068396767601371
vn -3.1029220112805693 4.3691749602715388 2.3619243001114389
v 0.0290615670382977 0.0079965228214860 0.0061491350643337
vn -0.2180596249209845 1.8777432837091272 5.5303956430144741
v 0.0291986577212811 0.0071852034889162 0.0068904804065824
vn -1.9447647021408914 5.0514547330077750 2.4097839692196890
v 0.0288026817142963 0.0078187789767981 0.0062008150853217
vn -0.8914936657031198 5.2928928258728369 2.3649414604768246
v 0.0284910611808300 0.0077192639000714 0.0062639112584293
vn 0.1834934544625415 2.0700422813953567 5.4464087600128082
v 0.0286887548863888 0.0070226881653070 0.0069530834443867
vn 0.4408679259739917 2.1358453550621750 5.3959602240418016
v -0.0084536224603653 0.0010380939347669 0.0115588260814548
vn -0.0429878336043932 5.4259404999441880 2.3198396374877577
v -0.0086513161659241 0.0017346680397168 0.0108696538954973
vn 0.8149193919687745 2.0543631147863080 5.4278165182690330
v -0.0089255385100842 0.0010131644085050 0.0116177434101701
vn 1.5043396660126767 5.2503194103824935 2.3963042116538804
v -0.0091785266995430 0.0017433557659388 0.0109668709337711
vn 1.3485504905040988 1.8580372285232076 5.4287847057545076
v -0.0094088464975357 0.0010957991471514 0.0116789238527417
vn 3.1234158808992918 4.7247367264701419 2.0751173783242542
v -0.0096684955060482 0.0019332837546244 0.0110575305297971
vn 3.5362798818573107 4.2300680137279212 2.1491994267203514
v -0.0098617151379585 0.0020726039074361 0.0110946446657181
vn 1.8231893899859251 1.6285458994944755 5.3660475358152908
v -0.0102288722991943 0.0015345371793956 0.0117850517854095
vn 2.0944096420821277 1.4724631341802117 5.2893832414711435
v -0.0123349763453007 0.0033280702773482 0.0120628131553531
vn 4.0950181456808705 3.6967692367165101 2.2190113351918419
v -0.0119678191840649 0.0038661367725581 0.0113724069669843
vn 2.2710144774011383 1.1627437348657736 5.3300804443924656
v -0.0126596465706825 0.0036707804538310 0.0121061475947499
vn 4.9262271282018082 2.5206558283634211 2.3102430587305158
v -0.0123014487326145 0.0042707659304142 0.0114371292293072
vn 2.4839495739934923 0.6882021657732617 5.3363304433787278
v -0.0129102729260921 0.0040929447859526 0.0121408253908157
vn 5.4709331231775815 1.1001131862291409 2.1946320506577619
v -0.0124712912365794 0.0047433949075639 0.0114713553339243
vn 2.6626474981174768 0.1417567591020776 5.2742009365738474
v -0.0131076378747821 0.0050013931468129 0.0121726170182228
vn 5.5253415067092027 0.2402828815072932 2.1243267804158719
v -0.0124945333227515 0.0049903988838196 0.0114779025316238
vn 5.4991220188397989 -0.0015271725345742 2.0825948933566218
v -0.0124946339055896 0.0050067971460521 0.0114780645817518
vn 2.6540356911681977 -0.2244298815313119 5.2812562456890575
v -0.0131076378747821 0.0092589212581515 0.0122057534754276
vn 5.5377587983893761 -0.5242271886798142 2.1717833459056570
v -0.0124946339055896 0.0092643247917295 0.0115112001076341
vn 0.9018581750706062 -5.4343907965795832 2.1948434634889331
v -0.0113946339115500 0.0103660458698869 0.0112943137064576
vn 0.8734364450192864 -2.1568044100121946 5.3673538784920440
v -0.0113076372072101 0.0110606206580997 0.0119943134486675
vn 1.4515835499151024 -1.8630006974346163 5.4143964462236776
v -0.0119930868968368 0.0109240747988224 0.0120791075751185
vn 2.5273515860014752 -4.9163098764557587 2.3027315593020075
v -0.0118135241791606 0.0102823423221707 0.0113795194774866
vn 2.0530341096590758 -1.3968279049881343 5.3839287733153034
v -0.0125819547101855 0.0105308676138520 0.0121498070657253
vn 4.1644970792764546 -3.6790583361816389 2.2797357345583822
v -0.0121733834967017 0.0100418273359537 0.0114514064043760
vn 2.4350238233500909 -0.7587493959770237 5.3686958376169915
v -0.0129712885245681 0.0099460966885090 0.0121940225362778
vn 5.2183646112110997 -1.9630374140680298 2.2669497823912943
v -0.0124113103374839 0.0096843140199780 0.0114973913878202
vn 0.5322695752873614 -2.1989216521307897 5.3765447486091364
v 0.0304868575185537 0.0111013557761908 0.0067596039734781
vn 0.2570218179259183 -5.3378740914322718 2.2787189575056312
v 0.0303998570889235 0.0104067819193006 0.0060596046969295
vn -1.1709988153340125 1.0833900800994563 5.5955681314832901
v 0.0315176211297512 0.0092877252027392 0.0066163791343570
vn -4.8359220830025693 2.3492050522678580 2.4991349115361716
v 0.0308602955192327 0.0097129466012120 0.0059159644879401
vn -1.4261199214433233 0.4558391945119529 5.6223868555486227
v 0.0316528640687466 0.0096202166751027 0.0066020269878209
vn -1.4779687214407764 -0.1708872858019798 5.6252098705096163
v 0.0316845066845417 0.0099795339629054 0.0066008600406349
vn -5.3789656625852267 -0.0838908841764002 2.4974138618038686
v 0.0308998581022024 0.0099079683423042 0.0059053460136056
vn -1.3533426037795908 -0.8258154583732014 5.5916253385726256
v 0.0316081084311008 0.0103297559544444 0.0066131548956037
vn -4.6205113583404618 -2.7338617426757037 2.5071497047448776
v 0.0308451186865568 0.0101352939382195 0.0059237889945507
vn -1.0012586420696519 -1.3968217935389238 5.5637578929808873
v 0.0314315967261791 0.0106421792879701 0.0066376957111061
vn -0.4827752562875673 -1.8000128101992385 5.5440704688063391
v 0.0311689134687185 0.0108892731368542 0.0066725215874612
vn -0.4719644308945566 -5.4859908620432369 2.1645279730501095
v 0.0304968934506178 0.0103975022211671 0.0060304435901344
vn -1.4300063933122134 -5.3728707524714121 2.1252534511869783
v 0.0305725838989019 0.0103764049708843 0.0060074846260250
vn -2.9662787111737172 -4.5582063049618888 2.3759670276680773
v 0.0307010170072317 0.0103066163137555 0.0059683462604880
vn 0.0621105669246363 -2.0280508206063654 5.5022839060571274
v 0.0308433528989553 0.0110475197434425 0.0067145312204957
vn -3.7550127156955817 -4.9336470137920099 -0.8369668081714747
v -0.0307942368090153 -0.0023753067944199 0.0044262823648751
vn -3.7857296076446589 -5.0054917419160923 0.0866873142916907
v -0.0307957343757153 -0.0023779091425240 0.0045058480463922
vn -3.6720819194211027 -5.0359858184191184 -0.3461712547241117
v -0.0319396592676640 -0.0015212472062558 0.0043640346266329
vn 2.7296969991719418 0.1027710007233121 -5.6463809015842470
v -0.0322756431996822 -0.0004854889411945 0.0035779303871095
vn 1.9225711642199004 -0.5150088977540758 -5.9381050316999238
v -0.0320091247558594 -0.0007054779562168 0.0036968060303479
vn 2.5571898297024509 -1.2106833380103088 -5.5772227242113814
v -0.0325492285192013 -0.0004051481664646 0.0034446949139237
vn -0.9583590071283499 -2.0517215428536546 -5.7802531175960583
v -0.0311295222491026 -0.0017063841223717 0.0039811618626118
vn 0.6425361526273756 -0.4480515471822862 -6.2216918868881175
v -0.0312769487500191 -0.0013151833554730 0.0039126151241362
vn -0.4382408846774354 -0.4549736029607833 -6.2351563500447096
v -0.0304946340620518 -0.0019754045642912 0.0039847269654274
vn 4.1969611976452121 0.0609957207560821 -4.6735718070991989
v -0.0331600122153759 0.0002366214903304 0.0029844900127500
vn 4.1462719913229824 0.3612371650271863 -4.6872063234774339
v -0.0330920480191708 0.0001815167343011 0.0030434331856668
vn 3.8925095618918513 -1.2231541337746068 -4.7349497734394266
v -0.0334163457155228 0.0002968260087073 0.0027566293720156
vn 3.7916675792903343 0.3149334953310029 -4.9070406821769348
v -0.0329545848071575 0.0000698779113009 0.0031547674443573
vn 2.9228585719045501 -0.4604267685918382 -5.5390149350241602
v -0.0324904844164848 -0.0003089808160439 0.0034641758538783
vn 4.4451781824184797 -0.4150037270692392 -4.4105543506254374
v -0.0333683304488659 0.0004052591102663 0.0027856451924890
vn 4.3880017088288161 -1.6336037781407584 -4.1705495280793299
v -0.0337827987968922 0.0005917727830820 0.0023103703279048
vn 5.0806441436676533 -0.5144065283270755 -3.6332809032902422
v -0.0338595733046532 0.0008006709394976 0.0021689555142075
vn 3.7125801865242227 -2.8169461420764463 -4.1650604748398230
v -0.0338499732315540 0.0004788720107172 0.0023005355615169
vn 4.5492088052088651 -2.7945866948285412 -3.2684838243440306
v -0.0341383777558804 0.0007373014814220 0.0017916552023962
vn 5.2146121264396816 -1.4006884936171364 -3.1501039361231982
v -0.0340895950794220 0.0008321450441144 0.0018013981170952
vn 2.5908245329152439 -4.0297508380790923 -4.0132589796886045
v -0.0339378640055656 0.0003816184180323 0.0023137356620282
vn 3.5279698806436364 -3.9957778601577321 -3.2456375051449013
v -0.0342051237821579 0.0006510543171316 0.0017942868871614
vn 1.3305119558574212 -4.9603517835051258 -3.5596510893880025
v -0.0340403653681278 0.0003067772486247 0.0023490600287914
vn 2.1678013778539458 -5.0424120492093127 -2.9980082682739253
v -0.0343492217361927 0.0005394570762292 0.0018273242749274
vn -2.5472055158090989 -5.6125844502952749 -0.9327277709446702
v -0.0347017943859100 0.0005032922490500 0.0019950401037931
vn -0.9807031507273756 -5.8509810314908659 -1.8078055556334296
v -0.0345876328647137 0.0004815790452994 0.0019284769659862
vn -1.7138414015051642 -5.6905087518651456 -1.7026875931771850
v -0.0342602208256721 0.0002431721659377 0.0024749017320573
vn 0.7954815835537657 -5.6330752708803029 -2.5700194694244884
v -0.0343982651829720 0.0005163174937479 0.0018440135754645
vn -3.9053665552327788 -4.8989710903728412 -0.0171327243064119
v -0.0348017439246178 0.0005571757792495 0.0020657635759562
vn -3.3709900030750291 -5.2645939487864535 -0.3904220036202927
v -0.0347791351377964 0.0005416129715741 0.0020487939473242
vn -3.5824311808718541 -5.1449421330612903 -0.0724402648553630
v -0.0345695056021214 0.0003911952662747 0.0024680034257472
vn -3.2899654946422863 -5.2822155569321794 -0.3220301434494317
v -0.0344495587050915 0.0003054130938835 0.0026437197811902
vn -1.2040973732707263 -1.5350498274934949 -5.9423139812252987
v -0.0306113194674253 -0.0021301116794348 0.0040225004777312
vn -1.9516437390136585 -2.5366929143641435 -5.3831566739512535
v -0.0306344460695982 -0.0021608506795019 0.0040403138846159
vn -1.9878475910078850 -3.3121234316034167 -4.9243801608732314
v -0.0312465000897646 -0.0018446409376338 0.0040906732901931
vn -0.0400227529030267 -2.1090327368326358 -5.7920845253514210
v -0.0316417962312698 -0.0012901511508971 0.0038724718615413
vn -1.6952955075813869 -3.8207704588793732 -4.5191328919787752
v -0.0317745208740234 -0.0014331324491650 0.0039760125800967
vn 0.6896634213340300 -2.2345354516646756 -5.7007492898239658
v -0.0321416966617107 -0.0008863994153216 0.0036955724935979
vn -0.9170175758827371 -3.9128109957439126 -4.7308820020374052
v -0.0322891883552074 -0.0010345355840400 0.0037911119870842
vn 1.8010031914569962 -3.7464299037685005 -4.6686853061678821
v -0.0335730127990246 0.0000968487365753 0.0027691919822246
vn 0.5982939806816756 -4.6706438195325912 -4.1130054607987212
v -0.0336694233119488 0.0000239620021603 0.0028120370116085
vn 0.6349583258075935 -3.5805228516950334 -5.0908101959230523
v -0.0327011384069920 -0.0005854870541953 0.0034804726019502
vn -0.3775913887886893 -4.3874886975660887 -4.4425309138939690
v -0.0327827297151089 -0.0006544666248374 0.0035353570710868
vn 5.4311994241717443 -0.4193499182097581 -3.1210312728631004
v -0.0340554155409336 0.0009579422185197 0.0018298001959920
vn 2.8840064838210200 -2.5720782728619871 -4.9126374184110215
v -0.0334867648780346 0.0001898428308778 0.0027503105811775
vn 1.6694062539301298 -2.4705179321952175 -5.4988003958261009
v -0.0326217785477638 -0.0005007497384213 0.0034496607258916
vn 1.2341093924653888 -0.5104225705604755 -6.1157073381771205
v -0.0315114855766296 -0.0011188109638169 0.0038599779363722
vn -2.0445848561693953 -5.5260633446860172 -1.9552329114553739
v -0.0338671058416367 -0.0000439600480604 0.0029569505713880
vn -3.4705728233766888 -5.1777741743747594 -0.3262510907892953
v -0.0336670689284801 -0.0002568589989096 0.0034819808788598
vn -2.5698432799133131 -5.2623031938234250 -2.0261540187033917
v -0.0329339131712914 -0.0007303725578822 0.0037034624256194
vn -3.5249326992727581 -5.1298079067924043 -0.3776875813606976
v -0.0330409333109856 -0.0007112032617442 0.0039157308638096
vn -0.1020782858888953 -5.5487165467134076 -2.8661275756374653
v -0.0341503620147705 0.0002595319529064 0.0024040539283305
vn -0.6433431787153270 -5.2820713905731864 -3.2825521101475807
v -0.0337696522474289 -0.0000240305998886 0.0028760251589119
vn -1.4244527101662188 -5.0196882243252983 -3.4484605523931187
v -0.0328618437051773 -0.0007037121686153 0.0036111439112574
vn -3.5538780567780508 -4.6573583464087678 -2.1756965726245312
v -0.0307768937200308 -0.0023514227941632 0.0043062428012490
vn -3.0211863519287134 -4.8156512856830238 -2.3407294175758766
v -0.0318807139992714 -0.0015155207365751 0.0041512651368976
vn -3.1903975446900601 -4.1109386856159915 -3.4849297350068498
v -0.0307425912469625 -0.0023051861207932 0.0041978089138865
vn -2.6556006872106890 -3.3685986426742427 -4.5488622309207845
v -0.0307118762284517 -0.0022640614770353 0.0041358340531588
vn -3.6261595782811695 -5.0784984774247111 -0.3064199805616232
v -0.0323308892548084 -0.0012318410445005 0.0042435447685421
vn -2.3819725652464907 -0.2661599348164830 -5.8020896721692061
v -0.0294122900813818 -0.0029043415561318 0.0038282817695290
vn -3.3917928543223637 -0.4394859713908010 -5.2563666173191521
v -0.0284782685339451 -0.0037196944467723 0.0034257364459336
vn -3.7991966186399120 -1.7298516198686313 -4.6210716690519540
v -0.0285413768142462 -0.0038494204636663 0.0034905704669654
vn -1.8896686290300897 -1.5233472286492986 -5.7655853148540395
v -0.0300816092640162 -0.0025701110716909 0.0039971563965082
vn -2.8815144660324146 -1.6280811383069289 -5.2512722534462846
v -0.0295552685856819 -0.0030058734118938 0.0039002017583698
vn -3.6419747539964771 -3.2537327801899139 -3.8363089781405666
v -0.0296202525496483 -0.0031309889163822 0.0040144426748157
vn -1.2481704269778100 -0.4505395129095661 -6.1265896348624160
v -0.0299740247428417 -0.0024200435727835 0.0039472444914281
vn -1.8717870898791624 -0.4376989333312762 -5.9604188115967265
v -0.0294608045369387 -0.0028623335529119 0.0038419165648520
vn -3.8434385426971311 -4.9313791885173890 -0.2106541695541254
v -0.0296326894313097 -0.0032647447660565 0.0043450770899653
vn -3.9154286238628018 -4.4355752942995554 -1.8636873186303613
v -0.0296472702175379 -0.0032212634105235 0.0041695167310536
vn -4.1126043978269919 -3.2722671168591040 -3.3149360292612453
v -0.0285733696073294 -0.0039697368629277 0.0035956948995590
vn -4.0146243531399239 -4.4053165919775950 -1.6837448784618274
v -0.0285685397684574 -0.0040638875216246 0.0037285943981260
vn -3.7902188779380923 -4.9615403181812097 -0.2100241557611710
v -0.0285273697227240 -0.0041218046098948 0.0038751182146370
vn -3.2992516521397937 -5.2775305628983196 0.2758508359567847
v -0.0344082191586494 0.0003178236365784 -0.0026958587113768
vn -3.9258805432141193 -4.8864656852838948 -0.1251212639000007
v -0.0348019860684872 0.0005894275964238 -0.0020564226433635
vn -3.9992527235822695 -4.6816320420784621 -0.8684224640865522
v -0.0348018184304237 0.0006878765998408 -0.0040390789508820
vn -3.4250227222433653 -5.1487074255636189 -0.4596329052014080
v -0.0328142493963242 -0.0008138403645717 -0.0040502832271159
vn -3.4852114263026981 -5.1654696646747151 0.3392587111168659
v -0.0333951935172081 -0.0003961313632317 -0.0036966188345104
vn -3.3677813882694561 -5.2382290707418777 0.3144241721032438
v -0.0339591354131699 0.0000037356708162 -0.0032183001749218
vn -4.2653376337476647 -4.5485854432796513 -0.0916573628517822
v -0.0351795367896557 0.0008844302501529 0.0012697236379609
vn 5.6872677236991338 -0.2716008878574069 -2.6475030053794262
v -0.0341271981596947 0.0010179453529418 0.0016826073406264
vn 5.9241158909962337 -0.4672439023563552 -2.0190237185946671
v -0.0343136712908745 0.0012035081163049 0.0011987662874162
vn 5.8815662065970127 -0.0050088267231403 -2.1887572274389298
v -0.0342387743294239 0.0011237006401643 0.0014162213774398
vn 5.7519205662598756 -1.5870881034822051 -1.7981594698623029
v -0.0344068743288517 0.0011353492736816 0.0009429313358851
vn 4.8256109675873899 -3.4446882020189289 1.9324175108857784
v -0.0344773791730404 0.0010200114920735 -0.0009088085498661
vn 4.5411098935498844 -2.8342808119315035 3.2447439399686906
v -0.0341384708881378 0.0007652678177692 -0.0017792877042666
vn 5.1820302673871508 -1.4625426818201492 3.1761325034993231
v -0.0340899564325809 0.0008598180720583 -0.0017875593621284
vn 3.4220562938378603 -4.8195320249694511 1.9903709148451005
v -0.0345816724002361 0.0009142193594016 -0.0009076321148314
vn 1.8587448748370829 -5.6319044733336217 1.9376029581669125
v -0.0347107388079166 0.0008419263758697 -0.0009211179567501
vn 3.5175811995085793 -4.0406265209448504 3.2015317494482272
v -0.0342056937515736 0.0006784416036680 -0.0017832575831562
vn 2.1622757348719057 -5.0656446813356757 2.9645259660248682
v -0.0343495756387711 0.0005676044384018 -0.0018179537728429
vn -3.3969242841669529 -5.2576673630501203 0.2407251837539845
v -0.0347796380519867 0.0005732491845265 -0.0020393515005708
vn -2.4528847772317715 -5.6711919210622659 0.8109406316168374
v -0.0347022749483585 0.0005340689094737 -0.0019861939363182
vn -3.3474152384075659 -5.2085149485072737 0.4502971946437249
v -0.0351278074085712 0.0008719296311028 -0.0010319175198674
vn -0.9998291317635306 -5.8880927202283884 1.6460721056473298
v -0.0345881208777428 0.0005112987128086 -0.0019199989037588
vn -1.6821240377788864 -5.9097122077910456 0.9855105237767272
v -0.0349964126944542 0.0008198090363294 -0.0009861271828413
vn -4.0967848961592574 -4.6883426631551925 0.0471786423940931
v -0.0350694246590137 0.0008002460817806 -0.0015390517655760
vn -4.6431356124131407 -4.1761651217447788 -0.0216232314225396
v -0.0353066995739937 0.0010381946340203 -0.0008045483264141
vn -3.5727570991653268 -5.0785498249438454 -0.3147215368431414
v -0.0352431014180183 0.0009807657916099 0.0005350246210583
vn -4.7648670011988612 -4.0364089338676807 -0.0492933837432465
v -0.0353597551584244 0.0010911131976172 0.0005205293418840
vn -4.8661801455411382 -3.9194380924296031 0.0082662207358629
v -0.0353916622698307 0.0011362228542566 -0.0001404081267538
vn -3.3102142214279935 -5.2312347874989076 -0.5409114284623336
v -0.0351275093853474 0.0008556091925129 0.0010461000492796
vn 3.5133962392000240 -4.7657514418482538 -1.9650875099125693
v -0.0345815382897854 0.0009000604622997 0.0009223949746229
vn 1.9063345571987640 -5.6670280554832706 -1.7880976552295329
v -0.0347105786204338 0.0008275771979243 0.0009347775485367
vn 1.8702572176492551 -5.9414148986684561 -0.2063133629793237
v -0.0348366051912308 0.0009645902318880 0.0000079014307630
vn 0.7547580692352087 -5.6661608928126910 2.5135932701056998
v -0.0343988873064518 0.0005446188151836 -0.0018350864993408
vn 0.0540915677597479 -6.0510609377928697 1.4951243978560298
v -0.0348531752824783 0.0008094961522147 -0.0009480742737651
vn 1.3960158330230017 -6.0380471874615083 0.9884983604465598
v -0.0348048619925976 0.0009333526249975 -0.0004568246658891
vn 3.6054753424905974 -5.0639027554508136 -0.1482628183675865
v -0.0346985012292862 0.0010360862361267 0.0000084452167357
vn 5.0588504393649352 -3.6118971284620458 -0.0294919131727492
v -0.0345890484750271 0.0011465561110526 0.0000092947702797
vn 4.8222323954303317 -3.4183125451402425 -1.9868550543824499
v -0.0344772413372993 0.0010057645849884 0.0009251978481188
vn 5.2778251500745892 -0.6020391519680064 3.3360481620029656
v -0.0340556241571903 0.0009864661842585 -0.0018143022898585
vn 5.7865420852984251 -0.0903068742252301 2.4364776106709631
v -0.0341527275741100 0.0010661092819646 -0.0016097739571705
vn 5.7362932741349226 -1.7552047725417004 1.7087876714176464
v -0.0344070456922054 0.0011499493848532 -0.0009245362016372
vn 5.9649558543477683 -1.7868839169713464 -0.1022047691783478
v -0.0345188155770302 0.0012853083899245 0.0000103679794847
vn 5.8796230672172918 0.1931236689356592 2.1049616524540902
v -0.0342389531433582 0.0011454103514552 -0.0013981100637466
vn 5.8929163734399497 -1.2955381105117487 1.5451070165071272
v -0.0343768522143364 0.0012925060000271 -0.0009536409634165
vn 4.9167686479068005 -2.0170027011863843 0.8377384850055585
v -0.0344642400741577 0.0014002359239385 -0.0004809637903236
vn 6.2552418328877035 -0.3960658611724693 -0.0865667538585748
v -0.0344946235418320 0.0014389224816114 0.0000114528693302
vn -3.6190947380858360 -5.0655328861514874 -0.0494038255705251
v -0.0352832414209843 0.0010306502226740 0.0000084560379037
vn -3.4475936774799663 -5.1942203585746753 0.2483128108017102
v -0.0352432653307915 0.0009890643414110 -0.0005188492359594
vn -1.9072824385501936 -5.9328276320057887 -0.0462143876182561
v -0.0351438261568546 0.0009617400355637 0.0000079071251093
vn -1.8536205508298875 -5.9204746548771592 0.5798931498312490
v -0.0351061224937439 0.0009250051225536 -0.0004928415291943
vn 0.0205865547678504 -6.2361609572446479 -0.0485021637520117
v -0.0349899902939796 0.0009389786864631 0.0000077160621004
vn 0.0354794229496451 -6.1782777173409045 0.8456494471769456
v -0.0349552445113659 0.0009058242430910 -0.0004714954993688
vn -1.8518427421171149 -5.9113207461581947 -0.6721143525832464
v -0.0351059883832932 0.0009171933634207 0.0005079845432192
vn -1.6787761832712642 -5.8945945999879967 -1.0775366701918194
v -0.0349961593747139 0.0008043272537179 0.0009994833962992
vn -0.8536356729997212 -6.1451560966407603 -0.9384046400311252
v -0.0349551439285278 0.0008983991574496 0.0004863053618465
vn 0.0086413591703085 -6.0590756389270730 -1.4829602189796534
v -0.0348529741168022 0.0007946952246130 0.0009612506255507
vn 4.9502561095846067 -2.0585381623617827 -0.6377882147542377
v -0.0344641357660294 0.0013924898812547 0.0005032023182139
vn 5.8013671552665542 -1.5822324952849920 -1.3013350116485387
v -0.0344271101057529 0.0013416871661320 0.0007419606554322
vn 5.9129734027356928 -1.1491049864952627 -1.7389237638909589
v -0.0343766771256924 0.0012773857451975 0.0009740365203470
vn 0.5073860675761814 -6.1909700430757502 0.6744426034199934
v -0.0261928718537092 -0.0043165367096663 0.0087789809331298
vn 0.4966401718652116 -6.2126276784332459 -0.4725444120748089
v -0.0262081604450941 -0.0045190243981779 -0.0054494305513799
vn 1.4569765879500411 -6.0837536445506020 0.0297936071440677
v -0.0240527447313070 -0.0043126726523042 -0.0026928693987429
vn 0.4772786994655484 -6.2274615288141399 0.0296310912674781
v -0.0262163598090410 -0.0047200606204569 -0.0016780353616923
vn 1.5194177609868655 -6.0719016802954453 0.0163418677124283
v -0.0245120599865913 -0.0044211233034730 -0.0018964976770803
vn 0.5195780695438449 -6.2351442011015639 -0.0215837194022855
v -0.0260172188282013 -0.0047021098434925 -0.0010179597884417
vn 1.5479527029754836 -6.0655005747844974 -0.0146347342317959
v -0.0248075705021620 -0.0044952668249607 -0.0009960257448256
vn 0.5249319384769643 -6.2356089490162256 -0.0451611142738910
v -0.0259116925299168 -0.0046969251707196 -0.0001400009932695
vn 1.5553192258085839 -6.0635535090206467 -0.0455216771874801
v -0.0249102134257555 -0.0045263031497598 -0.0000362225546269
vn 0.5238999055113646 -6.2345205726623290 -0.0947031228093747
v -0.0260578170418739 -0.0047233644872904 0.0011135115055367
vn 1.5470010802121732 -6.0652208131857162 -0.0823842058856343
v -0.0248080492019653 -0.0045103281736374 0.0009245107648894
vn 0.5983354771778491 -6.2327184274104894 -0.1194517218560966
v -0.0261214599013329 -0.0047324341721833 0.0013344770995900
vn 1.5055054999479229 -6.0727291886629509 -0.0879709862485680
v -0.0245129372924566 -0.0044503053650260 0.0018260086653754
vn 0.6581575174571973 -6.2305794238772183 0.0043124882411519
v -0.0262158755213022 -0.0047455369494855 0.0016032301355153
vn 0.5121353256892613 -6.2179399657037253 0.3604562736123835
v -0.0262087453156710 -0.0046255923807621 0.0050030983984470
vn 1.4460580168138415 -6.0846615819476710 -0.1322444290030232
v -0.0240537673234940 -0.0043542822822928 0.0026239908766001
vn 1.4048976166546223 -6.0933454471991721 -0.1540907826958876
v -0.0234658606350422 -0.0042323595844209 0.0032918704673648
vn 0.4941634810762373 -6.2134330709237791 0.4624968452799331
v -0.0262041520327330 -0.0045384461991489 0.0063265636563301
vn 1.3327717469357239 -6.1076842792695105 -0.1870448356560937
v -0.0227816700935364 -0.0040939487516880 0.0038174884393811
vn 1.2561541205104403 -6.1223868373326233 -0.2163509741078525
v -0.0220285989344120 -0.0039469418115914 0.0041958452202380
vn 1.1652325831397061 -6.1384435938671889 -0.2362122128805621
v -0.0212307423353195 -0.0037979162298143 0.0044244201853871
vn 1.0513908299814443 -6.1584271305833962 -0.2163355471157535
v -0.0204097367823124 -0.0036522038280964 0.0045018061064184
vn 0.9909911866491256 -6.1864678803331730 -0.0713680115550342
v -0.0194892510771751 -0.0034983977675438 0.0044075031764805
vn 0.8875197990541794 -6.1946143178422162 -0.1790470387509617
v -0.0189486034214497 -0.0034128630068153 0.0042586866766214
vn 1.2773875522869802 -6.1263316000768002 0.4017216729813201
v 0.0314583219587803 0.0052037807181478 0.0027133794501424
vn 0.8064783484877921 -6.2085118124807792 -0.1390381191055787
v -0.0181011743843555 -0.0032859363127500 0.0038636603858322
vn 0.6514877245226940 -6.0335048575623418 -1.3854177118732918
v -0.0261686388403177 -0.0036330739967525 -0.0125566609203815
vn 1.1363247342699119 -5.9820151669620891 -1.4456892814632083
v 0.0028178207576275 0.0009831587085500 -0.0088812727481127
vn 0.5103811800618085 -6.1772792052466663 -0.7903832496613705
v -0.0261908769607544 -0.0041288048960268 -0.0092498390004039
vn 1.1378924958988126 -5.9778688854033906 -1.4543410039111069
v 0.0150860361754894 0.0029375520534813 -0.0073233935981989
vn 1.2177063496184100 -5.9699520570588556 -1.3511189165377213
v 0.0314584709703922 0.0055469907820225 -0.0052393875084817
vn 1.2544067141771431 -6.1272925592618819 -0.4769127408337789
v 0.0314583219587803 0.0052453828975558 -0.0026320938486606
vn 0.4985736189859661 -6.2042015373180952 -0.5763691869462013
v -0.0262046903371811 -0.0044395164586604 -0.0063965148292482
vn 0.7461562281782199 -6.2176362745517526 0.0408653387647444
v -0.0174944959580898 -0.0031465855427086 -0.0034760825801641
vn 0.7538783964335254 -6.2126907709723538 0.0686000916999580
v -0.0177303180098534 -0.0031764360610396 -0.0036649254616350
vn 0.8848929633448122 -6.1974311031661946 0.0775241474867598
v -0.0188740827143192 -0.0033350598532706 -0.0042847716249526
vn 0.9864205150734483 -6.1800505943896615 0.0606414540931817
v -0.0197056420147419 -0.0034639884252101 -0.0045016463845968
vn 1.0611278982000754 -6.1584700419817793 0.1360012395316663
v -0.0204097367823124 -0.0035816954914480 -0.0045581455342472
vn 1.1646185195821184 -6.1415919897565336 0.1398729285687487
v -0.0212307199835777 -0.0037285897415131 -0.0044830236583948
vn 1.2556157728669521 -6.1251524176182306 0.1207624613758441
v -0.0220281407237053 -0.0038810672704130 -0.0042572272941470
vn 1.3387680447534431 -6.1089027830571228 0.0929350487918513
v -0.0227806493639946 -0.0040338211692870 -0.0038817871827632
vn 1.4034245945643942 -6.0958989075301311 0.0710403911424470
v -0.0234647039324045 -0.0041803549975157 -0.0033585680648685
vn 0.5373204740144885 -6.2337648935774057 0.0064115819122805
v -0.0161118842661381 -0.0029962102416903 -0.0013647192390636
vn 0.5812858406691268 -6.2305367327547234 0.0153323567785526
v -0.0163738615810871 -0.0030204299837351 -0.0020268068183213
vn 0.6463881136319743 -6.2249038514367676 0.0380084741817415
v -0.0168423503637314 -0.0030696734320372 -0.0027854777872562
vn 0.7494513742645933 -6.2117767837065543 -0.1693323582312999
v -0.0177458226680756 -0.0032352705020458 0.0036265032831579
vn 0.6889715900072928 -6.2240834635251288 -0.0956579465206623
v -0.0169360339641571 -0.0031250067986548 0.0028558198828250
vn 0.6264767154498271 -6.2252279592365447 -0.1412386855520761
v -0.0167622491717339 -0.0031021488830447 0.0026291338726878
vn 0.5626710223360052 -6.2311782250817798 -0.0959740415877901
v -0.0161796696484089 -0.0030261643696576 0.0015208907425404
vn 0.5255499012149065 -6.2346737681404347 -0.0688401453803282
v -0.0159663148224354 -0.0029963392298669 0.0006901250453666
vn 1.2520995616427948 -6.1452318161680841 -0.0474308807352207
v 0.0314583294093609 0.0051274569705129 0.0000398868214688
vn 0.5299797696836888 -6.2348177444332711 -0.0461427556236160
v -0.0159102194011211 -0.0029847642872483 -0.0000232732563745
vn 0.5345892094295983 -6.2344302634166802 -0.0157688575978528
v -0.0161052718758583 -0.0029956498183310 -0.0013430429389700
vn -3.3323214866706214 -5.1225231213203832 -0.5952372481781348
v -0.0283449925482273 -0.0042532598599792 0.0037817673292011
vn -4.5768782689998337 -0.5682759520235736 -4.2483102915231292
v -0.0275470409542322 -0.0042141438461840 0.0026712792459875
vn -4.8410010510232135 -0.6222973864642709 -3.9376935033682727
v -0.0275304112583399 -0.0042181778699160 0.0026530066970736
vn -4.5791288795534761 -2.2009211826053630 -3.5665835720855417
v -0.0274944677948952 -0.0044000940397382 0.0026599080301821
vn -5.5935697480446382 -0.5214549313103132 -2.7822009441284274
v -0.0268620178103447 -0.0042645675130188 0.0016413837438449
vn -5.8014373558290426 -0.7515673472637977 -2.2064434828382953
v -0.0267663281410933 -0.0042525902390480 0.0014159758575261
vn -5.1261242394365443 -2.7148938946156846 -2.1096678145125281
v -0.0267092268913984 -0.0044836052693427 0.0014258226146922
vn -4.2824939147244541 -0.3795064166487651 -4.5712162668819731
v -0.0278997644782066 -0.0040924539789557 0.0030123388860375
vn -2.4202856591572193 -5.6849403356476813 -0.2617479604532419
v -0.0277659166604280 -0.0045575513504446 0.0034243536647409
vn -3.9819088921727830 -4.4968425638487517 -1.7321332944572290
v -0.0265963114798069 -0.0046319356188178 0.0014617943670601
vn -2.9581234989101723 -5.3356864727426965 -1.3849454506691243
v -0.0265565253794193 -0.0046642059460282 0.0014755383599550
vn -1.8965557050141555 -5.7569564224444605 -1.0624139364632725
v -0.0268135722726583 -0.0047432929277420 0.0022254125215113
vn -1.6641379340875864 -5.9491563646300003 -0.8946604156146385
v -0.0264169611036777 -0.0047336211428046 0.0015260920627043
vn -0.1414489557663167 -6.1973202212369625 -0.0726086219823017
v -0.0266579221934080 -0.0047770119272172 0.0023473105393350
vn -0.3679215596677897 -6.2214066977999174 -0.3914464368318197
v -0.0263406056910753 -0.0047493008896708 0.0015549428062513
vn -3.6804019219258568 -4.4473685872427300 -2.2001231732936257
v -0.0269572548568249 -0.0046339686959982 0.0021366339642555
vn -4.8615122146576919 -2.4177776801134838 -2.9814629865519278
v -0.0270525384694338 -0.0044670491479337 0.0020771143026650
vn -5.2669602493825041 -0.6120830128939061 -3.3386341293389301
v -0.0270883627235889 -0.0042744139209390 0.0020637547131628
vn -1.5363096294295784 -6.0029233521900638 -0.0434709008016707
v -0.0272995270788670 -0.0047020288184285 0.0030517489649355
vn -3.3674352382736328 -4.9541954098123577 -1.0285201725542388
v -0.0279490835964680 -0.0044549829326570 0.0033572039101273
vn -4.0586478210175567 -3.6723744529082767 -2.8798163558769470
v -0.0280002299696207 -0.0043473802506924 0.0032346954103559
vn -4.2248000264918684 -1.9171168789988673 -4.1229027262058864
v -0.0280134733766317 -0.0042055365629494 0.0031403065659106
vn -3.9255117573683718 -0.4752602946464748 -4.8656253199282311
v -0.0280191916972399 -0.0040348311886191 0.0031106767710298
vn -3.8234800330920491 -4.1252376960771509 -2.5750405907709415
v -0.0274370983242989 -0.0045569352805614 0.0027385714929551
vn -2.5909759149584035 -5.4459721292289753 -1.2566575067195258
v -0.0273377355188131 -0.0046689901500940 0.0028464882634580
vn -1.0357527728341431 -6.1097540090679656 -0.0616471990961951
v -0.0272098593413830 -0.0047208634205163 0.0029690060764551
vn -6.1274413682329483 0.5949835647496726 0.6047783981029433
v -0.0359946340322495 0.0063927811570466 0.0078440159559250
vn -5.5947332899237718 0.5279636325387235 2.2930017525709525
v -0.0359185114502907 0.0063898027874529 0.0082266880199313
vn -5.0780731038637921 2.0860687482186671 2.2353705227964267
v -0.0358481854200363 0.0067433458752930 0.0082294400781393
vn -4.3336634348237499 0.3941655423627842 4.2659120369063652
v -0.0357017405331135 0.0063872789032757 0.0085511012002826
vn -2.4059998011713777 0.1998886090475832 5.6316497847341154
v -0.0353773161768913 0.0063855918124318 0.0087678674608469
vn -2.2654722955299431 0.8950262788549115 5.5743024195878697
v -0.0353481881320477 0.0065320329740644 0.0087690073996782
vn -0.9383749897811831 2.2220807441250825 5.5846281383766820
v -0.0351410806179047 0.0067391349002719 0.0087706195190549
vn -1.7339108572734614 1.6905264155976369 5.5805060850715087
v -0.0352652296423912 0.0066561819985509 0.0087699741125107
vn -0.3541928345953835 2.1087506201920903 5.7964485621904887
v -0.0349946320056915 0.0067682629451156 0.0087708458304405
vn -3.9820841808422198 1.6169499379637537 4.1807681278041766
v -0.0356479138135910 0.0066578690893948 0.0085532078519464
vn -3.0477520209434079 3.0152247319903913 4.1916521069633230
v -0.0354946330189705 0.0068872631527483 0.0085549931973219
vn -1.7390562395333955 3.9276622507200210 4.2225947741507586
v -0.0352652296423912 0.0070405397564173 0.0085561862215400
vn -0.6954261305487630 3.0923078882277366 5.2932203937518798
v -0.0349946320056915 0.0068860258907080 0.0087139066308737
vn -0.4326988858927885 4.3482156597039703 4.3672993564074414
v -0.0349946320056915 0.0070943646132946 0.0085566053166986
vn -0.5682474395995865 5.2152342512717755 3.2905595865058528
v -0.0349946320056915 0.0072548887692392 0.0083507411181927
vn -3.8865950247701231 3.8691894023915845 2.2492518936222430
v -0.0356479138135910 0.0070430659689009 0.0082317721098661
vn -2.1620632142667340 5.0706617894557002 2.2244172532723661
v -0.0353481881320477 0.0072433319874108 0.0082333311438560
vn -0.5567264797413293 5.7948845233642947 1.9933706349532470
v -0.0349946320056915 0.0073136542923748 0.0082338787615299
vn -5.5729812330132713 2.3037720021528703 0.6049244188808925
v -0.0359185114502907 0.0067754541523755 0.0078469943255186
vn -4.2653742411856213 4.2606663109573546 0.6201525291552394
v -0.0357017405331135 0.0070998673327267 0.0078495200723410
vn -2.3083945358981151 5.5682520802550233 0.6303182314968612
v -0.0353773161768913 0.0073166326619685 0.0078512066975236
vn -0.5889804500711789 6.1210692623018819 0.6549360782532752
v -0.0349946320056915 0.0073927515186369 0.0078517990186810
vn -6.1719189904486038 0.6085776287509698 -0.3982113146527204
v -0.0359946340322495 0.0064845699816942 -0.0039496729150414
vn -5.6388799958067404 2.3161279270017876 -0.3486800835876269
v -0.0359185114502907 0.0068672411143780 -0.0039466945454478
vn -4.3513008714934172 4.2979097652377911 -0.2497852351011298
v -0.0357017405331135 0.0071916561573744 -0.0039441697299480
vn -2.4059340704947214 5.6499336872425028 -0.1137908474358290
v -0.0353773161768913 0.0074084210209548 -0.0039424826391041
vn -0.5444440261713241 6.1508755003809137 -0.5067920069900863
v -0.0349946320056915 0.0074845398776233 -0.0039418903179467
vn -2.3050647038090331 -3.0925552298037053 -4.8866650758697849
v -0.0316780060529709 -0.0012018374400213 -0.0047873109579086
vn -2.9023274267063677 -4.0839260625659168 -3.6995880399409184
v -0.0321046374738216 -0.0011171327205375 -0.0045860297977924
vn -2.7663286500447648 -3.2181847017734349 -4.4287905166878394
v -0.0346162058413029 0.0009388508624397 -0.0047152582556009
vn -3.3900552550233529 -4.7276746032281274 -2.1001159427948486
v -0.0324450619518757 -0.0010082409717143 -0.0043665249831975
vn -3.6111943239965010 -4.2331763968247280 -2.5481759535072013
v -0.0347485579550266 0.0007613578345627 -0.0044073141179979
vn -1.6811893273584704 -2.1986036616928359 -5.6249402224892515
v -0.0312398932874203 -0.0012543513439596 -0.0049232877790928
vn -1.5235563851544245 -1.7278174279033720 -5.7046515593089557
v -0.0344240069389343 0.0011947073508054 -0.0049188467673957
vn -1.3305856001127248 -1.5578200783444254 -5.9318194477194952
v -0.0312099810689688 -0.0012146028457209 -0.0049435375258327
vn -0.9183912379453858 -0.7430564295054457 -6.1513858511126287
v -0.0311090145260096 -0.0010805999627337 -0.0049903960898519
vn -0.4048957822302642 -0.4146642751617839 -6.2257095278916630
v -0.0341996438801289 0.0014924248680472 -0.0049885557964444
vn -0.7105068827159553 -0.1238047660743996 -6.2313849268504455
v -0.0309946332126856 -0.0009290775633417 -0.0050074020400643
vn -0.5507071059866919 0.6008487057529097 -6.2118346750898974
v -0.0309946332126856 0.0064923525787890 -0.0049496423453093
vn -2.0362746485950414 -0.2271374655224327 -5.9340016382880494
v -0.0306657291948795 -0.0014195194235072 -0.0050667487084866
vn -2.2679112700706856 0.6017700380353872 -5.7457431953924889
v -0.0306465290486813 0.0064928382635117 -0.0050121853128076
vn -2.8213903121327704 -0.0442923822523729 -5.6005645898358969
v -0.0306620299816132 -0.0014249531086534 -0.0050680851563811
vn -4.3792000087434859 0.5946651684699484 -4.3305196639572170
v -0.0302842035889626 0.0064946576021612 -0.0052458667196333
vn -4.2922142108095684 -0.1636965957983604 -4.4803392796263735
v -0.0303488075733185 -0.0018759677186608 -0.0052512628026307
vn -5.7665880318509029 0.5757840405446679 -2.2268074688767698
v -0.0300539396703243 0.0064974948763847 -0.0056103672832251
vn -5.5775468294496076 -0.3682878422664709 -2.7378318472843826
v -0.0300978831946850 -0.0022111015859991 -0.0055748634040356
vn -6.1008736912598680 -0.6620532220779798 -1.1960271358745405
v -0.0300093796104193 -0.0023032685276121 -0.0058470279909670
vn -6.2501074954462483 0.1907136877076964 -0.3735490365282800
v -0.0299946349114180 0.0065001342445612 -0.0059496122412384
vn -6.2716161075792201 -0.0126471572171536 -0.2783217635419631
v -0.0299946311861277 -0.0022972750011832 -0.0060180784203112
vn -0.5443018468743260 0.2461992840987552 -6.2159818137248033
v -0.0349946320056915 0.0064923530444503 -0.0049496423453093
vn -0.5568625407802471 1.0512939852762375 -6.0783394420625836
v -0.0349946320056915 0.0066217747516930 -0.0049402154982090
vn -0.5109130060421423 2.3385511447867464 -5.7246783620073334
v -0.0309946332126856 0.0068399603478611 -0.0048843906261027
vn -0.3749364987665741 2.3940704957226098 -5.6571603932000434
v -0.0349946320056915 0.0068744318559766 -0.0048705460503697
vn -0.4682134297366796 4.3775840807728370 -4.2329029982267894
v -0.0349946320056915 0.0071971584111452 -0.0046512554399669
vn -0.3808761549086128 4.4504000415364775 -4.2665556947501315
v -0.0309946332126856 0.0072004566900432 -0.0046478891745210
vn -0.4176598932642034 5.6805114507626664 -2.1962491707007814
v -0.0349946320056915 0.0074113993905485 -0.0043251547031105
vn -0.1900446291721272 5.8073244661201198 -2.1205245237330246
v -0.0309946332126856 0.0074278763495386 -0.0042815962806344
vn -0.0461458365163867 6.2449816733241672 -0.4597545473414875
v -0.0309946332126856 0.0074845394119620 -0.0039418903179467
vn -3.6449861583104699 1.4968357514092407 2.6435537918656880
v -0.0304946340620518 0.0068860254250467 0.0087139066308737
vn -3.6530817103316178 2.6214563812151290 1.5323754413947039
v -0.0304946340620518 0.0072548883035779 0.0083507411181927
vn -3.1114103377641582 3.3402279544667426 -0.2804611089277055
v -0.0304946340620518 0.0074067139066756 0.0060578067786992
vn -3.4033931801929271 3.0848120430093275 0.4305761501796784
v -0.0304946340620518 0.0073927510529757 0.0078517990186810
vn -0.1979410268303739 3.2434832917341070 3.1544330161745826
v -0.0289946347475052 0.0074923210777342 -0.0049418597482145
vn -0.5037085695461355 0.5317560756905784 6.1578018299743231
v -0.0289946328848600 0.0124921686947346 -0.0049029472284019
vn -0.9633097341504108 3.3661496853135486 3.0470845499802781
v -0.0292446333914995 0.0074925674125552 -0.0049736131913960
vn -2.1876049577554095 0.1446238342779755 5.7317055794273619
v -0.0293407496064901 0.0124926501885056 -0.0049647539854050
vn -2.6339334217711436 3.2075743476401355 2.3166973293883402
v -0.0294909253716469 0.0074578244239092 -0.0050739762373269
vn -4.3255345325108880 0.2417005242160790 4.2952375541634460
v -0.0297017395496368 0.0124944504350424 -0.0051958318799734
vn -5.7855074248044218 1.3519747838197280 0.3891441726274422
v -0.0299331713467836 0.0069650383666158 -0.0056008058600128
vn -5.2921388997771546 1.6783912110341963 0.0011181246340494
v -0.0299106407910585 0.0070328554138541 -0.0055442894808948
vn -5.7008893703167844 0.3543010000966413 2.1717602405117455
v -0.0299328230321407 0.0124972583726048 -0.0055568106472492
vn -4.6181194129987366 2.3100595057204956 0.4080635257675967
v -0.0298281703144312 0.0072006867267191 -0.0053916778415442
vn -3.9812117873533501 2.7856878155385134 1.3946031161375387
v -0.0297469738870859 0.0073029655031860 -0.0052845682948828
vn -6.0019415039835158 1.0242857242215537 -0.3275511387340240
v -0.0299632512032986 0.0068418378941715 -0.0056983889080584
vn -6.1859817810028233 0.4031951302762840 0.5469281459686529
v -0.0299946330487728 0.0124999526888132 -0.0059029171243310
vn 0.0570161027322089 -3.6514085969509606 3.0203574332925576
v -0.0304946340620518 0.0014703209744766 -0.0021386418957263
vn 0.0570151845346289 3.6039550126456161 3.0768268735749502
v -0.0304946340620518 0.0074701411649585 -0.0020919463131577
vn 1.5172708006469855 -3.6855340139968629 2.5993857378870926
v -0.0315696336328983 0.0014680802123621 -0.0018506051274016
vn 1.5172762367506001 3.6446292015710955 2.6564389854324744
v -0.0315696336328983 0.0074678985401988 -0.0018039097776636
vn 2.6279904490397015 -3.6768861055457220 1.4886976129390328
v -0.0323565863072872 0.0014619552530348 -0.0010636743390933
vn 2.6279957373685434 3.6532695283081491 1.5457494189456900
v -0.0323565863072872 0.0074617755599320 -0.0010169788729399
vn 3.0345435965834056 -3.6650830718602769 -0.0285234209971839
v -0.0326446332037449 0.0014535891823471 0.0000112930720206
vn 3.0345443690799487 3.6650830837951633 0.0285244709633723
v -0.0326446332037449 0.0074534094892442 0.0000579885236220
vn 2.6279925761956311 -3.6532696142469057 -1.5457515368161205
v -0.0323565863072872 0.0014452231116593 0.0010862605413422
vn 2.6279934949680919 3.6768861159762745 -1.4887021200935924
v -0.0323565863072872 0.0074450434185565 0.0011329558910802
vn 1.5172727892938909 -3.6446290214577637 -2.6564323350587173
v -0.0315696336328983 0.0014390979195014 0.0018731913296506
vn 1.5172768568039401 3.6855339633280391 -2.5993873656576088
v -0.0315696336328983 0.0074389181099832 0.0019198866793886
vn 0.0570164698584341 -3.6039555268336114 -3.0768244430145777
v -0.0304946340620518 0.0014368568081409 0.0021612280979753
vn 0.0570170006912331 3.6514084185315037 -3.0203626930313803
v -0.0304946340620518 0.0074366754852235 0.0022079234477133
vn -1.3289082365519724 -3.5688058448553317 -2.7873661817628017
v -0.0295617841184139 0.0014385131653398 0.0019483173964545
vn -1.3289071047860956 3.6117586876152381 -2.7314826068628006
v -0.0295617841184139 0.0074383337050676 0.0019950130954385
vn -2.3946139142115186 -3.5754231634157532 -1.9375269786427911
v -0.0288136955350637 0.0014431575546041 0.0013517555780709
vn -2.3946146003826390 3.6051467118872464 -1.8816385657413743
v -0.0288136955350637 0.0074429758824408 0.0013984509278089
vn -2.9860379341110228 -3.5849771577591438 -0.7094640495619986
v -0.0283985398709774 0.0014498670352623 0.0004896986065432
vn -2.9860353362151844 3.5955854509037648 -0.6535760872723254
v -0.0283985398709774 0.0074496855959296 0.0005363940144889
vn -2.9860357605515180 -3.5955854268894503 0.6535763798419708
v -0.0283985398709774 0.0014573140069842 -0.0004671124042943
vn -2.9860341614354931 3.5849771742415375 0.7094590994267131
v -0.0283985398709774 0.0074571324512362 -0.0004204169963486
vn -2.3946147336570318 -3.6051469557939679 1.8816405387219564
v -0.0288136955350637 0.0014640237204731 -0.0013291693758219
vn -2.3946169543397642 3.5754231900390310 1.9375313432983219
v -0.0288136955350637 0.0074638403020799 -0.0012824740260839
vn -1.3289014243958841 -3.6117582148555654 2.7314840182565896
v -0.0295617841184139 0.0014686645008624 -0.0019257313106209
vn -1.3289089438000039 3.5688060662598668 2.7873686299452278
v -0.0295617841184139 0.0074684848077595 -0.0018790358444676
vn -0.0000020843352592 -3.6886965153843603 3.0059268493246964
v -0.0204946324229240 0.0014703198103234 -0.0021386418957263
vn -0.0000034646722604 3.6414630175301692 3.0629730498505663
v -0.0204946324229240 0.0074701402336359 -0.0020919463131577
vn 1.5172696385139313 -3.6855348786994453 2.5993857515430747
v -0.0215696357190609 0.0014680789317936 -0.0018506051274016
vn 1.5172741524107394 3.6446300817337374 2.6564375862585217
v -0.0215696357190609 0.0074678976088762 -0.0018039097776636
vn 2.6279904474659226 -3.6768861030799140 1.4886976145785220
v -0.0223565883934498 0.0014619539724663 -0.0010636743390933
vn 2.6279951332321696 3.6532695235843304 1.5457494692506903
v -0.0223565883934498 0.0074617741629481 -0.0010169788729399
vn 3.0345435965004497 -3.6650830718023579 -0.0285234144516938
v -0.0226446352899075 0.0014535879017785 0.0000112930629257
vn 3.0345449808253053 3.6650830875552947 0.0285239738305448
v -0.0226446352899075 0.0074534080922604 0.0000579885163461
vn 2.6279925967707571 -3.6532696184047824 -1.5457513048823122
v -0.0223565883934498 0.0014452218310907 0.0010862605413422
vn 2.6279943450924215 3.6768861203611785 -1.4887021978447723
v -0.0223565883934498 0.0074450420215726 0.0011329558910802
vn 1.5172716410581391 -3.6446298851641679 -2.6564326483500538
v -0.0215696357190609 0.0014390967553481 0.0018731913296506
vn 1.5172750596176103 3.6855347853157703 -2.5993823615547984
v -0.0215696357190609 0.0074389171786606 0.0019198866793886
vn -0.0000019381022385 -3.6414634373205628 -3.0629759869964435
v -0.0204946324229240 0.0014368556439877 0.0021612280979753
vn -0.0000010923914789 3.6886964979312435 -3.0059296789250514
v -0.0204946324229240 0.0074366740882397 0.0022079234477133
vn -1.5172743260941530 -3.6446290226744829 -2.6564319498559557
v -0.0194196328520775 0.0014390964061022 0.0018731913296506
vn -1.5172757226473246 3.6855339423926949 -2.5993853415949983
v -0.0194196328520775 0.0074389167129993 0.0019198866793886
vn -2.6279939988417209 -3.6532696207553745 -1.5457520290854301
v -0.0186326801776886 0.0014452213654295 0.0010862605413422
vn -2.6279930200254764 3.6768861270495927 -1.4887021062153856
v -0.0186326801776886 0.0074450415559113 0.0011329558910802
vn -3.0345433184387498 -3.6650830586722964 -0.0285258078222003
v -0.0183446332812309 0.0014535874361172 0.0000112930583782
vn -3.0345435347725576 3.6650830912125185 0.0285242102827685
v -0.0183446332812309 0.0074534076265991 0.0000579885127081
vn -2.6279898318825774 -3.6768861338800196 1.4886997482973863
v -0.0186326801776886 0.0014619535068050 -0.0010636743390933
vn -2.6279940782095759 3.6532695432445652 1.5457488966456374
v -0.0186326801776886 0.0074617736972868 -0.0010169788729399
vn -1.5172724749907007 -3.6855339853797480 2.5993863725194695
v -0.0194196328520775 0.0014680786989629 -0.0018506051274016
vn -1.5172735829173820 3.6446291657217782 2.6564394167288841
v -0.0194196328520775 0.0074678971432149 -0.0018039097776636
vn -0.3764282881232142 5.6585521020580831 2.3914405435494226
v -0.0289946328848600 0.0134208258241415 -0.0055130547843874
vn 0.5655895476589570 4.5789942616594814 3.4764798406131212
v -0.0290275774896145 0.0133006907999516 -0.0053048096597195
vn -0.4707701298862136 4.2316096606006539 4.3793477151993638
v -0.0289946328848600 0.0132015347480774 -0.0051903282292187
vn -1.6651877358330749 5.0213632274406681 2.8744536955074098
v -0.0292297229170799 0.0133559284731746 -0.0054424405097961
vn -0.6449756399313933 6.0634249129118345 0.9936198714227533
v -0.0289946328848600 0.0134904962033033 -0.0057657109573483
vn -2.3565532911420264 5.2795809816621633 1.5461302647359654
v -0.0293649751693010 0.0133937867358327 -0.0056501175276935
vn -0.6846751638489595 6.1839219411134536 0.2661824247627794
v -0.0289946328848600 0.0134999230504036 -0.0058951345272362
vn -2.5955506801199864 5.4689172621310274 0.4395594969044102
v -0.0294124986976385 0.0134084336459637 -0.0058958465233445
vn -1.5515279709075438 2.9180767068386322 4.9725052697937171
v -0.0292135197669268 0.0129920430481434 -0.0050603398121893
vn -0.4144350173257996 2.1944589564444361 5.6807706405654335
v -0.0289946328848600 0.0128754349425435 -0.0049760872498155
vn -2.2961076940209697 0.9282194912561865 5.4694161924463014
v -0.0293579585850239 0.0125900916755199 -0.0049756257794797
vn -3.0097289653843560 3.3055806482519010 3.8319569470636181
v -0.0294999778270721 0.0130703188478947 -0.0052553773857653
vn -3.9599319283741528 1.3981932733225546 4.2367617645384659
v -0.0296744182705879 0.0126765668392181 -0.0051910895854235
vn -4.1441072734587667 3.6231069664586153 2.0901389929986141
v -0.0296916440129280 0.0131239676848054 -0.0055496757850051
vn -5.2149406799029423 1.6807255987690519 2.3210349273501980
v -0.0298861581832170 0.0127358343452215 -0.0055162105709314
vn -4.6154086015323141 3.8469840434378506 0.5735507527001278
v -0.0297589916735888 0.0131447240710258 -0.0058978986926377
vn -5.7842477912120813 1.8352709134369594 0.5934760964684305
v -0.0299605578184128 0.0127587635070086 -0.0059009026736021
vn 1.5128111770613746 5.9958023561975775 0.5092623957279374
v 0.0402938462793827 0.0133921755477786 0.0042238426394761
vn 1.8489609505813531 5.8012390366514541 1.0496191549005516
v 0.0403165556490421 0.0133501943200827 0.0045016817748547
vn 2.8017589060253214 5.1930595782944717 1.7456086537752920
v 0.0404195673763752 0.0132929030805826 0.0045641660690308
vn 0.8252221936968395 5.8698336662220481 1.8352215794945530
v 0.0399053879082203 0.0133473146706820 0.0048715313896537
vn 0.2813821746038079 6.2111404620847583 0.6236819323764154
v 0.0397246219217777 0.0134185813367367 0.0045550949871540
vn 3.1240704736691063 5.2391691069374913 0.8650172910329506
v 0.0405565164983273 0.0132827796041965 0.0042754113674164
vn 3.9190030037231245 3.8955512365237945 2.4603039758114731
v 0.0406513921916485 0.0130709866061807 0.0047040651552379
vn 4.5020375988806318 3.9572866129562332 1.2147326663685736
v 0.0407985933125019 0.0130775878205895 0.0043221241794527
vn 4.7589879596852738 2.1263939067986666 2.9581712422715261
v 0.0407970286905766 0.0127905160188675 0.0047908541746438
vn 5.3615762234915900 2.7436029536681472 1.4271249219692743
v 0.0409690327942371 0.0127939153462648 0.0043539302423596
vn 5.7267365019007501 1.7498338065201606 1.5239398015756758
v 0.0409715361893177 0.0127875059843063 0.0043543856590986
vn 5.0772139680768360 0.0768432932670940 3.1273704037500396
v 0.0408588014543056 0.0124302161857486 0.0048257918097079
vn 5.8648830758844746 0.2207181662596502 1.5592469747780839
v 0.0410395078361034 0.0124552724882960 0.0043653636239469
vn 4.9257121086633111 -1.8060006890982785 2.9743221786485616
v 0.0408116467297077 0.0120886024087667 0.0047943256795406
vn 5.6735836520576646 -1.6530398223651896 1.4983705975516761
v 0.0410000048577785 0.0121370432898402 0.0043550049886107
vn 4.4357462200878981 -3.4551037015841604 2.3290277451454506
v 0.0407183133065701 0.0118673099204898 0.0047355834394693
vn 5.0424566121966325 -3.2432308209748224 1.3697321497030677
v 0.0408811978995800 0.0118745444342494 0.0043292515911162
vn 2.6925233981220087 0.2050160894674679 5.4357938514359923
v 0.0401987321674824 0.0124255297705531 0.0054280259646475
vn 2.3579596832196721 2.1467333937401012 5.1369920353177898
v 0.0401653088629246 0.0127860335633159 0.0053666122257710
vn 1.8831751799798457 3.9231244762728945 4.2373884414295695
v 0.0400865264236927 0.0130669912323356 0.0052174101583660
vn 1.3245498452135940 5.1370231847253560 3.1464532678219475
v 0.0399611108005047 0.0132896788418293 0.0049781603738666
vn 1.7802187268741294 -2.8770053643682876 4.6172215502895959
v 0.0401732213795185 0.0120840733870864 0.0053763515315950
vn 3.8495097461756487 -1.8880569240701428 4.3156321183478692
v 0.0404484234750271 0.0120854498818517 0.0051993257366121
vn 3.9115491259942892 0.0778569380217492 4.5962067997732108
v 0.0404825843870640 0.0124269509688020 0.0052454164251685
vn 3.6636473590493472 2.1425421099904689 4.3198586444605436
v 0.0404378287494183 0.0127873979508877 0.0051913186907768
vn 3.0009878508816943 3.9363746123299572 3.5537832425085143
v 0.0403323136270046 0.0130682196468115 0.0050593623891473
vn 2.1652944627096802 5.1873791516603633 2.5829065972373071
v 0.0401643626391888 0.0132906967774034 0.0048475652001798
vn 1.2750867050324994 5.8727420368107603 1.5473840795931340
v 0.0400897301733494 0.0133482376113534 0.0047531342133880
vn 0.4517546723711403 6.2178778210845396 0.4666888001151482
v 0.0399754010140896 0.0134201301261783 0.0043560205958784
vn 0.3938835312643173 6.2543124461371713 0.1756059180953746
v 0.0400594510138035 0.0134215205907822 0.0041772993281484
vn 0.4413469529447688 6.2507679682269446 0.1095481670755423
v 0.0402952693402767 0.0134326759725809 0.0027440199628472
vn 1.5820731965487649 6.0142234605701343 0.1855948060881307
v 0.0406421758234501 0.0134116811677814 0.0017175521934405
vn 0.3846562916797988 6.2590022975488937 0.0765547589388214
v 0.0404040403664112 0.0134408082813025 0.0016991270240396
vn 0.3834905047889817 6.2583848619218818 -0.0552567378980687
v 0.0400594510138035 0.0134849147871137 -0.0039679319597781
vn 1.5104646280889533 6.0270906771706487 -0.1517292686481676
v 0.0405243821442127 0.0134454872459173 -0.0026263333857059
vn 1.5432529649486013 6.0197773593585904 -0.2888095236370556
v 0.0402930714190006 0.0134564870968461 -0.0040147760882974
vn 3.1719287880487061 5.3118056491647039 -0.3763035100085570
v 0.0407899133861065 0.0133367758244276 -0.0026623534504324
vn 3.1181717121800583 5.3129531898620463 -0.6360166085609253
v 0.0405545718967915 0.0133488746359944 -0.0040678000077605
vn 4.6446012064588773 4.0332750176677665 -0.5787005878907439
v 0.0410346202552319 0.0131322126835585 -0.0026963618583977
vn 4.5577937587167394 4.0463205553275463 -0.9595083374354909
v 0.0407957397401333 0.0131465876474977 -0.0041175032965839
vn 5.5851091978284204 2.2979098217272820 -1.1951467355186753
v 0.0409690104424953 0.0128601817414165 -0.0041543105617166
vn 5.6913894103981093 2.2626902001539380 -0.7310065056413790
v 0.0412094555795193 0.0128425778821111 -0.0027217753231525
vn 6.1134136856148356 0.2514684987150210 -0.8046184486818755
v 0.0412781648337841 0.0125105222687125 -0.0027334610931575
vn 6.0114065241443235 0.3121971173987389 -1.3005595132543615
v 0.0410391278564930 0.0125312199816108 -0.0041708624921739
vn 5.8975535090450242 -1.6923982659312511 -0.7918835561893807
v 0.0412382371723652 0.0121921896934509 -0.0027306496631354
vn 5.8219407318942320 -1.6141242718886457 -1.2741027081833813
v 0.0410031937062740 0.0122146094217896 -0.0041661546565592
vn 5.0459622801229589 -3.4742218712974342 -0.7533620295898689
v 0.0411181338131428 0.0119293825700879 -0.0027167852967978
vn 5.1678572126745701 -3.2334174486498175 -1.1262625434617459
v 0.0408882386982441 0.0119516840204597 -0.0041452599689364
vn 4.5739079975080195 -4.2390333098318251 -0.4969960820394802
v 0.0410373695194721 0.0117433443665504 -0.0021093161776662
vn 4.5269392206420083 -4.2591643720623882 -0.8003498671146171
v 0.0407394208014011 0.0117654828354716 -0.0041170106269419
vn 4.6765906513714315 -4.0834896785824748 0.6672452992059631
v 0.0408360548317432 0.0117018241435289 0.0037696012295783
vn 5.7073328605503928 2.2465457941563534 0.5352302809123831
v 0.0413311161100864 0.0128076458349824 0.0017667970387265
vn 6.1293682747203819 0.2403114792807839 0.5585259681197652
v 0.0414002127945423 0.0124754756689072 0.0017696223221719
vn 5.9149035904718845 -1.6972901209726787 0.5240541646313300
v 0.0413600616157055 0.0121572082862258 0.0017640012083575
vn 5.2176640449391209 -3.3240844127769211 0.3969134090712070
v 0.0412392802536488 0.0118945995345712 0.0017524997238070
vn 3.1895547526865169 5.2982529111718684 0.3313474936229612
v 0.0409092046320438 0.0133025301620364 0.0017376118339598
vn 4.6630062644904751 4.0145771748274957 0.4543632850289440
v 0.0411552973091602 0.0130975646898150 0.0017552864737809
vn 5.1711492767383724 -3.4033941508990475 0.0654489939847852
v 0.0413035787642002 0.0119061805307865 0.0002643657207955
vn 5.9480524599742619 -1.6983070721807341 0.0348614671989661
v 0.0414247326552868 0.0121688554063439 0.0002673917042557
vn 6.1654288034293545 0.2450490302786922 0.0517417113960572
v 0.0414650030434132 0.0124871451407671 0.0002701951889321
vn 5.7388025675430185 2.2572223626034758 0.0639550650106345
v 0.0413956977427006 0.0128192761912942 0.0002722185454331
vn 4.6846547207326230 4.0264003055082735 0.0692018991721537
v 0.0412193499505520 0.0131091019138694 0.0002730453270487
vn 3.1993772139413501 5.3077502356540407 0.0671628797855213
v 0.0409725047647953 0.0133139332756400 0.0002726394450292
vn 1.5444405645087149 6.0229400657227927 0.0628471651857528
v 0.0407046638429165 0.0134229352697730 0.0002713175781537
vn 0.3982270049941948 6.2577123828859991 0.0385483288591538
v 0.0404543690383434 0.0134586421772838 -0.0005923149292357
vn 4.5521792629327456 -4.2793936503264520 0.3764779861868348
v 0.0410760305821896 0.0117116058245301 0.0018736182246357
vn 4.5679912442759116 -4.2764304183682462 -0.0958457396834242
v 0.0411488749086857 0.0117257433012128 -0.0001124899354181
vn 5.1250836649655858 -3.4405297263910550 -0.3362662508095855
v 0.0412633381783962 0.0119177699089050 -0.0012246896512806
vn 5.9368941826032362 -1.6951002753827038 -0.3818410819541102
v 0.0413842611014843 0.0121805118396878 -0.0012301600072533
vn 6.1538570499311174 0.2484298518773772 -0.3801871782725665
v 0.0414244569838047 0.0124988211318851 -0.0012301810784265
vn 5.7280268778889010 2.2604356566941570 -0.3380865498325649
v 0.0413552783429623 0.0128309158608317 -0.0012232970912009
vn 4.6758340466760062 4.0290227159022258 -0.2589912006688195
v 0.0411792658269405 0.0131206437945366 -0.0012101025786251
vn 3.1933329034629048 5.3095378067797796 -0.1569691642896107
v 0.0409328900277615 0.0133253410458565 -0.0011931973276660
vn 1.5775972882574798 6.0197400424313061 -0.0539379560425071
v 0.0406655557453632 0.0134341986849904 -0.0011757351458073
vn 0.3833147387667825 6.2596036283656185 0.0201860797997039
v 0.0404271744191647 0.0134630659595132 -0.0011607058113441
vn 1.4939572086667503 5.9952287889481255 -0.5854660838734437
v 0.0402715913951397 0.0134571064263582 -0.0040943054482341
vn 0.3465366553653963 6.2557633433206128 -0.1906055013607112
v 0.0400031246244907 0.0134859941899776 -0.0041066301055253
vn 0.4655387128449605 5.6724794405866179 -2.3008901930214183
v 0.0394376255571842 0.0134154660627246 -0.0048255342990160
vn 0.1570745421799508 6.2177049878128576 -0.5910308542724019
v 0.0393900610506535 0.0134886289015412 -0.0044452371075749
vn 0.2174832560529139 6.2475708070945029 -0.3739754775937816
v 0.0398118160665035 0.0134874656796455 -0.0042955772951245
vn 3.3788990130009426 -2.5181123016900697 -4.4932003513453562
v 0.0403453893959522 0.0120350811630487 -0.0050189276225865
vn 3.6813456947198056 -3.3416550443865041 -3.4168179862898653
v 0.0405851043760777 0.0119563667103648 -0.0047469814307988
vn 4.1898324149929431 -3.5657814180770862 -2.7735282396944241
v 0.0406144298613071 0.0118648633360863 -0.0046080970205367
vn 4.8177838767327357 -3.1992102158077222 -2.0136515967068855
v 0.0408457405865192 0.0119529096409678 -0.0043026963248849
vn 4.4159159097141227 -4.2045501076216016 -1.3270380235068131
v 0.0407380647957325 0.0117672840133309 -0.0041324188932776
vn 2.9584810229488752 5.2588845110501747 -1.2072818631818221
v 0.0405238606035709 0.0133497584611177 -0.0041815591976047
vn 4.2777765837900352 3.9771330035374923 -1.7647445352964239
v 0.0407565124332905 0.0131477192044258 -0.0042628301307559
vn 5.2023996236999865 2.2514515409906410 -2.1596326459364379
v 0.0409236587584019 0.0128614893183112 -0.0043223183602095
vn 5.5848869150090676 0.3124043263838180 -2.3323116488324405
v 0.0409913025796413 0.0125325974076986 -0.0043480503372848
vn 5.4188875689185432 -1.5678935786794130 -2.2795981706411839
v 0.0409566350281239 0.0122159514576197 -0.0043386383913457
vn 4.4578727722017017 -1.4728801494784067 -3.7850664635412437
v 0.0406730808317661 0.0122197167947888 -0.0048223990015686
vn 2.7038792657831663 -1.5981374032133184 -5.1351096981279483
v 0.0402188561856747 0.0122225210070610 -0.0051828301511705
vn 2.4417513640857789 0.1669258433743808 -5.2375611075155124
v 0.0399411283433437 0.0122660389170051 -0.0053188875317574
vn 1.3465482255473118 0.4312323679573201 -5.9929870655827804
v 0.0395143441855907 0.0124963810667396 -0.0054452368058264
vn 4.5086536166517011 0.3196340909890636 -3.9135476512687881
v 0.0407005883753300 0.0125364586710930 -0.0048441523686051
vn 4.2078063146963016 2.2283401675407184 -3.6384400448721546
v 0.0406469218432903 0.0128651633858681 -0.0047943410463631
vn 3.4773696615232312 3.9406302928466963 -2.9931366488366482
v 0.0405143164098263 0.0131509294733405 -0.0046753524802625
vn 2.4220487070623156 5.2301638660246361 -2.0694439896916701
v 0.0403297431766987 0.0133523242548108 -0.0045112655498087
vn 1.2156986295259493 5.9849230589693860 -1.0304940915864254
v 0.0401296056807041 0.0134589746594429 -0.0043342122808099
vn 2.8118530940857394 0.3485054325148892 -5.2718592248004894
v 0.0402365140616894 0.0125393252819777 -0.0052124760113657
vn 2.6189043507722549 2.2292164786525648 -4.9116897411030047
v 0.0402020551264286 0.0128679098561406 -0.0051472648046911
vn 2.1810728561550197 3.9481444397957999 -4.0417873773259698
v 0.0401169098913670 0.0131533797830343 -0.0049902237951756
vn 1.5267690883882870 5.2424957368667489 -2.7919059039277370
v 0.0399983935058117 0.0133543629199266 -0.0047731725499034
vn 0.6407565396250628 6.0019792158489311 -1.3280076666411484
v 0.0398698784410954 0.0134605644270778 -0.0045386892743409
vn 0.8942067309058253 4.3050634709399631 -4.2419510878500564
v 0.0394779406487942 0.0132012050598860 -0.0051491195335984
vn 1.1925083826214538 2.3283825262269136 -5.4889802259745668
v 0.0395048819482327 0.0128784654662013 -0.0053667305037379
vn 0.1408974569462901 4.2432184817826570 -4.4462121305731142
v -0.0289067514240742 0.0132678747177124 -0.0137142203748226
vn 0.3374524321999682 2.4007553925741894 -5.6101952625437379
v -0.0288798119872808 0.0129451351240277 -0.0139318304136395
vn 0.5796696626234095 0.6580429527844979 -6.1759485925823947
v -0.0288703516125679 0.0125630507245660 -0.0140103371813893
vn 0.3049649412214874 5.3057284217498193 -3.2796658942383417
v -0.0289317648857832 0.0134218316525221 -0.0135133173316717
vn -0.4997288677541081 5.7341552407208685 -2.2640968097941054
v -0.0289470721036196 0.0134821357205510 -0.0133906351402402
vn -0.4041542517056493 6.0064478593658261 -1.4198822954088688
v -0.0289622526615858 0.0135227758437395 -0.0132691105827689
vn -0.6019901487499623 6.1621087744593650 -0.4128197722345087
v -0.0289946328848600 0.0135552985593677 -0.0130103370174766
vn -0.3341077322703456 5.2879190819833308 -3.1705943863767629
v -0.0289946328848600 0.0134235480800271 -0.0135142998769879
vn -2.2939390804436197 5.6590630235830286 -0.2997869138085851
v -0.0293773151934147 0.0134791797026992 -0.0130109302699566
vn -5.6086723136037708 2.3726177898868017 -0.3685935271059776
v -0.0299185123294592 0.0129380011931062 -0.0130151417106390
vn -4.4277555986445458 4.2146325961026667 -0.2700032505621181
v -0.0297017395496368 0.0132624143734574 -0.0130126168951392
vn -4.0087034578867424 4.4613609784432944 -0.8531911034423086
v -0.0296552442014217 0.0132961384952068 -0.0131397470831871
vn -1.8870073481038299 5.6016502410145188 -1.2532369232509453
v -0.0293170325458050 0.0134750744327903 -0.0132420072332025
vn -1.1228942863453213 5.1982716711629315 -3.0293093683184207
v -0.0291974078863859 0.0134055111557245 -0.0135039910674095
vn -2.3023841169050572 4.7987346324912163 -2.9575348543319664
v -0.0293287001550198 0.0133736692368984 -0.0134857939556241
vn -3.4657978568813492 4.3273761943243523 -2.5519003969592937
v -0.0296103972941637 0.0132394246757030 -0.0134090743958950
vn -4.4906627581034675 3.4911409496730381 -2.1530152241818170
v -0.0296791512519121 0.0131882568821311 -0.0133798327296972
vn -5.3280270691415774 2.3440606863618121 -1.3564189846950221
v -0.0298958271741867 0.0129316262900829 -0.0132331699132919
vn -6.1474754123827253 0.5583349446627520 -0.5444165867326906
v -0.0299946330487728 0.0125553281977773 -0.0130181200802326
vn -4.1319541108194908 -4.6754323960278175 -0.5363692260142922
v -0.0295960735529661 -0.0028559057973325 -0.0083611281588674
vn -3.9551673798887390 -4.8475617253999479 -0.4605074882316156
v -0.0295965988188982 -0.0030926505569369 -0.0060888850130141
vn -4.7231815475839856 -4.0319952910424615 -0.4996398743323023
v -0.0297293215990067 -0.0029729779344052 -0.0060782232321799
vn -3.9235438598341115 -4.6260376947559472 -1.3586576302662539
v -0.0295945964753628 -0.0021907845512033 -0.0127958981320262
vn -3.9603055243186978 -4.8132863843400902 -0.6980708917309983
v -0.0295957624912262 -0.0027145259082317 -0.0094730332493782
vn -4.7082708099057200 -3.8793715436196829 -1.0809302663479374
v -0.0297632496803999 -0.0020330226980150 -0.0127673484385014
vn -4.7587379677996759 -3.9634602857070762 -0.5472422311131886
v -0.0297287572175264 -0.0025954665616155 -0.0094569623470306
vn -5.4958201978541696 -2.7677366283104079 -0.7942927488144765
v -0.0298774745315313 -0.0018656830070540 -0.0127370646223426
vn -5.7323283792409541 -2.2757467006252616 -0.2932453252643371
v -0.0299251303076744 -0.0022855326533318 -0.0094151273369789
vn -6.0285073738285098 -1.4544659894147027 -0.4410093076040696
v -0.0299688261002302 -0.0016256354283541 -0.0126936230808496
vn -6.2221803204898922 -0.6361679462508001 -0.0788866660448655
v -0.0299944952130318 -0.0019391145324335 -0.0093683674931526
vn -6.2586918888115530 -0.3717101078186483 -0.1163414000157728
v -0.0299946349114180 -0.0014035436324775 -0.0126534318551421
vn -6.2830688344689731 -0.0268504237218143 -0.0032647051625113
v -0.0299946349114180 -0.0019252648344263 -0.0093459356576204
vn -6.2228381788123315 -0.6612777228941992 -0.2722053767604118
v -0.0299944952130318 -0.0023138760589063 -0.0060195606201887
vn -5.7702548489785315 -2.2189203598147960 -0.4191210282545831
v -0.0299252830445766 -0.0026616915129125 -0.0060505173169076
vn -5.9377045770541530 -1.4047891785423416 -0.9916378411310367
v -0.0299617517739534 -0.0015363183338195 -0.0129786636680365
vn -5.8413958328525482 -1.1483725467957511 -1.5898269687425703
v -0.0299483481794596 -0.0013332832604647 -0.0132407825440168
vn -5.0010069906090742 -1.9529021425792501 -2.9668995791443611
v -0.0298095084726810 -0.0014891335740685 -0.0134720625355840
vn -5.3214968990737175 -2.5090689918269788 -1.7600724185691243
v -0.0298621766269207 -0.0017363053048030 -0.0131167378276587
vn -1.7636424853521597 -1.6565776689465377 -5.6419455045604447
v -0.0292741712182760 -0.0012095833662897 -0.0140149006620049
vn -0.8185055544880402 -1.2824817304849350 -6.0557296255761273
v -0.0290927290916443 -0.0012194054434076 -0.0140493018552661
vn -1.2147325391978341 -2.1278224546733080 -5.7321933815436612
v -0.0291147120296955 -0.0012667258270085 -0.0140325622633100
vn -2.8391012876998856 -2.8847196244404829 -4.6608494730306509
v -0.0294594150036573 -0.0016600892413408 -0.0137257585301995
vn -2.8333183781507749 -3.8899302510433911 -3.9077033741074412
v -0.0294134691357613 -0.0018889864441007 -0.0135690690949559
vn -3.3564722874268247 -4.2379238262755230 -2.9469088205031797
v -0.0294945538043976 -0.0020397885236889 -0.0133262109011412
vn -4.3059817637553648 -3.6527184016025922 -2.3690040024618626
v -0.0297027844935656 -0.0019080749480054 -0.0132353343069553
vn -2.7429373743901055 -1.5362921568750969 -5.2878449986473965
v -0.0294461268931627 -0.0011911041801795 -0.0139495246112347
vn -3.7823590575987929 -2.5965267428495822 -4.1121947251473587
v -0.0295916441828012 -0.0016135785263032 -0.0136567382141948
vn -3.7510109935765930 -1.4114096690586224 -4.6858626685611888
v -0.0296026300638914 -0.0011643342440948 -0.0138547783717513
vn -4.6735545403934236 -1.1247856841324486 -3.8080991184737663
v -0.0297383721917868 -0.0011301911436021 -0.0137339401990175
vn -5.7165455742160098 -0.5834005041544862 -2.1672473594726305
v -0.0299299210309982 -0.0010446798987687 -0.0134312920272350
vn -6.2299917431956953 -0.2111935303092116 -0.5278447343501460
v -0.0299946349114180 -0.0010799504816532 -0.0130407670512795
vn -6.2481773206088684 -0.3501686658763482 -0.2995149429770748
v -0.0299946349114180 -0.0013134747277945 -0.0128529816865921
vn -0.3625608810830362 -0.7003293827248862 -6.1642633953012007
v -0.0289787631481886 -0.0009642724762671 -0.0141058908775449
vn -0.5716150531624804 -0.2808279613121177 -6.1927877300188197
v -0.0290830899029970 -0.0007144929841161 -0.0141175072640181
vn 0.4186933087041221 -0.0954923464743968 -6.2539257675633575
v -0.0288703534752131 -0.0007145229028538 -0.0141136739403009
vn -2.0745453216627276 -2.8704857152499033 -5.0747396466929935
v -0.0293156150728464 -0.0016941851936281 -0.0137761496007442
vn -4.0414159496515314 -3.3033334466156807 -3.2394676474311841
v -0.0296528954058886 -0.0017806679243222 -0.0134577807039022
vn -1.6853819689805816 -0.3704134771328718 -5.9605019436242213
v -0.0292486809194088 -0.0007147191208787 -0.0140886195003986
vn -2.9696475885327733 -0.3177305895846895 -5.4375451032758013
v -0.0294870864599943 -0.0007154704071581 -0.0139917703345418
vn -4.3182937396499117 -0.2113181389066570 -4.3937648663264879
v -0.0296563431620598 -0.0007164122653194 -0.0138711947947741
vn -5.6284102355747487 -0.1032238294889238 -2.4227820613053748
v -0.0299227535724640 -0.0007193486671895 -0.0134937260299921
vn -6.2215164847517714 -0.0469107724801270 -0.6156747166114241
v -0.0299946349114180 -0.0007222451968119 -0.0131214568391442
vn -0.1549265515591126 0.6042683953148038 -6.1651761795539910
v -0.0289946328848600 0.0125631121918559 -0.0140180895105004
vn -1.7541562928978887 0.4168678638941918 -5.8655539234542715
v -0.0292486790567636 0.0125628560781479 -0.0139852827414870
vn -5.8682010542590186 0.5971638652127969 -1.8461870835807286
v -0.0299227517098188 0.0125582264736295 -0.0133903892710805
vn -5.5530404469982599 0.4675697863315285 -2.7337949314284762
v -0.0299117658287287 0.0125584313645959 -0.0134166879579425
vn -4.6478287813858934 0.6265293094904124 -4.0192840524381985
v -0.0297268088907003 0.0125606292858720 -0.0136992149055004
vn -4.2287848386408404 0.7751987775625632 -4.5020857955410651
v -0.0296607036143541 0.0125611331313848 -0.0137639855965972
vn -3.6749398718430473 0.5383528754559219 -4.9429235490332157
v -0.0296563412994146 0.0125611629337072 -0.0137678580358624
vn 2.7313055813454619 -5.6133584737570104 0.3796643491729061
v 0.0343501158058643 0.0061155422590673 0.0025794366374612
vn 4.0870696991495441 -4.7373693337815359 0.3994495910114191
v 0.0368863232433796 0.0078390780836344 0.0024688630364835
vn 1.6480812741565587 -5.7473070239496842 -1.5732891969268565
v 0.0321488119661808 0.0056818574666977 -0.0051640444435179
vn 2.2133235221027112 -5.6690543738180557 -1.2631767336807078
v 0.0333874113857746 0.0060513238422573 -0.0050278394483030
vn 1.9067487559481120 -5.9353752646087212 -0.4845126056291507
v 0.0329238958656788 0.0055909911170602 -0.0025579754728824
vn 2.9238962446286632 -5.3521180266346899 -1.2170217022538936
v 0.0345646552741528 0.0065718037076294 -0.0048970100469887
vn 1.8752605466711838 -5.9643344831309744 -0.0446781203070008
v 0.0329374410212040 0.0054771942086518 0.0000426087462984
vn 1.8647772381198116 -5.9528800621108173 0.4104977634297199
v 0.0329238958656788 0.0055505004711449 0.0026446492411196
vn 4.0390016036142473 -4.5355985114569526 -1.3642080060386923
v 0.0367500372231007 0.0081007881090045 -0.0046498696319759
vn 4.0863815966050510 -4.7295121505363991 -0.4813659280674597
v 0.0368863232433796 0.0078765554353595 -0.0023465899284929
vn 3.5137378505519137 -5.1479375705075485 -0.4889520620395559
v 0.0356783010065556 0.0069204610772431 -0.0024131161626428
vn 4.0860146257003613 -4.7534175815756896 -0.0370637727990729
v 0.0369346104562283 0.0077848508954048 0.0000605687346251
vn 3.5120404708553630 -5.1720381228547181 -0.0385437808358292
v 0.0357162393629551 0.0068200477398932 0.0000530598845216
vn 3.5199683261821590 -5.1543979892652745 0.3872862733468600
v 0.0356783010065556 0.0068820640444756 0.0025205002166331
vn 2.7203229346644759 -5.6289523230686926 -0.0420801000125755
v 0.0343764461576939 0.0060470928438008 0.0000470441409561
vn 2.7207844434383137 -5.6043678659128986 -0.5081481205883893
v 0.0343501158058643 0.0061549502424896 -0.0024839763063937
vn 3.5050621754489542 -4.9436496947242414 -1.3293615459856289
v 0.0356658957898617 0.0072357645258307 -0.0047732931561768
vn 4.2266460142146043 -4.4249147202969406 -1.2877662838736086
v 0.0387450940907001 0.0099331103265285 -0.0043835439719260
vn -3.7214101333522063 3.7863041617291753 -2.4329783969745593
v 0.0307382475584745 0.0096309809014201 -0.0058019687421620
vn -3.0963218102780026 4.4118378259373978 -2.2945348782422657
v 0.0290615670382977 0.0080912653356791 -0.0060239667072892
vn -0.2114637962172831 1.9662902604221097 -5.5000189825389327
v 0.0291883833706379 0.0072865812107921 -0.0067791761830449
vn 0.1860740646468149 2.1568218902246943 -5.4117972374064198
v 0.0286887548863888 0.0071300589479506 -0.0068429759703577
vn -0.8825475371532815 5.3293198959796531 -2.2808439190035790
v 0.0284910611808300 0.0078158248215914 -0.0061430442146957
vn -1.9281083539088255 5.0944187023142300 -2.3311605191190674
v 0.0287964008748531 0.0079112946987152 -0.0060797180049121
vn -0.7143003624243351 1.7997971977474074 -5.4582712063172156
v 0.0296223126351833 0.0075813592411578 -0.0067225289531052
vn -0.2165177804472858 5.4566341476663442 -2.1770270894000414
v -0.0086513161659241 0.0019036410376430 -0.0108413770794868
vn 1.8215236447038692 1.7120629098061826 -5.3408800661743969
v -0.0102288722991943 0.0017177800182253 -0.0117597794160247
vn 3.3271651492607734 4.4144226446743051 -2.2046166228728961
v -0.0098617151379585 0.0022450345568359 -0.0110610816627741
vn 1.4480124668204182 1.9546418610997873 -5.3520279129308053
v -0.0093991756439209 0.0012740634847432 -0.0116593074053526
vn 2.1814086925183185 5.1128695108219855 -2.2218219666630792
v -0.0092960260808468 0.0019422607729211 -0.0109595162793994
vn 0.4540743703839225 2.2102537977075722 -5.3706831135650210
v -0.0084536224603653 0.0012178753968328 -0.0115413088351488
vn 0.7329796231246200 5.4509697165757096 -2.2213270543817147
v -0.0089691244065762 0.0018873614026234 -0.0108998883515596
vn 0.8068593929161698 2.1269910288914033 -5.4070998604062090
v -0.0089197307825089 0.0011937948875129 -0.0115998787805438
vn 1.1343850802827147 2.1200106198558220 -5.3343382343162000
v -0.0093936473131180 0.0012725066626444 -0.0116586275398731
vn 5.5391724426311821 0.5794188249780284 -2.1748332148919909
v -0.0124946339055896 0.0051848446018994 -0.0113987857475877
vn 5.2454973986348294 1.9219129092049383 -2.2142361629124001
v -0.0123581131920218 0.0045598233118653 -0.0113785695284605
vn 4.5764832466103398 3.1654419397200835 -2.1674174355402647
v -0.0121907368302345 0.0042792400345206 -0.0113500049337745
vn 3.9880894100762720 3.8467253617754884 -2.1034494064371243
v -0.0119678191840649 0.0040426743216813 -0.0113108940422535
vn 2.6439552713627834 0.2406080036497648 -5.2892389332215517
v -0.0131076378747821 0.0051902504637837 -0.0120933372527361
vn 2.0964728756330011 1.5417001305028712 -5.2731888637753306
v -0.0123349763453007 0.0035154200159013 -0.0120095917955041
vn 2.2648089266586480 1.2414867996281036 -5.3185644596948594
v -0.0126619711518288 0.0038622785359621 -0.0120478495955467
vn 2.4662713599966373 0.7593887563060531 -5.3448272435594912
v -0.0129073821008205 0.0042736157774925 -0.0120753878727555
vn 3.9294867504205335 -3.8844493185659545 -2.8001914266632144
v 0.0386806093156338 0.0100688133388758 -0.0048381048254669
vn 3.1847703845694562 -2.7961159839078915 -4.5023566358300844
v 0.0384977944195271 0.0103283170610666 -0.0052579916082323
vn 2.0151266619614838 -1.3912540771766619 -5.6887090741848745
v 0.0382036752998829 0.0106911351904273 -0.0055540762841702
vn 2.3334027368185466 -1.9619176773795814 -5.3635295086198891
v 0.0363697372376919 0.0086661325767636 -0.0056893564760685
vn 1.2747692336205636 -0.5385971346885625 -6.0786557916796546
v 0.0359183512628078 0.0091923857107759 -0.0059213726781309
vn 1.0976004813099689 -0.3706945729863302 -6.1523976502633761
v 0.0377164147794247 0.0108442837372422 -0.0056832972913980
vn 3.2012062848745617 -3.0832705595077989 -4.3528117384079268
v 0.0365228913724422 0.0084703052416444 -0.0054911412298679
vn 3.7834442593762088 -3.9357792987200724 -2.9002645329980687
v 0.0366662554442883 0.0082673616707325 -0.0051696989685297
vn 0.9890892710815486 -0.4559470132192880 -6.1634729220405031
v 0.0334834270179272 0.0076233642175794 -0.0062385732308030
vn 1.0470589171829556 -0.4238640392957251 -6.1563853164052809
v 0.0344863571226597 0.0081329671666026 -0.0061089838854969
vn 1.7830204058119397 -1.7793982210093302 -5.6351680945391234
v 0.0347254015505314 0.0077049336396158 -0.0059974412433803
vn 1.4037842118242758 -5.2234454256692375 -2.9577558247778564
v 0.0314933620393276 0.0057270745746791 -0.0057404628023505
vn 3.6256721019387981 -4.2951132154547675 -2.4216826289293523
v 0.0359067283570766 0.0075579253025353 -0.0051460433751345
vn 1.1980897940481527 -0.4061482824449342 -6.1217948861630251
v 0.0353528372943401 0.0087193278595805 -0.0059958882629871
vn 1.9931518152454559 -1.5960248830429040 -5.6119041021631633
v 0.0355104394257069 0.0082260835915804 -0.0058950539678335
vn 0.9367472728693212 -0.4793333344229219 -6.1694526035119219
v 0.0328644104301929 0.0073850965127349 -0.0063179638236761
vn 1.5980496630265715 -1.8711276160758175 -5.6598754326469400
v 0.0338888727128506 0.0072658029384911 -0.0061056390404701
vn 1.1453517683887697 -2.0758224379900008 -5.7017463390486229
v 0.0314548723399639 0.0065053151920438 -0.0064076068811119
vn 0.8869104900127923 -0.5087898639293091 -6.1730608278140542
v 0.0313864089548588 0.0070198317989707 -0.0065059354528785
vn 1.9318989600430931 -5.1284304919935630 -2.7355664152365349
v 0.0331879220902920 0.0061310944147408 -0.0054976963438094
vn 1.3758224496510489 -3.8953676831915707 -4.5777114666445282
v 0.0314918048679829 0.0060569900088012 -0.0061400840058923
vn 1.7943489524388245 -3.7809578660548300 -4.4920755673068609
v 0.0331303663551807 0.0064620478078723 -0.0059317052364349
vn 1.3618130539951223 -1.9751548065341713 -5.6823111774630117
v 0.0330122523009777 0.0069150030612946 -0.0062181716784835
vn 2.5961506115593189 -3.4173684751069748 -4.4049423521081694
v 0.0349311046302319 0.0072923577390611 -0.0056996890343726
vn 2.2363646928122414 -3.6062389842903246 -4.4514767835853046
v 0.0340518169105053 0.0068307798355818 -0.0058134174905717
vn 3.1619047942406722 -4.6168931753883271 -2.4539482020002787
v 0.0350523255765438 0.0069907507859170 -0.0052574775181711
vn 2.5757051824118551 -4.8843808094772214 -2.7111602907098313
v 0.0341419614851475 0.0065128575079143 -0.0053752255626023
vn 2.9104608706043664 -3.1981890759634801 -4.3788832712522847
v 0.0357563160359859 0.0078401621431112 -0.0055920630693436
vn 1.2173626231385777 -5.3150946431501680 -2.9284436362819521
v 0.0028514377772808 0.0011445473646745 -0.0093362946063280
vn 1.2085736639813347 -3.9163618991657545 -4.6215459309872520
v 0.0028504543006420 0.0014895335771143 -0.0097631048411131
vn 1.0497696972878079 -2.0182334594093612 -5.7522158952943627
v 0.0028101804200560 0.0019618447404355 -0.0100397011265159
vn 0.8575390735496389 -0.4719751997853638 -6.1839283927862558
v 0.0019400792662054 0.0023241564631462 -0.0102308206260204
vn 1.2146858198464241 -5.3132903519476340 -2.9332405878127887
v -0.0119480900466442 -0.0012133719865233 -0.0112083805724978
vn 0.7069701757446829 -5.4836745685393478 -2.6546588336646968
v -0.0261426717042923 -0.0035268433857709 -0.0128957014530897
vn 1.2040078447360392 -3.9173866001670126 -4.6211325188871761
v -0.0119490586221218 -0.0008683821070008 -0.0116351898759604
vn 0.8288671299774401 -4.1862038295505766 -4.3576676130005474
v -0.0261359568685293 -0.0031856445129961 -0.0133783817291260
vn 1.0476779024466398 -2.0201187599181001 -5.7518550146427820
v -0.0119893103837967 -0.0003960673057009 -0.0119117833673954
vn 0.8517943336493876 -2.2285654082614634 -5.6592316743837188
v -0.0261752102524042 -0.0026878702919930 -0.0136948041617870
vn 0.8006907748241056 -0.5526718503228149 -6.1775578721131739
v -0.0262455195188522 -0.0021658989135176 -0.0137961916625500
vn 0.2751738421560568 -1.0500035981655989 -6.1391599338890437
v -0.0275648068636656 -0.0020603558514267 -0.0139395706355572
vn 0.6355942072745915 -0.1865433213550642 -6.2419772091831724
v -0.0274080764502287 -0.0018601962365210 -0.0139394309371710
vn 0.6387335546369743 -0.5614005396855788 -6.1926127014397085
v -0.0268579386174679 -0.0021344779524952 -0.0138726569712162
vn -1.9844590070874082 -5.6547592404531635 -1.4827525375891728
v -0.0276159644126892 -0.0035183755680919 -0.0126431314274669
vn -2.9504821267649657 -5.2805483270243192 -1.3606590452510403
v -0.0282109379768372 -0.0032450130674988 -0.0126592386513948
vn -2.3860320796724164 -4.7837268756165345 -2.9199113010315658
v -0.0281362906098366 -0.0031033470295370 -0.0131421182304621
vn -0.0971550679372161 -5.9726450671893474 -1.5636477063687351
v -0.0269217453896999 -0.0036625890061259 -0.0126093188300729
vn -0.7467287938372837 -5.2753557916900844 -2.8729536551369135
v -0.0271662641316652 -0.0035019444767386 -0.0130237182602286
vn -0.9631059220227547 -6.0128631587493082 -1.4198699478428032
v -0.0272396318614483 -0.0036177081055939 -0.0126265920698643
vn -1.3828701366668494 -5.9255310023976069 -1.3868505141823981
v -0.0272696986794472 -0.0036116568371654 -0.0126280728727579
vn -0.3115329397760264 -4.0753820775755472 -4.4128754043856544
v -0.0270378440618515 -0.0031636690255255 -0.0134911779314280
vn 0.2424523962297692 -2.2209106231237752 -5.6822950351455468
v -0.0268984548747540 -0.0026701805181801 -0.0137852570042014
vn -3.5409869224244455 -4.9599730539607076 -1.3396906824920047
v -0.0284946039319038 -0.0030531461816281 -0.0126613052561879
vn -2.9754096818845461 -4.4676717344742114 -3.0044980598916649
v -0.0283493623137474 -0.0029462426900864 -0.0131776072084904
vn -1.4665031173898815 -3.6694697817976913 -4.6218468250026081
v -0.0278937909752131 -0.0028119010385126 -0.0135956527665257
vn -1.9312552736090245 -3.3350429767019016 -4.7972057908996364
v -0.0280810035765171 -0.0026712405961007 -0.0136223705485463
vn -0.3616039058993605 -1.9286783108644856 -5.8036113645120828
v -0.0275869481265545 -0.0023871578741819 -0.0138692930340767
vn -0.6354025472812358 -1.9401958672397592 -5.8479231034459893
v -0.0277391690760851 -0.0022753535304219 -0.0138892931863666
vn 0.6224860649982502 -0.1552813256105445 -6.2450041789131960
v -0.0281392782926559 -0.0012874450767413 -0.0140265608206391
vn 0.1115884929089487 -0.8011176344431971 -6.2049797336123742
v -0.0282960552722216 -0.0014875635970384 -0.0140267061069608
vn -0.7877611022551814 -1.9158627123042045 -5.8609598391707793
v -0.0284704640507698 -0.0017025278648362 -0.0139764333143830
vn -1.9645808034902879 -3.3045284446317669 -4.8233277004223574
v -0.0288123860955238 -0.0020983440335840 -0.0137095227837563
vn -3.0956400713075367 -4.3988753808527710 -3.0151722625947390
v -0.0290808063000441 -0.0023733009584248 -0.0132647650316358
vn -3.6537505068001010 -4.8811236613875195 -1.3782607550347987
v -0.0290449410676956 -0.0026217747945338 -0.0127286389470100
vn -0.9466688133629804 1.5954617479469837 -5.4830730969782353
v 0.0312989912927151 0.0091210752725601 -0.0065005309879780
vn 0.5220692098052162 -2.0994396276546210 -5.4252045285201262
v 0.0304868575185537 0.0112052224576473 -0.0065860366448760
vn 0.0900987420474305 -1.9584138599645002 -5.5230778618816547
v 0.0308408867567778 0.0111515158787370 -0.0065421098843217
vn 0.2178787023799968 -5.3541664992472624 -2.3034191771675778
v 0.0303998570889235 0.0104998387396336 -0.0058969324454665
vn -0.2210845783773333 -5.4774254431324829 -2.2238498914143365
v 0.0304797273129225 0.0104932375252247 -0.0058729662559927
vn -1.3825596700482463 -5.2529138954624175 -2.3313976363501050
v 0.0305725391954184 0.0104686468839645 -0.0058452473022044
vn -0.5043910254243489 -1.7333862086941714 -5.5497710834145728
v 0.0311672072857618 0.0109928511083126 -0.0065024713985622
vn -2.5110522914080966 -4.7696840513877108 -2.3628947731364098
v 0.0306921284645796 0.0104047367349267 -0.0058097778819501
vn -3.5830533120111969 -3.9749450340744961 -2.4319011144511373
v 0.0307530220597982 0.0103529626503587 -0.0057918652892113
vn -1.0126741308661018 -1.3120681089544506 -5.5770835604436240
v 0.0314306877553463 0.0107455495744944 -0.0064713926985860
vn -4.7443638767894978 -2.4932174678289813 -2.5135511884213915
v 0.0308454688638449 0.0102253872901201 -0.0057650469243526
vn -1.3459223127927613 -0.7292014621600461 -5.6119138296100770
v 0.0316075719892979 0.0104325860738754 -0.0064516724087298
vn -1.4858978256554298 -0.1118015473993761 -5.6199429918340726
v 0.0316845066845417 0.0100818788632751 -0.0064447657205164
vn -5.3522989679855382 -0.0736820080383723 -2.5324146815518844
v 0.0308998581022024 0.0099986828863621 -0.0057504307478666
vn -1.4450038283146567 0.5646149152296457 -5.5961253661737898
v 0.0316530726850033 0.0097227590158582 -0.0064514973200858
vn -4.7660915249090205 2.4658320679307564 -2.4949504125457826
v 0.0308561455458403 0.0097946990281343 -0.0057652066461742
vn -1.1797596279360598 1.1673296256403562 -5.5738122900389255
v 0.0315179489552975 0.0093901343643665 -0.0064710113219917
vn 0.9227758023628559 -5.4223422941749773 -2.2427252946081055
v -0.0113946339115500 0.0105405841022730 -0.0111316414549947
vn 0.8912515899873193 -2.0551289743061938 -5.4123407944971067
v -0.0113076372072101 0.0112459687516093 -0.0118207447230816
vn 5.5330808132321838 -0.3266699315533981 -2.1510964885359245
v -0.0124946339055896 0.0094423722475767 -0.0113656502217054
vn 2.6637119599522436 -0.1331627909601816 -5.2747283776294269
v -0.0131076378747821 0.0094477767124772 -0.0120602026581764
vn 5.4354635605319386 -1.1968221609721716 -2.1896337554941567
v -0.0124558573588729 0.0097321588546038 -0.0113554755225778
vn 2.4370998801129389 -0.6875531830637455 -5.3738730452668282
v -0.0129727637395263 0.0101304994896054 -0.0120379943400621
vn 5.0327521196748473 -2.3666817867890675 -2.2253895866245292
v -0.0123961446806788 0.0098969861865044 -0.0113420877605677
vn 2.0334951178715737 -1.3011553341169853 -5.4253051392992937
v -0.0125826438888907 0.0107183884829283 -0.0119845541194081
vn 4.1267062546383482 -3.7278033092672422 -2.2905257841737479
v -0.0121704405173659 0.0102216033264995 -0.0112928608432412
vn 1.4399307732889273 -1.7485888130215552 -5.4702806696838113
v -0.0119921294972301 0.0111110117286444 -0.0119075328111649
vn 2.5014300602564195 -4.9378993497425485 -2.3244325983524683
v -0.0118057010695338 0.0104615250602365 -0.0112166944891214
vn -0.0011637866443102 -2.8709014126555825 -3.1370962912502476
v -0.0304946340620518 0.0014224586775526 0.0040111718699336
vn 0.9363448858313002 -2.8340255644157355 -2.9768832723985548
v -0.0315803959965706 0.0014236303977668 0.0038609977345914
vn 0.7682500544236379 -0.6180816316369037 6.1917169486757313
v -0.0310479197651148 -0.0010992153547704 -0.0039702444337308
vn 0.0059686934024132 -2.8905618790543572 3.0886759230704581
v -0.0304946340620518 0.0014847192214802 -0.0039885859005153
vn 1.5433837896001448 -0.5189247788079294 6.0583958076292568
v -0.0317069329321384 -0.0007972897146828 -0.0038181964773685
vn 0.9256735898864534 -2.8427544937314275 2.9307433334145294
v -0.0315803959965706 0.0014835514593869 -0.0038384112995118
vn 2.5455165230451726 -0.4686030916837916 5.7182457005702325
v -0.0322888456285000 -0.0004189512692392 -0.0035784137435257
vn 0.0823229111081818 -0.4276672733689985 6.2535352089065102
v -0.0308099240064621 -0.0012687732232735 -0.0039975699037313
vn -0.2702658815189642 -0.3187338611327337 6.2552853362800445
v -0.0305650457739830 -0.0016400490421802 -0.0040122852660716
vn -0.5683291045091690 -0.3543361999098196 6.2420599576652975
v -0.0304946340620518 -0.0017531281337142 -0.0040137851610780
vn 4.8737764399141321 -0.7482020581748792 3.8690603965880932
v -0.0337056405842304 0.0007142002577893 -0.0023798584006727
vn 1.9392084737550463 -2.8263075807414388 2.3763362966651669
v -0.0330924242734909 0.0014772635186091 -0.0030302384402603
vn 2.7644172671386378 -2.9654576461868332 1.4075552150013120
v -0.0341272056102753 0.0014666251372546 -0.0016632952028885
vn 4.2925156869259729 -0.4408184354912057 4.5568723825679811
v -0.0332828238606453 0.0003807783359662 -0.0028653715271503
vn 3.7978844804544627 -0.0486521761422770 4.9697154935460128
v -0.0330902151763439 0.0002274856233271 -0.0030419516842812
vn 3.2912505330781645 -0.6450577251093572 5.3008043026351608
v -0.0328052267432213 -0.0000008418704738 -0.0032653089147061
vn 3.1314828463088911 -3.0143057860090967 -0.0217644874831172
v -0.0344946347177029 0.0014535894151777 0.0000112930738396
vn 2.7863986417669810 -2.9830094184796634 -1.4226964411259111
v -0.0341272056102753 0.0014405574183911 0.0016858812887222
vn 1.9563804266652980 -2.8247770607970395 -2.4139801327902011
v -0.0330924242734909 0.0014299186877906 0.0030528248753399
vn -0.9501974053152729 -2.8239393820959209 2.9225007938170671
v -0.0294088721275330 0.0014835511101410 -0.0038384112995118
vn -0.7267344730889408 -0.3509643316949685 6.2274055215162871
v -0.0302957277745008 -0.0020379030611366 -0.0040110521949828
vn -0.9499641625707462 -2.8032844650453326 -2.9697774434836446
v -0.0294088721275330 0.0014236301649362 0.0038609977345914
vn -2.0000424012405884 -2.7365216436338087 -2.3568556674567356
v -0.0278968419879675 0.0014299181057140 0.0030528248753399
vn -2.7945464982832506 -2.7238844017326094 -1.2955770611591979
v -0.0268620606511831 0.0014405564870685 0.0016858812887222
vn -3.0701743766168574 -2.7209662027913506 -0.0292449636702391
v -0.0264946334064007 0.0014535884838551 0.0000112930665637
vn -6.2109053259393292 0.2894447427562635 -0.4823099447375735
v -0.0264949090778828 -0.0042059691622853 -0.0000409238746215
vn -6.1196517497097673 -0.4812086748636885 -1.2587406233051974
v -0.0266258455812931 -0.0042308098636568 0.0009830555645749
vn -5.3355268374453484 -0.6734992738212693 3.2092246825837183
v -0.0271251443773508 -0.0042399223893881 -0.0021886676549911
vn -5.6080011238957512 -0.5633441304560889 2.7481493913074631
v -0.0268620178103447 -0.0042384658008814 -0.0017076013609767
vn -2.7918418991498006 -2.7492006231298873 1.2618189665081407
v -0.0268620606511831 0.0014666242059320 -0.0016632950864732
vn -5.9191289136084926 -0.7212631394141398 1.9029345135707503
v -0.0267667472362518 -0.0042300787754357 -0.0014831160660833
vn -6.2060892749289849 -0.4430371410243778 0.7588064667341918
v -0.0265020504593849 -0.0042050830088556 -0.0002720706688706
vn -3.9503791652960345 -0.5604940108093359 4.8353537315441812
v -0.0280188601464033 -0.0039858962409198 -0.0031728793401271
vn -4.2708694668695202 -0.4175884470379203 4.5790498741245855
v -0.0278993304818869 -0.0040450221858919 -0.0030753414612263
vn -1.9923529036129262 -2.7584938481618329 2.3175203129561317
v -0.0278968419879675 0.0014772629365325 -0.0030302384402603
vn -4.6075595321951353 -0.5546640018953690 4.2196055799703096
v -0.0276160091161728 -0.0041523450054228 -0.0028097426984459
vn -5.0839155521120718 -0.6073059217964352 3.6235591943628855
v -0.0271494667977095 -0.0042383507825434 -0.0022262122947723
vn -1.2818442184541592 -0.4697024503030917 6.1220547627328159
v -0.0300811436027288 -0.0022662926930934 -0.0039963494054973
vn -2.4274197675951656 -0.5580776050770400 5.7528788946582079
v -0.0292604323476553 -0.0029768394306302 -0.0038281325250864
vn -3.4143744448759881 -0.5574070278187977 5.2319832726351834
v -0.0284782703965902 -0.0036659303586930 -0.0034832579549402
vn -1.8003985158286251 -5.6828918295422657 1.6354751443388897
v -0.0342230275273323 0.0002544462331571 -0.0025262478739023
vn 4.4905089570557406 -1.5336401080727200 4.0689924660708288
v -0.0337492749094963 0.0005946074379608 -0.0023506425786763
vn 3.6194716191075447 -2.9222844165824449 4.1750857969492774
v -0.0338173210620880 0.0004833354905713 -0.0023437705822289
vn 2.4975930903513599 -4.1114599816552726 3.9905014627432154
v -0.0339051298797131 0.0003879735304508 -0.0023597024846822
vn 1.2587788156579500 -5.0201873682906601 3.5031898489137641
v -0.0340067185461521 0.0003150322299916 -0.0023973577190191
vn 2.8938625527276880 -1.3704746934568028 5.3726385684132607
v -0.0328640416264534 -0.0001056581750163 -0.0032428097911179
vn 3.7492363096538108 -1.4235008029534031 4.7943366917688177
v -0.0333349667489529 0.0002686492807698 -0.0028379026334733
vn -2.9853936804060215 -5.3835067576361944 0.8403742194651583
v -0.0327737294137478 -0.0008339346968569 -0.0039417762309313
vn -2.1243033257226327 -5.5248443769341984 1.8095667235733421
v -0.0337779559195042 -0.0000626000837656 -0.0030522723682225
vn -2.2456427447480900 -5.2500326039755052 2.2241044621188673
v -0.0332709997892380 -0.0004280503198970 -0.0034905197098851
vn 1.9776099857382901 -2.5871990618020031 5.3395352631348523
v -0.0329366177320480 -0.0002040117688011 -0.0032460654620081
vn 2.8243049281290542 -2.7528881186770264 4.8516342311882719
v -0.0334061458706856 0.0001638990361243 -0.0028352050576359
vn 0.9427093141612906 -3.6675485542449073 4.9772498131024729
v -0.0330186076462269 -0.0002900227846112 -0.0032748787198216
vn 1.7451280275029832 -3.8921993911473800 4.5713381746497710
v -0.0334917791187763 0.0000732516127755 -0.0028574538882822
vn -0.4378725281580433 -4.6417407007612397 4.0994315626650470
v -0.0331051126122475 -0.0003585503436625 -0.0033275319729000
vn 0.5563765478292505 -4.8207321162443275 3.9368209174648818
v -0.0335863679647446 0.0000025193689908 -0.0029032281599939
vn -0.5923005728610737 -5.3704382764817957 3.1359027000100927
v -0.0336838476359844 -0.0000437533562945 -0.0029695865232497
vn -0.1692102239495332 -5.5903929706878284 2.7845859154482397
v -0.0341151505708694 0.0002694863360375 -0.0024541642051190
vn 2.0588799792941779 -1.3572779330618427 5.7450550293069913
v -0.0323519483208656 -0.0005169253563508 -0.0035629693884403
vn 1.2153528608289874 -2.5816171013658744 5.5598498014933897
v -0.0324274525046349 -0.0006133557762951 -0.0035741683095694
vn 0.3212295045672963 -3.5751453451429982 5.1150465856520011
v -0.0325008966028690 -0.0006909475196153 -0.0036081878934056
vn -0.6694963087167487 -4.3854700274537928 4.3979137804598416
v -0.0325785093009472 -0.0007573699695058 -0.0036663506180048
vn -1.6193158693627847 -4.9811091920722061 3.3924346787835900
v -0.0326525084674358 -0.0008048958261497 -0.0037443528417498
vn -2.4449012433642259 -5.3311496754772918 2.1007328523032993
v -0.0327241830527782 -0.0008321054046974 -0.0038467585109174
vn -4.2622457429568614 -4.5852961521655091 -0.3675912596722036
v -0.0264174453914165 -0.0045060627162457 0.0003659426874947
vn -4.9448772288723273 -3.7608724698858840 0.1900741826262060
v -0.0264050178229809 -0.0044995080679655 -0.0002781766816042
vn -3.2932984699789718 -5.2555430261405194 0.1912654971377963
v -0.0262712389230728 -0.0046249385923147 -0.0002863190893549
vn -1.1048570501991164 -6.0827948714439426 0.3384343060926571
v -0.0261951442807913 -0.0046996166929603 -0.0009785187430680
vn -1.3916746220535758 -5.9567616488407236 0.7199997004139678
v -0.0264166202396154 -0.0047095171175897 -0.0016007096273825
vn -3.1923088970621336 -5.2599096085298349 0.8194897688845497
v -0.0263622086495161 -0.0046308017335832 -0.0009426585165784
vn -3.4450834136577742 -4.9664549034028047 1.4777703177808381
v -0.0265953876078129 -0.0046097943559289 -0.0015351100591943
vn -4.1402194052622212 -4.5666489963653376 1.1559069609198742
v -0.0264935139566660 -0.0045055625960231 -0.0009157325839624
vn -4.6049956972551023 -3.8280932591257004 1.8283000192197321
v -0.0266720522195101 -0.0045235231518745 -0.0015086377970874
vn -5.4534757641643985 -2.3223515288859558 1.9299044417102760
v -0.0267198272049427 -0.0044395825825632 -0.0014932984486222
vn -5.9637193376090654 -1.7358130566740604 0.3588242817649383
v -0.0264852121472359 -0.0043323067948222 -0.0002732052234933
vn -3.2799215849587235 -5.2503464322286906 -0.4252225066740347
v -0.0262840148061514 -0.0046316324733198 0.0003767849120777
vn -1.1899323443606979 -6.0801734867082438 0.0838081925896243
v -0.0261005982756615 -0.0046938797459006 -0.0002966152969748
vn -1.2619078198428459 -6.0741978370465928 -0.2482295490002248
v -0.0261138770729303 -0.0047007859684527 0.0003923426265828
vn -5.8308579506493095 -1.7819732120995146 -1.2797226004557722
v -0.0266086664050817 -0.0043578641489148 0.0009827299509197
vn -4.8097732197638550 -3.6803102505537097 -1.3816379693435112
v -0.0265299305319786 -0.0045250188559294 0.0009970469400287
vn -3.1614204214678887 -5.2412786264725293 -1.0211979085127223
v -0.0263996422290802 -0.0046506728976965 0.0010264865122736
vn -1.0904269579369572 -6.0725539724143296 -0.5171619630107239
v -0.0262340493500233 -0.0047201197594404 0.0010673408396542
vn 0.6394212826364014 -3.5535656855424325 5.1185761408953105
v -0.0204470977187157 -0.0033687260001898 -0.0041119353845716
vn 0.3642538636002295 -2.6040304944442894 5.6828721767147421
v -0.0204609148204327 -0.0032890234142542 -0.0040667955763638
vn 1.5142652805173866 -2.4851272020889139 5.4889553685094477
v -0.0211976058781147 -0.0034317236859351 -0.0040047634392977
vn 0.1049647400577874 -1.3808295619143511 6.1028968243135369
v -0.0204741358757019 -0.0032126470468938 -0.0040399073623121
vn 1.5526860697791245 -4.4467635724665815 4.0292753422756569
v -0.0211894176900387 -0.0035919670481235 -0.0041213738732040
vn 0.8207892713640199 -4.7037432516186195 4.0055140734248553
v -0.0204327329993248 -0.0034513787832111 -0.0041844006627798
vn 0.9846204337981512 -5.7635075766828479 1.9987926617743697
v -0.0204146765172482 -0.0035546352155507 -0.0043575940653682
vn 1.4108809399144491 -5.7039628834590399 1.9210448071212238
v -0.0212010480463505 -0.0036964525934309 -0.0042895702645183
vn 3.3254989413835156 -0.6374564843613559 5.2713442899955254
v -0.0225781574845314 -0.0035392805002630 -0.0034421861637384
vn 2.4582792701807081 -2.3914598345564047 5.1736764121466443
v -0.0219150669872761 -0.0035797483287752 -0.0038079638034105
vn 2.3649002811507898 -0.6721527964141147 5.7599162672211071
v -0.0219329409301281 -0.0033929082565010 -0.0037592491135001
vn 1.0689568372315246 -0.6102401129148783 6.1415768777846802
v -0.0211079679429531 -0.0032186198513955 -0.0039778877981007
vn 0.0536591406092699 -0.4278698154731739 6.2551263617627688
v -0.0204946324229240 -0.0030940140131861 -0.0040242210961878
vn 3.9392384447525632 -0.4694047469971115 4.8612676267657156
v -0.0230922438204288 -0.0036622090265155 -0.0030703947413713
vn 4.2219111620592864 -2.2378134002972367 3.9642719690692951
v -0.0232126284390688 -0.0038701933808625 -0.0030116199050099
vn 3.3923740732112178 -2.3402173563925324 4.6480270488977338
v -0.0225939340889454 -0.0037280016113073 -0.0034765785094351
vn 4.5181519636859617 -0.6358845256259524 4.3008390294531189
v -0.0232100579887629 -0.0036911100614816 -0.0029660158324987
vn 5.0983792037165570 -0.6383830702123828 3.5824180512797841
v -0.0237325727939606 -0.0038226072210819 -0.0023784020449966
vn 4.8690514550825572 -2.2522663947553325 3.1460397717430686
v -0.0237456969916821 -0.0039985598996282 -0.0024173536803573
vn 5.7190762409471612 -0.5817134205242068 2.4836796741734415
v -0.0241408441215754 -0.0039301831275225 -0.0016750619979575
vn 5.3891912399453528 -2.2171214200054408 2.1805538977904693
v -0.0241628549993038 -0.0041036852635443 -0.0017041375394911
vn 6.1032103680303926 -0.5758258482656893 1.2779066856140728
v -0.0244034081697464 -0.0040033753030002 -0.0008799715433270
vn 5.7181278804146913 -2.1914352042541498 1.1124194299015842
v -0.0244316030293703 -0.0041753784753382 -0.0008959705010056
vn 6.2363631723424682 -0.5601380532712151 -0.0013160744245303
v -0.0244946293532848 -0.0040334975346923 -0.0000322881787724
vn 5.8315145116562412 -2.1765096615628963 -0.0134909818175189
v -0.0245250184088945 -0.0042050583288074 -0.0000336231933034
vn 6.1042235920962842 -0.5594688550122774 -1.2812693962229602
v -0.0244038328528404 -0.0040166927501559 0.0008162885787897
vn 5.7195448160688551 -2.1725994539418605 -1.1402357395529088
v -0.0244320407509804 -0.0041889213025570 0.0008295932202600
vn 5.7207364117057606 -0.5498011639607726 -2.4879792405607746
v -0.0241416413336992 -0.0039559789001942 0.0016123637324199
vn 5.3912460844776824 -2.1804028062799823 -2.2106237930733967
v -0.0241636540740728 -0.0041299047879875 0.0016387567156926
vn 5.1007323575328920 -0.5916975636030062 -3.5879765805421631
v -0.0237334817647934 -0.0038593837525696 0.0023173515219241
vn 4.8713316138706793 -2.1992577210400936 -3.1779363966409031
v -0.0237466245889664 -0.0040359101258218 0.0023535417858511
vn 4.4795735680626194 -0.6758771837710633 -4.3407909530847846
v -0.0232110749930143 -0.0037370612844825 0.0029071294702590
vn 4.2256733756440097 -2.1725332279655825 -3.9949750472075811
v -0.0232136752456427 -0.0039168312214315 0.0029499174561352
vn 4.0312794613551421 -0.5202476238723697 -4.7808238113547690
v -0.0230922400951385 -0.0037096147425473 0.0030129856895655
vn 3.3660557675389917 -2.2558390185528281 -4.7042141270737821
v -0.0225948542356491 -0.0037818527780473 0.0034171952866018
vn 3.3560063467756938 -0.5733764446024795 -5.2598547649429666
v -0.0226028859615326 -0.0035983326379210 0.0033714026212692
vn 2.3992281021940913 -0.5823794309714030 -5.7568588271941366
v -0.0219335369765759 -0.0034511322155595 0.0037055017892271
vn 2.4637973064686620 -2.3073452722168266 -5.2070774082684688
v -0.0219154767692089 -0.0036386661231518 0.0037513705901802
vn 1.2728415245993685 -0.5864355804688645 -6.1042028749285908
v -0.0212243981659412 -0.0033020135015249 0.0039072805084288
vn 1.4699976798871162 -2.3533120391846150 -5.5459329866132894
v -0.0211976282298565 -0.0034936433658004 0.0039508370682597
vn 0.1517422524507778 -0.6020603538354758 -6.2317427073757550
v -0.0204946324229240 -0.0031562745571136 0.0039755366742611
vn 0.5432758382632019 -2.3726655290097316 -5.7034099060508190
v -0.0204609148204327 -0.0033519214484841 0.0040150703862309
vn 2.3058381947314146 -4.3601389622617299 3.7588427455314832
v -0.0219267681241035 -0.0037378668785095 -0.0039196242578328
vn 2.9771155324586625 -4.2850463689033704 3.3591019237786388
v -0.0226248316466808 -0.0038840770721436 -0.0035792163107544
vn 3.5620254782451215 -4.2149604640124751 2.8469383403377844
v -0.0232613384723663 -0.0040244171395898 -0.0031010899692774
vn 4.0447942825442089 -4.1540757019626184 2.2338712074196883
v -0.0238099861890078 -0.0041512120515108 -0.0024895691312850
vn 4.4089332302679587 -4.1051122195061023 1.5346175378940989
v -0.0242394804954529 -0.0042551639489830 -0.0017552956705913
vn 4.6367423167030033 -4.0715885966512229 0.7706907637555782
v -0.0245162416249514 -0.0043261856772006 -0.0009230188443325
vn 4.7149386248037359 -4.0556409836371650 -0.0294924466932226
v -0.0246124546974897 -0.0043557644821703 -0.0000348222965840
vn 4.6379884889656857 -4.0580418198165695 -0.8303948995934136
v -0.0245166923850775 -0.0043401303701103 0.0008542548166588
vn 4.4108856658362505 -4.0786991186702348 -1.5961735781512849
v -0.0242403037846088 -0.0042821601964533 0.0016875135479495
vn 4.0472485355615193 -4.1156827557636060 -2.2973554776048184
v -0.0238109417259693 -0.0041896663606167 0.0024233360309154
vn 3.5643811526828966 -4.1664852414833629 -2.9123226844582035
v -0.0232624169439077 -0.0040724240243435 0.0030369455926120
vn 2.9793341133859035 -4.2278800790075017 -3.4264263803355304
v -0.0226257815957069 -0.0039395056664944 0.0035173655487597
vn 2.3080395011959576 -4.2965208061523352 -3.8275780242153412
v -0.0219271890819073 -0.0037985011003911 0.0038605458103120
vn 1.5670003323701902 -4.3688681831866596 -4.1041009917509923
v -0.0211894400417805 -0.0036556823179126 0.0040649399161339
vn 0.8470464878367254 -4.4162351384424214 -4.2619159921344307
v -0.0204327329993248 -0.0035160877741873 0.0041301348246634
vn 1.7974321530656494 -5.6457751040556543 1.7790823797425563
v -0.0219664238393307 -0.0038436534814537 -0.0040772436186671
vn 2.1443479442664071 -5.5889559374310869 1.5784679899134499
v -0.0226901695132256 -0.0039911754429340 -0.0037210341542959
vn 2.4432627942186267 -5.5362920869080856 1.3265956535123560
v -0.0233493447303772 -0.0041327723301947 -0.0032222350127995
vn 2.6870911016996124 -5.4908242946388715 1.0298425920815797
v -0.0239169653505087 -0.0042607109062374 -0.0025855719577521
vn 2.8691414578551977 -5.4547571810747311 0.6959808432759831
v -0.0243609473109245 -0.0043656337074935 -0.0018222116632387
vn 2.9822239047169496 -5.4306858425410729 0.3347969375711076
v -0.0246468763798475 -0.0044373790733516 -0.0009577872115187
vn 3.0209454405829788 -5.4203064169587680 -0.0415735189580678
v -0.0247462429106236 -0.0044673886150122 -0.0000357255630661
vn 2.9833091773149798 -5.4242370441363406 -0.4183925665695772
v -0.0246473401784897 -0.0044518499635160 0.0008872367907315
vn 2.8710967456458074 -5.4421232971306566 -0.7807776580252075
v -0.0243617985397577 -0.0043936572037637 0.0017526518786326
vn 2.6897077985880227 -5.4723841425978677 -1.1161214843907781
v -0.0239179544150829 -0.0043006478808820 0.0025175726041198
vn 2.4459536011089158 -5.5129416346705336 -1.4143977258727904
v -0.0233504604548216 -0.0041826497763395 0.0031563455704600
vn 2.1469662645343868 -5.5612712481525595 -1.6679504085318435
v -0.0226911492645741 -0.0040487982332706 0.0036574618425220
vn 1.7997827582082797 -5.6148354915603456 -1.8697710571517561
v -0.0219668634235859 -0.0039067282341421 0.0040164836682379
vn 1.4122963516050449 -5.6709007506599640 -2.0127678740351671
v -0.0212010703980923 -0.0037627746351063 0.0042314901947975
vn 1.0103991619160215 -5.7203551323826751 -2.1120580424942159
v -0.0204146765172482 -0.0036220287438482 0.0043016998097301
vn 0.1599976150548610 -6.0632458761092085 -1.4913416766310656
v -0.0184112936258316 -0.0033086242619902 0.0038341057952493
vn 0.3910183365658166 -5.9560493085812780 -1.6913970194702090
v -0.0190073028206825 -0.0033998000435531 0.0040930290706456
vn -0.3638628657365051 -5.1009290013864845 -3.5411576577844301
v -0.0190699025988579 -0.0033260493073612 0.0039434698410332
vn -0.9891196855567363 -5.1572316960048603 3.3142187361424282
v -0.0185161270201206 -0.0031810547225177 -0.0037535617593676
vn -1.5617670943237210 -5.1931828541095859 3.0216387275770100
v -0.0179432332515717 -0.0031007761135697 -0.0033912172075361
vn -2.6757723343883768 -3.6585710881653597 4.2505123887788159
v -0.0180315896868706 -0.0029769975226372 -0.0032936860807240
vn -4.4573368494071985 0.5140940505675251 4.3159375353899012
v -0.0177475884556770 -0.0026358733884990 -0.0029281571041793
vn -3.1503920300219015 -2.3456062885259183 4.8836563451325974
v -0.0180921815335751 -0.0028132107108831 -0.0032405236270279
vn -4.7607500063606345 -1.8189322994559962 3.5884392102230547
v -0.0172166377305984 -0.0026960794348270 -0.0023421524092555
vn -6.1779399748574519 0.3219068616288702 0.8223185860476384
v -0.0165127366781235 -0.0024911900982261 -0.0003996846789960
vn -6.0022589772671990 -0.4398695514429471 1.7530447672857894
v -0.0166680552065372 -0.0025041410699487 -0.0011844530235976
vn -5.7512577600068004 -1.7553184738213941 1.6473640944143257
v -0.0166508145630360 -0.0026323250494897 -0.0011863840045407
vn -4.6510686715225473 0.3569208403263938 -4.1646367282207031
v -0.0174799934029579 -0.0026408832054585 0.0026085353456438
vn -5.1511058528123179 -0.4907996251919273 -3.5472798719413809
v -0.0172521509230137 -0.0026072938926518 0.0023219329304993
vn -4.8395929275677272 -1.5932105509344370 -3.5831805419099179
v -0.0172334350645542 -0.0027346399147063 0.0023233827669173
vn -2.0697415963011685 -5.2204584871435022 2.6429908326230049
v -0.0174548551440239 -0.0030373157933354 -0.0029608700424433
vn -0.2493341600184072 -6.0310626934646949 1.3984778543196841
v -0.0178377218544483 -0.0031704946886748 -0.0035212538205087
vn 0.1259674183223587 -4.9115347030709176 3.7238510083991838
v -0.0198105052113533 -0.0032553053461015 -0.0040562911890447
vn -3.4154139315451344 0.3042593762193524 5.1931006923695575
v -0.0183609202504158 -0.0027245075907558 -0.0034047469962388
vn -2.5987241982642790 0.0699738755967926 5.6966403757473589
v -0.0190397314727306 -0.0028320981655270 -0.0037482790648937
vn -1.5027283282087862 -1.6036121605906415 5.8311196785933133
v -0.0192312300205231 -0.0029904670082033 -0.0038352324627340
vn -2.3976506479515258 -5.2334671157314361 -2.3337849757209077
v -0.0170496031641960 -0.0030266803223640 0.0024285686668009
vn -0.7353099188355896 -6.0483887591490975 -1.1128368433235412
v -0.0169093720614910 -0.0030970694497228 0.0025232625193894
vn -1.5877158629859320 -5.6618403794460397 -2.2031670169367183
v -0.0174715965986252 -0.0030853915959597 0.0029302937909961
vn -0.5615102820666624 -6.0259527937160673 -1.3852518063197747
v -0.0173478089272976 -0.0031563898082823 0.0030439994297922
vn -1.0175234835432116 -6.0557481584878721 -0.9283559630448377
v -0.0165631845593452 -0.0030510583892465 0.0019518496701494
vn -2.2549573799946430 -5.6856934450379724 -1.4181509603619706
v -0.0167164318263531 -0.0029811402782798 0.0018783261766657
vn -1.0714590512325102 -6.0705590988842619 -0.6061368724419686
v -0.0163054391741753 -0.0030164408963174 0.0013258844846860
vn -3.0194630498820465 -5.2691753040713589 -1.2996537328353730
v -0.0164683833718300 -0.0029468943830580 0.0012757485965267
vn -1.1414060832223072 -6.0764920593461351 -0.3354525765384196
v -0.0161463841795921 -0.0029934381600469 0.0006614829762839
vn -0.9361187012404519 -6.0744720050327485 0.7612155762390058
v -0.0165370516479015 -0.0030176520813257 -0.0019465349614620
vn -1.7757609302956914 -0.3702310388756079 -6.0091212839706625
v -0.0191958174109459 -0.0029170799534768 0.0037607243284583
vn -1.7401095961782174 -1.4924644170121906 -5.7915246451292903
v -0.0191739872097969 -0.0030399695970118 0.0037688470911235
vn -1.1898048784392437 0.5347316778069425 -6.0706924539762079
v -0.0197585113346577 -0.0030174911953509 0.0039083138108253
vn -0.2711665547752650 -1.7276243587983622 -6.0086232523137966
v -0.0203418135643005 -0.0032500703819096 0.0039868117310107
vn -2.6250890286587039 0.0369547772259246 -5.6923813026637093
v -0.0190397128462791 -0.0028900897596031 0.0037036959547549
vn -3.0899456076190890 0.3561239195189351 -5.3978147731703965
v -0.0183609016239643 -0.0027771692257375 0.0033618747256696
vn -3.4319074693060152 -1.4982108160008298 -4.9733399446156676
v -0.0181059390306473 -0.0028654502239078 0.0032065059058368
vn -3.6181255227059763 -0.4276810039823550 -5.1119264928276094
v -0.0181265771389008 -0.0027398224920034 0.0032024744432420
vn -4.0967835941687953 -0.0044050152072066 -4.7607007260547274
v -0.0178970210254192 -0.0027040252462029 0.0030208053067327
vn -4.3950524884964111 0.6333776452494367 -4.3756256029827600
v -0.0177475698292255 -0.0026811261195689 0.0028867176733911
vn -5.5303523249103570 0.4848447829664205 -2.8049045346855852
v -0.0168622843921185 -0.0025507395621389 0.0016550654545426
vn -5.8283601505739782 -0.1403116839450891 -2.3383987208519423
v -0.0167623944580555 -0.0025362109299749 0.0014189595822245
vn -5.6816571080171183 -1.7267494961900587 -1.8585255155257947
v -0.0166747309267521 -0.0026540190447122 0.0012212715810165
vn -6.0570752337201750 -0.4467986192281079 -1.5458208641374953
v -0.0166920311748981 -0.0025258497335017 0.0012212649453431
vn -6.2363015502412482 -0.4323386111823040 -0.3750394588864926
v -0.0164946354925632 -0.0024919570423663 -0.0000194207677850
vn -5.9907931496627631 -1.6936071135986941 -0.1683273002126358
v -0.0164778307080269 -0.0026203526649624 -0.0000204343396035
vn -5.2886314647727577 -1.8324434306483255 2.7551031487678359
v -0.0168890021741390 -0.0026575229130685 -0.0017906581051648
vn -5.6462421347562737 -0.3995489176447875 2.6978274027747715
v -0.0168832018971443 -0.0025270017795265 -0.0017392641166225
vn -5.0465918896842545 -0.4492085821663846 3.6893602236840253
v -0.0172353126108646 -0.0025687415618449 -0.0023387637920678
vn -1.1151880318117886 0.5854510801475084 6.0740187842742888
v -0.0197585225105286 -0.0029562951531261 -0.0039548496715724
vn -1.7636771664307029 -0.4262326133234501 6.0080139402851565
v -0.0192530713975430 -0.0028678823728114 -0.0038249583449215
vn -2.5755789306696033 -3.6505208705900225 -4.3242529952897879
v -0.0180455222725868 -0.0030300095677376 0.0032572995405644
vn -3.8176626771129336 -3.7048537424038361 -3.2158509973879026
v -0.0171622596681118 -0.0029010055586696 0.0023590517230332
vn -4.6394531412070084 -3.6799987781580215 -1.8975787968231561
v -0.0165968351066113 -0.0028211651369929 0.0012393465731293
vn -4.9445683721034204 -3.7715763678689269 0.0580491390963852
v -0.0163975693285465 -0.0027876144740731 -0.0000217364286073
vn -4.2375134206287406 -4.5776264372064759 -0.6490672022177151
v -0.0164479166269302 -0.0027985277120024 0.0006182839861140
vn -4.0133952343198747 -0.1414108924541806 4.8243774159224646
v -0.0178970210254192 -0.0026566830929369 -0.0030625667423010
vn -2.1813395308996530 -2.5523233034345862 5.2937943013970621
v -0.0186424180865288 -0.0028955533634871 -0.0035861155483872
vn -0.9550004216058404 -3.6339162496421893 4.9563835787637940
v -0.0191856995224953 -0.0031509040854871 -0.0039003859274089
vn -0.5612503193091661 -6.0494792731307507 1.2511117347133147
v -0.0173304192721844 -0.0031065216753632 -0.0030750255100429
vn -0.7780631222216883 -6.0657172944936200 1.0033496639306057
v -0.0168912149965763 -0.0030553932301700 -0.0025456184521317
vn -2.5051981273327018 -5.2396627167803640 2.1876070959417153
v -0.0170321278274059 -0.0029864977113903 -0.0024507818743587
vn -2.8578142470039412 -5.2515816111344922 1.6628782467091621
v -0.0166912786662579 -0.0029488953296095 -0.0018738900544122
vn -4.4023200408958489 -3.7012614776449211 2.3467083969704463
v -0.0168136768043041 -0.0028239807579666 -0.0018196654273197
vn -4.7917443423361288 -3.7206212927200806 1.3634542245441230
v -0.0165726318955421 -0.0027992143295705 -0.0012058656429872
vn -3.0847797728207751 -4.1698607545764439 3.5259116763675551
v -0.0175564959645271 -0.0029130938928574 -0.0028755478560925
vn -3.9324395550183127 -3.6929293091176034 3.0801615740703987
v -0.0171452611684799 -0.0028619002550840 -0.0023800223134458
vn 0.2664612969364092 -5.0562077476065905 3.6037960963424096
v -0.0197717472910881 -0.0033772939350456 -0.0041754515841603
vn 0.0871472033159506 -3.4849499224833087 -5.1629599340611332
v -0.0203126817941666 -0.0034077398013324 0.0040559493936598
vn -1.1627914475931864 -3.5361798408773044 -4.9862741017470196
v -0.0191276632249355 -0.0032015806064010 0.0038310305681080
vn 0.4927040928277729 -5.0147089915959739 -3.6509704479909253
v -0.0202878601849079 -0.0035310434177518 0.0041744341142476
vn 0.8318438028135250 -5.9072675172438931 -1.7265937273350924
v -0.0202699266374111 -0.0036073084920645 0.0043292366899550
vn -0.2470392871226513 -6.0084887379340275 -1.4920449462177747
v -0.0178525969386101 -0.0032270418014377 0.0034825187176466
vn -1.4522916828859105 -5.1698111511676670 -3.1228062214355718
v -0.0179575532674789 -0.0031552826985717 0.0033531952649355
vn -0.0342853507569485 -5.9944899509790170 1.6674785952172062
v -0.0184325948357582 -0.0032515577040613 -0.0038963826373219
vn 0.3793586560830921 -5.9693601900616819 1.6426422037155435
v -0.0190691910684109 -0.0033450697083026 -0.0041666179895401
vn -1.9069138329612836 -3.6253618917422608 4.6740302306220221
v -0.0185889191925526 -0.0030578109435737 -0.0036458566319197
vn -0.3786509682034461 -5.1102244835855481 3.5098627804253457
v -0.0191295556724072 -0.0032735511194915 -0.0040153060108423
vn 0.7053528779799001 -5.9363068025597716 1.6549098029664122
v -0.0197351425886154 -0.0034500467590988 -0.0043310085311532
vn -1.0648701603569601 -6.0907603798591161 0.4201337228623631
v -0.0162795893847942 -0.0029931587632746 -0.0012900484725833
vn -1.1471645676798656 -6.0901338378809742 0.0138082702409060
v -0.0160926096141338 -0.0029821677599102 -0.0000232520760619
vn -3.2473218787434996 -5.2474323735614075 -0.6501531296850831
v -0.0163153111934662 -0.0029241829179227 0.0006362808053382
vn -3.1388250461859797 -5.2758777267566339 0.9563399971425330
v -0.0164435058832169 -0.0029243929311633 -0.0012419325066730
vn -3.2873802803547081 -5.2709087540921722 0.0927858599160575
v -0.0162635594606400 -0.0029131455812603 -0.0000227140535571
vn -3.4063437367897267 -5.2139052613945012 -0.6637925844082152
v -0.0285152960568666 -0.0036809137091041 -0.0083143459632993
vn -4.0685694338535550 -4.7171684607032347 -0.2765713724793874
v -0.0303305611014366 -0.0026606686878949 -0.0045208069495857
vn -3.9843942000451347 -4.8026028391822964 -0.6157688660061471
v -0.0300301741808653 -0.0028660648968071 -0.0048305168747902
vn -3.8700751284422887 -4.9154299639688759 0.1680497139692049
v -0.0294072758406401 -0.0033714489545673 -0.0043297018855810
vn -3.9967624912097444 -4.8034596786413566 -0.5388630843817858
v -0.0298117194324732 -0.0030055106617510 -0.0051764450035989
vn -3.5998278834040316 -5.0732717333214872 0.1643709826161185
v -0.0285273678600788 -0.0040609911084175 -0.0039388420991600
vn -3.9641539129568990 -4.8421880730301616 -0.4432453610064712
v -0.0296036005020142 -0.0031021696049720 -0.0059201652184129
vn -3.2939269889779630 -5.0132129035136641 1.2825481562014023
v -0.0279454700648785 -0.0044039022177458 -0.0034237005747855
vn -2.5671719068250125 -5.4605843189668954 1.2352133604563071
v -0.0273312367498875 -0.0046257409267128 -0.0029124505817890
vn -3.8035609473060950 -4.1718660493497310 2.5111245411329541
v -0.0274311341345310 -0.0045153708197176 -0.0028029875829816
vn -4.2374622415417758 -2.0005039237979174 4.0599128367014732
v -0.0280104167759418 -0.0041577271185815 -0.0032030835282058
vn -4.9101212703992294 -2.4257308602824499 2.8942757737762217
v -0.0270459447056055 -0.0044346842914820 -0.0021358469966799
vn -4.5924683123104977 -2.3297574959181597 3.4807913537439328
v -0.0274889748543501 -0.0043596313335001 -0.0027220870833844
vn -3.6858383885190613 -4.5135283062069380 2.0490788601501739
v -0.0269501134753227 -0.0046007963828743 -0.0021976225543767
vn -1.9168546473213608 -5.7618811677702118 0.9987761223089450
v -0.0268057622015476 -0.0047086547128856 -0.0022877217270434
vn -1.0766651305304105 -6.1170607995479918 0.0322693108594395
v -0.0272028669714928 -0.0046755378134549 -0.0030355560593307
vn -0.5803373882155631 -6.1873230859043478 -0.0184309285939063
v -0.0268151517957449 -0.0047311661764979 -0.0026220537256449
vn -0.1038794200105225 -6.2157473560822041 0.0286809988303212
v -0.0266361832618713 -0.0047405320219696 -0.0023915981873870
vn 0.4483895731606368 -6.1944308024187693 0.0137444390733790
v -0.0263356100767851 -0.0047332942485809 -0.0019162009702995
vn -2.7861849668122169 -5.5169050378234257 0.0640993482063850
v -0.0279628373682499 -0.0044152191840112 -0.0036265498492867
vn -1.9278724772075975 -5.9150275294196115 0.0939352507677157
v -0.0273777395486832 -0.0046341633424163 -0.0031932860147208
vn -1.5036801674403293 -6.0668954124281811 0.0768021330018870
v -0.0272991433739662 -0.0046540489420295 -0.0031242764089257
vn -3.8255653713310105 -1.8257910093363900 4.5509253336134288
v -0.0285424701869488 -0.0037974470760673 -0.0035520636010915
vn -4.0570332566875615 -3.6928353440639881 2.8421892260535810
v -0.0279969051480293 -0.0042981863953173 -0.0032995967194438
vn -4.1383214320973192 -3.2976623754751286 3.2424815284714907
v -0.0285735763609409 -0.0039148484356701 -0.0036588569637388
vn -4.0013270358829454 -4.4439747944269534 1.5734528839620079
v -0.0285683758556843 -0.0040058824233711 -0.0037924302741885
vn -5.5235681102697400 -2.6590836100461024 -1.1124699190423923
v -0.0299290660768747 -0.0027400061953813 -0.0057228831574321
vn -4.7952896162223286 -3.9425314213398988 -0.8050558747697316
v -0.0298101715743542 -0.0029329927638173 -0.0056761745363474
vn -4.6365300570266337 -4.0519630452766009 -1.0708479524381733
v -0.0299477707594633 -0.0028554238379002 -0.0053106504492462
vn -5.2146179989601480 -2.9206919590961857 -1.8468428720380126
v -0.0300484988838434 -0.0026626458857208 -0.0054171946831048
vn -2.8490877010424298 -1.7897200488692113 -5.2928585097818663
v -0.0309253595769405 -0.0015579977771267 -0.0049418131820858
vn -2.3505263078528444 -1.6649193834819871 -5.5755058014055061
v -0.0310230366885662 -0.0013384625781327 -0.0049609350971878
vn -2.7771172878849573 -0.7133776789268619 -5.5626642196646019
v -0.0307461842894554 -0.0015608363319188 -0.0050248927436769
vn -1.6299889864142465 -1.5114327615524656 -5.8664383568026501
v -0.0310953799635172 -0.0012805936858058 -0.0049540391191840
vn -4.6533332578954489 -1.6853266055216332 -3.8153935480728789
v -0.0304240435361862 -0.0021225572563708 -0.0051374961622059
vn -4.1041326669133227 -2.6664527509566645 -3.8980285315375904
v -0.0307993907481432 -0.0019645164720714 -0.0048466008156538
vn -3.2629442592059488 -1.5966650683204313 -5.1031421853275925
v -0.0308188945055008 -0.0016931843711063 -0.0049570212140679
vn -3.2793032621323421 -2.2425700670595603 -4.8276620626603677
v -0.0308758225291967 -0.0017275911523029 -0.0049099009484053
vn -4.1648907226664464 -4.5125276672911054 -1.1052504727442747
v -0.0304846540093422 -0.0025145451072603 -0.0046127033419907
vn -4.4985656993201886 -3.7337431666028373 -2.1418420516933558
v -0.0306134372949600 -0.0023452427703887 -0.0046996450982988
vn -4.3240476503881773 -4.1339408940198261 -1.7630451041690689
v -0.0304013285785913 -0.0025403520558029 -0.0047683552838862
vn -4.3262185011478183 -3.3245296622195859 -3.0339328453423651
v -0.0307173673063517 -0.0021597987506539 -0.0047785490751266
vn -4.7017520268430388 -2.9484778471863962 -2.8576220947978408
v -0.0304420124739408 -0.0023500281386077 -0.0049721430987120
vn -4.5036037169969552 -4.1369966039580301 -1.3006531712178133
v -0.0301530715078115 -0.0027180307079107 -0.0050054285675287
vn -5.4771166814462582 -1.6079991525990143 -2.5600811687781384
v -0.0300995409488678 -0.0024435932282358 -0.0055070258677006
vn -4.3661886852807461 -0.7203502797955942 -4.3924689524739575
v -0.0303933173418045 -0.0020004482939839 -0.0052015008404851
vn 0.9785820424509680 -1.6964702529099793 5.9212138651868438
v -0.0317662023007870 -0.0009312130277976 -0.0038228859193623
vn -1.1072638786175375 -4.7782179800301048 3.8174568132325710
v -0.0315726287662983 -0.0013387721264735 -0.0040882979519665
vn -0.8449009542589698 -3.7400424329709301 4.9496905494263901
v -0.0311717968434095 -0.0014004644472152 -0.0040731225162745
vn 0.0804552871438994 -3.2233414979140882 5.3179749195732731
v -0.0318368338048458 -0.0010515038156882 -0.0038668266497552
vn -0.3026828400513906 -2.8890634793853600 5.5558833824408635
v -0.0311335753649473 -0.0013170011807233 -0.0040175449103117
vn 0.2699356468798539 -1.7527885185460366 5.9975898439942794
v -0.0311093330383301 -0.0012597566237673 -0.0039932834915817
vn -2.2878703493750288 -5.7559519742602703 0.2142462060908706
v -0.0316713750362396 -0.0014190970687196 -0.0043775439262390
vn -2.0074764905696614 -5.6929195957045344 1.4193300894690950
v -0.0312702059745789 -0.0015593012794852 -0.0043590627610683
vn -1.7678877857575586 -5.5590062457965015 2.1194940018349002
v -0.0316292084753513 -0.0014018773799762 -0.0042240880429745
vn -1.7058895350246956 -5.1544307816886441 3.0983664723259285
v -0.0312276575714350 -0.0015044887550175 -0.0042001111432910
vn -1.2476490233818156 -4.6027361670985396 4.0707123666388716
v -0.0312075018882751 -0.0014699021121487 -0.0041467770934105
vn -2.4835068770112181 -4.9086298191226421 -2.9402878509715449
v -0.0312970690429211 -0.0015016379766166 -0.0046946094371378
vn -2.5231735658767152 -5.4361802212333314 -1.8305356185786537
v -0.0312981270253658 -0.0015412182547152 -0.0046011637896299
vn -2.5784924856949991 -5.3627388510853073 -1.7033807883239729
v -0.0316947996616364 -0.0013886454980820 -0.0045329434797168
vn -2.6063484715414389 -5.6287892298513116 -0.9841104561401439
v -0.0312947146594524 -0.0015573892742395 -0.0045359800569713
vn -2.3195016747180972 -5.8091901094240592 -0.2391028944047933
v -0.0312943048775196 -0.0015583166386932 -0.0045307357795537
vn -1.8960091304657050 -2.9841038926823500 -5.1320638356555328
v -0.0312612056732178 -0.0013287708861753 -0.0048834588378668
vn -2.1577518383779766 -4.0323029857906576 -4.2076899635171099
v -0.0312831401824951 -0.0014183744788170 -0.0048090568743646
vn -2.6400833905056920 -3.7619703604470689 -4.2008248698053592
v -0.0316901504993439 -0.0012617239262909 -0.0047352104447782
vn -2.6932089065622167 -4.5232716185585060 -3.2901571475095288
v -0.0316970944404602 -0.0013136726338416 -0.0046743713319302
vn -3.0956800504944533 -5.0073841461812432 -1.9293193959845460
v -0.0320978015661240 -0.0011979487026110 -0.0044660600833595
vn -0.6579086207096601 -4.3697106866125983 4.3661002419785664
v -0.0319089479744434 -0.0011499120155349 -0.0039474731311202
vn -1.5473199191090847 -5.2511913934852821 2.9440173952612341
v -0.0319763794541359 -0.0012180089252070 -0.0040579428896308
vn -2.2519114367559867 -5.6328613379600654 1.3150841412032774
v -0.0320333614945412 -0.0012499880976975 -0.0041887853294611
vn -2.8690845599066734 -5.4592836050786877 -0.4457288817673892
v -0.0320750214159489 -0.0012430988717824 -0.0043288152664900
vn -3.3484749642017024 -5.0835896007499448 -0.6371990785334323
v -0.0324599407613277 -0.0010411017574370 -0.0042176749557257
vn -3.0020151698330508 -4.6120655663098491 -2.9028070058102671
v -0.0321014299988747 -0.0011621038429439 -0.0045299301855266
vn -2.8333502089944611 -5.4307667478797406 0.8427697282804351
v -0.0324191786348820 -0.0010596533538774 -0.0040933853015304
vn -2.0854261176488835 -5.3315926544300742 2.4216897925859362
v -0.0323629826307297 -0.0010473729344085 -0.0039744582027197
vn -1.2513798722284297 -4.8236970523984120 3.7309356860074931
v -0.0322952680289745 -0.0010051112622023 -0.0038691938389093
vn -1.3008054875569950 3.6795400221128971 -4.5582991020752743
v -0.0291851125657558 0.0131838070228696 -0.0137722631916404
vn -1.0477560307057041 2.0660709969939903 -5.5641668848299686
v -0.0291497167199850 0.0128858843818307 -0.0139490766450763
vn -5.0086418914810995 1.3912418223617995 -3.0655782159663256
v -0.0298411827534437 0.0127386553213000 -0.0135178640484810
vn -3.4218823872292745 2.7886937983821403 -3.9886319237781769
v -0.0295730587095022 0.0130277909338474 -0.0136831020936370
vn -2.8562112858307724 1.3175460010225220 -5.1074628893832372
v -0.0294655729085207 0.0127588612958789 -0.0138764847069979
vn -4.5002655163275005 -3.7794734248326187 2.0222758008686479
v -0.0306273624300957 -0.0023448527790606 -0.0043482212349772
vn -4.7103257347749752 -4.0123260158423051 0.5171181309332495
v -0.0306439418345690 -0.0023638275451958 -0.0044650440104306
vn -4.1558471771646950 -4.4503731348353712 1.2573048550613894
v -0.0304928664118052 -0.0025076472666115 -0.0043981145136058
vn -4.1439668450989418 -4.6185235337511390 -0.0387041439203702
v -0.0304968059062958 -0.0025195642374456 -0.0045054447837174
vn -1.4230886084307286 -1.0467769508074989 5.9827653555919991
v -0.0303835440427065 -0.0021166405640543 -0.0040303394198418
vn -2.2528286167529141 -1.8122584247631295 5.4719442065191126
v -0.0301912315189838 -0.0024170177057385 -0.0040465905331075
vn -2.4309270647079839 -2.0245219801762229 5.3605187219107817
v -0.0304649248719215 -0.0021906555630267 -0.0040770545601845
vn -3.2429505661826541 -3.3420179736834621 4.0594310452637608
v -0.0302770938724279 -0.0025446272920817 -0.0041636773385108
vn -3.2479809795065915 -2.7524671306881396 4.5345086950985065
v -0.0305352210998535 -0.0022557196207345 -0.0041485223919153
vn -3.4751369616227605 -3.4979092321892571 3.7856801652221161
v -0.0304382108151913 -0.0024360199458897 -0.0042030620388687
vn -4.0492176525038461 -3.3609040850049041 3.3182838651422801
v -0.0305904187262058 -0.0023081146646291 -0.0042406669817865
vn -3.9261662070646803 -4.0578007719355451 2.6222873676635365
v -0.0304730273783207 -0.0024793606717139 -0.0042957258410752
vn -3.8257166743250899 -4.3718747624772742 2.1893398787805403
v -0.0303260143846273 -0.0026301334146410 -0.0043299961835146
vn -4.6770406882808970 -3.9619959551447161 -0.9155703173170948
v -0.0306392125785351 -0.0023639618884772 -0.0045844595879316
vn -4.5481573608277479 -3.8191135950131643 -1.6827974522670852
v -0.0307608321309090 -0.0021924213506281 -0.0046591293066740
vn -4.4571087735435828 -3.1806774432527778 -3.0311164480989734
v -0.0308610536158085 -0.0020094870124012 -0.0047328737564385
vn -4.6710658797374878 -3.3620892532849656 -2.4797488191424728
v -0.0308631528168917 -0.0020110318437219 -0.0047274441458285
vn -4.9030250071341488 -3.5124183217436529 -1.6846156392372789
v -0.0308890696614981 -0.0020302550401539 -0.0046380436979234
vn -5.0739709867029639 -3.5588769977738348 -0.6324207563249776
v -0.0308961495757103 -0.0020356462337077 -0.0045959190465510
vn -5.0300518697620449 -3.6321673519051680 0.5184242289466656
v -0.0308975931257010 -0.0020378311164677 -0.0044479095377028
vn -4.9327638587847895 -3.4383509541442159 1.6394685842829329
v -0.0308896619826555 -0.0020325575023890 -0.0043968008831143
vn -1.3195474391995508 -1.0203822642201297 6.0119763683567990
v -0.0306103825569153 -0.0018357126973569 -0.0040350998751819
vn -2.4862678084110077 -1.9003532340967029 5.3819778615197027
v -0.0306832604110241 -0.0018875281093642 -0.0040718521922827
vn -3.6981262138172775 -2.7760861152238556 4.1272595977533841
v -0.0307996924966574 -0.0019698867108673 -0.0041847517713904
vn -4.5586149748151197 -3.3753320119048151 2.5341596869646712
v -0.0308665987104177 -0.0020167152397335 -0.0043135299347341
vn -4.0451926791177355 -4.6608627822386612 0.8408686442761186
v -0.0303340572863817 -0.0026527631562203 -0.0044240737333894
vn -3.9942424904522955 -4.4081286373656354 1.7473241343036192
v -0.0294276066124439 -0.0033276074100286 -0.0041588675230742
vn -3.7636965896814623 -3.3184386430456900 3.6604842210407549
v -0.0294073913246393 -0.0032390628475696 -0.0040063136257231
vn -3.0376406927742829 -1.8239576357612788 5.1091548869947978
v -0.0293492451310158 -0.0031170295551419 -0.0038912091404200
vn -3.6305337098293293 -2.7268380135343184 -4.2678674523254116
v -0.0310476813465357 -0.0015789594035596 -0.0048553738743067
vn -1.8925026892009913 -3.2768585365230276 4.9443982285994856
v -0.0310850143432617 -0.0014632658567280 -0.0040975157171488
vn -0.6356376839054267 -1.7191722493973685 5.9490015909676126
v -0.0309812668710947 -0.0013442061608657 -0.0040144617669284
vn -4.3185485212750176 -2.7170120720522619 -3.5250500750158640
v -0.0309610310941935 -0.0017889755545184 -0.0048027313314378
vn -4.9572665980120769 -3.2220618012324236 -1.8045836785894147
v -0.0310176126658916 -0.0018316343193874 -0.0046620643697679
vn -4.3501532283021689 -3.5217571917977062 -2.6841636050668711
v -0.0311221256852150 -0.0016423903871328 -0.0047160699032247
vn -5.0167097481840779 -3.6200195322200006 -0.0449429935088423
v -0.0310350283980370 -0.0018478395650163 -0.0045063705183566
vn -2.9280050217820297 -2.4047542005542444 -4.9166961076666738
v -0.0311369430273771 -0.0014305624645203 -0.0048764767125249
vn -3.5633449668438457 -3.8724475971843098 -3.3325349951384591
v -0.0312012955546379 -0.0015277685597539 -0.0047413981519639
vn -3.7044825852489760 -4.8446970923486168 -1.0846393926338733
v -0.0312293451279402 -0.0015836850507185 -0.0045743067748845
vn -3.0923976187150215 -4.3782420919456149 3.1399978121713739
v -0.0311672519892454 -0.0015492391539738 -0.0042304731905460
vn -3.7746899305711583 -4.8117144508842120 1.0499846761776870
v -0.0312174875289202 -0.0015911518130451 -0.0043964521028101
vn -1.3035218974800977 -1.2797118000751491 5.9410351470432685
v -0.0308620892465115 -0.0014816430630162 -0.0040260818786919
vn -2.8058853656122205 -2.4309293574315984 4.9916756851513764
v -0.0309850014746189 -0.0015704913530499 -0.0041033462621272
vn -4.0011879267903803 -3.2837113250427086 3.4570679875300536
v -0.0310813728719950 -0.0016368940705433 -0.0042269239202142
vn -4.7233603135312041 -3.7617242490142928 1.5229391973858781
v -0.0311400145292282 -0.0016731448704377 -0.0043825316242874
vn -4.8202955955366509 -3.8693752854969263 -0.6811328335689302
v -0.0311541520059109 -0.0016750538488850 -0.0045521291904151
vn -2.7863927557047692 -2.7071111092598694 -1.3070920565097721
v -0.0168620608747005 0.0014405552065000 0.0016858812887222
vn -0.9457745969843084 -2.8499952659799286 2.9270925050535554
v -0.0194088704884052 0.0014835499459878 -0.0038384112995118
vn -0.0004482945672425 -2.9127536016343241 3.0914027389877154
v -0.0204946324229240 0.0014847179409117 -0.0039885859005153
vn -0.9358092821797819 -2.7723928562963573 -2.9700428110774304
v -0.0194088704884052 0.0014236288843676 0.0038609977345914
vn -2.0025563074597863 -2.7208569347218017 -2.3502291655853025
v -0.0178968422114849 0.0014299168251455 0.0030528248753399
vn -0.0075876858296169 -2.8351011708096721 -3.1330396921856534
v -0.0204946324229240 0.0014224573969841 0.0040111718699336
vn -2.7953361044606804 -2.7799884473808336 1.2646754515619607
v -0.0168620608747005 0.0014666229253635 -0.0016632950864732
vn -3.0726240263546947 -2.7380901390390164 -0.0409266224625531
v -0.0164946354925632 0.0014535872032866 0.0000112930565592
vn -1.9963191100538464 -2.7871946179242220 2.3198346851997300
v -0.0178968422114849 0.0014772616559640 -0.0030302384402603
vn 0.9409998111078671 -2.7905812088030979 -2.9707899986658726
v -0.0215803943574429 0.0014236292336136 0.0038609977345914
vn 0.9482965754543295 -2.8466453964573386 2.9259903836705594
v -0.0215803943574429 0.0014835501788184 -0.0038384112995118
vn 2.0042884454398004 -2.7617414554247088 2.3084259144270094
v -0.0230924263596535 0.0014772622380406 -0.0030302384402603
vn 2.7867341435830242 -2.7553995228901833 1.2745782184221117
v -0.0241272076964378 0.0014666238566861 -0.0016632950864732
vn 3.0754429460393875 -2.7576974873638376 -0.0214362341072459
v -0.0244946349412203 0.0014535881346092 0.0000112930647447
vn 2.7834773541531890 -2.7294337938985738 -1.3216223870943284
v -0.0241272076964378 0.0014405561378226 0.0016858812887222
vn 2.0075985003543075 -2.7158945110390560 -2.3464979103955614
v -0.0230924263596535 0.0014299175236374 0.0030528248753399
vn -1.0592928546828344 -6.0895729237444662 -0.4562636719509283
v -0.0273022707551718 -0.0045811804011464 -0.0044093048200011
vn -1.1566399601835045 -6.0269442186773885 -0.6259533592153375
v -0.0272947493940592 -0.0043513858690858 -0.0072005684487522
vn -1.3699728850343127 -5.8988876429969244 -0.8576840355161996
v -0.0272836014628410 -0.0040210862644017 -0.0099817356094718
vn -3.0462122877895381 -5.3857346482264861 -0.5425220626797189
v -0.0282742194831371 -0.0039722784422338 -0.0071650166064501
vn -0.1707376493217204 6.2374010458496478 -0.4769533647668008
v -0.0165675822645426 0.0134076727554202 0.0059576760977507
vn -0.0437458211367675 6.2325050530782367 -0.5341896861202644
v -0.0174946319311857 0.0134065309539437 0.0061045018956065
vn -0.4470068183400525 6.2307824610522209 0.3732772315462702
v -0.0150675829499960 0.0134902959689498 -0.0046585276722908
vn -0.5254825082102570 6.2319826067418393 0.2192472004182661
v -0.0146414618939161 0.0134837869554758 -0.0038222481962293
vn -0.5827156097925648 6.2283111685085730 0.0047143645478150
v -0.0144946333020926 0.0134298773482442 0.0031045931391418
vn -0.5254886390025942 6.2346383878381308 -0.1222228569502315
v -0.0146414618939161 0.0134226633235812 0.0040316157974303
vn -0.4470018863282481 6.2358392933426297 -0.2762396097611098
v -0.0150675829499960 0.0134161533787847 0.0048678950406611
vn -0.3247648755067803 6.2367900936624396 -0.3984823896429532
v -0.0157312769442797 0.0134109882637858 0.0055315704084933
vn -0.0414450447353327 6.2237333640209567 0.6297159911783374
v -0.0174946319311857 0.0134999211877584 -0.0058951345272362
vn -0.1707411360344979 6.2292209809145769 0.5739825541639856
v -0.0165675822645426 0.0134987775236368 -0.0057483082637191
vn -0.3247646936778513 6.2298322270531399 0.4954969582689037
v -0.0157312769442797 0.0134954620152712 -0.0053222030401230
vn -0.5827153185501844 6.2276298839534894 0.0922228529597534
v -0.0144946333020926 0.0134765729308128 -0.0028952253051102
vn -0.1772343326724304 5.7120960621998425 2.3585931050209310
v -0.0174946319311857 0.0134208239614964 -0.0055130547843874
vn -0.3428494472223257 4.3711886012650600 4.3775804301749366
v -0.0174946319311857 0.0132015328854322 -0.0051903282292187
vn -0.4528838988956905 2.3447351588162859 5.7245020169566594
v -0.0174946319311857 0.0128754330798984 -0.0049760872498155
vn -0.4915295257970382 0.5667606334177536 6.2194045658976833
v -0.0174946319311857 0.0124921677634120 -0.0049029472284019
vn -0.7005304333205575 5.7508198112365365 2.2008261984573201
v -0.0166858378797770 0.0134198265150189 -0.0053849583491683
vn -1.3378422342052712 4.4205575323248407 4.1519775434603741
v -0.0167860891669989 0.0132006593048573 -0.0050781094469130
vn -1.7321541686990212 2.3252874771546290 5.4852702153457802
v -0.0168530773371458 0.0128746414557099 -0.0048744776286185
vn -1.5710234660987290 0.5702276419144222 6.0342100059897970
v -0.0168765988200903 0.0124914059415460 -0.0048050633631647
vn -2.6252682041525377 0.5097872593400367 5.6694413479556065
v -0.0167292635887861 0.0124909840524197 -0.0047507109120488
vn -3.3935555120229388 2.3539783738692384 4.6347960768526848
v -0.0162743199616671 0.0128723476082087 -0.0045795957557857
vn -3.7497758360272928 0.5726402820653790 4.9645351354447183
v -0.0163190606981516 0.0124891949817538 -0.0045209927484393
vn -5.0231825800983341 0.5772574591063793 3.6526385759611930
v -0.0158765967935324 0.0124857518821955 -0.0040785428136587
vn -4.6266001710814351 2.3939248299234568 3.3801612132135848
v -0.0158150140196085 0.0128687722608447 -0.0041203056462109
vn -5.9046783287813742 0.5975531227920440 1.9193897988853275
v -0.0155925173312426 0.0124814128503203 -0.0035210230853409
vn -5.4389090845851085 2.4063149919152904 1.7859768706082380
v -0.0155201237648726 0.0128642674535513 -0.0035415666643530
vn -6.2148079427762708 0.6112896814263530 0.4962950161061416
v -0.0154946316033602 0.0124766025692225 -0.0029030076693743
vn -5.7060788159817690 2.3856130221748422 0.4714611703825690
v -0.0154185127466917 0.0128592755645514 -0.0029000295326114
vn -2.5447263152593780 4.4253376097160642 3.5370659655495222
v -0.0161469038575888 0.0131981251761317 -0.0047524380497634
vn -3.5025124280807973 4.4327932734492554 2.5793051142684154
v -0.0156396422535181 0.0131941763684154 -0.0042451927438378
vn -4.1174518400774920 4.4421853142190724 1.3724504057799629
v -0.0153139624744654 0.0131892021745443 -0.0036060262937099
vn -4.3434242258235072 4.4023321328393248 0.3771238950715821
v -0.0152017381042242 0.0131836887449026 -0.0028975047171116
vn -1.3324808240484187 5.7533220716602838 1.8788398806352209
v -0.0159562136977911 0.0134169347584248 -0.0050132069736719
vn -1.8340032607873129 5.7572300622804864 1.3773325537817562
v -0.0153771769255400 0.0134124271571636 -0.0044341911561787
vn -2.1559941902438480 5.7621506174820549 0.7453913611547396
v -0.0150054153054953 0.0134067488834262 -0.0037045883946121
vn -2.3126212898999028 5.7289949226676775 0.2241150933865983
v -0.0148773174732924 0.0134004540741444 -0.0028958178590983
vn -6.2228231774755880 0.6128628116996778 0.0047698086840836
v -0.0154946316033602 0.0124532552435994 0.0000969013344729
vn -6.2148079394019442 0.6189394792909817 -0.4867215040455897
v -0.0154946316033602 0.0124299069866538 0.0030968105420470
vn -5.7060765240736444 2.3926674602202058 -0.4342668273204818
v -0.0154185127466917 0.0128125799819827 0.0030997889116406
vn -4.3434302733473515 4.4076625170142840 -0.3085600018068193
v -0.0152017381042242 0.0131369931623340 0.0031023137271404
vn -2.3126194053757145 5.7317906659960300 -0.1349237468812804
v -0.0148773174732924 0.0133537584915757 0.0031040008179843
vn -2.1559977960254617 5.7730562854607834 -0.6556152844023958
v -0.0150054153054953 0.0133474646136165 0.0039127715863287
vn -4.1174513877628875 4.4630052396067272 -1.3031448532172130
v -0.0153139624744654 0.0131314797326922 0.0038108353037387
vn -5.9498198120069752 0.5870208292749109 -1.8134461525446506
v -0.0155925173312426 0.0124250976368785 0.0037148257251829
vn -5.4389087695352263 2.4338179171862500 -1.7483169493810773
v -0.0155201237648726 0.0128075852990150 0.0037413258105516
vn -4.6221559689590874 2.4055926712859437 -3.3674206225738281
v -0.0158150140196085 0.0128030823543668 0.0043200645595789
vn -5.5355793805123259 0.4582192614217363 -2.9098930027505299
v -0.0157625805586576 0.0124221248552203 0.0040967799723148
vn -4.8335088342887200 0.6613117302008832 -3.9229542368657166
v -0.0158765967935324 0.0124207576736808 0.0042723449878395
vn -3.9279707848493506 0.6683525784817851 -4.8284633566099622
v -0.0163190606981516 0.0124173145741224 0.0047147953882813
vn -3.4105747351194373 2.3998057784115674 -4.5938625707090255
v -0.0162743199616671 0.0127995079383254 0.0047793546691537
vn -2.9717412381662509 0.5822185237944481 -5.4895594753820980
v -0.0164946336299181 0.0124164279550314 0.0048288088291883
vn -1.7333016165555981 2.4237517284583046 -5.4451604410277881
v -0.0168530773371458 0.0127972122281790 0.0050742365419865
vn -1.7652832266585121 0.6665834026373499 -5.9593580325854711
v -0.0168765988200903 0.0124151036143303 0.0049988655373454
vn -0.4904394637293808 0.6627993664841757 -6.2099729928106289
v -0.0174946319311857 0.0124143417924643 0.0050967498682439
vn -0.4510383726089143 2.4338322242767827 -5.6874484221363071
v -0.0174946319311857 0.0127964224666357 0.0051758461631835
vn -3.5025146644083804 4.4724019633582923 -2.5099967938854921
v -0.0156396422535181 0.0131265036761761 0.0044500017538667
vn -2.5447213516323841 4.4798582913913982 -3.4677555629159555
v -0.0161469038575888 0.0131225567311049 0.0049572470597923
vn -1.3378410700109720 4.4846421545807047 -4.0826747953532490
v -0.0167860891669989 0.0131200226023793 0.0052829184569418
vn -0.3416950834889421 4.4390606964338559 -4.3089526810088747
v -0.0174946319311857 0.0131191490218043 0.0053951372392476
vn -1.8340011268613265 5.7779689082524808 -1.2875500895597884
v -0.0153771769255400 0.0133417872712016 0.0046423743478954
vn -1.3324772209914446 5.7818729417982393 -1.7890620693926020
v -0.0159562136977911 0.0133372796699405 0.0052213901653886
vn -0.7005233389509457 5.7843783422147270 -2.1110437797345751
v -0.0166858378797770 0.0133343879133463 0.0055931415408850
vn -0.1791280170445605 5.7485360547644300 -2.2677306620856621
v -0.0174946319311857 0.0133333904668689 0.0057212379761040
vn -0.5866203327705282 5.5406491892865297 -2.3522035883363710
v -0.0294946320354939 0.0133270304650068 0.0057059046812356
vn -0.5873510313559516 4.1469450298212411 -4.3629841492477777
v -0.0294946320354939 0.0130954682826996 0.0053718700073659
vn -0.5895635828033324 2.1689100997854904 -5.6424522625886819
v -0.0294946320354939 0.0127500994130969 0.0051575805991888
vn -0.6021627334582075 0.5732243577853688 -6.1415801556754843
v -0.0294946320354939 0.0124143436551094 0.0050967498682439
vn -5.5608463076394816 2.2601864834491776 -0.9596290184275391
v -0.0304185114800930 0.0127588100731373 0.0059471614658833
vn -5.5732359774919402 0.8819697140213987 -2.2846768316282215
v -0.0304185114800930 0.0125380270183086 0.0057373265735805
vn -5.6394934253807278 0.2300690504472674 -2.3983040947404670
v -0.0304185114800930 0.0124095398932695 0.0057140477001667
vn -2.2260050800046312 1.9769039642053716 -5.1415528447589764
v -0.0298773162066936 0.0127239497378469 0.0052290684543550
vn -2.2992404982200938 0.5225384750373965 -5.6084584450373844
v -0.0298773162066936 0.0124137513339520 0.0051728677935898
vn -4.2770061895582785 0.4079095269055700 -4.3365394337278147
v -0.0302017387002707 0.0124120647087693 0.0053896340541542
vn -4.1773986968343841 1.5502473539694741 -4.0262885694758301
v -0.0302017387002707 0.0126494793221354 0.0054326481185853
vn -5.5608426344076438 1.6915907387093199 -1.7798450493880515
v -0.0304185114800930 0.0126701956614852 0.0058193313889205
vn -4.1582905452035721 2.9664218284953936 -3.1211751969972505
v -0.0302017387002707 0.0128936935216188 0.0055841738358140
vn -4.1583001539283782 3.9635163166590583 -1.6828314763794072
v -0.0302017387002707 0.0130574312061071 0.0058203716762364
vn -2.2118028122141684 3.7781097565639072 -3.9752266971590431
v -0.0298773162066936 0.0130430283024907 0.0054270462132990
vn -2.2117980945284113 5.0480334125420265 -2.1433027169138312
v -0.0298773162066936 0.0132569652050734 0.0057356539182365
vn -5.4148448239138194 2.0597044671150666 -2.3213897358013647
v -0.0299951042979956 0.0068454248830676 -0.0055864402092993
vn -2.9541940314612800 4.5817794752217971 -2.9337582667593476
v -0.0300737489014864 0.0072034439072013 -0.0050318650901318
vn -1.6367068748485047 5.7713080023041394 -1.6480940968845168
v -0.0298147890716791 0.0074317040853202 -0.0047735497355461
vn -0.2771602226192318 6.2504419428477398 -0.3271696638070237
v -0.0298943612724543 0.0074871052056551 -0.0042717307806015
vn -0.1676083894943332 6.2474438597244326 -0.4131486004985087
v -0.0302466899156570 0.0074856677092612 -0.0040870066732168
vn -0.7374305392106365 5.8534627744943348 -1.9103981011953435
v -0.0304165184497833 0.0074286842718720 -0.0043854643590748
vn -1.5676687139192456 4.5168993616881243 -3.9396862931631804
v -0.0305434074252844 0.0072010871954262 -0.0047289594076574
vn -2.1092911885524455 2.3672936204636930 -5.3277576987029667
v -0.0306247565895319 0.0068404767662287 -0.0049508451484144
vn -4.1265753547001083 2.3177390971287362 -3.9872275540348312
v -0.0302397683262825 0.0068424101918936 -0.0051991422660649
vn -0.3016490829344598 2.9280386860545953 3.1352300907542774
v -0.0174946337938309 0.0074923196807504 -0.0049418597482145
vn -3.1123459685949313 2.9499120025670202 0.3246197044626828
v -0.0154946325346828 0.0074767540208995 -0.0029419206548482
vn -2.8497544827486947 2.7576497696985247 1.1993204258470354
v -0.0156468749046326 0.0074827107600868 -0.0037072645500302
vn -2.1807336081666682 2.7534828201217865 2.2022290327880238
v -0.0160804204642773 0.0074877608567476 -0.0043560913763940
vn -1.1778047802353260 2.7450947079391641 2.8711961113446360
v -0.0167292654514313 0.0074911341071129 -0.0047896234318614
vn -3.1415925795308510 3.1414980977673208 0.0244495302357325
v -0.0154946325346828 0.0074534071609378 0.0000579885090701
vn -3.0913205836630095 2.9016988312037437 -0.3713792846858232
v -0.0154946325346828 0.0074300589039922 0.0030578977894038
vn -0.3939502631833016 2.9226904226012858 -3.0686678341060234
v -0.0174946337938309 0.0074144937098026 0.0050578373484313
vn -1.5236520325816956 2.6711747289973640 -2.6098964829163052
v -0.0164946354925632 0.0074165784753859 0.0047898963093758
vn -2.6306169900838485 2.6625581904572742 -1.5029875532571766
v -0.0157625824213028 0.0074222772382200 0.0040578674525023
vn -0.3064518574093464 3.3620549605394925 -3.0853551776877839
v -0.0294946338981390 0.0074144955724478 0.0050578373484313
vn -1.1791307859766345 3.5563417653397646 -2.8190878888532551
v -0.0298773180693388 0.0074139027856290 0.0051339552737772
vn -2.1787474586324702 3.5511404230192758 -2.1511841025409422
v -0.0302017405629158 0.0074122161604464 0.0053507215343416
vn -2.8466924500711510 3.5433615538706094 -1.1515968970008930
v -0.0304185133427382 0.0074096922762692 0.0056751351803541
vn 0.5654842138753122 3.4765091696269805 -4.5790340593055330
v -0.0350275784730911 0.0070826765149832 -0.0047504110261798
vn -1.7306575582505894 0.4372110219184060 -5.9464654203617799
v -0.0353358872234821 0.0064918845891953 -0.0048896153457463
vn -1.6651864706189925 2.8744470068484076 -5.0213665857033591
v -0.0352297239005566 0.0069450451992452 -0.0048056486994028
vn -2.3959585752573052 1.6292791909596649 -5.2603071778133801
v -0.0353649742901325 0.0067373691126704 -0.0048435069620609
vn -3.0897687166468533 0.4826798181585095 -5.3296180713267791
v -0.0354125015437603 0.0064916405826807 -0.0048581534065306
vn -1.5515219730984495 4.9725161974014389 -2.9180835442357660
v -0.0352135188877583 0.0073271463625133 -0.0044417623430490
vn -2.1466315327438643 5.5447274755467246 -0.9889006814196779
v -0.0353579595685005 0.0074118608608842 -0.0040398119017482
vn -3.0097157408333324 3.8319537868600451 -3.3055790322479517
v -0.0354999788105488 0.0071321097202599 -0.0045200395397842
vn -3.9765283385028711 4.2243216705412294 -1.4202045384389457
v -0.0356744192540646 0.0071963965892792 -0.0041262870654464
vn -4.1441163038258448 2.0901256562654136 -3.6230971241837251
v -0.0356916449964046 0.0068378103896976 -0.0045736879110336
vn -5.2285903288440263 2.2827627959796390 -1.6825098425184752
v -0.0358861573040485 0.0068712760694325 -0.0041855541057885
vn -4.6157437258581453 0.5809592930211017 -3.8482574229502022
v -0.0357589907944202 0.0064895884133875 -0.0045944442972541
vn -5.7845040759397701 0.6151395228824690 -1.8153478177516620
v -0.0359605588018894 0.0064865848980844 -0.0042084841988981
vn -0.6355960078902373 0.0107295811268321 -6.2179635225049674
v -0.0349946320056915 0.0030920293647796 -0.0049761068075895
vn -0.4962488150593371 -0.3610592097407848 -6.2190513744445042
v -0.0345304720103741 0.0018082364695147 -0.0049860980361700
vn -0.5816346369916437 -0.2392373801330543 -6.2169213743222862
v -0.0347849540412426 0.0021989149972796 -0.0049830577336252
vn -0.6367821969140577 -0.0991234282720935 -6.2148169690760113
v -0.0349425747990608 0.0026376203168184 -0.0049796435050666
vn -6.1822827039504675 -0.3489489046680497 -0.6171214987806957
v -0.0359946340322495 0.0030846965964884 -0.0039761331863701
vn -5.6466227219782921 -0.3203057709940762 -2.3261642545578560
v -0.0359184220433235 0.0030876398086548 -0.0043586995452642
vn -4.3500501335241548 -0.2268263399986839 -4.3101774545110398
v -0.0357015244662762 0.0030900649726391 -0.0046829874627292
vn -2.3887740661203951 -0.0992050167936919 -5.6595332314395499
v -0.0353772342205048 0.0030916084069759 -0.0048998855054379
vn -4.7127482197123314 -3.8897194749485915 -0.8056496793521136
v -0.0352983884513378 0.0011612942907959 -0.0040267943404615
vn -5.4869523806423190 -2.7014487093683903 -0.7362280031044466
v -0.0356803834438324 0.0017463555559516 -0.0040115173906088
vn -4.2645881214143149 -3.5202085201002253 -2.4629120552022457
v -0.0352322012186050 0.0012193055590615 -0.0043978635221720
vn -4.9784256868636128 -2.4516793434482280 -2.4102558243436358
v -0.0356056056916714 0.0017865749541670 -0.0043860757723451
vn -3.2869819725625060 -2.6930277036981676 -4.3580358790354170
v -0.0350638926029205 0.0013618856901303 -0.0047089802101254
vn -3.8449429827778170 -1.8744552632398304 -4.3257146697179145
v -0.0354100093245506 0.0018862029537559 -0.0047011529095471
vn -1.8260520946416672 -1.4690757592785233 -5.6619608594108133
v -0.0348181277513504 0.0015681477962062 -0.0049151345156133
vn -2.1379691184323235 -1.0160846297259631 -5.6493085281198239
v -0.0351223945617676 0.0020307162776589 -0.0049105226062238
vn -5.9690279452386257 -1.3824668458615206 -0.6668617961529631
v -0.0359165444970131 0.0024039028212428 -0.0039941957220435
vn -5.4315111642685761 -1.2484108329402384 -2.3473372860653026
v -0.0358387827873230 0.0024249029811472 -0.0043727047741413
vn -4.2038975544263959 -0.9466409155148718 -4.2908435347394356
v -0.0356267243623734 0.0024766060523689 -0.0046922788023949
vn -2.3401697649768716 -0.5008287474984155 -5.6359647028034763
v -0.0353123769164085 0.0025512182619423 -0.0049053146503866
vn -2.3624761874097562 -0.1744097387791340 5.6717304528387427
v -0.0353706851601601 0.0033030770719051 0.0087464656680822
vn -4.3299486554432516 -0.2709696747683983 4.3274575861436695
v -0.0356981717050076 0.0033047145698220 0.0085302181541920
vn -5.6421446564010553 -0.3256903456257387 2.3359211106181594
v -0.0359175018966198 0.0033072191290557 0.0082047944888473
vn -6.1842584094006048 -0.3314133335183035 0.6230202324867855
v -0.0359946340322495 0.0033102019224316 0.0078200399875641
vn -6.2624289091331420 -0.3600001782867748 -0.0194256028804326
v -0.0359946340322495 0.0030821876134723 -0.0039371415041387
vn -6.2693070359991285 -0.2944510650379091 -0.0140834311216367
v -0.0359946340322495 0.0029534038621932 -0.0010084011591971
vn -6.2698120875795329 -0.2894691706393290 0.0057327336267501
v -0.0359946340322495 0.0029494646005332 0.0019631301984191
vn -6.2698787191000420 -0.2882568488102206 0.0178246908675401
v -0.0359946340322495 0.0030718860216439 0.0049302303232253
vn -3.4466834198633252 -5.1919976319712067 0.5876865591975691
v -0.0285152960568666 -0.0038098727818578 0.0082560367882252
vn -3.6481253766555906 -5.0899143878993192 0.4605723656722103
v -0.0285178497433662 -0.0038775715511292 0.0075443922542036
vn -2.9303483700281427 -5.4732504057317408 0.4668058947869281
v -0.0282742194831371 -0.0040833610109985 0.0071017434820533
vn -1.1803522392102610 -6.0277596155456994 0.5375114671847179
v -0.0272947493940592 -0.0044629769399762 0.0071313981898129
vn -1.0514538799016506 -6.0904733841314922 0.3683020028102980
v -0.0273022726178169 -0.0046492922119796 0.0043365936726332
vn -2.2627186918203668 -5.2527989311023777 0.6146986556711144
v -0.0272836014628410 -0.0041759926825762 0.0099176624789834
vn -1.7809761029954374 -1.5061020243003818 5.6777686667195013
v -0.0348062328994274 0.0017827603733167 0.0087409466505051
vn -1.4588109758128527 -1.7617325374035868 5.7214016351431312
v -0.0344122275710106 0.0014115828089416 0.0087395403534174
vn -3.5603135861404791 -4.2139902782564747 2.6744930695994560
v -0.0347379669547081 0.0009850295027718 0.0082455975934863
vn -4.2229361314345777 -3.5104787414967484 2.5729368388983898
v -0.0352227464318275 0.0014407265698537 0.0082378340885043
vn -3.9762845029019513 -4.6690927161515487 1.0477360287463111
v -0.0347986593842506 0.0009076024289243 0.0078877070918679
vn -4.7127628085831956 -3.8695543617930590 0.9162058227685480
v -0.0352965816855431 0.0013822313630953 0.0078745931386948
vn -5.4777678592237891 -2.7104628997777578 0.8279188624852014
v -0.0356792919337749 0.0019688315223902 0.0078582745045424
vn -4.9373713507187293 -2.4636591401574099 2.4990195360178711
v -0.0355981513857841 0.0020061745308340 0.0082280570641160
vn -3.2277953688634282 -2.6923582283513734 4.4129745094022388
v -0.0350511930882931 0.0015808602329344 0.0085407681763172
vn -2.6932681644702940 -3.2018389468282060 4.4973252626668598
v -0.0346030034124851 0.0011610399233177 0.0085431532934308
vn -2.0907909811321890 -1.0768631785580283 5.6629461769847707
v -0.0351113826036453 0.0022434736602008 0.0087426640093327
vn -2.2977103733672983 -0.5831262034933338 5.6519269480306189
v -0.0353032685816288 0.0027627958916128 0.0087445545941591
vn -4.1578732241848355 -1.0148429095842890 4.3253341400890282
v -0.0356191918253899 0.0026911303866655 0.0085341297090054
vn -3.7860068324970313 -1.9067446967338557 4.3672128369499941
v -0.0353991836309433 0.0021023997105658 0.0085377162322402
vn -5.4070720388056106 -1.2839289224033601 2.4045987363962187
v -0.0358343087136745 0.0026436862535775 0.0082168001681566
vn -5.9738955334623540 -1.3677421830164092 0.7266351124746216
v -0.0359162837266922 0.0026275976561010 0.0078396666795015
vn -4.6128113069972105 -4.2225625949543613 0.1243032822082987
v -0.0352036543190479 0.0009211642318405 0.0020022082608193
vn -4.0878674341351164 -4.7352505009988368 0.3752917639579356
v -0.0347992330789566 0.0008348632836714 0.0071219303645194
vn -6.1495237680526813 -1.1429615768428936 0.0660442108959727
v -0.0359451472759247 0.0025298641994596 0.0049638031050563
vn -5.8291137161489521 -2.2608637987652305 0.1287148696283394
v -0.0357922278344631 0.0019909450784326 0.0049971835687757
vn -5.2938236537302252 -3.3155374823213215 0.2203695486232729
v -0.0355409644544125 0.0014888829318807 0.0050282808952034
vn -4.5337467767981225 -4.2718654323498439 0.3293848358612837
v -0.0352036543190479 0.0010459233308211 0.0050557176582515
vn -4.0099556963210539 -4.8138932609081637 0.2613601878200347
v -0.0348009392619133 0.0006336643127725 0.0042409026063979
vn -5.3135377830981234 -3.2950694620117260 0.0865852452543724
v -0.0355409644544125 0.0013648873427883 0.0019934570882469
vn -5.3315624243681263 -3.2710350653490603 -0.1206262395377813
v -0.0355409644544125 0.0013686538441107 -0.0010439340258017
vn -5.8330674636769508 -2.2482572432101660 -0.0641415097853168
v -0.0357922278344631 0.0018715503392741 -0.0010326581541449
vn -6.1453295256542200 -1.1545756839125287 -0.0500020973739569
v -0.0359451472759247 0.0024113708641380 -0.0010205543367192
vn -5.8277355714072741 -2.2651820335551598 0.0448520613593718
v -0.0357922278344631 0.0018678118940443 0.0019835382699966
vn -6.1484508551569439 -1.1487405307292391 0.0227294676765882
v -0.0359451472759247 0.0024076588451862 0.0019728911574930
vn -3.6680377214238495 -0.5256135399828054 3.0491878988492762
v -0.0299947448074818 -0.0016811630921438 0.0087692067027092
vn -1.3315673905240553 -1.7859937684791449 5.7663185227446005
v -0.0318084582686424 -0.0005552732036449 0.0087258620187640
vn -4.0653091446450595 -0.9812448528161720 2.8324370369435488
v -0.0299946721643209 -0.0019260363187641 0.0087160002440214
vn -2.2481297262168725 -3.0243225017621533 4.9898328282188587
v -0.0319958515465260 -0.0008012662874535 0.0085368528962135
vn -4.4393877016353613 -1.9424058780038305 2.5828194582722150
v -0.0299946349114180 -0.0021490731742233 0.0086266640573740
vn -2.7943297209438298 -3.7224503325900913 4.1746027962061492
v -0.0320068709552288 -0.0008156899712048 0.0085201850160956
vn -4.5110016712356753 -3.2967349574209583 2.0890225404903879
v -0.0299327913671732 -0.0025222955737263 0.0083875600248575
vn -3.3637515554240687 -4.4471262198974664 2.6589127598168893
v -0.0321393385529518 -0.0009883076418191 0.0082219941541553
vn -4.2781489369018235 -4.3276097152031969 1.3024821616828375
v -0.0298504978418350 -0.0027108606882393 0.0082258712500334
vn -3.7179185504998848 -4.9195958153226211 1.0538514955575375
v -0.0321974344551563 -0.0010622973786667 0.0078711435198784
vn -3.8683141253196136 -4.8991114545393248 0.6536022913921519
v -0.0295961927622557 -0.0030321525409818 0.0078545911237597
vn -3.6551243430764924 -4.8970289569755625 1.3282219987391293
v -0.0290449112653732 -0.0028195984195918 0.0126862470060587
vn -3.9289028210148937 -4.6393643742638089 1.3014913675139530
v -0.0295945964753628 -0.0023896850179881 0.0127602098509669
vn -4.1608225843195683 -4.6240533497534804 0.5967840634021495
v -0.0295954886823893 -0.0027513024397194 0.0103128002956510
vn -3.3487239420188084 -4.4930828866371053 2.7148368986008085
v -0.0294945389032364 -0.0022469353862107 0.0132928611710668
vn -3.0695556516485798 -4.4929294214620459 2.9135340239326619
v -0.0290808044373989 -0.0025794778484851 0.0132261803373694
vn -3.1431867794432917 -3.8304385836224393 3.7184891854069200
v -0.0294518284499645 -0.0021712509915233 0.0134324235841632
vn -1.9500254933992618 -3.3741989870764821 4.7846350424288158
v -0.0288123842328787 -0.0023114776704460 0.0136751625686884
vn -2.1252312270513527 -3.2470737579663114 4.8381086038177195
v -0.0293188486248255 -0.0019148329738528 0.0137432264164090
vn -0.7709667690627534 -2.0102359530100373 5.8317093851623509
v -0.0284704621881247 -0.0019198607187718 0.0139482021331787
vn -1.6233484099544540 -2.5063136483883133 5.4319456822902792
v -0.0292042829096317 -0.0016781941521913 0.0139173315837979
vn -1.0279311676203107 -1.5659675599530953 5.9220141673973723
v -0.0290926191955805 -0.0014376383041963 0.0140279242768884
vn 0.1135303076821387 -0.9076874954602306 6.1903915400472673
v -0.0282960534095764 -0.0017057087970898 0.0140018137171865
vn -0.5249571387335461 -0.6321554327483964 6.1437491814669656
v -0.0289787426590919 -0.0011836647754535 0.0140891391783953
vn -0.0636455335296414 -0.2017516656666403 6.2244661268504595
v -0.0289041940122843 -0.0010128590511158 0.0141021199524403
vn 0.6316295559401019 -0.2541512366397366 6.2410099968713872
v -0.0281397700309753 -0.0015052254311740 0.0140048479661345
vn 0.2378604687604356 -0.0157230359997090 6.2529312665721921
v -0.0288703516125679 -0.0009341136319563 0.0141008021309972
vn -1.7170876210807275 3.9553920669755001 4.0341398312555574
v -0.0292821340262890 0.0130231473594904 0.0138944257050753
vn -1.7445538422769700 5.2017997622123850 2.2953953520076706
v -0.0292821340262890 0.0132331801578403 0.0135853253304958
vn -4.2179749092585439 4.4662813777590724 0.4984542585849786
v -0.0296525191515684 0.0131042795255780 0.0132177835330367
vn -5.0502503338610083 3.4861319625942779 0.6385488954024734
v -0.0298606567084789 0.0128511702641845 0.0132158137857914
vn -5.4699985076315087 2.3744724751926811 1.0901155319873579
v -0.0299050956964493 0.0127320494502783 0.0133731653913856
vn -5.8242488540994710 2.1353606183783302 0.2321437635384397
v -0.0299050956964493 0.0127647621557117 0.0132151413708925
vn -6.1399690047458932 0.5400679888281196 0.5485385280338629
v -0.0299946330487728 0.0123511860147119 0.0132119227200747
vn -1.6612506210991507 5.8926945543969804 0.6220052353002493
v -0.0292821340262890 0.0133089357987046 0.0132193760946393
vn -3.0136707218967098 5.3567096828058629 0.6424375317693927
v -0.0294946320354939 0.0132171837612987 0.0132186627015471
vn -3.8999361628722116 4.1382070463303755 1.8383574455273286
v -0.0296525191515684 0.0130447093397379 0.0135055333375931
vn -3.8395353731428932 3.1905526473661858 3.2406051741188255
v -0.0296525191515684 0.0128795588389039 0.0137485852465034
vn -5.4465773416886911 1.8461266349601069 1.8750813511078595
v -0.0299050956964493 0.0126413526013494 0.0135066416114569
vn -5.4465729236302174 0.9880301539117700 2.4388356125769244
v -0.0299050956964493 0.0125064803287387 0.0135952504351735
vn -3.8395381090749039 1.7075574140298357 4.2149113065626134
v -0.0296525191515684 0.0126339662820101 0.0139099331572652
vn -1.6834767030796458 2.1199562173025353 5.2365325595681238
v -0.0292821340262890 0.0127108152955770 0.0140996212139726
vn -1.7288217124024741 0.5130547838338184 5.7687936209754707
v -0.0292821340262890 0.0123437317088246 0.0141696734353900
vn -3.9392162766384260 0.4157877696037992 4.5899768348789651
v -0.0296525191515684 0.0123453233391047 0.0139650162309408
vn -5.5188800706200887 0.2416944964271131 2.5874988004054051
v -0.0299050956964493 0.0123479673638940 0.0136254997923970
vn -5.2271282612467482 -3.2578735210361804 0.4131740821167926
v -0.0298415906727314 -0.0024839343968779 0.0102926185354590
vn -6.2138295670265844 -0.6445335342912968 0.1111147931352844
v -0.0299946349114180 -0.0016003233613446 0.0126300146803260
vn -6.2679861176690794 -0.3058566527473512 0.0394088597223719
v -0.0299946349114180 -0.0019019462633878 0.0106321508064866
vn -6.0593629597327352 -1.3084739716963372 0.1150616219138069
v -0.0299768615514040 -0.0021429015323520 0.0102478014305234
vn -5.6492771990757866 -2.4021227779118397 0.5951127705181880
v -0.0299000330269337 -0.0020191923249513 0.0126991020515561
vn -4.7325091429881283 -3.8486651442637614 1.0296378564988575
v -0.0297632496803999 -0.0022314975503832 0.0127341188490391
vn -2.8789382695629668 -3.2279924221819560 4.4140395926427800
v -0.0294594150036573 -0.0018735254416242 0.0136982165277004
vn -5.6388786074014936 -0.1572767240428279 2.3912188122182627
v -0.0299227535724640 -0.0009292875765823 0.0134808551520109
vn -6.2161786584804766 -0.0822078512971247 0.6375313150377654
v -0.0299946349114180 -0.0009263910469599 0.0131085850298405
vn -6.2272723630535474 -0.2106111989550248 0.5407939363530344
v -0.0299946349114180 -0.0012786242878065 0.0130244456231594
vn -4.9548228396926204 -2.0677189678570524 2.9398361322693347
v -0.0298095084726810 -0.0016986399423331 0.0134472129866481
vn -5.8422298276859861 -1.1725688278957742 1.5650444473947878
v -0.0299483481794596 -0.0015392113709822 0.0132183860987425
vn -5.9536505186560040 -1.3802548032232567 0.8948513943537464
v -0.0299617536365986 -0.0017381389625371 0.0129531379789114
vn -5.7112616693935196 -0.5773714220028929 2.1517135928464555
v -0.0299299210309982 -0.0012536059366539 0.0134133649989963
vn -4.6064188980758924 -1.1996689354348047 3.8476813312509801
v -0.0297383721917868 -0.0013438167516142 0.0137146469205618
vn -4.3645467953335686 -0.5918707977036752 4.2444110599870140
v -0.0296992529183626 -0.0011412587482482 0.0138014834374189
vn -2.2644082506175791 -0.7319715170292915 5.6245234601352641
v -0.0293683968484402 -0.0011730922851712 0.0140174161642790
vn -2.7790765017677579 -1.5424448477402948 5.2530046337562641
v -0.0294461268931627 -0.0014080809196457 0.0139292571693659
vn -3.3083264071100036 -2.1911998981084437 4.6862049476523548
v -0.0295216646045446 -0.0016289907507598 0.0137990210205317
vn -3.8242984131118121 -2.9043849023131276 3.8044862916959836
v -0.0295916460454464 -0.0018259464995936 0.0136299291625619
vn -3.8124629500289768 -4.0211702337950381 2.6426685805048127
v -0.0296039413660765 -0.0021861025597900 0.0132522396743298
vn -4.3773356240132753 -3.5725691117445013 2.3636082372998066
v -0.0297027844935656 -0.0021138468291610 0.0132039925083518
vn -5.3157270911818753 -2.5462317052622963 1.7413881996468774
v -0.0298621766269207 -0.0019402523757890 0.0130880828946829
vn -6.2455359462074034 -0.3650063923276318 0.3057555645677474
v -0.0299946349114180 -0.0015111884567887 0.0128339128568769
vn -4.0229181926919928 -0.1318297507929020 4.5954385173755936
v -0.0296563431620598 -0.0009322240366600 0.0138583229854703
vn -1.5707888252718789 -0.3191425845733640 5.8954632924222352
v -0.0292486809194088 -0.0009339172975160 0.0140757486224174
# 2564 vertices, 0 vertices normals

f 1//1 2//2 3//3
f 1//1 3//3 4//4
f 5//5 6//6 3//3
f 3//3 6//6 4//4
f 7//7 8//8 9//9
f 9//9 8//8 10//10
f 9//9 10//10 5//5
f 5//5 10//10 6//6
f 11//11 12//12 2//2
f 2//2 12//12 3//3
f 13//13 14//14 15//15
f 15//15 16//16 13//13
f 13//13 16//16 17//17
f 13//13 17//17 18//18
f 17//17 19//19 18//18
f 18//18 19//19 20//20
f 18//18 20//20 21//21
f 20//20 22//22 21//21
f 21//21 22//22 23//23
f 21//21 23//23 24//24
f 23//23 25//25 24//24
f 24//24 25//25 26//26
f 24//24 26//26 27//27
f 27//27 26//26 28//28
f 27//27 28//28 29//29
f 28//28 30//30 29//29
f 29//29 30//30 31//31
f 29//29 31//31 32//32
f 31//31 33//33 32//32
f 32//32 33//33 34//34
f 32//32 34//34 35//35
f 12//12 11//11 36//36
f 36//36 11//11 35//35
f 36//36 35//35 37//37
f 37//37 35//35 34//34
f 38//38 39//39 14//14
f 14//14 39//39 15//15
f 40//40 39//39 38//38
f 38//38 41//41 40//40
f 40//40 41//41 42//42
f 41//41 43//43 42//42
f 42//42 43//43 44//44
f 44//44 43//43 45//45
f 44//44 45//45 46//46
f 47//47 48//48 49//49
f 50//50 51//51 49//49
f 49//49 51//51 47//47
f 52//52 53//53 54//54
f 54//54 53//53 55//55
f 54//54 55//55 50//50
f 50//50 55//55 51//51
f 56//56 57//57 48//48
f 48//48 57//57 49//49
f 58//58 59//59 60//60
f 60//60 61//61 58//58
f 58//58 61//61 62//62
f 58//58 62//62 63//63
f 62//62 64//64 63//63
f 63//63 64//64 65//65
f 63//63 65//65 66//66
f 65//65 67//67 66//66
f 66//66 67//67 68//68
f 66//66 68//68 69//69
f 68//68 70//70 69//69
f 69//69 70//70 71//71
f 69//69 71//71 72//72
f 72//72 71//71 73//73
f 72//72 73//73 74//74
f 73//73 75//75 74//74
f 74//74 75//75 76//76
f 74//74 76//76 77//77
f 76//76 78//78 77//77
f 77//77 78//78 79//79
f 77//77 79//79 80//80
f 57//57 56//56 81//81
f 81//81 56//56 80//80
f 81//81 80//80 82//82
f 82//82 80//80 79//79
f 83//83 84//84 59//59
f 59//59 84//84 60//60
f 85//85 84//84 83//83
f 83//83 86//86 85//85
f 85//85 86//86 87//87
f 86//86 88//88 87//87
f 87//87 88//88 89//89
f 89//89 88//88 90//90
f 89//89 90//90 91//91
f 92//92 93//93 94//94
f 95//95 96//96 94//94
f 94//94 96//96 92//92
f 97//97 98//98 99//99
f 99//99 98//98 100//100
f 99//99 100//100 95//95
f 95//95 100//100 96//96
f 101//101 102//102 93//93
f 93//93 102//102 94//94
f 103//103 104//104 105//105
f 105//105 106//106 103//103
f 103//103 106//106 107//107
f 103//103 107//107 108//108
f 107//107 109//109 108//108
f 108//108 109//109 110//110
f 108//108 110//110 111//111
f 110//110 112//112 111//111
f 111//111 112//112 113//113
f 111//111 113//113 114//114
f 113//113 115//115 114//114
f 114//114 115//115 116//116
f 114//114 116//116 117//117
f 117//117 116//116 118//118
f 117//117 118//118 119//119
f 118//118 120//120 119//119
f 119//119 120//120 121//121
f 119//119 121//121 122//122
f 121//121 123//123 122//122
f 122//122 123//123 124//124
f 122//122 124//124 125//125
f 102//102 101//101 126//126
f 126//126 101//101 125//125
f 126//126 125//125 127//127
f 127//127 125//125 124//124
f 128//128 129//129 104//104
f 104//104 129//129 105//105
f 130//130 129//129 128//128
f 128//128 131//131 130//130
f 130//130 131//131 132//132
f 131//131 133//133 132//132
f 132//132 133//133 134//134
f 134//134 133//133 135//135
f 134//134 135//135 136//136
f 8//8 7//7 137//137
f 137//137 7//7 138//138
f 137//137 138//138 139//139
f 138//138 140//140 139//139
f 139//139 140//140 141//141
f 139//139 141//141 142//142
f 142//142 141//141 143//143
f 142//142 143//143 144//144
f 145//145 146//146 147//147
f 147//147 146//146 148//148
f 149//149 147//147 148//148
f 148//148 150//150 149//149
f 149//149 150//150 151//151
f 149//149 151//151 152//152
f 151//151 153//153 152//152
f 152//152 153//153 154//154
f 152//152 154//154 155//155
f 154//154 156//156 155//155
f 155//155 156//156 157//157
f 155//155 157//157 158//158
f 158//158 157//157 159//159
f 158//158 159//159 160//160
f 159//159 161//161 160//160
f 160//160 161//161 162//162
f 160//160 162//162 163//163
f 162//162 164//164 163//163
f 163//163 164//164 165//165
f 163//163 165//165 166//166
f 165//165 167//167 166//166
f 166//166 167//167 168//168
f 166//166 168//168 169//169
f 170//170 171//171 172//172
f 172//172 171//171 169//169
f 172//172 169//169 173//173
f 173//173 169//169 168//168
f 171//171 170//170 174//174
f 174//174 170//170 175//175
f 176//176 177//177 178//178
f 179//179 174//174 175//175
f 178//178 177//177 175//175
f 175//175 177//177 179//179
f 180//180 181//181 178//178
f 178//178 181//181 176//176
f 129//129 182//182 105//105
f 105//105 182//182 183//183
f 102//102 126//126 184//184
f 184//184 126//126 185//185
f 126//126 127//127 185//185
f 185//185 127//127 124//124
f 185//185 124//124 186//186
f 124//124 123//123 186//186
f 186//186 123//123 121//121
f 186//186 121//121 187//187
f 121//121 120//120 187//187
f 187//187 120//120 118//118
f 187//187 118//118 188//188
f 118//118 116//116 188//188
f 188//188 116//116 115//115
f 188//188 115//115 189//189
f 115//115 113//113 189//189
f 189//189 113//113 112//112
f 189//189 112//112 190//190
f 112//112 110//110 190//190
f 190//190 110//110 109//109
f 190//190 109//109 191//191
f 105//105 183//183 106//106
f 106//106 183//183 191//191
f 106//106 191//191 107//107
f 107//107 191//191 109//109
f 102//102 184//184 94//94
f 94//94 184//184 192//192
f 193//193 97//97 194//194
f 194//194 97//97 99//99
f 99//99 95//95 194//194
f 194//194 95//95 94//94
f 194//194 94//94 192//192
f 195//195 98//98 97//97
f 97//97 196//196 195//195
f 195//195 196//196 197//197
f 195//195 197//197 198//198
f 198//198 197//197 199//199
f 198//198 199//199 200//200
f 201//201 89//89 91//91
f 91//91 202//202 201//201
f 201//201 202//202 203//203
f 201//201 203//203 204//204
f 204//204 203//203 205//205
f 204//204 205//205 206//206
f 84//84 207//207 60//60
f 60//60 207//207 208//208
f 57//57 81//81 209//209
f 209//209 81//81 210//210
f 81//81 82//82 210//210
f 210//210 82//82 79//79
f 210//210 79//79 211//211
f 79//79 78//78 211//211
f 211//211 78//78 76//76
f 211//211 76//76 212//212
f 76//76 75//75 212//212
f 212//212 75//75 73//73
f 212//212 73//73 213//213
f 73//73 71//71 213//213
f 213//213 71//71 70//70
f 213//213 70//70 214//214
f 70//70 68//68 214//214
f 214//214 68//68 67//67
f 214//214 67//67 215//215
f 67//67 65//65 215//215
f 215//215 65//65 64//64
f 215//215 64//64 216//216
f 60//60 208//208 61//61
f 61//61 208//208 216//216
f 61//61 216//216 62//62
f 62//62 216//216 64//64
f 57//57 209//209 49//49
f 49//49 209//209 217//217
f 89//89 218//218 87//87
f 87//87 218//218 219//219
f 87//87 219//219 85//85
f 85//85 219//219 207//207
f 85//85 207//207 84//84
f 220//220 52//52 221//221
f 221//221 52//52 54//54
f 54//54 50//50 221//221
f 221//221 50//50 49//49
f 221//221 49//49 217//217
f 222//222 53//53 52//52
f 52//52 223//223 222//222
f 222//222 223//223 224//224
f 222//222 224//224 225//225
f 225//225 224//224 226//226
f 225//225 226//226 227//227
f 228//228 44//44 46//46
f 46//46 229//229 228//228
f 228//228 229//229 230//230
f 228//228 230//230 231//231
f 231//231 230//230 232//232
f 231//231 232//232 233//233
f 44//44 234//234 42//42
f 42//42 234//234 235//235
f 42//42 235//235 40//40
f 40//40 235//235 236//236
f 40//40 236//236 39//39
f 39//39 236//236 15//15
f 15//15 236//236 237//237
f 12//12 36//36 238//238
f 238//238 36//36 239//239
f 36//36 37//37 239//239
f 239//239 37//37 34//34
f 239//239 34//34 240//240
f 34//34 33//33 240//240
f 240//240 33//33 31//31
f 240//240 31//31 241//241
f 31//31 30//30 241//241
f 241//241 30//30 28//28
f 241//241 28//28 242//242
f 28//28 26//26 242//242
f 242//242 26//26 25//25
f 242//242 25//25 243//243
f 25//25 23//23 243//243
f 243//243 23//23 22//22
f 243//243 22//22 244//244
f 22//22 20//20 244//244
f 244//244 20//20 19//19
f 244//244 19//19 245//245
f 15//15 237//237 16//16
f 16//16 237//237 245//245
f 16//16 245//245 17//17
f 17//17 245//245 19//19
f 12//12 238//238 3//3
f 3//3 238//238 246//246
f 247//247 7//7 248//248
f 248//248 7//7 9//9
f 9//9 5//5 248//248
f 248//248 5//5 3//3
f 248//248 3//3 246//246
f 249//249 181//181 180//180
f 180//180 250//250 249//249
f 249//249 250//250 251//251
f 249//249 251//251 252//252
f 252//252 251//251 253//253
f 252//252 253//253 254//254
f 255//255 134//134 136//136
f 136//136 256//256 255//255
f 255//255 256//256 257//257
f 255//255 257//257 258//258
f 258//258 257//257 259//259
f 258//258 259//259 260//260
f 134//134 261//261 132//132
f 132//132 261//261 262//262
f 132//132 262//262 130//130
f 130//130 262//262 182//182
f 130//130 182//182 129//129
f 145//145 263//263 146//146
f 146//146 263//263 264//264
f 146//146 264//264 265//265
f 265//265 264//264 266//266
f 265//265 266//266 267//267
f 265//265 267//267 268//268
f 268//268 267//267 269//269
f 268//268 269//269 270//270
f 271//271 143//143 141//141
f 271//271 141//141 272//272
f 272//272 141//141 140//140
f 272//272 140//140 273//273
f 273//273 140//140 138//138
f 273//273 138//138 274//274
f 274//274 138//138 7//7
f 274//274 7//7 247//247
f 144//144 143//143 275//275
f 275//275 143//143 276//276
f 277//277 278//278 276//276
f 276//276 278//278 279//279
f 276//276 279//279 275//275
f 275//275 279//279 280//280
f 139//139 142//142 281//281
f 281//281 142//142 144//144
f 281//281 144//144 282//282
f 282//282 144//144 275//275
f 282//282 275//275 283//283
f 283//283 275//275 280//280
f 284//284 285//285 286//286
f 287//287 288//288 289//289
f 284//284 286//286 280//280
f 289//289 281//281 287//287
f 287//287 281//281 282//282
f 287//287 282//282 286//286
f 286//286 282//282 283//283
f 286//286 283//283 280//280
f 290//290 291//291 288//288
f 288//288 291//291 289//289
f 108//108 160//160 103//103
f 103//103 160//160 163//163
f 179//179 177//177 133//133
f 179//179 133//133 174//174
f 174//174 133//133 131//131
f 133//133 177//177 176//176
f 133//133 176//176 135//135
f 92//92 96//96 88//88
f 163//163 166//166 103//103
f 103//103 166//166 169//169
f 103//103 169//169 104//104
f 104//104 169//169 171//171
f 104//104 171//171 128//128
f 128//128 171//171 174//174
f 128//128 174//174 131//131
f 155//155 291//291 152//152
f 152//152 291//291 292//292
f 152//152 292//292 149//149
f 108//108 111//111 160//160
f 160//160 111//111 291//291
f 160//160 291//291 158//158
f 158//158 291//291 155//155
f 13//13 72//72 74//74
f 92//92 88//88 93//93
f 93//93 88//88 86//86
f 249//249 252//252 181//181
f 181//181 252//252 254//254
f 259//259 257//257 256//256
f 266//266 264//264 292//292
f 292//292 264//264 263//263
f 13//13 18//18 72//72
f 72//72 18//18 21//21
f 72//72 21//21 24//24
f 29//29 32//32 281//281
f 281//281 32//32 35//35
f 281//281 35//35 11//11
f 256//256 136//136 259//259
f 259//259 136//136 135//135
f 259//259 135//135 254//254
f 254//254 135//135 176//176
f 254//254 176//176 181//181
f 269//269 267//267 292//292
f 292//292 267//267 266//266
f 263//263 145//145 292//292
f 292//292 145//145 147//147
f 292//292 147//147 149//149
f 47//47 51//51 43//43
f 117//117 119//119 69//69
f 69//69 119//119 122//122
f 69//69 122//122 66//66
f 200//200 205//205 90//90
f 93//93 86//86 83//83
f 93//93 83//83 101//101
f 101//101 83//83 59//59
f 101//101 59//59 125//125
f 125//125 59//59 58//58
f 125//125 58//58 122//122
f 122//122 58//58 63//63
f 122//122 63//63 66//66
f 293//293 294//294 292//292
f 292//292 294//294 270//270
f 292//292 270//270 269//269
f 47//47 43//43 48//48
f 48//48 43//43 41//41
f 111//111 114//114 291//291
f 291//291 114//114 117//117
f 291//291 117//117 289//289
f 289//289 117//117 69//69
f 69//69 72//72 289//289
f 289//289 72//72 24//24
f 289//289 24//24 281//281
f 281//281 24//24 27//27
f 281//281 27//27 29//29
f 4//4 6//6 281//281
f 281//281 6//6 10//10
f 203//203 202//202 205//205
f 205//205 202//202 91//91
f 205//205 91//91 90//90
f 11//11 2//2 281//281
f 281//281 2//2 1//1
f 281//281 1//1 4//4
f 195//195 198//198 98//98
f 98//98 198//198 200//200
f 98//98 200//200 100//100
f 100//100 200//200 90//90
f 100//100 90//90 88//88
f 100//100 88//88 96//96
f 227//227 232//232 45//45
f 74//74 77//77 13//13
f 13//13 77//77 80//80
f 13//13 80//80 14//14
f 14//14 80//80 56//56
f 14//14 56//56 38//38
f 38//38 56//56 48//48
f 38//38 48//48 41//41
f 137//137 139//139 8//8
f 8//8 139//139 281//281
f 8//8 281//281 10//10
f 230//230 229//229 232//232
f 232//232 229//229 46//46
f 232//232 46//46 45//45
f 222//222 225//225 53//53
f 53//53 225//225 227//227
f 53//53 227//227 55//55
f 55//55 227//227 45//45
f 55//55 45//45 43//43
f 55//55 43//43 51//51
f 146//146 295//295 148//148
f 148//148 295//295 296//296
f 170//170 172//172 297//297
f 297//297 172//172 298//298
f 172//172 173//173 298//298
f 298//298 173//173 168//168
f 298//298 168//168 299//299
f 168//168 167//167 299//299
f 299//299 167//167 165//165
f 299//299 165//165 300//300
f 165//165 164//164 300//300
f 300//300 164//164 162//162
f 300//300 162//162 301//301
f 162//162 161//161 301//301
f 301//301 161//161 159//159
f 301//301 159//159 302//302
f 159//159 157//157 302//302
f 302//302 157//157 156//156
f 302//302 156//156 303//303
f 156//156 154//154 303//303
f 303//303 154//154 153//153
f 303//303 153//153 304//304
f 148//148 296//296 150//150
f 150//150 296//296 304//304
f 150//150 304//304 151//151
f 151//151 304//304 153//153
f 170//170 297//297 175//175
f 175//175 297//297 305//305
f 306//306 180//180 178//178
f 306//306 178//178 307//307
f 307//307 178//178 175//175
f 307//307 175//175 305//305
f 308//308 309//309 310//310
f 310//310 311//311 308//308
f 308//308 311//311 312//312
f 308//308 312//312 313//313
f 313//313 312//312 193//193
f 313//313 193//193 261//261
f 261//261 193//193 194//194
f 261//261 194//194 262//262
f 262//262 194//194 192//192
f 262//262 192//192 182//182
f 182//182 192//192 183//183
f 183//183 192//192 184//184
f 183//183 184//184 191//191
f 184//184 185//185 186//186
f 190//190 191//191 189//189
f 189//189 191//191 184//184
f 189//189 184//184 188//188
f 188//188 184//184 186//186
f 188//188 186//186 187//187
f 196//196 97//97 193//193
f 193//193 312//312 196//196
f 196//196 312//312 311//311
f 196//196 311//311 197//197
f 197//197 311//311 310//310
f 197//197 310//310 199//199
f 200//200 199//199 205//205
f 205//205 199//199 206//206
f 218//218 89//89 201//201
f 218//218 201//201 314//314
f 314//314 201//201 204//204
f 314//314 204//204 315//315
f 315//315 204//204 206//206
f 315//315 206//206 316//316
f 317//317 318//318 316//316
f 316//316 318//318 319//319
f 316//316 319//319 315//315
f 207//207 219//219 220//220
f 220//220 219//219 218//218
f 220//220 218//218 319//319
f 319//319 218//218 314//314
f 319//319 314//314 315//315
f 220//220 221//221 207//207
f 207//207 221//221 217//217
f 207//207 217//217 208//208
f 208//208 217//217 209//209
f 208//208 209//209 210//210
f 210//210 211//211 212//212
f 216//216 208//208 215//215
f 215//215 208//208 210//210
f 215//215 210//210 214//214
f 214//214 210//210 212//212
f 214//214 212//212 213//213
f 317//317 226//226 224//224
f 317//317 224//224 318//318
f 318//318 224//224 223//223
f 318//318 223//223 319//319
f 319//319 223//223 52//52
f 319//319 52//52 220//220
f 227//227 226//226 232//232
f 232//232 226//226 233//233
f 234//234 44//44 228//228
f 234//234 228//228 320//320
f 320//320 228//228 231//231
f 320//320 231//231 321//321
f 321//321 231//231 233//233
f 321//321 233//233 322//322
f 322//322 323//323 321//321
f 321//321 323//323 320//320
f 271//271 272//272 323//323
f 323//323 272//272 273//273
f 323//323 273//273 320//320
f 320//320 273//273 274//274
f 320//320 274//274 234//234
f 234//234 274//274 247//247
f 234//234 247//247 235//235
f 235//235 247//247 236//236
f 247//247 248//248 236//236
f 236//236 248//248 246//246
f 236//236 246//246 237//237
f 237//237 246//246 238//238
f 238//238 239//239 237//237
f 237//237 239//239 240//240
f 237//237 240//240 241//241
f 244//244 245//245 243//243
f 243//243 245//245 237//237
f 243//243 237//237 242//242
f 242//242 237//237 241//241
f 324//324 253//253 251//251
f 324//324 251//251 325//325
f 325//325 251//251 250//250
f 325//325 250//250 326//326
f 326//326 250//250 180//180
f 326//326 180//180 306//306
f 254//254 253//253 259//259
f 259//259 253//253 260//260
f 313//313 261//261 134//134
f 134//134 255//255 313//313
f 313//313 255//255 258//258
f 313//313 258//258 308//308
f 308//308 258//258 260//260
f 308//308 260//260 309//309
f 327//327 268//268 270//270
f 328//328 329//329 330//330
f 270//270 294//294 327//327
f 327//327 294//294 293//293
f 327//327 293//293 331//331
f 331//331 293//293 328//328
f 331//331 328//328 332//332
f 332//332 328//328 330//330
f 295//295 146//146 265//265
f 295//295 265//265 333//333
f 333//333 265//265 268//268
f 333//333 268//268 334//334
f 335//335 336//336 337//337
f 335//335 337//337 338//338
f 338//338 337//337 339//339
f 338//338 339//339 340//340
f 340//340 339//339 341//341
f 340//340 341//341 342//342
f 342//342 341//341 343//343
f 342//342 343//343 344//344
f 345//345 346//346 335//335
f 335//335 346//346 336//336
f 347//347 343//343 341//341
f 347//347 341//341 348//348
f 348//348 341//341 339//339
f 348//348 339//339 349//349
f 349//349 339//339 337//337
f 349//349 337//337 350//350
f 350//350 337//337 336//336
f 350//350 336//336 351//351
f 352//352 344//344 353//353
f 353//353 344//344 343//343
f 353//353 343//343 354//354
f 354//354 343//343 355//355
f 355//355 356//356 354//354
f 354//354 356//356 357//357
f 354//354 357//357 353//353
f 353//353 357//357 358//358
f 359//359 360//360 358//358
f 358//358 360//360 352//352
f 358//358 352//352 353//353
f 359//359 277//277 360//360
f 360//360 277//277 276//276
f 360//360 276//276 361//361
f 323//323 362//362 271//271
f 271//271 362//362 361//361
f 271//271 361//361 143//143
f 143//143 361//361 276//276
f 356//356 363//363 284//284
f 358//358 278//278 359//359
f 359//359 278//278 277//277
f 358//358 357//357 278//278
f 278//278 357//357 356//356
f 278//278 356//356 279//279
f 279//279 356//356 284//284
f 279//279 284//284 280//280
f 363//363 364//364 284//284
f 284//284 364//364 365//365
f 284//284 365//365 285//285
f 363//363 366//366 367//367
f 363//363 367//367 364//364
f 364//364 367//367 368//368
f 364//364 368//368 365//365
f 365//365 368//368 369//369
f 365//365 369//369 285//285
f 285//285 369//369 370//370
f 285//285 370//370 286//286
f 286//286 370//370 287//287
f 287//287 370//370 371//371
f 287//287 371//371 288//288
f 372//372 373//373 374//374
f 374//374 373//373 375//375
f 376//376 377//377 366//366
f 366//366 377//377 378//378
f 366//366 378//378 379//379
f 380//380 381//381 382//382
f 380//380 382//382 383//383
f 383//383 382//382 384//384
f 383//383 384//384 385//385
f 385//385 384//384 386//386
f 385//385 386//386 387//387
f 387//387 386//386 373//373
f 387//387 373//373 372//372
f 388//388 371//371 370//370
f 366//366 379//379 367//367
f 367//367 379//379 389//389
f 388//388 370//370 390//390
f 390//390 370//370 369//369
f 390//390 369//369 391//391
f 369//369 368//368 391//391
f 391//391 368//368 367//367
f 391//391 367//367 392//392
f 392//392 367//367 389//389
f 392//392 389//389 393//393
f 394//394 395//395 388//388
f 388//388 395//395 371//371
f 288//288 371//371 290//290
f 290//290 371//371 395//395
f 291//291 290//290 292//292
f 292//292 290//290 396//396
f 292//292 396//396 397//397
f 397//397 396//396 398//398
f 399//399 400//400 401//401
f 401//401 400//400 402//402
f 401//401 402//402 396//396
f 396//396 402//402 403//403
f 396//396 403//403 398//398
f 292//292 397//397 293//293
f 293//293 397//397 398//398
f 293//293 398//398 328//328
f 328//328 398//398 403//403
f 328//328 403//403 329//329
f 402//402 404//404 403//403
f 403//403 404//404 405//405
f 403//403 405//405 329//329
f 406//406 407//407 408//408
f 408//408 407//407 409//409
f 408//408 409//409 410//410
f 324//324 325//325 408//408
f 408//408 325//325 326//326
f 408//408 326//326 406//406
f 406//406 326//326 306//306
f 406//406 306//306 334//334
f 334//334 306//306 307//307
f 334//334 307//307 333//333
f 333//333 307//307 305//305
f 333//333 305//305 295//295
f 295//295 305//305 296//296
f 296//296 305//305 297//297
f 296//296 297//297 304//304
f 304//304 297//297 298//298
f 304//304 298//298 299//299
f 302//302 303//303 301//301
f 301//301 303//303 304//304
f 301//301 304//304 300//300
f 300//300 304//304 299//299
f 411//411 362//362 322//322
f 322//322 362//362 323//323
f 310//310 309//309 411//411
f 316//316 206//206 199//199
f 408//408 411//411 324//324
f 324//324 411//411 309//309
f 324//324 309//309 253//253
f 253//253 309//309 260//260
f 199//199 310//310 316//316
f 316//316 310//310 411//411
f 316//316 411//411 317//317
f 317//317 411//411 322//322
f 317//317 322//322 226//226
f 226//226 322//322 233//233
f 405//405 404//404 412//412
f 412//412 404//404 413//413
f 412//412 413//413 414//414
f 405//405 412//412 329//329
f 329//329 412//412 415//415
f 329//329 415//415 330//330
f 334//334 268//268 327//327
f 334//334 327//327 406//406
f 406//406 327//327 331//331
f 406//406 331//331 407//407
f 407//407 331//331 332//332
f 407//407 332//332 409//409
f 409//409 332//332 330//330
f 409//409 330//330 410//410
f 416//416 417//417 418//418
f 362//362 411//411 345//345
f 361//361 342//342 360//360
f 360//360 342//342 344//344
f 360//360 344//344 352//352
f 345//345 411//411 419//419
f 419//419 411//411 420//420
f 419//419 420//420 421//421
f 416//416 418//418 420//420
f 420//420 418//418 422//422
f 420//420 422//422 421//421
f 345//345 335//335 362//362
f 362//362 335//335 338//338
f 362//362 338//338 361//361
f 361//361 338//338 340//340
f 361//361 340//340 342//342
f 418//418 423//423 424//424
f 418//418 424//424 422//422
f 422//422 424//424 425//425
f 422//422 425//425 421//421
f 421//421 425//425 426//426
f 421//421 426//426 419//419
f 419//419 426//426 346//346
f 419//419 346//346 345//345
f 346//346 427//427 336//336
f 336//336 427//427 351//351
f 427//427 428//428 351//351
f 351//351 428//428 429//429
f 430//430 347//347 348//348
f 430//430 348//348 431//431
f 431//431 348//348 349//349
f 431//431 349//349 432//432
f 432//432 349//349 350//350
f 432//432 350//350 433//433
f 433//433 350//350 351//351
f 433//433 351//351 429//429
f 428//428 427//427 434//434
f 428//428 434//434 435//435
f 435//435 434//434 436//436
f 435//435 436//436 437//437
f 437//437 436//436 438//438
f 437//437 438//438 439//439
f 439//439 438//438 440//440
f 439//439 440//440 441//441
f 442//442 443//443 347//347
f 430//430 444//444 347//347
f 347//347 444//444 445//445
f 347//347 445//445 442//442
f 363//363 356//356 355//355
f 375//375 373//373 443//443
f 443//443 373//373 376//376
f 343//343 347//347 355//355
f 355//355 347//347 443//443
f 355//355 443//443 363//363
f 363//363 443//443 376//376
f 363//363 376//376 366//366
f 374//374 375//375 446//446
f 374//374 446//446 447//447
f 447//447 446//446 448//448
f 447//447 448//448 449//449
f 449//449 448//448 450//450
f 449//449 450//450 451//451
f 451//451 450//450 452//452
f 451//451 452//452 453//453
f 454//454 455//455 456//456
f 457//457 458//458 454//454
f 459//459 460//460 454//454
f 461//461 462//462 454//454
f 463//463 464//464 454//454
f 454//454 465//465 466//466
f 467//467 465//465 454//454
f 464//464 467//467 454//454
f 462//462 463//463 454//454
f 460//460 461//461 454//454
f 458//458 459//459 454//454
f 456//456 457//457 454//454
f 454//454 466//466 468//468
f 454//454 469//469 470//470
f 471//471 469//469 454//454
f 468//468 471//471 454//454
f 454//454 472//472 455//455
f 473//473 472//472 454//454
f 470//470 473//473 454//454
f 474//474 475//475 380//380
f 474//474 380//380 476//476
f 385//385 387//387 372//372
f 476//476 372//372 477//477
f 477//477 372//372 374//374
f 476//476 380//380 372//372
f 372//372 380//380 383//383
f 372//372 383//383 385//385
f 374//374 447//447 449//449
f 478//478 477//477 453//453
f 453//453 477//477 374//374
f 453//453 374//374 451//451
f 451//451 374//374 449//449
f 479//479 381//381 480//480
f 480//480 381//381 481//481
f 380//380 475//475 381//381
f 381//381 475//475 482//482
f 381//381 482//482 481//481
f 376//376 373//373 377//377
f 377//377 373//373 386//386
f 483//483 393//393 386//386
f 386//386 393//393 389//389
f 389//389 379//379 386//386
f 386//386 379//379 378//378
f 386//386 378//378 377//377
f 386//386 384//384 483//483
f 483//483 384//384 382//382
f 483//483 382//382 484//484
f 484//484 382//382 381//381
f 484//484 381//381 485//485
f 486//486 487//487 488//488
f 485//485 390//390 484//484
f 484//484 390//390 391//391
f 484//484 391//391 483//483
f 483//483 391//391 392//392
f 483//483 392//392 393//393
f 489//489 394//394 485//485
f 485//485 394//394 388//388
f 485//485 388//388 390//390
f 486//486 488//488 490//490
f 490//490 488//488 491//491
f 490//490 491//491 489//489
f 489//489 491//491 492//492
f 489//489 492//492 394//394
f 493//493 494//494 495//495
f 495//495 494//494 496//496
f 495//495 496//496 487//487
f 487//487 496//496 488//488
f 488//488 496//496 497//497
f 488//488 497//497 491//491
f 491//491 497//497 498//498
f 491//491 498//498 492//492
f 492//492 498//498 395//395
f 492//492 395//395 394//394
f 493//493 499//499 494//494
f 494//494 499//499 500//500
f 494//494 500//500 501//501
f 502//502 399//399 497//497
f 497//497 399//399 498//498
f 496//496 494//494 503//503
f 503//503 504//504 496//496
f 496//496 504//504 505//505
f 496//496 505//505 497//497
f 497//497 505//505 506//506
f 497//497 506//506 502//502
f 290//290 395//395 396//396
f 396//396 395//395 498//498
f 396//396 498//498 401//401
f 401//401 498//498 399//399
f 404//404 402//402 400//400
f 400//400 399//399 502//502
f 404//404 400//400 413//413
f 413//413 400//400 507//507
f 413//413 507//507 414//414
f 502//502 506//506 400//400
f 400//400 506//506 505//505
f 400//400 505//505 504//504
f 508//508 507//507 509//509
f 509//509 507//507 400//400
f 509//509 400//400 503//503
f 503//503 400//400 504//504
f 330//330 415//415 410//410
f 410//410 415//415 420//420
f 410//410 420//420 408//408
f 408//408 420//420 411//411
f 415//415 412//412 420//420
f 420//420 412//412 414//414
f 420//420 414//414 416//416
f 416//416 414//414 507//507
f 416//416 507//507 417//417
f 417//417 507//507 508//508
f 417//417 508//508 510//510
f 510//510 508//508 511//511
f 511//511 508//508 509//509
f 511//511 509//509 512//512
f 511//511 512//512 423//423
f 418//418 417//417 423//423
f 423//423 417//417 510//510
f 423//423 510//510 511//511
f 427//427 346//346 426//426
f 427//427 426//426 434//434
f 434//434 426//426 425//425
f 434//434 425//425 436//436
f 436//436 425//425 424//424
f 436//436 424//424 438//438
f 438//438 424//424 423//423
f 438//438 423//423 440//440
f 513//513 441//441 514//514
f 514//514 441//441 440//440
f 514//514 440//440 515//515
f 515//515 440//440 516//516
f 517//517 518//518 519//519
f 519//519 518//518 520//520
f 519//519 520//520 521//521
f 522//522 523//523 524//524
f 524//524 523//523 518//518
f 524//524 518//518 525//525
f 525//525 518//518 517//517
f 526//526 527//527 528//528
f 528//528 529//529 526//526
f 526//526 529//529 530//530
f 526//526 530//530 520//520
f 520//520 530//530 531//531
f 520//520 531//531 521//521
f 532//532 533//533 534//534
f 534//534 533//533 531//531
f 534//534 531//531 535//535
f 535//535 531//531 530//530
f 536//536 444//444 430//430
f 537//537 538//538 429//429
f 539//539 439//439 540//540
f 540//540 439//439 441//441
f 540//540 441//441 513//513
f 429//429 538//538 433//433
f 433//433 538//538 541//541
f 433//433 541//541 432//432
f 536//536 430//430 541//541
f 541//541 430//430 431//431
f 541//541 431//431 432//432
f 429//429 428//428 537//537
f 537//537 428//428 435//435
f 537//537 435//435 539//539
f 539//539 435//435 437//437
f 539//539 437//437 439//439
f 538//538 452//452 450//450
f 538//538 450//450 541//541
f 541//541 450//450 448//448
f 541//541 448//448 536//536
f 536//536 448//448 444//444
f 444//444 448//448 446//446
f 444//444 446//446 445//445
f 445//445 446//446 442//442
f 442//442 446//446 375//375
f 442//442 375//375 443//443
f 478//478 453//453 542//542
f 542//542 453//453 452//452
f 542//542 452//452 543//543
f 543//543 452//452 544//544
f 455//455 545//545 456//456
f 456//456 545//545 546//546
f 456//456 546//546 457//457
f 457//457 546//546 458//458
f 458//458 546//546 547//547
f 458//458 547//547 459//459
f 459//459 547//547 460//460
f 460//460 547//547 548//548
f 460//460 548//548 461//461
f 549//549 463//463 548//548
f 548//548 463//463 462//462
f 548//548 462//462 461//461
f 550//550 551//551 466//466
f 466//466 465//465 550//550
f 550//550 465//465 467//467
f 550//550 467//467 549//549
f 549//549 467//467 464//464
f 549//549 464//464 463//463
f 466//466 551//551 552//552
f 466//466 552//552 468//468
f 468//468 552//552 553//553
f 468//468 553//553 471//471
f 471//471 553//553 554//554
f 471//471 554//554 469//469
f 469//469 554//554 555//555
f 469//469 555//555 470//470
f 470//470 555//555 556//556
f 470//470 556//556 473//473
f 473//473 556//556 557//557
f 473//473 557//557 472//472
f 472//472 557//557 545//545
f 472//472 545//545 455//455
f 522//522 558//558 559//559
f 522//522 559//559 523//523
f 523//523 559//559 560//560
f 523//523 560//560 518//518
f 518//518 560//560 561//561
f 518//518 561//561 520//520
f 562//562 526//526 561//561
f 561//561 526//526 520//520
f 526//526 562//562 563//563
f 526//526 563//563 527//527
f 527//527 563//563 564//564
f 527//527 564//564 528//528
f 528//528 564//564 565//565
f 528//528 565//565 529//529
f 529//529 565//565 566//566
f 529//529 566//566 530//530
f 567//567 535//535 566//566
f 566//566 535//535 530//530
f 568//568 531//531 569//569
f 569//569 531//531 533//533
f 569//569 533//533 570//570
f 570//570 533//533 532//532
f 570//570 532//532 571//571
f 571//571 532//532 534//534
f 571//571 534//534 567//567
f 567//567 534//534 535//535
f 572//572 521//521 568//568
f 568//568 521//521 531//531
f 573//573 524//524 525//525
f 573//573 525//525 574//574
f 574//574 525//525 517//517
f 574//574 517//517 575//575
f 575//575 517//517 519//519
f 575//575 519//519 576//576
f 576//576 519//519 521//521
f 576//576 521//521 572//572
f 544//544 577//577 543//543
f 543//543 577//577 578//578
f 543//543 578//578 542//542
f 578//578 579//579 542//542
f 542//542 579//579 580//580
f 542//542 580//580 478//478
f 581//581 477//477 582//582
f 582//582 477//477 478//478
f 582//582 478//478 583//583
f 583//583 478//478 580//580
f 584//584 476//476 581//581
f 581//581 476//476 477//477
f 474//474 476//476 585//585
f 585//585 476//476 584//584
f 474//474 585//585 475//475
f 475//475 585//585 586//586
f 475//475 586//586 482//482
f 482//482 586//586 587//587
f 482//482 587//587 481//481
f 481//481 587//587 480//480
f 480//480 587//587 588//588
f 480//480 588//588 479//479
f 485//485 381//381 479//479
f 588//588 589//589 479//479
f 479//479 589//589 489//489
f 479//479 489//489 485//485
f 590//590 490//490 591//591
f 591//591 490//490 489//489
f 591//591 489//489 589//589
f 592//592 499//499 493//493
f 493//493 495//495 592//592
f 592//592 495//495 487//487
f 592//592 487//487 590//590
f 590//590 487//487 486//486
f 590//590 486//486 490//490
f 499//499 592//592 500//500
f 500//500 592//592 593//593
f 500//500 593//593 501//501
f 503//503 494//494 501//501
f 440//440 423//423 516//516
f 516//516 423//423 512//512
f 593//593 594//594 501//501
f 501//501 594//594 516//516
f 501//501 516//516 503//503
f 503//503 516//516 512//512
f 503//503 512//512 509//509
f 516//516 594//594 515//515
f 515//515 594//594 595//595
f 540//540 513//513 595//595
f 595//595 513//513 514//514
f 595//595 514//514 515//515
f 595//595 596//596 540//540
f 540//540 596//596 597//597
f 540//540 597//597 539//539
f 539//539 597//597 598//598
f 539//539 598//598 537//537
f 598//598 558//558 537//537
f 537//537 558//558 522//522
f 573//573 577//577 524//524
f 524//524 577//577 544//544
f 452//452 538//538 544//544
f 544//544 538//538 537//537
f 544//544 537//537 524//524
f 524//524 537//537 522//522
f 599//599 600//600 601//601
f 599//599 602//602 603//603
f 604//604 602//602 599//599
f 601//601 604//604 599//599
f 599//599 605//605 606//606
f 607//607 605//605 599//599
f 603//603 607//607 599//599
f 545//545 608//608 546//546
f 546//546 608//608 609//609
f 546//546 609//609 547//547
f 547//547 609//609 610//610
f 547//547 610//610 548//548
f 548//548 610//610 611//611
f 548//548 611//611 549//549
f 549//549 611//611 612//612
f 549//549 612//612 550//550
f 550//550 612//612 613//613
f 550//550 613//613 551//551
f 551//551 613//613 614//614
f 551//551 614//614 552//552
f 552//552 614//614 615//615
f 552//552 615//615 553//553
f 553//553 615//615 616//616
f 553//553 616//616 554//554
f 554//554 616//616 617//617
f 554//554 617//617 555//555
f 555//555 617//617 618//618
f 555//555 618//618 556//556
f 556//556 618//618 619//619
f 556//556 619//619 557//557
f 557//557 619//619 620//620
f 557//557 620//620 545//545
f 545//545 620//620 608//608
f 621//621 561//561 560//560
f 621//621 560//560 622//622
f 622//622 560//560 559//559
f 622//622 559//559 623//623
f 623//623 559//559 558//558
f 623//623 558//558 624//624
f 625//625 562//562 621//621
f 621//621 562//562 561//561
f 562//562 625//625 563//563
f 563//563 625//625 626//626
f 563//563 626//626 564//564
f 564//564 626//626 627//627
f 564//564 627//627 565//565
f 565//565 627//627 628//628
f 565//565 628//628 566//566
f 566//566 628//628 629//629
f 566//566 629//629 567//567
f 567//567 629//629 630//630
f 567//567 630//630 571//571
f 571//571 630//630 631//631
f 571//571 631//631 570//570
f 570//570 631//631 632//632
f 570//570 632//632 569//569
f 569//569 632//632 633//633
f 569//569 633//633 568//568
f 568//568 633//633 634//634
f 568//568 634//634 572//572
f 572//572 634//634 635//635
f 636//636 573//573 574//574
f 636//636 574//574 637//637
f 637//637 574//574 575//575
f 637//637 575//575 638//638
f 638//638 575//575 576//576
f 638//638 576//576 639//639
f 639//639 576//576 572//572
f 639//639 572//572 635//635
f 573//573 636//636 577//577
f 577//577 636//636 640//640
f 641//641 581//581 582//582
f 641//641 582//582 642//642
f 642//642 582//582 583//583
f 642//642 583//583 643//643
f 583//583 580//580 643//643
f 643//643 580//580 579//579
f 643//643 579//579 644//644
f 579//579 578//578 644//644
f 644//644 578//578 577//577
f 644//644 577//577 640//640
f 645//645 584//584 641//641
f 641//641 584//584 581//581
f 646//646 588//588 587//587
f 646//646 587//587 647//647
f 647//647 587//587 586//586
f 647//647 586//586 648//648
f 648//648 586//586 585//585
f 648//648 585//585 649//649
f 649//649 585//585 584//584
f 649//649 584//584 645//645
f 650//650 589//589 646//646
f 646//646 589//589 588//588
f 651//651 593//593 592//592
f 651//651 592//592 652//652
f 652//652 592//592 590//590
f 652//652 590//590 653//653
f 653//653 590//590 591//591
f 653//653 591//591 654//654
f 654//654 591//591 589//589
f 654//654 589//589 650//650
f 655//655 594//594 651//651
f 651//651 594//594 593//593
f 656//656 598//598 597//597
f 656//656 597//597 657//657
f 657//657 597//597 596//596
f 657//657 596//596 658//658
f 658//658 596//596 595//595
f 658//658 595//595 659//659
f 659//659 595//595 594//594
f 659//659 594//594 655//655
f 624//624 558//558 656//656
f 656//656 558//558 598//598
f 600//600 660//660 661//661
f 600//600 661//661 601//601
f 601//601 661//661 662//662
f 601//601 662//662 604//604
f 604//604 662//662 663//663
f 604//604 663//663 602//602
f 602//602 663//663 664//664
f 602//602 664//664 603//603
f 603//603 664//664 665//665
f 603//603 665//665 607//607
f 607//607 665//665 666//666
f 607//607 666//666 605//605
f 605//605 666//666 667//667
f 605//605 667//667 606//606
f 599//599 606//606 668//668
f 669//669 670//670 599//599
f 671//671 672//672 599//599
f 673//673 674//674 599//599
f 675//675 676//676 599//599
f 599//599 677//677 600//600
f 678//678 677//677 599//599
f 676//676 678//678 599//599
f 674//674 675//675 599//599
f 672//672 673//673 599//599
f 670//670 671//671 599//599
f 668//668 669//669 599//599
f 641//641 642//642 679//679
f 642//642 643//643 679//679
f 679//679 643//643 644//644
f 679//679 644//644 680//680
f 680//680 644//644 640//640
f 680//680 640//640 681//681
f 681//681 640//640 636//636
f 612//612 611//611 657//657
f 622//622 623//623 610//610
f 610//610 623//623 624//624
f 610//610 624//624 611//611
f 611//611 624//624 656//656
f 611//611 656//656 657//657
f 622//622 610//610 621//621
f 621//621 610//610 609//609
f 621//621 609//609 625//625
f 682//682 683//683 634//634
f 634//634 683//683 635//635
f 657//657 658//658 612//612
f 612//612 658//658 659//659
f 612//612 659//659 613//613
f 613//613 659//659 655//655
f 613//613 655//655 614//614
f 635//635 683//683 639//639
f 639//639 683//683 681//681
f 639//639 681//681 638//638
f 638//638 681//681 636//636
f 638//638 636//636 637//637
f 679//679 684//684 641//641
f 641//641 684//684 685//685
f 641//641 685//685 645//645
f 626//626 620//620 619//619
f 616//616 653//653 617//617
f 617//617 653//653 654//654
f 617//617 654//654 618//618
f 685//685 686//686 645//645
f 645//645 686//686 687//687
f 645//645 687//687 649//649
f 649//649 687//687 688//688
f 649//649 688//688 648//648
f 648//648 688//688 647//647
f 625//625 609//609 626//626
f 626//626 609//609 608//608
f 626//626 608//608 620//620
f 614//614 655//655 615//615
f 615//615 655//655 651//651
f 615//615 651//651 616//616
f 616//616 651//651 652//652
f 616//616 652//652 653//653
f 633//633 689//689 634//634
f 634//634 689//689 690//690
f 634//634 690//690 682//682
f 647//647 688//688 646//646
f 646//646 688//688 691//691
f 646//646 691//691 689//689
f 654//654 650//650 618//618
f 618//618 650//650 628//628
f 618//618 628//628 619//619
f 619//619 628//628 627//627
f 619//619 627//627 626//626
f 633//633 632//632 689//689
f 689//689 632//632 631//631
f 689//689 631//631 646//646
f 646//646 631//631 630//630
f 646//646 630//630 650//650
f 650//650 630//630 629//629
f 650//650 629//629 628//628
f 660//660 682//682 661//661
f 661//661 682//682 690//690
f 661//661 690//690 662//662
f 662//662 690//690 689//689
f 662//662 689//689 663//663
f 663//663 689//689 691//691
f 663//663 691//691 664//664
f 664//664 691//691 688//688
f 664//664 688//688 665//665
f 665//665 688//688 687//687
f 665//665 687//687 666//666
f 666//666 687//687 686//686
f 666//666 686//686 667//667
f 667//667 686//686 685//685
f 606//606 667//667 668//668
f 668//668 667//667 692//692
f 668//668 692//692 669//669
f 669//669 692//692 670//670
f 670//670 692//692 693//693
f 670//670 693//693 671//671
f 671//671 693//693 672//672
f 672//672 693//693 694//694
f 672//672 694//694 673//673
f 673//673 694//694 674//674
f 674//674 694//694 695//695
f 674//674 695//695 675//675
f 675//675 695//695 676//676
f 676//676 695//695 696//696
f 676//676 696//696 678//678
f 678//678 696//696 677//677
f 677//677 696//696 660//660
f 677//677 660//660 600//600
f 667//667 685//685 692//692
f 692//692 685//685 684//684
f 692//692 684//684 693//693
f 693//693 684//684 679//679
f 693//693 679//679 694//694
f 694//694 679//679 680//680
f 694//694 680//680 695//695
f 695//695 680//680 681//681
f 695//695 681//681 696//696
f 696//696 681//681 683//683
f 696//696 683//683 660//660
f 660//660 683//683 682//682
f 697//697 698//698 699//699
f 700//700 701//701 702//702
f 702//702 701//701 697//697
f 703//703 704//704 705//705
f 705//705 704//704 706//706
f 707//707 705//705 708//708
f 708//708 705//705 706//706
f 708//708 706//706 699//699
f 699//699 706//706 709//709
f 699//699 709//709 697//697
f 697//697 709//709 710//710
f 697//697 710//710 702//702
f 706//706 711//711 709//709
f 709//709 711//711 712//712
f 709//709 712//712 710//710
f 710//710 712//712 713//713
f 710//710 713//713 702//702
f 702//702 713//713 714//714
f 702//702 714//714 700//700
f 700//700 714//714 715//715
f 700//700 715//715 701//701
f 701//701 715//715 716//716
f 701//701 716//716 697//697
f 697//697 716//716 717//717
f 697//697 717//717 698//698
f 698//698 717//717 718//718
f 698//698 718//718 699//699
f 699//699 718//718 719//719
f 699//699 719//719 708//708
f 708//708 719//719 720//720
f 708//708 720//720 707//707
f 707//707 720//720 721//721
f 707//707 721//721 705//705
f 705//705 721//721 722//722
f 705//705 722//722 703//703
f 703//703 722//722 723//723
f 703//703 723//723 704//704
f 704//704 723//723 724//724
f 704//704 724//724 706//706
f 706//706 724//724 711//711
f 721//721 725//725 722//722
f 722//722 725//725 726//726
f 722//722 726//726 723//723
f 723//723 726//726 727//727
f 728//728 729//729 730//730
f 730//730 729//729 731//731
f 730//730 731//731 732//732
f 733//733 734//734 735//735
f 735//735 734//734 736//736
f 735//735 736//736 737//737
f 737//737 736//736 738//738
f 737//737 738//738 739//739
f 739//739 738//738 740//740
f 739//739 740//740 741//741
f 721//721 720//720 725//725
f 725//725 720//720 719//719
f 725//725 719//719 742//742
f 742//742 719//719 718//718
f 742//742 718//718 743//743
f 743//743 718//718 744//744
f 745//745 746//746 747//747
f 748//748 749//749 750//750
f 750//750 749//749 751//751
f 750//750 751//751 752//752
f 731//731 753//753 732//732
f 732//732 753//753 754//754
f 732//732 754//754 755//755
f 755//755 754//754 756//756
f 755//755 756//756 757//757
f 757//757 756//756 758//758
f 757//757 758//758 759//759
f 759//759 758//758 745//745
f 759//759 745//745 760//760
f 760//760 745//745 747//747
f 760//760 747//747 761//761
f 761//761 747//747 762//762
f 761//761 762//762 733//733
f 733//733 762//762 752//752
f 733//733 752//752 734//734
f 734//734 752//752 751//751
f 727//727 763//763 723//723
f 723//723 763//763 764//764
f 723//723 764//764 724//724
f 724//724 764//764 765//765
f 724//724 765//765 711//711
f 711//711 765//765 766//766
f 711//711 766//766 712//712
f 712//712 766//766 767//767
f 712//712 767//767 713//713
f 728//728 768//768 769//769
f 769//769 768//768 770//770
f 730//730 771//771 728//728
f 728//728 771//771 772//772
f 728//728 772//772 741//741
f 718//718 717//717 744//744
f 744//744 717//717 716//716
f 744//744 716//716 770//770
f 770//770 716//716 715//715
f 770//770 715//715 769//769
f 769//769 715//715 714//714
f 769//769 714//714 773//773
f 773//773 714//714 713//713
f 773//773 713//713 774//774
f 774//774 713//713 767//767
f 740//740 775//775 741//741
f 741//741 775//775 776//776
f 741//741 776//776 728//728
f 728//728 776//776 777//777
f 728//728 777//777 768//768
f 778//778 737//737 779//779
f 779//779 737//737 739//739
f 779//779 739//739 780//780
f 780//780 739//739 741//741
f 780//780 741//741 781//781
f 781//781 741//741 772//772
f 781//781 772//772 782//782
f 782//782 772//772 771//771
f 782//782 771//771 783//783
f 783//783 771//771 730//730
f 783//783 730//730 784//784
f 784//784 730//730 732//732
f 784//784 732//732 785//785
f 785//785 732//732 755//755
f 785//785 755//755 786//786
f 786//786 755//755 757//757
f 786//786 757//757 787//787
f 787//787 757//757 759//759
f 787//787 759//759 788//788
f 788//788 759//759 760//760
f 788//788 760//760 789//789
f 789//789 760//760 761//761
f 789//789 761//761 790//790
f 790//790 761//761 733//733
f 790//790 733//733 791//791
f 791//791 733//733 735//735
f 791//791 735//735 778//778
f 778//778 735//735 737//737
f 792//792 752//752 793//793
f 793//793 752//752 762//762
f 793//793 762//762 794//794
f 794//794 762//762 747//747
f 795//795 728//728 796//796
f 796//796 728//728 769//769
f 766//766 797//797 798//798
f 766//766 798//798 767//767
f 767//767 798//798 799//799
f 767//767 799//799 774//774
f 774//774 799//799 800//800
f 774//774 800//800 773//773
f 773//773 800//800 796//796
f 773//773 796//796 769//769
f 797//797 766//766 801//801
f 801//801 766//766 765//765
f 726//726 802//802 803//803
f 726//726 803//803 727//727
f 727//727 803//803 804//804
f 727//727 804//804 763//763
f 763//763 804//804 805//805
f 763//763 805//805 764//764
f 764//764 805//805 801//801
f 764//764 801//801 765//765
f 726//726 725//725 802//802
f 802//802 725//725 806//806
f 806//806 807//807 802//802
f 802//802 807//807 808//808
f 802//802 808//808 809//809
f 810//810 725//725 811//811
f 811//811 725//725 742//742
f 811//811 742//742 743//743
f 811//811 743//743 812//812
f 812//812 743//743 744//744
f 812//812 744//744 813//813
f 813//813 744//744 770//770
f 813//813 770//770 814//814
f 814//814 770//770 768//768
f 814//814 768//768 815//815
f 815//815 768//768 816//816
f 816//816 768//768 777//777
f 738//738 817//817 818//818
f 738//738 818//818 740//740
f 740//740 818//818 819//819
f 740//740 819//819 775//775
f 775//775 819//819 820//820
f 775//775 820//820 776//776
f 776//776 820//820 816//816
f 776//776 816//816 777//777
f 817//817 738//738 821//821
f 821//821 738//738 736//736
f 749//749 748//748 822//822
f 822//822 748//748 823//823
f 822//822 823//823 824//824
f 822//822 825//825 749//749
f 749//749 825//825 826//826
f 749//749 826//826 751//751
f 751//751 826//826 827//827
f 751//751 827//827 734//734
f 734//734 827//827 821//821
f 734//734 821//821 736//736
f 748//748 750//750 828//828
f 828//828 750//750 829//829
f 828//828 829//829 824//824
f 824//824 829//829 830//830
f 824//824 830//830 831//831
f 830//830 832//832 831//831
f 831//831 832//832 833//833
f 831//831 833//833 834//834
f 834//834 833//833 835//835
f 829//829 750//750 792//792
f 792//792 750//750 752//752
f 728//728 795//795 836//836
f 728//728 836//836 729//729
f 729//729 836//836 837//837
f 729//729 837//837 731//731
f 731//731 837//837 838//838
f 731//731 838//838 753//753
f 753//753 838//838 839//839
f 753//753 839//839 754//754
f 754//754 839//839 840//840
f 754//754 840//840 756//756
f 756//756 840//840 841//841
f 756//756 841//841 758//758
f 842//842 843//843 844//844
f 842//842 844//844 845//845
f 845//845 844//844 846//846
f 845//845 846//846 847//847
f 847//847 846//846 848//848
f 847//847 848//848 849//849
f 849//849 848//848 746//746
f 849//849 746//746 745//745
f 794//794 747//747 850//850
f 850//850 747//747 746//746
f 851//851 745//745 841//841
f 841//841 745//745 758//758
f 788//788 789//789 790//790
f 791//791 778//778 784//784
f 784//784 778//778 779//779
f 782//782 783//783 781//781
f 781//781 783//783 784//784
f 781//781 784//784 780//780
f 780//780 784//784 779//779
f 784//784 785//785 791//791
f 791//791 785//785 786//786
f 791//791 786//786 790//790
f 790//790 786//786 787//787
f 790//790 787//787 788//788
f 852//852 792//792 853//853
f 853//853 792//792 793//793
f 853//853 793//793 854//854
f 854//854 793//793 794//794
f 796//796 855//855 795//795
f 795//795 855//855 856//856
f 855//855 796//796 800//800
f 855//855 800//800 857//857
f 857//857 800//800 799//799
f 857//857 799//799 858//858
f 858//858 799//799 798//798
f 858//858 798//798 859//859
f 859//859 798//798 797//797
f 859//859 797//797 860//860
f 801//801 861//861 797//797
f 797//797 861//861 860//860
f 861//861 801//801 805//805
f 861//861 805//805 862//862
f 862//862 805//805 804//804
f 862//862 804//804 863//863
f 863//863 804//804 803//803
f 863//863 803//803 864//864
f 864//864 803//803 802//802
f 864//864 802//802 865//865
f 865//865 802//802 866//866
f 866//866 802//802 809//809
f 866//866 809//809 835//835
f 835//835 809//809 867//867
f 835//835 867//867 834//834
f 834//834 867//867 822//822
f 834//834 822//822 831//831
f 831//831 822//822 824//824
f 806//806 725//725 810//810
f 810//810 868//868 806//806
f 806//806 868//868 869//869
f 806//806 869//869 807//807
f 867//867 809//809 870//870
f 870//870 809//809 808//808
f 870//870 808//808 871//871
f 871//871 808//808 807//807
f 871//871 807//807 872//872
f 872//872 807//807 869//869
f 873//873 810//810 874//874
f 874//874 810//810 811//811
f 874//874 811//811 812//812
f 874//874 812//812 875//875
f 875//875 812//812 813//813
f 875//875 813//813 876//876
f 876//876 813//813 814//814
f 876//876 814//814 877//877
f 877//877 814//814 815//815
f 877//877 815//815 878//878
f 878//878 815//815 879//879
f 879//879 815//815 816//816
f 879//879 816//816 820//820
f 879//879 820//820 880//880
f 880//880 820//820 819//819
f 880//880 819//819 881//881
f 881//881 819//819 818//818
f 881//881 818//818 882//882
f 882//882 818//818 817//817
f 882//882 817//817 883//883
f 883//883 817//817 884//884
f 884//884 817//817 821//821
f 884//884 821//821 827//827
f 884//884 827//827 885//885
f 885//885 827//827 826//826
f 885//885 826//826 886//886
f 886//886 826//826 825//825
f 886//886 825//825 887//887
f 887//887 825//825 822//822
f 887//887 822//822 888//888
f 829//829 889//889 830//830
f 830//830 889//889 890//890
f 830//830 890//890 832//832
f 866//866 835//835 890//890
f 890//890 835//835 833//833
f 890//890 833//833 832//832
f 792//792 852//852 829//829
f 829//829 852//852 889//889
f 891//891 841//841 840//840
f 891//891 840//840 892//892
f 892//892 840//840 839//839
f 892//892 839//839 893//893
f 893//893 839//839 838//838
f 893//893 838//838 894//894
f 894//894 838//838 837//837
f 894//894 837//837 895//895
f 895//895 837//837 836//836
f 895//895 836//836 896//896
f 896//896 836//836 795//795
f 896//896 795//795 856//856
f 843//843 842//842 897//897
f 897//897 842//842 898//898
f 850//850 746//746 848//848
f 850//850 848//848 899//899
f 899//899 848//848 846//846
f 899//899 846//846 900//900
f 900//900 846//846 844//844
f 900//900 844//844 901//901
f 901//901 844//844 843//843
f 901//901 843//843 902//902
f 903//903 842//842 845//845
f 903//903 845//845 904//904
f 904//904 845//845 847//847
f 904//904 847//847 905//905
f 905//905 847//847 849//849
f 905//905 849//849 906//906
f 906//906 849//849 745//745
f 906//906 745//745 851//851
f 907//907 908//908 909//909
f 909//909 908//908 910//910
f 911//911 912//912 913//913
f 913//913 914//914 911//911
f 911//911 914//914 915//915
f 911//911 915//915 916//916
f 915//915 917//917 916//916
f 916//916 917//917 918//918
f 916//916 918//918 919//919
f 918//918 920//920 919//919
f 919//919 920//920 921//921
f 919//919 921//921 922//922
f 922//922 921//921 923//923
f 922//922 923//923 924//924
f 923//923 925//925 924//924
f 924//924 925//925 926//926
f 924//924 926//926 927//927
f 926//926 928//928 927//927
f 927//927 928//928 929//929
f 927//927 929//929 907//907
f 907//907 929//929 930//930
f 907//907 930//930 908//908
f 922//922 931//931 932//932
f 933//933 934//934 935//935
f 933//933 935//935 936//936
f 936//936 935//935 937//937
f 936//936 937//937 938//938
f 903//903 939//939 940//940
f 922//922 924//924 931//931
f 931//931 924//924 841//841
f 931//931 841//841 891//891
f 941//941 851//851 905//905
f 905//905 851//851 942//942
f 905//905 942//942 904//904
f 904//904 942//942 943//943
f 904//904 943//943 903//903
f 903//903 943//943 944//944
f 903//903 940//940 945//945
f 911//911 916//916 938//938
f 938//938 916//916 919//919
f 938//938 919//919 946//946
f 946//946 919//919 922//922
f 946//946 922//922 947//947
f 947//947 922//922 932//932
f 924//924 927//927 841//841
f 841//841 927//927 907//907
f 841//841 907//907 851//851
f 851//851 907//907 909//909
f 851//851 909//909 942//942
f 940//940 948//948 945//945
f 945//945 948//948 949//949
f 945//945 949//949 950//950
f 950//950 949//949 951//951
f 933//933 952//952 934//934
f 934//934 952//952 953//953
f 934//934 953//953 954//954
f 954//954 953//953 955//955
f 954//954 955//955 956//956
f 956//956 955//955 957//957
f 956//956 957//957 958//958
f 958//958 957//957 959//959
f 958//958 959//959 951//951
f 951//951 959//959 960//960
f 951//951 960//960 950//950
f 944//944 961//961 903//903
f 903//903 961//961 962//962
f 903//903 962//962 939//939
f 939//939 962//962 963//963
f 939//939 963//963 964//964
f 964//964 963//963 965//965
f 964//964 965//965 966//966
f 966//966 965//965 912//912
f 966//966 912//912 967//967
f 967//967 912//912 911//911
f 967//967 911//911 968//968
f 968//968 911//911 938//938
f 968//968 938//938 969//969
f 969//969 938//938 937//937
f 854//854 970//970 853//853
f 853//853 970//970 971//971
f 853//853 971//971 852//852
f 852//852 971//971 972//972
f 855//855 973//973 856//856
f 856//856 973//973 974//974
f 973//973 855//855 857//857
f 973//973 857//857 975//975
f 975//975 857//857 858//858
f 975//975 858//858 976//976
f 976//976 858//858 859//859
f 976//976 859//859 977//977
f 977//977 859//859 860//860
f 977//977 860//860 978//978
f 861//861 979//979 860//860
f 860//860 979//979 978//978
f 980//980 979//979 861//861
f 861//861 862//862 980//980
f 980//980 862//862 863//863
f 980//980 863//863 981//981
f 981//981 863//863 864//864
f 981//981 864//864 982//982
f 982//982 864//864 865//865
f 982//982 865//865 983//983
f 867//867 984//984 822//822
f 822//822 984//984 888//888
f 866//866 985//985 865//865
f 865//865 985//985 983//983
f 984//984 867//867 870//870
f 984//984 870//870 986//986
f 986//986 870//870 871//871
f 986//986 871//871 987//987
f 871//871 872//872 987//987
f 987//987 872//872 869//869
f 987//987 869//869 988//988
f 869//869 868//868 988//988
f 988//988 868//868 810//810
f 988//988 810//810 873//873
f 888//888 984//984 873//873
f 878//878 879//879 883//883
f 886//886 887//887 888//888
f 876//876 877//877 878//878
f 884//884 885//885 886//886
f 988//988 873//873 987//987
f 987//987 873//873 984//984
f 987//987 984//984 986//986
f 879//879 880//880 883//883
f 883//883 880//880 881//881
f 883//883 881//881 882//882
f 886//886 888//888 884//884
f 884//884 888//888 873//873
f 884//884 873//873 883//883
f 883//883 873//873 874//874
f 883//883 874//874 878//878
f 878//878 874//874 875//875
f 878//878 875//875 876//876
f 889//889 989//989 890//890
f 890//890 989//989 990//990
f 890//890 990//990 866//866
f 866//866 990//990 985//985
f 852//852 972//972 889//889
f 889//889 972//972 989//989
f 991//991 891//891 892//892
f 991//991 892//892 992//992
f 992//992 892//892 893//893
f 992//992 893//893 993//993
f 993//993 893//893 894//894
f 993//993 894//894 994//994
f 994//994 894//894 895//895
f 994//994 895//895 995//995
f 995//995 895//895 896//896
f 995//995 896//896 996//996
f 996//996 896//896 856//856
f 996//996 856//856 974//974
f 997//997 998//998 999//999
f 997//997 999//999 1000//1000
f 1000//1000 999//999 1001//1001
f 1000//1000 1001//1001 1002//1002
f 1002//1002 1001//1001 1003//1003
f 1002//1002 1003//1003 1004//1004
f 1004//1004 1003//1003 897//897
f 1004//1004 897//897 898//898
f 957//957 997//997 1000//1000
f 957//957 1000//1000 959//959
f 959//959 1000//1000 1002//1002
f 959//959 1002//1002 960//960
f 960//960 1002//1002 1004//1004
f 960//960 1004//1004 950//950
f 950//950 1004//1004 898//898
f 950//950 898//898 945//945
f 945//945 898//898 903//903
f 903//903 898//898 842//842
f 913//913 1005//1005 1006//1006
f 1006//1006 1005//1005 1007//1007
f 1005//1005 1008//1008 1007//1007
f 1007//1007 1008//1008 1009//1009
f 1007//1007 1009//1009 1010//1010
f 1009//1009 1011//1011 1010//1010
f 1010//1010 1011//1011 1012//1012
f 1010//1010 1012//1012 1013//1013
f 1012//1012 1014//1014 1013//1013
f 1013//1013 1014//1014 1015//1015
f 1013//1013 1015//1015 1016//1016
f 1015//1015 1017//1017 1016//1016
f 1016//1016 1017//1017 1018//1018
f 1016//1016 1018//1018 1019//1019
f 1018//1018 1020//1020 1019//1019
f 1019//1019 1020//1020 1021//1021
f 1019//1019 1021//1021 1022//1022
f 910//910 1023//1023 1024//1024
f 1024//1024 1023//1023 1022//1022
f 1024//1024 1022//1022 1025//1025
f 1025//1025 1022//1022 1021//1021
f 910//910 908//908 1023//1023
f 1023//1023 908//908 1026//1026
f 908//908 930//930 1026//1026
f 1026//1026 930//930 929//929
f 1026//1026 929//929 1027//1027
f 929//929 928//928 1027//1027
f 1027//1027 928//928 926//926
f 1027//1027 926//926 1028//1028
f 926//926 925//925 1028//1028
f 1028//1028 925//925 923//923
f 1028//1028 923//923 1029//1029
f 923//923 921//921 1029//1029
f 1029//1029 921//921 920//920
f 1029//1029 920//920 1030//1030
f 920//920 918//918 1030//1030
f 1030//1030 918//918 917//917
f 1030//1030 917//917 1031//1031
f 913//913 1006//1006 914//914
f 914//914 1006//1006 1031//1031
f 914//914 1031//1031 915//915
f 915//915 1031//1031 917//917
f 942//942 909//909 910//910
f 910//910 1024//1024 942//942
f 942//942 1024//1024 1025//1025
f 942//942 1025//1025 943//943
f 1025//1025 1021//1021 943//943
f 943//943 1021//1021 1020//1020
f 943//943 1020//1020 944//944
f 1020//1020 1018//1018 944//944
f 944//944 1018//1018 1017//1017
f 944//944 1017//1017 961//961
f 961//961 1017//1017 1015//1015
f 961//961 1015//1015 962//962
f 1015//1015 1014//1014 962//962
f 962//962 1014//1014 1012//1012
f 962//962 1012//1012 963//963
f 1012//1012 1011//1011 963//963
f 963//963 1011//1011 1009//1009
f 963//963 1009//1009 965//965
f 913//913 912//912 1005//1005
f 1005//1005 912//912 965//965
f 1005//1005 965//965 1008//1008
f 1008//1008 965//965 1009//1009
f 1032//1032 1033//1033 854//854
f 854//854 1033//1033 970//970
f 1033//1033 1032//1032 1034//1034
f 1034//1034 1032//1032 1035//1035
f 1034//1034 1035//1035 1036//1036
f 1036//1036 1035//1035 1037//1037
f 1036//1036 1037//1037 1038//1038
f 1038//1038 1037//1037 1039//1039
f 1038//1038 1039//1039 1040//1040
f 1040//1040 1039//1039 1041//1041
f 1042//1042 1043//1043 1041//1041
f 1041//1041 1043//1043 1040//1040
f 1044//1044 1045//1045 1046//1046
f 1044//1044 1046//1046 1047//1047
f 1047//1047 1046//1046 1048//1048
f 1047//1047 1048//1048 1049//1049
f 1049//1049 1048//1048 1050//1050
f 1049//1049 1050//1050 1051//1051
f 1051//1051 1050//1050 1043//1043
f 1051//1051 1043//1043 1042//1042
f 1052//1052 1053//1053 1054//1054
f 1054//1054 1053//1053 1055//1055
f 1053//1053 1056//1056 1055//1055
f 1055//1055 1056//1056 1057//1057
f 1055//1055 1057//1057 1058//1058
f 1057//1057 1059//1059 1058//1058
f 1058//1058 1059//1059 1060//1060
f 1058//1058 1060//1060 1061//1061
f 1060//1060 1062//1062 1061//1061
f 1061//1061 1062//1062 1063//1063
f 1061//1061 1063//1063 1064//1064
f 1063//1063 1065//1065 1064//1064
f 1064//1064 1065//1065 1066//1066
f 1064//1064 1066//1066 1067//1067
f 1066//1066 1068//1068 1067//1067
f 1067//1067 1068//1068 1069//1069
f 1067//1067 1069//1069 1070//1070
f 1071//1071 1072//1072 1073//1073
f 1073//1073 1072//1072 1070//1070
f 1073//1073 1070//1070 1074//1074
f 1074//1074 1070//1070 1069//1069
f 967//967 1053//1053 966//966
f 966//966 1053//1053 1052//1052
f 954//954 956//956 1071//1071
f 1071//1071 1073//1073 954//954
f 954//954 1073//1073 1074//1074
f 954//954 1074//1074 934//934
f 1074//1074 1069//1069 934//934
f 934//934 1069//1069 1068//1068
f 934//934 1068//1068 935//935
f 1068//1068 1066//1066 935//935
f 935//935 1066//1066 1065//1065
f 935//935 1065//1065 937//937
f 937//937 1065//1065 1063//1063
f 937//937 1063//1063 969//969
f 1063//1063 1062//1062 969//969
f 969//969 1062//1062 1060//1060
f 969//969 1060//1060 968//968
f 1060//1060 1059//1059 968//968
f 968//968 1059//1059 1057//1057
f 968//968 1057//1057 967//967
f 967//967 1057//1057 1056//1056
f 967//967 1056//1056 1053//1053
f 964//964 966//966 1052//1052
f 1052//1052 1075//1075 964//964
f 964//964 1075//1075 1076//1076
f 964//964 1076//1076 939//939
f 1076//1076 1077//1077 939//939
f 939//939 1077//1077 1078//1078
f 939//939 1078//1078 940//940
f 1078//1078 1079//1079 940//940
f 940//940 1079//1079 1080//1080
f 940//940 1080//1080 948//948
f 948//948 1080//1080 1081//1081
f 948//948 1081//1081 949//949
f 1081//1081 1082//1082 949//949
f 949//949 1082//1082 1083//1083
f 949//949 1083//1083 951//951
f 1083//1083 1084//1084 951//951
f 951//951 1084//1084 1085//1085
f 951//951 1085//1085 958//958
f 1071//1071 956//956 1086//1086
f 1086//1086 956//956 958//958
f 1086//1086 958//958 1087//1087
f 1087//1087 958//958 1085//1085
f 1071//1071 1086//1086 1072//1072
f 1072//1072 1086//1086 1088//1088
f 1086//1086 1087//1087 1088//1088
f 1088//1088 1087//1087 1085//1085
f 1088//1088 1085//1085 1089//1089
f 1085//1085 1084//1084 1089//1089
f 1089//1089 1084//1084 1083//1083
f 1089//1089 1083//1083 1090//1090
f 1083//1083 1082//1082 1090//1090
f 1090//1090 1082//1082 1081//1081
f 1090//1090 1081//1081 1091//1091
f 1081//1081 1080//1080 1091//1091
f 1091//1091 1080//1080 1079//1079
f 1091//1091 1079//1079 1092//1092
f 1079//1079 1078//1078 1092//1092
f 1092//1092 1078//1078 1077//1077
f 1092//1092 1077//1077 1093//1093
f 1052//1052 1054//1054 1075//1075
f 1075//1075 1054//1054 1093//1093
f 1075//1075 1093//1093 1076//1076
f 1076//1076 1093//1093 1077//1077
f 1035//1035 1032//1032 1028//1028
f 1027//1027 1028//1028 794//794
f 794//794 1028//1028 1032//1032
f 794//794 1032//1032 854//854
f 1067//1067 1094//1094 1064//1064
f 1064//1064 1094//1094 1042//1042
f 1064//1064 1042//1042 1061//1061
f 1061//1061 1042//1042 1041//1041
f 1061//1061 1041//1041 1058//1058
f 1095//1095 1096//1096 1089//1089
f 1093//1093 1007//1007 1010//1010
f 1096//1096 1097//1097 1089//1089
f 1089//1089 1097//1097 1098//1098
f 1089//1089 1098//1098 1088//1088
f 1088//1088 1098//1098 1099//1099
f 1088//1088 1099//1099 1072//1072
f 1072//1072 1099//1099 1044//1044
f 1072//1072 1044//1044 1070//1070
f 1070//1070 1044//1044 1047//1047
f 1070//1070 1047//1047 1067//1067
f 1067//1067 1047//1047 1100//1100
f 1067//1067 1100//1100 1094//1094
f 1089//1089 1090//1090 1095//1095
f 1095//1095 1090//1090 1091//1091
f 1095//1095 1091//1091 902//902
f 1007//1007 1093//1093 1006//1006
f 1006//1006 1093//1093 1054//1054
f 1006//1006 1054//1054 1031//1031
f 1091//1091 1092//1092 902//902
f 902//902 1092//1092 1093//1093
f 902//902 1093//1093 1013//1013
f 1013//1013 1093//1093 1010//1010
f 1054//1054 1055//1055 1031//1031
f 1031//1031 1055//1055 1058//1058
f 1031//1031 1058//1058 1030//1030
f 1030//1030 1058//1058 1041//1041
f 1030//1030 1041//1041 1029//1029
f 1029//1029 1041//1041 1039//1039
f 1029//1029 1039//1039 1028//1028
f 1028//1028 1039//1039 1037//1037
f 1028//1028 1037//1037 1035//1035
f 899//899 1022//1022 850//850
f 850//850 1022//1022 1023//1023
f 850//850 1023//1023 794//794
f 794//794 1023//1023 1026//1026
f 794//794 1026//1026 1027//1027
f 1013//1013 1016//1016 902//902
f 902//902 1016//1016 1019//1019
f 902//902 1019//1019 901//901
f 901//901 1019//1019 1022//1022
f 901//901 1022//1022 900//900
f 900//900 1022//1022 899//899
f 902//902 843//843 1095//1095
f 1095//1095 843//843 897//897
f 1095//1095 897//897 1003//1003
f 1095//1095 1003//1003 1096//1096
f 1096//1096 1003//1003 1001//1001
f 1096//1096 1001//1001 1097//1097
f 1097//1097 1001//1001 999//999
f 1097//1097 999//999 1098//1098
f 1098//1098 999//999 998//998
f 1098//1098 998//998 1099//1099
f 1099//1099 998//998 1044//1044
f 1044//1044 998//998 1045//1045
f 998//998 997//997 1045//1045
f 1045//1045 997//997 1101//1101
f 955//955 1101//1101 957//957
f 957//957 1101//1101 997//997
f 1101//1101 955//955 953//953
f 1101//1101 953//953 1102//1102
f 1102//1102 953//953 952//952
f 1102//1102 952//952 1103//1103
f 1103//1103 952//952 933//933
f 1103//1103 933//933 1104//1104
f 1104//1104 933//933 936//936
f 1104//1104 936//936 1105//1105
f 938//938 1106//1106 936//936
f 936//936 1106//1106 1105//1105
f 1106//1106 938//938 1107//1107
f 1107//1107 938//938 946//946
f 1107//1107 946//946 1108//1108
f 1108//1108 946//946 947//947
f 1108//1108 947//947 1109//1109
f 1109//1109 947//947 932//932
f 1109//1109 932//932 1110//1110
f 1110//1110 932//932 931//931
f 891//891 991//991 931//931
f 931//931 991//991 1110//1110
f 972//972 971//971 991//991
f 991//991 971//971 1110//1110
f 1110//1110 971//971 970//970
f 1110//1110 970//970 1033//1033
f 983//983 985//985 974//974
f 974//974 985//985 990//990
f 974//974 990//990 996//996
f 996//996 990//990 989//989
f 972//972 991//991 989//989
f 989//989 991//991 992//992
f 989//989 992//992 993//993
f 981//981 982//982 980//980
f 980//980 982//982 983//983
f 980//980 983//983 979//979
f 979//979 983//983 974//974
f 979//979 974//974 978//978
f 993//993 994//994 989//989
f 989//989 994//994 995//995
f 989//989 995//995 996//996
f 976//976 977//977 975//975
f 975//975 977//977 978//978
f 975//975 978//978 973//973
f 973//973 978//978 974//974
f 1110//1110 1033//1033 1109//1109
f 1109//1109 1033//1033 1034//1034
f 1109//1109 1034//1034 1108//1108
f 1108//1108 1034//1034 1036//1036
f 1108//1108 1036//1036 1107//1107
f 1107//1107 1036//1036 1038//1038
f 1107//1107 1038//1038 1106//1106
f 1106//1106 1038//1038 1040//1040
f 1043//1043 1105//1105 1040//1040
f 1040//1040 1105//1105 1106//1106
f 1045//1045 1101//1101 1102//1102
f 1045//1045 1102//1102 1046//1046
f 1046//1046 1102//1102 1103//1103
f 1046//1046 1103//1103 1048//1048
f 1048//1048 1103//1103 1104//1104
f 1048//1048 1104//1104 1050//1050
f 1050//1050 1104//1104 1105//1105
f 1050//1050 1105//1105 1043//1043
f 1111//1111 1112//1112 1113//1113
f 1114//1114 1115//1115 1116//1116
f 1116//1116 1115//1115 1117//1117
f 1116//1116 1117//1117 1118//1118
f 1118//1118 1117//1117 1119//1119
f 1119//1119 1117//1117 1120//1120
f 1119//1119 1120//1120 1121//1121
f 1116//1116 1122//1122 1123//1123
f 1111//1111 1113//1113 1120//1120
f 1120//1120 1113//1113 1124//1124
f 1120//1120 1124//1124 1121//1121
f 1125//1125 1126//1126 1116//1116
f 1116//1116 1126//1126 1127//1127
f 1116//1116 1127//1127 1114//1114
f 1123//1123 1128//1128 1116//1116
f 1116//1116 1128//1128 1129//1129
f 1116//1116 1129//1129 1125//1125
f 1113//1113 1130//1130 1131//1131
f 1113//1113 1131//1131 1124//1124
f 1124//1124 1131//1131 1132//1132
f 1124//1124 1132//1132 1121//1121
f 1121//1121 1132//1132 1133//1133
f 1121//1121 1133//1133 1119//1119
f 1119//1119 1133//1133 1134//1134
f 1119//1119 1134//1134 1118//1118
f 1135//1135 1136//1136 1137//1137
f 1137//1137 1136//1136 1138//1138
f 1137//1137 1138//1138 1139//1139
f 1139//1139 1138//1138 1140//1140
f 1139//1139 1140//1140 1141//1141
f 1137//1137 1142//1142 1135//1135
f 1135//1135 1142//1142 1143//1143
f 1135//1135 1143//1143 1144//1144
f 1144//1144 1143//1143 1145//1145
f 1144//1144 1145//1145 1146//1146
f 1147//1147 1148//1148 1149//1149
f 1150//1150 1151//1151 1152//1152
f 1150//1150 1152//1152 1153//1153
f 1147//1147 1149//1149 1154//1154
f 1154//1154 1149//1149 1155//1155
f 1154//1154 1155//1155 1156//1156
f 1156//1156 1155//1155 1157//1157
f 1156//1156 1157//1157 1158//1158
f 1159//1159 1160//1160 1155//1155
f 1155//1155 1160//1160 1161//1161
f 1155//1155 1161//1161 1157//1157
f 1162//1162 1163//1163 1164//1164
f 1152//1152 1165//1165 1153//1153
f 1153//1153 1165//1165 1166//1166
f 1153//1153 1166//1166 1167//1167
f 1167//1167 1166//1166 1162//1162
f 1167//1167 1162//1162 1168//1168
f 1168//1168 1162//1162 1164//1164
f 1164//1164 1159//1159 1168//1168
f 1168//1168 1159//1159 1155//1155
f 1168//1168 1155//1155 1167//1167
f 1167//1167 1155//1155 1149//1149
f 1167//1167 1149//1149 1153//1153
f 1153//1153 1149//1149 1148//1148
f 1153//1153 1148//1148 1150//1150
f 1150//1150 1148//1148 1147//1147
f 1150//1150 1147//1147 1169//1169
f 1170//1170 1171//1171 1172//1172
f 1173//1173 1174//1174 1175//1175
f 1175//1175 1174//1174 1176//1176
f 1175//1175 1176//1176 1177//1177
f 1178//1178 1170//1170 1173//1173
f 1173//1173 1170//1170 1172//1172
f 1173//1173 1172//1172 1174//1174
f 1179//1179 1169//1169 1180//1180
f 1180//1180 1169//1169 1147//1147
f 1180//1180 1147//1147 1181//1181
f 1181//1181 1147//1147 1154//1154
f 1181//1181 1154//1154 1182//1182
f 1182//1182 1154//1154 1156//1156
f 1182//1182 1156//1156 1158//1158
f 1158//1158 1178//1178 1182//1182
f 1182//1182 1178//1178 1173//1173
f 1182//1182 1173//1173 1181//1181
f 1181//1181 1173//1173 1175//1175
f 1181//1181 1175//1175 1180//1180
f 1180//1180 1175//1175 1177//1177
f 1180//1180 1177//1177 1179//1179
f 1179//1179 1177//1177 1176//1176
f 1179//1179 1176//1176 1183//1183
f 1184//1184 1185//1185 1186//1186
f 1187//1187 1188//1188 1189//1189
f 1187//1187 1189//1189 1190//1190
f 1190//1190 1189//1189 1191//1191
f 1190//1190 1191//1191 1192//1192
f 1192//1192 1191//1191 1193//1193
f 1192//1192 1193//1193 1194//1194
f 1195//1195 1196//1196 1197//1197
f 1197//1197 1196//1196 1198//1198
f 1172//1172 1171//1171 1195//1195
f 1195//1195 1197//1197 1172//1172
f 1172//1172 1197//1197 1199//1199
f 1172//1172 1199//1199 1174//1174
f 1174//1174 1199//1199 1200//1200
f 1174//1174 1200//1200 1176//1176
f 1184//1184 1186//1186 1201//1201
f 1201//1201 1186//1186 1202//1202
f 1201//1201 1202//1202 1203//1203
f 1204//1204 1185//1185 1198//1198
f 1198//1198 1185//1185 1184//1184
f 1198//1198 1184//1184 1197//1197
f 1197//1197 1184//1184 1201//1201
f 1197//1197 1201//1201 1199//1199
f 1199//1199 1201//1201 1203//1203
f 1199//1199 1203//1203 1200//1200
f 1205//1205 1194//1194 1204//1204
f 1204//1204 1194//1194 1193//1193
f 1204//1204 1193//1193 1185//1185
f 1185//1185 1193//1193 1191//1191
f 1185//1185 1191//1191 1186//1186
f 1186//1186 1191//1191 1189//1189
f 1186//1186 1189//1189 1202//1202
f 1202//1202 1189//1189 1188//1188
f 1202//1202 1188//1188 1203//1203
f 1203//1203 1188//1188 1206//1206
f 1203//1203 1206//1206 1200//1200
f 1200//1200 1206//1206 1207//1207
f 1200//1200 1207//1207 1176//1176
f 1176//1176 1207//1207 1208//1208
f 1176//1176 1208//1208 1183//1183
f 1209//1209 1205//1205 1210//1210
f 1139//1139 1211//1211 1212//1212
f 1212//1212 1211//1211 1213//1213
f 1212//1212 1213//1213 1214//1214
f 1214//1214 1213//1213 1215//1215
f 1210//1210 1216//1216 1209//1209
f 1209//1209 1216//1216 1217//1217
f 1209//1209 1217//1217 1215//1215
f 1215//1215 1217//1217 1218//1218
f 1215//1215 1218//1218 1214//1214
f 1205//1205 1209//1209 1194//1194
f 1194//1194 1209//1209 1215//1215
f 1194//1194 1215//1215 1192//1192
f 1192//1192 1215//1215 1213//1213
f 1192//1192 1213//1213 1190//1190
f 1190//1190 1213//1213 1211//1211
f 1190//1190 1211//1211 1187//1187
f 1219//1219 1220//1220 1221//1221
f 1221//1221 1220//1220 1222//1222
f 1223//1223 1221//1221 1222//1222
f 1222//1222 1224//1224 1223//1223
f 1223//1223 1224//1224 1225//1225
f 1223//1223 1225//1225 1226//1226
f 1226//1226 1225//1225 1227//1227
f 1227//1227 1225//1225 1228//1228
f 1227//1227 1228//1228 1229//1229
f 1229//1229 1228//1228 1230//1230
f 1229//1229 1230//1230 1231//1231
f 1230//1230 1232//1232 1231//1231
f 1231//1231 1232//1232 1233//1233
f 1231//1231 1233//1233 1234//1234
f 1234//1234 1233//1233 1235//1235
f 1235//1235 1233//1233 1236//1236
f 1235//1235 1236//1236 1237//1237
f 1237//1237 1236//1236 1238//1238
f 1237//1237 1238//1238 1239//1239
f 1239//1239 1238//1238 1240//1240
f 1239//1239 1240//1240 1241//1241
f 1241//1241 1240//1240 1242//1242
f 1241//1241 1242//1242 1243//1243
f 1241//1241 1243//1243 1244//1244
f 1244//1244 1243//1243 1245//1245
f 1246//1246 1247//1247 1248//1248
f 1246//1246 1248//1248 1249//1249
f 1249//1249 1248//1248 1250//1250
f 1249//1249 1250//1250 1251//1251
f 1251//1251 1250//1250 1252//1252
f 1251//1251 1252//1252 1253//1253
f 1253//1253 1252//1252 1244//1244
f 1253//1253 1244//1244 1245//1245
f 1247//1247 1246//1246 1254//1254
f 1254//1254 1246//1246 1255//1255
f 1219//1219 1256//1256 1220//1220
f 1220//1220 1256//1256 1257//1257
f 1256//1256 1258//1258 1257//1257
f 1257//1257 1258//1258 1259//1259
f 1257//1257 1259//1259 1260//1260
f 1260//1260 1259//1259 1261//1261
f 1260//1260 1261//1261 1262//1262
f 1262//1262 1261//1261 1263//1263
f 1262//1262 1263//1263 1264//1264
f 1265//1265 1266//1266 1264//1264
f 1264//1264 1266//1266 1267//1267
f 1264//1264 1267//1267 1262//1262
f 1264//1264 1268//1268 1265//1265
f 1265//1265 1268//1268 1254//1254
f 1265//1265 1254//1254 1255//1255
f 1269//1269 1270//1270 1271//1271
f 1272//1272 1273//1273 1274//1274
f 1275//1275 1276//1276 1277//1277
f 1278//1278 1279//1279 1280//1280
f 1280//1280 1279//1279 1281//1281
f 1280//1280 1281//1281 1274//1274
f 1274//1274 1281//1281 1282//1282
f 1274//1274 1282//1282 1272//1272
f 1278//1278 1280//1280 1283//1283
f 1283//1283 1280//1280 1284//1284
f 1283//1283 1284//1284 1285//1285
f 1286//1286 1287//1287 1288//1288
f 1289//1289 1290//1290 1287//1287
f 1291//1291 1292//1292 1290//1290
f 1293//1293 1294//1294 1295//1295
f 1295//1295 1294//1294 1296//1296
f 1297//1297 1298//1298 1299//1299
f 1299//1299 1298//1298 1293//1293
f 1299//1299 1293//1293 1300//1300
f 1277//1277 1301//1301 1275//1275
f 1275//1275 1301//1301 1302//1302
f 1275//1275 1302//1302 1303//1303
f 1304//1304 1305//1305 1306//1306
f 1306//1306 1305//1305 1307//1307
f 1290//1290 1289//1289 1291//1291
f 1291//1291 1289//1289 1308//1308
f 1291//1291 1308//1308 1309//1309
f 1309//1309 1308//1308 1310//1310
f 1309//1309 1310//1310 1311//1311
f 1312//1312 1285//1285 1288//1288
f 1288//1288 1285//1285 1284//1284
f 1288//1288 1284//1284 1286//1286
f 1286//1286 1284//1284 1280//1280
f 1286//1286 1280//1280 1313//1313
f 1313//1313 1280//1280 1274//1274
f 1313//1313 1274//1274 1314//1314
f 1314//1314 1274//1274 1273//1273
f 1314//1314 1273//1273 1306//1306
f 1306//1306 1273//1273 1315//1315
f 1306//1306 1315//1315 1304//1304
f 1304//1304 1315//1315 1276//1276
f 1293//1293 1295//1295 1300//1300
f 1300//1300 1295//1295 1316//1316
f 1300//1300 1316//1316 1317//1317
f 1317//1317 1316//1316 1318//1318
f 1317//1317 1318//1318 1319//1319
f 1292//1292 1291//1291 1320//1320
f 1320//1320 1291//1291 1309//1309
f 1320//1320 1309//1309 1321//1321
f 1321//1321 1309//1309 1311//1311
f 1321//1321 1311//1311 1322//1322
f 1323//1323 1324//1324 1325//1325
f 1325//1325 1324//1324 1303//1303
f 1325//1325 1303//1303 1326//1326
f 1326//1326 1303//1303 1302//1302
f 1319//1319 1318//1318 1327//1327
f 1327//1327 1318//1318 1324//1324
f 1327//1327 1324//1324 1271//1271
f 1271//1271 1324//1324 1323//1323
f 1271//1271 1323//1323 1269//1269
f 1287//1287 1286//1286 1289//1289
f 1289//1289 1286//1286 1313//1313
f 1289//1289 1313//1313 1308//1308
f 1308//1308 1313//1313 1314//1314
f 1308//1308 1314//1314 1310//1310
f 1310//1310 1314//1314 1306//1306
f 1310//1310 1306//1306 1311//1311
f 1311//1311 1306//1306 1307//1307
f 1311//1311 1307//1307 1322//1322
f 1276//1276 1275//1275 1304//1304
f 1304//1304 1275//1275 1303//1303
f 1304//1304 1303//1303 1305//1305
f 1305//1305 1303//1303 1324//1324
f 1305//1305 1324//1324 1307//1307
f 1307//1307 1324//1324 1318//1318
f 1307//1307 1318//1318 1322//1322
f 1322//1322 1318//1318 1316//1316
f 1322//1322 1316//1316 1321//1321
f 1321//1321 1316//1316 1295//1295
f 1321//1321 1295//1295 1320//1320
f 1320//1320 1295//1295 1296//1296
f 1320//1320 1296//1296 1292//1292
f 1328//1328 1329//1329 1330//1330
f 1331//1331 1332//1332 1333//1333
f 1334//1334 1335//1335 1332//1332
f 1336//1336 1270//1270 1269//1269
f 1336//1336 1269//1269 1337//1337
f 1332//1332 1331//1331 1334//1334
f 1334//1334 1331//1331 1301//1301
f 1334//1334 1301//1301 1277//1277
f 1269//1269 1323//1323 1337//1337
f 1337//1337 1323//1323 1325//1325
f 1337//1337 1325//1325 1333//1333
f 1333//1333 1325//1325 1326//1326
f 1333//1333 1326//1326 1331//1331
f 1331//1331 1326//1326 1302//1302
f 1331//1331 1302//1302 1301//1301
f 1335//1335 1328//1328 1332//1332
f 1332//1332 1328//1328 1330//1330
f 1332//1332 1330//1330 1333//1333
f 1333//1333 1330//1330 1338//1338
f 1333//1333 1338//1338 1337//1337
f 1337//1337 1338//1338 1339//1339
f 1337//1337 1339//1339 1336//1336
f 1336//1336 1339//1339 1340//1340
f 1341//1341 1342//1342 1343//1343
f 1344//1344 1345//1345 1343//1343
f 1343//1343 1345//1345 1346//1346
f 1343//1343 1346//1346 1341//1341
f 1298//1298 1297//1297 1347//1347
f 1348//1348 1312//1312 1288//1288
f 1349//1349 1350//1350 1351//1351
f 1352//1352 1353//1353 1354//1354
f 1355//1355 1356//1356 1357//1357
f 1357//1357 1356//1356 1358//1358
f 1359//1359 1360//1360 1361//1361
f 1361//1361 1360//1360 1362//1362
f 1361//1361 1362//1362 1363//1363
f 1342//1342 1359//1359 1364//1364
f 1364//1364 1359//1359 1361//1361
f 1364//1364 1361//1361 1365//1365
f 1366//1366 1367//1367 1368//1368
f 1369//1369 1347//1347 1367//1367
f 1287//1287 1290//1290 1370//1370
f 1370//1370 1290//1290 1371//1371
f 1370//1370 1371//1371 1372//1372
f 1373//1373 1358//1358 1374//1374
f 1374//1374 1358//1358 1356//1356
f 1374//1374 1356//1356 1375//1375
f 1375//1375 1356//1356 1355//1355
f 1375//1375 1355//1355 1376//1376
f 1376//1376 1355//1355 1377//1377
f 1376//1376 1377//1377 1378//1378
f 1378//1378 1377//1377 1351//1351
f 1379//1379 1380//1380 1354//1354
f 1354//1354 1380//1380 1381//1381
f 1354//1354 1381//1381 1352//1352
f 1352//1352 1381//1381 1382//1382
f 1380//1380 1383//1383 1381//1381
f 1381//1381 1383//1383 1384//1384
f 1381//1381 1384//1384 1382//1382
f 1382//1382 1384//1384 1385//1385
f 1382//1382 1385//1385 1386//1386
f 1387//1387 1388//1388 1389//1389
f 1389//1389 1388//1388 1390//1390
f 1389//1389 1390//1390 1391//1391
f 1391//1391 1390//1390 1392//1392
f 1391//1391 1392//1392 1372//1372
f 1387//1387 1365//1365 1388//1388
f 1388//1388 1365//1365 1361//1361
f 1388//1388 1361//1361 1390//1390
f 1390//1390 1361//1361 1363//1363
f 1390//1390 1363//1363 1392//1392
f 1362//1362 1373//1373 1363//1363
f 1363//1363 1373//1373 1374//1374
f 1363//1363 1374//1374 1392//1392
f 1392//1392 1374//1374 1375//1375
f 1392//1392 1375//1375 1372//1372
f 1372//1372 1375//1375 1376//1376
f 1372//1372 1376//1376 1370//1370
f 1370//1370 1376//1376 1378//1378
f 1370//1370 1378//1378 1287//1287
f 1287//1287 1378//1378 1351//1351
f 1287//1287 1351//1351 1288//1288
f 1288//1288 1351//1351 1350//1350
f 1288//1288 1350//1350 1348//1348
f 1367//1367 1366//1366 1369//1369
f 1369//1369 1366//1366 1393//1393
f 1369//1369 1393//1393 1394//1394
f 1394//1394 1393//1393 1395//1395
f 1394//1394 1395//1395 1396//1396
f 1298//1298 1347//1347 1293//1293
f 1293//1293 1347//1347 1369//1369
f 1293//1293 1369//1369 1294//1294
f 1294//1294 1369//1369 1394//1394
f 1294//1294 1394//1394 1296//1296
f 1296//1296 1394//1394 1396//1396
f 1296//1296 1396//1396 1292//1292
f 1397//1397 1398//1398 1351//1351
f 1351//1351 1398//1398 1399//1399
f 1351//1351 1399//1399 1349//1349
f 1357//1357 1353//1353 1355//1355
f 1355//1355 1353//1353 1352//1352
f 1355//1355 1352//1352 1377//1377
f 1377//1377 1352//1352 1382//1382
f 1377//1377 1382//1382 1351//1351
f 1351//1351 1382//1382 1386//1386
f 1351//1351 1386//1386 1397//1397
f 1290//1290 1292//1292 1371//1371
f 1371//1371 1292//1292 1396//1396
f 1371//1371 1396//1396 1372//1372
f 1372//1372 1396//1396 1395//1395
f 1372//1372 1395//1395 1391//1391
f 1391//1391 1395//1395 1393//1393
f 1391//1391 1393//1393 1389//1389
f 1389//1389 1393//1393 1366//1366
f 1389//1389 1366//1366 1387//1387
f 1387//1387 1366//1366 1368//1368
f 1387//1387 1368//1368 1365//1365
f 1178//1178 1158//1158 1400//1400
f 1401//1401 1402//1402 1403//1403
f 1403//1403 1402//1402 1404//1404
f 1403//1403 1404//1404 1405//1405
f 1405//1405 1404//1404 1406//1406
f 1405//1405 1406//1406 1407//1407
f 1407//1407 1406//1406 1408//1408
f 1407//1407 1408//1408 1409//1409
f 1409//1409 1408//1408 1410//1410
f 1409//1409 1410//1410 1411//1411
f 1411//1411 1410//1410 1412//1412
f 1411//1411 1412//1412 1413//1413
f 1413//1413 1412//1412 1414//1414
f 1412//1412 1415//1415 1414//1414
f 1414//1414 1415//1415 1416//1416
f 1414//1414 1416//1416 1417//1417
f 1417//1417 1416//1416 1418//1418
f 1417//1417 1418//1418 1419//1419
f 1419//1419 1420//1420 1417//1417
f 1417//1417 1420//1420 1421//1421
f 1417//1417 1421//1421 1422//1422
f 1422//1422 1423//1423 1424//1424
f 1424//1424 1423//1423 1425//1425
f 1422//1422 1424//1424 1417//1417
f 1417//1417 1424//1424 1171//1171
f 1417//1417 1171//1171 1400//1400
f 1400//1400 1171//1171 1170//1170
f 1400//1400 1170//1170 1178//1178
f 1426//1426 1427//1427 1428//1428
f 1428//1428 1427//1427 1429//1429
f 1429//1429 1430//1430 1428//1428
f 1428//1428 1430//1430 1431//1431
f 1428//1428 1431//1431 1432//1432
f 1433//1433 1434//1434 1431//1431
f 1434//1434 1435//1435 1431//1431
f 1431//1431 1435//1435 1436//1436
f 1431//1431 1436//1436 1432//1432
f 1432//1432 1436//1436 1437//1437
f 1432//1432 1437//1437 1438//1438
f 1438//1438 1439//1439 1432//1432
f 1432//1432 1439//1439 1440//1440
f 1432//1432 1440//1440 1401//1401
f 1401//1401 1440//1440 1441//1441
f 1401//1401 1441//1441 1402//1402
f 1442//1442 1443//1443 1431//1431
f 1431//1431 1443//1443 1444//1444
f 1431//1431 1444//1444 1433//1433
f 1425//1425 1445//1445 1424//1424
f 1424//1424 1445//1445 1446//1446
f 1424//1424 1446//1446 1447//1447
f 1447//1447 1448//1448 1424//1424
f 1424//1424 1448//1448 1449//1449
f 1424//1424 1449//1449 1450//1450
f 1450//1450 1449//1449 1451//1451
f 1450//1450 1451//1451 1431//1431
f 1431//1431 1451//1451 1452//1452
f 1431//1431 1452//1452 1442//1442
f 1453//1453 1340//1340 1339//1339
f 1454//1454 1455//1455 1456//1456
f 1457//1457 1458//1458 1459//1459
f 1454//1454 1456//1456 1460//1460
f 1453//1453 1339//1339 1461//1461
f 1462//1462 1463//1463 1464//1464
f 1464//1464 1463//1463 1465//1465
f 1464//1464 1465//1465 1466//1466
f 1466//1466 1465//1465 1467//1467
f 1466//1466 1467//1467 1413//1413
f 1464//1464 1468//1468 1462//1462
f 1462//1462 1468//1468 1469//1469
f 1462//1462 1469//1469 1459//1459
f 1459//1459 1469//1469 1470//1470
f 1459//1459 1470//1470 1457//1457
f 1471//1471 1461//1461 1472//1472
f 1472//1472 1461//1461 1339//1339
f 1472//1472 1339//1339 1473//1473
f 1473//1473 1339//1339 1338//1338
f 1473//1473 1338//1338 1474//1474
f 1474//1474 1338//1338 1330//1330
f 1474//1474 1330//1330 1475//1475
f 1475//1475 1330//1330 1329//1329
f 1475//1475 1460//1460 1474//1474
f 1474//1474 1460//1460 1456//1456
f 1474//1474 1456//1456 1473//1473
f 1473//1473 1456//1456 1476//1476
f 1473//1473 1476//1476 1472//1472
f 1472//1472 1476//1476 1477//1477
f 1472//1472 1477//1477 1471//1471
f 1471//1471 1477//1477 1478//1478
f 1455//1455 1470//1470 1456//1456
f 1456//1456 1470//1470 1469//1469
f 1456//1456 1469//1469 1476//1476
f 1476//1476 1469//1469 1468//1468
f 1476//1476 1468//1468 1477//1477
f 1477//1477 1468//1468 1464//1464
f 1477//1477 1464//1464 1478//1478
f 1478//1478 1464//1464 1466//1466
f 1479//1479 1480//1480 1481//1481
f 1482//1482 1483//1483 1484//1484
f 1122//1122 1485//1485 1486//1486
f 1487//1487 1485//1485 1122//1122
f 1484//1484 1483//1483 1122//1122
f 1488//1488 1486//1486 1489//1489
f 1489//1489 1486//1486 1485//1485
f 1489//1489 1485//1485 1490//1490
f 1490//1490 1485//1485 1487//1487
f 1480//1480 1482//1482 1488//1488
f 1488//1488 1482//1482 1484//1484
f 1488//1488 1484//1484 1486//1486
f 1486//1486 1484//1484 1122//1122
f 1487//1487 1491//1491 1490//1490
f 1490//1490 1491//1491 1492//1492
f 1490//1490 1492//1492 1493//1493
f 1480//1480 1488//1488 1481//1481
f 1481//1481 1488//1488 1489//1489
f 1481//1481 1489//1489 1494//1494
f 1494//1494 1489//1489 1490//1490
f 1494//1494 1490//1490 1495//1495
f 1495//1495 1490//1490 1493//1493
f 1495//1495 1493//1493 1496//1496
f 1479//1479 1481//1481 1497//1497
f 1497//1497 1481//1481 1494//1494
f 1497//1497 1494//1494 1498//1498
f 1498//1498 1494//1494 1495//1495
f 1498//1498 1495//1495 1499//1499
f 1499//1499 1495//1495 1496//1496
f 1499//1499 1496//1496 1500//1500
f 1501//1501 1479//1479 1497//1497
f 1501//1501 1497//1497 1502//1502
f 1502//1502 1497//1497 1498//1498
f 1502//1502 1498//1498 1503//1503
f 1503//1503 1498//1498 1499//1499
f 1503//1503 1499//1499 1504//1504
f 1504//1504 1499//1499 1500//1500
f 1504//1504 1500//1500 1505//1505
f 1506//1506 1507//1507 1508//1508
f 1508//1508 1507//1507 1509//1509
f 1508//1508 1509//1509 1510//1510
f 1510//1510 1509//1509 1344//1344
f 1510//1510 1344//1344 1343//1343
f 1506//1506 1508//1508 1511//1511
f 1511//1511 1508//1508 1512//1512
f 1511//1511 1512//1512 1513//1513
f 1513//1513 1512//1512 1514//1514
f 1514//1514 1512//1512 1515//1515
f 1514//1514 1515//1515 1516//1516
f 1516//1516 1517//1517 1518//1518
f 1518//1518 1517//1517 1519//1519
f 1518//1518 1519//1519 1520//1520
f 1520//1520 1519//1519 1521//1521
f 1520//1520 1521//1521 1522//1522
f 1522//1522 1521//1521 1523//1523
f 1522//1522 1523//1523 1524//1524
f 1524//1524 1523//1523 1525//1525
f 1525//1525 1523//1523 1526//1526
f 1525//1525 1526//1526 1527//1527
f 1517//1517 1528//1528 1529//1529
f 1517//1517 1529//1529 1530//1530
f 1529//1529 1531//1531 1530//1530
f 1530//1530 1531//1531 1532//1532
f 1530//1530 1532//1532 1533//1533
f 1533//1533 1532//1532 1534//1534
f 1533//1533 1534//1534 1535//1535
f 1535//1535 1534//1534 1505//1505
f 1535//1535 1505//1505 1536//1536
f 1537//1537 1116//1116 1118//1118
f 1537//1537 1118//1118 1538//1538
f 1134//1134 1539//1539 1118//1118
f 1118//1118 1539//1539 1540//1540
f 1118//1118 1540//1540 1538//1538
f 1541//1541 1542//1542 1543//1543
f 1543//1543 1542//1542 1544//1544
f 1543//1543 1544//1544 1545//1545
f 1545//1545 1544//1544 1546//1546
f 1547//1547 1548//1548 1549//1549
f 1549//1549 1548//1548 1550//1550
f 1549//1549 1550//1550 1546//1546
f 1546//1546 1550//1550 1551//1551
f 1546//1546 1551//1551 1545//1545
f 1547//1547 1549//1549 1552//1552
f 1552//1552 1549//1549 1553//1553
f 1552//1552 1553//1553 1526//1526
f 1554//1554 1555//1555 1556//1556
f 1556//1556 1555//1555 1557//1557
f 1556//1556 1557//1557 1558//1558
f 1558//1558 1557//1557 1559//1559
f 1558//1558 1559//1559 1560//1560
f 1560//1560 1559//1559 1561//1561
f 1560//1560 1561//1561 1562//1562
f 1562//1562 1561//1561 1563//1563
f 1562//1562 1563//1563 1564//1564
f 1564//1564 1563//1563 1565//1565
f 1564//1564 1565//1565 1566//1566
f 1566//1566 1565//1565 1567//1567
f 1566//1566 1567//1567 1568//1568
f 1568//1568 1567//1567 1569//1569
f 1568//1568 1569//1569 1570//1570
f 1570//1570 1569//1569 1571//1571
f 1570//1570 1571//1571 1572//1572
f 1572//1572 1571//1571 1573//1573
f 1572//1572 1573//1573 1574//1574
f 1574//1574 1573//1573 1575//1575
f 1574//1574 1575//1575 1576//1576
f 1576//1576 1575//1575 1577//1577
f 1576//1576 1577//1577 1578//1578
f 1578//1578 1577//1577 1579//1579
f 1578//1578 1579//1579 1554//1554
f 1554//1554 1579//1579 1555//1555
f 1580//1580 1581//1581 1582//1582
f 1582//1582 1581//1581 1583//1583
f 1582//1582 1583//1583 1584//1584
f 1584//1584 1583//1583 1585//1585
f 1584//1584 1585//1585 1586//1586
f 1586//1586 1585//1585 1587//1587
f 1586//1586 1587//1587 1588//1588
f 1588//1588 1587//1587 1589//1589
f 1588//1588 1589//1589 1590//1590
f 1590//1590 1589//1589 1591//1591
f 1590//1590 1591//1591 1592//1592
f 1592//1592 1591//1591 1593//1593
f 1592//1592 1593//1593 1594//1594
f 1594//1594 1593//1593 1595//1595
f 1594//1594 1595//1595 1596//1596
f 1596//1596 1595//1595 1597//1597
f 1596//1596 1597//1597 1598//1598
f 1598//1598 1597//1597 1599//1599
f 1598//1598 1599//1599 1600//1600
f 1600//1600 1599//1599 1601//1601
f 1600//1600 1601//1601 1602//1602
f 1602//1602 1601//1601 1603//1603
f 1602//1602 1603//1603 1580//1580
f 1580//1580 1603//1603 1581//1581
f 1604//1604 1605//1605 1606//1606
f 1605//1605 1604//1604 1607//1607
f 1607//1607 1604//1604 1608//1608
f 1607//1607 1608//1608 1609//1609
f 1609//1609 1608//1608 1610//1610
f 1609//1609 1610//1610 1611//1611
f 1612//1612 1613//1613 1606//1606
f 1614//1614 1542//1542 1613//1613
f 1613//1613 1612//1612 1614//1614
f 1614//1614 1612//1612 1615//1615
f 1614//1614 1615//1615 1616//1616
f 1616//1616 1615//1615 1617//1617
f 1616//1616 1617//1617 1618//1618
f 1618//1618 1617//1617 1619//1619
f 1618//1618 1619//1619 1620//1620
f 1606//1606 1605//1605 1612//1612
f 1612//1612 1605//1605 1607//1607
f 1612//1612 1607//1607 1615//1615
f 1615//1615 1607//1607 1609//1609
f 1615//1615 1609//1609 1617//1617
f 1617//1617 1609//1609 1611//1611
f 1617//1617 1611//1611 1619//1619
f 1621//1621 1622//1622 1623//1623
f 1143//1143 1624//1624 1145//1145
f 1145//1145 1624//1624 1625//1625
f 1621//1621 1623//1623 1626//1626
f 1626//1626 1623//1623 1627//1627
f 1626//1626 1627//1627 1628//1628
f 1628//1628 1627//1627 1629//1629
f 1628//1628 1629//1629 1630//1630
f 1630//1630 1629//1629 1631//1631
f 1631//1631 1629//1629 1632//1632
f 1631//1631 1632//1632 1633//1633
f 1633//1633 1632//1632 1634//1634
f 1633//1633 1634//1634 1635//1635
f 1635//1635 1634//1634 1636//1636
f 1635//1635 1636//1636 1637//1637
f 1210//1210 1637//1637 1216//1216
f 1216//1216 1637//1637 1636//1636
f 1216//1216 1636//1636 1217//1217
f 1217//1217 1636//1636 1634//1634
f 1217//1217 1634//1634 1218//1218
f 1139//1139 1638//1638 1137//1137
f 1137//1137 1638//1638 1639//1639
f 1137//1137 1639//1639 1142//1142
f 1142//1142 1639//1639 1640//1640
f 1142//1142 1640//1640 1143//1143
f 1143//1143 1640//1640 1641//1641
f 1143//1143 1641//1641 1624//1624
f 1642//1642 1643//1643 1638//1638
f 1638//1638 1643//1643 1644//1644
f 1638//1638 1644//1644 1639//1639
f 1639//1639 1644//1644 1645//1645
f 1639//1639 1645//1645 1640//1640
f 1640//1640 1645//1645 1646//1646
f 1640//1640 1646//1646 1641//1641
f 1641//1641 1646//1646 1647//1647
f 1641//1641 1647//1647 1624//1624
f 1624//1624 1647//1647 1648//1648
f 1624//1624 1648//1648 1625//1625
f 1625//1625 1648//1648 1649//1649
f 1139//1139 1212//1212 1638//1638
f 1638//1638 1212//1212 1214//1214
f 1638//1638 1214//1214 1642//1642
f 1642//1642 1214//1214 1218//1218
f 1642//1642 1218//1218 1643//1643
f 1643//1643 1218//1218 1634//1634
f 1643//1643 1634//1634 1644//1644
f 1644//1644 1634//1634 1632//1632
f 1644//1644 1632//1632 1645//1645
f 1645//1645 1632//1632 1629//1629
f 1645//1645 1629//1629 1646//1646
f 1646//1646 1629//1629 1627//1627
f 1646//1646 1627//1627 1647//1647
f 1647//1647 1627//1627 1623//1623
f 1647//1647 1623//1623 1648//1648
f 1648//1648 1623//1623 1622//1622
f 1648//1648 1622//1622 1649//1649
f 1649//1649 1622//1622 1621//1621
f 1649//1649 1621//1621 1650//1650
f 1651//1651 1650//1650 1621//1621
f 1652//1652 1653//1653 1651//1651
f 1654//1654 1655//1655 1656//1656
f 1656//1656 1655//1655 1657//1657
f 1656//1656 1657//1657 1658//1658
f 1658//1658 1657//1657 1659//1659
f 1658//1658 1659//1659 1660//1660
f 1660//1660 1659//1659 1661//1661
f 1661//1661 1659//1659 1662//1662
f 1661//1661 1662//1662 1663//1663
f 1661//1661 1663//1663 1664//1664
f 1664//1664 1663//1663 1665//1665
f 1664//1664 1665//1665 1666//1666
f 1666//1666 1665//1665 1667//1667
f 1666//1666 1667//1667 1668//1668
f 1668//1668 1667//1667 1669//1669
f 1668//1668 1669//1669 1670//1670
f 1637//1637 1210//1210 1671//1671
f 1672//1672 1633//1633 1673//1673
f 1673//1673 1633//1633 1635//1635
f 1673//1673 1635//1635 1674//1674
f 1674//1674 1635//1635 1637//1637
f 1674//1674 1637//1637 1675//1675
f 1675//1675 1637//1637 1671//1671
f 1651//1651 1621//1621 1652//1652
f 1652//1652 1621//1621 1626//1626
f 1652//1652 1626//1626 1676//1676
f 1676//1676 1626//1626 1628//1628
f 1676//1676 1628//1628 1677//1677
f 1677//1677 1628//1628 1630//1630
f 1677//1677 1630//1630 1672//1672
f 1672//1672 1630//1630 1631//1631
f 1672//1672 1631//1631 1633//1633
f 1675//1675 1678//1678 1674//1674
f 1674//1674 1678//1678 1679//1679
f 1674//1674 1679//1679 1673//1673
f 1673//1673 1679//1679 1680//1680
f 1673//1673 1680//1680 1672//1672
f 1672//1672 1680//1680 1681//1681
f 1672//1672 1681//1681 1677//1677
f 1677//1677 1681//1681 1682//1682
f 1677//1677 1682//1682 1676//1676
f 1676//1676 1682//1682 1683//1683
f 1676//1676 1683//1683 1652//1652
f 1652//1652 1683//1683 1684//1684
f 1652//1652 1684//1684 1653//1653
f 1653//1653 1684//1684 1685//1685
f 1671//1671 1686//1686 1675//1675
f 1675//1675 1686//1686 1687//1687
f 1675//1675 1687//1687 1678//1678
f 1678//1678 1687//1687 1688//1688
f 1678//1678 1688//1688 1679//1679
f 1679//1679 1688//1688 1689//1689
f 1679//1679 1689//1689 1680//1680
f 1680//1680 1689//1689 1690//1690
f 1680//1680 1690//1690 1681//1681
f 1681//1681 1690//1690 1691//1691
f 1681//1681 1691//1691 1682//1682
f 1682//1682 1691//1691 1692//1692
f 1682//1682 1692//1692 1683//1683
f 1683//1683 1692//1692 1693//1693
f 1683//1683 1693//1693 1684//1684
f 1684//1684 1693//1693 1694//1694
f 1684//1684 1694//1694 1685//1685
f 1685//1685 1694//1694 1695//1695
f 1687//1687 1669//1669 1688//1688
f 1688//1688 1669//1669 1667//1667
f 1688//1688 1667//1667 1689//1689
f 1689//1689 1667//1667 1665//1665
f 1689//1689 1665//1665 1690//1690
f 1690//1690 1665//1665 1663//1663
f 1690//1690 1663//1663 1691//1691
f 1691//1691 1663//1663 1662//1662
f 1691//1691 1662//1662 1692//1692
f 1692//1692 1662//1662 1659//1659
f 1692//1692 1659//1659 1693//1693
f 1693//1693 1659//1659 1657//1657
f 1693//1693 1657//1657 1694//1694
f 1694//1694 1657//1657 1655//1655
f 1694//1694 1655//1655 1695//1695
f 1695//1695 1655//1655 1654//1654
f 1696//1696 1697//1697 1654//1654
f 1698//1698 1699//1699 1700//1700
f 1701//1701 1702//1702 1703//1703
f 1703//1703 1702//1702 1704//1704
f 1703//1703 1704//1704 1705//1705
f 1654//1654 1656//1656 1696//1696
f 1696//1696 1656//1656 1658//1658
f 1696//1696 1658//1658 1706//1706
f 1706//1706 1658//1658 1660//1660
f 1706//1706 1660//1660 1707//1707
f 1707//1707 1660//1660 1661//1661
f 1707//1707 1661//1661 1708//1708
f 1708//1708 1661//1661 1709//1709
f 1709//1709 1661//1661 1664//1664
f 1709//1709 1664//1664 1666//1666
f 1670//1670 1705//1705 1668//1668
f 1668//1668 1705//1705 1704//1704
f 1668//1668 1704//1704 1710//1710
f 1710//1710 1704//1704 1702//1702
f 1710//1710 1702//1702 1711//1711
f 1711//1711 1702//1702 1701//1701
f 1711//1711 1701//1701 1712//1712
f 1712//1712 1701//1701 1713//1713
f 1712//1712 1713//1713 1714//1714
f 1709//1709 1715//1715 1708//1708
f 1708//1708 1715//1715 1716//1716
f 1708//1708 1716//1716 1707//1707
f 1707//1707 1716//1716 1717//1717
f 1707//1707 1717//1717 1706//1706
f 1706//1706 1717//1717 1718//1718
f 1706//1706 1718//1718 1696//1696
f 1696//1696 1718//1718 1719//1719
f 1696//1696 1719//1719 1697//1697
f 1715//1715 1720//1720 1716//1716
f 1716//1716 1720//1720 1721//1721
f 1716//1716 1721//1721 1717//1717
f 1717//1717 1721//1721 1722//1722
f 1717//1717 1722//1722 1718//1718
f 1718//1718 1722//1722 1723//1723
f 1718//1718 1723//1723 1719//1719
f 1719//1719 1723//1723 1724//1724
f 1719//1719 1724//1724 1697//1697
f 1697//1697 1724//1724 1700//1700
f 1700//1700 1724//1724 1698//1698
f 1698//1698 1724//1724 1723//1723
f 1698//1698 1723//1723 1725//1725
f 1725//1725 1723//1723 1722//1722
f 1725//1725 1722//1722 1726//1726
f 1726//1726 1722//1722 1721//1721
f 1726//1726 1721//1721 1714//1714
f 1714//1714 1721//1721 1720//1720
f 1714//1714 1720//1720 1712//1712
f 1712//1712 1720//1720 1715//1715
f 1712//1712 1715//1715 1711//1711
f 1711//1711 1715//1715 1709//1709
f 1711//1711 1709//1709 1710//1710
f 1710//1710 1709//1709 1666//1666
f 1710//1710 1666//1666 1668//1668
f 1698//1698 1725//1725 1727//1727
f 1727//1727 1725//1725 1726//1726
f 1727//1727 1726//1726 1728//1728
f 1728//1728 1726//1726 1714//1714
f 1728//1728 1714//1714 1729//1729
f 1727//1727 1730//1730 1698//1698
f 1698//1698 1730//1730 1731//1731
f 1698//1698 1731//1731 1699//1699
f 1699//1699 1731//1731 1732//1732
f 1699//1699 1732//1732 1733//1733
f 1730//1730 1734//1734 1731//1731
f 1731//1731 1734//1734 1732//1732
f 1735//1735 1733//1733 1732//1732
f 1736//1736 1737//1737 1738//1738
f 1738//1738 1737//1737 1735//1735
f 1738//1738 1735//1735 1739//1739
f 1739//1739 1735//1735 1732//1732
f 1739//1739 1732//1732 1740//1740
f 1740//1740 1732//1732 1734//1734
f 1740//1740 1741//1741 1739//1739
f 1739//1739 1741//1741 1742//1742
f 1739//1739 1742//1742 1738//1738
f 1738//1738 1742//1742 1743//1743
f 1738//1738 1743//1743 1736//1736
f 1736//1736 1743//1743 1744//1744
f 1736//1736 1744//1744 1745//1745
f 1542//1542 1614//1614 1544//1544
f 1544//1544 1614//1614 1616//1616
f 1544//1544 1616//1616 1546//1546
f 1546//1546 1616//1616 1618//1618
f 1546//1546 1618//1618 1549//1549
f 1549//1549 1618//1618 1620//1620
f 1549//1549 1620//1620 1553//1553
f 1746//1746 1747//1747 1748//1748
f 1749//1749 1750//1750 1751//1751
f 1751//1751 1750//1750 1752//1752
f 1751//1751 1752//1752 1753//1753
f 1753//1753 1752//1752 1754//1754
f 1753//1753 1754//1754 1755//1755
f 1755//1755 1754//1754 1756//1756
f 1755//1755 1756//1756 1757//1757
f 1757//1757 1756//1756 1758//1758
f 1527//1527 1758//1758 1759//1759
f 1759//1759 1758//1758 1756//1756
f 1759//1759 1756//1756 1760//1760
f 1760//1760 1756//1756 1754//1754
f 1760//1760 1754//1754 1748//1748
f 1748//1748 1754//1754 1752//1752
f 1748//1748 1752//1752 1746//1746
f 1746//1746 1752//1752 1750//1750
f 1761//1761 1762//1762 1763//1763
f 1764//1764 1753//1753 1755//1755
f 1765//1765 1766//1766 1767//1767
f 1765//1765 1767//1767 1768//1768
f 1769//1769 1770//1770 1771//1771
f 1771//1771 1770//1770 1749//1749
f 1771//1771 1749//1749 1751//1751
f 1772//1772 1773//1773 1774//1774
f 1774//1774 1773//1773 1763//1763
f 1774//1774 1763//1763 1775//1775
f 1775//1775 1763//1763 1776//1776
f 1776//1776 1763//1763 1762//1762
f 1776//1776 1762//1762 1777//1777
f 1777//1777 1762//1762 1761//1761
f 1777//1777 1761//1761 1778//1778
f 1766//1766 1765//1765 1779//1779
f 1779//1779 1765//1765 1780//1780
f 1779//1779 1780//1780 1781//1781
f 1767//1767 1782//1782 1768//1768
f 1768//1768 1782//1782 1769//1769
f 1768//1768 1769//1769 1783//1783
f 1783//1783 1769//1769 1771//1771
f 1783//1783 1771//1771 1764//1764
f 1764//1764 1771//1771 1751//1751
f 1764//1764 1751//1751 1753//1753
f 1784//1784 1772//1772 1785//1785
f 1785//1785 1772//1772 1774//1774
f 1785//1785 1774//1774 1786//1786
f 1786//1786 1774//1774 1775//1775
f 1786//1786 1775//1775 1787//1787
f 1787//1787 1775//1775 1776//1776
f 1787//1787 1776//1776 1788//1788
f 1788//1788 1776//1776 1777//1777
f 1757//1757 1778//1778 1755//1755
f 1755//1755 1778//1778 1761//1761
f 1755//1755 1761//1761 1764//1764
f 1764//1764 1761//1761 1763//1763
f 1764//1764 1763//1763 1783//1783
f 1783//1783 1763//1763 1773//1773
f 1783//1783 1773//1773 1768//1768
f 1768//1768 1773//1773 1772//1772
f 1768//1768 1772//1772 1765//1765
f 1765//1765 1772//1772 1784//1784
f 1765//1765 1784//1784 1780//1780
f 1729//1729 1781//1781 1789//1789
f 1789//1789 1781//1781 1780//1780
f 1789//1789 1780//1780 1790//1790
f 1788//1788 1745//1745 1787//1787
f 1787//1787 1745//1745 1791//1791
f 1787//1787 1791//1791 1786//1786
f 1786//1786 1791//1791 1792//1792
f 1786//1786 1792//1792 1793//1793
f 1793//1793 1794//1794 1786//1786
f 1786//1786 1794//1794 1795//1795
f 1786//1786 1795//1795 1785//1785
f 1785//1785 1795//1795 1790//1790
f 1785//1785 1790//1790 1784//1784
f 1784//1784 1790//1790 1780//1780
f 1195//1195 1171//1171 1424//1424
f 1796//1796 1198//1198 1196//1196
f 1797//1797 1205//1205 1204//1204
f 1798//1798 1799//1799 1800//1800
f 1800//1800 1799//1799 1801//1801
f 1431//1431 1430//1430 1798//1798
f 1798//1798 1800//1800 1431//1431
f 1431//1431 1800//1800 1802//1802
f 1431//1431 1802//1802 1450//1450
f 1450//1450 1802//1802 1803//1803
f 1450//1450 1803//1803 1424//1424
f 1804//1804 1805//1805 1806//1806
f 1806//1806 1805//1805 1807//1807
f 1806//1806 1807//1807 1808//1808
f 1808//1808 1807//1807 1797//1797
f 1808//1808 1797//1797 1809//1809
f 1809//1809 1797//1797 1204//1204
f 1809//1809 1204//1204 1198//1198
f 1198//1198 1796//1796 1809//1809
f 1809//1809 1796//1796 1810//1810
f 1809//1809 1810//1810 1808//1808
f 1808//1808 1810//1810 1811//1811
f 1808//1808 1811//1811 1806//1806
f 1806//1806 1811//1811 1812//1812
f 1806//1806 1812//1812 1804//1804
f 1195//1195 1424//1424 1196//1196
f 1196//1196 1424//1424 1803//1803
f 1196//1196 1803//1803 1796//1796
f 1796//1796 1803//1803 1802//1802
f 1796//1796 1802//1802 1810//1810
f 1810//1810 1802//1802 1800//1800
f 1810//1810 1800//1800 1811//1811
f 1811//1811 1800//1800 1801//1801
f 1811//1811 1801//1801 1812//1812
f 1805//1805 1804//1804 1813//1813
f 1210//1210 1205//1205 1671//1671
f 1671//1671 1205//1205 1797//1797
f 1671//1671 1797//1797 1686//1686
f 1686//1686 1797//1797 1807//1807
f 1686//1686 1807//1807 1687//1687
f 1687//1687 1807//1807 1805//1805
f 1687//1687 1805//1805 1669//1669
f 1669//1669 1805//1805 1813//1813
f 1669//1669 1813//1813 1670//1670
f 1814//1814 1815//1815 1220//1220
f 1220//1220 1815//1815 1222//1222
f 1816//1816 1817//1817 1818//1818
f 1818//1818 1819//1819 1816//1816
f 1816//1816 1819//1819 1815//1815
f 1816//1816 1815//1815 1820//1820
f 1818//1818 1821//1821 1225//1225
f 1225//1225 1821//1821 1228//1228
f 1822//1822 1823//1823 1824//1824
f 1824//1824 1823//1823 1825//1825
f 1821//1821 1826//1826 1827//1827
f 1827//1827 1826//1826 1828//1828
f 1827//1827 1828//1828 1825//1825
f 1825//1825 1828//1828 1829//1829
f 1825//1825 1829//1829 1824//1824
f 1243//1243 1242//1242 1830//1830
f 1830//1830 1242//1242 1240//1240
f 1830//1830 1240//1240 1831//1831
f 1831//1831 1240//1240 1238//1238
f 1831//1831 1238//1238 1832//1832
f 1832//1832 1238//1238 1236//1236
f 1832//1832 1236//1236 1833//1833
f 1834//1834 1830//1830 1831//1831
f 1833//1833 1835//1835 1832//1832
f 1832//1832 1835//1835 1836//1836
f 1832//1832 1836//1836 1831//1831
f 1831//1831 1836//1836 1837//1837
f 1831//1831 1837//1837 1834//1834
f 1670//1670 1813//1813 1705//1705
f 1705//1705 1813//1813 1838//1838
f 1705//1705 1838//1838 1703//1703
f 1703//1703 1838//1838 1839//1839
f 1703//1703 1839//1839 1701//1701
f 1701//1701 1839//1839 1840//1840
f 1701//1701 1840//1840 1713//1713
f 1841//1841 1842//1842 1843//1843
f 1714//1714 1713//1713 1843//1843
f 1843//1843 1713//1713 1840//1840
f 1843//1843 1840//1840 1841//1841
f 1841//1841 1840//1840 1839//1839
f 1841//1841 1839//1839 1844//1844
f 1844//1844 1839//1839 1838//1838
f 1844//1844 1838//1838 1845//1845
f 1845//1845 1838//1838 1813//1813
f 1845//1845 1813//1813 1804//1804
f 1846//1846 1847//1847 1848//1848
f 1798//1798 1430//1430 1849//1849
f 1798//1798 1849//1849 1799//1799
f 1850//1850 1812//1812 1801//1801
f 1845//1845 1804//1804 1812//1812
f 1847//1847 1851//1851 1852//1852
f 1853//1853 1846//1846 1854//1854
f 1855//1855 1856//1856 1853//1853
f 1857//1857 1858//1858 1859//1859
f 1859//1859 1858//1858 1855//1855
f 1859//1859 1855//1855 1860//1860
f 1860//1860 1855//1855 1853//1853
f 1846//1846 1848//1848 1854//1854
f 1854//1854 1848//1848 1861//1861
f 1854//1854 1861//1861 1862//1862
f 1862//1862 1861//1861 1863//1863
f 1862//1862 1863//1863 1864//1864
f 1812//1812 1850//1850 1845//1845
f 1845//1845 1850//1850 1865//1865
f 1845//1845 1865//1865 1844//1844
f 1844//1844 1865//1865 1852//1852
f 1844//1844 1852//1852 1841//1841
f 1841//1841 1852//1852 1851//1851
f 1841//1841 1851//1851 1842//1842
f 1853//1853 1854//1854 1860//1860
f 1860//1860 1854//1854 1862//1862
f 1860//1860 1862//1862 1859//1859
f 1859//1859 1862//1862 1864//1864
f 1859//1859 1864//1864 1857//1857
f 1847//1847 1852//1852 1848//1848
f 1848//1848 1852//1852 1865//1865
f 1848//1848 1865//1865 1861//1861
f 1861//1861 1865//1865 1850//1850
f 1861//1861 1850//1850 1863//1863
f 1863//1863 1850//1850 1801//1801
f 1863//1863 1801//1801 1864//1864
f 1864//1864 1801//1801 1799//1799
f 1864//1864 1799//1799 1857//1857
f 1857//1857 1799//1799 1849//1849
f 1857//1857 1849//1849 1858//1858
f 1849//1849 1430//1430 1429//1429
f 1429//1429 1866//1866 1849//1849
f 1849//1849 1866//1866 1867//1867
f 1849//1849 1867//1867 1858//1858
f 1858//1858 1867//1867 1868//1868
f 1858//1858 1868//1868 1855//1855
f 1855//1855 1868//1868 1869//1869
f 1855//1855 1869//1869 1856//1856
f 1427//1427 1426//1426 1870//1870
f 1870//1870 1426//1426 1871//1871
f 1870//1870 1871//1871 1872//1872
f 1872//1872 1871//1871 1873//1873
f 1872//1872 1873//1873 1874//1874
f 1874//1874 1873//1873 1875//1875
f 1874//1874 1875//1875 1876//1876
f 1876//1876 1869//1869 1874//1874
f 1874//1874 1869//1869 1868//1868
f 1874//1874 1868//1868 1872//1872
f 1872//1872 1868//1868 1867//1867
f 1872//1872 1867//1867 1870//1870
f 1870//1870 1867//1867 1866//1866
f 1870//1870 1866//1866 1427//1427
f 1427//1427 1866//1866 1429//1429
f 1877//1877 1878//1878 1879//1879
f 1880//1880 1881//1881 1882//1882
f 1426//1426 1883//1883 1884//1884
f 1884//1884 1883//1883 1885//1885
f 1884//1884 1885//1885 1886//1886
f 1426//1426 1884//1884 1871//1871
f 1871//1871 1884//1884 1887//1887
f 1871//1871 1887//1887 1873//1873
f 1873//1873 1887//1887 1888//1888
f 1873//1873 1888//1888 1875//1875
f 1875//1875 1888//1888 1879//1879
f 1875//1875 1879//1879 1876//1876
f 1881//1881 1889//1889 1882//1882
f 1882//1882 1889//1889 1890//1890
f 1882//1882 1890//1890 1891//1891
f 1891//1891 1890//1890 1892//1892
f 1891//1891 1892//1892 1893//1893
f 1893//1893 1892//1892 1894//1894
f 1886//1886 1880//1880 1884//1884
f 1884//1884 1880//1880 1882//1882
f 1884//1884 1882//1882 1887//1887
f 1887//1887 1882//1882 1891//1891
f 1887//1887 1891//1891 1888//1888
f 1888//1888 1891//1891 1893//1893
f 1888//1888 1893//1893 1879//1879
f 1879//1879 1893//1893 1894//1894
f 1879//1879 1894//1894 1877//1877
f 1781//1781 1895//1895 1896//1896
f 1781//1781 1896//1896 1779//1779
f 1779//1779 1896//1896 1897//1897
f 1779//1779 1897//1897 1766//1766
f 1770//1770 1769//1769 1898//1898
f 1898//1898 1769//1769 1782//1782
f 1898//1898 1782//1782 1897//1897
f 1897//1897 1782//1782 1767//1767
f 1897//1897 1767//1767 1766//1766
f 1898//1898 1899//1899 1770//1770
f 1770//1770 1899//1899 1900//1900
f 1770//1770 1900//1900 1749//1749
f 1889//1889 1900//1900 1890//1890
f 1890//1890 1900//1900 1899//1899
f 1890//1890 1899//1899 1892//1892
f 1892//1892 1899//1899 1898//1898
f 1892//1892 1898//1898 1894//1894
f 1894//1894 1898//1898 1897//1897
f 1894//1894 1897//1897 1877//1877
f 1877//1877 1897//1897 1896//1896
f 1877//1877 1896//1896 1878//1878
f 1878//1878 1896//1896 1895//1895
f 1818//1818 1817//1817 1821//1821
f 1821//1821 1817//1817 1826//1826
f 1814//1814 1901//1901 1815//1815
f 1815//1815 1901//1901 1820//1820
f 1902//1902 1903//1903 1904//1904
f 1904//1904 1903//1903 1905//1905
f 1905//1905 1903//1903 1906//1906
f 1906//1906 1903//1903 1907//1907
f 1906//1906 1907//1907 1908//1908
f 1908//1908 1907//1907 1909//1909
f 1909//1909 1907//1907 1910//1910
f 1909//1909 1910//1910 1911//1911
f 1910//1910 1912//1912 1911//1911
f 1911//1911 1912//1912 1913//1913
f 1911//1911 1913//1913 1914//1914
f 1914//1914 1913//1913 1915//1915
f 1914//1914 1915//1915 1916//1916
f 1915//1915 1917//1917 1916//1916
f 1916//1916 1917//1917 1901//1901
f 1916//1916 1901//1901 1814//1814
f 1918//1918 1919//1919 1904//1904
f 1904//1904 1919//1919 1902//1902
f 1920//1920 1921//1921 1922//1922
f 1922//1922 1921//1921 1923//1923
f 1922//1922 1923//1923 1924//1924
f 1924//1924 1923//1923 1925//1925
f 1924//1924 1925//1925 1926//1926
f 1926//1926 1925//1925 1927//1927
f 1926//1926 1927//1927 1928//1928
f 1928//1928 1927//1927 1919//1919
f 1928//1928 1919//1919 1918//1918
f 1830//1830 1834//1834 1920//1920
f 1920//1920 1834//1834 1921//1921
f 1830//1830 1920//1920 1243//1243
f 1243//1243 1920//1920 1245//1245
f 1929//1929 1277//1277 1276//1276
f 1929//1929 1276//1276 1930//1930
f 1931//1931 1932//1932 1933//1933
f 1933//1933 1932//1932 1934//1934
f 1933//1933 1934//1934 1935//1935
f 1931//1931 1936//1936 1932//1932
f 1932//1932 1936//1936 1937//1937
f 1932//1932 1937//1937 1938//1938
f 1939//1939 1940//1940 1379//1379
f 1379//1379 1940//1940 1941//1941
f 1939//1939 1942//1942 1940//1940
f 1940//1940 1942//1942 1943//1943
f 1940//1940 1943//1943 1934//1934
f 1934//1934 1943//1943 1944//1944
f 1934//1934 1944//1944 1935//1935
f 1945//1945 1385//1385 1941//1941
f 1941//1941 1385//1385 1384//1384
f 1384//1384 1383//1383 1941//1941
f 1941//1941 1383//1383 1380//1380
f 1941//1941 1380//1380 1379//1379
f 1348//1348 1350//1350 1946//1946
f 1946//1946 1350//1350 1349//1349
f 1946//1946 1349//1349 1399//1399
f 1399//1399 1398//1398 1946//1946
f 1946//1946 1398//1398 1397//1397
f 1946//1946 1397//1397 1945//1945
f 1945//1945 1397//1397 1386//1386
f 1945//1945 1386//1386 1385//1385
f 1278//1278 1283//1283 1947//1947
f 1947//1947 1283//1283 1285//1285
f 1947//1947 1285//1285 1946//1946
f 1946//1946 1285//1285 1312//1312
f 1946//1946 1312//1312 1348//1348
f 1276//1276 1315//1315 1930//1930
f 1930//1930 1315//1315 1273//1273
f 1930//1930 1273//1273 1272//1272
f 1272//1272 1282//1282 1930//1930
f 1930//1930 1282//1282 1281//1281
f 1930//1930 1281//1281 1947//1947
f 1947//1947 1281//1281 1279//1279
f 1947//1947 1279//1279 1278//1278
f 1932//1932 1938//1938 1948//1948
f 1948//1948 1938//1938 1949//1949
f 1277//1277 1929//1929 1334//1334
f 1334//1334 1929//1929 1950//1950
f 1334//1334 1950//1950 1335//1335
f 1335//1335 1950//1950 1328//1328
f 1328//1328 1950//1950 1329//1329
f 1329//1329 1950//1950 1951//1951
f 1329//1329 1951//1951 1475//1475
f 1470//1470 1455//1455 1952//1952
f 1952//1952 1455//1455 1454//1454
f 1952//1952 1454//1454 1951//1951
f 1951//1951 1454//1454 1460//1460
f 1951//1951 1460//1460 1475//1475
f 1953//1953 1954//1954 1952//1952
f 1952//1952 1954//1954 1955//1955
f 1955//1955 1458//1458 1952//1952
f 1952//1952 1458//1458 1457//1457
f 1952//1952 1457//1457 1470//1470
f 1956//1956 1957//1957 1958//1958
f 1958//1958 1957//1957 1959//1959
f 1958//1958 1959//1959 1953//1953
f 1953//1953 1959//1959 1960//1960
f 1953//1953 1960//1960 1954//1954
f 1961//1961 1962//1962 1963//1963
f 1963//1963 1962//1962 1964//1964
f 1963//1963 1964//1964 1958//1958
f 1958//1958 1964//1964 1965//1965
f 1958//1958 1965//1965 1956//1956
f 1949//1949 1966//1966 1948//1948
f 1948//1948 1966//1966 1967//1967
f 1948//1948 1967//1967 1963//1963
f 1963//1963 1967//1967 1968//1968
f 1963//1963 1968//1968 1961//1961
f 1373//1373 1362//1362 1969//1969
f 1342//1342 1341//1341 1359//1359
f 1359//1359 1341//1341 1360//1360
f 1970//1970 1939//1939 1354//1354
f 1354//1354 1939//1939 1379//1379
f 1970//1970 1354//1354 1971//1971
f 1971//1971 1354//1354 1353//1353
f 1971//1971 1353//1353 1972//1972
f 1972//1972 1353//1353 1357//1357
f 1972//1972 1357//1357 1973//1973
f 1974//1974 1944//1944 1975//1975
f 1975//1975 1944//1944 1943//1943
f 1975//1975 1943//1943 1942//1942
f 1345//1345 1344//1344 1976//1976
f 1341//1341 1346//1346 1977//1977
f 1977//1977 1346//1346 1345//1345
f 1977//1977 1345//1345 1978//1978
f 1978//1978 1345//1345 1976//1976
f 1974//1974 1975//1975 1979//1979
f 1979//1979 1975//1975 1980//1980
f 1979//1979 1980//1980 1981//1981
f 1981//1981 1980//1980 1982//1982
f 1981//1981 1982//1982 1983//1983
f 1983//1983 1982//1982 1984//1984
f 1983//1983 1984//1984 1978//1978
f 1978//1978 1984//1984 1985//1985
f 1978//1978 1985//1985 1977//1977
f 1357//1357 1358//1358 1973//1973
f 1973//1973 1358//1358 1373//1373
f 1973//1973 1373//1373 1986//1986
f 1986//1986 1373//1373 1969//1969
f 1935//1935 1944//1944 1987//1987
f 1987//1987 1944//1944 1974//1974
f 1987//1987 1974//1974 1988//1988
f 1988//1988 1974//1974 1979//1979
f 1988//1988 1979//1979 1989//1989
f 1989//1989 1979//1979 1981//1981
f 1989//1989 1981//1981 1990//1990
f 1990//1990 1981//1981 1983//1983
f 1990//1990 1983//1983 1991//1991
f 1991//1991 1983//1983 1978//1978
f 1991//1991 1978//1978 1992//1992
f 1992//1992 1978//1978 1976//1976
f 1942//1942 1939//1939 1975//1975
f 1975//1975 1939//1939 1970//1970
f 1975//1975 1970//1970 1980//1980
f 1980//1980 1970//1970 1971//1971
f 1980//1980 1971//1971 1982//1982
f 1982//1982 1971//1971 1972//1972
f 1982//1982 1972//1972 1984//1984
f 1984//1984 1972//1972 1973//1973
f 1984//1984 1973//1973 1985//1985
f 1985//1985 1973//1973 1986//1986
f 1985//1985 1986//1986 1977//1977
f 1977//1977 1986//1986 1969//1969
f 1977//1977 1969//1969 1341//1341
f 1341//1341 1969//1969 1362//1362
f 1341//1341 1362//1362 1360//1360
f 1459//1459 1458//1458 1955//1955
f 1993//1993 1994//1994 1995//1995
f 1996//1996 1405//1405 1407//1407
f 1997//1997 1403//1403 1405//1405
f 1405//1405 1996//1996 1997//1997
f 1997//1997 1996//1996 1998//1998
f 1997//1997 1998//1998 1999//1999
f 1999//1999 1998//1998 2000//2000
f 1999//1999 2000//2000 2001//2001
f 1959//1959 2002//2002 1960//1960
f 1960//1960 2002//2002 2003//2003
f 1960//1960 2003//2003 1954//1954
f 1993//1993 1995//1995 2004//2004
f 2004//2004 1995//1995 2005//2005
f 2004//2004 2005//2005 2006//2006
f 1954//1954 2003//2003 1955//1955
f 1955//1955 2003//2003 2007//2007
f 1955//1955 2007//2007 1459//1459
f 1459//1459 2007//2007 2008//2008
f 1459//1459 2008//2008 1462//1462
f 1462//1462 2008//2008 2009//2009
f 1462//1462 2009//2009 1463//1463
f 1463//1463 2009//2009 1465//1465
f 1465//1465 2009//2009 2010//2010
f 1465//1465 2010//2010 1467//1467
f 2003//2003 1994//1994 2007//2007
f 2007//2007 1994//1994 1993//1993
f 2007//2007 1993//1993 2008//2008
f 2008//2008 1993//1993 2004//2004
f 2008//2008 2004//2004 2009//2009
f 2009//2009 2004//2004 2006//2006
f 2009//2009 2006//2006 2010//2010
f 1413//1413 1467//1467 1411//1411
f 1411//1411 1467//1467 2010//2010
f 1411//1411 2010//2010 1409//1409
f 1409//1409 2010//2010 2006//2006
f 1409//1409 2006//2006 1407//1407
f 1407//1407 2006//2006 2005//2005
f 1407//1407 2005//2005 1996//1996
f 1996//1996 2005//2005 1995//1995
f 1996//1996 1995//1995 1998//1998
f 1998//1998 1995//1995 1994//1994
f 1998//1998 1994//1994 2000//2000
f 2000//2000 1994//1994 2003//2003
f 2000//2000 2003//2003 2001//2001
f 2001//2001 2003//2003 2002//2002
f 2011//2011 2012//2012 2013//2013
f 2013//2013 2012//2012 2014//2014
f 2015//2015 2016//2016 2011//2011
f 2016//2016 2015//2015 2017//2017
f 1437//1437 2017//2017 2018//2018
f 2019//2019 2020//2020 2021//2021
f 2021//2021 2020//2020 2013//2013
f 2021//2021 2013//2013 2022//2022
f 2022//2022 2013//2013 2014//2014
f 2022//2022 2014//2014 2023//2023
f 2024//2024 2025//2025 2019//2019
f 2019//2019 2025//2025 2026//2026
f 2019//2019 2026//2026 2020//2020
f 2024//2024 2027//2027 2025//2025
f 2025//2025 2027//2027 2028//2028
f 2025//2025 2028//2028 2029//2029
f 2029//2029 2028//2028 2030//2030
f 2029//2029 2030//2030 2031//2031
f 2031//2031 2030//2030 2032//2032
f 2031//2031 2032//2032 2033//2033
f 2033//2033 2032//2032 2034//2034
f 2033//2033 2034//2034 2035//2035
f 2035//2035 2034//2034 2036//2036
f 2035//2035 2036//2036 2037//2037
f 2037//2037 2036//2036 2038//2038
f 2037//2037 2038//2038 2039//2039
f 2039//2039 2038//2038 2040//2040
f 2039//2039 2040//2040 2041//2041
f 2041//2041 2040//2040 2042//2042
f 2041//2041 2042//2042 2043//2043
f 2043//2043 2042//2042 2044//2044
f 2043//2043 2044//2044 2045//2045
f 2044//2044 2046//2046 2045//2045
f 2045//2045 2046//2046 2047//2047
f 2045//2045 2047//2047 2048//2048
f 2048//2048 2047//2047 2049//2049
f 2048//2048 2049//2049 2050//2050
f 2050//2050 2049//2049 2051//2051
f 2050//2050 2051//2051 2052//2052
f 2011//2011 2013//2013 2015//2015
f 2015//2015 2013//2013 2020//2020
f 2015//2015 2020//2020 2053//2053
f 2053//2053 2020//2020 2026//2026
f 2053//2053 2026//2026 2054//2054
f 2054//2054 2026//2026 2025//2025
f 2054//2054 2025//2025 2055//2055
f 2055//2055 2025//2025 2029//2029
f 2055//2055 2029//2029 2056//2056
f 2056//2056 2029//2029 2031//2031
f 2056//2056 2031//2031 2057//2057
f 2057//2057 2031//2031 2033//2033
f 2057//2057 2033//2033 2058//2058
f 2058//2058 2033//2033 2035//2035
f 2058//2058 2035//2035 2059//2059
f 2059//2059 2035//2035 2037//2037
f 2059//2059 2037//2037 2060//2060
f 2060//2060 2037//2037 2039//2039
f 2060//2060 2039//2039 2061//2061
f 2061//2061 2039//2039 2041//2041
f 2061//2061 2041//2041 2062//2062
f 2062//2062 2041//2041 2043//2043
f 2062//2062 2043//2043 2063//2063
f 2063//2063 2043//2043 2045//2045
f 2063//2063 2045//2045 2064//2064
f 2064//2064 2045//2045 2048//2048
f 2064//2064 2048//2048 2065//2065
f 2065//2065 2048//2048 2050//2050
f 2065//2065 2050//2050 2066//2066
f 2066//2066 2050//2050 2052//2052
f 2066//2066 2052//2052 2067//2067
f 2017//2017 2015//2015 2018//2018
f 2018//2018 2015//2015 2053//2053
f 2018//2018 2053//2053 2068//2068
f 2068//2068 2053//2053 2054//2054
f 2068//2068 2054//2054 2069//2069
f 2069//2069 2054//2054 2055//2055
f 2069//2069 2055//2055 2070//2070
f 2070//2070 2055//2055 2056//2056
f 2070//2070 2056//2056 2071//2071
f 2071//2071 2056//2056 2057//2057
f 2071//2071 2057//2057 2072//2072
f 2072//2072 2057//2057 2058//2058
f 2072//2072 2058//2058 2073//2073
f 2073//2073 2058//2058 2059//2059
f 2073//2073 2059//2059 2074//2074
f 2074//2074 2059//2059 2060//2060
f 2074//2074 2060//2060 2075//2075
f 2075//2075 2060//2060 2061//2061
f 2075//2075 2061//2061 2076//2076
f 2076//2076 2061//2061 2062//2062
f 2076//2076 2062//2062 2077//2077
f 2077//2077 2062//2062 2063//2063
f 2077//2077 2063//2063 2078//2078
f 2078//2078 2063//2063 2064//2064
f 2078//2078 2064//2064 2079//2079
f 2079//2079 2064//2064 2065//2065
f 2079//2079 2065//2065 2080//2080
f 2080//2080 2065//2065 2066//2066
f 2080//2080 2066//2066 2081//2081
f 2081//2081 2066//2066 2067//2067
f 2081//2081 2067//2067 2082//2082
f 1437//1437 2018//2018 1438//1438
f 1438//1438 2018//2018 2068//2068
f 1438//1438 2068//2068 1439//1439
f 1439//1439 2068//2068 2069//2069
f 1439//1439 2069//2069 1440//1440
f 1440//1440 2069//2069 2070//2070
f 1440//1440 2070//2070 1441//1441
f 1441//1441 2070//2070 2071//2071
f 1441//1441 2071//2071 1402//1402
f 1402//1402 2071//2071 2072//2072
f 1402//1402 2072//2072 1404//1404
f 1404//1404 2072//2072 2073//2073
f 1404//1404 2073//2073 1406//1406
f 1406//1406 2073//2073 2074//2074
f 1406//1406 2074//2074 1408//1408
f 1408//1408 2074//2074 2075//2075
f 1408//1408 2075//2075 1410//1410
f 1410//1410 2075//2075 2076//2076
f 1410//1410 2076//2076 1412//1412
f 1412//1412 2076//2076 2077//2077
f 1412//1412 2077//2077 1415//1415
f 1415//1415 2077//2077 2078//2078
f 1415//1415 2078//2078 1416//1416
f 1416//1416 2078//2078 2079//2079
f 1416//1416 2079//2079 1418//1418
f 1418//1418 2079//2079 2080//2080
f 1418//1418 2080//2080 1419//1419
f 1419//1419 2080//2080 2081//2081
f 1419//1419 2081//2081 1420//1420
f 1420//1420 2081//2081 2082//2082
f 1420//1420 2082//2082 1421//1421
f 2083//2083 2084//2084 2085//2085
f 2086//2086 2087//2087 2088//2088
f 2089//2089 2090//2090 2091//2091
f 2092//2092 2093//2093 2094//2094
f 2095//2095 2096//2096 2097//2097
f 2098//2098 2087//2087 2099//2099
f 2100//2100 2011//2011 2016//2016
f 2101//2101 2102//2102 2103//2103
f 2104//2104 2105//2105 2106//2106
f 2106//2106 2105//2105 2107//2107
f 2108//2108 2109//2109 2110//2110
f 2110//2110 2109//2109 2111//2111
f 2110//2110 2111//2111 2112//2112
f 1444//1444 1443//1443 2113//2113
f 2114//2114 2115//2115 2116//2116
f 2116//2116 2115//2115 2117//2117
f 2118//2118 2119//2119 2120//2120
f 2120//2120 2119//2119 2121//2121
f 2120//2120 2121//2121 2122//2122
f 2095//2095 2097//2097 2123//2123
f 2124//2124 2125//2125 2126//2126
f 2125//2125 2127//2127 2126//2126
f 2126//2126 2127//2127 2128//2128
f 2126//2126 2128//2128 2129//2129
f 2129//2129 2128//2128 2092//2092
f 2094//2094 2093//2093 2130//2130
f 2130//2130 2093//2093 2131//2131
f 2130//2130 2131//2131 2091//2091
f 2091//2091 2131//2131 2132//2132
f 2091//2091 2132//2132 2089//2089
f 2023//2023 2014//2014 2133//2133
f 2133//2133 2014//2014 2103//2103
f 2133//2133 2103//2103 2134//2134
f 2134//2134 2103//2103 2102//2102
f 2122//2122 2123//2123 2120//2120
f 2120//2120 2123//2123 2097//2097
f 2120//2120 2097//2097 2135//2135
f 2135//2135 2097//2097 2136//2136
f 2096//2096 2124//2124 2097//2097
f 2097//2097 2124//2124 2126//2126
f 2097//2097 2126//2126 2136//2136
f 2136//2136 2126//2126 2137//2137
f 2092//2092 2094//2094 2129//2129
f 2129//2129 2094//2094 2138//2138
f 2129//2129 2138//2138 2126//2126
f 2126//2126 2138//2138 2139//2139
f 2126//2126 2139//2139 2137//2137
f 2140//2140 2101//2101 2141//2141
f 2141//2141 2101//2101 2103//2103
f 2141//2141 2103//2103 2142//2142
f 2142//2142 2103//2103 2014//2014
f 2011//2011 2100//2100 2012//2012
f 2143//2143 2144//2144 2145//2145
f 2145//2145 2144//2144 2146//2146
f 2145//2145 2146//2146 2147//2147
f 2147//2147 2146//2146 2148//2148
f 2088//2088 2087//2087 2149//2149
f 2149//2149 2087//2087 2098//2098
f 2149//2149 2098//2098 2150//2150
f 2014//2014 2012//2012 2142//2142
f 2142//2142 2012//2012 2100//2100
f 2142//2142 2100//2100 2151//2151
f 2151//2151 2100//2100 2016//2016
f 2151//2151 2016//2016 2017//2017
f 2117//2117 2115//2115 2152//2152
f 2152//2152 2115//2115 2153//2153
f 2152//2152 2153//2153 2154//2154
f 2154//2154 2153//2153 2085//2085
f 2154//2154 2085//2085 2155//2155
f 2155//2155 2085//2085 2084//2084
f 2155//2155 2084//2084 1422//1422
f 2156//2156 2083//2083 2157//2157
f 2157//2157 2083//2083 2085//2085
f 2157//2157 2085//2085 2135//2135
f 2135//2135 2085//2085 2153//2153
f 2135//2135 2153//2153 2120//2120
f 2120//2120 2153//2153 2115//2115
f 2120//2120 2115//2115 2118//2118
f 2118//2118 2115//2115 2114//2114
f 2099//2099 2087//2087 2158//2158
f 2158//2158 2087//2087 2086//2086
f 2158//2158 2086//2086 2159//2159
f 2089//2089 2140//2140 2090//2090
f 2090//2090 2140//2140 2141//2141
f 2090//2090 2141//2141 2160//2160
f 2160//2160 2141//2141 2142//2142
f 2160//2160 2142//2142 2161//2161
f 2161//2161 2142//2142 2151//2151
f 2161//2161 2151//2151 2162//2162
f 2162//2162 2151//2151 2017//2017
f 2162//2162 2017//2017 1437//1437
f 1422//1422 1421//1421 2155//2155
f 2155//2155 1421//1421 2082//2082
f 2155//2155 2082//2082 2154//2154
f 2154//2154 2082//2082 2067//2067
f 2154//2154 2067//2067 2152//2152
f 2152//2152 2067//2067 2052//2052
f 2152//2152 2052//2052 2117//2117
f 2117//2117 2052//2052 2051//2051
f 2117//2117 2051//2051 2116//2116
f 2136//2136 2104//2104 2135//2135
f 2135//2135 2104//2104 2106//2106
f 2135//2135 2106//2106 2157//2157
f 2157//2157 2106//2106 2107//2107
f 2157//2157 2107//2107 2156//2156
f 2156//2156 2107//2107 1445//1445
f 2156//2156 1445//1445 2083//2083
f 2083//2083 1445//1445 1425//1425
f 2083//2083 1425//1425 2084//2084
f 2084//2084 1425//1425 1423//1423
f 2084//2084 1423//1423 1422//1422
f 1447//1447 2108//2108 1448//1448
f 1448//1448 2108//2108 2110//2110
f 1448//1448 2110//2110 1449//1449
f 1449//1449 2110//2110 2112//2112
f 1449//1449 2112//2112 1451//1451
f 1442//1442 1452//1452 2163//2163
f 2163//2163 1452//1452 1451//1451
f 2163//2163 1451//1451 2164//2164
f 2164//2164 1451//1451 2112//2112
f 2164//2164 2112//2112 2165//2165
f 2165//2165 2112//2112 2111//2111
f 1443//1443 1442//1442 2113//2113
f 2113//2113 1442//1442 2163//2163
f 2113//2113 2163//2163 2166//2166
f 2166//2166 2163//2163 2164//2164
f 2166//2166 2164//2164 2167//2167
f 2167//2167 2164//2164 2165//2165
f 2167//2167 2148//2148 2166//2166
f 2166//2166 2148//2148 2146//2146
f 2166//2166 2146//2146 2113//2113
f 2113//2113 2146//2146 2144//2144
f 2113//2113 2144//2144 1444//1444
f 1444//1444 2144//2144 2143//2143
f 1444//1444 2143//2143 1433//1433
f 1433//1433 2143//2143 1434//1434
f 2147//2147 2150//2150 2145//2145
f 2145//2145 2150//2150 2098//2098
f 2145//2145 2098//2098 2143//2143
f 2143//2143 2098//2098 2099//2099
f 2143//2143 2099//2099 1434//1434
f 1434//1434 2099//2099 2158//2158
f 1434//1434 2158//2158 1435//1435
f 1435//1435 2158//2158 2159//2159
f 1435//1435 2159//2159 1436//1436
f 1437//1437 1436//1436 2162//2162
f 2162//2162 1436//1436 2159//2159
f 2162//2162 2159//2159 2161//2161
f 2161//2161 2159//2159 2086//2086
f 2161//2161 2086//2086 2160//2160
f 2160//2160 2086//2086 2088//2088
f 2160//2160 2088//2088 2090//2090
f 2090//2090 2088//2088 2149//2149
f 2090//2090 2149//2149 2091//2091
f 2091//2091 2149//2149 2150//2150
f 2091//2091 2150//2150 2130//2130
f 2130//2130 2150//2150 2147//2147
f 2130//2130 2147//2147 2094//2094
f 2094//2094 2147//2147 2148//2148
f 2094//2094 2148//2148 2138//2138
f 2138//2138 2148//2148 2167//2167
f 2138//2138 2167//2167 2139//2139
f 2139//2139 2167//2167 2165//2165
f 2139//2139 2165//2165 2137//2137
f 2137//2137 2165//2165 2111//2111
f 2137//2137 2111//2111 2136//2136
f 2136//2136 2111//2111 2109//2109
f 2136//2136 2109//2109 2104//2104
f 2104//2104 2109//2109 2108//2108
f 2104//2104 2108//2108 2105//2105
f 2105//2105 2108//2108 1447//1447
f 2105//2105 1447//1447 2107//2107
f 2107//2107 1447//1447 1446//1446
f 2107//2107 1446//1446 1445//1445
f 1900//1900 1889//1889 2168//2168
f 2169//2169 2170//2170 2171//2171
f 2171//2171 2170//2170 2172//2172
f 2171//2171 2172//2172 2173//2173
f 2172//2172 2174//2174 2173//2173
f 2173//2173 2174//2174 1747//1747
f 2173//2173 1747//1747 2168//2168
f 1749//1749 1900//1900 1750//1750
f 1750//1750 1900//1900 2168//2168
f 1750//1750 2168//2168 1746//1746
f 1746//1746 2168//2168 1747//1747
f 2175//2175 2176//2176 2177//2177
f 1962//1962 1961//1961 2178//2178
f 1962//1962 2178//2178 1964//1964
f 1956//1956 1965//1965 2179//2179
f 2179//2179 1965//1965 2180//2180
f 2179//2179 2180//2180 2177//2177
f 1956//1956 2179//2179 1957//1957
f 1957//1957 2179//2179 2002//2002
f 1957//1957 2002//2002 1959//1959
f 2001//2001 2181//2181 1999//1999
f 1999//1999 2181//2181 2182//2182
f 1999//1999 2182//2182 1997//1997
f 2183//2183 2184//2184 2182//2182
f 2182//2182 2184//2184 2185//2185
f 2182//2182 2185//2185 1997//1997
f 1997//1997 2185//2185 2186//2186
f 1997//1997 2186//2186 1403//1403
f 2175//2175 2187//2187 2176//2176
f 2176//2176 2187//2187 2188//2188
f 2176//2176 2188//2188 2189//2189
f 1961//1961 1968//1968 2178//2178
f 2178//2178 1968//1968 2190//2190
f 2178//2178 2190//2190 2191//2191
f 2191//2191 2190//2190 2192//2192
f 2191//2191 2192//2192 2193//2193
f 2189//2189 2183//2183 2176//2176
f 2176//2176 2183//2183 2182//2182
f 2176//2176 2182//2182 2177//2177
f 2177//2177 2182//2182 2181//2181
f 2177//2177 2181//2181 2179//2179
f 2179//2179 2181//2181 2001//2001
f 2179//2179 2001//2001 2002//2002
f 2173//2173 2187//2187 2193//2193
f 2193//2193 2187//2187 2175//2175
f 2193//2193 2175//2175 2191//2191
f 2191//2191 2175//2175 2177//2177
f 2191//2191 2177//2177 2178//2178
f 2178//2178 2177//2177 2180//2180
f 2178//2178 2180//2180 1964//1964
f 1964//1964 2180//2180 1965//1965
f 2194//2194 1760//1760 1748//1748
f 2195//2195 2196//2196 2197//2197
f 2198//2198 2199//2199 2200//2200
f 1511//1511 1513//1513 2201//2201
f 2201//2201 1513//1513 1514//1514
f 2201//2201 1514//1514 2199//2199
f 2202//2202 2203//2203 2204//2204
f 2204//2204 2203//2203 2205//2205
f 2204//2204 2205//2205 2198//2198
f 2206//2206 2207//2207 2208//2208
f 2208//2208 2207//2207 2209//2209
f 2208//2208 2209//2209 2210//2210
f 2197//2197 2196//2196 2210//2210
f 2210//2210 2196//2196 2211//2211
f 2210//2210 2211//2211 2208//2208
f 2195//2195 2174//2174 2196//2196
f 2196//2196 2174//2174 2172//2172
f 2196//2196 2172//2172 2211//2211
f 2211//2211 2172//2172 2170//2170
f 2211//2211 2170//2170 2208//2208
f 2208//2208 2170//2170 2169//2169
f 2208//2208 2169//2169 2206//2206
f 1747//1747 2174//2174 1748//1748
f 1748//1748 2174//2174 2195//2195
f 1748//1748 2195//2195 2194//2194
f 2194//2194 2195//2195 2197//2197
f 2194//2194 2197//2197 2212//2212
f 2212//2212 2197//2197 2210//2210
f 2212//2212 2210//2210 2202//2202
f 2202//2202 2210//2210 2209//2209
f 2202//2202 2209//2209 2203//2203
f 2199//2199 1514//1514 2200//2200
f 2200//2200 1514//1514 1516//1516
f 2200//2200 1516//1516 1518//1518
f 1524//1524 2213//2213 1522//1522
f 1522//1522 2213//2213 2200//2200
f 1522//1522 2200//2200 1520//1520
f 1520//1520 2200//2200 1518//1518
f 1525//1525 1527//1527 1759//1759
f 2198//2198 2200//2200 2204//2204
f 2204//2204 2200//2200 2213//2213
f 2204//2204 2213//2213 2202//2202
f 2202//2202 2213//2213 1524//1524
f 2202//2202 1524//1524 2212//2212
f 2212//2212 1524//1524 1525//1525
f 2212//2212 1525//1525 2194//2194
f 2194//2194 1525//1525 1759//1759
f 2194//2194 1759//1759 1760//1760
f 1976//1976 1344//1344 1509//1509
f 1931//1931 1933//1933 2214//2214
f 2215//2215 2216//2216 2217//2217
f 2217//2217 2216//2216 2218//2218
f 2217//2217 2218//2218 2214//2214
f 2214//2214 2218//2218 2219//2219
f 2214//2214 2219//2219 1931//1931
f 2220//2220 2221//2221 2222//2222
f 2222//2222 2221//2221 2223//2223
f 2222//2222 2223//2223 2215//2215
f 2215//2215 2223//2223 2224//2224
f 2215//2215 2224//2224 2216//2216
f 2225//2225 2226//2226 2227//2227
f 2227//2227 2226//2226 2228//2228
f 2227//2227 2228//2228 2220//2220
f 2220//2220 2228//2228 2229//2229
f 2220//2220 2229//2229 2221//2221
f 2230//2230 2231//2231 2232//2232
f 2232//2232 2231//2231 2233//2233
f 2232//2232 2233//2233 2234//2234
f 2217//2217 2235//2235 2215//2215
f 2215//2215 2235//2235 2236//2236
f 2215//2215 2236//2236 2222//2222
f 2222//2222 2236//2236 2237//2237
f 2222//2222 2237//2237 2220//2220
f 2220//2220 2237//2237 2238//2238
f 2220//2220 2238//2238 2227//2227
f 1992//1992 1976//1976 2239//2239
f 2239//2239 1976//1976 1509//1509
f 2239//2239 1509//1509 2240//2240
f 2240//2240 1509//1509 1507//1507
f 2240//2240 1507//1507 1506//1506
f 1511//1511 2230//2230 1506//1506
f 1506//1506 2230//2230 2232//2232
f 1506//1506 2232//2232 2240//2240
f 2240//2240 2232//2232 2234//2234
f 2240//2240 2234//2234 2239//2239
f 2239//2239 2234//2234 2241//2241
f 2239//2239 2241//2241 1992//1992
f 1992//1992 2241//2241 2242//2242
f 1992//1992 2242//2242 1991//1991
f 1991//1991 2242//2242 2243//2243
f 1991//1991 2243//2243 1990//1990
f 1933//1933 1935//1935 2214//2214
f 2214//2214 1935//1935 1987//1987
f 2214//2214 1987//1987 2217//2217
f 2217//2217 1987//1987 1988//1988
f 2217//2217 1988//1988 2235//2235
f 2235//2235 1988//1988 1989//1989
f 1989//1989 1990//1990 2235//2235
f 2235//2235 1990//1990 2243//2243
f 2235//2235 2243//2243 2236//2236
f 2236//2236 2243//2243 2242//2242
f 2236//2236 2242//2242 2237//2237
f 2237//2237 2242//2242 2241//2241
f 2237//2237 2241//2241 2238//2238
f 2238//2238 2241//2241 2234//2234
f 2238//2238 2234//2234 2227//2227
f 2227//2227 2234//2234 2233//2233
f 2227//2227 2233//2233 2225//2225
f 2225//2225 2233//2233 2231//2231
f 1791//1791 1745//1745 1744//1744
f 1728//1728 1729//1729 1789//1789
f 1741//1741 1740//1740 2244//2244
f 2244//2244 1740//1740 1734//1734
f 1789//1789 2245//2245 1728//1728
f 1728//1728 2245//2245 2244//2244
f 1728//1728 2244//2244 1727//1727
f 1727//1727 2244//2244 1734//1734
f 1727//1727 1734//1734 1730//1730
f 1792//1792 2246//2246 1793//1793
f 1793//1793 2246//2246 2247//2247
f 1793//1793 2247//2247 1794//1794
f 1794//1794 2247//2247 2248//2248
f 1794//1794 2248//2248 1795//1795
f 1795//1795 2248//2248 1790//1790
f 1742//1742 1741//1741 2247//2247
f 2247//2247 1741//1741 2244//2244
f 2247//2247 2244//2244 2248//2248
f 2248//2248 2244//2244 2245//2245
f 2248//2248 2245//2245 1790//1790
f 1790//1790 2245//2245 1789//1789
f 1742//1742 2247//2247 1743//1743
f 1743//1743 2247//2247 2246//2246
f 1743//1743 2246//2246 1744//1744
f 1744//1744 2246//2246 1792//1792
f 1744//1744 1792//1792 1791//1791
f 2249//2249 2250//2250 2251//2251
f 2251//2251 2250//2250 2252//2252
f 1966//1966 1949//1949 2253//2253
f 1966//1966 2253//2253 2254//2254
f 2254//2254 2253//2253 2255//2255
f 2254//2254 2255//2255 2256//2256
f 2256//2256 2255//2255 2257//2257
f 2256//2256 2257//2257 2258//2258
f 2257//2257 2259//2259 2258//2258
f 2258//2258 2259//2259 2260//2260
f 2258//2258 2260//2260 2256//2256
f 2256//2256 2260//2260 2261//2261
f 2209//2209 2207//2207 2262//2262
f 2262//2262 2207//2207 2206//2206
f 2262//2262 2206//2206 2252//2252
f 2252//2252 2250//2250 2262//2262
f 2262//2262 2250//2250 2263//2263
f 2262//2262 2263//2263 2209//2209
f 2203//2203 2209//2209 2264//2264
f 2264//2264 2209//2209 2263//2263
f 2264//2264 2263//2263 2265//2265
f 2265//2265 2263//2263 2266//2266
f 2266//2266 2263//2263 2267//2267
f 2267//2267 2263//2263 2250//2250
f 2267//2267 2250//2250 2268//2268
f 2268//2268 2250//2250 2249//2249
f 2268//2268 2249//2249 2269//2269
f 1949//1949 1938//1938 2253//2253
f 2253//2253 1938//1938 2270//2270
f 2253//2253 2270//2270 2255//2255
f 2255//2255 2270//2270 2271//2271
f 2255//2255 2271//2271 2257//2257
f 2257//2257 2271//2271 2272//2272
f 2257//2257 2272//2272 2259//2259
f 2259//2259 2272//2272 2273//2273
f 2273//2273 2269//2269 2259//2259
f 2259//2259 2269//2269 2249//2249
f 2259//2259 2249//2249 2260//2260
f 2260//2260 2249//2249 2251//2251
f 2260//2260 2251//2251 2261//2261
f 2261//2261 2251//2251 2252//2252
f 2261//2261 2252//2252 2274//2274
f 2274//2274 2252//2252 2206//2206
f 2274//2274 2206//2206 2169//2169
f 2274//2274 2169//2169 2171//2171
f 1967//1967 1966//1966 2254//2254
f 2171//2171 2173//2173 2275//2275
f 2275//2275 2173//2173 2193//2193
f 2275//2275 2193//2193 2276//2276
f 2276//2276 2193//2193 2192//2192
f 2276//2276 2192//2192 2277//2277
f 2277//2277 2192//2192 2190//2190
f 2274//2274 2171//2171 2261//2261
f 2261//2261 2171//2171 2275//2275
f 2261//2261 2275//2275 2256//2256
f 2256//2256 2275//2275 2276//2276
f 2256//2256 2276//2276 2254//2254
f 2254//2254 2276//2276 2277//2277
f 2254//2254 2277//2277 1967//1967
f 1967//1967 2277//2277 2190//2190
f 1967//1967 2190//2190 1968//1968
f 2278//2278 2198//2198 2205//2205
f 2279//2279 2280//2280 2218//2218
f 1936//1936 1931//1931 2280//2280
f 2280//2280 1931//1931 2219//2219
f 2280//2280 2219//2219 2218//2218
f 2205//2205 2281//2281 2278//2278
f 2278//2278 2281//2281 2282//2282
f 2278//2278 2282//2282 2283//2283
f 2283//2283 2282//2282 2284//2284
f 2266//2266 2267//2267 2282//2282
f 2282//2282 2267//2267 2268//2268
f 2282//2282 2268//2268 2284//2284
f 2284//2284 2268//2268 2269//2269
f 2284//2284 2269//2269 2273//2273
f 2205//2205 2203//2203 2281//2281
f 2281//2281 2203//2203 2264//2264
f 2281//2281 2264//2264 2282//2282
f 2282//2282 2264//2264 2265//2265
f 2282//2282 2265//2265 2266//2266
f 1511//1511 2201//2201 2230//2230
f 2230//2230 2201//2201 2199//2199
f 2230//2230 2199//2199 2231//2231
f 2231//2231 2199//2199 2285//2285
f 2231//2231 2285//2285 2225//2225
f 2225//2225 2285//2285 2286//2286
f 2225//2225 2286//2286 2226//2226
f 2226//2226 2286//2286 2287//2287
f 2226//2226 2287//2287 2228//2228
f 2218//2218 2216//2216 2279//2279
f 2279//2279 2216//2216 2224//2224
f 2279//2279 2224//2224 2288//2288
f 2288//2288 2224//2224 2223//2223
f 2288//2288 2223//2223 2289//2289
f 2289//2289 2223//2223 2221//2221
f 2289//2289 2221//2221 2287//2287
f 2287//2287 2221//2221 2229//2229
f 2287//2287 2229//2229 2228//2228
f 1938//1938 1937//1937 2270//2270
f 2270//2270 1937//1937 2290//2290
f 2270//2270 2290//2290 2271//2271
f 2271//2271 2290//2290 2291//2291
f 2271//2271 2291//2291 2272//2272
f 2272//2272 2291//2291 2292//2292
f 2272//2272 2292//2292 2273//2273
f 2273//2273 2292//2292 2293//2293
f 2273//2273 2293//2293 2284//2284
f 2284//2284 2293//2293 2294//2294
f 2284//2284 2294//2294 2283//2283
f 1937//1937 1936//1936 2290//2290
f 2290//2290 1936//1936 2280//2280
f 2290//2290 2280//2280 2291//2291
f 2291//2291 2280//2280 2279//2279
f 2291//2291 2279//2279 2292//2292
f 2292//2292 2279//2279 2288//2288
f 2292//2292 2288//2288 2293//2293
f 2293//2293 2288//2288 2289//2289
f 2293//2293 2289//2289 2294//2294
f 2294//2294 2289//2289 2287//2287
f 2294//2294 2287//2287 2283//2283
f 2283//2283 2287//2287 2286//2286
f 2283//2283 2286//2286 2278//2278
f 2278//2278 2286//2286 2285//2285
f 2278//2278 2285//2285 2198//2198
f 2198//2198 2285//2285 2199//2199
f 2125//2125 2124//2124 2295//2295
f 2134//2134 2296//2296 2133//2133
f 2133//2133 2296//2296 2297//2297
f 2133//2133 2297//2297 2023//2023
f 2119//2119 2298//2298 2121//2121
f 2121//2121 2298//2298 2299//2299
f 2119//2119 2118//2118 2298//2298
f 2298//2298 2118//2118 2114//2114
f 2298//2298 2114//2114 2300//2300
f 2300//2300 2114//2114 2116//2116
f 2300//2300 2116//2116 2051//2051
f 2295//2295 2124//2124 2299//2299
f 2299//2299 2124//2124 2096//2096
f 2299//2299 2096//2096 2095//2095
f 2095//2095 2123//2123 2299//2299
f 2299//2299 2123//2123 2122//2122
f 2299//2299 2122//2122 2121//2121
f 2301//2301 2131//2131 2093//2093
f 2301//2301 2093//2093 2302//2302
f 2093//2093 2092//2092 2302//2302
f 2302//2302 2092//2092 2128//2128
f 2302//2302 2128//2128 2295//2295
f 2295//2295 2128//2128 2127//2127
f 2295//2295 2127//2127 2125//2125
f 2131//2131 2301//2301 2132//2132
f 2132//2132 2301//2301 2303//2303
f 2132//2132 2303//2303 2089//2089
f 2134//2134 2102//2102 2296//2296
f 2296//2296 2102//2102 2101//2101
f 2296//2296 2101//2101 2303//2303
f 2303//2303 2101//2101 2140//2140
f 2303//2303 2140//2140 2089//2089
f 2300//2300 2051//2051 2304//2304
f 2304//2304 2051//2051 2049//2049
f 2023//2023 2297//2297 2022//2022
f 2022//2022 2297//2297 2305//2305
f 2022//2022 2305//2305 2021//2021
f 2021//2021 2305//2305 2019//2019
f 2019//2019 2305//2305 2306//2306
f 2019//2019 2306//2306 2024//2024
f 2024//2024 2306//2306 2027//2027
f 2027//2027 2306//2306 2307//2307
f 2027//2027 2307//2307 2028//2028
f 2308//2308 2032//2032 2307//2307
f 2307//2307 2032//2032 2030//2030
f 2307//2307 2030//2030 2028//2028
f 2040//2040 2038//2038 2309//2309
f 2309//2309 2038//2038 2036//2036
f 2309//2309 2036//2036 2308//2308
f 2308//2308 2036//2036 2034//2034
f 2308//2308 2034//2034 2032//2032
f 2049//2049 2047//2047 2304//2304
f 2304//2304 2047//2047 2046//2046
f 2304//2304 2046//2046 2310//2310
f 2310//2310 2046//2046 2044//2044
f 2310//2310 2044//2044 2309//2309
f 2309//2309 2044//2044 2042//2042
f 2309//2309 2042//2042 2040//2040
f 2298//2298 1592//1592 2299//2299
f 2299//2299 1592//1592 1594//1594
f 2299//2299 1594//1594 2295//2295
f 2295//2295 1594//1594 1596//1596
f 2295//2295 1596//1596 2302//2302
f 2302//2302 1596//1596 1598//1598
f 2302//2302 1598//1598 2301//2301
f 2301//2301 1598//1598 1600//1600
f 2301//2301 1600//1600 2303//2303
f 2303//2303 1600//1600 1602//1602
f 2303//2303 1602//1602 2296//2296
f 2296//2296 1602//1602 1580//1580
f 2296//2296 1580//1580 2297//2297
f 2298//2298 2300//2300 1592//1592
f 1592//1592 2300//2300 2304//2304
f 1592//1592 2304//2304 1590//1590
f 1590//1590 2304//2304 2310//2310
f 1590//1590 2310//2310 1588//1588
f 1588//1588 2310//2310 2309//2309
f 1588//1588 2309//2309 1586//1586
f 1586//1586 2309//2309 2308//2308
f 1586//1586 2308//2308 1584//1584
f 1584//1584 2308//2308 2307//2307
f 1584//1584 2307//2307 1582//1582
f 1582//1582 2307//2307 2306//2306
f 1582//1582 2306//2306 1580//1580
f 1580//1580 2306//2306 2305//2305
f 1580//1580 2305//2305 2297//2297
f 1566//1566 1930//1930 1564//1564
f 1564//1564 1930//1930 1947//1947
f 1564//1564 1947//1947 1562//1562
f 1562//1562 1947//1947 1946//1946
f 1562//1562 1946//1946 1560//1560
f 1560//1560 1946//1946 1945//1945
f 1560//1560 1945//1945 1558//1558
f 1558//1558 1945//1945 1941//1941
f 1558//1558 1941//1941 1556//1556
f 1556//1556 1941//1941 1940//1940
f 1556//1556 1940//1940 1554//1554
f 1572//1572 1952//1952 1570//1570
f 1570//1570 1952//1952 1951//1951
f 1570//1570 1951//1951 1568//1568
f 1568//1568 1951//1951 1950//1950
f 1568//1568 1950//1950 1566//1566
f 1566//1566 1950//1950 1929//1929
f 1566//1566 1929//1929 1930//1930
f 1940//1940 1934//1934 1554//1554
f 1554//1554 1934//1934 1932//1932
f 1554//1554 1932//1932 1578//1578
f 1578//1578 1932//1932 1948//1948
f 1578//1578 1948//1948 1576//1576
f 1576//1576 1948//1948 1963//1963
f 1576//1576 1963//1963 1574//1574
f 1574//1574 1963//1963 1958//1958
f 1574//1574 1958//1958 1572//1572
f 1572//1572 1958//1958 1953//1953
f 1572//1572 1953//1953 1952//1952
f 1401//1401 2311//2311 2312//2312
f 1403//1403 2186//2186 1401//1401
f 1401//1401 2186//2186 2185//2185
f 2189//2189 2311//2311 2183//2183
f 2183//2183 2311//2311 1401//1401
f 2183//2183 1401//1401 2184//2184
f 2184//2184 1401//1401 2185//2185
f 2313//2313 1428//1428 2312//2312
f 2312//2312 1428//1428 1432//1432
f 2312//2312 1432//1432 1401//1401
f 1885//1885 1883//1883 2313//2313
f 2313//2313 1883//1883 1426//1426
f 2313//2313 1426//1426 1428//1428
f 1881//1881 1880//1880 2314//2314
f 2314//2314 1880//1880 1886//1886
f 2189//2189 2188//2188 2311//2311
f 2311//2311 2188//2188 2187//2187
f 2311//2311 2187//2187 2312//2312
f 2312//2312 2187//2187 2314//2314
f 2312//2312 2314//2314 2313//2313
f 2313//2313 2314//2314 1886//1886
f 2313//2313 1886//1886 1885//1885
f 1889//1889 1881//1881 2168//2168
f 2168//2168 1881//1881 2314//2314
f 2168//2168 2314//2314 2173//2173
f 2173//2173 2314//2314 2187//2187
f 1260//1260 1914//1914 1916//1916
f 1260//1260 1916//1916 1257//1257
f 1257//1257 1916//1916 1814//1814
f 1257//1257 1814//1814 1220//1220
f 1266//1266 1265//1265 1905//1905
f 1905//1905 1265//1265 1255//1255
f 1905//1905 1255//1255 1904//1904
f 1905//1905 1906//1906 1266//1266
f 1266//1266 1906//1906 1908//1908
f 1266//1266 1908//1908 1267//1267
f 1908//1908 1909//1909 1267//1267
f 1267//1267 1909//1909 1911//1911
f 1267//1267 1911//1911 1262//1262
f 1262//1262 1911//1911 1914//1914
f 1262//1262 1914//1914 1260//1260
f 1918//1918 1904//1904 1246//1246
f 1246//1246 1904//1904 1255//1255
f 1253//1253 1245//1245 1920//1920
f 1920//1920 1922//1922 1253//1253
f 1253//1253 1922//1922 1924//1924
f 1253//1253 1924//1924 1251//1251
f 1924//1924 1926//1926 1251//1251
f 1251//1251 1926//1926 1928//1928
f 1251//1251 1928//1928 1249//1249
f 1249//1249 1928//1928 1918//1918
f 1249//1249 1918//1918 1246//1246
f 1913//1913 1912//1912 1714//1714
f 1912//1912 1910//1910 1714//1714
f 1714//1714 1910//1910 1907//1907
f 1714//1714 1907//1907 1903//1903
f 1714//1714 1843//1843 1913//1913
f 1913//1913 1843//1843 1842//1842
f 1913//1913 1842//1842 1915//1915
f 1915//1915 1842//1842 1851//1851
f 1915//1915 1851//1851 1917//1917
f 1925//1925 1923//1923 1729//1729
f 1729//1729 1923//1923 1921//1921
f 1729//1729 1921//1921 1781//1781
f 1781//1781 1921//1921 1834//1834
f 1781//1781 1834//1834 1895//1895
f 1895//1895 1834//1834 1837//1837
f 1895//1895 1837//1837 1878//1878
f 1878//1878 1837//1837 1879//1879
f 1903//1903 1902//1902 1714//1714
f 1714//1714 1902//1902 1919//1919
f 1714//1714 1919//1919 1729//1729
f 1729//1729 1919//1919 1927//1927
f 1729//1729 1927//1927 1925//1925
f 1879//1879 1837//1837 1876//1876
f 1876//1876 1837//1837 1836//1836
f 1876//1876 1836//1836 1835//1835
f 1835//1835 1822//1822 1876//1876
f 1876//1876 1822//1822 1824//1824
f 1876//1876 1824//1824 1829//1829
f 1856//1856 1820//1820 1853//1853
f 1853//1853 1820//1820 1901//1901
f 1853//1853 1901//1901 1846//1846
f 1846//1846 1901//1901 1917//1917
f 1846//1846 1917//1917 1847//1847
f 1847//1847 1917//1917 1851//1851
f 1826//1826 1817//1817 1856//1856
f 1856//1856 1817//1817 1816//1816
f 1856//1856 1816//1816 1820//1820
f 1829//1829 1828//1828 1876//1876
f 1876//1876 1828//1828 1826//1826
f 1876//1876 1826//1826 1869//1869
f 1869//1869 1826//1826 1856//1856
f 1823//1823 1822//1822 1833//1833
f 1833//1833 1822//1822 1835//1835
f 1833//1833 1236//1236 1823//1823
f 1823//1823 1236//1236 1233//1233
f 1823//1823 1233//1233 1232//1232
f 1823//1823 1232//1232 1825//1825
f 1825//1825 1232//1232 1230//1230
f 1825//1825 1230//1230 1827//1827
f 1827//1827 1230//1230 1228//1228
f 1827//1827 1228//1228 1821//1821
f 1818//1818 1225//1225 1224//1224
f 1818//1818 1224//1224 1819//1819
f 1819//1819 1224//1224 1222//1222
f 1819//1819 1222//1222 1815//1815
f 1758//1758 1527//1527 1526//1526
f 1788//1788 1777//1777 1778//1778
f 1778//1778 1757//1757 1788//1788
f 1788//1788 1757//1757 1758//1758
f 1788//1788 1758//1758 1745//1745
f 1745//1745 1758//1758 1526//1526
f 1745//1745 1526//1526 1553//1553
f 1610//1610 1733//1733 1735//1735
f 1610//1610 1735//1735 1611//1611
f 1611//1611 1735//1735 1737//1737
f 1611//1611 1737//1737 1619//1619
f 1619//1619 1737//1737 1736//1736
f 1619//1619 1736//1736 1620//1620
f 1620//1620 1736//1736 1745//1745
f 1620//1620 1745//1745 1553//1553
f 2315//2315 2316//2316 1112//1112
f 1112//1112 2316//2316 1130//1130
f 1112//1112 1130//1130 1113//1113
f 1699//1699 2317//2317 2318//2318
f 2319//2319 2320//2320 1145//1145
f 1145//1145 2320//2320 2321//2321
f 1112//1112 1146//1146 2315//2315
f 2315//2315 1146//1146 1145//1145
f 2315//2315 1145//1145 2322//2322
f 2322//2322 1145//1145 2321//2321
f 1610//1610 2323//2323 1733//1733
f 1733//1733 2323//2323 2324//2324
f 1733//1733 2324//2324 1699//1699
f 1699//1699 2324//2324 2325//2325
f 1699//1699 2325//2325 2317//2317
f 1650//1650 1651//1651 2326//2326
f 2326//2326 1651//1651 1653//1653
f 1625//1625 1649//1649 1145//1145
f 1145//1145 1649//1649 1650//1650
f 1145//1145 1650//1650 2319//2319
f 2319//2319 1650//1650 2326//2326
f 1653//1653 1685//1685 2326//2326
f 2326//2326 1685//1685 1695//1695
f 2326//2326 1695//1695 1654//1654
f 1697//1697 1700//1700 1654//1654
f 1654//1654 1700//1700 1699//1699
f 1654//1654 1699//1699 2326//2326
f 2326//2326 1699//1699 2318//2318
f 2323//2323 1610//1610 1608//1608
f 2323//2323 1608//1608 2327//2327
f 1608//1608 1604//1604 2327//2327
f 2327//2327 1604//1604 1606//1606
f 2327//2327 1606//1606 2328//2328
f 2328//2328 1606//1606 1613//1613
f 2328//2328 1613//1613 2329//2329
f 2329//2329 1613//1613 1542//1542
f 2329//2329 1542//1542 2330//2330
f 2323//2323 2327//2327 2331//2331
f 2327//2327 2328//2328 2332//2332
f 2328//2328 2329//2329 2333//2333
f 2329//2329 2330//2330 2334//2334
f 2329//2329 2334//2334 2333//2333
f 2333//2333 2334//2334 2335//2335
f 2333//2333 2335//2335 2336//2336
f 2335//2335 2337//2337 2336//2336
f 2336//2336 2337//2337 2338//2338
f 2336//2336 2338//2338 2339//2339
f 2339//2339 2338//2338 2340//2340
f 2339//2339 2340//2340 2341//2341
f 2341//2341 2340//2340 2342//2342
f 2341//2341 2342//2342 2343//2343
f 2328//2328 2333//2333 2332//2332
f 2332//2332 2333//2333 2336//2336
f 2332//2332 2336//2336 2344//2344
f 2344//2344 2336//2336 2339//2339
f 2344//2344 2339//2339 2345//2345
f 2345//2345 2339//2339 2341//2341
f 2345//2345 2341//2341 2346//2346
f 2346//2346 2341//2341 2343//2343
f 2346//2346 2343//2343 2347//2347
f 2327//2327 2332//2332 2331//2331
f 2331//2331 2332//2332 2344//2344
f 2331//2331 2344//2344 2348//2348
f 2348//2348 2344//2344 2345//2345
f 2348//2348 2345//2345 2349//2349
f 2349//2349 2345//2345 2346//2346
f 2349//2349 2346//2346 2350//2350
f 2350//2350 2346//2346 2347//2347
f 2350//2350 2347//2347 2351//2351
f 2323//2323 2331//2331 2324//2324
f 2324//2324 2331//2331 2348//2348
f 2324//2324 2348//2348 2325//2325
f 2325//2325 2348//2348 2349//2349
f 2325//2325 2349//2349 2317//2317
f 2317//2317 2349//2349 2350//2350
f 2317//2317 2350//2350 2318//2318
f 2318//2318 2350//2350 2351//2351
f 2318//2318 2351//2351 2326//2326
f 2352//2352 2353//2353 2354//2354
f 2343//2343 2355//2355 2347//2347
f 2347//2347 2355//2355 2356//2356
f 2347//2347 2356//2356 2351//2351
f 2351//2351 2356//2356 2319//2319
f 2351//2351 2319//2319 2326//2326
f 2342//2342 2352//2352 2343//2343
f 2343//2343 2352//2352 2354//2354
f 2343//2343 2354//2354 2355//2355
f 2319//2319 2356//2356 2357//2357
f 2356//2356 2355//2355 2358//2358
f 2354//2354 2353//2353 2359//2359
f 2355//2355 2354//2354 2360//2360
f 2360//2360 2354//2354 2359//2359
f 2360//2360 2359//2359 2361//2361
f 2361//2361 2359//2359 2362//2362
f 2362//2362 2363//2363 2361//2361
f 2361//2361 2363//2363 2364//2364
f 2361//2361 2364//2364 2365//2365
f 2365//2365 2364//2364 2366//2366
f 2365//2365 2366//2366 2367//2367
f 2366//2366 2368//2368 2367//2367
f 2367//2367 2368//2368 2369//2369
f 2367//2367 2369//2369 2370//2370
f 2355//2355 2360//2360 2358//2358
f 2358//2358 2360//2360 2361//2361
f 2358//2358 2361//2361 2371//2371
f 2371//2371 2361//2361 2365//2365
f 2371//2371 2365//2365 2372//2372
f 2372//2372 2365//2365 2367//2367
f 2372//2372 2367//2367 2373//2373
f 2373//2373 2367//2367 2370//2370
f 2373//2373 2370//2370 2374//2374
f 2356//2356 2358//2358 2357//2357
f 2357//2357 2358//2358 2371//2371
f 2357//2357 2371//2371 2375//2375
f 2375//2375 2371//2371 2372//2372
f 2375//2375 2372//2372 2376//2376
f 2376//2376 2372//2372 2373//2373
f 2376//2376 2373//2373 2377//2377
f 2377//2377 2373//2373 2374//2374
f 2377//2377 2374//2374 2378//2378
f 2319//2319 2357//2357 2320//2320
f 2320//2320 2357//2357 2375//2375
f 2320//2320 2375//2375 2321//2321
f 2321//2321 2375//2375 2376//2376
f 2321//2321 2376//2376 2322//2322
f 2322//2322 2376//2376 2377//2377
f 2322//2322 2377//2377 2315//2315
f 2315//2315 2377//2377 2378//2378
f 2315//2315 2378//2378 2316//2316
f 1130//1130 2316//2316 2378//2378
f 1130//1130 2378//2378 2379//2379
f 2379//2379 2378//2378 2374//2374
f 2379//2379 2374//2374 2380//2380
f 2380//2380 2374//2374 2370//2370
f 2380//2380 2370//2370 2381//2381
f 2381//2381 2370//2370 2369//2369
f 2381//2381 2369//2369 2382//2382
f 1134//1134 1133//1133 2383//2383
f 1134//1134 2384//2384 2385//2385
f 2386//2386 2387//2387 2388//2388
f 2381//2381 2382//2382 2387//2387
f 2389//2389 2390//2390 2391//2391
f 2391//2391 2390//2390 2383//2383
f 2391//2391 2383//2383 2392//2392
f 2392//2392 2383//2383 1133//1133
f 2392//2392 1133//1133 1132//1132
f 2388//2388 2389//2389 2386//2386
f 2386//2386 2389//2389 2391//2391
f 2386//2386 2391//2391 2393//2393
f 2393//2393 2391//2391 2392//2392
f 2393//2393 2392//2392 2394//2394
f 2394//2394 2392//2392 1132//1132
f 2394//2394 1132//1132 1131//1131
f 2387//2387 2386//2386 2381//2381
f 2381//2381 2386//2386 2393//2393
f 2381//2381 2393//2393 2380//2380
f 2380//2380 2393//2393 2394//2394
f 2380//2380 2394//2394 2379//2379
f 2379//2379 2394//2394 1131//1131
f 2379//2379 1131//1131 1130//1130
f 2390//2390 1134//1134 2383//2383
f 2388//2388 2385//2385 2389//2389
f 2389//2389 2385//2385 2384//2384
f 2389//2389 2384//2384 2390//2390
f 2390//2390 2384//2384 1134//1134
f 1526//1526 1523//1523 2395//2395
f 1548//1548 1547//1547 2395//2395
f 2395//2395 1547//1547 1552//1552
f 2395//2395 1552//1552 1526//1526
f 1545//1545 1551//1551 2396//2396
f 2396//2396 2397//2397 1545//1545
f 1545//1545 2397//2397 2398//2398
f 1545//1545 2398//2398 1543//1543
f 1536//1536 2399//2399 1535//1535
f 1535//1535 2399//2399 2400//2400
f 1535//1535 2400//2400 1533//1533
f 1533//1533 2400//2400 2401//2401
f 1533//1533 2401//2401 1530//1530
f 2401//2401 2402//2402 1530//1530
f 1530//1530 2402//2402 1519//1519
f 1530//1530 1519//1519 1517//1517
f 1523//1523 1521//1521 2395//2395
f 2395//2395 1521//1521 2403//2403
f 2395//2395 2403//2403 1548//1548
f 1548//1548 2403//2403 2396//2396
f 1548//1548 2396//2396 1550//1550
f 1550//1550 2396//2396 1551//1551
f 1521//1521 1519//1519 2403//2403
f 2403//2403 1519//1519 2402//2402
f 2403//2403 2402//2402 2396//2396
f 2396//2396 2402//2402 2401//2401
f 2396//2396 2401//2401 2397//2397
f 2397//2397 2401//2401 2400//2400
f 2397//2397 2400//2400 2398//2398
f 2398//2398 2400//2400 2399//2399
f 2330//2330 1542//1542 2404//2404
f 2404//2404 1542//1542 1541//1541
f 2405//2405 2342//2342 2340//2340
f 2405//2405 2340//2340 2406//2406
f 2406//2406 2340//2340 2338//2338
f 2406//2406 2338//2338 2407//2407
f 2407//2407 2338//2338 2337//2337
f 2407//2407 2337//2337 2408//2408
f 2330//2330 2404//2404 2334//2334
f 2334//2334 2404//2404 2408//2408
f 2334//2334 2408//2408 2335//2335
f 2335//2335 2408//2408 2337//2337
f 2409//2409 2352//2352 2405//2405
f 2405//2405 2352//2352 2342//2342
f 2410//2410 2353//2353 2409//2409
f 2409//2409 2353//2353 2352//2352
f 2369//2369 2368//2368 2411//2411
f 2411//2411 2368//2368 2412//2412
f 2363//2363 2413//2413 2364//2364
f 2364//2364 2413//2413 2412//2412
f 2364//2364 2412//2412 2366//2366
f 2366//2366 2412//2412 2368//2368
f 2353//2353 2410//2410 2359//2359
f 2359//2359 2410//2410 2413//2413
f 2359//2359 2413//2413 2362//2362
f 2362//2362 2413//2413 2363//2363
f 2414//2414 2382//2382 2411//2411
f 2411//2411 2382//2382 2369//2369
f 2382//2382 2414//2414 2415//2415
f 2382//2382 2415//2415 2387//2387
f 2387//2387 2415//2415 2416//2416
f 2387//2387 2416//2416 2388//2388
f 2388//2388 2416//2416 2417//2417
f 2388//2388 2417//2417 2385//2385
f 2385//2385 2417//2417 1539//1539
f 2385//2385 1539//1539 1134//1134
f 1540//1540 1500//1500 1538//1538
f 1538//1538 1500//1500 1496//1496
f 1496//1496 1493//1493 1538//1538
f 1538//1538 1493//1493 1492//1492
f 1538//1538 1492//1492 1537//1537
f 1122//1122 1116//1116 1487//1487
f 1487//1487 1116//1116 1537//1537
f 1487//1487 1537//1537 1491//1491
f 1491//1491 1537//1537 1492//1492
f 1559//1559 1557//1557 1505//1505
f 2412//2412 2413//2413 2410//2410
f 1505//1505 1557//1557 1536//1536
f 1536//1536 1557//1557 1555//1555
f 1536//1536 1555//1555 2399//2399
f 1559//1559 1505//1505 1561//1561
f 1561//1561 1505//1505 1500//1500
f 1561//1561 1500//1500 1563//1563
f 1500//1500 1540//1540 1539//1539
f 2408//2408 2404//2404 2407//2407
f 2407//2407 2404//2404 1603//1603
f 1589//1589 2415//2415 1591//1591
f 1591//1591 2415//2415 2414//2414
f 1591//1591 2414//2414 1593//1593
f 1593//1593 2414//2414 2411//2411
f 1593//1593 2411//2411 1595//1595
f 1595//1595 2411//2411 1597//1597
f 1563//1563 1500//1500 1565//1565
f 1565//1565 1500//1500 1539//1539
f 1565//1565 1539//1539 1567//1567
f 2399//2399 1555//1555 2398//2398
f 2398//2398 1555//1555 1579//1579
f 2398//2398 1579//1579 1543//1543
f 1543//1543 1579//1579 1585//1585
f 1543//1543 1585//1585 1541//1541
f 1541//1541 1585//1585 1583//1583
f 1541//1541 1583//1583 2404//2404
f 2404//2404 1583//1583 1581//1581
f 2404//2404 1581//1581 1603//1603
f 2411//2411 2412//2412 1597//1597
f 1597//1597 2412//2412 2410//2410
f 1597//1597 2410//2410 1599//1599
f 1599//1599 2410//2410 2409//2409
f 1599//1599 2409//2409 1601//1601
f 1601//1601 2409//2409 2405//2405
f 1601//1601 2405//2405 1603//1603
f 1603//1603 2405//2405 2406//2406
f 1603//1603 2406//2406 2407//2407
f 1539//1539 2417//2417 1567//1567
f 1567//1567 2417//2417 2416//2416
f 1567//1567 2416//2416 1569//1569
f 1569//1569 2416//2416 2415//2415
f 1569//1569 2415//2415 1571//1571
f 1571//1571 2415//2415 1589//1589
f 1571//1571 1589//1589 1573//1573
f 1573//1573 1589//1589 1587//1587
f 1573//1573 1587//1587 1575//1575
f 1575//1575 1587//1587 1585//1585
f 1575//1575 1585//1585 1577//1577
f 1577//1577 1585//1585 1579//1579
f 1531//1531 2418//2418 1532//1532
f 1529//1529 1528//1528 2419//2419
f 2418//2418 1531//1531 2420//2420
f 2420//2420 1531//1531 1529//1529
f 2420//2420 1529//1529 2421//2421
f 2421//2421 1529//1529 2419//2419
f 2421//2421 2419//2419 2422//2422
f 2423//2423 1534//1534 1532//1532
f 2424//2424 1505//1505 1534//1534
f 1534//1534 2423//2423 2424//2424
f 2424//2424 2423//2423 2425//2425
f 2424//2424 2425//2425 2426//2426
f 2426//2426 2425//2425 2427//2427
f 2426//2426 2427//2427 2428//2428
f 2428//2428 2427//2427 2429//2429
f 2428//2428 2429//2429 2430//2430
f 1532//1532 2418//2418 2423//2423
f 2423//2423 2418//2418 2420//2420
f 2423//2423 2420//2420 2425//2425
f 2425//2425 2420//2420 2421//2421
f 2425//2425 2421//2421 2427//2427
f 2427//2427 2421//2421 2422//2422
f 2427//2427 2422//2422 2429//2429
f 1505//1505 2424//2424 1504//1504
f 1504//1504 2424//2424 2426//2426
f 1504//1504 2426//2426 1503//1503
f 1503//1503 2426//2426 2428//2428
f 1503//1503 2428//2428 1502//1502
f 1502//1502 2428//2428 2430//2430
f 1502//1502 2430//2430 1501//1501
f 2431//2431 1528//1528 1517//1517
f 1516//1516 1515//1515 1517//1517
f 1517//1517 1515//1515 2432//2432
f 2432//2432 2433//2433 1517//1517
f 1517//1517 2433//2433 2434//2434
f 1517//1517 2434//2434 2431//2431
f 2435//2435 1501//1501 2430//2430
f 2435//2435 2430//2430 2436//2436
f 2436//2436 2430//2430 2429//2429
f 2436//2436 2429//2429 2437//2437
f 2437//2437 2429//2429 2422//2422
f 2437//2437 2422//2422 2438//2438
f 2422//2422 2419//2419 2438//2438
f 2438//2438 2419//2419 1528//1528
f 2438//2438 1528//1528 2431//2431
f 2432//2432 1515//1515 1512//1512
f 2439//2439 2440//2440 2441//2441
f 2441//2441 2440//2440 2442//2442
f 2441//2441 2442//2442 2443//2443
f 2443//2443 2442//2442 2444//2444
f 2443//2443 2444//2444 2445//2445
f 2445//2445 2444//2444 2446//2446
f 2440//2440 2447//2447 2442//2442
f 2442//2442 2447//2447 2448//2448
f 2442//2442 2448//2448 2444//2444
f 2444//2444 2448//2448 2449//2449
f 2444//2444 2449//2449 2446//2446
f 2446//2446 2449//2449 2450//2450
f 2438//2438 2450//2450 2437//2437
f 2437//2437 2450//2450 2449//2449
f 2437//2437 2449//2449 2436//2436
f 2436//2436 2449//2449 2448//2448
f 2436//2436 2448//2448 2435//2435
f 2435//2435 2448//2448 2447//2447
f 1343//1343 2439//2439 1510//1510
f 1510//1510 2439//2439 2441//2441
f 1510//1510 2441//2441 1508//1508
f 1508//1508 2441//2441 2443//2443
f 1508//1508 2443//2443 1512//1512
f 1512//1512 2443//2443 2445//2445
f 1512//1512 2445//2445 2432//2432
f 2432//2432 2445//2445 2446//2446
f 2432//2432 2446//2446 2433//2433
f 2433//2433 2446//2446 2450//2450
f 2433//2433 2450//2450 2434//2434
f 2434//2434 2450//2450 2438//2438
f 2434//2434 2438//2438 2431//2431
f 2451//2451 1123//1123 1122//1122
f 1122//1122 1483//1483 2451//2451
f 2451//2451 1483//1483 1482//1482
f 2451//2451 1482//1482 2452//2452
f 2452//2452 1482//1482 1480//1480
f 2452//2452 1480//1480 2453//2453
f 2453//2453 1480//1480 1479//1479
f 2453//2453 1479//1479 2454//2454
f 1501//1501 2435//2435 2455//2455
f 2455//2455 2456//2456 1501//1501
f 1501//1501 2456//2456 2457//2457
f 1501//1501 2457//2457 1479//1479
f 1479//1479 2457//2457 2458//2458
f 1479//1479 2458//2458 2454//2454
f 2459//2459 2460//2460 2461//2461
f 1471//1471 1478//1478 1414//1414
f 1414//1414 1478//1478 1466//1466
f 1414//1414 1466//1466 1413//1413
f 2462//2462 2461//2461 2463//2463
f 2463//2463 2461//2461 1461//1461
f 2460//2460 1340//1340 2461//2461
f 2461//2461 1340//1340 1453//1453
f 2461//2461 1453//1453 1461//1461
f 1163//1163 2459//2459 1164//1164
f 1164//1164 2459//2459 2461//2461
f 1164//1164 2461//2461 1159//1159
f 1159//1159 2461//2461 2462//2462
f 1159//1159 2462//2462 2464//2464
f 2462//2462 1400//1400 2464//2464
f 2464//2464 1400//1400 1158//1158
f 2464//2464 1158//1158 1157//1157
f 1157//1157 1161//1161 2464//2464
f 2464//2464 1161//1161 1160//1160
f 2464//2464 1160//1160 1159//1159
f 1461//1461 1471//1471 2463//2463
f 2463//2463 1471//1471 1414//1414
f 2463//2463 1414//1414 2462//2462
f 2462//2462 1414//1414 1417//1417
f 2462//2462 1417//1417 1400//1400
f 1125//1125 2465//2465 1126//1126
f 1126//1126 2465//2465 2466//2466
f 1126//1126 2466//2466 1127//1127
f 2467//2467 2468//2468 2469//2469
f 2469//2469 2468//2468 2470//2470
f 2471//2471 2470//2470 2472//2472
f 2472//2472 2470//2470 2468//2468
f 2472//2472 2468//2468 2473//2473
f 2473//2473 2468//2468 2467//2467
f 2473//2473 2467//2467 2474//2474
f 1129//1129 1128//1128 2475//2475
f 2475//2475 1128//1128 2476//2476
f 2475//2475 2476//2476 2477//2477
f 1125//1125 1129//1129 2465//2465
f 2465//2465 1129//1129 2475//2475
f 2465//2465 2475//2475 2478//2478
f 2478//2478 2475//2475 2477//2477
f 2478//2478 2477//2477 2479//2479
f 2480//2480 2471//2471 2479//2479
f 2479//2479 2471//2471 2472//2472
f 2479//2479 2472//2472 2478//2478
f 2478//2478 2472//2472 2473//2473
f 2478//2478 2473//2473 2465//2465
f 2465//2465 2473//2473 2474//2474
f 2465//2465 2474//2474 2466//2466
f 2454//2454 2480//2480 2453//2453
f 2453//2453 2480//2480 2479//2479
f 2453//2453 2479//2479 2452//2452
f 2452//2452 2479//2479 2477//2477
f 2452//2452 2477//2477 2451//2451
f 2451//2451 2477//2477 2476//2476
f 2451//2451 2476//2476 1123//1123
f 1123//1123 2476//2476 1128//1128
f 2455//2455 2435//2435 2447//2447
f 1297//1297 2481//2481 1347//1347
f 2482//2482 2469//2469 2470//2470
f 2454//2454 2458//2458 2483//2483
f 2454//2454 2483//2483 2480//2480
f 2480//2480 2483//2483 2484//2484
f 2480//2480 2484//2484 2471//2471
f 2484//2484 2485//2485 2471//2471
f 2471//2471 2485//2485 2486//2486
f 2471//2471 2486//2486 2470//2470
f 2470//2470 2486//2486 2487//2487
f 2470//2470 2487//2487 2482//2482
f 1347//1347 2481//2481 1367//1367
f 1367//1367 2481//2481 2488//2488
f 1367//1367 2488//2488 1368//1368
f 2439//2439 1343//1343 1342//1342
f 2489//2489 2440//2440 1365//1365
f 1365//1365 2440//2440 2439//2439
f 1365//1365 2439//2439 1364//1364
f 1364//1364 2439//2439 1342//1342
f 2489//2489 2490//2490 2440//2440
f 2440//2440 2490//2490 2491//2491
f 2440//2440 2491//2491 2447//2447
f 2447//2447 2491//2491 2456//2456
f 2447//2447 2456//2456 2455//2455
f 1365//1365 1368//1368 2489//2489
f 2489//2489 1368//1368 2488//2488
f 2489//2489 2488//2488 2490//2490
f 2490//2490 2488//2488 2492//2492
f 2490//2490 2492//2492 2491//2491
f 2491//2491 2492//2492 2493//2493
f 2491//2491 2493//2493 2456//2456
f 2456//2456 2493//2493 2457//2457
f 1297//1297 2487//2487 2481//2481
f 2481//2481 2487//2487 2486//2486
f 2481//2481 2486//2486 2488//2488
f 2488//2488 2486//2486 2485//2485
f 2488//2488 2485//2485 2492//2492
f 2492//2492 2485//2485 2484//2484
f 2492//2492 2484//2484 2493//2493
f 2493//2493 2484//2484 2483//2483
f 2493//2493 2483//2483 2457//2457
f 2457//2457 2483//2483 2458//2458
f 1115//1115 1114//1114 2494//2494
f 2494//2494 1114//1114 2495//2495
f 2494//2494 2495//2495 2496//2496
f 2496//2496 2495//2495 2497//2497
f 2498//2498 2499//2499 2500//2500
f 2500//2500 2499//2499 2501//2501
f 2500//2500 2501//2501 2502//2502
f 2502//2502 2501//2501 2503//2503
f 2502//2502 2503//2503 2504//2504
f 2474//2474 2497//2497 2466//2466
f 2466//2466 2497//2497 2495//2495
f 2466//2466 2495//2495 1127//1127
f 1127//1127 2495//2495 1114//1114
f 2469//2469 2503//2503 2467//2467
f 2467//2467 2503//2503 2501//2501
f 2467//2467 2501//2501 2474//2474
f 2474//2474 2501//2501 2499//2499
f 2474//2474 2499//2499 2497//2497
f 2497//2497 2499//2499 2498//2498
f 2497//2497 2498//2498 2496//2496
f 1336//1336 1340//1340 2460//2460
f 2503//2503 2469//2469 2482//2482
f 2505//2505 2506//2506 2507//2507
f 2505//2505 2507//2507 1163//1163
f 2503//2503 2482//2482 2504//2504
f 2504//2504 2482//2482 2460//2460
f 2504//2504 2460//2460 2507//2507
f 2507//2507 2460//2460 2459//2459
f 2507//2507 2459//2459 1163//1163
f 2487//2487 1297//1297 1299//1299
f 1299//1299 1300//1300 2487//2487
f 2487//2487 1300//1300 1317//1317
f 2487//2487 1317//1317 2482//2482
f 2482//2482 1317//1317 1319//1319
f 1319//1319 1327//1327 2482//2482
f 2482//2482 1327//1327 1271//1271
f 2482//2482 1271//1271 2460//2460
f 2460//2460 1271//1271 1270//1270
f 2460//2460 1270//1270 1336//1336
f 2506//2506 2505//2505 2508//2508
f 2508//2508 2505//2505 2509//2509
f 2508//2508 2509//2509 2510//2510
f 2510//2510 2509//2509 2511//2511
f 2510//2510 2511//2511 2512//2512
f 2512//2512 2511//2511 2513//2513
f 2512//2512 2513//2513 2514//2514
f 2514//2514 2513//2513 2515//2515
f 2515//2515 2513//2513 2516//2516
f 2515//2515 2516//2516 2517//2517
f 2517//2517 2516//2516 2518//2518
f 2518//2518 2516//2516 2519//2519
f 2518//2518 2519//2519 2520//2520
f 2505//2505 1163//1163 2509//2509
f 2509//2509 1163//1163 1162//1162
f 2509//2509 1162//1162 2511//2511
f 2511//2511 1162//1162 1166//1166
f 2511//2511 1166//1166 2513//2513
f 2513//2513 1166//1166 1165//1165
f 2513//2513 1165//1165 2516//2516
f 2516//2516 1165//1165 1152//1152
f 2516//2516 1152//1152 2519//2519
f 2519//2519 1152//1152 1151//1151
f 1241//1241 1244//1244 1141//1141
f 1141//1141 1244//1244 1252//1252
f 1141//1141 1252//1252 1250//1250
f 1141//1141 2520//2520 1241//1241
f 1241//1241 2520//2520 2519//2519
f 1241//1241 2519//2519 1239//1239
f 1169//1169 1231//1231 1234//1234
f 1268//1268 1264//1264 1139//1139
f 1234//1234 1235//1235 1169//1169
f 1169//1169 1235//1235 1237//1237
f 1169//1169 1237//1237 1150//1150
f 1150//1150 1237//1237 1239//1239
f 1150//1150 1239//1239 1151//1151
f 1151//1151 1239//1239 2519//2519
f 1258//1258 1187//1187 1259//1259
f 1259//1259 1187//1187 1211//1211
f 1259//1259 1211//1211 1261//1261
f 1261//1261 1211//1211 1139//1139
f 1261//1261 1139//1139 1263//1263
f 1263//1263 1139//1139 1264//1264
f 1250//1250 1248//1248 1141//1141
f 1141//1141 1248//1248 1247//1247
f 1141//1141 1247//1247 1139//1139
f 1139//1139 1247//1247 1254//1254
f 1139//1139 1254//1254 1268//1268
f 1219//1219 1221//1221 1183//1183
f 1183//1183 1208//1208 1219//1219
f 1219//1219 1208//1208 1207//1207
f 1219//1219 1207//1207 1256//1256
f 1256//1256 1207//1207 1206//1206
f 1256//1256 1206//1206 1258//1258
f 1258//1258 1206//1206 1188//1188
f 1258//1258 1188//1188 1187//1187
f 1221//1221 1223//1223 1183//1183
f 1183//1183 1223//1223 1226//1226
f 1183//1183 1226//1226 1179//1179
f 1179//1179 1226//1226 1227//1227
f 1179//1179 1227//1227 1169//1169
f 1169//1169 1227//1227 1229//1229
f 1169//1169 1229//1229 1231//1231
f 1138//1138 1136//1136 2521//2521
f 1135//1135 1144//1144 2522//2522
f 2522//2522 1144//1144 1146//1146
f 2523//2523 2524//2524 2525//2525
f 2525//2525 2524//2524 2526//2526
f 2525//2525 2526//2526 2527//2527
f 1146//1146 2528//2528 2522//2522
f 2522//2522 2528//2528 2529//2529
f 2522//2522 2529//2529 2530//2530
f 1136//1136 1135//1135 2521//2521
f 2521//2521 1135//1135 2522//2522
f 2521//2521 2522//2522 2531//2531
f 2531//2531 2522//2522 2530//2530
f 2531//2531 2530//2530 2532//2532
f 2532//2532 2533//2533 2531//2531
f 2531//2531 2533//2533 2534//2534
f 2531//2531 2534//2534 2521//2521
f 2521//2521 2534//2534 2535//2535
f 2521//2521 2535//2535 1138//1138
f 1138//1138 2535//2535 1140//1140
f 1141//1141 1140//1140 2536//2536
f 2536//2536 1140//1140 2535//2535
f 2536//2536 2535//2535 2537//2537
f 2537//2537 2535//2535 2534//2534
f 2537//2537 2534//2534 2538//2538
f 2538//2538 2534//2534 2533//2533
f 2538//2538 2533//2533 2527//2527
f 2532//2532 2527//2527 2533//2533
f 2529//2529 2523//2523 2530//2530
f 2530//2530 2523//2523 2525//2525
f 2530//2530 2525//2525 2532//2532
f 2532//2532 2525//2525 2527//2527
f 2523//2523 1111//1111 2524//2524
f 2524//2524 1111//1111 1120//1120
f 2524//2524 1120//1120 2526//2526
f 2526//2526 1120//1120 1117//1117
f 2526//2526 1117//1117 2527//2527
f 1146//1146 1112//1112 2528//2528
f 2528//2528 1112//1112 1111//1111
f 2528//2528 1111//1111 2529//2529
f 2529//2529 1111//1111 2523//2523
f 2504//2504 2507//2507 2539//2539
f 2540//2540 2541//2541 2542//2542
f 2540//2540 2542//2542 2543//2543
f 2543//2543 2542//2542 2539//2539
f 2543//2543 2539//2539 2544//2544
f 2544//2544 2539//2539 2507//2507
f 2544//2544 2507//2507 2506//2506
f 2504//2504 2539//2539 2502//2502
f 2502//2502 2539//2539 2542//2542
f 2502//2502 2542//2542 2500//2500
f 2500//2500 2542//2542 2541//2541
f 2500//2500 2541//2541 2498//2498
f 2510//2510 2512//2512 2545//2545
f 2545//2545 2512//2512 2514//2514
f 2546//2546 2547//2547 2548//2548
f 2549//2549 2550//2550 2551//2551
f 2550//2550 2549//2549 2552//2552
f 2552//2552 2549//2549 2553//2553
f 2552//2552 2553//2553 2554//2554
f 2555//2555 2554//2554 2556//2556
f 2556//2556 2554//2554 2553//2553
f 2556//2556 2553//2553 2557//2557
f 2557//2557 2553//2553 2549//2549
f 2557//2557 2549//2549 2558//2558
f 2544//2544 2506//2506 2559//2559
f 2559//2559 2506//2506 2508//2508
f 2559//2559 2508//2508 2510//2510
f 2510//2510 2545//2545 2559//2559
f 2559//2559 2545//2545 2560//2560
f 2559//2559 2560//2560 2544//2544
f 2544//2544 2560//2560 2561//2561
f 2544//2544 2561//2561 2543//2543
f 2540//2540 2551//2551 2562//2562
f 2562//2562 2551//2551 2550//2550
f 2562//2562 2550//2550 2548//2548
f 2548//2548 2550//2550 2552//2552
f 2548//2548 2552//2552 2546//2546
f 2546//2546 2552//2552 2554//2554
f 2546//2546 2554//2554 2563//2563
f 2563//2563 2554//2554 2555//2555
f 2563//2563 2555//2555 2564//2564
f 2564//2564 2555//2555 2518//2518
f 2564//2564 2518//2518 2520//2520
f 2540//2540 2543//2543 2551//2551
f 2551//2551 2543//2543 2561//2561
f 2551//2551 2561//2561 2549//2549
f 2549//2549 2561//2561 2560//2560
f 2549//2549 2560//2560 2558//2558
f 2558//2558 2560//2560 2545//2545
f 2558//2558 2545//2545 2557//2557
f 2557//2557 2545//2545 2514//2514
f 2557//2557 2514//2514 2556//2556
f 2556//2556 2514//2514 2515//2515
f 2556//2556 2515//2515 2555//2555
f 2555//2555 2515//2515 2517//2517
f 2555//2555 2517//2517 2518//2518
f 2538//2538 2527//2527 2547//2547
f 2564//2564 2520//2520 1141//1141
f 1141//1141 2536//2536 2564//2564
f 2564//2564 2536//2536 2537//2537
f 2564//2564 2537//2537 2563//2563
f 2563//2563 2537//2537 2538//2538
f 2563//2563 2538//2538 2546//2546
f 2546//2546 2538//2538 2547//2547
f 2496//2496 2498//2498 2541//2541
f 2540//2540 2562//2562 2548//2548
f 2527//2527 1117//1117 2547//2547
f 2547//2547 1117//1117 1115//1115
f 2548//2548 2547//2547 2540//2540
f 2540//2540 2547//2547 1115//1115
f 2540//2540 1115//1115 2541//2541
f 2541//2541 1115//1115 2494//2494
f 2541//2541 2494//2494 2496//2496
# 5128 faces, 0 coords texture

# End of File
