# Blender 3.6.2
# www.blender.org
mtllib calf.mtl
o calf_dyn
v -0.012742 -0.216241 0.009500
v -0.013652 -0.215827 0.009500
v -0.013652 -0.215827 0.012500
v -0.012742 -0.216241 -0.000500
v -0.013652 -0.215827 -0.000500
v -0.013652 -0.215827 0.000500
v -0.013652 -0.215827 -0.012500
v -0.013652 -0.215827 -0.009500
v -0.012742 -0.216241 -0.009500
v 0.000000 -0.222041 0.012500
v 0.000000 -0.222041 0.009500
v -0.010922 -0.217070 0.009500
v -0.012742 -0.216241 0.007500
v -0.013652 -0.215827 0.007500
v -0.013652 -0.215827 0.008500
v -0.012742 -0.216241 0.008500
v -0.010922 -0.217070 -0.009500
v -0.012742 -0.216241 0.000500
v -0.012742 -0.216241 0.001500
v -0.012742 -0.216241 -0.008500
v -0.000000 -0.222041 -0.012500
v -0.000000 -0.222041 -0.009500
v -0.013652 -0.215827 -0.008500
v -0.013652 -0.215827 -0.007500
v -0.012742 -0.216241 -0.007500
v -0.012742 -0.216241 -0.006500
v -0.013652 -0.215827 0.001500
v -0.013652 -0.215827 0.002500
v -0.012742 -0.216241 0.002500
v -0.012742 -0.216241 0.003500
v -0.013652 -0.215827 0.003500
v -0.013652 -0.215827 0.004500
v -0.012742 -0.216241 0.004500
v -0.012742 -0.216241 0.005500
v -0.013652 -0.215827 0.005500
v -0.013652 -0.215827 0.006500
v -0.012742 -0.216241 0.006500
v -0.013652 -0.215827 -0.006500
v -0.013652 -0.215827 -0.005500
v -0.012742 -0.216241 -0.005500
v -0.012742 -0.216241 -0.004500
v -0.013652 -0.215827 -0.004500
v -0.013652 -0.215827 -0.003500
v -0.012742 -0.216241 -0.003500
v -0.012742 -0.216241 -0.002500
v -0.013652 -0.215827 -0.002500
v -0.013652 -0.215827 -0.001500
v -0.012742 -0.216241 -0.001500
v -0.014227 -0.217288 -0.008500
v -0.014227 -0.217288 -0.007500
v -0.014646 -0.218801 -0.008500
v -0.014646 -0.218801 -0.007500
v -0.014904 -0.220350 -0.008500
v -0.014904 -0.220350 -0.007500
v -0.014999 -0.221917 -0.008500
v -0.014999 -0.221917 -0.007500
v -0.014930 -0.223486 -0.008500
v -0.014930 -0.223486 -0.007500
v -0.014697 -0.225039 -0.008500
v -0.014697 -0.225039 -0.007500
v -0.014304 -0.226558 -0.008500
v -0.014304 -0.226558 -0.007500
v -0.013753 -0.228029 -0.008500
v -0.013753 -0.228029 -0.007500
v -0.013052 -0.229434 -0.008500
v -0.013052 -0.229434 -0.007500
v -0.012207 -0.230757 -0.008500
v -0.012207 -0.230757 -0.007500
v -0.011229 -0.231986 -0.008500
v -0.011229 -0.231986 -0.007500
v -0.010128 -0.233105 -0.008500
v -0.010128 -0.233105 -0.007500
v -0.008916 -0.234103 -0.008500
v -0.008916 -0.234103 -0.007500
v -0.007607 -0.234969 -0.008500
v -0.007607 -0.234969 -0.007500
v -0.006214 -0.235693 -0.008500
v -0.006214 -0.235693 -0.007500
v -0.004753 -0.236268 -0.008500
v -0.004753 -0.236268 -0.007500
v -0.003239 -0.236687 -0.008500
v -0.003239 -0.236687 -0.007500
v -0.001691 -0.236945 -0.008500
v -0.001691 -0.236945 -0.007500
v -0.000124 -0.237040 -0.008500
v -0.000124 -0.237040 -0.007500
v 0.001445 -0.236971 -0.008500
v 0.001445 -0.236971 -0.007500
v 0.002998 -0.236738 -0.008500
v 0.002998 -0.236738 -0.007500
v 0.004518 -0.236344 -0.008500
v 0.004518 -0.236344 -0.007500
v 0.005988 -0.235794 -0.008500
v 0.005988 -0.235794 -0.007500
v 0.007393 -0.235093 -0.008500
v 0.007393 -0.235093 -0.007500
v 0.008716 -0.234248 -0.008500
v 0.008716 -0.234248 -0.007500
v 0.009945 -0.233270 -0.008500
v 0.009945 -0.233270 -0.007500
v 0.011064 -0.232169 -0.008500
v 0.011064 -0.232169 -0.007500
v 0.012062 -0.230957 -0.008500
v 0.012062 -0.230957 -0.007500
v 0.012928 -0.229648 -0.008500
v 0.012928 -0.229648 -0.007500
v 0.013652 -0.228255 -0.008500
v 0.013652 -0.228255 -0.007500
v 0.014227 -0.226794 -0.008500
v 0.014227 -0.226794 -0.007500
v 0.014646 -0.225280 -0.008500
v 0.014646 -0.225280 -0.007500
v 0.014904 -0.223732 -0.008500
v 0.014904 -0.223732 -0.007500
v 0.014999 -0.222164 -0.008500
v 0.014999 -0.222164 -0.007500
v 0.014930 -0.220596 -0.008500
v 0.014930 -0.220596 -0.007500
v -0.014227 -0.217288 -0.012500
v -0.014227 -0.217288 -0.009500
v -0.014646 -0.218801 -0.012500
v -0.014646 -0.218801 -0.009500
v -0.014904 -0.220350 -0.012500
v -0.014904 -0.220350 -0.009500
v -0.014999 -0.221917 -0.012500
v -0.014999 -0.221917 -0.009500
v -0.014930 -0.223486 -0.012500
v -0.014930 -0.223486 -0.009500
v -0.014697 -0.225039 -0.012500
v -0.014697 -0.225039 -0.009500
v -0.014304 -0.226558 -0.012500
v -0.014304 -0.226558 -0.009500
v -0.013753 -0.228029 -0.012500
v -0.013753 -0.228029 -0.009500
v -0.013052 -0.229434 -0.012500
v -0.013052 -0.229434 -0.009500
v -0.012207 -0.230757 -0.012500
v -0.012207 -0.230757 -0.009500
v -0.011229 -0.231986 -0.012500
v -0.011229 -0.231986 -0.009500
v -0.010128 -0.233105 -0.012500
v -0.010128 -0.233105 -0.009500
v -0.008916 -0.234103 -0.012500
v -0.008916 -0.234103 -0.009500
v -0.007607 -0.234969 -0.012500
v -0.007607 -0.234969 -0.009500
v -0.006214 -0.235693 -0.012500
v -0.006214 -0.235693 -0.009500
v -0.004753 -0.236268 -0.012500
v -0.004753 -0.236268 -0.009500
v -0.003239 -0.236687 -0.012500
v -0.003239 -0.236687 -0.009500
v -0.001691 -0.236945 -0.012500
v -0.001691 -0.236945 -0.009500
v -0.000124 -0.237040 -0.012500
v -0.000124 -0.237040 -0.009500
v 0.001445 -0.236971 -0.012500
v 0.001445 -0.236971 -0.009500
v 0.002998 -0.236738 -0.012500
v 0.002998 -0.236738 -0.009500
v 0.004518 -0.236344 -0.012500
v 0.004518 -0.236344 -0.009500
v 0.005988 -0.235794 -0.012500
v 0.005988 -0.235794 -0.009500
v 0.007393 -0.235093 -0.012500
v 0.007393 -0.235093 -0.009500
v 0.008716 -0.234248 -0.012500
v 0.008716 -0.234248 -0.009500
v 0.009945 -0.233270 -0.012500
v 0.009945 -0.233270 -0.009500
v 0.011064 -0.232169 -0.012500
v 0.011064 -0.232169 -0.009500
v 0.012062 -0.230957 -0.012500
v 0.012062 -0.230957 -0.009500
v 0.012928 -0.229648 -0.012500
v 0.012928 -0.229648 -0.009500
v 0.013652 -0.228255 -0.012500
v 0.013652 -0.228255 -0.009500
v 0.014227 -0.226794 -0.012500
v 0.014227 -0.226794 -0.009500
v 0.014646 -0.225280 -0.012500
v 0.014646 -0.225280 -0.009500
v 0.014904 -0.223732 -0.012500
v 0.014904 -0.223732 -0.009500
v 0.014999 -0.222164 -0.012500
v 0.014999 -0.222164 -0.009500
v 0.014930 -0.220596 -0.012500
v 0.014930 -0.220596 -0.009500
v -0.014227 -0.217288 -0.000500
v -0.014227 -0.217288 0.000500
v -0.014646 -0.218801 -0.000500
v -0.014646 -0.218801 0.000500
v -0.014904 -0.220350 -0.000500
v -0.014904 -0.220350 0.000500
v -0.014999 -0.221917 -0.000500
v -0.014999 -0.221917 0.000500
v -0.014930 -0.223486 -0.000500
v -0.014930 -0.223486 0.000500
v -0.014697 -0.225039 -0.000500
v -0.014697 -0.225039 0.000500
v -0.014304 -0.226558 -0.000500
v -0.014304 -0.226558 0.000500
v -0.013753 -0.228029 -0.000500
v -0.013753 -0.228029 0.000500
v -0.013052 -0.229434 -0.000500
v -0.013052 -0.229434 0.000500
v -0.012207 -0.230757 -0.000500
v -0.012207 -0.230757 0.000500
v -0.011229 -0.231986 -0.000500
v -0.011229 -0.231986 0.000500
v -0.010128 -0.233105 -0.000500
v -0.010128 -0.233105 0.000500
v -0.008916 -0.234103 -0.000500
v -0.008916 -0.234103 0.000500
v -0.007607 -0.234969 -0.000500
v -0.007607 -0.234969 0.000500
v -0.006214 -0.235693 -0.000500
v -0.006214 -0.235693 0.000500
v -0.004753 -0.236268 -0.000500
v -0.004753 -0.236268 0.000500
v -0.003239 -0.236687 -0.000500
v -0.003239 -0.236687 0.000500
v -0.001691 -0.236945 -0.000500
v -0.001691 -0.236945 0.000500
v -0.000124 -0.237040 -0.000500
v -0.000124 -0.237040 0.000500
v 0.001445 -0.236971 -0.000500
v 0.001445 -0.236971 0.000500
v 0.002998 -0.236738 -0.000500
v 0.002998 -0.236738 0.000500
v 0.004518 -0.236344 -0.000500
v 0.004518 -0.236344 0.000500
v 0.005988 -0.235794 -0.000500
v 0.005988 -0.235794 0.000500
v 0.007393 -0.235093 -0.000500
v 0.007393 -0.235093 0.000500
v 0.008716 -0.234248 -0.000500
v 0.008716 -0.234248 0.000500
v 0.009945 -0.233270 -0.000500
v 0.009945 -0.233270 0.000500
v 0.011064 -0.232169 -0.000500
v 0.011064 -0.232169 0.000500
v 0.012062 -0.230957 -0.000500
v 0.012062 -0.230957 0.000500
v 0.012928 -0.229648 -0.000500
v 0.012928 -0.229648 0.000500
v 0.013652 -0.228255 -0.000500
v 0.013652 -0.228255 0.000500
v 0.014227 -0.226794 -0.000500
v 0.014227 -0.226794 0.000500
v 0.014646 -0.225280 -0.000500
v 0.014646 -0.225280 0.000500
v 0.014904 -0.223732 -0.000500
v 0.014904 -0.223732 0.000500
v 0.014999 -0.222164 -0.000500
v 0.014999 -0.222164 0.000500
v 0.014930 -0.220596 -0.000500
v 0.014930 -0.220596 0.000500
v -0.014227 -0.217288 -0.002500
v -0.014227 -0.217288 -0.001500
v -0.014646 -0.218801 -0.002500
v -0.014646 -0.218801 -0.001500
v -0.014904 -0.220350 -0.002500
v -0.014904 -0.220350 -0.001500
v -0.014999 -0.221917 -0.002500
v -0.014999 -0.221917 -0.001500
v -0.014930 -0.223486 -0.002500
v -0.014930 -0.223486 -0.001500
v -0.014697 -0.225039 -0.002500
v -0.014697 -0.225039 -0.001500
v -0.014304 -0.226558 -0.002500
v -0.014304 -0.226558 -0.001500
v -0.013753 -0.228029 -0.002500
v -0.013753 -0.228029 -0.001500
v -0.013052 -0.229434 -0.002500
v -0.013052 -0.229434 -0.001500
v -0.012207 -0.230757 -0.002500
v -0.012207 -0.230757 -0.001500
v -0.011229 -0.231986 -0.002500
v -0.011229 -0.231986 -0.001500
v -0.010128 -0.233105 -0.002500
v -0.010128 -0.233105 -0.001500
v -0.008916 -0.234103 -0.002500
v -0.008916 -0.234103 -0.001500
v -0.007607 -0.234969 -0.002500
v -0.007607 -0.234969 -0.001500
v -0.006214 -0.235693 -0.002500
v -0.006214 -0.235693 -0.001500
v -0.004753 -0.236268 -0.002500
v -0.004753 -0.236268 -0.001500
v -0.003239 -0.236687 -0.002500
v -0.003239 -0.236687 -0.001500
v -0.001691 -0.236945 -0.002500
v -0.001691 -0.236945 -0.001500
v -0.000124 -0.237040 -0.002500
v -0.000124 -0.237040 -0.001500
v 0.001445 -0.236971 -0.002500
v 0.001445 -0.236971 -0.001500
v 0.002998 -0.236738 -0.002500
v 0.002998 -0.236738 -0.001500
v 0.004518 -0.236344 -0.002500
v 0.004518 -0.236344 -0.001500
v 0.005988 -0.235794 -0.002500
v 0.005988 -0.235794 -0.001500
v 0.007393 -0.235093 -0.002500
v 0.007393 -0.235093 -0.001500
v 0.008716 -0.234248 -0.002500
v 0.008716 -0.234248 -0.001500
v 0.009945 -0.233270 -0.002500
v 0.009945 -0.233270 -0.001500
v 0.011064 -0.232169 -0.002500
v 0.011064 -0.232169 -0.001500
v 0.012062 -0.230957 -0.002500
v 0.012062 -0.230957 -0.001500
v 0.012928 -0.229648 -0.002500
v 0.012928 -0.229648 -0.001500
v 0.013652 -0.228255 -0.002500
v 0.013652 -0.228255 -0.001500
v 0.014227 -0.226794 -0.002500
v 0.014227 -0.226794 -0.001500
v 0.014646 -0.225280 -0.002500
v 0.014646 -0.225280 -0.001500
v 0.014904 -0.223732 -0.002500
v 0.014904 -0.223732 -0.001500
v 0.014999 -0.222164 -0.002500
v 0.014999 -0.222164 -0.001500
v 0.014930 -0.220596 -0.002500
v 0.014930 -0.220596 -0.001500
v -0.014227 -0.217288 0.001500
v -0.014227 -0.217288 0.002500
v -0.014646 -0.218801 0.001500
v -0.014646 -0.218801 0.002500
v -0.014904 -0.220350 0.001500
v -0.014904 -0.220350 0.002500
v -0.014999 -0.221917 0.001500
v -0.014999 -0.221917 0.002500
v -0.014930 -0.223486 0.001500
v -0.014930 -0.223486 0.002500
v -0.014697 -0.225039 0.001500
v -0.014697 -0.225039 0.002500
v -0.014304 -0.226558 0.001500
v -0.014304 -0.226558 0.002500
v -0.013753 -0.228029 0.001500
v -0.013753 -0.228029 0.002500
v -0.013052 -0.229434 0.001500
v -0.013052 -0.229434 0.002500
v -0.012207 -0.230757 0.001500
v -0.012207 -0.230757 0.002500
v -0.011229 -0.231986 0.001500
v -0.011229 -0.231986 0.002500
v -0.010128 -0.233105 0.001500
v -0.010128 -0.233105 0.002500
v -0.008916 -0.234103 0.001500
v -0.008916 -0.234103 0.002500
v -0.007607 -0.234969 0.001500
v -0.007607 -0.234969 0.002500
v -0.006214 -0.235693 0.001500
v -0.006214 -0.235693 0.002500
v -0.004753 -0.236268 0.001500
v -0.004753 -0.236268 0.002500
v -0.003239 -0.236687 0.001500
v -0.003239 -0.236687 0.002500
v -0.001691 -0.236945 0.001500
v -0.001691 -0.236945 0.002500
v -0.000124 -0.237040 0.001500
v -0.000124 -0.237040 0.002500
v 0.001445 -0.236971 0.001500
v 0.001445 -0.236971 0.002500
v 0.002998 -0.236738 0.001500
v 0.002998 -0.236738 0.002500
v 0.004518 -0.236344 0.001500
v 0.004518 -0.236344 0.002500
v 0.005988 -0.235794 0.001500
v 0.005988 -0.235794 0.002500
v 0.007393 -0.235093 0.001500
v 0.007393 -0.235093 0.002500
v 0.008716 -0.234248 0.001500
v 0.008716 -0.234248 0.002500
v 0.009945 -0.233270 0.001500
v 0.009945 -0.233270 0.002500
v 0.011064 -0.232169 0.001500
v 0.011064 -0.232169 0.002500
v 0.012062 -0.230957 0.001500
v 0.012062 -0.230957 0.002500
v 0.012928 -0.229648 0.001500
v 0.012928 -0.229648 0.002500
v 0.013652 -0.228255 0.001500
v 0.013652 -0.228255 0.002500
v 0.014227 -0.226794 0.001500
v 0.014227 -0.226794 0.002500
v 0.014646 -0.225280 0.001500
v 0.014646 -0.225280 0.002500
v 0.014904 -0.223732 0.001500
v 0.014904 -0.223732 0.002500
v 0.014999 -0.222164 0.001500
v 0.014999 -0.222164 0.002500
v 0.014930 -0.220596 0.001500
v 0.014930 -0.220596 0.002500
v -0.014227 -0.217288 0.003500
v -0.014227 -0.217288 0.004500
v -0.014646 -0.218801 0.003500
v -0.014646 -0.218801 0.004500
v -0.014904 -0.220350 0.003500
v -0.014904 -0.220350 0.004500
v -0.014999 -0.221917 0.003500
v -0.014999 -0.221917 0.004500
v -0.014930 -0.223486 0.003500
v -0.014930 -0.223486 0.004500
v -0.014697 -0.225039 0.003500
v -0.014697 -0.225039 0.004500
v -0.014304 -0.226558 0.003500
v -0.014304 -0.226558 0.004500
v -0.013753 -0.228029 0.003500
v -0.013753 -0.228029 0.004500
v -0.013052 -0.229434 0.003500
v -0.013052 -0.229434 0.004500
v -0.012207 -0.230757 0.003500
v -0.012207 -0.230757 0.004500
v -0.011229 -0.231986 0.003500
v -0.011229 -0.231986 0.004500
v -0.010128 -0.233105 0.003500
v -0.010128 -0.233105 0.004500
v -0.008916 -0.234103 0.003500
v -0.008916 -0.234103 0.004500
v -0.007607 -0.234969 0.003500
v -0.007607 -0.234969 0.004500
v -0.006214 -0.235693 0.003500
v -0.006214 -0.235693 0.004500
v -0.004753 -0.236268 0.003500
v -0.004753 -0.236268 0.004500
v -0.003239 -0.236687 0.003500
v -0.003239 -0.236687 0.004500
v -0.001691 -0.236945 0.003500
v -0.001691 -0.236945 0.004500
v -0.000124 -0.237040 0.003500
v -0.000124 -0.237040 0.004500
v 0.001445 -0.236971 0.003500
v 0.001445 -0.236971 0.004500
v 0.002998 -0.236738 0.003500
v 0.002998 -0.236738 0.004500
v 0.004518 -0.236344 0.003500
v 0.004518 -0.236344 0.004500
v 0.005988 -0.235794 0.003500
v 0.005988 -0.235794 0.004500
v 0.007393 -0.235093 0.003500
v 0.007393 -0.235093 0.004500
v 0.008716 -0.234248 0.003500
v 0.008716 -0.234248 0.004500
v 0.009945 -0.233270 0.003500
v 0.009945 -0.233270 0.004500
v 0.011064 -0.232169 0.003500
v 0.011064 -0.232169 0.004500
v 0.012062 -0.230957 0.003500
v 0.012062 -0.230957 0.004500
v 0.012928 -0.229648 0.003500
v 0.012928 -0.229648 0.004500
v 0.013652 -0.228255 0.003500
v 0.013652 -0.228255 0.004500
v 0.014227 -0.226794 0.003500
v 0.014227 -0.226794 0.004500
v 0.014646 -0.225280 0.003500
v 0.014646 -0.225280 0.004500
v 0.014904 -0.223732 0.003500
v 0.014904 -0.223732 0.004500
v 0.014999 -0.222164 0.003500
v 0.014999 -0.222164 0.004500
v 0.014930 -0.220596 0.003500
v 0.014930 -0.220596 0.004500
v -0.014227 -0.217288 0.005500
v -0.014227 -0.217288 0.006500
v -0.014646 -0.218801 0.005500
v -0.014646 -0.218801 0.006500
v -0.014904 -0.220350 0.005500
v -0.014904 -0.220350 0.006500
v -0.014999 -0.221917 0.005500
v -0.014999 -0.221917 0.006500
v -0.014930 -0.223486 0.005500
v -0.014930 -0.223486 0.006500
v -0.014697 -0.225039 0.005500
v -0.014697 -0.225039 0.006500
v -0.014304 -0.226558 0.005500
v -0.014304 -0.226558 0.006500
v -0.013753 -0.228029 0.005500
v -0.013753 -0.228029 0.006500
v -0.013052 -0.229434 0.005500
v -0.013052 -0.229434 0.006500
v -0.012207 -0.230757 0.005500
v -0.012207 -0.230757 0.006500
v -0.011229 -0.231986 0.005500
v -0.011229 -0.231986 0.006500
v -0.010128 -0.233105 0.005500
v -0.010128 -0.233105 0.006500
v -0.008916 -0.234103 0.005500
v -0.008916 -0.234103 0.006500
v -0.007607 -0.234969 0.005500
v -0.007607 -0.234969 0.006500
v -0.006214 -0.235693 0.005500
v -0.006214 -0.235693 0.006500
v -0.004753 -0.236268 0.005500
v -0.004753 -0.236268 0.006500
v -0.003239 -0.236687 0.005500
v -0.003239 -0.236687 0.006500
v -0.001691 -0.236945 0.005500
v -0.001691 -0.236945 0.006500
v -0.000124 -0.237040 0.005500
v -0.000124 -0.237040 0.006500
v 0.001445 -0.236971 0.005500
v 0.001445 -0.236971 0.006500
v 0.002998 -0.236738 0.005500
v 0.002998 -0.236738 0.006500
v 0.004518 -0.236344 0.005500
v 0.004518 -0.236344 0.006500
v 0.005988 -0.235794 0.005500
v 0.005988 -0.235794 0.006500
v 0.007393 -0.235093 0.005500
v 0.007393 -0.235093 0.006500
v 0.008716 -0.234248 0.005500
v 0.008716 -0.234248 0.006500
v 0.009945 -0.233270 0.005500
v 0.009945 -0.233270 0.006500
v 0.011064 -0.232169 0.005500
v 0.011064 -0.232169 0.006500
v 0.012062 -0.230957 0.005500
v 0.012062 -0.230957 0.006500
v 0.012928 -0.229648 0.005500
v 0.012928 -0.229648 0.006500
v 0.013652 -0.228255 0.005500
v 0.013652 -0.228255 0.006500
v 0.014227 -0.226794 0.005500
v 0.014227 -0.226794 0.006500
v 0.014646 -0.225280 0.005500
v 0.014646 -0.225280 0.006500
v 0.014904 -0.223732 0.005500
v 0.014904 -0.223732 0.006500
v 0.014999 -0.222164 0.005500
v 0.014999 -0.222164 0.006500
v 0.014930 -0.220596 0.005500
v 0.014930 -0.220596 0.006500
v -0.014227 -0.217288 0.007500
v -0.014227 -0.217288 0.008500
v -0.014646 -0.218801 0.007500
v -0.014646 -0.218801 0.008500
v -0.014904 -0.220350 0.007500
v -0.014904 -0.220350 0.008500
v -0.014999 -0.221917 0.007500
v -0.014999 -0.221917 0.008500
v -0.014930 -0.223486 0.007500
v -0.014930 -0.223486 0.008500
v -0.014697 -0.225039 0.007500
v -0.014697 -0.225039 0.008500
v -0.014304 -0.226558 0.007500
v -0.014304 -0.226558 0.008500
v -0.013753 -0.228029 0.007500
v -0.013753 -0.228029 0.008500
v -0.013052 -0.229434 0.007500
v -0.013052 -0.229434 0.008500
v -0.012207 -0.230757 0.007500
v -0.012207 -0.230757 0.008500
v -0.011229 -0.231986 0.007500
v -0.011229 -0.231986 0.008500
v -0.010128 -0.233105 0.007500
v -0.010128 -0.233105 0.008500
v -0.008916 -0.234103 0.007500
v -0.008916 -0.234103 0.008500
v -0.007607 -0.234969 0.007500
v -0.007607 -0.234969 0.008500
v -0.006214 -0.235693 0.007500
v -0.006214 -0.235693 0.008500
v -0.004753 -0.236268 0.007500
v -0.004753 -0.236268 0.008500
v -0.003239 -0.236687 0.007500
v -0.003239 -0.236687 0.008500
v -0.001691 -0.236945 0.007500
v -0.001691 -0.236945 0.008500
v -0.000124 -0.237040 0.007500
v -0.000124 -0.237040 0.008500
v 0.001445 -0.236971 0.007500
v 0.001445 -0.236971 0.008500
v 0.002998 -0.236738 0.007500
v 0.002998 -0.236738 0.008500
v 0.004518 -0.236344 0.007500
v 0.004518 -0.236344 0.008500
v 0.005988 -0.235794 0.007500
v 0.005988 -0.235794 0.008500
v 0.007393 -0.235093 0.007500
v 0.007393 -0.235093 0.008500
v 0.008716 -0.234248 0.007500
v 0.008716 -0.234248 0.008500
v 0.009945 -0.233270 0.007500
v 0.009945 -0.233270 0.008500
v 0.011064 -0.232169 0.007500
v 0.011064 -0.232169 0.008500
v 0.012062 -0.230957 0.007500
v 0.012062 -0.230957 0.008500
v 0.012928 -0.229648 0.007500
v 0.012928 -0.229648 0.008500
v 0.013652 -0.228255 0.007500
v 0.013652 -0.228255 0.008500
v 0.014227 -0.226794 0.007500
v 0.014227 -0.226794 0.008500
v 0.014646 -0.225280 0.007500
v 0.014646 -0.225280 0.008500
v 0.014904 -0.223732 0.007500
v 0.014904 -0.223732 0.008500
v 0.014999 -0.222164 0.007500
v 0.014999 -0.222164 0.008500
v 0.014930 -0.220596 0.007500
v 0.014930 -0.220596 0.008500
v -0.014227 -0.217288 -0.004500
v -0.014227 -0.217288 -0.003500
v -0.014646 -0.218801 -0.004500
v -0.014646 -0.218801 -0.003500
v -0.014904 -0.220350 -0.004500
v -0.014904 -0.220350 -0.003500
v -0.014999 -0.221917 -0.004500
v -0.014999 -0.221917 -0.003500
v -0.014930 -0.223486 -0.004500
v -0.014930 -0.223486 -0.003500
v -0.014697 -0.225039 -0.004500
v -0.014697 -0.225039 -0.003500
v -0.014304 -0.226558 -0.004500
v -0.014304 -0.226558 -0.003500
v -0.013753 -0.228029 -0.004500
v -0.013753 -0.228029 -0.003500
v -0.013052 -0.229434 -0.004500
v -0.013052 -0.229434 -0.003500
v -0.012207 -0.230757 -0.004500
v -0.012207 -0.230757 -0.003500
v -0.011229 -0.231986 -0.004500
v -0.011229 -0.231986 -0.003500
v -0.010128 -0.233105 -0.004500
v -0.010128 -0.233105 -0.003500
v -0.008916 -0.234103 -0.004500
v -0.008916 -0.234103 -0.003500
v -0.007607 -0.234969 -0.004500
v -0.007607 -0.234969 -0.003500
v -0.006214 -0.235693 -0.004500
v -0.006214 -0.235693 -0.003500
v -0.004753 -0.236268 -0.004500
v -0.004753 -0.236268 -0.003500
v -0.003239 -0.236687 -0.004500
v -0.003239 -0.236687 -0.003500
v -0.001691 -0.236945 -0.004500
v -0.001691 -0.236945 -0.003500
v -0.000124 -0.237040 -0.004500
v -0.000124 -0.237040 -0.003500
v 0.001445 -0.236971 -0.004500
v 0.001445 -0.236971 -0.003500
v 0.002998 -0.236738 -0.004500
v 0.002998 -0.236738 -0.003500
v 0.004518 -0.236344 -0.004500
v 0.004518 -0.236344 -0.003500
v 0.005988 -0.235794 -0.004500
v 0.005988 -0.235794 -0.003500
v 0.007393 -0.235093 -0.004500
v 0.007393 -0.235093 -0.003500
v 0.008716 -0.234248 -0.004500
v 0.008716 -0.234248 -0.003500
v 0.009945 -0.233270 -0.004500
v 0.009945 -0.233270 -0.003500
v 0.011064 -0.232169 -0.004500
v 0.011064 -0.232169 -0.003500
v 0.012062 -0.230957 -0.004500
v 0.012062 -0.230957 -0.003500
v 0.012928 -0.229648 -0.004500
v 0.012928 -0.229648 -0.003500
v 0.013652 -0.228255 -0.004500
v 0.013652 -0.228255 -0.003500
v 0.014227 -0.226794 -0.004500
v 0.014227 -0.226794 -0.003500
v 0.014646 -0.225280 -0.004500
v 0.014646 -0.225280 -0.003500
v 0.014904 -0.223732 -0.004500
v 0.014904 -0.223732 -0.003500
v 0.014999 -0.222164 -0.004500
v 0.014999 -0.222164 -0.003500
v 0.014930 -0.220596 -0.004500
v 0.014930 -0.220596 -0.003500
v -0.014227 -0.217288 -0.006500
v -0.014227 -0.217288 -0.005500
v -0.014646 -0.218801 -0.006500
v -0.014646 -0.218801 -0.005500
v -0.014904 -0.220350 -0.006500
v -0.014904 -0.220350 -0.005500
v -0.014999 -0.221917 -0.006500
v -0.014999 -0.221917 -0.005500
v -0.014930 -0.223486 -0.006500
v -0.014930 -0.223486 -0.005500
v -0.014697 -0.225039 -0.006500
v -0.014697 -0.225039 -0.005500
v -0.014304 -0.226558 -0.006500
v -0.014304 -0.226558 -0.005500
v -0.013753 -0.228029 -0.006500
v -0.013753 -0.228029 -0.005500
v -0.013052 -0.229434 -0.006500
v -0.013052 -0.229434 -0.005500
v -0.012207 -0.230757 -0.006500
v -0.012207 -0.230757 -0.005500
v -0.011229 -0.231986 -0.006500
v -0.011229 -0.231986 -0.005500
v -0.010128 -0.233105 -0.006500
v -0.010128 -0.233105 -0.005500
v -0.008916 -0.234103 -0.006500
v -0.008916 -0.234103 -0.005500
v -0.007607 -0.234969 -0.006500
v -0.007607 -0.234969 -0.005500
v -0.006214 -0.235693 -0.006500
v -0.006214 -0.235693 -0.005500
v -0.004753 -0.236268 -0.006500
v -0.004753 -0.236268 -0.005500
v -0.003239 -0.236687 -0.006500
v -0.003239 -0.236687 -0.005500
v -0.001691 -0.236945 -0.006500
v -0.001691 -0.236945 -0.005500
v -0.000124 -0.237040 -0.006500
v -0.000124 -0.237040 -0.005500
v 0.001445 -0.236971 -0.006500
v 0.001445 -0.236971 -0.005500
v 0.002998 -0.236738 -0.006500
v 0.002998 -0.236738 -0.005500
v 0.004518 -0.236344 -0.006500
v 0.004518 -0.236344 -0.005500
v 0.005988 -0.235794 -0.006500
v 0.005988 -0.235794 -0.005500
v 0.007393 -0.235093 -0.006500
v 0.007393 -0.235093 -0.005500
v 0.008716 -0.234248 -0.006500
v 0.008716 -0.234248 -0.005500
v 0.009945 -0.233270 -0.006500
v 0.009945 -0.233270 -0.005500
v 0.011064 -0.232169 -0.006500
v 0.011064 -0.232169 -0.005500
v 0.012062 -0.230957 -0.006500
v 0.012062 -0.230957 -0.005500
v 0.012928 -0.229648 -0.006500
v 0.012928 -0.229648 -0.005500
v 0.013652 -0.228255 -0.006500
v 0.013652 -0.228255 -0.005500
v 0.014227 -0.226794 -0.006500
v 0.014227 -0.226794 -0.005500
v 0.014646 -0.225280 -0.006500
v 0.014646 -0.225280 -0.005500
v 0.014904 -0.223732 -0.006500
v 0.014904 -0.223732 -0.005500
v 0.014999 -0.222164 -0.006500
v 0.014999 -0.222164 -0.005500
v 0.014930 -0.220596 -0.006500
v 0.014930 -0.220596 -0.005500
v -0.014227 -0.217288 0.009500
v -0.014227 -0.217288 0.012500
v -0.014646 -0.218801 0.009500
v -0.014646 -0.218801 0.012500
v -0.014904 -0.220350 0.009500
v -0.014904 -0.220350 0.012500
v -0.014999 -0.221917 0.009500
v -0.014999 -0.221917 0.012500
v -0.014930 -0.223486 0.009500
v -0.014930 -0.223486 0.012500
v -0.014697 -0.225039 0.009500
v -0.014697 -0.225039 0.012500
v -0.014304 -0.226558 0.009500
v -0.014304 -0.226558 0.012500
v -0.013753 -0.228029 0.009500
v -0.013753 -0.228029 0.012500
v -0.013052 -0.229434 0.009500
v -0.013052 -0.229434 0.012500
v -0.012207 -0.230757 0.009500
v -0.012207 -0.230757 0.012500
v -0.011229 -0.231986 0.009500
v -0.011229 -0.231986 0.012500
v -0.010128 -0.233105 0.009500
v -0.010128 -0.233105 0.012500
v -0.008916 -0.234103 0.009500
v -0.008916 -0.234103 0.012500
v -0.007607 -0.234969 0.009500
v -0.007607 -0.234969 0.012500
v -0.006214 -0.235693 0.009500
v -0.006214 -0.235693 0.012500
v -0.004753 -0.236268 0.009500
v -0.004753 -0.236268 0.012500
v -0.003239 -0.236687 0.009500
v -0.003239 -0.236687 0.012500
v -0.001691 -0.236945 0.009500
v -0.001691 -0.236945 0.012500
v -0.000124 -0.237040 0.009500
v -0.000124 -0.237040 0.012500
v 0.001445 -0.236971 0.009500
v 0.001445 -0.236971 0.012500
v 0.002998 -0.236738 0.009500
v 0.002998 -0.236738 0.012500
v 0.004518 -0.236344 0.009500
v 0.004518 -0.236344 0.012500
v 0.005988 -0.235794 0.009500
v 0.005988 -0.235794 0.012500
v 0.007393 -0.235093 0.009500
v 0.007393 -0.235093 0.012500
v 0.008716 -0.234248 0.009500
v 0.008716 -0.234248 0.012500
v 0.009945 -0.233270 0.009500
v 0.009945 -0.233270 0.012500
v 0.011064 -0.232169 0.009500
v 0.011064 -0.232169 0.012500
v 0.012062 -0.230957 0.009500
v 0.012062 -0.230957 0.012500
v 0.012928 -0.229648 0.009500
v 0.012928 -0.229648 0.012500
v 0.013652 -0.228255 0.009500
v 0.013652 -0.228255 0.012500
v 0.014227 -0.226794 0.009500
v 0.014227 -0.226794 0.012500
v 0.014646 -0.225280 0.009500
v 0.014646 -0.225280 0.012500
v 0.014904 -0.223732 0.009500
v 0.014904 -0.223732 0.012500
v 0.014999 -0.222164 0.009500
v 0.014999 -0.222164 0.012500
v 0.014930 -0.220596 0.009500
v 0.014930 -0.220596 0.012500
v 0.013935 -0.220692 -0.009500
v 0.013935 -0.220692 0.009500
v 0.013935 -0.220692 0.004500
v 0.013935 -0.220692 0.003500
v 0.011944 -0.220885 0.009500
v 0.013935 -0.220692 0.002500
v 0.013935 -0.220692 0.008500
v 0.013935 -0.220692 0.006500
v 0.013935 -0.220692 0.005500
v 0.013935 -0.220692 -0.003500
v 0.000000 -0.222041 0.009500
v 0.013935 -0.220692 0.007500
v 0.013935 -0.220692 0.000500
v 0.013935 -0.220692 -0.000500
v 0.013935 -0.220692 0.001500
v 0.011944 -0.220885 -0.009500
v 0.013935 -0.220692 -0.001500
v 0.013935 -0.220692 -0.004500
v 0.013935 -0.220692 -0.005500
v 0.013935 -0.220692 -0.007500
v 0.013935 -0.220692 -0.006500
v 0.013935 -0.220692 -0.002500
v -0.000000 -0.222041 -0.012500
v -0.000000 -0.222041 -0.009500
v 0.013935 -0.220692 -0.008500
v -0.011419 -0.218351 0.009500
v 0.000000 -0.222041 0.009500
v 0.000765 -0.234017 0.009500
v -0.000609 -0.234025 0.009500
v -0.001975 -0.233877 0.009500
v -0.003315 -0.233574 0.009500
v 0.011998 -0.222258 0.009500
v 0.011895 -0.223627 0.009500
v 0.011635 -0.224976 0.009500
v 0.011224 -0.226287 0.009500
v 0.010665 -0.227542 0.009500
v 0.009966 -0.228725 0.009500
v 0.009137 -0.229820 0.009500
v 0.008188 -0.230813 0.009500
v -0.009035 -0.229938 0.009500
v -0.008074 -0.230919 0.009500
v -0.007006 -0.231783 0.009500
v 0.007132 -0.231691 0.009500
v 0.005982 -0.232443 0.009500
v 0.004754 -0.233059 0.009500
v 0.003464 -0.233530 0.009500
v 0.002128 -0.233851 0.009500
v -0.004611 -0.233120 0.009500
v -0.005847 -0.232520 0.009500
v -0.009879 -0.228853 0.009500
v -0.010593 -0.227680 0.009500
v -0.011168 -0.226432 0.009500
v -0.011994 -0.222413 0.009500
v -0.011958 -0.221040 0.009500
v -0.011765 -0.219680 0.009500
v -0.011596 -0.225127 0.009500
v -0.011873 -0.223782 0.009500
v -0.011419 -0.218351 -0.009500
v -0.011765 -0.219680 -0.009500
v -0.011958 -0.221040 -0.009500
v -0.011994 -0.222413 -0.009500
v -0.011873 -0.223782 -0.009500
v -0.011596 -0.225127 -0.009500
v -0.011168 -0.226432 -0.009500
v -0.010593 -0.227680 -0.009500
v -0.009879 -0.228853 -0.009500
v -0.009035 -0.229938 -0.009500
v -0.008074 -0.230919 -0.009500
v -0.007006 -0.231783 -0.009500
v -0.005847 -0.232520 -0.009500
v -0.004611 -0.233120 -0.009500
v -0.003315 -0.233574 -0.009500
v -0.001975 -0.233877 -0.009500
v -0.000609 -0.234025 -0.009500
v 0.000765 -0.234017 -0.009500
v 0.002128 -0.233851 -0.009500
v 0.003464 -0.233530 -0.009500
v 0.004754 -0.233059 -0.009500
v 0.005982 -0.232443 -0.009500
v 0.007132 -0.231691 -0.009500
v 0.008188 -0.230813 -0.009500
v 0.009137 -0.229820 -0.009500
v 0.009966 -0.228725 -0.009500
v 0.010665 -0.227542 -0.009500
v 0.011224 -0.226287 -0.009500
v 0.011635 -0.224976 -0.009500
v 0.011895 -0.223627 -0.009500
v 0.011998 -0.222258 -0.009500
v -0.000000 -0.222041 -0.009500
v -0.000000 -0.222041 -0.012500
v -0.013292 -0.217646 0.008500
v -0.013292 -0.217646 0.009500
v -0.013688 -0.219102 0.008500
v -0.013688 -0.219102 0.009500
v -0.013925 -0.220591 0.008500
v -0.013925 -0.220591 0.009500
v -0.014000 -0.222098 0.008500
v -0.014000 -0.222098 0.009500
v -0.013912 -0.223604 0.008500
v -0.013912 -0.223604 0.009500
v -0.013664 -0.225092 0.008500
v -0.013664 -0.225092 0.009500
v -0.013256 -0.226544 0.008500
v -0.013256 -0.226544 0.009500
v -0.012695 -0.227944 0.008500
v -0.012695 -0.227944 0.009500
v -0.011986 -0.229276 0.008500
v -0.011986 -0.229276 0.009500
v -0.011138 -0.230523 0.008500
v -0.011138 -0.230523 0.009500
v -0.010160 -0.231672 0.008500
v -0.010160 -0.231672 0.009500
v -0.009065 -0.232710 0.008500
v -0.009065 -0.232710 0.009500
v -0.007865 -0.233623 0.008500
v -0.007865 -0.233623 0.009500
v -0.006573 -0.234402 0.008500
v -0.006573 -0.234402 0.009500
v -0.005205 -0.235037 0.008500
v -0.005205 -0.235037 0.009500
v -0.003776 -0.235522 0.008500
v -0.003776 -0.235522 0.009500
v -0.002304 -0.235850 0.008500
v -0.002304 -0.235850 0.009500
v -0.000805 -0.236018 0.008500
v -0.000805 -0.236018 0.009500
v 0.000704 -0.236023 0.008500
v 0.000704 -0.236023 0.009500
v 0.002204 -0.235866 0.008500
v 0.002204 -0.235866 0.009500
v 0.003679 -0.235549 0.008500
v 0.003679 -0.235549 0.009500
v 0.005111 -0.235075 0.008500
v 0.005111 -0.235075 0.009500
v 0.006483 -0.234449 0.008500
v 0.006483 -0.234449 0.009500
v 0.007781 -0.233680 0.008500
v 0.007781 -0.233680 0.009500
v 0.008988 -0.232775 0.008500
v 0.008988 -0.232775 0.009500
v 0.010090 -0.231746 0.008500
v 0.010090 -0.231746 0.009500
v 0.011076 -0.230604 0.008500
v 0.011076 -0.230604 0.009500
v 0.011933 -0.229362 0.008500
v 0.011933 -0.229362 0.009500
v 0.012651 -0.228036 0.008500
v 0.012651 -0.228036 0.009500
v 0.013223 -0.226640 0.008500
v 0.013223 -0.226640 0.009500
v 0.013641 -0.225191 0.008500
v 0.013641 -0.225191 0.009500
v 0.013901 -0.223705 0.008500
v 0.013901 -0.223705 0.009500
v 0.013999 -0.222199 0.008500
v 0.013999 -0.222199 0.009500
v -0.013292 -0.217646 -0.007500
v -0.013292 -0.217646 -0.006500
v -0.013688 -0.219102 -0.007500
v -0.013688 -0.219102 -0.006500
v -0.013925 -0.220591 -0.007500
v -0.013925 -0.220591 -0.006500
v -0.014000 -0.222098 -0.007500
v -0.014000 -0.222098 -0.006500
v -0.013912 -0.223604 -0.007500
v -0.013912 -0.223604 -0.006500
v -0.013664 -0.225092 -0.007500
v -0.013664 -0.225092 -0.006500
v -0.013256 -0.226544 -0.007500
v -0.013256 -0.226544 -0.006500
v -0.012695 -0.227944 -0.007500
v -0.012695 -0.227944 -0.006500
v -0.011986 -0.229276 -0.007500
v -0.011986 -0.229276 -0.006500
v -0.011138 -0.230523 -0.007500
v -0.011138 -0.230523 -0.006500
v -0.010160 -0.231672 -0.007500
v -0.010160 -0.231672 -0.006500
v -0.009065 -0.232710 -0.007500
v -0.009065 -0.232710 -0.006500
v -0.007865 -0.233623 -0.007500
v -0.007865 -0.233623 -0.006500
v -0.006573 -0.234402 -0.007500
v -0.006573 -0.234402 -0.006500
v -0.005205 -0.235037 -0.007500
v -0.005205 -0.235037 -0.006500
v -0.003776 -0.235522 -0.007500
v -0.003776 -0.235522 -0.006500
v -0.002304 -0.235850 -0.007500
v -0.002304 -0.235850 -0.006500
v -0.000805 -0.236018 -0.007500
v -0.000805 -0.236018 -0.006500
v 0.000704 -0.236023 -0.007500
v 0.000704 -0.236023 -0.006500
v 0.002204 -0.235866 -0.007500
v 0.002204 -0.235866 -0.006500
v 0.003679 -0.235549 -0.007500
v 0.003679 -0.235549 -0.006500
v 0.005111 -0.235075 -0.007500
v 0.005111 -0.235075 -0.006500
v 0.006483 -0.234449 -0.007500
v 0.006483 -0.234449 -0.006500
v 0.007781 -0.233680 -0.007500
v 0.007781 -0.233680 -0.006500
v 0.008988 -0.232775 -0.007500
v 0.008988 -0.232775 -0.006500
v 0.010090 -0.231746 -0.007500
v 0.010090 -0.231746 -0.006500
v 0.011076 -0.230604 -0.007500
v 0.011076 -0.230604 -0.006500
v 0.011933 -0.229362 -0.007500
v 0.011933 -0.229362 -0.006500
v 0.012651 -0.228036 -0.007500
v 0.012651 -0.228036 -0.006500
v 0.013223 -0.226640 -0.007500
v 0.013223 -0.226640 -0.006500
v 0.013641 -0.225191 -0.007500
v 0.013641 -0.225191 -0.006500
v 0.013901 -0.223705 -0.007500
v 0.013901 -0.223705 -0.006500
v 0.013999 -0.222199 -0.007500
v 0.013999 -0.222199 -0.006500
v -0.013292 -0.217646 -0.005500
v -0.013292 -0.217646 -0.004500
v -0.013688 -0.219102 -0.005500
v -0.013688 -0.219102 -0.004500
v -0.013925 -0.220591 -0.005500
v -0.013925 -0.220591 -0.004500
v -0.014000 -0.222098 -0.005500
v -0.014000 -0.222098 -0.004500
v -0.013912 -0.223604 -0.005500
v -0.013912 -0.223604 -0.004500
v -0.013664 -0.225092 -0.005500
v -0.013664 -0.225092 -0.004500
v -0.013256 -0.226544 -0.005500
v -0.013256 -0.226544 -0.004500
v -0.012695 -0.227944 -0.005500
v -0.012695 -0.227944 -0.004500
v -0.011986 -0.229276 -0.005500
v -0.011986 -0.229276 -0.004500
v -0.011138 -0.230523 -0.005500
v -0.011138 -0.230523 -0.004500
v -0.010160 -0.231672 -0.005500
v -0.010160 -0.231672 -0.004500
v -0.009065 -0.232710 -0.005500
v -0.009065 -0.232710 -0.004500
v -0.007865 -0.233623 -0.005500
v -0.007865 -0.233623 -0.004500
v -0.006573 -0.234402 -0.005500
v -0.006573 -0.234402 -0.004500
v -0.005205 -0.235037 -0.005500
v -0.005205 -0.235037 -0.004500
v -0.003776 -0.235522 -0.005500
v -0.003776 -0.235522 -0.004500
v -0.002304 -0.235850 -0.005500
v -0.002304 -0.235850 -0.004500
v -0.000805 -0.236018 -0.005500
v -0.000805 -0.236018 -0.004500
v 0.000704 -0.236023 -0.005500
v 0.000704 -0.236023 -0.004500
v 0.002204 -0.235866 -0.005500
v 0.002204 -0.235866 -0.004500
v 0.003679 -0.235549 -0.005500
v 0.003679 -0.235549 -0.004500
v 0.005111 -0.235075 -0.005500
v 0.005111 -0.235075 -0.004500
v 0.006483 -0.234449 -0.005500
v 0.006483 -0.234449 -0.004500
v 0.007781 -0.233680 -0.005500
v 0.007781 -0.233680 -0.004500
v 0.008988 -0.232775 -0.005500
v 0.008988 -0.232775 -0.004500
v 0.010090 -0.231746 -0.005500
v 0.010090 -0.231746 -0.004500
v 0.011076 -0.230604 -0.005500
v 0.011076 -0.230604 -0.004500
v 0.011933 -0.229362 -0.005500
v 0.011933 -0.229362 -0.004500
v 0.012651 -0.228036 -0.005500
v 0.012651 -0.228036 -0.004500
v 0.013223 -0.226640 -0.005500
v 0.013223 -0.226640 -0.004500
v 0.013641 -0.225191 -0.005500
v 0.013641 -0.225191 -0.004500
v 0.013901 -0.223705 -0.005500
v 0.013901 -0.223705 -0.004500
v 0.013999 -0.222199 -0.005500
v 0.013999 -0.222199 -0.004500
v -0.013292 -0.217646 -0.003500
v -0.013292 -0.217646 -0.002500
v -0.013688 -0.219102 -0.003500
v -0.013688 -0.219102 -0.002500
v -0.013925 -0.220591 -0.003500
v -0.013925 -0.220591 -0.002500
v -0.014000 -0.222098 -0.003500
v -0.014000 -0.222098 -0.002500
v -0.013912 -0.223604 -0.003500
v -0.013912 -0.223604 -0.002500
v -0.013664 -0.225092 -0.003500
v -0.013664 -0.225092 -0.002500
v -0.013256 -0.226544 -0.003500
v -0.013256 -0.226544 -0.002500
v -0.012695 -0.227944 -0.003500
v -0.012695 -0.227944 -0.002500
v -0.011986 -0.229276 -0.003500
v -0.011986 -0.229276 -0.002500
v -0.011138 -0.230523 -0.003500
v -0.011138 -0.230523 -0.002500
v -0.010160 -0.231672 -0.003500
v -0.010160 -0.231672 -0.002500
v -0.009065 -0.232710 -0.003500
v -0.009065 -0.232710 -0.002500
v -0.007865 -0.233623 -0.003500
v -0.007865 -0.233623 -0.002500
v -0.006573 -0.234402 -0.003500
v -0.006573 -0.234402 -0.002500
v -0.005205 -0.235037 -0.003500
v -0.005205 -0.235037 -0.002500
v -0.003776 -0.235522 -0.003500
v -0.003776 -0.235522 -0.002500
v -0.002304 -0.235850 -0.003500
v -0.002304 -0.235850 -0.002500
v -0.000805 -0.236018 -0.003500
v -0.000805 -0.236018 -0.002500
v 0.000704 -0.236023 -0.003500
v 0.000704 -0.236023 -0.002500
v 0.002204 -0.235866 -0.003500
v 0.002204 -0.235866 -0.002500
v 0.003679 -0.235549 -0.003500
v 0.003679 -0.235549 -0.002500
v 0.005111 -0.235075 -0.003500
v 0.005111 -0.235075 -0.002500
v 0.006483 -0.234449 -0.003500
v 0.006483 -0.234449 -0.002500
v 0.007781 -0.233680 -0.003500
v 0.007781 -0.233680 -0.002500
v 0.008988 -0.232775 -0.003500
v 0.008988 -0.232775 -0.002500
v 0.010090 -0.231746 -0.003500
v 0.010090 -0.231746 -0.002500
v 0.011076 -0.230604 -0.003500
v 0.011076 -0.230604 -0.002500
v 0.011933 -0.229362 -0.003500
v 0.011933 -0.229362 -0.002500
v 0.012651 -0.228036 -0.003500
v 0.012651 -0.228036 -0.002500
v 0.013223 -0.226640 -0.003500
v 0.013223 -0.226640 -0.002500
v 0.013641 -0.225191 -0.003500
v 0.013641 -0.225191 -0.002500
v 0.013901 -0.223705 -0.003500
v 0.013901 -0.223705 -0.002500
v 0.013999 -0.222199 -0.003500
v 0.013999 -0.222199 -0.002500
v -0.013292 -0.217646 0.006500
v -0.013292 -0.217646 0.007500
v -0.013688 -0.219102 0.006500
v -0.013688 -0.219102 0.007500
v -0.013925 -0.220591 0.006500
v -0.013925 -0.220591 0.007500
v -0.014000 -0.222098 0.006500
v -0.014000 -0.222098 0.007500
v -0.013912 -0.223604 0.006500
v -0.013912 -0.223604 0.007500
v -0.013664 -0.225092 0.006500
v -0.013664 -0.225092 0.007500
v -0.013256 -0.226544 0.006500
v -0.013256 -0.226544 0.007500
v -0.012695 -0.227944 0.006500
v -0.012695 -0.227944 0.007500
v -0.011986 -0.229276 0.006500
v -0.011986 -0.229276 0.007500
v -0.011138 -0.230523 0.006500
v -0.011138 -0.230523 0.007500
v -0.010160 -0.231672 0.006500
v -0.010160 -0.231672 0.007500
v -0.009065 -0.232710 0.006500
v -0.009065 -0.232710 0.007500
v -0.007865 -0.233623 0.006500
v -0.007865 -0.233623 0.007500
v -0.006573 -0.234402 0.006500
v -0.006573 -0.234402 0.007500
v -0.005205 -0.235037 0.006500
v -0.005205 -0.235037 0.007500
v -0.003776 -0.235522 0.006500
v -0.003776 -0.235522 0.007500
v -0.002304 -0.235850 0.006500
v -0.002304 -0.235850 0.007500
v -0.000805 -0.236018 0.006500
v -0.000805 -0.236018 0.007500
v 0.000704 -0.236023 0.006500
v 0.000704 -0.236023 0.007500
v 0.002204 -0.235866 0.006500
v 0.002204 -0.235866 0.007500
v 0.003679 -0.235549 0.006500
v 0.003679 -0.235549 0.007500
v 0.005111 -0.235075 0.006500
v 0.005111 -0.235075 0.007500
v 0.006483 -0.234449 0.006500
v 0.006483 -0.234449 0.007500
v 0.007781 -0.233680 0.006500
v 0.007781 -0.233680 0.007500
v 0.008988 -0.232775 0.006500
v 0.008988 -0.232775 0.007500
v 0.010090 -0.231746 0.006500
v 0.010090 -0.231746 0.007500
v 0.011076 -0.230604 0.006500
v 0.011076 -0.230604 0.007500
v 0.011933 -0.229362 0.006500
v 0.011933 -0.229362 0.007500
v 0.012651 -0.228036 0.006500
v 0.012651 -0.228036 0.007500
v 0.013223 -0.226640 0.006500
v 0.013223 -0.226640 0.007500
v 0.013641 -0.225191 0.006500
v 0.013641 -0.225191 0.007500
v 0.013901 -0.223705 0.006500
v 0.013901 -0.223705 0.007500
v 0.013999 -0.222199 0.006500
v 0.013999 -0.222199 0.007500
v -0.013292 -0.217646 0.004500
v -0.013292 -0.217646 0.005500
v -0.013688 -0.219102 0.004500
v -0.013688 -0.219102 0.005500
v -0.013925 -0.220591 0.004500
v -0.013925 -0.220591 0.005500
v -0.014000 -0.222098 0.004500
v -0.014000 -0.222098 0.005500
v -0.013912 -0.223604 0.004500
v -0.013912 -0.223604 0.005500
v -0.013664 -0.225092 0.004500
v -0.013664 -0.225092 0.005500
v -0.013256 -0.226544 0.004500
v -0.013256 -0.226544 0.005500
v -0.012695 -0.227944 0.004500
v -0.012695 -0.227944 0.005500
v -0.011986 -0.229276 0.004500
v -0.011986 -0.229276 0.005500
v -0.011138 -0.230523 0.004500
v -0.011138 -0.230523 0.005500
v -0.010160 -0.231672 0.004500
v -0.010160 -0.231672 0.005500
v -0.009065 -0.232710 0.004500
v -0.009065 -0.232710 0.005500
v -0.007865 -0.233623 0.004500
v -0.007865 -0.233623 0.005500
v -0.006573 -0.234402 0.004500
v -0.006573 -0.234402 0.005500
v -0.005205 -0.235037 0.004500
v -0.005205 -0.235037 0.005500
v -0.003776 -0.235522 0.004500
v -0.003776 -0.235522 0.005500
v -0.002304 -0.235850 0.004500
v -0.002304 -0.235850 0.005500
v -0.000805 -0.236018 0.004500
v -0.000805 -0.236018 0.005500
v 0.000704 -0.236023 0.004500
v 0.000704 -0.236023 0.005500
v 0.002204 -0.235866 0.004500
v 0.002204 -0.235866 0.005500
v 0.003679 -0.235549 0.004500
v 0.003679 -0.235549 0.005500
v 0.005111 -0.235075 0.004500
v 0.005111 -0.235075 0.005500
v 0.006483 -0.234449 0.004500
v 0.006483 -0.234449 0.005500
v 0.007781 -0.233680 0.004500
v 0.007781 -0.233680 0.005500
v 0.008988 -0.232775 0.004500
v 0.008988 -0.232775 0.005500
v 0.010090 -0.231746 0.004500
v 0.010090 -0.231746 0.005500
v 0.011076 -0.230604 0.004500
v 0.011076 -0.230604 0.005500
v 0.011933 -0.229362 0.004500
v 0.011933 -0.229362 0.005500
v 0.012651 -0.228036 0.004500
v 0.012651 -0.228036 0.005500
v 0.013223 -0.226640 0.004500
v 0.013223 -0.226640 0.005500
v 0.013641 -0.225191 0.004500
v 0.013641 -0.225191 0.005500
v 0.013901 -0.223705 0.004500
v 0.013901 -0.223705 0.005500
v 0.013999 -0.222199 0.004500
v 0.013999 -0.222199 0.005500
v -0.013292 -0.217646 0.002500
v -0.013292 -0.217646 0.003500
v -0.013688 -0.219102 0.002500
v -0.013688 -0.219102 0.003500
v -0.013925 -0.220591 0.002500
v -0.013925 -0.220591 0.003500
v -0.014000 -0.222098 0.002500
v -0.014000 -0.222098 0.003500
v -0.013912 -0.223604 0.002500
v -0.013912 -0.223604 0.003500
v -0.013664 -0.225092 0.002500
v -0.013664 -0.225092 0.003500
v -0.013256 -0.226544 0.002500
v -0.013256 -0.226544 0.003500
v -0.012695 -0.227944 0.002500
v -0.012695 -0.227944 0.003500
v -0.011986 -0.229276 0.002500
v -0.011986 -0.229276 0.003500
v -0.011138 -0.230523 0.002500
v -0.011138 -0.230523 0.003500
v -0.010160 -0.231672 0.002500
v -0.010160 -0.231672 0.003500
v -0.009065 -0.232710 0.002500
v -0.009065 -0.232710 0.003500
v -0.007865 -0.233623 0.002500
v -0.007865 -0.233623 0.003500
v -0.006573 -0.234402 0.002500
v -0.006573 -0.234402 0.003500
v -0.005205 -0.235037 0.002500
v -0.005205 -0.235037 0.003500
v -0.003776 -0.235522 0.002500
v -0.003776 -0.235522 0.003500
v -0.002304 -0.235850 0.002500
v -0.002304 -0.235850 0.003500
v -0.000805 -0.236018 0.002500
v -0.000805 -0.236018 0.003500
v 0.000704 -0.236023 0.002500
v 0.000704 -0.236023 0.003500
v 0.002204 -0.235866 0.002500
v 0.002204 -0.235866 0.003500
v 0.003679 -0.235549 0.002500
v 0.003679 -0.235549 0.003500
v 0.005111 -0.235075 0.002500
v 0.005111 -0.235075 0.003500
v 0.006483 -0.234449 0.002500
v 0.006483 -0.234449 0.003500
v 0.007781 -0.233680 0.002500
v 0.007781 -0.233680 0.003500
v 0.008988 -0.232775 0.002500
v 0.008988 -0.232775 0.003500
v 0.010090 -0.231746 0.002500
v 0.010090 -0.231746 0.003500
v 0.011076 -0.230604 0.002500
v 0.011076 -0.230604 0.003500
v 0.011933 -0.229362 0.002500
v 0.011933 -0.229362 0.003500
v 0.012651 -0.228036 0.002500
v 0.012651 -0.228036 0.003500
v 0.013223 -0.226640 0.002500
v 0.013223 -0.226640 0.003500
v 0.013641 -0.225191 0.002500
v 0.013641 -0.225191 0.003500
v 0.013901 -0.223705 0.002500
v 0.013901 -0.223705 0.003500
v 0.013999 -0.222199 0.002500
v 0.013999 -0.222199 0.003500
v -0.013292 -0.217646 0.000500
v -0.013292 -0.217646 0.001500
v -0.013688 -0.219102 0.000500
v -0.013688 -0.219102 0.001500
v -0.013925 -0.220591 0.000500
v -0.013925 -0.220591 0.001500
v -0.014000 -0.222098 0.000500
v -0.014000 -0.222098 0.001500
v -0.013912 -0.223604 0.000500
v -0.013912 -0.223604 0.001500
v -0.013664 -0.225092 0.000500
v -0.013664 -0.225092 0.001500
v -0.013256 -0.226544 0.000500
v -0.013256 -0.226544 0.001500
v -0.012695 -0.227944 0.000500
v -0.012695 -0.227944 0.001500
v -0.011986 -0.229276 0.000500
v -0.011986 -0.229276 0.001500
v -0.011138 -0.230523 0.000500
v -0.011138 -0.230523 0.001500
v -0.010160 -0.231672 0.000500
v -0.010160 -0.231672 0.001500
v -0.009065 -0.232710 0.000500
v -0.009065 -0.232710 0.001500
v -0.007865 -0.233623 0.000500
v -0.007865 -0.233623 0.001500
v -0.006573 -0.234402 0.000500
v -0.006573 -0.234402 0.001500
v -0.005205 -0.235037 0.000500
v -0.005205 -0.235037 0.001500
v -0.003776 -0.235522 0.000500
v -0.003776 -0.235522 0.001500
v -0.002304 -0.235850 0.000500
v -0.002304 -0.235850 0.001500
v -0.000805 -0.236018 0.000500
v -0.000805 -0.236018 0.001500
v 0.000704 -0.236023 0.000500
v 0.000704 -0.236023 0.001500
v 0.002204 -0.235866 0.000500
v 0.002204 -0.235866 0.001500
v 0.003679 -0.235549 0.000500
v 0.003679 -0.235549 0.001500
v 0.005111 -0.235075 0.000500
v 0.005111 -0.235075 0.001500
v 0.006483 -0.234449 0.000500
v 0.006483 -0.234449 0.001500
v 0.007781 -0.233680 0.000500
v 0.007781 -0.233680 0.001500
v 0.008988 -0.232775 0.000500
v 0.008988 -0.232775 0.001500
v 0.010090 -0.231746 0.000500
v 0.010090 -0.231746 0.001500
v 0.011076 -0.230604 0.000500
v 0.011076 -0.230604 0.001500
v 0.011933 -0.229362 0.000500
v 0.011933 -0.229362 0.001500
v 0.012651 -0.228036 0.000500
v 0.012651 -0.228036 0.001500
v 0.013223 -0.226640 0.000500
v 0.013223 -0.226640 0.001500
v 0.013641 -0.225191 0.000500
v 0.013641 -0.225191 0.001500
v 0.013901 -0.223705 0.000500
v 0.013901 -0.223705 0.001500
v 0.013999 -0.222199 0.000500
v 0.013999 -0.222199 0.001500
v -0.013292 -0.217646 -0.001500
v -0.013292 -0.217646 -0.000500
v -0.013688 -0.219102 -0.001500
v -0.013688 -0.219102 -0.000500
v -0.013925 -0.220591 -0.001500
v -0.013925 -0.220591 -0.000500
v -0.014000 -0.222098 -0.001500
v -0.014000 -0.222098 -0.000500
v -0.013912 -0.223604 -0.001500
v -0.013912 -0.223604 -0.000500
v -0.013664 -0.225092 -0.001500
v -0.013664 -0.225092 -0.000500
v -0.013256 -0.226544 -0.001500
v -0.013256 -0.226544 -0.000500
v -0.012695 -0.227944 -0.001500
v -0.012695 -0.227944 -0.000500
v -0.011986 -0.229276 -0.001500
v -0.011986 -0.229276 -0.000500
v -0.011138 -0.230523 -0.001500
v -0.011138 -0.230523 -0.000500
v -0.010160 -0.231672 -0.001500
v -0.010160 -0.231672 -0.000500
v -0.009065 -0.232710 -0.001500
v -0.009065 -0.232710 -0.000500
v -0.007865 -0.233623 -0.001500
v -0.007865 -0.233623 -0.000500
v -0.006573 -0.234402 -0.001500
v -0.006573 -0.234402 -0.000500
v -0.005205 -0.235037 -0.001500
v -0.005205 -0.235037 -0.000500
v -0.003776 -0.235522 -0.001500
v -0.003776 -0.235522 -0.000500
v -0.002304 -0.235850 -0.001500
v -0.002304 -0.235850 -0.000500
v -0.000805 -0.236018 -0.001500
v -0.000805 -0.236018 -0.000500
v 0.000704 -0.236023 -0.001500
v 0.000704 -0.236023 -0.000500
v 0.002204 -0.235866 -0.001500
v 0.002204 -0.235866 -0.000500
v 0.003679 -0.235549 -0.001500
v 0.003679 -0.235549 -0.000500
v 0.005111 -0.235075 -0.001500
v 0.005111 -0.235075 -0.000500
v 0.006483 -0.234449 -0.001500
v 0.006483 -0.234449 -0.000500
v 0.007781 -0.233680 -0.001500
v 0.007781 -0.233680 -0.000500
v 0.008988 -0.232775 -0.001500
v 0.008988 -0.232775 -0.000500
v 0.010090 -0.231746 -0.001500
v 0.010090 -0.231746 -0.000500
v 0.011076 -0.230604 -0.001500
v 0.011076 -0.230604 -0.000500
v 0.011933 -0.229362 -0.001500
v 0.011933 -0.229362 -0.000500
v 0.012651 -0.228036 -0.001500
v 0.012651 -0.228036 -0.000500
v 0.013223 -0.226640 -0.001500
v 0.013223 -0.226640 -0.000500
v 0.013641 -0.225191 -0.001500
v 0.013641 -0.225191 -0.000500
v 0.013901 -0.223705 -0.001500
v 0.013901 -0.223705 -0.000500
v 0.013999 -0.222199 -0.001500
v 0.013999 -0.222199 -0.000500
v -0.013292 -0.217646 -0.009500
v -0.013292 -0.217646 -0.008500
v -0.013688 -0.219102 -0.009500
v -0.013688 -0.219102 -0.008500
v -0.013925 -0.220591 -0.009500
v -0.013925 -0.220591 -0.008500
v -0.014000 -0.222098 -0.009500
v -0.014000 -0.222098 -0.008500
v -0.013912 -0.223604 -0.009500
v -0.013912 -0.223604 -0.008500
v -0.013664 -0.225092 -0.009500
v -0.013664 -0.225092 -0.008500
v -0.013256 -0.226544 -0.009500
v -0.013256 -0.226544 -0.008500
v -0.012695 -0.227944 -0.009500
v -0.012695 -0.227944 -0.008500
v -0.011986 -0.229276 -0.009500
v -0.011986 -0.229276 -0.008500
v -0.011138 -0.230523 -0.009500
v -0.011138 -0.230523 -0.008500
v -0.010160 -0.231672 -0.009500
v -0.010160 -0.231672 -0.008500
v -0.009065 -0.232710 -0.009500
v -0.009065 -0.232710 -0.008500
v -0.007865 -0.233623 -0.009500
v -0.007865 -0.233623 -0.008500
v -0.006573 -0.234402 -0.009500
v -0.006573 -0.234402 -0.008500
v -0.005205 -0.235037 -0.009500
v -0.005205 -0.235037 -0.008500
v -0.003776 -0.235522 -0.009500
v -0.003776 -0.235522 -0.008500
v -0.002304 -0.235850 -0.009500
v -0.002304 -0.235850 -0.008500
v -0.000805 -0.236018 -0.009500
v -0.000805 -0.236018 -0.008500
v 0.000704 -0.236023 -0.009500
v 0.000704 -0.236023 -0.008500
v 0.002204 -0.235866 -0.009500
v 0.002204 -0.235866 -0.008500
v 0.003679 -0.235549 -0.009500
v 0.003679 -0.235549 -0.008500
v 0.005111 -0.235075 -0.009500
v 0.005111 -0.235075 -0.008500
v 0.006483 -0.234449 -0.009500
v 0.006483 -0.234449 -0.008500
v 0.007781 -0.233680 -0.009500
v 0.007781 -0.233680 -0.008500
v 0.008988 -0.232775 -0.009500
v 0.008988 -0.232775 -0.008500
v 0.010090 -0.231746 -0.009500
v 0.010090 -0.231746 -0.008500
v 0.011076 -0.230604 -0.009500
v 0.011076 -0.230604 -0.008500
v 0.011933 -0.229362 -0.009500
v 0.011933 -0.229362 -0.008500
v 0.012651 -0.228036 -0.009500
v 0.012651 -0.228036 -0.008500
v 0.013223 -0.226640 -0.009500
v 0.013223 -0.226640 -0.008500
v 0.013641 -0.225191 -0.009500
v 0.013641 -0.225191 -0.008500
v 0.013901 -0.223705 -0.009500
v 0.013901 -0.223705 -0.008500
v 0.013999 -0.222199 -0.009500
v 0.013999 -0.222199 -0.008500
v -0.013849 -0.215738 -0.001766
v -0.013852 -0.215736 0.000000
v -0.013067 -0.212993 0.000000
v -0.013772 -0.215773 0.009500
v -0.013734 -0.215790 0.011787
v -0.012948 -0.212918 0.011573
v -0.013832 -0.215745 0.004535
v -0.013833 -0.215745 -0.004492
v -0.013734 -0.215790 -0.011787
v -0.013767 -0.215775 -0.009794
v -0.012908 -0.212775 -0.011562
v -0.013035 -0.212972 -0.005754
v -0.011609 -0.208200 -0.011250
v -0.012074 -0.209692 -0.005659
v -0.010292 -0.203584 -0.010937
v -0.010102 -0.203006 -0.005469
v -0.009127 -0.199360 -0.010625
v -0.009235 -0.199945 -0.005373
v -0.008602 -0.197319 -0.010449
v -0.008544 -0.197303 -0.005278
v -0.008257 -0.195877 -0.010312
v -0.007542 -0.192631 -0.010000
v -0.008011 -0.194967 -0.005183
v -0.012092 -0.209704 0.000000
v -0.010089 -0.202998 0.000000
v -0.009213 -0.199933 0.000000
v -0.008522 -0.197296 0.000000
v -0.013844 -0.215740 0.002802
v -0.013035 -0.212972 0.005754
v -0.012074 -0.209692 0.005659
v -0.010102 -0.203006 0.005469
v -0.009235 -0.199945 0.005374
v -0.008544 -0.197303 0.005278
v -0.012026 -0.209659 0.011348
v -0.010135 -0.203029 0.010899
v -0.009293 -0.199979 0.010674
v -0.009127 -0.199360 0.010625
v -0.008602 -0.197319 0.010449
v -0.008257 -0.195877 0.010313
v -0.007997 -0.194970 0.000000
v -0.008011 -0.194967 0.005183
v -0.008046 -0.194958 0.010225
v -0.007542 -0.192631 -0.005088
v -0.007542 -0.192631 0.000000
v -0.007542 -0.192631 0.005088
v -0.007542 -0.192631 0.010000
v 0.007008 -0.210611 -0.011562
v 0.007200 -0.210395 -0.011548
v 0.013673 -0.209895 -0.011562
v 0.007341 -0.210207 -0.011535
v 0.007410 -0.210101 -0.011528
v 0.007549 -0.209854 -0.011511
v 0.007598 -0.209752 -0.011504
v 0.007692 -0.209519 -0.011487
v 0.007772 -0.209259 -0.011469
v 0.007793 -0.209172 -0.011463
v 0.007843 -0.208891 -0.011443
v 0.007858 -0.208743 -0.011432
v 0.007867 -0.208529 -0.011416
v 0.013306 -0.205672 -0.011250
v -0.011601 -0.216761 -0.011887
v 0.001634 -0.211432 -0.011580
v 0.001881 -0.211532 -0.011589
v 0.002127 -0.211607 -0.011597
v 0.002228 -0.211631 -0.011599
v 0.002511 -0.211679 -0.011605
v 0.002643 -0.211693 -0.011607
v 0.002872 -0.211702 -0.011610
v 0.003166 -0.211688 -0.011611
v 0.014062 -0.213893 -0.011875
v 0.005156 -0.211495 -0.011613
v 0.005516 -0.211438 -0.011612
v 0.005671 -0.211400 -0.011610
v 0.005863 -0.211339 -0.011607
v 0.006126 -0.211232 -0.011602
v 0.006160 -0.211216 -0.011601
v 0.006447 -0.211060 -0.011591
v 0.006611 -0.210951 -0.011584
v 0.006742 -0.210851 -0.011578
v 0.006955 -0.210664 -0.011566
v -0.000109 -0.208991 -0.011389
v -0.000052 -0.209350 -0.011415
v -0.000014 -0.209505 -0.011426
v 0.000047 -0.209698 -0.011441
v 0.000156 -0.209965 -0.011461
v 0.000170 -0.209995 -0.011463
v 0.000329 -0.210285 -0.011485
v 0.000435 -0.210445 -0.011498
v 0.000537 -0.210580 -0.011508
v 0.000729 -0.210796 -0.011526
v 0.000775 -0.210843 -0.011529
v 0.000998 -0.211041 -0.011546
v 0.001179 -0.211175 -0.011557
v 0.001293 -0.211250 -0.011564
v 0.001545 -0.211390 -0.011576
v -0.000784 -0.202017 -0.010887
v -0.001154 -0.198194 -0.010587
v -0.001449 -0.195145 -0.010307
v -0.001747 -0.192070 -0.010000
v -0.005825 -0.219390 -0.012187
v -0.006623 -0.219027 -0.012145
v 0.014265 -0.215739 -0.012031
v -0.008784 -0.218043 -0.012030
v -0.009468 -0.217732 -0.011994
v 0.014478 -0.217475 -0.012187
v 0.014701 -0.219101 -0.012344
v -0.003426 -0.220482 -0.012313
v -0.000000 -0.222041 -0.012500
v 0.007853 -0.208220 -0.011394
v 0.007178 -0.201245 -0.010883
v 0.012956 -0.201445 -0.010937
v 0.006904 -0.198406 -0.010662
v 0.012620 -0.197433 -0.010625
v 0.006547 -0.194725 -0.010342
v 0.012298 -0.193843 -0.010312
v 0.006216 -0.191299 -0.010000
v 0.012040 -0.190735 -0.010000
v 0.006216 -0.191299 -0.008000
v -0.001747 -0.192070 -0.008000
v -0.006052 -0.192486 -0.006500
v 0.010550 -0.190880 -0.006500
v 0.012040 -0.190735 0.010000
v 0.012040 -0.190735 0.005088
v 0.010550 -0.190880 0.006500
v 0.012040 -0.190735 -0.000000
v 0.012040 -0.190735 -0.005088
v 0.006216 -0.191299 0.010000
v 0.006216 -0.191299 0.008000
v -0.001747 -0.192070 0.008000
v -0.006052 -0.192486 0.006500
v -0.001747 -0.192070 0.010000
v 0.007160 -0.210445 0.011551
v 0.007008 -0.210611 0.011562
v 0.013673 -0.209895 0.011563
v 0.014701 -0.219101 0.012344
v -0.003426 -0.220482 0.012313
v 0.014478 -0.217475 0.012188
v -0.005825 -0.219390 0.012187
v -0.006623 -0.219027 0.012145
v 0.014265 -0.215739 0.012031
v -0.008784 -0.218043 0.012030
v -0.009468 -0.217732 0.011994
v 0.014062 -0.213893 0.011875
v -0.011601 -0.216761 0.011887
v 0.006911 -0.210706 0.011569
v 0.006690 -0.210892 0.011581
v 0.006611 -0.210951 0.011585
v 0.006388 -0.211095 0.011593
v 0.006160 -0.211216 0.011601
v 0.006066 -0.211259 0.011603
v 0.005797 -0.211361 0.011609
v 0.005671 -0.211400 0.011610
v 0.005447 -0.211453 0.011613
v 0.002643 -0.211693 0.011608
v 0.002443 -0.211670 0.011604
v 0.005156 -0.211495 0.011613
v 0.003166 -0.211688 0.011611
v 0.002802 -0.211701 0.011609
v 0.002163 -0.211616 0.011598
v 0.002127 -0.211607 0.011597
v 0.001816 -0.211508 0.011587
v 0.001634 -0.211432 0.011580
v 0.001486 -0.211360 0.011573
v 0.001241 -0.211217 0.011561
v -0.001378 -0.195885 0.010378
v -0.001110 -0.198648 0.010625
v -0.001061 -0.199157 0.010667
v -0.000784 -0.202015 0.010887
v -0.000718 -0.202702 0.010938
v -0.000297 -0.207053 0.011250
v 0.001179 -0.211175 0.011557
v 0.000949 -0.211000 0.011542
v 0.000775 -0.210843 0.011529
v 0.000686 -0.210752 0.011522
v 0.000502 -0.210535 0.011505
v 0.000435 -0.210445 0.011498
v 0.000298 -0.210234 0.011481
v 0.000170 -0.209995 0.011463
v 0.000132 -0.209913 0.011457
v 0.000029 -0.209646 0.011437
v -0.000014 -0.209505 0.011426
v -0.000064 -0.209296 0.011411
v -0.000109 -0.208991 0.011389
v 0.007853 -0.208220 0.011394
v 0.007866 -0.208584 0.011421
v 0.007858 -0.208743 0.011432
v 0.007836 -0.208944 0.011446
v 0.007780 -0.209227 0.011467
v 0.007772 -0.209259 0.011469
v 0.007672 -0.209574 0.011491
v 0.007598 -0.209752 0.011504
v 0.007524 -0.209904 0.011514
v 0.007377 -0.210153 0.011531
v 0.007341 -0.210207 0.011535
v 0.013306 -0.205672 0.011250
v 0.012956 -0.201445 0.010938
v 0.007179 -0.201247 0.010883
v 0.012620 -0.197433 0.010625
v 0.006846 -0.197815 0.010614
v 0.012298 -0.193843 0.010313
v 0.006526 -0.194509 0.010321
v 0.014179 -0.213842 -0.005882
v 0.013758 -0.209841 -0.005750
v 0.014534 -0.217474 -0.009049
v 0.014576 -0.217474 -0.006015
v 0.014223 -0.213823 -0.000000
v 0.013345 -0.205645 -0.000000
v 0.013334 -0.205652 0.005618
v 0.013758 -0.209841 0.005750
v 0.014576 -0.217474 0.006015
v 0.014760 -0.219109 0.006081
v 0.012235 -0.193840 -0.000000
v 0.012252 -0.193841 0.005220
v 0.012537 -0.197477 -0.000000
v 0.012560 -0.197465 0.005353
v 0.012928 -0.201464 0.005485
v 0.012252 -0.193841 -0.005220
v 0.012560 -0.197465 -0.005353
v 0.012928 -0.201464 -0.005485
v 0.013334 -0.205652 -0.005618
v 0.014179 -0.213842 0.005882
v 0.014930 -0.220596 -0.000000
v 0.014930 -0.220596 0.006147
v 0.014930 -0.220596 -0.009256
v 0.014930 -0.220596 -0.006147
v -0.000000 -0.222041 -0.009500
v 0.004208 -0.233279 0.009500
v 0.005639 -0.232634 0.009500
v -0.007628 -0.231304 0.009500
v -0.006354 -0.232221 0.009500
v -0.000413 -0.234034 0.009500
v 0.006973 -0.231807 0.009500
v 0.009263 -0.229669 0.009500
v -0.004971 -0.232963 0.009500
v -0.003503 -0.233518 0.009500
v 0.001156 -0.233985 0.009500
v 0.002705 -0.233732 0.009500
v -0.011477 -0.218538 0.009500
v -0.011836 -0.220066 0.009500
v -0.011993 -0.221628 0.009500
v -0.011944 -0.223197 0.009500
v 0.010180 -0.228395 0.009500
v 0.010922 -0.227012 0.009500
v 0.011477 -0.225544 0.009500
v 0.011836 -0.224016 0.009500
v 0.011993 -0.222454 0.009500
v -0.011691 -0.224746 0.009500
v -0.011238 -0.226249 0.009500
v -0.009766 -0.229014 0.009500
v -0.008772 -0.230229 0.009500
v 0.009263 -0.229669 -0.009500
v 0.004208 -0.233279 -0.009500
v 0.002705 -0.233732 -0.009500
v -0.003503 -0.233518 -0.009500
v -0.004971 -0.232963 -0.009500
v -0.006354 -0.232221 -0.009500
v -0.007628 -0.231304 -0.009500
v -0.008772 -0.230229 -0.009500
v 0.001156 -0.233985 -0.009500
v -0.000413 -0.234034 -0.009500
v -0.011993 -0.221628 -0.009500
v -0.011836 -0.220066 -0.009500
v -0.011477 -0.218538 -0.009500
v 0.011993 -0.222454 -0.009500
v 0.011836 -0.224016 -0.009500
v 0.011477 -0.225544 -0.009500
v 0.006973 -0.231807 -0.009500
v 0.005639 -0.232634 -0.009500
v -0.009766 -0.229014 -0.009500
v -0.011238 -0.226249 -0.009500
v -0.011691 -0.224746 -0.009500
v -0.011944 -0.223197 -0.009500
v 0.010922 -0.227012 -0.009500
v 0.010180 -0.228395 -0.009500
v 0.009202 -0.192517 -0.005000
v 0.011032 -0.211429 -0.005000
v 0.009202 -0.192517 0.005000
v 0.011032 -0.211429 0.005000
v 0.001289 -0.195260 0.005000
v 0.001067 -0.195529 0.005000
v -0.004414 -0.193835 0.005000
v 0.000722 -0.196505 0.005000
v 0.000725 -0.196854 0.005000
v 0.000896 -0.195833 0.005000
v 0.000780 -0.196161 0.005000
v 0.002252 -0.205214 0.005000
v 0.002031 -0.205483 0.005000
v 0.001859 -0.205786 0.005000
v 0.002181 -0.194734 0.005000
v 0.001854 -0.194856 0.005000
v 0.001554 -0.195034 0.005000
v 0.001752 -0.207150 0.005000
v 0.001875 -0.207477 0.005000
v -0.002584 -0.212747 0.005000
v 0.002052 -0.207777 0.005000
v 0.002278 -0.208042 0.005000
v 0.001743 -0.206115 0.005000
v 0.001686 -0.206459 0.005000
v 0.001689 -0.206807 0.005000
v 0.002547 -0.208264 0.005000
v 0.002851 -0.208435 0.005000
v 0.003180 -0.208551 0.005000
v 0.004179 -0.204678 0.005000
v 0.004508 -0.204794 0.005000
v 0.004811 -0.204966 0.005000
v 0.001315 -0.198088 0.005000
v 0.001584 -0.198310 0.005000
v 0.003144 -0.204688 0.005000
v 0.001888 -0.198482 0.005000
v 0.000789 -0.197197 0.005000
v 0.000911 -0.197523 0.005000
v 0.001088 -0.197823 0.005000
v 0.002517 -0.204987 0.005000
v 0.003523 -0.208609 0.005000
v 0.003872 -0.208605 0.005000
v 0.004215 -0.208542 0.005000
v 0.004541 -0.208419 0.005000
v 0.004842 -0.208242 0.005000
v 0.005107 -0.208016 0.005000
v 0.005484 -0.205753 0.005000
v 0.005307 -0.205453 0.005000
v 0.005081 -0.205188 0.005000
v 0.002523 -0.194671 0.005000
v 0.002872 -0.194667 0.005000
v 0.004710 -0.196817 0.005000
v 0.004707 -0.196469 0.005000
v 0.004344 -0.195499 0.005000
v 0.004117 -0.195234 0.005000
v 0.003848 -0.195012 0.005000
v 0.002818 -0.204810 0.005000
v 0.005328 -0.207747 0.005000
v 0.005500 -0.207443 0.005000
v 0.005616 -0.207115 0.005000
v 0.003878 -0.198289 0.005000
v 0.004143 -0.198062 0.005000
v 0.004643 -0.196126 0.005000
v 0.004521 -0.195799 0.005000
v 0.003545 -0.194841 0.005000
v 0.003216 -0.194725 0.005000
v 0.005673 -0.206771 0.005000
v 0.005670 -0.206422 0.005000
v 0.005606 -0.206079 0.005000
v 0.002216 -0.198598 0.005000
v 0.002560 -0.198655 0.005000
v 0.003487 -0.204624 0.005000
v 0.002909 -0.198652 0.005000
v 0.003835 -0.204621 0.005000
v 0.003252 -0.198588 0.005000
v 0.003578 -0.198466 0.005000
v 0.004365 -0.197793 0.005000
v 0.004536 -0.197490 0.005000
v 0.004653 -0.197161 0.005000
v -0.004414 -0.193835 -0.005000
v -0.002584 -0.212747 -0.005000
v 0.003216 -0.194725 -0.005000
v 0.003545 -0.194841 -0.005000
v 0.003848 -0.195012 -0.005000
v 0.004117 -0.195234 -0.005000
v 0.005107 -0.208016 -0.005000
v 0.004842 -0.208242 -0.005000
v 0.004710 -0.196817 -0.005000
v 0.004707 -0.196469 -0.005000
v 0.004643 -0.196126 -0.005000
v 0.005673 -0.206771 -0.005000
v 0.005616 -0.207115 -0.005000
v 0.003872 -0.208605 -0.005000
v 0.004215 -0.208542 -0.005000
v 0.004541 -0.208419 -0.005000
v 0.004344 -0.195499 -0.005000
v 0.004521 -0.195799 -0.005000
v 0.005500 -0.207443 -0.005000
v 0.005328 -0.207747 -0.005000
v 0.004179 -0.204678 -0.005000
v 0.004143 -0.198062 -0.005000
v 0.003878 -0.198289 -0.005000
v 0.003578 -0.198466 -0.005000
v 0.003252 -0.198588 -0.005000
v 0.003835 -0.204621 -0.005000
v 0.004508 -0.204794 -0.005000
v 0.002216 -0.198598 -0.005000
v 0.001888 -0.198482 -0.005000
v 0.001584 -0.198310 -0.005000
v 0.001315 -0.198088 -0.005000
v 0.000725 -0.196854 -0.005000
v 0.000722 -0.196505 -0.005000
v 0.000780 -0.196161 -0.005000
v 0.001854 -0.194856 -0.005000
v 0.001554 -0.195034 -0.005000
v 0.001289 -0.195260 -0.005000
v 0.002181 -0.194734 -0.005000
v 0.002523 -0.194671 -0.005000
v 0.002872 -0.194667 -0.005000
v 0.004811 -0.204966 -0.005000
v 0.005081 -0.205188 -0.005000
v 0.005307 -0.205453 -0.005000
v 0.005484 -0.205753 -0.005000
v 0.005606 -0.206079 -0.005000
v 0.005670 -0.206422 -0.005000
v 0.000896 -0.195833 -0.005000
v 0.001067 -0.195529 -0.005000
v 0.002031 -0.205483 -0.005000
v 0.002252 -0.205214 -0.005000
v 0.001088 -0.197823 -0.005000
v 0.000911 -0.197523 -0.005000
v 0.000789 -0.197197 -0.005000
v 0.004653 -0.197161 -0.005000
v 0.004536 -0.197490 -0.005000
v 0.004365 -0.197793 -0.005000
v 0.003523 -0.208609 -0.005000
v 0.003180 -0.208551 -0.005000
v 0.002851 -0.208435 -0.005000
v 0.002517 -0.204987 -0.005000
v 0.002818 -0.204810 -0.005000
v 0.003144 -0.204688 -0.005000
v 0.002547 -0.208264 -0.005000
v 0.002278 -0.208042 -0.005000
v 0.002052 -0.207777 -0.005000
v 0.001875 -0.207477 -0.005000
v 0.001752 -0.207150 -0.005000
v 0.001689 -0.206807 -0.005000
v 0.003487 -0.204624 -0.005000
v 0.002909 -0.198652 -0.005000
v 0.002560 -0.198655 -0.005000
v 0.001686 -0.206459 -0.005000
v 0.001743 -0.206115 -0.005000
v 0.001859 -0.205786 -0.005000
v 0.004117 -0.195234 0.008000
v 0.004344 -0.195499 0.008000
v 0.004521 -0.195799 0.008000
v 0.004643 -0.196126 0.008000
v 0.002872 -0.194667 0.008000
v 0.003216 -0.194725 0.008000
v 0.003252 -0.198588 0.008000
v 0.002909 -0.198652 0.008000
v 0.007853 -0.208220 0.008000
v 0.002560 -0.198655 0.008000
v 0.002216 -0.198598 0.008000
v 0.001584 -0.198310 0.008000
v 0.001315 -0.198088 0.008000
v 0.005081 -0.205188 0.008000
v 0.005670 -0.206422 0.008000
v 0.005606 -0.206079 0.008000
v 0.005484 -0.205753 0.008000
v 0.004215 -0.208542 0.008000
v 0.003872 -0.208605 0.008000
v 0.003166 -0.211688 0.008000
v 0.003523 -0.208609 0.008000
v 0.002643 -0.211693 0.008000
v 0.003180 -0.208551 0.008000
v 0.003144 -0.204688 0.008000
v 0.003487 -0.204624 0.008000
v 0.003835 -0.204621 0.008000
v 0.004179 -0.204678 0.008000
v 0.003545 -0.194841 0.008000
v 0.003848 -0.195012 0.008000
v 0.004707 -0.196469 0.008000
v 0.004710 -0.196817 0.008000
v 0.004653 -0.197161 0.008000
v 0.004536 -0.197490 0.008000
v 0.004365 -0.197793 0.008000
v 0.004143 -0.198062 0.008000
v 0.005156 -0.211495 0.008000
v 0.005671 -0.211400 0.008000
v 0.004541 -0.208419 0.008000
v 0.006160 -0.211216 0.008000
v 0.004842 -0.208242 0.008000
v 0.001859 -0.205786 0.008000
v 0.002031 -0.205483 0.008000
v 0.002252 -0.205214 0.008000
v 0.004811 -0.204966 0.008000
v 0.000789 -0.197197 0.008000
v 0.000725 -0.196854 0.008000
v 0.003878 -0.198289 0.008000
v 0.003578 -0.198466 0.008000
v 0.005673 -0.206771 0.008000
v 0.005616 -0.207115 0.008000
v 0.007858 -0.208743 0.008000
v 0.005500 -0.207443 0.008000
v 0.007772 -0.209259 0.008000
v 0.005328 -0.207747 0.008000
v 0.007598 -0.209752 0.008000
v 0.005107 -0.208016 0.008000
v 0.000170 -0.209995 0.008000
v 0.000435 -0.210445 0.008000
v 0.002278 -0.208042 0.008000
v 0.002547 -0.208264 0.008000
v 0.002517 -0.204987 0.008000
v 0.002818 -0.204810 0.008000
v 0.005307 -0.205453 0.008000
v 0.001888 -0.198482 0.008000
v 0.006611 -0.210951 0.008000
v 0.007008 -0.210611 0.008000
v 0.007341 -0.210207 0.008000
v 0.000775 -0.210843 0.008000
v 0.001179 -0.211175 0.008000
v 0.002851 -0.208435 0.008000
v 0.001634 -0.211432 0.008000
v 0.002127 -0.211607 0.008000
v -0.000014 -0.209505 0.008000
v 0.002052 -0.207777 0.008000
v -0.000109 -0.208991 0.008000
v 0.001875 -0.207477 0.008000
v 0.001752 -0.207150 0.008000
v 0.000911 -0.197523 0.008000
v 0.001088 -0.197823 0.008000
v 0.000722 -0.196505 0.008000
v 0.000780 -0.196161 0.008000
v 0.000896 -0.195833 0.008000
v 0.001554 -0.195034 0.008000
v 0.001854 -0.194856 0.008000
v 0.002181 -0.194734 0.008000
v 0.002523 -0.194671 0.008000
v 0.001689 -0.206807 0.008000
v 0.001686 -0.206459 0.008000
v 0.001743 -0.206115 0.008000
v 0.004508 -0.204794 0.008000
v 0.001067 -0.195529 0.008000
v 0.001289 -0.195260 0.008000
v 0.007853 -0.208220 -0.008000
v 0.001088 -0.197823 -0.008000
v 0.001315 -0.198088 -0.008000
v -0.000109 -0.208991 -0.008000
v 0.003216 -0.194725 -0.008000
v 0.003545 -0.194841 -0.008000
v 0.003848 -0.195012 -0.008000
v 0.001689 -0.206807 -0.008000
v 0.001752 -0.207150 -0.008000
v 0.001875 -0.207477 -0.008000
v -0.000014 -0.209505 -0.008000
v 0.002052 -0.207777 -0.008000
v 0.000170 -0.209995 -0.008000
v 0.002278 -0.208042 -0.008000
v 0.000435 -0.210445 -0.008000
v 0.002547 -0.208264 -0.008000
v 0.001584 -0.198310 -0.008000
v 0.001888 -0.198482 -0.008000
v 0.002216 -0.198598 -0.008000
v 0.005307 -0.205453 -0.008000
v 0.005081 -0.205188 -0.008000
v 0.002252 -0.205214 -0.008000
v 0.002031 -0.205483 -0.008000
v 0.001067 -0.195529 -0.008000
v 0.000896 -0.195833 -0.008000
v 0.000780 -0.196161 -0.008000
v 0.000722 -0.196505 -0.008000
v 0.002851 -0.208435 -0.008000
v 0.001179 -0.211175 -0.008000
v 0.000775 -0.210843 -0.008000
v 0.002872 -0.194667 -0.008000
v 0.002523 -0.194671 -0.008000
v 0.002181 -0.194734 -0.008000
v 0.001854 -0.194856 -0.008000
v 0.001554 -0.195034 -0.008000
v 0.001289 -0.195260 -0.008000
v 0.000725 -0.196854 -0.008000
v 0.000789 -0.197197 -0.008000
v 0.000911 -0.197523 -0.008000
v 0.004811 -0.204966 -0.008000
v 0.004508 -0.204794 -0.008000
v 0.004179 -0.204678 -0.008000
v 0.003578 -0.198466 -0.008000
v 0.003878 -0.198289 -0.008000
v 0.004143 -0.198062 -0.008000
v 0.004365 -0.197793 -0.008000
v 0.004536 -0.197490 -0.008000
v 0.004643 -0.196126 -0.008000
v 0.004521 -0.195799 -0.008000
v 0.002517 -0.204987 -0.008000
v 0.004344 -0.195499 -0.008000
v 0.004117 -0.195234 -0.008000
v 0.001859 -0.205786 -0.008000
v 0.001743 -0.206115 -0.008000
v 0.001686 -0.206459 -0.008000
v 0.007598 -0.209752 -0.008000
v 0.005107 -0.208016 -0.008000
v 0.005328 -0.207747 -0.008000
v 0.005616 -0.207115 -0.008000
v 0.005673 -0.206771 -0.008000
v 0.003252 -0.198588 -0.008000
v 0.003835 -0.204621 -0.008000
v 0.002909 -0.198652 -0.008000
v 0.003487 -0.204624 -0.008000
v 0.002560 -0.198655 -0.008000
v 0.003144 -0.204688 -0.008000
v 0.002818 -0.204810 -0.008000
v 0.004541 -0.208419 -0.008000
v 0.005671 -0.211400 -0.008000
v 0.004215 -0.208542 -0.008000
v 0.005156 -0.211495 -0.008000
v 0.003872 -0.208605 -0.008000
v 0.003166 -0.211688 -0.008000
v 0.003523 -0.208609 -0.008000
v 0.002643 -0.211693 -0.008000
v 0.003180 -0.208551 -0.008000
v 0.002127 -0.211607 -0.008000
v 0.001634 -0.211432 -0.008000
v 0.007341 -0.210207 -0.008000
v 0.007008 -0.210611 -0.008000
v 0.004842 -0.208242 -0.008000
v 0.006611 -0.210951 -0.008000
v 0.006160 -0.211216 -0.008000
v 0.005500 -0.207443 -0.008000
v 0.007858 -0.208743 -0.008000
v 0.007772 -0.209259 -0.008000
v 0.005670 -0.206422 -0.008000
v 0.005606 -0.206079 -0.008000
v 0.005484 -0.205753 -0.008000
v 0.004653 -0.197161 -0.008000
v 0.004710 -0.196817 -0.008000
v 0.004707 -0.196469 -0.008000
v -0.004462 -0.193578 0.005023
v 0.009200 -0.192256 0.005023
v 0.009195 -0.192400 0.005005
v -0.004433 -0.193705 0.005006
v 0.009211 -0.192152 0.005045
v -0.004503 -0.193453 0.005051
v 0.009230 -0.192048 0.005074
v 0.009243 -0.191998 0.005090
v -0.004554 -0.193333 0.005090
v 0.009299 -0.191824 0.005163
v -0.004615 -0.193218 0.005141
v 0.009330 -0.191751 0.005201
v -0.004687 -0.193108 0.005201
v 0.009402 -0.191612 0.005286
v -0.004767 -0.193005 0.005271
v 0.009459 -0.191522 0.005352
v -0.004857 -0.192909 0.005351
v 0.009537 -0.191419 0.005439
v -0.005058 -0.192743 0.005536
v 0.009626 -0.191321 0.005537
v 0.009700 -0.191250 0.005618
v -0.005286 -0.192614 0.005750
v 0.009824 -0.191151 0.005751
v 0.009888 -0.191108 0.005819
v -0.005533 -0.192527 0.005987
v 0.010049 -0.191019 0.005988
v 0.010096 -0.190997 0.006036
v -0.005791 -0.192484 0.006240
v 0.010294 -0.190927 0.006240
v 0.010319 -0.190921 0.006265
v 0.009195 -0.192400 -0.005005
v 0.009200 -0.192256 -0.005023
v 0.009211 -0.192152 -0.005045
v 0.009243 -0.191998 -0.005090
v 0.009299 -0.191824 -0.005163
v 0.009330 -0.191751 -0.005201
v 0.009402 -0.191612 -0.005286
v 0.009459 -0.191522 -0.005352
v 0.009537 -0.191419 -0.005439
v 0.009626 -0.191321 -0.005537
v 0.010096 -0.190997 -0.006036
v 0.010049 -0.191019 -0.005988
v 0.009888 -0.191108 -0.005819
v 0.009824 -0.191151 -0.005751
v 0.009700 -0.191250 -0.005618
v 0.010319 -0.190921 -0.006265
v 0.010294 -0.190927 -0.006240
v -0.004687 -0.193108 -0.005201
v -0.004767 -0.193005 -0.005271
v -0.004857 -0.192909 -0.005351
v -0.005058 -0.192743 -0.005536
v -0.005286 -0.192614 -0.005750
v -0.005533 -0.192527 -0.005987
v -0.005791 -0.192484 -0.006240
v -0.004615 -0.193218 -0.005141
v -0.004554 -0.193333 -0.005090
v -0.004503 -0.193453 -0.005051
v -0.004462 -0.193578 -0.005023
v -0.004433 -0.193705 -0.005006
v 0.010051 -0.190928 0.006000
v -0.005551 -0.192438 0.006000
v -0.005551 -0.192438 -0.006000
v 0.010087 -0.190924 -0.006000
v 0.000956 0.033258 -0.010000
v 0.000956 0.033258 -0.006000
v 0.001560 0.034377 -0.006000
v 0.001560 0.034377 -0.010000
v 0.002333 0.035386 -0.006000
v 0.002333 0.035386 -0.010000
v 0.003257 0.036259 -0.006000
v 0.003257 0.036259 -0.010000
v 0.004307 0.036976 -0.006000
v 0.004307 0.036976 -0.010000
v 0.005458 0.037517 -0.006000
v 0.005458 0.037517 -0.010000
v 0.006679 0.037869 -0.006000
v 0.006679 0.037869 -0.010000
v 0.007942 0.038023 -0.006000
v 0.007942 0.038023 -0.010000
v 0.009212 0.037975 -0.006000
v 0.009212 0.037975 -0.010000
v 0.010459 0.037726 -0.006000
v 0.010459 0.037726 -0.010000
v 0.000956 0.033258 0.006000
v 0.000956 0.033258 0.010000
v 0.001560 0.034377 0.010000
v 0.001560 0.034377 0.006000
v 0.002333 0.035386 0.010000
v 0.002333 0.035386 0.006000
v 0.003257 0.036259 0.010000
v 0.003257 0.036259 0.006000
v 0.004307 0.036976 0.010000
v 0.004307 0.036976 0.006000
v 0.005458 0.037517 0.010000
v 0.005458 0.037517 0.006000
v 0.006679 0.037869 0.010000
v 0.006679 0.037869 0.006000
v 0.007942 0.038023 0.010000
v 0.007942 0.038023 0.006000
v 0.009212 0.037975 0.010000
v 0.009212 0.037975 0.006000
v 0.010459 0.037726 0.010000
v 0.010459 0.037726 0.006000
v 0.016359 0.028592 -0.006000
v 0.016359 0.028592 -0.010000
v 0.016479 0.029890 -0.010000
v 0.016479 0.029890 -0.006000
v 0.016386 0.031190 -0.010000
v 0.016386 0.031190 -0.006000
v 0.016083 0.032457 -0.010000
v 0.016083 0.032457 -0.006000
v 0.015579 0.033659 -0.010000
v 0.015579 0.033659 -0.006000
v 0.014886 0.034763 -0.010000
v 0.014886 0.034763 -0.006000
v 0.014023 0.035739 -0.010000
v 0.014023 0.035739 -0.006000
v 0.013013 0.036563 -0.010000
v 0.013013 0.036563 -0.006000
v 0.011883 0.037212 -0.010000
v 0.011883 0.037212 -0.006000
v 0.010662 0.037668 -0.010000
v 0.010662 0.037668 -0.006000
v 0.016359 0.028592 0.010000
v 0.016359 0.028592 0.006000
v 0.016479 0.029890 0.006000
v 0.016479 0.029890 0.010000
v 0.016386 0.031190 0.006000
v 0.016386 0.031190 0.010000
v 0.016083 0.032457 0.006000
v 0.016083 0.032457 0.010000
v 0.015579 0.033659 0.006000
v 0.015579 0.033659 0.010000
v 0.014886 0.034763 0.006000
v 0.014886 0.034763 0.010000
v 0.014023 0.035739 0.006000
v 0.014023 0.035739 0.010000
v 0.013013 0.036563 0.006000
v 0.013013 0.036563 0.010000
v 0.011883 0.037212 0.006000
v 0.011883 0.037212 0.010000
v 0.010662 0.037668 0.006000
v 0.010662 0.037668 0.010000
v -0.012630 0.000990 -0.010000
v -0.012630 0.000990 0.010000
v -0.012069 0.003358 0.010000
v -0.012069 0.003358 -0.010000
v -0.011225 0.005639 0.010000
v -0.011225 0.005639 -0.010000
v -0.006075 0.017315 0.006000
v -0.006075 0.017315 -0.006000
v 0.009506 -0.010539 -0.006000
v 0.009506 -0.010539 0.006000
v 0.007027 -0.024697 0.010000
v 0.007027 -0.024697 -0.010000
v 0.005742 -0.030373 -0.010000
v 0.005742 -0.030373 0.010000
v 0.005077 -0.036155 -0.010000
v 0.005077 -0.036155 0.010000
v 0.005037 -0.041974 -0.010000
v 0.005037 -0.041974 0.010000
v -0.006335 -0.175771 -0.010000
v -0.006335 -0.175771 0.010000
v -0.006727 -0.166917 0.010000
v -0.006727 -0.166917 -0.010000
v -0.007885 -0.150097 0.010000
v -0.007885 -0.150097 -0.010000
v -0.009531 -0.132119 0.010000
v -0.009531 -0.132119 -0.010000
v -0.012710 -0.101054 0.010000
v -0.012710 -0.101054 -0.010000
v -0.014726 -0.078427 0.010000
v -0.014726 -0.078427 -0.010000
v -0.015717 -0.062454 0.010000
v -0.015717 -0.062454 -0.010000
v -0.016151 -0.048037 0.010000
v -0.016151 -0.048037 -0.010000
v -0.016055 -0.034745 0.010000
v -0.016055 -0.034745 -0.010000
v -0.015442 -0.022317 0.010000
v -0.015442 -0.022317 -0.010000
v -0.014324 -0.010594 0.010000
v -0.014324 -0.010594 -0.010000
v -0.002511 -0.030308 -0.002500
v -0.002511 -0.030308 -0.010000
v -0.001715 -0.030609 -0.002500
v -0.001715 -0.030609 -0.010000
v -0.000982 -0.031040 -0.002500
v -0.000982 -0.031040 -0.010000
v -0.000332 -0.031590 -0.002500
v -0.000332 -0.031590 -0.010000
v 0.000215 -0.032242 -0.002500
v 0.000215 -0.032242 -0.010000
v 0.000643 -0.032977 -0.002500
v 0.000643 -0.032977 -0.010000
v 0.000941 -0.033774 -0.002500
v 0.000941 -0.033774 -0.010000
v 0.001099 -0.034610 -0.002500
v 0.001099 -0.034610 -0.010000
v 0.001113 -0.035460 -0.002500
v 0.001113 -0.035460 -0.010000
v -0.012033 -0.034069 -0.002500
v -0.012033 -0.034069 -0.010000
v -0.011940 -0.033250 -0.002500
v -0.011940 -0.033250 -0.010000
v -0.011714 -0.032456 -0.002500
v -0.011714 -0.032456 -0.010000
v -0.011360 -0.031711 -0.002500
v -0.011360 -0.031711 -0.010000
v -0.010889 -0.031034 -0.002500
v -0.010889 -0.031034 -0.010000
v -0.010312 -0.030444 -0.002500
v -0.010312 -0.030444 -0.010000
v -0.009647 -0.029957 -0.002500
v -0.009647 -0.029957 -0.010000
v -0.008910 -0.029586 -0.002500
v -0.008910 -0.029586 -0.010000
v -0.008122 -0.029341 -0.002500
v -0.008122 -0.029341 -0.010000
v -0.007305 -0.029228 -0.002500
v -0.007305 -0.029228 -0.010000
v -0.006481 -0.029252 -0.002500
v -0.006481 -0.029252 -0.010000
v -0.005671 -0.029411 -0.002500
v -0.005671 -0.029411 -0.010000
v 0.001583 -0.185302 -0.002500
v 0.001583 -0.185302 -0.010000
v 0.001389 -0.185251 -0.002500
v 0.001389 -0.185251 -0.010000
v 0.007127 -0.180824 -0.002500
v 0.007127 -0.180824 -0.010000
v 0.006987 -0.181604 -0.002500
v 0.006987 -0.181604 -0.010000
v 0.006726 -0.182352 -0.002500
v 0.006726 -0.182352 -0.010000
v 0.006349 -0.183049 -0.002500
v 0.006349 -0.183049 -0.010000
v 0.005868 -0.183679 -0.002500
v 0.005868 -0.183679 -0.010000
v 0.005292 -0.184224 -0.002500
v 0.005292 -0.184224 -0.010000
v 0.004638 -0.184671 -0.002500
v 0.004638 -0.184671 -0.010000
v 0.003922 -0.185010 -0.002500
v 0.003922 -0.185010 -0.010000
v 0.003161 -0.185231 -0.002500
v 0.003161 -0.185231 -0.010000
v 0.002375 -0.185329 -0.002500
v 0.002375 -0.185329 -0.010000
v -0.001529 -0.183022 -0.002500
v -0.001867 -0.182351 -0.002500
v 0.007282 -0.174733 -0.002500
v -0.002101 -0.181637 -0.002500
v -0.002341 -0.175516 -0.002500
v -0.002767 -0.166076 -0.002500
v -0.003946 -0.149192 -0.002500
v -0.005605 -0.131177 -0.002500
v 0.001041 -0.042162 -0.002500
v -0.008681 -0.101144 -0.002500
v -0.010715 -0.078418 -0.002500
v -0.012150 -0.048129 -0.002500
v -0.011712 -0.062463 -0.002500
v 0.000025 -0.184631 -0.002500
v -0.000572 -0.184174 -0.002500
v -0.001094 -0.183634 -0.002500
v 0.000684 -0.184992 -0.002500
v 0.007282 -0.174733 -0.010000
v 0.001041 -0.042162 -0.010000
v -0.002101 -0.181637 -0.010000
v -0.002341 -0.175516 -0.010000
v -0.002767 -0.166076 -0.010000
v -0.003946 -0.149192 -0.010000
v -0.005605 -0.131177 -0.010000
v -0.008681 -0.101144 -0.010000
v -0.010715 -0.078418 -0.010000
v -0.011712 -0.062463 -0.010000
v -0.012150 -0.048129 -0.010000
v 0.001113 -0.035460 0.002500
v 0.001113 -0.035460 0.010000
v 0.001099 -0.034610 0.002500
v 0.001099 -0.034610 0.010000
v 0.000941 -0.033774 0.002500
v 0.000941 -0.033774 0.010000
v 0.000643 -0.032977 0.002500
v 0.000643 -0.032977 0.010000
v 0.000215 -0.032242 0.002500
v 0.000215 -0.032242 0.010000
v -0.000332 -0.031590 0.002500
v -0.000332 -0.031590 0.010000
v -0.000982 -0.031040 0.002500
v -0.000982 -0.031040 0.010000
v -0.001715 -0.030609 0.002500
v -0.001715 -0.030609 0.010000
v -0.002511 -0.030308 0.002500
v -0.002511 -0.030308 0.010000
v -0.005671 -0.029411 0.002500
v -0.005671 -0.029411 0.010000
v -0.006481 -0.029252 0.002500
v -0.006481 -0.029252 0.010000
v -0.007305 -0.029228 0.002500
v -0.007305 -0.029228 0.010000
v -0.008122 -0.029341 0.002500
v -0.008122 -0.029341 0.010000
v -0.008910 -0.029586 0.002500
v -0.008910 -0.029586 0.010000
v -0.009647 -0.029957 0.002500
v -0.009647 -0.029957 0.010000
v -0.010312 -0.030444 0.002500
v -0.010312 -0.030444 0.010000
v -0.010889 -0.031034 0.002500
v -0.010889 -0.031034 0.010000
v -0.011360 -0.031711 0.002500
v -0.011360 -0.031711 0.010000
v -0.011714 -0.032456 0.002500
v -0.011714 -0.032456 0.010000
v -0.011940 -0.033250 0.002500
v -0.011940 -0.033250 0.010000
v -0.012033 -0.034069 0.002500
v -0.012033 -0.034069 0.010000
v -0.002101 -0.181637 0.002500
v -0.002101 -0.181637 0.010000
v -0.001856 -0.182377 0.002500
v -0.001856 -0.182377 0.010000
v -0.001499 -0.183070 0.002500
v -0.001499 -0.183070 0.010000
v -0.001038 -0.183700 0.002500
v -0.001038 -0.183700 0.010000
v -0.000486 -0.184250 0.002500
v -0.000486 -0.184250 0.010000
v 0.000146 -0.184707 0.002500
v 0.000146 -0.184707 0.010000
v 0.000841 -0.185061 0.002500
v 0.000841 -0.185061 0.010000
v 0.001583 -0.185302 0.002500
v 0.001583 -0.185302 0.010000
v 0.002375 -0.185329 0.002500
v 0.002375 -0.185329 0.010000
v 0.003161 -0.185231 0.002500
v 0.003161 -0.185231 0.010000
v 0.003922 -0.185010 0.002500
v 0.003922 -0.185010 0.010000
v 0.004638 -0.184671 0.002500
v 0.004638 -0.184671 0.010000
v 0.005292 -0.184224 0.002500
v 0.005292 -0.184224 0.010000
v 0.005868 -0.183679 0.002500
v 0.005868 -0.183679 0.010000
v 0.006349 -0.183049 0.002500
v 0.006349 -0.183049 0.010000
v 0.006726 -0.182352 0.002500
v 0.006726 -0.182352 0.010000
v 0.006987 -0.181604 0.002500
v 0.006987 -0.181604 0.010000
v 0.007127 -0.180824 0.002500
v 0.007127 -0.180824 0.010000
v -0.011712 -0.062463 0.002500
v -0.010715 -0.078418 0.002500
v 0.001041 -0.042162 0.002500
v -0.008681 -0.101144 0.002500
v -0.005605 -0.131177 0.002500
v 0.007282 -0.174733 0.002500
v -0.003946 -0.149192 0.002500
v -0.002767 -0.166076 0.002500
v -0.002341 -0.175516 0.002500
v -0.012150 -0.048129 0.002500
v -0.012150 -0.048129 0.010000
v -0.011712 -0.062463 0.010000
v -0.010715 -0.078418 0.010000
v -0.008681 -0.101144 0.010000
v -0.005605 -0.131177 0.010000
v -0.003946 -0.149192 0.010000
v -0.002767 -0.166076 0.010000
v -0.002341 -0.175516 0.010000
v 0.007282 -0.174733 0.010000
v 0.001041 -0.042162 0.010000
v 0.008869 0.031266 -0.010000
v 0.008869 0.031266 -0.006000
v 0.008441 0.031348 -0.010000
v 0.008441 0.031348 -0.006000
v 0.008006 0.031355 -0.010000
v 0.008006 0.031355 -0.006000
v 0.007576 0.031285 -0.010000
v 0.007576 0.031285 -0.006000
v 0.007164 0.031142 -0.010000
v 0.007164 0.031142 -0.006000
v 0.006783 0.030930 -0.010000
v 0.006783 0.030930 -0.006000
v 0.006445 0.030655 -0.010000
v 0.006445 0.030655 -0.006000
v 0.006161 0.030325 -0.010000
v 0.006161 0.030325 -0.006000
v 0.005937 0.029951 -0.010000
v 0.005937 0.029951 -0.006000
v 0.005782 0.029543 -0.010000
v 0.005782 0.029543 -0.006000
v 0.005700 0.029115 -0.010000
v 0.005700 0.029115 -0.006000
v 0.005694 0.028680 -0.010000
v 0.005694 0.028680 -0.006000
v 0.005763 0.028250 -0.010000
v 0.005763 0.028250 -0.006000
v 0.005906 0.027838 -0.010000
v 0.005906 0.027838 -0.006000
v 0.006119 0.027457 -0.010000
v 0.006119 0.027457 -0.006000
v 0.006394 0.027119 -0.010000
v 0.006394 0.027119 -0.006000
v 0.006724 0.026835 -0.010000
v 0.006724 0.026835 -0.006000
v 0.007098 0.026611 -0.010000
v 0.007098 0.026611 -0.006000
v 0.007505 0.026456 -0.010000
v 0.007505 0.026456 -0.006000
v 0.001365 0.004810 -0.010000
v 0.001365 0.004810 0.010000
v 0.000509 0.004974 -0.010000
v 0.000509 0.004974 0.010000
v -0.000363 0.004987 -0.010000
v -0.000363 0.004987 0.010000
v -0.001223 0.004848 -0.010000
v -0.001223 0.004848 0.010000
v -0.002047 0.004562 -0.010000
v -0.002047 0.004562 0.010000
v -0.002808 0.004137 -0.010000
v -0.002808 0.004137 0.010000
v -0.003483 0.003587 -0.010000
v -0.003483 0.003587 0.010000
v -0.004053 0.002927 -0.010000
v -0.004053 0.002927 0.010000
v -0.004500 0.002179 -0.010000
v -0.004500 0.002179 0.010000
v -0.004810 0.001365 -0.010000
v -0.004810 0.001365 0.010000
v -0.004974 0.000509 -0.010000
v -0.004974 0.000509 0.010000
v -0.004987 -0.000363 -0.010000
v -0.004987 -0.000363 0.010000
v -0.004848 -0.001223 -0.010000
v -0.004848 -0.001223 0.010000
v -0.004562 -0.002047 -0.010000
v -0.004562 -0.002047 0.010000
v -0.004137 -0.002808 -0.010000
v -0.004137 -0.002808 0.010000
v -0.003587 -0.003483 -0.010000
v -0.003587 -0.003483 0.010000
v -0.002927 -0.004053 -0.010000
v -0.002927 -0.004053 0.010000
v -0.002179 -0.004500 -0.010000
v -0.002179 -0.004500 0.010000
v -0.001365 -0.004810 -0.010000
v -0.001365 -0.004810 0.010000
v 0.008869 0.031266 0.006000
v 0.008869 0.031266 0.010000
v 0.008441 0.031348 0.006000
v 0.008441 0.031348 0.010000
v 0.008006 0.031355 0.006000
v 0.008006 0.031355 0.010000
v 0.007576 0.031285 0.006000
v 0.007576 0.031285 0.010000
v 0.007164 0.031142 0.006000
v 0.007164 0.031142 0.010000
v 0.006783 0.030930 0.006000
v 0.006783 0.030930 0.010000
v 0.006445 0.030655 0.006000
v 0.006445 0.030655 0.010000
v 0.006161 0.030325 0.006000
v 0.006161 0.030325 0.010000
v 0.005937 0.029951 0.006000
v 0.005937 0.029951 0.010000
v 0.005782 0.029543 0.006000
v 0.005782 0.029543 0.010000
v 0.005700 0.029115 0.006000
v 0.005700 0.029115 0.010000
v 0.005694 0.028680 0.006000
v 0.005694 0.028680 0.010000
v 0.005763 0.028250 0.006000
v 0.005763 0.028250 0.010000
v 0.005906 0.027838 0.006000
v 0.005906 0.027838 0.010000
v 0.006119 0.027457 0.006000
v 0.006119 0.027457 0.010000
v 0.006394 0.027119 0.006000
v 0.006394 0.027119 0.010000
v 0.006724 0.026835 0.006000
v 0.006724 0.026835 0.010000
v 0.007098 0.026611 0.006000
v 0.007098 0.026611 0.010000
v 0.007505 0.026456 0.006000
v 0.007505 0.026456 0.010000
v 0.004848 0.001223 0.010000
v 0.004987 0.000363 0.010000
v 0.009211 0.026580 0.010000
v -0.006492 -0.184233 0.010000
v 0.010674 0.028607 0.010000
v 0.010681 0.029043 0.010000
v 0.010611 0.029473 0.010000
v 0.010468 0.029885 0.010000
v 0.010256 0.030265 0.010000
v 0.009981 0.030603 0.010000
v 0.010214 0.027397 0.010000
v 0.009929 0.027068 0.010000
v 0.009591 0.026793 0.010000
v 0.010592 0.028179 0.010000
v 0.010437 0.027772 0.010000
v 0.008369 0.026368 0.010000
v 0.007933 0.026374 0.010000
v 0.009651 0.030888 0.010000
v 0.009277 0.031111 0.010000
v 0.003587 0.003483 0.010000
v 0.004137 0.002808 0.010000
v 0.004562 0.002047 0.010000
v 0.008799 0.026437 0.010000
v 0.002179 0.004500 0.010000
v 0.002927 0.004053 0.010000
v 0.004974 -0.000509 0.010000
v 0.004810 -0.001365 0.010000
v 0.004500 -0.002179 0.010000
v 0.000363 -0.004987 0.010000
v 0.004053 -0.002927 0.010000
v 0.003483 -0.003587 0.010000
v 0.002808 -0.004137 0.010000
v 0.002047 -0.004562 0.010000
v 0.001223 -0.004848 0.010000
v -0.000509 -0.004974 0.010000
v -0.001094 -0.183634 -0.010000
v -0.000572 -0.184174 -0.010000
v 0.000025 -0.184631 -0.010000
v 0.000684 -0.184992 -0.010000
v -0.001529 -0.183022 -0.010000
v -0.006492 -0.184233 -0.010000
v -0.001867 -0.182351 -0.010000
v 0.004974 -0.000509 -0.010000
v 0.004848 0.001223 -0.010000
v 0.004562 0.002047 -0.010000
v 0.009277 0.031111 -0.010000
v 0.009651 0.030888 -0.010000
v 0.004987 0.000363 -0.010000
v 0.009981 0.030603 -0.010000
v 0.010256 0.030265 -0.010000
v 0.010468 0.029885 -0.010000
v 0.010611 0.029473 -0.010000
v 0.010681 0.029043 -0.010000
v 0.010674 0.028607 -0.010000
v 0.010592 0.028179 -0.010000
v 0.010437 0.027772 -0.010000
v 0.004137 0.002808 -0.010000
v 0.003587 0.003483 -0.010000
v 0.002927 0.004053 -0.010000
v 0.009211 0.026580 -0.010000
v 0.009591 0.026793 -0.010000
v 0.009929 0.027068 -0.010000
v 0.010214 0.027397 -0.010000
v 0.001223 -0.004848 -0.010000
v 0.002047 -0.004562 -0.010000
v 0.002808 -0.004137 -0.010000
v 0.003483 -0.003587 -0.010000
v 0.004810 -0.001365 -0.010000
v -0.000509 -0.004974 -0.010000
v 0.000363 -0.004987 -0.010000
v 0.004053 -0.002927 -0.010000
v 0.004500 -0.002179 -0.010000
v 0.007933 0.026374 -0.010000
v 0.008369 0.026368 -0.010000
v 0.008799 0.026437 -0.010000
v 0.002179 0.004500 -0.010000
v 0.006193 0.013835 -0.006000
v 0.006193 0.013835 0.006000
v 0.009277 0.031111 0.006000
v 0.009651 0.030888 0.006000
v 0.010214 0.027397 0.006000
v 0.010437 0.027772 0.006000
v 0.007933 0.026374 0.006000
v 0.008369 0.026368 0.006000
v 0.008799 0.026437 0.006000
v 0.010592 0.028179 0.006000
v 0.010674 0.028607 0.006000
v 0.010681 0.029043 0.006000
v 0.010611 0.029473 0.006000
v 0.010468 0.029885 0.006000
v 0.010256 0.030265 0.006000
v 0.009981 0.030603 0.006000
v 0.009211 0.026580 0.006000
v 0.009591 0.026793 0.006000
v 0.009929 0.027068 0.006000
v 0.010681 0.029043 -0.006000
v 0.010611 0.029473 -0.006000
v 0.010468 0.029885 -0.006000
v 0.010256 0.030265 -0.006000
v 0.009981 0.030603 -0.006000
v 0.010674 0.028607 -0.006000
v 0.010592 0.028179 -0.006000
v 0.010437 0.027772 -0.006000
v 0.009651 0.030888 -0.006000
v 0.009277 0.031111 -0.006000
v 0.010214 0.027397 -0.006000
v 0.009929 0.027068 -0.006000
v 0.009591 0.026793 -0.006000
v 0.009211 0.026580 -0.006000
v 0.008799 0.026437 -0.006000
v 0.008369 0.026368 -0.006000
v 0.007933 0.026374 -0.006000
v 0.009155 -0.192019 0.005000
v 0.010985 -0.210931 0.005000
v 0.009185 -0.192016 -0.005000
v 0.011015 -0.210928 -0.005000
v 0.004515 -0.208438 0.005000
v 0.004186 -0.208552 0.005000
v 0.002303 -0.205178 0.005000
v 0.002573 -0.204958 0.005000
v -0.004459 -0.193337 0.005000
v 0.005691 -0.206468 0.005000
v 0.005686 -0.206816 0.005000
v -0.002629 -0.212249 0.005000
v 0.003842 -0.208608 0.005000
v 0.003493 -0.208603 0.005000
v 0.005621 -0.207159 0.005000
v 0.005496 -0.207485 0.005000
v 0.005318 -0.207784 0.005000
v 0.005090 -0.208048 0.005000
v 0.004820 -0.208268 0.005000
v 0.002878 -0.204788 0.005000
v 0.003207 -0.204674 0.005000
v 0.003551 -0.204618 0.005000
v 0.004672 -0.196170 0.005000
v 0.004728 -0.196514 0.005000
v 0.004723 -0.196863 0.005000
v 0.004657 -0.197205 0.005000
v 0.004533 -0.197531 0.005000
v 0.002878 -0.198654 0.005000
v 0.002530 -0.198649 0.005000
v 0.003279 -0.194735 0.005000
v 0.003605 -0.194860 0.005000
v 0.003904 -0.195038 0.005000
v 0.004168 -0.195266 0.005000
v 0.003151 -0.208537 0.005000
v 0.002825 -0.208413 0.005000
v 0.002525 -0.208234 0.005000
v 0.002262 -0.208006 0.005000
v 0.002042 -0.207736 0.005000
v 0.001872 -0.207432 0.005000
v 0.004354 -0.197831 0.005000
v 0.004568 -0.204813 0.005000
v 0.004867 -0.204992 0.005000
v 0.005131 -0.205220 0.005000
v 0.001340 -0.195225 0.005000
v 0.001610 -0.195005 0.005000
v 0.001914 -0.194835 0.005000
v 0.002244 -0.194720 0.005000
v 0.002588 -0.194665 0.005000
v 0.002937 -0.194670 0.005000
v 0.004127 -0.198094 0.005000
v 0.003856 -0.198314 0.005000
v 0.004242 -0.204689 0.005000
v 0.003552 -0.198484 0.005000
v 0.003222 -0.198599 0.005000
v 0.005351 -0.205490 0.005000
v 0.005521 -0.205794 0.005000
v 0.005636 -0.206124 0.005000
v 0.002187 -0.198584 0.005000
v 0.001861 -0.198460 0.005000
v 0.001562 -0.198281 0.005000
v 0.004388 -0.195536 0.005000
v 0.004558 -0.195841 0.005000
v 0.001757 -0.207102 0.005000
v 0.001702 -0.206758 0.005000
v 0.001707 -0.206410 0.005000
v 0.001772 -0.206067 0.005000
v 0.001896 -0.205741 0.005000
v 0.002075 -0.205442 0.005000
v 0.003900 -0.204623 0.005000
v 0.001298 -0.198053 0.005000
v 0.001078 -0.197783 0.005000
v 0.000908 -0.197478 0.005000
v 0.000794 -0.197149 0.005000
v 0.000738 -0.196805 0.005000
v 0.000743 -0.196456 0.005000
v 0.000809 -0.196114 0.005000
v 0.000933 -0.195788 0.005000
v 0.001112 -0.195489 0.005000
v -0.004459 -0.193337 -0.005000
v -0.002629 -0.212249 -0.005000
v 0.002525 -0.208234 -0.005000
v 0.002825 -0.208413 -0.005000
v 0.003151 -0.208537 -0.005000
v 0.003904 -0.195038 -0.005000
v 0.003605 -0.194860 -0.005000
v 0.003279 -0.194735 -0.005000
v 0.002878 -0.198654 -0.005000
v 0.003551 -0.204618 -0.005000
v 0.003207 -0.204674 -0.005000
v 0.001078 -0.197783 -0.005000
v 0.001298 -0.198053 -0.005000
v 0.002530 -0.198649 -0.005000
v 0.002187 -0.198584 -0.005000
v 0.001562 -0.198281 -0.005000
v 0.001861 -0.198460 -0.005000
v 0.003493 -0.208603 -0.005000
v 0.003842 -0.208608 -0.005000
v 0.004186 -0.208552 -0.005000
v 0.004242 -0.204689 -0.005000
v 0.003856 -0.198314 -0.005000
v 0.004568 -0.204813 -0.005000
v 0.004127 -0.198094 -0.005000
v 0.001914 -0.194835 -0.005000
v 0.001610 -0.195005 -0.005000
v 0.001340 -0.195225 -0.005000
v 0.001112 -0.195489 -0.005000
v 0.000933 -0.195788 -0.005000
v 0.000809 -0.196114 -0.005000
v 0.000743 -0.196456 -0.005000
v 0.001707 -0.206410 -0.005000
v 0.001702 -0.206758 -0.005000
v 0.001757 -0.207102 -0.005000
v 0.001872 -0.207432 -0.005000
v 0.002042 -0.207736 -0.005000
v 0.002262 -0.208006 -0.005000
v 0.004515 -0.208438 -0.005000
v 0.004820 -0.208268 -0.005000
v 0.005090 -0.208048 -0.005000
v 0.005351 -0.205490 -0.005000
v 0.005131 -0.205220 -0.005000
v 0.004867 -0.204992 -0.005000
v 0.002937 -0.194670 -0.005000
v 0.002588 -0.194665 -0.005000
v 0.002244 -0.194720 -0.005000
v 0.002878 -0.204788 -0.005000
v 0.002573 -0.204958 -0.005000
v 0.002303 -0.205178 -0.005000
v 0.005636 -0.206124 -0.005000
v 0.005521 -0.205794 -0.005000
v 0.003900 -0.204623 -0.005000
v 0.003222 -0.198599 -0.005000
v 0.003552 -0.198484 -0.005000
v 0.004354 -0.197831 -0.005000
v 0.004533 -0.197531 -0.005000
v 0.004657 -0.197205 -0.005000
v 0.004723 -0.196863 -0.005000
v 0.000738 -0.196805 -0.005000
v 0.000794 -0.197149 -0.005000
v 0.000908 -0.197478 -0.005000
v 0.002075 -0.205442 -0.005000
v 0.001896 -0.205741 -0.005000
v 0.001772 -0.206067 -0.005000
v 0.005318 -0.207784 -0.005000
v 0.005496 -0.207485 -0.005000
v 0.005621 -0.207159 -0.005000
v 0.005686 -0.206816 -0.005000
v 0.005691 -0.206468 -0.005000
v 0.004728 -0.196514 -0.005000
v 0.004672 -0.196170 -0.005000
v 0.004558 -0.195841 -0.005000
v 0.004388 -0.195536 -0.005000
v 0.004168 -0.195266 -0.005000
v 0.009180 -0.191929 -0.005004
v -0.004470 -0.193259 -0.005003
v -0.004487 -0.193182 -0.005012
v -0.004491 -0.193166 -0.005015
v -0.004512 -0.193099 -0.005030
v 0.009194 -0.191756 -0.005034
v 0.009183 -0.191842 -0.005015
v -0.004538 -0.193034 -0.005049
v -0.004552 -0.193002 -0.005060
v 0.009212 -0.191670 -0.005060
v 0.009238 -0.191587 -0.005094
v -0.004612 -0.192896 -0.005109
v -0.004641 -0.192852 -0.005134
v 0.009271 -0.191506 -0.005134
v 0.009310 -0.191428 -0.005181
v -0.004706 -0.192770 -0.005191
v -0.004754 -0.192720 -0.005234
v 0.009357 -0.191354 -0.005234
v 0.009468 -0.191219 -0.005357
v -0.004820 -0.192661 -0.005294
v -0.004889 -0.192609 -0.005357
v 0.009601 -0.191106 -0.005500
v -0.004949 -0.192571 -0.005413
v -0.005041 -0.192523 -0.005500
v 0.009751 -0.191018 -0.005658
v -0.005089 -0.192502 -0.005547
v -0.005205 -0.192465 -0.005658
v 0.009915 -0.190956 -0.005826
v -0.005239 -0.192457 -0.005691
v -0.005377 -0.192436 -0.005826
v 0.009151 -0.191941 0.005003
v 0.009153 -0.191845 0.005015
v 0.009161 -0.191776 0.005030
v 0.009174 -0.191707 0.005049
v 0.009182 -0.191673 0.005060
v 0.009219 -0.191557 0.005109
v 0.009240 -0.191508 0.005134
v 0.009288 -0.191416 0.005191
v 0.009326 -0.191356 0.005235
v 0.009378 -0.191287 0.005293
v 0.009436 -0.191222 0.005358
v 0.009486 -0.191175 0.005412
v 0.009568 -0.191109 0.005501
v 0.009611 -0.191080 0.005546
v 0.009718 -0.191021 0.005658
v 0.009749 -0.191006 0.005691
v 0.009880 -0.190960 0.005826
v 0.009897 -0.190955 0.005844
v -0.004509 -0.193107 0.005028
v -0.004538 -0.193034 0.005049
v -0.004656 -0.192831 0.005147
v -0.004706 -0.192770 0.005191
v -0.005089 -0.192503 0.005546
v -0.005239 -0.192457 0.005691
v -0.005394 -0.192435 0.005844
v -0.004948 -0.192571 0.005412
v -0.004819 -0.192661 0.005293
v -0.004612 -0.192896 0.005109
v -0.004572 -0.192963 0.005076
v -0.004470 -0.193259 0.005003
v -0.004487 -0.193182 0.005012
vn 0.4141 0.9102 -0.0000
vn 0.4143 0.9102 -0.0000
vn 0.4143 0.9101 0.0001
vn 0.4142 0.9102 -0.0002
vn 0.4145 0.9101 -0.0000
vn 0.4145 0.9100 -0.0000
vn 0.4143 0.9101 -0.0001
vn 0.4142 0.9102 -0.0000
vn 0.4144 0.9101 -0.0000
vn 0.4146 0.9100 -0.0000
vn 0.4148 0.9099 -0.0000
vn -0.9307 0.3658 -0.0000
vn -0.9637 0.2669 -0.0000
vn -0.9864 0.1643 -0.0000
vn -0.9982 0.0605 -0.0000
vn -0.9990 -0.0439 -0.0000
vn -0.9889 -0.1484 -0.0000
vn -0.9680 -0.2509 -0.0000
vn -0.9681 -0.2504 -0.0000
vn -0.9364 -0.3508 -0.0000
vn -0.9365 -0.3508 -0.0000
vn -0.8948 -0.4465 -0.0000
vn -0.8430 -0.5379 -0.0000
vn -0.8431 -0.5377 -0.0000
vn -0.7825 -0.6227 -0.0000
vn -0.7128 -0.7013 -0.0000
vn -0.6357 -0.7720 -0.0000
vn -0.5518 -0.8340 -0.0000
vn -0.4615 -0.8872 -0.0000
vn -0.4616 -0.8871 -0.0000
vn -0.3662 -0.9305 -0.0000
vn -0.2667 -0.9638 -0.0000
vn -0.2668 -0.9638 -0.0000
vn -0.1644 -0.9864 -0.0000
vn -0.0605 -0.9982 -0.0000
vn 0.0439 -0.9990 -0.0000
vn 0.1484 -0.9889 -0.0000
vn 0.2509 -0.9680 -0.0000
vn 0.3504 -0.9366 -0.0000
vn 0.4465 -0.8948 -0.0000
vn 0.5378 -0.8431 -0.0000
vn 0.6227 -0.7824 -0.0000
vn 0.7013 -0.7129 -0.0000
vn 0.7013 -0.7128 -0.0000
vn 0.7720 -0.6357 -0.0000
vn 0.7720 -0.6356 -0.0000
vn 0.8342 -0.5514 -0.0000
vn 0.8340 -0.5517 -0.0000
vn 0.8343 -0.5513 -0.0000
vn 0.8873 -0.4612 -0.0000
vn 0.9305 -0.3663 -0.0000
vn 0.9307 -0.3658 -0.0000
vn 0.9638 -0.2667 -0.0000
vn 0.9864 -0.1644 -0.0000
vn 0.9982 -0.0605 -0.0000
vn 0.9990 0.0440 -0.0000
vn 0.9990 0.0443 -0.0000
vn -0.9305 0.3663 -0.0000
vn -0.6356 -0.7720 -0.0000
vn -0.0610 -0.9981 -0.0000
vn 0.5377 -0.8431 -0.0000
vn 0.5382 -0.8428 -0.0000
vn 0.9306 -0.3660 -0.0000
vn 0.9981 -0.0610 -0.0000
vn 0.9981 -0.0612 -0.0000
vn -0.8431 -0.5378 -0.0000
vn -0.5514 -0.8343 -0.0000
vn -0.5515 -0.8342 -0.0000
vn -0.4612 -0.8873 -0.0000
vn 0.5375 -0.8433 -0.0000
vn 0.5376 -0.8432 -0.0000
vn -0.9863 0.1648 -0.0000
vn -0.8430 -0.5380 -0.0000
vn -0.4617 -0.8871 -0.0000
vn 0.0443 -0.9990 -0.0000
vn 0.9990 0.0445 -0.0000
vn -0.9864 0.1646 -0.0000
vn -0.8429 -0.5380 -0.0000
vn -0.9306 0.3659 -0.0000
vn -0.4617 -0.8870 -0.0000
vn 0.6227 -0.7825 -0.0000
vn 0.8871 -0.4615 -0.0000
vn 0.9306 -0.3659 -0.0000
vn -0.9681 -0.2507 -0.0000
vn -0.8428 -0.5383 -0.0000
vn -0.8432 -0.5376 -0.0000
vn 0.5379 -0.8430 -0.0000
vn -0.3658 -0.9307 -0.0000
vn 0.8871 -0.4616 -0.0000
vn -0.5512 -0.8344 -0.0000
vn -0.9306 0.3660 -0.0000
vn -0.4618 -0.8870 -0.0000
vn -0.0608 -0.9981 -0.0000
vn 0.9981 -0.0611 -0.0000
vn -0.0960 0.9954 -0.0000
vn -0.0959 0.9954 -0.0000
vn -0.0965 0.9953 -0.0000
vn -0.0963 0.9953 -0.0000
vn -0.0964 0.9953 -0.0000
vn -0.0961 0.9954 -0.0000
vn -0.0964 0.9953 -0.0003
vn -0.0962 0.9954 -0.0004
vn -0.0966 0.9953 -0.0000
vn -0.0962 0.9954 -0.0000
vn -0.0962 0.9954 0.0004
vn -0.0964 0.9953 0.0003
vn -0.0000 -0.0000 -1.0000
vn -0.0000 -0.0000 1.0000
vn 0.9323 -0.3617 -0.0000
vn 0.9676 -0.2526 -0.0000
vn 0.9901 -0.1405 -0.0000
vn 0.9997 -0.0262 -0.0000
vn 0.9961 0.0881 -0.0000
vn 0.9795 0.2017 -0.0000
vn 0.9502 0.3116 -0.0000
vn 0.9501 0.3119 -0.0000
vn 0.9082 0.4185 -0.0000
vn 0.8542 0.5199 -0.0000
vn 0.7893 0.6140 -0.0000
vn 0.7144 0.6998 -0.0000
vn 0.7143 0.6998 -0.0000
vn 0.6289 0.7775 -0.0000
vn 0.6293 0.7772 -0.0000
vn 0.5366 0.8438 -0.0000
vn 0.4367 0.8996 -0.0000
vn 0.3306 0.9438 -0.0000
vn 0.3310 0.9436 -0.0000
vn 0.2205 0.9754 -0.0000
vn 0.2206 0.9754 -0.0000
vn 0.1077 0.9942 -0.0000
vn -0.0062 1.0000 -0.0000
vn -0.1209 0.9927 -0.0000
vn -0.2336 0.9723 -0.0000
vn -0.3430 0.9393 -0.0000
vn -0.3429 0.9394 -0.0000
vn -0.4484 0.8938 -0.0000
vn -0.5473 0.8369 -0.0000
vn -0.6393 0.7689 -0.0000
vn -0.7229 0.6909 -0.0000
vn -0.7973 0.6036 -0.0000
vn -0.8612 0.5083 -0.0000
vn -0.8611 0.5084 -0.0000
vn -0.9135 0.4069 -0.0000
vn -0.9541 0.2996 -0.0000
vn -0.9820 0.1890 -0.0000
vn -0.9819 0.1893 -0.0000
vn -0.9972 0.0753 -0.0000
vn -0.9992 -0.0393 -0.0000
vn -0.9312 0.3645 -0.0000
vn -0.9650 0.2624 -0.0000
vn -0.9876 0.1572 -0.0000
vn -0.9876 0.1568 -0.0000
vn -0.9988 0.0497 -0.0000
vn -0.9983 -0.0583 -0.0000
vn -0.9864 -0.1645 -0.0000
vn -0.9863 -0.1649 -0.0000
vn -0.9627 -0.2705 -0.0000
vn -0.9629 -0.2700 -0.0000
vn -0.9282 -0.3720 -0.0000
vn -0.8827 -0.4699 -0.0000
vn -0.8269 -0.5623 -0.0000
vn -0.7615 -0.6482 -0.0000
vn -0.6880 -0.7257 -0.0000
vn -0.6055 -0.7958 -0.0000
vn -0.5163 -0.8564 -0.0000
vn -0.4210 -0.9070 -0.0000
vn -0.3214 -0.9469 -0.0000
vn -0.2175 -0.9761 -0.0000
vn -0.1114 -0.9938 -0.0000
vn -0.0033 -1.0000 -0.0000
vn 0.1041 -0.9946 -0.0000
vn 0.2101 -0.9777 -0.0000
vn 0.3143 -0.9493 -0.0000
vn 0.4151 -0.9098 -0.0000
vn 0.4148 -0.9099 -0.0000
vn 0.4146 -0.9100 -0.0000
vn 0.5101 -0.8601 -0.0000
vn 0.5097 -0.8604 -0.0000
vn 0.5103 -0.8600 -0.0000
vn 0.5999 -0.8001 -0.0000
vn 0.6825 -0.7309 -0.0000
vn 0.7569 -0.6535 -0.0000
vn 0.8231 -0.5679 -0.0000
vn 0.8794 -0.4762 -0.0000
vn 0.9253 -0.3792 -0.0000
vn 0.9256 -0.3786 -0.0000
vn 0.9608 -0.2771 -0.0000
vn 0.9850 -0.1723 -0.0000
vn 0.9979 -0.0649 -0.0000
vn 0.9991 0.0424 -0.0000
vn -0.9863 -0.1650 -0.0000
vn -0.9628 -0.2701 -0.0000
vn -0.9283 -0.3720 -0.0000
vn -0.6875 -0.7262 -0.0000
vn -0.6876 -0.7261 -0.0000
vn -0.4211 -0.9070 -0.0000
vn 0.5104 -0.8599 -0.0000
vn 0.9254 -0.3789 -0.0000
vn 0.9255 -0.3788 -0.0000
vn 0.9851 -0.1718 -0.0000
vn 0.9851 -0.1719 -0.0000
vn -0.9650 0.2621 -0.0000
vn 0.4145 -0.9101 -0.0000
vn 0.5105 -0.8599 -0.0000
vn -0.6877 -0.7260 -0.0000
vn -0.9876 0.1569 -0.0000
vn -0.9629 -0.2699 -0.0000
vn -0.1110 -0.9938 -0.0000
vn 0.9851 -0.1720 -0.0000
vn -0.9863 -0.1648 -0.0000
vn -0.7619 -0.6477 -0.0000
vn 0.7570 -0.6535 -0.0000
vn -0.7618 -0.6478 -0.0000
vn 0.2106 -0.9776 -0.0000
vn 0.9255 -0.3787 -0.0000
vn 0.5100 -0.8602 -0.0000
vn -0.9614 0.2752 -0.0020
vn -0.9640 0.2652 0.0180
vn -0.9632 0.2685 0.0132
vn -0.9606 0.2778 -0.0064
vn -0.9640 0.2654 -0.0180
vn -0.9631 0.2688 -0.0119
vn -0.9617 0.2739 -0.0117
vn -0.9596 0.2813 -0.0048
vn -0.9615 0.2748 -0.0067
vn -0.9592 0.2828 0.0034
vn -0.9641 0.2655 0.0054
vn -0.9622 0.2722 0.0105
vn -0.9686 0.2485 0.0078
vn -0.9675 0.2527 0.0101
vn -0.9727 0.2318 0.0102
vn -0.9767 0.2143 0.0088
vn -0.9625 0.2708 -0.0135
vn -0.9615 0.2747 -0.0043
vn -0.9596 0.2813 -0.0043
vn -0.9588 0.2842 -0.0024
vn -0.9591 0.2830 -0.0025
vn -0.9582 0.2862 0.0019
vn -0.9622 0.2725 0.0019
vn -0.9615 0.2748 0.0033
vn -0.9675 0.2529 0.0034
vn -0.9673 0.2535 0.0037
vn -0.9615 0.2749 0.0030
vn -0.9611 0.2763 0.0043
vn -0.9588 0.2842 0.0043
vn -0.9596 0.2812 0.0025
vn -0.9582 0.2862 0.0024
vn -0.9592 0.2828 -0.0019
vn -0.9615 0.2748 -0.0019
vn -0.9622 0.2724 -0.0033
vn -0.9673 0.2535 -0.0034
vn -0.9675 0.2529 -0.0037
vn -0.9619 0.2732 0.0074
vn -0.9624 0.2714 0.0119
vn -0.9595 0.2814 0.0117
vn -0.9621 0.2726 0.0065
vn -0.9591 0.2831 0.0065
vn -0.9617 0.2740 -0.0047
vn -0.9622 0.2724 -0.0047
vn -0.9641 0.2655 -0.0088
vn -0.9660 0.2584 -0.0089
vn -0.9675 0.2527 -0.0083
vn -0.9686 0.2483 -0.0101
vn -0.9727 0.2318 -0.0102
vn -0.9750 0.2222 0.0073
vn -0.9748 0.2229 0.0038
vn -0.9749 0.2228 0.0038
vn -0.9755 0.2202 0.0028
vn -0.9755 0.2202 -0.0038
vn -0.9750 0.2223 -0.0028
vn -0.9750 0.2222 -0.0073
vn -0.9748 0.2231 -0.0072
vn -0.9804 0.1969 -0.0000
vn -0.9805 0.1965 0.0026
vn -0.9806 0.1962 0.0025
vn -0.9816 0.1910 -0.0000
vn -0.9816 0.1910 -0.0028
vn -0.9805 0.1966 -0.0072
vn -0.9773 0.2117 -0.0000
vn -0.0079 0.0738 -0.9972
vn -0.0079 0.0737 -0.9973
vn -0.0079 0.0735 -0.9973
vn -0.0078 0.0730 -0.9973
vn -0.0079 0.0732 -0.9973
vn -0.0079 0.0733 -0.9973
vn -0.0079 0.0730 -0.9973
vn -0.0080 0.0728 -0.9973
vn -0.0079 0.0725 -0.9973
vn -0.0080 0.0725 -0.9973
vn -0.0115 0.0775 -0.9969
vn -0.0074 0.0758 -0.9971
vn -0.0076 0.0761 -0.9971
vn -0.0077 0.0765 -0.9970
vn -0.0078 0.0769 -0.9970
vn -0.0078 0.0768 -0.9970
vn -0.0079 0.0772 -0.9970
vn -0.0081 0.0776 -0.9970
vn -0.0084 0.0785 -0.9969
vn -0.0083 0.0784 -0.9969
vn -0.0085 0.0774 -0.9970
vn -0.0085 0.0770 -0.9970
vn -0.0087 0.0767 -0.9970
vn -0.0088 0.0763 -0.9970
vn -0.0088 0.0761 -0.9971
vn -0.0089 0.0759 -0.9971
vn -0.0090 0.0758 -0.9971
vn -0.0090 0.0755 -0.9971
vn -0.0090 0.0756 -0.9971
vn -0.0083 0.0773 -0.9970
vn -0.0080 0.0740 -0.9972
vn -0.0076 0.0714 -0.9974
vn -0.0076 0.0717 -0.9974
vn -0.0076 0.0713 -0.9974
vn -0.0077 0.0721 -0.9974
vn -0.0077 0.0717 -0.9974
vn -0.0078 0.0726 -0.9973
vn -0.0079 0.0729 -0.9973
vn -0.0079 0.0731 -0.9973
vn -0.0080 0.0737 -0.9973
vn -0.0080 0.0737 -0.9972
vn -0.0086 0.0785 -0.9969
vn -0.0072 0.0754 -0.9971
vn -0.0072 0.0701 -0.9975
vn -0.0073 0.0697 -0.9975
vn -0.0065 0.0712 -0.9974
vn -0.0072 0.0756 -0.9971
vn -0.0066 0.0776 -0.9970
vn -0.0081 0.0880 -0.9961
vn -0.0078 0.0907 -0.9958
vn -0.0097 0.0969 -0.9952
vn -0.0098 0.0978 -0.9952
vn -0.0095 0.0984 -0.9951
vn -0.0094 0.0945 -0.9955
vn -0.0095 0.0947 -0.9955
vn -0.0085 0.0838 -0.9964
vn -0.0102 0.0934 -0.9956
vn -0.0095 0.0890 -0.9960
vn -0.0084 0.0886 -0.9960
vn -0.0090 0.0943 -0.9955
vn -0.0090 0.0954 -0.9954
vn -0.0095 0.1023 -0.9947
vn -0.0074 0.0723 -0.9974
vn -0.0075 0.0723 -0.9974
vn -0.0068 0.0733 -0.9973
vn -0.0066 0.0770 -0.9970
vn -0.0065 0.0773 -0.9970
vn -0.0082 0.0858 -0.9963
vn -0.0080 0.0862 -0.9962
vn -0.0099 0.0984 -0.9951
vn -0.0102 0.0982 -0.9951
vn -0.0096 0.0991 -0.9950
vn -0.0963 0.9954 -0.0003
vn -0.0963 0.9954 -0.0001
vn -0.0963 0.9953 -0.0002
vn -0.0963 0.9954 0.0002
vn -0.0969 0.9953 -0.0000
vn -0.0963 0.9954 -0.0000
vn -0.0963 0.9954 -0.0002
vn -0.0964 0.9953 -0.0004
vn -0.0963 0.9954 0.0003
vn -0.0967 0.9953 -0.0000
vn -0.0964 0.9953 0.0002
vn -0.0079 0.0740 0.9972
vn -0.0099 0.1022 0.9947
vn -0.0093 0.0990 0.9950
vn -0.0089 0.0944 0.9955
vn -0.0090 0.0954 0.9954
vn -0.0090 0.0953 0.9954
vn -0.0086 0.0890 0.9960
vn -0.0095 0.0949 0.9954
vn -0.0095 0.0944 0.9955
vn -0.0085 0.0832 0.9965
vn -0.0095 0.0890 0.9960
vn -0.0084 0.0770 0.9970
vn -0.0092 0.0753 0.9971
vn -0.0091 0.0753 0.9971
vn -0.0090 0.0756 0.9971
vn -0.0090 0.0758 0.9971
vn -0.0089 0.0761 0.9971
vn -0.0088 0.0761 0.9971
vn -0.0088 0.0764 0.9970
vn -0.0087 0.0765 0.9970
vn -0.0086 0.0768 0.9970
vn -0.0079 0.0771 0.9970
vn -0.0085 0.0771 0.9970
vn -0.0085 0.0774 0.9970
vn -0.0083 0.0784 0.9969
vn -0.0084 0.0788 0.9969
vn -0.0080 0.0775 0.9970
vn -0.0077 0.0767 0.9970
vn -0.0076 0.0763 0.9971
vn -0.0074 0.0759 0.9971
vn -0.0075 0.0760 0.9971
vn -0.0073 0.0757 0.9971
vn -0.0073 0.0756 0.9971
vn -0.0072 0.0752 0.9971
vn -0.0095 0.0977 0.9952
vn -0.0092 0.0982 0.9951
vn -0.0093 0.0975 0.9952
vn -0.0093 0.0881 0.9961
vn -0.0065 0.0954 0.9954
vn -0.0078 0.0879 0.9961
vn -0.0072 0.0808 0.9967
vn -0.0072 0.0807 0.9967
vn -0.0067 0.0761 0.9971
vn -0.0074 0.0734 0.9973
vn -0.0068 0.0754 0.9971
vn -0.0065 0.0694 0.9976
vn -0.0074 0.0708 0.9975
vn -0.0080 0.0737 0.9972
vn -0.0083 0.0766 0.9970
vn -0.0098 0.0812 0.9966
vn -0.0080 0.0735 0.9973
vn -0.0079 0.0733 0.9973
vn -0.0079 0.0736 0.9973
vn -0.0079 0.0731 0.9973
vn -0.0079 0.0726 0.9973
vn -0.0079 0.0727 0.9973
vn -0.0078 0.0724 0.9973
vn -0.0078 0.0725 0.9973
vn -0.0078 0.0722 0.9974
vn -0.0077 0.0719 0.9974
vn -0.0076 0.0717 0.9974
vn -0.0076 0.0715 0.9974
vn -0.0074 0.0710 0.9975
vn -0.0074 0.0711 0.9974
vn -0.0081 0.0725 0.9973
vn -0.0080 0.0724 0.9973
vn -0.0080 0.0725 0.9973
vn -0.0080 0.0726 0.9973
vn -0.0080 0.0729 0.9973
vn -0.0081 0.0726 0.9973
vn -0.0079 0.0732 0.9973
vn -0.0079 0.0734 0.9973
vn -0.0081 0.0730 0.9973
vn -0.0080 0.0733 0.9973
vn -0.0077 0.0730 0.9973
vn -0.0070 0.0724 0.9974
vn -0.0068 0.0772 0.9970
vn -0.0070 0.0775 0.9970
vn -0.0076 0.0859 0.9963
vn -0.0087 0.0874 0.9961
vn -0.0101 0.0994 0.9950
vn -0.0097 0.0989 0.9951
vn 0.9936 0.1110 -0.0204
vn 0.9942 0.1053 -0.0203
vn 0.9903 0.1375 -0.0177
vn 0.9922 0.1233 -0.0178
vn 0.9915 0.1294 -0.0139
vn 0.9938 0.1093 -0.0198
vn 0.9940 0.1089 -0.0078
vn 0.9945 0.1049 -0.0078
vn 0.9943 0.1067 -0.0065
vn 0.9943 0.1067 0.0021
vn 0.9948 0.1010 0.0105
vn 0.9935 0.1125 0.0158
vn 0.9906 0.1367 0.0092
vn 0.9980 0.0627 -0.0000
vn 0.9977 0.0680 -0.0032
vn 0.9966 0.0828 -0.0032
vn 0.9964 0.0845 -0.0045
vn 0.9951 0.0984 -0.0045
vn 0.9958 0.0918 0.0057
vn 0.9953 0.0966 0.0021
vn 0.9966 0.0827 -0.0000
vn 0.9977 0.0677 0.0090
vn 0.9960 0.0886 0.0090
vn 0.9964 0.0842 0.0119
vn 0.9965 0.0825 0.0118
vn 0.9958 0.0914 0.0054
vn 0.9966 0.0821 0.0054
vn 0.9953 0.0968 -0.0056
vn 0.9953 0.0967 -0.0053
vn 0.9962 0.0869 -0.0053
vn 0.9941 0.1087 0.0021
vn 0.9937 0.1119 0.0004
vn 0.9935 0.1136 -0.0000
vn 0.9934 0.1140 0.0092
vn 0.9885 0.1515 -0.0000
vn 0.9919 0.1266 -0.0123
vn 0.9921 0.1258 -0.0000
vn 0.9935 0.1132 -0.0137
vn 0.9936 0.1127 -0.0000
vn 0.9946 0.1038 -0.0047
vn 0.9946 0.1038 0.0078
vn 0.9945 0.1046 0.0078
vn 0.9945 0.1049 0.0078
vn 0.9977 0.0681 -0.0000
vn 0.9966 0.0818 -0.0090
vn 0.9964 0.0843 -0.0090
vn 0.9960 0.0883 -0.0119
vn 0.9958 0.0912 -0.0119
vn 0.9965 0.0830 -0.0054
vn 0.9953 0.0963 -0.0055
vn 0.9965 0.0829 0.0052
vn 0.9949 0.1009 0.0053
vn 0.9960 0.0877 0.0154
vn 0.9943 0.1051 0.0155
vn 0.9949 0.0984 0.0203
vn 0.9938 0.1093 0.0203
vn 0.9936 0.1109 0.0194
vn 0.9923 0.1231 0.0158
vn 0.9980 0.0627 0.0032
vn 0.9964 0.0846 0.0032
vn 0.9966 0.0828 0.0045
vn 0.9958 0.0915 0.0045
vn 0.9951 0.0984 -0.0006
vn 0.9953 0.0966 -0.0021
vn 0.9949 0.1008 -0.0021
vn 0.9947 0.1012 -0.0155
vn 0.9951 0.0980 -0.0155
vn 0.0963 -0.9953 -0.0000
vn 0.0963 -0.9954 -0.0000
vn -0.4142 -0.9102 -0.0000
vn -0.4143 -0.9101 -0.0000
vn -0.4142 -0.9102 0.0001
vn -0.4139 -0.9103 -0.0003
vn -0.4142 -0.9102 -0.0001
vn -0.4143 -0.9102 -0.0000
vn -0.4144 -0.9101 -0.0001
vn -0.4139 -0.9103 0.0003
vn -0.4144 -0.9101 -0.0002
vn -0.4143 -0.9102 0.0001
vn -0.4141 -0.9102 -0.0004
vn -0.4143 -0.9102 -0.0001
vn -0.4140 -0.9103 -0.0006
vn -0.4144 -0.9101 0.0002
vn 0.9995 0.0313 -0.0000
vn 0.9995 0.0309 -0.0000
vn 0.9950 -0.1000 -0.0000
vn 0.9735 -0.2287 -0.0000
vn 0.9354 -0.3537 -0.0000
vn 0.8812 -0.4727 -0.0000
vn 0.8119 -0.5838 -0.0000
vn 0.8116 -0.5842 -0.0000
vn 0.7287 -0.6848 -0.0000
vn 0.6332 -0.7740 -0.0000
vn 0.6331 -0.7740 -0.0000
vn 0.5270 -0.8499 -0.0000
vn 0.5269 -0.8499 -0.0000
vn 0.4109 -0.9117 -0.0000
vn 0.2886 -0.9575 -0.0000
vn 0.1612 -0.9869 -0.0000
vn 0.0312 -0.9995 -0.0000
vn -0.1000 -0.9950 -0.0000
vn -0.2287 -0.9735 -0.0000
vn -0.3536 -0.9354 -0.0000
vn -0.4728 -0.8812 -0.0000
vn -0.4730 -0.8810 -0.0000
vn -0.5839 -0.8118 -0.0000
vn -0.5842 -0.8116 -0.0000
vn -0.5838 -0.8119 -0.0000
vn -0.6848 -0.7287 -0.0000
vn -0.7740 -0.6332 -0.0000
vn -0.8499 -0.5269 -0.0000
vn -0.9117 -0.4109 -0.0000
vn -0.9574 -0.2886 -0.0000
vn -0.9869 -0.1612 -0.0000
vn -0.9995 -0.0309 -0.0000
vn -0.9995 -0.0313 -0.0000
vn -0.9950 0.1000 -0.0000
vn -0.9735 0.2287 -0.0000
vn -0.9354 0.3537 -0.0000
vn -0.9954 -0.0963 -0.0000
vn 0.9954 0.0963 -0.0000
vn -0.9954 -0.0962 -0.0000
vn -0.9954 -0.0963 -0.0001
vn -0.9953 -0.0964 -0.0003
vn -0.9954 -0.0961 -0.0000
vn 0.9954 0.0962 -0.0000
vn 0.9953 0.0966 -0.0000
vn 0.9954 0.0963 0.0001
vn 0.9954 0.0963 -0.0001
vn 0.9954 0.0961 0.0004
vn 0.9953 0.0963 -0.0001
vn 0.9953 0.0963 0.0001
vn -0.9953 -0.0963 -0.0000
vn -0.9954 -0.0961 0.0006
vn -0.9954 -0.0963 0.0002
vn 0.9953 0.0963 -0.0000
vn 0.9954 0.0963 0.0002
vn 0.9953 0.0964 -0.0000
vn 0.9832 0.1827 -0.0000
vn 0.9832 0.1826 -0.0000
vn 0.9365 0.3506 -0.0000
vn 0.9365 0.3508 -0.0000
vn 0.8613 0.5081 -0.0000
vn 0.7601 0.6498 -0.0000
vn 0.7602 0.6497 -0.0000
vn 0.6357 0.7719 -0.0000
vn 0.6357 0.7720 -0.0000
vn 0.6358 0.7718 -0.0000
vn 0.4920 0.8706 -0.0000
vn 0.4919 0.8707 -0.0000
vn 0.3335 0.9428 -0.0000
vn 0.3333 0.9428 -0.0000
vn 0.1645 0.9864 -0.0000
vn 0.1644 0.9864 -0.0000
vn 0.1647 0.9863 -0.0000
vn 0.1648 0.9863 -0.0000
vn -0.0092 1.0000 -0.0000
vn -0.1826 0.9832 -0.0000
vn -0.1827 0.9832 -0.0000
vn -0.3507 0.9365 -0.0000
vn -0.3506 0.9365 -0.0000
vn -0.5079 0.8614 -0.0000
vn -0.5075 0.8617 -0.0000
vn -0.6498 0.7601 -0.0000
vn -0.6496 0.7603 -0.0000
vn -0.7720 0.6357 -0.0000
vn -0.8705 0.4922 -0.0000
vn -0.9428 0.3334 -0.0000
vn -0.9864 0.1644 -0.0000
vn -0.9864 0.1645 -0.0000
vn -1.0000 -0.0087 -0.0000
vn -0.9831 -0.1832 -0.0000
vn -0.9830 -0.1835 -0.0000
vn -0.9366 -0.3505 -0.0000
vn -0.8613 -0.5081 -0.0000
vn -0.7601 -0.6498 -0.0000
vn -0.7602 -0.6497 -0.0000
vn -0.6357 -0.7719 -0.0000
vn -0.4920 -0.8706 -0.0000
vn -0.4921 -0.8706 -0.0000
vn -0.3332 -0.9429 -0.0000
vn -0.3330 -0.9429 -0.0000
vn -0.3333 -0.9428 -0.0000
vn -0.1645 -0.9864 -0.0000
vn 0.0091 -1.0000 -0.0000
vn 0.0090 -1.0000 -0.0000
vn 0.0089 -1.0000 -0.0000
vn 0.1828 -0.9831 -0.0000
vn 0.1828 -0.9832 -0.0000
vn 0.1827 -0.9832 -0.0000
vn 0.3505 -0.9366 -0.0000
vn 0.5081 -0.8613 -0.0000
vn 0.5080 -0.8614 -0.0000
vn 0.5078 -0.8615 -0.0000
vn 0.6499 -0.7600 -0.0000
vn 0.6498 -0.7601 -0.0000
vn 0.6499 -0.7601 -0.0000
vn 0.7719 -0.6357 -0.0000
vn 0.8705 -0.4921 -0.0000
vn 0.8706 -0.4920 -0.0000
vn 0.9428 -0.3333 -0.0000
vn 0.9428 -0.3334 -0.0000
vn 0.9864 -0.1646 -0.0000
vn 0.9864 -0.1645 -0.0000
vn 1.0000 0.0091 -0.0000
vn 1.0000 0.0087 -0.0000
vn 0.9830 0.1834 -0.0000
vn 0.9831 0.1829 -0.0000
vn 0.8611 0.5084 -0.0000
vn 0.7598 0.6502 -0.0000
vn 0.7597 0.6502 -0.0000
vn 0.7599 0.6501 -0.0000
vn 0.6358 0.7719 -0.0000
vn 0.6359 0.7718 -0.0000
vn 0.6356 0.7720 -0.0000
vn 0.4918 0.8707 -0.0000
vn 0.3334 0.9428 -0.0000
vn -0.0093 1.0000 -0.0000
vn -0.0091 1.0000 -0.0000
vn -0.1834 0.9830 -0.0000
vn -0.3504 0.9366 -0.0000
vn -0.3505 0.9366 -0.0000
vn -0.5080 0.8614 -0.0000
vn -0.5081 0.8613 -0.0000
vn -0.6499 0.7600 -0.0000
vn -0.6500 0.7599 -0.0000
vn -0.6499 0.7601 -0.0000
vn -0.7718 0.6358 -0.0000
vn -0.8706 0.4920 -0.0000
vn -0.8706 0.4919 -0.0000
vn -0.9428 0.3333 -0.0000
vn -1.0000 -0.0092 -0.0000
vn -0.9831 -0.1833 -0.0000
vn -0.9831 -0.1830 -0.0000
vn -0.9366 -0.3503 -0.0000
vn -0.9365 -0.3506 -0.0000
vn -0.8615 -0.5078 -0.0000
vn -0.7600 -0.6500 -0.0000
vn -0.7600 -0.6499 -0.0000
vn -0.6358 -0.7719 -0.0000
vn -0.6359 -0.7718 -0.0000
vn -0.6359 -0.7717 -0.0000
vn -0.4918 -0.8707 -0.0000
vn -0.3334 -0.9428 -0.0000
vn -0.3332 -0.9428 -0.0000
vn -0.1649 -0.9863 -0.0000
vn 0.0092 -1.0000 -0.0000
vn 0.3506 -0.9365 -0.0000
vn 0.5080 -0.8613 -0.0000
vn 0.5079 -0.8614 -0.0000
vn 0.6497 -0.7602 -0.0000
vn 0.7718 -0.6359 -0.0000
vn 0.7719 -0.6358 -0.0000
vn 0.8707 -0.4919 -0.0000
vn 0.8706 -0.4919 -0.0000
vn 0.9863 -0.1648 -0.0000
vn 0.9863 -0.1647 -0.0000
vn 1.0000 0.0086 -0.0000
vn 0.9365 0.3507 -0.0000
vn 0.6360 0.7717 -0.0000
vn 0.4919 0.8706 -0.0000
vn 0.4921 0.8705 -0.0000
vn 0.4921 0.8706 -0.0000
vn 0.3332 0.9429 -0.0000
vn 0.1646 0.9864 -0.0000
vn -0.1828 0.9832 -0.0000
vn -0.5077 0.8615 -0.0000
vn -0.5078 0.8615 -0.0000
vn -0.6497 0.7602 -0.0000
vn -0.7602 -0.6496 -0.0000
vn -0.7603 -0.6496 -0.0000
vn -0.6355 -0.7721 -0.0000
vn -0.6354 -0.7722 -0.0000
vn -0.3327 -0.9430 -0.0000
vn -0.1643 -0.9864 -0.0000
vn 0.1826 -0.9832 -0.0000
vn 0.9831 0.1830 -0.0000
vn 0.8612 0.5083 -0.0000
vn 0.6361 0.7716 -0.0000
vn 0.6359 0.7717 -0.0000
vn -0.0087 1.0000 -0.0000
vn -0.0090 1.0000 -0.0000
vn -0.1829 0.9831 -0.0000
vn -0.5084 0.8611 -0.0000
vn -0.8709 0.4915 -0.0000
vn -0.8611 -0.5085 -0.0000
vn -0.7598 -0.6502 -0.0000
vn -0.4916 -0.8708 -0.0000
vn -0.4915 -0.8708 -0.0000
vn -0.3335 -0.9427 -0.0000
vn -0.3331 -0.9429 -0.0000
vn -0.1646 -0.9864 -0.0000
vn -0.1648 -0.9863 -0.0000
vn 0.3507 -0.9365 -0.0000
vn 0.7717 -0.6360 -0.0000
vn 0.8706 -0.4921 -0.0000
vn -0.0122 0.1255 -0.9920
vn -0.0038 0.0391 -0.9992
vn -0.0042 0.0435 -0.9990
vn -0.0125 0.1302 -0.9914
vn -0.0200 0.2069 -0.9782
vn -0.0209 0.2153 -0.9763
vn -0.0265 0.2745 -0.9612
vn -0.0265 0.2744 -0.9612
vn -0.0316 0.3242 -0.9455
vn -0.0290 0.2993 -0.9537
vn -0.0384 0.3969 -0.9171
vn -0.0366 0.3810 -0.9239
vn -0.0366 0.3809 -0.9239
vn -0.0461 0.4751 -0.8787
vn -0.0461 0.4750 -0.8788
vn -0.0445 0.4596 -0.8870
vn -0.0525 0.5420 -0.8388
vn -0.0517 0.5348 -0.8434
vn -0.0517 0.5347 -0.8434
vn -0.0594 0.6133 -0.7876
vn -0.0587 0.6063 -0.7930
vn -0.0651 0.6728 -0.7369
vn -0.0651 0.6727 -0.7371
vn -0.0685 0.7038 -0.7071
vn -0.0710 0.7343 -0.6751
vn -0.0759 0.7846 -0.6153
vn -0.0793 0.8150 -0.5739
vn -0.0793 0.8150 -0.5740
vn -0.0808 0.8349 -0.5445
vn -0.0808 0.8348 -0.5446
vn -0.0847 0.8749 -0.4769
vn -0.0876 0.9019 -0.4229
vn -0.0883 0.9129 -0.3985
vn -0.0911 0.9412 -0.3254
vn -0.0933 0.9614 -0.2587
vn -0.0933 0.9614 -0.2590
vn -0.0935 0.9658 -0.2418
vn -0.0935 0.9658 -0.2419
vn -0.0950 0.9817 -0.1650
vn -0.0961 0.9915 -0.0873
vn -0.0960 0.9923 -0.0787
vn -0.9984 -0.0572 -0.0000
vn -0.9995 0.0301 -0.0000
vn -0.9995 0.0300 -0.0000
vn -0.9936 0.1127 -0.0000
vn -0.9833 0.1818 -0.0000
vn -0.9800 0.1988 -0.0002
vn -0.9512 0.3086 0.0004
vn -0.9723 0.2337 -0.0014
vn -0.9512 0.3085 -0.0000
vn -0.9206 0.3905 -0.0000
vn -0.9206 0.3904 -0.0000
vn -0.9205 0.3907 -0.0000
vn -0.8873 0.4611 -0.0000
vn -0.8872 0.4613 -0.0000
vn -0.8432 0.5375 -0.0000
vn -0.8432 0.5376 -0.0000
vn -0.8434 0.5374 -0.0000
vn -0.8434 0.5373 -0.0000
vn -0.7986 0.6018 -0.0000
vn -0.7987 0.6018 -0.0000
vn -0.7987 0.6017 -0.0000
vn -0.7430 0.6692 -0.0000
vn -0.7431 0.6692 -0.0000
vn -0.7432 0.6691 -0.0000
vn -0.6882 0.7255 -0.0000
vn -0.4137 0.9104 0.0012
vn -0.4851 0.8745 -0.0000
vn -0.5591 0.8291 -0.0000
vn -0.5592 0.8290 -0.0000
vn -0.5595 0.8288 -0.0000
vn -0.6227 0.7825 -0.0000
vn -0.6227 0.7824 -0.0000
vn -0.6226 0.7825 -0.0000
vn -0.6884 0.7253 -0.0000
vn -0.3338 0.9426 -0.0002
vn -0.4845 0.8748 -0.0003
vn -0.4846 0.8747 -0.0003
vn -0.4150 0.9098 -0.0000
vn -0.3339 0.9426 -0.0000
vn -0.3340 0.9426 -0.0000
vn -0.2583 0.9661 0.0014
vn -0.2602 0.9656 -0.0000
vn -0.1741 0.9847 -0.0000
vn -0.1740 0.9847 -0.0000
vn 0.7877 0.6160 -0.0000
vn 0.7311 0.6823 -0.0000
vn 0.7309 0.6825 -0.0000
vn 0.4923 0.8704 -0.0000
vn 0.3332 0.9428 -0.0000
vn 0.1642 0.9864 -0.0000
vn 0.1639 0.9865 -0.0000
vn 0.7878 0.6159 -0.0000
vn 0.7877 0.6161 -0.0000
vn 0.8383 0.5452 -0.0000
vn 0.8384 0.5451 -0.0000
vn 0.8828 0.4697 -0.0000
vn 0.8827 0.4700 -0.0000
vn 0.9204 0.3909 -0.0000
vn 0.9203 0.3912 -0.0000
vn 0.9509 0.3095 -0.0000
vn 0.9902 0.1397 -0.0000
vn 0.9509 0.3096 -0.0000
vn 0.9743 0.2254 -0.0000
vn 0.9743 0.2253 -0.0000
vn 0.9902 0.1396 -0.0000
vn -0.0042 0.0434 0.9990
vn -0.0038 0.0392 0.9992
vn -0.0125 0.1298 0.9915
vn -0.0122 0.1255 0.9920
vn -0.0208 0.2154 0.9763
vn -0.0201 0.2069 0.9782
vn -0.0289 0.2992 0.9537
vn -0.0289 0.2992 0.9538
vn -0.0282 0.2910 0.9563
vn -0.0282 0.2911 0.9563
vn -0.0369 0.3809 0.9239
vn -0.0383 0.3969 0.9171
vn -0.0461 0.4750 0.8788
vn -0.0445 0.4596 0.8870
vn -0.0518 0.5348 0.8434
vn -0.0524 0.5421 0.8387
vn -0.0524 0.5420 0.8387
vn -0.0594 0.6133 0.7876
vn -0.0587 0.6063 0.7930
vn -0.0681 0.7038 0.7071
vn -0.0659 0.6726 0.7370
vn -0.0710 0.7342 0.6752
vn -0.0789 0.8153 0.5736
vn -0.0769 0.7850 0.6147
vn -0.0808 0.8350 0.5443
vn -0.0873 0.9021 0.4226
vn -0.0857 0.8752 0.4760
vn -0.0883 0.9129 0.3984
vn -0.0930 0.9614 0.2588
vn -0.0930 0.9615 0.2587
vn -0.0930 0.9614 0.2589
vn -0.0922 0.9414 0.3244
vn -0.0935 0.9659 0.2416
vn -0.0935 0.9658 0.2418
vn -0.0960 0.9916 0.0871
vn -0.0963 0.9818 0.1638
vn -0.0960 0.9923 0.0787
vn 0.9876 0.1569 -0.0000
vn 0.9832 0.1824 -0.0028
vn 0.9703 0.2420 -0.0000
vn 0.9539 0.3002 -0.0000
vn 0.9363 0.3511 -0.0031
vn 0.9261 0.3772 -0.0005
vn 0.8617 0.5074 -0.0029
vn 0.8771 0.4803 -0.0000
vn 0.9046 0.4262 -0.0000
vn 0.7083 0.7059 -0.0000
vn 0.7487 0.6629 -0.0011
vn 0.7603 0.6495 -0.0029
vn 0.7972 0.6038 -0.0000
vn 0.8320 0.5547 -0.0000
vn 0.6640 0.7477 -0.0000
vn 0.6357 0.7720 -0.0032
vn 0.6357 0.7719 -0.0032
vn 0.5965 0.8026 -0.0000
vn 0.5471 0.8371 -0.0000
vn 0.4918 0.8707 -0.0026
vn 0.4865 0.8737 -0.0018
vn 0.4864 0.8737 -0.0018
vn 0.2332 0.9724 -0.0000
vn 0.2914 0.9566 -0.0000
vn 0.3333 0.9428 -0.0032
vn 0.3334 0.9428 -0.0032
vn 0.3736 0.9276 -0.0000
vn 0.4289 0.9034 -0.0000
vn 0.1692 0.9856 -0.0019
vn 0.1644 0.9864 -0.0022
vn 0.1000 0.9950 -0.0000
vn 0.0393 0.9992 -0.0000
vn -0.0096 0.9999 -0.0031
vn -0.0475 0.9989 -0.0000
vn -0.1564 0.9877 -0.0000
vn -0.1567 0.9876 -0.0000
vn -0.1825 0.9832 -0.0027
vn -0.4251 0.9052 -0.0000
vn -0.3765 0.9264 -0.0006
vn -0.3506 0.9365 -0.0030
vn -0.3000 0.9540 -0.0000
vn -0.2999 0.9540 -0.0000
vn -0.2420 0.9703 -0.0000
vn -0.2421 0.9703 -0.0000
vn -0.4792 0.8777 -0.0000
vn -0.4793 0.8777 -0.0000
vn -0.5079 0.8614 -0.0030
vn -0.5538 0.8327 -0.0000
vn -0.5537 0.8327 -0.0000
vn -0.6031 0.7976 -0.0000
vn -0.6499 0.7601 -0.0027
vn -0.6610 0.7504 -0.0013
vn -0.8363 0.5483 -0.0000
vn -0.8016 0.5979 -0.0000
vn -0.7719 0.6357 -0.0032
vn -0.7721 0.6355 -0.0033
vn -0.7464 0.6655 -0.0000
vn -0.7045 0.7097 -0.0000
vn -0.9719 0.2353 -0.0000
vn -0.9558 0.2942 -0.0000
vn -0.9430 0.3328 -0.0032
vn -0.9268 0.3757 -0.0000
vn -0.9267 0.3757 -0.0000
vn -0.8704 0.4923 -0.0000
vn -0.9017 0.4322 -0.0101
vn -0.9017 0.4323 -0.0101
vn -0.8716 0.4903 -0.0024
vn -0.8716 0.4902 -0.0025
vn -0.9847 0.1744 -0.0016
vn -0.9864 0.1645 -0.0028
vn -0.9947 0.1025 -0.0000
vn -0.9991 0.0420 -0.0000
vn -0.9999 -0.0096 -0.0032
vn -0.9990 -0.0453 -0.0000
vn -0.9994 -0.0357 -0.0000
vn -1.0000 -0.0096 0.0028
vn -0.9987 0.0513 -0.0000
vn -0.9938 0.1115 -0.0000
vn -0.9938 0.1114 -0.0000
vn -0.9864 0.1642 0.0033
vn -0.9813 0.1926 0.0005
vn -0.9430 0.3328 0.0030
vn -0.9531 0.3027 -0.0000
vn -0.9530 0.3031 -0.0000
vn -0.9696 0.2446 -0.0000
vn -0.9696 0.2447 -0.0000
vn -0.8305 0.5570 -0.0000
vn -0.8305 0.5571 -0.0000
vn -0.8619 0.5070 0.0011
vn -0.8619 0.5071 0.0011
vn -0.8707 0.4918 0.0029
vn -0.8982 0.4396 -0.0000
vn -0.8981 0.4397 -0.0000
vn -0.9231 0.3847 -0.0000
vn -0.7953 0.6063 -0.0000
vn -0.7952 0.6064 -0.0000
vn -0.7719 0.6357 0.0031
vn -0.7718 0.6358 0.0032
vn -0.7394 0.6732 -0.0000
vn -0.7395 0.6732 -0.0000
vn -0.6974 0.7167 -0.0000
vn -0.6501 0.7598 0.0025
vn -0.6500 0.7600 0.0025
vn -0.6451 0.7641 0.0018
vn -0.6450 0.7642 0.0018
vn -0.4158 0.9095 -0.0000
vn -0.4160 0.9094 -0.0000
vn -0.4690 0.8832 -0.0000
vn -0.5079 0.8614 0.0032
vn -0.5078 0.8615 0.0032
vn -0.5444 0.8388 -0.0000
vn -0.5445 0.8388 -0.0000
vn -0.5941 0.8044 -0.0000
vn -0.3550 0.9349 0.0019
vn -0.3547 0.9350 0.0019
vn -0.3507 0.9365 0.0024
vn -0.2889 0.9574 -0.0000
vn -0.2889 0.9574 -0.0001
vn -0.2304 0.9731 -0.0000
vn -0.1826 0.9832 0.0031
vn -0.1448 0.9895 -0.0000
vn -0.0358 0.9994 -0.0000
vn -0.0096 1.0000 0.0026
vn 0.2433 0.9699 -0.0000
vn 0.1916 0.9815 0.0006
vn 0.1915 0.9815 0.0006
vn 0.1644 0.9864 0.0028
vn 0.1114 0.9938 -0.0000
vn 0.0510 0.9987 -0.0000
vn 0.3028 0.9531 -0.0000
vn 0.3334 0.9428 0.0030
vn 0.3333 0.9428 0.0030
vn 0.3842 0.9233 -0.0000
vn 0.3842 0.9232 -0.0000
vn 0.4390 0.8985 -0.0000
vn 0.4389 0.8985 -0.0000
vn 0.4918 0.8707 0.0028
vn 0.5048 0.8632 0.0013
vn 0.5049 0.8632 0.0013
vn 0.7153 0.6988 -0.0000
vn 0.6722 0.7404 -0.0000
vn 0.6355 0.7721 0.0032
vn 0.6056 0.7958 -0.0000
vn 0.5556 0.8315 -0.0000
vn 0.5556 0.8314 -0.0000
vn 0.9087 0.4174 -0.0000
vn 0.8818 0.4717 -0.0000
vn 0.8615 0.5077 0.0032
vn 0.8617 0.5074 0.0032
vn 0.8375 0.5465 -0.0000
vn 0.7603 0.6495 -0.0000
vn 0.8025 0.5965 0.0101
vn 0.8025 0.5966 0.0101
vn 0.7616 0.6481 0.0025
vn 0.9329 0.3601 0.0017
vn 0.9365 0.3507 0.0027
vn 0.9565 0.2917 -0.0000
vn 0.9726 0.2327 -0.0000
vn 0.9832 0.1825 0.0032
vn 0.9891 0.1474 -0.0000
vn 0.0963 -0.9953 0.0001
vn 0.0964 -0.9953 -0.0001
vn 0.0965 -0.9953 -0.0000
vn 0.0964 -0.9953 0.0001
vn 0.0964 -0.9953 -0.0000
vn 0.0962 -0.9954 -0.0000
vn 0.0966 -0.9953 -0.0000
vn -0.8800 0.4750 -0.0000
vn -0.7938 0.6082 -0.0000
vn -0.6868 0.7268 -0.0000
vn -0.6871 0.7265 -0.0000
vn -0.5639 0.8258 -0.0000
vn -0.5636 0.8260 -0.0000
vn -0.4254 0.9050 -0.0000
vn -0.2770 0.9609 -0.0000
vn -0.1211 0.9926 -0.0000
vn 0.0378 0.9993 -0.0000
vn 0.1958 0.9806 -0.0000
vn -0.6872 0.7265 -0.0000
vn 0.9958 -0.0920 -0.0000
vn 0.9975 0.0713 -0.0000
vn 0.9726 0.2326 -0.0000
vn 0.9221 0.3870 -0.0000
vn 0.9222 0.3867 -0.0000
vn 0.8470 0.5317 -0.0000
vn 0.7491 0.6624 -0.0000
vn 0.6321 0.7749 -0.0000
vn 0.4981 0.8671 -0.0000
vn 0.3503 0.9366 -0.0000
vn 0.3498 0.9368 -0.0000
vn -0.9731 0.2305 -0.0000
vn -0.9379 0.3470 -0.0000
vn -0.9150 0.4035 -0.0000
vn -0.9150 0.4035 0.0001
vn -0.9150 0.4036 -0.0000
vn -0.9150 0.4035 -0.0001
vn 0.9850 -0.1725 -0.0000
vn 0.9850 -0.1725 -0.0001
vn 0.9850 -0.1725 0.0001
vn 0.9753 -0.2208 -0.0000
vn 0.9934 -0.1148 -0.0000
vn 0.9935 -0.1143 -0.0000
vn 1.0000 -0.0069 -0.0000
vn 0.9989 0.0470 -0.0000
vn -0.9990 -0.0442 -0.0000
vn -0.9976 -0.0687 -0.0000
vn -0.9958 -0.0912 -0.0000
vn -0.9948 -0.1018 -0.0000
vn -0.9961 -0.0887 -0.0000
vn -0.9981 -0.0619 -0.0000
vn -0.9995 -0.0301 -0.0000
vn -1.0000 0.0072 -0.0000
vn -0.9988 0.0493 -0.0000
vn -0.9955 0.0949 -0.0000
vn -0.9895 0.1447 -0.0000
vn -0.3538 -0.9353 -0.0000
vn -0.5069 -0.8620 -0.0000
vn -0.6460 -0.7634 -0.0000
vn -0.7661 -0.6427 -0.0000
vn -0.8642 -0.5032 -0.0000
vn -0.9368 -0.3499 -0.0000
vn -0.9367 -0.3503 -0.0000
vn -0.9826 -0.1857 -0.0000
vn -0.9999 -0.0164 -0.0000
vn 0.9936 -0.1127 -0.0000
vn 0.9618 -0.2738 -0.0000
vn 0.9615 -0.2747 -0.0000
vn 0.9032 -0.4292 -0.0000
vn 0.8203 -0.5719 -0.0000
vn 0.8204 -0.5718 -0.0000
vn 0.8206 -0.5715 -0.0000
vn 0.7150 -0.6992 -0.0000
vn 0.5908 -0.8068 -0.0000
vn 0.4497 -0.8932 -0.0000
vn 0.2968 -0.9549 -0.0000
vn 0.1365 -0.9906 -0.0000
vn -0.0291 -0.9996 -0.0000
vn -0.0288 -0.9996 -0.0000
vn -0.1925 -0.9813 -0.0000
vn 0.2537 0.9673 -0.0000
vn 0.2536 0.9673 -0.0000
vn -0.9843 0.1767 -0.0000
vn -0.9442 0.3295 -0.0000
vn -0.8801 0.4748 -0.0000
vn -0.7940 0.6080 -0.0000
vn -0.7941 0.6078 -0.0000
vn -0.7940 0.6079 -0.0000
vn -0.6878 0.7259 -0.0000
vn -0.6879 0.7258 -0.0000
vn -0.5642 0.8256 -0.0000
vn -0.5649 0.8252 -0.0000
vn -0.4274 0.9041 -0.0000
vn -0.4273 0.9041 -0.0000
vn -0.2789 0.9603 -0.0000
vn -0.1237 0.9923 -0.0000
vn 0.0341 0.9994 -0.0000
vn 0.0340 0.9994 -0.0000
vn -0.9989 -0.0470 -0.0000
vn -0.9997 0.0254 -0.0000
vn 0.9992 0.0392 -0.0000
vn 0.9990 0.0451 -0.0000
vn 0.9976 0.0697 -0.0000
vn 0.9958 0.0917 -0.0000
vn 0.9948 0.1019 -0.0000
vn 0.9960 0.0891 -0.0000
vn 0.9981 0.0624 -0.0000
vn 0.9995 0.0305 -0.0000
vn 1.0000 -0.0083 -0.0000
vn -0.2731 -0.9620 -0.0000
vn -0.9999 0.0107 -0.0000
vn -0.5073 -0.8617 -0.0000
vn -0.5074 -0.8617 -0.0000
vn 0.7154 -0.6987 -0.0000
vn 0.8205 -0.5717 -0.0000
vn 0.8205 -0.5716 -0.0000
vn 0.9616 -0.2744 -0.0000
vn 0.9617 -0.2742 -0.0000
vn 0.9493 0.3143 -0.0000
vn 0.8890 0.4579 -0.0000
vn 0.8070 0.5906 -0.0000
vn 0.7052 0.7090 -0.0000
vn 0.7053 0.7089 -0.0000
vn 0.5861 0.8103 -0.0000
vn 0.5864 0.8100 -0.0000
vn 0.4539 0.8911 -0.0000
vn 0.3089 0.9511 -0.0000
vn -0.1882 -0.9821 -0.0000
vn -0.0146 -0.9999 -0.0000
vn -0.0145 -0.9999 -0.0000
vn 0.1593 -0.9872 -0.0000
vn 0.3284 -0.9445 -0.0000
vn 0.4873 -0.8732 -0.0000
vn 0.4874 -0.8732 -0.0000
vn 0.6313 -0.7755 -0.0000
vn 0.7566 -0.6539 -0.0000
vn 0.8587 -0.5125 -0.0000
vn 0.8586 -0.5127 -0.0000
vn 0.9347 -0.3554 -0.0000
vn 0.9346 -0.3558 -0.0000
vn 0.9346 -0.3557 -0.0000
vn 0.9822 -0.1879 -0.0000
vn 0.9999 -0.0138 -0.0000
vn 0.9874 0.1585 -0.0000
vn 0.9873 0.1591 -0.0000
vn 0.9445 0.3284 -0.0000
vn 0.9447 0.3278 -0.0000
vn 0.8729 0.4880 -0.0000
vn 0.8731 0.4875 -0.0000
vn 0.7756 0.6312 -0.0000
vn 0.7754 0.6314 -0.0000
vn 0.6539 0.7566 -0.0000
vn 0.5125 0.8587 -0.0000
vn 0.5126 0.8586 -0.0000
vn 0.3559 0.9345 -0.0000
vn 0.3560 0.9345 -0.0000
vn 0.2730 0.9620 -0.0000
vn -0.0148 -0.9999 -0.0000
vn 0.1592 -0.9872 -0.0000
vn 0.1591 -0.9873 -0.0000
vn 0.1596 -0.9872 -0.0000
vn 0.3284 -0.9446 -0.0000
vn 0.3282 -0.9446 -0.0000
vn 0.4875 -0.8731 -0.0000
vn 0.6317 -0.7752 -0.0000
vn 0.7569 -0.6536 -0.0000
vn 0.8587 -0.5126 -0.0000
vn 0.8584 -0.5130 -0.0000
vn 0.9345 -0.3559 -0.0000
vn 0.9821 -0.1882 -0.0000
vn 0.9999 -0.0148 -0.0000
vn 0.9872 0.1592 -0.0000
vn 0.9447 0.3279 -0.0000
vn 0.9445 0.3285 -0.0000
vn 0.7752 0.6317 -0.0000
vn 0.6536 0.7569 -0.0000
vn 0.5130 0.8584 -0.0000
vn 0.1594 -0.9872 -0.0000
vn 0.3279 -0.9447 -0.0000
vn 0.3283 -0.9446 -0.0000
vn 0.4872 -0.8733 -0.0000
vn 0.7567 -0.6538 -0.0000
vn 0.7566 -0.6538 -0.0000
vn 0.9821 -0.1883 -0.0000
vn 0.6538 0.7567 -0.0000
vn 0.5127 0.8586 -0.0000
vn 0.9909 0.1347 -0.0000
vn 0.2729 0.9620 -0.0000
vn 0.1880 0.9822 -0.0000
vn 0.0147 0.9999 -0.0000
vn 0.0148 0.9999 -0.0000
vn -0.1591 0.9873 -0.0000
vn -0.1590 0.9873 -0.0000
vn -0.3279 0.9447 -0.0000
vn -0.3284 0.9445 -0.0000
vn -0.3283 0.9446 -0.0000
vn -0.4873 0.8732 -0.0000
vn -0.4875 0.8731 -0.0000
vn -0.6314 0.7755 -0.0000
vn -0.6313 0.7755 -0.0000
vn -0.6316 0.7753 -0.0000
vn -0.7566 0.6538 -0.0000
vn -0.7565 0.6540 -0.0000
vn -0.8586 0.5126 -0.0000
vn -0.9345 0.3559 -0.0000
vn -0.9822 0.1881 -0.0000
vn -0.9999 0.0147 -0.0000
vn -0.9999 0.0148 -0.0000
vn -0.9872 -0.1593 -0.0000
vn -0.9873 -0.1592 -0.0000
vn -0.9872 -0.1592 -0.0000
vn -0.9447 -0.3279 -0.0000
vn -0.8732 -0.4874 -0.0000
vn -0.7757 -0.6311 -0.0000
vn -0.6535 -0.7569 -0.0000
vn -0.5122 -0.8588 -0.0000
vn -0.3555 -0.9347 -0.0000
vn -0.3556 -0.9346 -0.0000
vn 0.1882 0.9821 -0.0000
vn -0.1592 0.9872 -0.0000
vn -0.1596 0.9872 -0.0000
vn -0.3284 0.9446 -0.0000
vn -0.3282 0.9446 -0.0000
vn -0.6317 0.7752 -0.0000
vn -0.7569 0.6536 -0.0000
vn -0.8587 0.5126 -0.0000
vn -0.8584 0.5130 -0.0000
vn -0.9821 0.1882 -0.0000
vn -0.9822 0.1879 -0.0000
vn -0.9873 -0.1591 -0.0000
vn -0.9445 -0.3285 -0.0000
vn -0.8731 -0.4875 -0.0000
vn -0.7752 -0.6317 -0.0000
vn -0.7754 -0.6314 -0.0000
vn -0.6536 -0.7569 -0.0000
vn -0.5130 -0.8584 -0.0000
vn -0.3559 -0.9345 -0.0000
vn -0.4874 0.8732 -0.0000
vn -0.6315 0.7754 -0.0000
vn -0.7566 0.6539 -0.0000
vn -0.7563 0.6542 -0.0000
vn -0.7754 -0.6315 -0.0000
vn -0.7753 -0.6316 -0.0000
vn -0.7755 -0.6314 -0.0000
vn -0.6539 -0.7566 -0.0000
vn -0.5126 -0.8586 -0.0000
vn 0.3448 0.9387 -0.0000
vn 0.3443 0.9389 -0.0000
vn 0.4810 0.8767 -0.0000
vn 0.4812 0.8766 -0.0000
vn 0.6072 0.7946 -0.0000
vn 0.6073 0.7944 -0.0000
vn 0.7190 0.6950 -0.0000
vn 0.8150 0.5794 -0.0000
vn 0.8153 0.5791 -0.0000
vn 0.8153 0.5790 -0.0000
vn 0.8929 0.4503 -0.0000
vn 0.8928 0.4505 -0.0000
vn 0.9503 0.3114 -0.0000
vn -0.9923 0.1241 -0.0000
vn -0.9998 0.0185 -0.0000
vn -0.9998 0.0186 -0.0000
vn 0.9953 0.0963 0.0030
vn 0.9822 -0.1880 -0.0000
vn 0.9999 -0.0143 -0.0000
vn 0.8735 0.4868 -0.0000
vn 0.8735 0.4867 -0.0000
vn 0.7754 0.6315 -0.0000
vn 0.7755 0.6314 -0.0000
vn 0.6537 0.7568 -0.0000
vn 0.6534 0.7570 -0.0000
vn 0.5124 0.8587 -0.0000
vn 0.3556 0.9347 -0.0000
vn 0.0140 0.9999 -0.0000
vn 0.0146 0.9999 -0.0000
vn -0.3281 0.9446 -0.0000
vn -0.4873 0.8733 -0.0000
vn -0.6314 0.7754 -0.0000
vn -0.7568 0.6536 -0.0000
vn -0.8588 0.5123 -0.0000
vn -0.9346 0.3556 -0.0000
vn -0.9821 0.1881 -0.0000
vn -0.9822 0.1880 -0.0000
vn -0.9999 0.0144 -0.0000
vn -0.9446 -0.3281 -0.0000
vn -0.9447 -0.3280 -0.0000
vn -0.9448 -0.3278 -0.0000
vn -0.8734 -0.4870 -0.0000
vn -0.8732 -0.4873 -0.0000
vn -0.6537 -0.7568 -0.0000
vn -0.5127 -0.8586 -0.0000
vn -0.3558 -0.9346 -0.0000
vn -0.1881 -0.9822 -0.0000
vn -0.1880 -0.9822 -0.0000
vn -0.1879 -0.9822 -0.0000
vn -0.0147 -0.9999 -0.0000
vn 0.3285 -0.9445 -0.0000
vn 0.6318 -0.7751 -0.0000
vn 0.6319 -0.7751 -0.0000
vn 0.7568 -0.6536 -0.0000
vn 0.7564 -0.6541 -0.0000
vn 0.8585 -0.5128 -0.0000
vn 0.9347 -0.3555 -0.0000
vn 0.9999 -0.0142 -0.0000
vn 0.9873 0.1590 -0.0000
vn 0.9446 0.3283 -0.0000
vn 0.8732 0.4874 -0.0000
vn 0.7751 0.6318 -0.0000
vn 0.6538 0.7566 -0.0000
vn 0.6539 0.7565 -0.0000
vn 0.5123 0.8588 -0.0000
vn 0.3554 0.9347 -0.0000
vn 0.1879 0.9822 -0.0000
vn 0.0144 0.9999 -0.0000
vn 0.0143 0.9999 -0.0000
vn -0.1592 0.9873 -0.0000
vn -0.1593 0.9872 -0.0000
vn -0.3280 0.9447 -0.0000
vn -0.4871 0.8734 -0.0000
vn -0.4869 0.8735 -0.0000
vn -0.8587 0.5125 -0.0000
vn -0.8588 0.5122 -0.0000
vn -0.9346 0.3557 -0.0000
vn -0.9346 0.3558 -0.0000
vn -0.9822 0.1878 -0.0000
vn -0.9999 0.0146 -0.0000
vn -0.9445 -0.3284 -0.0000
vn -0.9446 -0.3284 -0.0000
vn -0.8733 -0.4873 -0.0000
vn -0.7750 -0.6319 -0.0000
vn -0.6538 -0.7567 -0.0000
vn -0.6538 -0.7566 -0.0000
vn -0.3556 -0.9347 -0.0000
vn -0.0144 -0.9999 -0.0000
vn -0.0143 -0.9999 -0.0000
vn 0.4869 -0.8735 -0.0000
vn 0.6316 -0.7753 -0.0000
vn 0.7565 -0.6540 -0.0000
vn 0.8586 -0.5126 -0.0000
vn 0.9346 -0.3556 -0.0000
vn 0.0042 -0.0434 -0.9990
vn 0.0038 -0.0390 -0.9992
vn 0.0113 -0.1170 -0.9931
vn 0.0113 -0.1169 -0.9931
vn 0.0157 -0.1643 -0.9863
vn 0.0200 -0.2070 -0.9781
vn 0.0209 -0.2155 -0.9763
vn 0.0126 -0.1299 -0.9914
vn 0.0266 -0.2744 -0.9613
vn 0.0266 -0.2743 -0.9613
vn 0.0312 -0.3241 -0.9455
vn 0.0290 -0.2993 -0.9537
vn 0.0369 -0.3809 -0.9239
vn 0.0385 -0.3969 -0.9171
vn 0.0459 -0.4750 -0.8788
vn 0.0445 -0.4596 -0.8870
vn 0.0518 -0.5348 -0.8434
vn 0.0518 -0.5349 -0.8433
vn 0.0525 -0.5420 -0.8387
vn 0.0593 -0.6129 -0.7880
vn 0.0586 -0.6057 -0.7935
vn 0.0681 -0.7038 -0.7071
vn 0.0646 -0.6731 -0.7367
vn 0.0711 -0.7343 -0.6751
vn 0.0789 -0.8153 -0.5736
vn 0.0754 -0.7851 -0.6147
vn 0.0808 -0.8351 -0.5442
vn 0.0808 -0.8351 -0.5441
vn 0.0808 -0.8350 -0.5442
vn 0.0873 -0.9021 -0.4226
vn 0.0840 -0.8752 -0.4764
vn 0.0884 -0.9129 -0.3985
vn 0.0884 -0.9130 -0.3984
vn 0.0884 -0.9129 -0.3984
vn 0.0930 -0.9614 -0.2588
vn 0.0903 -0.9415 -0.3247
vn 0.0935 -0.9658 -0.2417
vn 0.0960 -0.9916 -0.0871
vn 0.0960 -0.9915 -0.0874
vn 0.9984 0.0572 0.0030
vn 0.9986 0.0528 0.0030
vn 0.9995 -0.0300 0.0029
vn 0.9994 -0.0345 0.0030
vn 0.9936 -0.1129 0.0029
vn 0.9926 -0.1213 0.0030
vn 0.9833 -0.1820 0.0029
vn 0.9725 -0.2330 0.0031
vn 0.9783 -0.2073 0.0029
vn 0.9512 -0.3086 0.0028
vn 0.9564 -0.2921 0.0026
vn 0.9564 -0.2920 0.0026
vn 0.9205 -0.3907 0.0028
vn 0.9274 -0.3741 0.0027
vn 0.9274 -0.3742 0.0027
vn 0.8871 -0.4616 0.0025
vn 0.8912 -0.4536 0.0025
vn 0.8433 -0.5375 0.0024
vn 0.8483 -0.5296 0.0024
vn 0.8482 -0.5296 0.0024
vn 0.7985 -0.6020 0.0022
vn 0.7722 -0.6354 0.0025
vn 0.7430 -0.6693 0.0020
vn 0.6885 -0.7252 0.0019
vn 0.6500 -0.7600 0.0021
vn 0.6500 -0.7599 0.0021
vn 0.6225 -0.7826 0.0016
vn 0.6226 -0.7826 0.0016
vn 0.5596 -0.8288 0.0014
vn 0.5595 -0.8288 0.0014
vn 0.5079 -0.8614 0.0016
vn 0.5081 -0.8613 0.0016
vn 0.4853 -0.8743 0.0012
vn 0.4854 -0.8743 0.0012
vn 0.4149 -0.9099 0.0010
vn 0.3508 -0.9365 0.0010
vn 0.3508 -0.9364 0.0010
vn 0.3342 -0.9425 0.0007
vn 0.2606 -0.9654 0.0005
vn 0.2606 -0.9655 0.0005
vn 0.1827 -0.9832 0.0004
vn 0.1739 -0.9848 0.0002
vn -0.9318 -0.3631 -0.0000
vn -0.9318 -0.3630 -0.0000
vn -0.7740 -0.6332 0.0001
vn -0.7741 -0.6331 0.0001
vn -0.2919 -0.9564 -0.0000
vn -0.2920 -0.9564 -0.0000
vn -0.1387 -0.9903 -0.0000
vn -0.1469 -0.9891 -0.0001
vn 0.0179 -0.9998 0.0001
vn 0.0095 -1.0000 -0.0000
vn -0.2323 -0.9727 -0.0009
vn -0.2324 -0.9726 -0.0009
vn -0.3085 -0.9512 -0.0000
vn -0.4377 -0.8991 -0.0000
vn -0.3895 -0.9210 -0.0008
vn -0.4608 -0.8875 -0.0000
vn -0.4607 -0.8875 -0.0000
vn -0.5358 -0.8444 -0.0000
vn -0.5358 -0.8443 -0.0000
vn -0.5734 -0.8193 -0.0003
vn -0.5733 -0.8194 -0.0003
vn -0.5733 -0.8193 -0.0003
vn -0.6015 -0.7989 -0.0000
vn -0.6682 -0.7440 -0.0000
vn -0.6944 -0.7196 -0.0003
vn -0.7250 -0.6887 -0.0000
vn -0.7821 -0.6231 -0.0000
vn -0.7822 -0.6231 -0.0000
vn -0.8213 -0.5704 -0.0001
vn -0.8214 -0.5704 -0.0001
vn -0.8289 -0.5593 -0.0000
vn -0.8290 -0.5593 -0.0000
vn -0.8744 -0.4852 -0.0000
vn -0.9096 -0.4154 -0.0000
vn -0.9006 -0.4346 -0.0001
vn -0.8634 -0.5045 0.0003
vn -0.9908 -0.1353 -0.0000
vn -0.9771 -0.2127 -0.0000
vn -0.9771 -0.2126 -0.0000
vn -0.9656 -0.2599 -0.0000
vn -0.9575 -0.2886 -0.0001
vn -0.9536 -0.3011 -0.0000
vn -0.9303 -0.3667 -0.0000
vn 0.0261 -0.2701 0.9625
vn 0.0038 -0.0391 0.9992
vn 0.0038 -0.0389 0.9992
vn 0.0113 -0.1170 0.9931
vn 0.0121 -0.1257 0.9920
vn 0.0121 -0.1256 0.9920
vn 0.0188 -0.1942 0.9808
vn 0.0200 -0.2069 0.9782
vn 0.0266 -0.2744 0.9612
vn 0.0333 -0.3444 0.9382
vn 0.0315 -0.3241 0.9455
vn 0.0401 -0.4168 0.9081
vn 0.0384 -0.3969 0.9171
vn 0.0384 -0.3969 0.9170
vn 0.0471 -0.4864 0.8725
vn 0.0471 -0.4863 0.8725
vn 0.0461 -0.4754 0.8786
vn 0.0534 -0.5531 0.8314
vn 0.0525 -0.5425 0.8384
vn 0.0626 -0.6466 0.7603
vn 0.0598 -0.6134 0.7875
vn 0.0598 -0.6135 0.7874
vn 0.0651 -0.6728 0.7369
vn 0.0651 -0.6728 0.7370
vn 0.0733 -0.7568 0.6495
vn 0.0733 -0.7567 0.6496
vn 0.0714 -0.7344 0.6749
vn 0.0759 -0.7847 0.6153
vn 0.0759 -0.7847 0.6152
vn 0.0821 -0.8487 0.5225
vn 0.0811 -0.8349 0.5444
vn 0.0847 -0.8749 0.4768
vn 0.0890 -0.9196 0.3827
vn 0.0885 -0.9129 0.3985
vn 0.0911 -0.9412 0.3252
vn 0.0937 -0.9677 0.2340
vn 0.0936 -0.9658 0.2419
vn 0.0950 -0.9817 0.1649
vn 0.0960 -0.9923 0.0785
vn 0.0960 -0.9923 0.0784
vn 0.0960 -0.9923 0.0783
s 0
f 1//1 2//1 3//1
f 4//1 5//1 6//1
f 7//1 8//1 9//1
f 10//2 11//2 12//2
f 13//1 14//1 15//1
f 3//3 10//3 1//3
f 1//4 10//4 12//4
f 1//5 12//5 16//5
f 16//5 12//5 17//5
f 17//6 18//6 19//6
f 17//5 9//5 20//5
f 7//7 9//7 21//7
f 21//8 9//8 17//8
f 21//2 17//2 22//2
f 23//1 24//1 20//1
f 20//1 24//1 25//1
f 20//6 25//6 17//6
f 17//5 25//5 26//5
f 27//1 28//1 19//1
f 19//1 28//1 29//1
f 19//9 29//9 17//9
f 17//5 29//5 30//5
f 31//1 32//1 30//1
f 30//1 32//1 33//1
f 30//5 33//5 17//5
f 17//10 33//10 34//10
f 35//1 36//1 34//1
f 34//1 36//1 37//1
f 34//9 37//9 17//9
f 17//10 37//10 13//10
f 17//9 13//9 16//9
f 16//1 13//1 15//1
f 38//1 39//1 26//1
f 26//1 39//1 40//1
f 26//5 40//5 17//5
f 17//9 40//9 41//9
f 42//1 43//1 41//1
f 41//1 43//1 44//1
f 41//5 44//5 17//5
f 17//10 44//10 45//10
f 46//1 47//1 45//1
f 45//1 47//1 48//1
f 45//11 48//11 17//11
f 17//6 48//6 4//6
f 17//10 4//10 18//10
f 18//1 4//1 6//1
f 24//12 23//12 49//12
f 24//12 49//12 50//12
f 50//13 49//13 51//13
f 50//13 51//13 52//13
f 52//14 51//14 53//14
f 52//14 53//14 54//14
f 54//15 53//15 55//15
f 54//15 55//15 56//15
f 56//16 55//16 57//16
f 56//16 57//16 58//16
f 58//17 57//17 59//17
f 58//17 59//17 60//17
f 60//18 59//18 61//18
f 60//19 61//19 62//19
f 62//20 61//20 63//20
f 62//21 63//21 64//21
f 64//22 63//22 65//22
f 64//22 65//22 66//22
f 66//23 65//23 67//24
f 66//24 67//24 68//24
f 68//25 67//25 69//25
f 68//25 69//25 70//25
f 70//26 69//26 71//26
f 70//26 71//26 72//26
f 72//27 71//27 73//27
f 72//27 73//27 74//27
f 74//28 73//28 75//28
f 74//28 75//28 76//28
f 76//29 75//29 77//29
f 76//30 77//30 78//30
f 78//31 77//31 79//31
f 78//31 79//31 80//31
f 80//32 79//32 81//32
f 80//33 81//33 82//33
f 82//34 81//34 83//34
f 82//34 83//34 84//34
f 84//35 83//35 85//35
f 84//35 85//35 86//35
f 86//36 85//36 87//36
f 86//36 87//36 88//36
f 88//37 87//37 89//37
f 88//37 89//37 90//37
f 90//38 89//38 91//38
f 90//38 91//38 92//38
f 92//39 91//39 93//39
f 92//39 93//39 94//39
f 94//40 93//40 95//40
f 94//40 95//40 96//40
f 96//41 95//41 97//41
f 96//41 97//41 98//41
f 98//42 97//42 99//42
f 98//42 99//42 100//42
f 100//43 99//43 101//43
f 100//44 101//44 102//44
f 102//45 101//45 103//45
f 102//46 103//46 104//46
f 104//47 103//47 105//48
f 104//48 105//49 106//49
f 106//50 105//50 107//50
f 106//50 107//50 108//50
f 108//51 107//51 109//51
f 108//52 109//52 110//52
f 110//53 109//53 111//53
f 110//53 111//53 112//53
f 112//54 111//54 113//54
f 112//54 113//54 114//54
f 114//55 113//55 115//55
f 114//55 115//55 116//55
f 116//56 115//56 117//57
f 116//56 117//56 118//56
f 8//58 7//58 119//58
f 8//58 119//58 120//58
f 120//13 119//13 121//13
f 120//13 121//13 122//13
f 122//14 121//14 123//14
f 122//14 123//14 124//14
f 124//15 123//15 125//15
f 124//15 125//15 126//15
f 126//16 125//16 127//16
f 126//16 127//16 128//16
f 128//17 127//17 129//17
f 128//17 129//17 130//17
f 130//19 129//19 131//19
f 130//19 131//19 132//19
f 132//21 131//21 133//21
f 132//21 133//21 134//21
f 134//22 133//22 135//22
f 134//22 135//22 136//22
f 136//24 135//24 137//23
f 136//23 137//23 138//23
f 138//25 137//25 139//25
f 138//25 139//25 140//25
f 140//26 139//26 141//26
f 140//26 141//26 142//26
f 142//27 141//27 143//27
f 142//59 143//59 144//59
f 144//28 143//28 145//28
f 144//28 145//28 146//28
f 146//30 145//30 147//30
f 146//30 147//30 148//30
f 148//31 147//31 149//31
f 148//31 149//31 150//31
f 150//32 149//32 151//32
f 150//32 151//32 152//32
f 152//34 151//34 153//34
f 152//34 153//34 154//34
f 154//35 153//35 155//35
f 154//60 155//35 156//35
f 156//36 155//36 157//36
f 156//36 157//36 158//36
f 158//37 157//37 159//37
f 158//37 159//37 160//37
f 160//38 159//38 161//38
f 160//38 161//38 162//38
f 162//39 161//39 163//39
f 162//39 163//39 164//39
f 164//40 163//40 165//40
f 164//40 165//40 166//40
f 166//61 165//61 167//62
f 166//62 167//62 168//62
f 168//42 167//42 169//42
f 168//42 169//42 170//42
f 170//44 169//44 171//44
f 170//43 171//43 172//43
f 172//46 171//46 173//46
f 172//45 173//45 174//45
f 174//48 173//48 175//48
f 174//48 175//48 176//48
f 176//50 175//50 177//50
f 176//50 177//50 178//50
f 178//51 177//51 179//51
f 178//63 179//63 180//63
f 180//53 179//53 181//53
f 180//53 181//53 182//53
f 182//54 181//54 183//54
f 182//54 183//54 184//54
f 184//55 183//55 185//55
f 184//64 185//65 186//65
f 186//56 185//56 187//56
f 186//56 187//56 188//56
f 6//58 5//58 189//58
f 6//58 189//58 190//58
f 190//13 189//13 191//13
f 190//13 191//13 192//13
f 192//14 191//14 193//14
f 192//14 193//14 194//14
f 194//15 193//15 195//15
f 194//15 195//15 196//15
f 196//16 195//16 197//16
f 196//16 197//16 198//16
f 198//17 197//17 199//17
f 198//17 199//17 200//17
f 200//18 199//18 201//18
f 200//19 201//19 202//19
f 202//20 201//20 203//20
f 202//20 203//20 204//20
f 204//22 203//22 205//22
f 204//22 205//22 206//22
f 206//24 205//24 207//24
f 206//66 207//66 208//66
f 208//25 207//25 209//25
f 208//25 209//25 210//25
f 210//26 209//26 211//26
f 210//26 211//26 212//26
f 212//27 211//27 213//27
f 212//27 213//27 214//27
f 214//67 213//67 215//68
f 214//68 215//67 216//67
f 216//69 215//69 217//69
f 216//69 217//69 218//69
f 218//31 217//31 219//31
f 218//31 219//31 220//31
f 220//32 219//32 221//32
f 220//32 221//32 222//32
f 222//34 221//34 223//34
f 222//34 223//34 224//34
f 224//35 223//35 225//35
f 224//35 225//35 226//35
f 226//36 225//36 227//36
f 226//36 227//36 228//36
f 228//37 227//37 229//37
f 228//37 229//37 230//37
f 230//38 229//38 231//38
f 230//38 231//38 232//38
f 232//39 231//39 233//39
f 232//39 233//39 234//39
f 234//40 233//40 235//40
f 234//40 235//40 236//40
f 236//70 235//70 237//70
f 236//71 237//71 238//71
f 238//42 237//42 239//42
f 238//42 239//42 240//42
f 240//43 239//43 241//43
f 240//43 241//43 242//43
f 242//46 241//46 243//46
f 242//46 243//46 244//46
f 244//48 243//48 245//48
f 244//48 245//48 246//48
f 246//50 245//50 247//50
f 246//50 247//50 248//50
f 248//51 247//51 249//51
f 248//51 249//51 250//51
f 250//53 249//53 251//53
f 250//53 251//53 252//53
f 252//54 251//54 253//54
f 252//54 253//54 254//54
f 254//64 253//64 255//64
f 254//55 255//55 256//55
f 256//56 255//56 257//56
f 256//56 257//56 258//56
f 47//58 46//58 259//58
f 47//58 259//58 260//58
f 260//13 259//13 261//13
f 260//13 261//13 262//13
f 262//72 261//72 263//72
f 262//14 263//14 264//14
f 264//15 263//15 265//15
f 264//15 265//15 266//15
f 266//16 265//16 267//16
f 266//16 267//16 268//16
f 268//17 267//17 269//17
f 268//17 269//17 270//17
f 270//19 269//19 271//19
f 270//19 271//19 272//19
f 272//20 271//20 273//20
f 272//21 273//21 274//21
f 274//22 273//22 275//22
f 274//22 275//22 276//22
f 276//23 275//23 277//23
f 276//23 277//73 278//73
f 278//25 277//25 279//25
f 278//25 279//25 280//25
f 280//26 279//26 281//26
f 280//26 281//26 282//26
f 282//27 281//27 283//27
f 282//27 283//27 284//27
f 284//28 283//28 285//28
f 284//28 285//28 286//28
f 286//74 285//74 287//74
f 286//69 287//69 288//69
f 288//31 287//31 289//31
f 288//31 289//31 290//31
f 290//32 289//32 291//32
f 290//32 291//32 292//32
f 292//34 291//34 293//34
f 292//34 293//34 294//34
f 294//35 293//35 295//35
f 294//35 295//35 296//35
f 296//75 295//75 297//75
f 296//36 297//36 298//36
f 298//37 297//37 299//37
f 298//37 299//37 300//37
f 300//38 299//38 301//38
f 300//38 301//38 302//38
f 302//39 301//39 303//39
f 302//39 303//39 304//39
f 304//40 303//40 305//40
f 304//40 305//40 306//40
f 306//61 305//61 307//61
f 306//70 307//70 308//70
f 308//42 307//42 309//42
f 308//42 309//42 310//42
f 310//43 309//43 311//43
f 310//44 311//44 312//44
f 312//46 311//46 313//46
f 312//46 313//46 314//46
f 314//49 313//49 315//49
f 314//48 315//48 316//48
f 316//50 315//50 317//50
f 316//50 317//50 318//50
f 318//51 317//51 319//51
f 318//51 319//51 320//51
f 320//53 319//53 321//53
f 320//53 321//53 322//53
f 322//54 321//54 323//54
f 322//54 323//54 324//54
f 324//55 323//55 325//55
f 324//55 325//55 326//55
f 326//57 325//57 327//76
f 326//56 327//56 328//56
f 28//58 27//58 329//58
f 28//58 329//58 330//58
f 330//13 329//13 331//13
f 330//13 331//13 332//13
f 332//77 331//77 333//77
f 332//14 333//14 334//14
f 334//15 333//15 335//15
f 334//15 335//15 336//15
f 336//16 335//16 337//16
f 336//16 337//16 338//16
f 338//17 337//17 339//17
f 338//17 339//17 340//17
f 340//19 339//19 341//19
f 340//19 341//19 342//19
f 342//20 341//20 343//20
f 342//21 343//21 344//21
f 344//22 343//22 345//22
f 344//22 345//22 346//22
f 346//24 345//24 347//78
f 346//23 347//24 348//24
f 348//25 347//25 349//25
f 348//25 349//25 350//25
f 350//26 349//26 351//26
f 350//26 351//26 352//26
f 352//27 351//27 353//27
f 352//27 353//27 354//27
f 354//28 353//28 355//28
f 354//28 355//28 356//28
f 356//69 355//69 357//69
f 356//29 357//29 358//29
f 358//31 357//31 359//31
f 358//31 359//31 360//31
f 360//32 359//32 361//32
f 360//32 361//32 362//32
f 362//34 361//34 363//34
f 362//34 363//34 364//34
f 364//35 363//35 365//35
f 364//35 365//35 366//35
f 366//36 365//36 367//36
f 366//75 367//75 368//75
f 368//37 367//37 369//37
f 368//37 369//37 370//37
f 370//38 369//38 371//38
f 370//38 371//38 372//38
f 372//39 371//39 373//39
f 372//39 373//39 374//39
f 374//40 373//40 375//40
f 374//40 375//40 376//40
f 376//61 375//61 377//41
f 376//61 377//71 378//71
f 378//42 377//42 379//42
f 378//42 379//42 380//42
f 380//43 379//43 381//43
f 380//44 381//44 382//44
f 382//46 381//46 383//46
f 382//46 383//46 384//46
f 384//47 383//47 385//48
f 384//49 385//49 386//49
f 386//50 385//50 387//50
f 386//50 387//50 388//50
f 388//51 387//51 389//51
f 388//51 389//51 390//51
f 390//53 389//53 391//53
f 390//53 391//53 392//53
f 392//54 391//54 393//54
f 392//54 393//54 394//54
f 394//55 393//55 395//55
f 394//55 395//55 396//55
f 396//57 395//57 397//76
f 396//56 397//56 398//56
f 32//58 31//58 399//58
f 32//79 399//79 400//79
f 400//13 399//13 401//13
f 400//13 401//13 402//13
f 402//14 401//14 403//14
f 402//14 403//14 404//14
f 404//15 403//15 405//15
f 404//15 405//15 406//15
f 406//16 405//16 407//16
f 406//16 407//16 408//16
f 408//17 407//17 409//17
f 408//17 409//17 410//17
f 410//19 409//19 411//19
f 410//19 411//19 412//19
f 412//20 411//20 413//20
f 412//21 413//21 414//21
f 414//22 413//22 415//22
f 414//22 415//22 416//22
f 416//23 415//23 417//23
f 416//23 417//24 418//24
f 418//25 417//25 419//25
f 418//25 419//25 420//25
f 420//26 419//26 421//26
f 420//26 421//26 422//26
f 422//27 421//27 423//27
f 422//27 423//27 424//27
f 424//28 423//28 425//28
f 424//28 425//28 426//28
f 426//69 425//69 427//69
f 426//80 427//80 428//80
f 428//31 427//31 429//31
f 428//31 429//31 430//31
f 430//32 429//32 431//32
f 430//32 431//32 432//32
f 432//34 431//34 433//34
f 432//34 433//34 434//34
f 434//35 433//35 435//35
f 434//35 435//35 436//35
f 436//36 435//36 437//36
f 436//36 437//36 438//36
f 438//37 437//37 439//37
f 438//37 439//37 440//37
f 440//38 439//38 441//38
f 440//38 441//38 442//38
f 442//39 441//39 443//39
f 442//39 443//39 444//39
f 444//40 443//40 445//40
f 444//40 445//40 446//40
f 446//41 445//41 447//41
f 446//71 447//71 448//71
f 448//81 447//81 449//81
f 448//42 449//42 450//42
f 450//43 449//43 451//43
f 450//43 451//43 452//43
f 452//45 451//45 453//45
f 452//46 453//46 454//46
f 454//48 453//48 455//48
f 454//47 455//47 456//47
f 456//82 455//82 457//82
f 456//50 457//50 458//50
f 458//51 457//51 459//51
f 458//83 459//83 460//83
f 460//53 459//53 461//53
f 460//53 461//53 462//53
f 462//54 461//54 463//54
f 462//54 463//54 464//54
f 464//55 463//55 465//55
f 464//55 465//55 466//55
f 466//56 465//56 467//56
f 466//56 467//56 468//56
f 36//58 35//58 469//58
f 36//12 469//12 470//12
f 470//13 469//13 471//13
f 470//13 471//13 472//13
f 472//14 471//14 473//14
f 472//14 473//14 474//14
f 474//15 473//15 475//15
f 474//15 475//15 476//15
f 476//16 475//16 477//16
f 476//16 477//16 478//16
f 478//17 477//17 479//17
f 478//17 479//17 480//17
f 480//19 479//19 481//19
f 480//84 481//84 482//84
f 482//20 481//20 483//20
f 482//21 483//21 484//21
f 484//22 483//22 485//22
f 484//22 485//22 486//22
f 486//85 485//85 487//85
f 486//86 487//23 488//23
f 488//25 487//25 489//25
f 488//25 489//25 490//25
f 490//26 489//26 491//26
f 490//26 491//26 492//26
f 492//27 491//27 493//27
f 492//27 493//27 494//27
f 494//28 493//28 495//28
f 494//67 495//68 496//68
f 496//69 495//69 497//69
f 496//30 497//30 498//30
f 498//31 497//31 499//31
f 498//31 499//31 500//31
f 500//32 499//32 501//32
f 500//32 501//32 502//32
f 502//34 501//34 503//34
f 502//34 503//34 504//34
f 504//35 503//35 505//35
f 504//35 505//35 506//35
f 506//36 505//36 507//36
f 506//36 507//36 508//36
f 508//37 507//37 509//37
f 508//37 509//37 510//37
f 510//38 509//38 511//38
f 510//38 511//38 512//38
f 512//39 511//39 513//39
f 512//39 513//39 514//39
f 514//40 513//40 515//40
f 514//40 515//40 516//40
f 516//61 515//61 517//61
f 516//71 517//71 518//71
f 518//81 517//81 519//81
f 518//42 519//42 520//42
f 520//44 519//44 521//44
f 520//43 521//43 522//43
f 522//46 521//46 523//46
f 522//46 523//46 524//46
f 524//49 523//49 525//47
f 524//48 525//49 526//49
f 526//50 525//50 527//50
f 526//50 527//50 528//50
f 528//51 527//51 529//51
f 528//52 529//52 530//52
f 530//53 529//53 531//53
f 530//53 531//53 532//53
f 532//54 531//54 533//54
f 532//54 533//54 534//54
f 534//55 533//55 535//55
f 534//55 535//55 536//55
f 536//56 535//56 537//56
f 536//56 537//56 538//56
f 15//58 14//58 539//58
f 15//79 539//79 540//79
f 540//13 539//13 541//13
f 540//13 541//13 542//13
f 542//14 541//14 543//14
f 542//14 543//14 544//14
f 544//15 543//15 545//15
f 544//15 545//15 546//15
f 546//16 545//16 547//16
f 546//16 547//16 548//16
f 548//17 547//17 549//17
f 548//17 549//17 550//17
f 550//19 549//19 551//19
f 550//19 551//19 552//19
f 552//20 551//20 553//20
f 552//21 553//21 554//21
f 554//22 553//22 555//22
f 554//22 555//22 556//22
f 556//86 555//86 557//24
f 556//24 557//66 558//66
f 558//25 557//25 559//25
f 558//25 559//25 560//25
f 560//26 559//26 561//26
f 560//26 561//26 562//26
f 562//27 561//27 563//27
f 562//27 563//27 564//27
f 564//28 563//28 565//28
f 564//28 565//28 566//28
f 566//30 565//30 567//30
f 566//29 567//29 568//29
f 568//31 567//31 569//31
f 568//31 569//31 570//31
f 570//32 569//32 571//32
f 570//33 571//33 572//33
f 572//34 571//34 573//34
f 572//34 573//34 574//34
f 574//35 573//35 575//35
f 574//35 575//35 576//35
f 576//36 575//36 577//36
f 576//36 577//36 578//36
f 578//37 577//37 579//37
f 578//37 579//37 580//37
f 580//38 579//38 581//38
f 580//38 581//38 582//38
f 582//39 581//39 583//39
f 582//39 583//39 584//39
f 584//40 583//40 585//40
f 584//40 585//40 586//40
f 586//87 585//87 587//41
f 586//87 587//62 588//62
f 588//42 587//42 589//42
f 588//42 589//42 590//42
f 590//43 589//43 591//43
f 590//44 591//44 592//44
f 592//45 591//45 593//45
f 592//46 593//46 594//46
f 594//49 593//49 595//48
f 594//48 595//49 596//49
f 596//50 595//50 597//50
f 596//50 597//50 598//50
f 598//51 597//51 599//51
f 598//52 599//52 600//52
f 600//53 599//53 601//53
f 600//53 601//53 602//53
f 602//54 601//54 603//54
f 602//54 603//54 604//54
f 604//55 603//55 605//55
f 604//55 605//55 606//55
f 606//56 605//56 607//56
f 606//56 607//56 608//56
f 43//58 42//58 609//58
f 43//58 609//58 610//58
f 610//13 609//13 611//13
f 610//13 611//13 612//13
f 612//14 611//14 613//14
f 612//14 613//14 614//14
f 614//15 613//15 615//15
f 614//15 615//15 616//15
f 616//16 615//16 617//16
f 616//16 617//16 618//16
f 618//17 617//17 619//17
f 618//17 619//17 620//17
f 620//19 619//19 621//19
f 620//19 621//19 622//19
f 622//20 621//20 623//20
f 622//21 623//21 624//21
f 624//22 623//22 625//22
f 624//22 625//22 626//22
f 626//66 625//66 627//24
f 626//23 627//23 628//23
f 628//25 627//25 629//25
f 628//25 629//25 630//25
f 630//26 629//26 631//26
f 630//26 631//26 632//26
f 632//27 631//27 633//27
f 632//27 633//27 634//27
f 634//28 633//28 635//28
f 634//28 635//28 636//28
f 636//80 635//80 637//30
f 636//69 637//69 638//69
f 638//88 637//88 639//88
f 638//31 639//31 640//31
f 640//32 639//32 641//32
f 640//32 641//32 642//32
f 642//34 641//34 643//34
f 642//34 643//34 644//34
f 644//35 643//35 645//35
f 644//35 645//35 646//35
f 646//36 645//36 647//36
f 646//36 647//36 648//36
f 648//37 647//37 649//37
f 648//37 649//37 650//37
f 650//38 649//38 651//38
f 650//38 651//38 652//38
f 652//39 651//39 653//39
f 652//39 653//39 654//39
f 654//40 653//40 655//40
f 654//40 655//40 656//40
f 656//41 655//41 657//71
f 656//71 657//71 658//71
f 658//81 657//81 659//81
f 658//42 659//42 660//42
f 660//43 659//43 661//43
f 660//43 661//43 662//43
f 662//45 661//45 663//45
f 662//46 663//46 664//46
f 664//48 663//48 665//49
f 664//47 665//47 666//47
f 666//50 665//50 667//50
f 666//89 667//50 668//50
f 668//51 667//51 669//51
f 668//51 669//51 670//51
f 670//53 669//53 671//53
f 670//53 671//53 672//53
f 672//54 671//54 673//54
f 672//54 673//54 674//54
f 674//55 673//55 675//55
f 674//55 675//55 676//55
f 676//56 675//56 677//56
f 676//56 677//56 678//56
f 39//58 38//58 679//58
f 39//79 679//79 680//79
f 680//13 679//13 681//13
f 680//13 681//13 682//13
f 682//14 681//14 683//14
f 682//14 683//14 684//14
f 684//15 683//15 685//15
f 684//15 685//15 686//15
f 686//16 685//16 687//16
f 686//16 687//16 688//16
f 688//17 687//17 689//17
f 688//17 689//17 690//17
f 690//19 689//19 691//19
f 690//18 691//18 692//18
f 692//20 691//20 693//20
f 692//21 693//21 694//21
f 694//22 693//22 695//22
f 694//22 695//22 696//22
f 696//23 695//23 697//24
f 696//23 697//23 698//23
f 698//25 697//25 699//25
f 698//25 699//25 700//25
f 700//26 699//26 701//26
f 700//26 701//26 702//26
f 702//27 701//27 703//27
f 702//27 703//27 704//27
f 704//28 703//28 705//28
f 704//90 705//67 706//67
f 706//69 705//69 707//69
f 706//30 707//30 708//30
f 708//31 707//31 709//31
f 708//31 709//31 710//31
f 710//32 709//32 711//32
f 710//32 711//32 712//32
f 712//34 711//34 713//34
f 712//34 713//34 714//34
f 714//35 713//35 715//35
f 714//35 715//35 716//35
f 716//36 715//36 717//36
f 716//36 717//36 718//36
f 718//37 717//37 719//37
f 718//37 719//37 720//37
f 720//38 719//38 721//38
f 720//38 721//38 722//38
f 722//39 721//39 723//39
f 722//39 723//39 724//39
f 724//40 723//40 725//40
f 724//40 725//40 726//40
f 726//41 725//41 727//41
f 726//41 727//62 728//62
f 728//81 727//81 729//81
f 728//42 729//42 730//42
f 730//44 729//44 731//44
f 730//43 731//43 732//43
f 732//46 731//46 733//46
f 732//46 733//46 734//46
f 734//48 733//48 735//47
f 734//48 735//47 736//47
f 736//50 735//50 737//50
f 736//50 737//50 738//50
f 738//51 737//51 739//51
f 738//83 739//83 740//83
f 740//53 739//53 741//53
f 740//53 741//53 742//53
f 742//54 741//54 743//54
f 742//54 743//54 744//54
f 744//55 743//55 745//55
f 744//55 745//55 746//55
f 746//56 745//56 747//56
f 746//56 747//56 748//56
f 3//58 2//58 749//58
f 3//58 749//91 750//91
f 750//13 749//13 751//13
f 750//13 751//13 752//13
f 752//14 751//14 753//14
f 752//14 753//14 754//14
f 754//15 753//15 755//15
f 754//15 755//15 756//15
f 756//16 755//16 757//16
f 756//16 757//16 758//16
f 758//17 757//17 759//17
f 758//17 759//17 760//17
f 760//84 759//84 761//84
f 760//19 761//19 762//19
f 762//21 761//21 763//21
f 762//21 763//21 764//21
f 764//22 763//22 765//22
f 764//22 765//22 766//22
f 766//66 765//66 767//66
f 766//23 767//73 768//73
f 768//25 767//25 769//25
f 768//25 769//25 770//25
f 770//26 769//26 771//26
f 770//26 771//26 772//26
f 772//27 771//27 773//27
f 772//59 773//59 774//59
f 774//28 773//28 775//28
f 774//28 775//28 776//28
f 776//80 775//80 777//80
f 776//92 777//92 778//92
f 778//31 777//31 779//31
f 778//31 779//31 780//31
f 780//32 779//32 781//32
f 780//32 781//32 782//32
f 782//34 781//34 783//34
f 782//34 783//34 784//34
f 784//35 783//35 785//35
f 784//93 785//35 786//35
f 786//36 785//36 787//36
f 786//36 787//36 788//36
f 788//37 787//37 789//37
f 788//37 789//37 790//37
f 790//38 789//38 791//38
f 790//38 791//38 792//38
f 792//39 791//39 793//39
f 792//39 793//39 794//39
f 794//40 793//40 795//40
f 794//40 795//40 796//40
f 796//41 795//41 797//87
f 796//71 797//61 798//61
f 798//42 797//42 799//42
f 798//42 799//42 800//42
f 800//44 799//44 801//44
f 800//43 801//43 802//43
f 802//46 801//46 803//46
f 802//45 803//45 804//45
f 804//48 803//48 805//48
f 804//48 805//48 806//48
f 806//50 805//50 807//50
f 806//50 807//50 808//50
f 808//51 807//51 809//51
f 808//51 809//51 810//51
f 810//53 809//53 811//53
f 810//53 811//53 812//53
f 812//54 811//54 813//54
f 812//54 813//54 814//54
f 814//55 813//55 815//55
f 814//94 815//64 816//64
f 816//56 815//56 817//56
f 816//56 817//56 818//56
f 819//95 188//95 187//95
f 818//95 817//95 820//95
f 468//95 467//95 821//95
f 821//95 467//95 822//95
f 821//96 822//96 823//96
f 823//97 822//97 824//97
f 825//95 608//95 607//95
f 538//95 537//95 826//95
f 826//95 537//95 827//95
f 828//95 678//95 677//95
f 823//98 829//98 10//98
f 830//97 826//97 823//97
f 823//99 826//99 827//99
f 823//100 827//100 821//100
f 258//95 257//95 831//95
f 831//95 257//95 832//95
f 398//99 397//99 824//99
f 824//95 397//95 833//95
f 824//97 833//97 823//97
f 823//97 833//97 831//97
f 823//97 831//97 834//97
f 834//99 831//99 832//99
f 834//97 832//97 835//97
f 836//99 837//99 834//99
f 607//95 830//95 825//95
f 825//97 830//97 823//97
f 825//97 823//97 820//97
f 820//101 823//101 10//101
f 820//102 10//102 818//102
f 838//97 834//97 839//97
f 839//99 834//99 837//99
f 839//95 837//95 747//95
f 747//95 837//95 748//95
f 328//95 327//95 835//95
f 835//103 327//103 840//103
f 835//97 840//97 834//97
f 834//97 840//97 828//97
f 834//95 828//104 836//104
f 836//95 828//95 677//95
f 841//98 842//98 834//98
f 187//105 841//105 819//105
f 819//106 841//106 834//106
f 819//97 834//97 843//97
f 843//97 834//97 838//97
f 843//95 838//95 117//95
f 117//95 838//95 118//95
f 844//107 12//107 845//107
f 846//107 847//107 845//107
f 845//107 847//107 848//107
f 845//107 848//107 849//107
f 823//107 850//107 845//107
f 845//107 850//107 851//107
f 851//107 852//107 845//107
f 845//107 852//107 853//107
f 845//107 853//107 854//107
f 854//107 855//107 845//107
f 845//107 855//107 856//107
f 845//107 856//107 857//107
f 858//107 845//107 859//107
f 859//107 845//107 860//107
f 857//107 861//107 845//107
f 845//107 861//107 862//107
f 845//107 862//107 863//107
f 863//107 864//107 845//107
f 845//107 864//107 865//107
f 845//107 865//107 846//107
f 849//107 866//107 845//107
f 845//107 866//107 867//107
f 845//107 867//107 860//107
f 858//107 868//107 845//107
f 845//107 868//107 869//107
f 845//107 869//107 870//107
f 871//107 872//107 845//107
f 845//107 872//107 873//107
f 845//107 873//107 844//107
f 870//107 874//107 845//107
f 845//107 874//107 875//107
f 845//107 875//107 871//107
f 800//108 802//108 10//108
f 10//108 774//108 776//108
f 776//108 778//108 10//108
f 10//108 778//108 780//108
f 10//108 780//108 782//108
f 782//108 784//108 10//108
f 10//108 784//108 786//108
f 10//108 786//108 788//108
f 788//108 790//108 10//108
f 10//108 790//108 792//108
f 10//108 792//108 794//108
f 818//108 10//108 816//108
f 816//108 10//108 814//108
f 10//108 3//108 750//108
f 794//108 796//108 10//108
f 10//108 796//108 798//108
f 10//108 798//108 800//108
f 802//108 804//108 10//108
f 10//108 804//108 806//108
f 10//108 806//108 808//108
f 750//108 752//108 10//108
f 10//108 752//108 754//108
f 10//108 754//108 756//108
f 756//108 758//108 10//108
f 10//108 758//108 760//108
f 10//108 760//108 762//108
f 762//108 764//108 10//108
f 10//108 764//108 766//108
f 10//108 766//108 768//108
f 768//108 770//108 10//108
f 10//108 770//108 772//108
f 10//108 772//108 774//108
f 808//108 810//108 10//108
f 10//108 810//108 812//108
f 10//108 812//108 814//108
f 17//109 12//109 876//109
f 876//109 12//109 844//109
f 876//110 844//110 877//110
f 877//110 844//110 873//110
f 877//111 873//111 878//111
f 878//111 873//111 872//111
f 878//112 872//112 879//112
f 879//112 872//112 871//112
f 879//113 871//113 880//113
f 880//113 871//113 875//113
f 880//114 875//114 881//114
f 881//114 875//114 874//114
f 881//115 874//115 882//115
f 882//116 874//116 870//116
f 882//117 870//117 883//117
f 883//117 870//117 869//117
f 883//118 869//118 884//118
f 884//118 869//118 868//118
f 884//119 868//119 885//119
f 885//119 868//119 858//119
f 885//120 858//120 886//120
f 886//121 858//121 859//121
f 886//122 859//122 887//122
f 887//122 859//123 860//123
f 887//124 860//124 888//124
f 888//124 860//124 867//124
f 888//125 867//125 889//125
f 889//125 867//125 866//125
f 889//126 866//126 890//126
f 890//127 866//126 849//127
f 890//128 849//128 891//128
f 891//129 849//129 848//129
f 891//130 848//130 892//130
f 892//130 848//130 847//130
f 892//131 847//131 893//131
f 893//131 847//131 846//131
f 893//132 846//132 894//132
f 894//132 846//132 865//132
f 894//133 865//133 895//133
f 895//133 865//133 864//133
f 895//134 864//134 896//134
f 896//135 864//135 863//135
f 896//136 863//136 897//136
f 897//136 863//136 862//136
f 897//137 862//137 898//137
f 898//137 862//137 861//137
f 898//138 861//138 899//138
f 899//138 861//138 857//138
f 899//139 857//139 900//139
f 900//139 857//139 856//139
f 900//140 856//140 901//140
f 901//140 856//140 855//140
f 901//141 855//142 902//141
f 902//142 855//142 854//142
f 902//143 854//143 903//143
f 903//143 854//143 853//143
f 903//144 853//144 904//144
f 904//144 853//144 852//144
f 904//145 852//146 905//145
f 905//146 852//145 851//145
f 905//147 851//147 906//147
f 906//147 851//147 850//147
f 906//148 850//148 834//148
f 834//148 850//148 823//148
f 891//108 892//108 907//108
f 907//108 892//108 893//108
f 899//108 900//108 907//108
f 907//108 900//108 901//108
f 901//108 902//108 907//108
f 907//108 902//108 903//108
f 907//108 903//108 904//108
f 904//108 905//108 907//108
f 907//108 905//108 906//108
f 907//108 906//108 834//108
f 877//108 907//108 876//108
f 876//108 907//108 17//108
f 886//108 887//108 907//108
f 907//108 887//108 888//108
f 893//108 894//108 907//108
f 907//108 894//108 895//108
f 907//108 895//108 896//108
f 896//108 897//108 907//108
f 907//108 897//108 898//108
f 907//108 898//108 899//108
f 888//108 889//108 907//108
f 907//108 889//108 890//108
f 907//108 890//108 891//108
f 877//108 878//108 907//108
f 907//108 878//108 879//108
f 907//108 879//108 880//108
f 883//108 884//108 907//108
f 907//108 884//108 885//108
f 907//108 885//108 886//108
f 880//108 881//108 907//108
f 907//108 881//108 882//108
f 907//108 882//108 883//108
f 159//107 157//107 908//107
f 908//107 151//107 149//107
f 149//107 147//107 908//107
f 908//107 147//107 145//107
f 908//107 145//107 143//107
f 7//107 908//107 119//107
f 119//107 908//107 121//107
f 157//107 155//107 908//107
f 908//107 155//107 153//107
f 908//107 153//107 151//107
f 143//107 141//107 908//107
f 908//107 141//107 139//107
f 908//107 139//107 137//107
f 127//107 908//107 129//107
f 129//107 908//107 131//107
f 127//107 125//107 908//107
f 908//107 125//107 123//107
f 908//107 123//107 121//107
f 183//107 908//107 185//107
f 185//107 908//107 187//107
f 183//107 181//107 908//107
f 908//107 181//107 179//107
f 908//107 179//107 177//107
f 177//107 175//107 908//107
f 908//107 175//107 173//107
f 908//107 173//107 171//107
f 171//107 169//107 908//107
f 908//107 169//107 167//107
f 908//107 167//107 165//107
f 137//107 135//107 908//107
f 908//107 135//107 133//107
f 908//107 133//107 131//107
f 165//107 163//107 908//107
f 908//107 163//107 161//107
f 908//107 161//107 159//107
f 1//149 16//149 909//149
f 1//149 909//149 910//149
f 910//150 909//150 911//150
f 910//150 911//150 912//150
f 912//151 911//151 913//151
f 912//152 913//152 914//152
f 914//153 913//153 915//153
f 914//153 915//153 916//153
f 916//154 915//154 917//154
f 916//154 917//154 918//154
f 918//155 917//155 919//155
f 918//156 919//156 920//156
f 920//157 919//157 921//157
f 920//157 921//158 922//158
f 922//159 921//159 923//159
f 922//159 923//159 924//159
f 924//160 923//160 925//160
f 924//160 925//160 926//160
f 926//161 925//161 927//161
f 926//161 927//161 928//161
f 928//162 927//162 929//162
f 928//162 929//162 930//162
f 930//163 929//163 931//163
f 930//163 931//163 932//163
f 932//164 931//164 933//164
f 932//164 933//164 934//164
f 934//165 933//165 935//165
f 934//165 935//165 936//165
f 936//166 935//166 937//166
f 936//166 937//166 938//166
f 938//167 937//167 939//167
f 938//167 939//167 940//167
f 940//168 939//168 941//168
f 940//168 941//168 942//168
f 942//169 941//169 943//169
f 942//169 943//169 944//169
f 944//170 943//170 945//170
f 944//170 945//170 946//170
f 946//171 945//171 947//171
f 946//171 947//171 948//171
f 948//172 947//172 949//172
f 948//172 949//172 950//172
f 950//173 949//173 951//173
f 950//173 951//173 952//173
f 952//174 951//174 953//174
f 952//175 953//176 954//176
f 954//177 953//177 955//178
f 954//179 955//179 956//179
f 956//180 955//180 957//180
f 956//180 957//180 958//180
f 958//181 957//181 959//181
f 958//181 959//181 960//181
f 960//182 959//182 961//182
f 960//182 961//182 962//182
f 962//183 961//183 963//183
f 962//183 963//183 964//183
f 964//184 963//184 965//184
f 964//184 965//184 966//184
f 966//185 965//185 967//185
f 966//186 967//186 968//186
f 968//187 967//187 969//187
f 968//187 969//187 970//187
f 970//188 969//188 971//188
f 970//188 971//188 972//188
f 972//189 971//189 973//189
f 972//189 973//189 974//189
f 974//190 973//190 825//190
f 974//190 825//190 820//190
f 2//107 1//107 749//107
f 749//107 1//107 910//107
f 749//107 910//107 751//107
f 751//107 910//107 912//107
f 751//107 912//107 753//107
f 753//107 912//107 914//107
f 753//107 914//107 755//107
f 755//107 914//107 916//107
f 755//107 916//107 757//107
f 757//107 916//107 918//107
f 757//107 918//107 759//107
f 759//107 918//107 920//107
f 759//107 920//107 761//107
f 761//107 920//107 922//107
f 761//107 922//107 763//107
f 763//107 922//107 924//107
f 763//107 924//107 765//107
f 765//107 924//107 926//107
f 765//107 926//107 767//107
f 767//107 926//107 928//107
f 767//107 928//107 769//107
f 769//107 928//107 930//107
f 769//107 930//107 771//107
f 771//107 930//107 932//107
f 771//107 932//107 773//107
f 773//107 932//107 934//107
f 773//107 934//107 775//107
f 775//107 934//107 936//107
f 775//107 936//107 777//107
f 777//107 936//107 938//107
f 777//107 938//107 779//107
f 779//107 938//107 940//107
f 779//107 940//107 781//107
f 781//107 940//107 942//107
f 820//107 817//107 974//107
f 974//107 817//107 815//107
f 974//107 815//107 972//107
f 972//107 815//107 813//107
f 972//107 813//107 970//107
f 970//107 813//107 811//107
f 970//107 811//107 968//107
f 968//107 811//107 809//107
f 968//107 809//107 966//107
f 966//107 809//107 807//107
f 966//107 807//107 964//107
f 964//107 807//107 805//107
f 964//107 805//107 962//107
f 962//107 805//107 803//107
f 962//107 803//107 960//107
f 960//107 803//107 801//107
f 960//107 801//107 958//107
f 958//107 801//107 799//107
f 958//107 799//107 956//107
f 956//107 799//107 797//107
f 956//107 797//107 954//107
f 954//107 797//107 795//107
f 954//107 795//107 952//107
f 952//107 795//107 793//107
f 952//107 793//107 950//107
f 950//107 793//107 791//107
f 950//107 791//107 948//107
f 948//107 791//107 789//107
f 948//107 789//107 946//107
f 946//107 789//107 787//107
f 946//107 787//107 944//107
f 944//107 787//107 785//107
f 944//107 785//107 942//107
f 942//107 785//107 783//107
f 942//107 783//107 781//107
f 608//108 825//108 606//108
f 606//108 825//108 973//108
f 606//108 973//108 604//108
f 604//108 973//108 971//108
f 604//108 971//108 602//108
f 602//108 971//108 969//108
f 602//108 969//108 600//108
f 600//108 969//108 967//108
f 600//108 967//108 598//108
f 598//108 967//108 965//108
f 598//108 965//108 596//108
f 596//108 965//108 963//108
f 596//108 963//108 594//108
f 594//108 963//108 961//108
f 594//108 961//108 592//108
f 592//108 961//108 959//108
f 592//108 959//108 590//108
f 590//108 959//108 957//108
f 590//108 957//108 588//108
f 588//108 957//108 955//108
f 588//108 955//108 586//108
f 586//108 955//108 953//108
f 586//108 953//108 584//108
f 584//108 953//108 951//108
f 584//108 951//108 582//108
f 582//108 951//108 949//108
f 582//108 949//108 580//108
f 580//108 949//108 947//108
f 580//108 947//108 578//108
f 578//108 947//108 945//108
f 578//108 945//108 576//108
f 576//108 945//108 943//108
f 576//108 943//108 574//108
f 574//108 943//108 941//108
f 16//108 15//108 909//108
f 909//108 15//108 540//108
f 909//108 540//108 911//108
f 911//108 540//108 542//108
f 911//108 542//108 913//108
f 913//108 542//108 544//108
f 913//108 544//108 915//108
f 915//108 544//108 546//108
f 915//108 546//108 917//108
f 917//108 546//108 548//108
f 917//108 548//108 919//108
f 919//108 548//108 550//108
f 919//108 550//108 921//108
f 921//108 550//108 552//108
f 921//108 552//108 923//108
f 923//108 552//108 554//108
f 923//108 554//108 925//108
f 925//108 554//108 556//108
f 925//108 556//108 927//108
f 927//108 556//108 558//108
f 927//108 558//108 929//108
f 929//108 558//108 560//108
f 929//108 560//108 931//108
f 931//108 560//108 562//108
f 931//108 562//108 933//108
f 933//108 562//108 564//108
f 933//108 564//108 935//108
f 935//108 564//108 566//108
f 935//108 566//108 937//108
f 937//108 566//108 568//108
f 937//108 568//108 939//108
f 939//108 568//108 570//108
f 939//108 570//108 941//108
f 941//108 570//108 572//108
f 941//108 572//108 574//108
f 26//149 25//149 975//149
f 26//149 975//149 976//149
f 976//150 975//150 977//150
f 976//150 977//150 978//150
f 978//151 977//151 979//151
f 978//151 979//151 980//151
f 980//153 979//153 981//153
f 980//153 981//153 982//153
f 982//154 981//154 983//154
f 982//154 983//154 984//154
f 984//191 983//191 985//191
f 984//191 985//191 986//191
f 986//158 985//158 987//192
f 986//157 987//158 988//158
f 988//159 987//159 989//159
f 988//193 989//193 990//193
f 990//160 989//160 991//160
f 990//160 991//160 992//160
f 992//161 991//161 993//161
f 992//161 993//161 994//161
f 994//162 993//162 995//162
f 994//162 995//162 996//162
f 996//194 995//194 997//194
f 996//195 997//195 998//195
f 998//164 997//164 999//164
f 998//164 999//164 1000//164
f 1000//165 999//165 1001//165
f 1000//165 1001//165 1002//165
f 1002//196 1001//196 1003//196
f 1002//166 1003//166 1004//166
f 1004//167 1003//167 1005//167
f 1004//167 1005//167 1006//167
f 1006//168 1005//168 1007//168
f 1006//168 1007//168 1008//168
f 1008//169 1007//169 1009//169
f 1008//169 1009//169 1010//169
f 1010//170 1009//170 1011//170
f 1010//170 1011//170 1012//170
f 1012//171 1011//171 1013//171
f 1012//171 1013//171 1014//171
f 1014//172 1013//172 1015//172
f 1014//172 1015//172 1016//172
f 1016//173 1015//173 1017//173
f 1016//173 1017//173 1018//173
f 1018//174 1017//174 1019//174
f 1018//175 1019//175 1020//175
f 1020//179 1019//179 1021//179
f 1020//197 1021//179 1022//179
f 1022//180 1021//180 1023//180
f 1022//180 1023//180 1024//180
f 1024//181 1023//181 1025//181
f 1024//181 1025//181 1026//181
f 1026//182 1025//182 1027//182
f 1026//182 1027//182 1028//182
f 1028//183 1027//183 1029//183
f 1028//183 1029//183 1030//183
f 1030//184 1029//184 1031//184
f 1030//184 1031//184 1032//184
f 1032//198 1031//198 1033//199
f 1032//185 1033//185 1034//185
f 1034//187 1033//187 1035//187
f 1034//187 1035//187 1036//187
f 1036//188 1035//188 1037//188
f 1036//200 1037//200 1038//200
f 1038//189 1037//189 1039//189
f 1038//189 1039//189 1040//189
f 1040//190 1039//190 838//190
f 1040//190 838//190 839//190
f 38//107 26//107 679//107
f 679//107 26//107 976//107
f 679//107 976//107 681//107
f 681//107 976//107 978//107
f 681//107 978//107 683//107
f 683//107 978//107 980//107
f 683//107 980//107 685//107
f 685//107 980//107 982//107
f 685//107 982//107 687//107
f 687//107 982//107 984//107
f 687//107 984//107 689//107
f 689//107 984//107 986//107
f 689//107 986//107 691//107
f 691//107 986//107 988//107
f 691//107 988//107 693//107
f 693//107 988//107 990//107
f 693//107 990//107 695//107
f 695//107 990//107 992//107
f 695//107 992//107 697//107
f 697//107 992//107 994//107
f 697//107 994//107 699//107
f 699//107 994//107 996//107
f 699//107 996//107 701//107
f 701//107 996//107 998//107
f 701//107 998//107 703//107
f 703//107 998//107 1000//107
f 703//107 1000//107 705//107
f 705//107 1000//107 1002//107
f 705//107 1002//107 707//107
f 707//107 1002//107 1004//107
f 707//107 1004//107 709//107
f 709//107 1004//107 1006//107
f 709//107 1006//107 711//107
f 711//107 1006//107 1008//107
f 839//107 747//107 1040//107
f 1040//107 747//107 745//107
f 1040//107 745//107 1038//107
f 1038//107 745//107 743//107
f 1038//107 743//107 1036//107
f 1036//107 743//107 741//107
f 1036//107 741//107 1034//107
f 1034//107 741//107 739//107
f 1034//107 739//107 1032//107
f 1032//107 739//107 737//107
f 1032//107 737//107 1030//107
f 1030//107 737//107 735//107
f 1030//107 735//107 1028//107
f 1028//107 735//107 733//107
f 1028//107 733//107 1026//107
f 1026//107 733//107 731//107
f 1026//107 731//107 1024//107
f 1024//107 731//107 729//107
f 1024//107 729//107 1022//107
f 1022//107 729//107 727//107
f 1022//107 727//107 1020//107
f 1020//107 727//107 725//107
f 1020//107 725//107 1018//107
f 1018//107 725//107 723//107
f 1018//107 723//107 1016//107
f 1016//107 723//107 721//107
f 1016//107 721//107 1014//107
f 1014//107 721//107 719//107
f 1014//107 719//107 1012//107
f 1012//107 719//107 717//107
f 1012//107 717//107 1010//107
f 1010//107 717//107 715//107
f 1010//107 715//107 1008//107
f 1008//107 715//107 713//107
f 1008//107 713//107 711//107
f 25//108 24//108 975//108
f 975//108 24//108 50//108
f 975//108 50//108 977//108
f 977//108 50//108 52//108
f 977//108 52//108 979//108
f 979//108 52//108 54//108
f 979//108 54//108 981//108
f 981//108 54//108 56//108
f 981//108 56//108 983//108
f 983//108 56//108 58//108
f 983//108 58//108 985//108
f 985//108 58//108 60//108
f 985//108 60//108 987//108
f 987//108 60//108 62//108
f 987//108 62//108 989//108
f 989//108 62//108 64//108
f 989//108 64//108 991//108
f 991//108 64//108 66//108
f 991//108 66//108 993//108
f 993//108 66//108 68//108
f 993//108 68//108 995//108
f 995//108 68//108 70//108
f 995//108 70//108 997//108
f 997//108 70//108 72//108
f 997//108 72//108 999//108
f 999//108 72//108 74//108
f 999//108 74//108 1001//108
f 1001//108 74//108 76//108
f 1001//108 76//108 1003//108
f 1003//108 76//108 78//108
f 1003//108 78//108 1005//108
f 1005//108 78//108 80//108
f 1005//108 80//108 1007//108
f 80//108 82//108 1007//108
f 1007//108 82//108 84//108
f 1007//108 84//108 1009//108
f 1009//108 84//108 86//108
f 1009//108 86//108 1011//108
f 1011//108 86//108 88//108
f 1011//108 88//108 1013//108
f 1013//108 88//108 90//108
f 1013//108 90//108 1015//108
f 1015//108 90//108 92//108
f 1015//108 92//108 1017//108
f 1017//108 92//108 94//108
f 1017//108 94//108 1019//108
f 1019//108 94//108 96//108
f 1019//108 96//108 1021//108
f 1021//108 96//108 98//108
f 1021//108 98//108 1023//108
f 1023//108 98//108 100//108
f 1023//108 100//108 1025//108
f 1025//108 100//108 102//108
f 1025//108 102//108 1027//108
f 1027//108 102//108 104//108
f 1027//108 104//108 1029//108
f 1029//108 104//108 106//108
f 1029//108 106//108 1031//108
f 1031//108 106//108 108//108
f 1031//108 108//108 1033//108
f 1033//108 108//108 110//108
f 1033//108 110//108 1035//108
f 1035//108 110//108 112//108
f 1035//108 112//108 1037//108
f 1037//108 112//108 114//108
f 1037//108 114//108 1039//108
f 1039//108 114//108 116//108
f 1039//108 116//108 838//108
f 838//108 116//108 118//108
f 41//149 40//149 1041//149
f 41//149 1041//149 1042//149
f 1042//150 1041//150 1043//150
f 1042//150 1043//150 1044//150
f 1044//151 1043//151 1045//151
f 1044//151 1045//151 1046//151
f 1046//153 1045//153 1047//153
f 1046//153 1047//153 1048//153
f 1048//154 1047//154 1049//154
f 1048//154 1049//154 1050//154
f 1050//156 1049//156 1051//156
f 1050//155 1051//155 1052//155
f 1052//157 1051//157 1053//157
f 1052//157 1053//157 1054//157
f 1054//159 1053//159 1055//159
f 1054//193 1055//193 1056//193
f 1056//160 1055//160 1057//160
f 1056//160 1057//160 1058//160
f 1058//161 1057//161 1059//161
f 1058//161 1059//161 1060//161
f 1060//162 1059//162 1061//162
f 1060//162 1061//162 1062//162
f 1062//195 1061//195 1063//195
f 1062//163 1063//163 1064//163
f 1064//164 1063//164 1065//164
f 1064//164 1065//164 1066//164
f 1066//165 1065//165 1067//165
f 1066//165 1067//165 1068//165
f 1068//196 1067//196 1069//196
f 1068//166 1069//166 1070//166
f 1070//167 1069//167 1071//167
f 1070//167 1071//167 1072//167
f 1072//168 1071//168 1073//168
f 1072//168 1073//168 1074//168
f 1074//169 1073//169 1075//169
f 1074//169 1075//169 1076//169
f 1076//170 1075//170 1077//170
f 1076//170 1077//170 1078//170
f 1078//171 1077//171 1079//171
f 1078//171 1079//171 1080//171
f 1080//172 1079//172 1081//172
f 1080//172 1081//172 1082//172
f 1082//173 1081//173 1083//173
f 1082//173 1083//173 1084//173
f 1084//176 1083//176 1085//176
f 1084//176 1085//176 1086//176
f 1086//197 1085//197 1087//197
f 1086//179 1087//177 1088//177
f 1088//180 1087//180 1089//180
f 1088//180 1089//180 1090//180
f 1090//181 1089//181 1091//181
f 1090//181 1091//181 1092//181
f 1092//182 1091//182 1093//182
f 1092//182 1093//182 1094//182
f 1094//183 1093//183 1095//183
f 1094//183 1095//183 1096//183
f 1096//184 1095//184 1097//184
f 1096//184 1097//184 1098//184
f 1098//199 1097//199 1099//198
f 1098//198 1099//198 1100//198
f 1100//187 1099//187 1101//187
f 1100//187 1101//187 1102//187
f 1102//200 1101//200 1103//201
f 1102//201 1103//201 1104//201
f 1104//189 1103//189 1105//189
f 1104//189 1105//189 1106//189
f 1106//190 1105//190 837//190
f 1106//190 837//190 836//190
f 1074//107 641//107 1072//107
f 1072//107 641//107 639//107
f 1072//107 639//107 1070//107
f 1070//107 639//107 637//107
f 1070//107 637//107 1068//107
f 1068//107 637//107 635//107
f 1068//107 635//107 1066//107
f 1066//107 635//107 633//107
f 1066//107 633//107 1064//107
f 1064//107 633//107 631//107
f 1064//107 631//107 1062//107
f 1062//107 631//107 629//107
f 1062//107 629//107 1060//107
f 1060//107 629//107 627//107
f 1060//107 627//107 1058//107
f 1058//107 627//107 625//107
f 1058//107 625//107 1056//107
f 1056//107 625//107 623//107
f 1056//107 623//107 1054//107
f 1054//107 623//107 621//107
f 1054//107 621//107 1052//107
f 1052//107 621//107 619//107
f 1052//107 619//107 1050//107
f 1050//107 619//107 617//107
f 1050//107 617//107 1048//107
f 1048//107 617//107 615//107
f 1048//107 615//107 1046//107
f 1046//107 615//107 613//107
f 1046//107 613//107 1044//107
f 1044//107 613//107 611//107
f 1044//107 611//107 1042//107
f 1042//107 611//107 609//107
f 1042//107 609//107 41//107
f 41//107 609//107 42//107
f 836//107 677//107 1106//107
f 1106//107 677//107 675//107
f 1106//107 675//107 1104//107
f 1104//107 675//107 673//107
f 1104//107 673//107 1102//107
f 1102//107 673//107 671//107
f 1102//107 671//107 1100//107
f 1100//107 671//107 669//107
f 1100//107 669//107 1098//107
f 1098//107 669//107 667//107
f 1098//107 667//107 1096//107
f 1096//107 667//107 665//107
f 1096//107 665//107 1094//107
f 1094//107 665//107 663//107
f 1094//107 663//107 1092//107
f 1092//107 663//107 661//107
f 1092//107 661//107 1090//107
f 1090//107 661//107 659//107
f 1090//107 659//107 1088//107
f 1088//107 659//107 657//107
f 1088//107 657//107 1086//107
f 1086//107 657//107 655//107
f 1086//107 655//107 1084//107
f 1084//107 655//107 653//107
f 1084//107 653//107 1082//107
f 1082//107 653//107 651//107
f 1082//107 651//107 1080//107
f 1080//107 651//107 649//107
f 1080//107 649//107 1078//107
f 1078//107 649//107 647//107
f 1078//107 647//107 1076//107
f 1076//107 647//107 645//107
f 1076//107 645//107 1074//107
f 1074//107 645//107 643//107
f 1074//107 643//107 641//107
f 40//108 39//108 1041//108
f 1041//108 39//108 680//108
f 1041//108 680//108 1043//108
f 1043//108 680//108 682//108
f 1043//108 682//108 1045//108
f 1045//108 682//108 684//108
f 1045//108 684//108 1047//108
f 1047//108 684//108 686//108
f 1047//108 686//108 1049//108
f 1049//108 686//108 688//108
f 1049//108 688//108 1051//108
f 1051//108 688//108 690//108
f 1051//108 690//108 1053//108
f 1053//108 690//108 692//108
f 1053//108 692//108 1055//108
f 1055//108 692//108 694//108
f 1055//108 694//108 1057//108
f 1057//108 694//108 696//108
f 1057//108 696//108 1059//108
f 1059//108 696//108 698//108
f 1059//108 698//108 1061//108
f 1061//108 698//108 700//108
f 1061//108 700//108 1063//108
f 1063//108 700//108 702//108
f 1063//108 702//108 1065//108
f 1065//108 702//108 704//108
f 1065//108 704//108 1067//108
f 1067//108 704//108 706//108
f 1067//108 706//108 1069//108
f 1069//108 706//108 708//108
f 1069//108 708//108 1071//108
f 1071//108 708//108 710//108
f 1071//108 710//108 1073//108
f 710//108 712//108 1073//108
f 1073//108 712//108 714//108
f 1073//108 714//108 1075//108
f 1075//108 714//108 716//108
f 1075//108 716//108 1077//108
f 1077//108 716//108 718//108
f 1077//108 718//108 1079//108
f 1079//108 718//108 720//108
f 1079//108 720//108 1081//108
f 1081//108 720//108 722//108
f 1081//108 722//108 1083//108
f 1083//108 722//108 724//108
f 1083//108 724//108 1085//108
f 1085//108 724//108 726//108
f 1085//108 726//108 1087//108
f 1087//108 726//108 728//108
f 1087//108 728//108 1089//108
f 1089//108 728//108 730//108
f 1089//108 730//108 1091//108
f 1091//108 730//108 732//108
f 1091//108 732//108 1093//108
f 1093//108 732//108 734//108
f 1093//108 734//108 1095//108
f 1095//108 734//108 736//108
f 1095//108 736//108 1097//108
f 1097//108 736//108 738//108
f 1097//108 738//108 1099//108
f 1099//108 738//108 740//108
f 1099//108 740//108 1101//108
f 1101//108 740//108 742//108
f 1101//108 742//108 1103//108
f 1103//108 742//108 744//108
f 1103//108 744//108 1105//108
f 1105//108 744//108 746//108
f 1105//108 746//108 837//108
f 837//108 746//108 748//108
f 45//149 44//149 1107//149
f 45//149 1107//149 1108//149
f 1108//150 1107//150 1109//150
f 1108//202 1109//202 1110//202
f 1110//151 1109//151 1111//151
f 1110//151 1111//151 1112//151
f 1112//153 1111//153 1113//153
f 1112//153 1113//153 1114//153
f 1114//154 1113//154 1115//154
f 1114//154 1115//154 1116//154
f 1116//156 1115//156 1117//156
f 1116//156 1117//156 1118//156
f 1118//192 1117//192 1119//192
f 1118//157 1119//158 1120//158
f 1120//159 1119//159 1121//159
f 1120//193 1121//193 1122//193
f 1122//160 1121//160 1123//160
f 1122//160 1123//160 1124//160
f 1124//161 1123//161 1125//161
f 1124//161 1125//161 1126//161
f 1126//162 1125//162 1127//162
f 1126//162 1127//162 1128//162
f 1128//163 1127//163 1129//163
f 1128//163 1129//163 1130//163
f 1130//164 1129//164 1131//164
f 1130//164 1131//164 1132//164
f 1132//165 1131//165 1133//165
f 1132//165 1133//165 1134//165
f 1134//166 1133//166 1135//166
f 1134//166 1135//166 1136//166
f 1136//167 1135//167 1137//167
f 1136//167 1137//167 1138//167
f 1138//168 1137//168 1139//168
f 1138//168 1139//168 1140//168
f 1140//169 1139//169 1141//169
f 1140//169 1141//169 1142//169
f 1142//170 1141//170 1143//170
f 1142//170 1143//170 1144//170
f 1144//171 1143//171 1145//171
f 1144//171 1145//171 1146//171
f 1146//172 1145//172 1147//172
f 1146//172 1147//172 1148//172
f 1148//173 1147//173 1149//173
f 1148//173 1149//173 1150//173
f 1150//176 1149//176 1151//203
f 1150//175 1151//176 1152//176
f 1152//178 1151//178 1153//178
f 1152//204 1153//204 1154//204
f 1154//180 1153//180 1155//180
f 1154//180 1155//180 1156//180
f 1156//181 1155//181 1157//181
f 1156//181 1157//181 1158//181
f 1158//182 1157//182 1159//182
f 1158//182 1159//182 1160//182
f 1160//183 1159//183 1161//183
f 1160//183 1161//183 1162//183
f 1162//184 1161//184 1163//184
f 1162//184 1163//184 1164//184
f 1164//185 1163//185 1165//185
f 1164//185 1165//185 1166//185
f 1166//187 1165//187 1167//187
f 1166//187 1167//187 1168//187
f 1168//188 1167//188 1169//188
f 1168//201 1169//201 1170//201
f 1170//189 1169//189 1171//189
f 1170//189 1171//189 1172//189
f 1172//190 1171//190 828//190
f 1172//190 828//190 840//190
f 840//107 327//107 1172//107
f 1172//107 327//107 325//107
f 1172//107 325//107 1170//107
f 1170//107 325//107 323//107
f 1170//107 323//107 1168//107
f 1168//107 323//107 321//107
f 1168//107 321//107 1166//107
f 1166//107 321//107 319//107
f 1166//107 319//107 1164//107
f 1164//107 319//107 317//107
f 1164//107 317//107 1162//107
f 1162//107 317//107 315//107
f 1162//107 315//107 1160//107
f 1160//107 315//107 313//107
f 1160//107 313//107 1158//107
f 1158//107 313//107 311//107
f 1158//107 311//107 1156//107
f 1156//107 311//107 309//107
f 1156//107 309//107 1154//107
f 1154//107 309//107 307//107
f 1154//107 307//107 1152//107
f 1152//107 307//107 305//107
f 1152//107 305//107 1150//107
f 1150//107 305//107 303//107
f 1150//107 303//107 1148//107
f 1148//107 303//107 301//107
f 1148//107 301//107 1146//107
f 1146//107 301//107 299//107
f 1146//107 299//107 1144//107
f 1144//107 299//107 297//107
f 1144//107 297//107 1142//107
f 1142//107 297//107 295//107
f 1142//107 295//107 1140//107
f 295//107 293//107 1140//107
f 1140//107 293//107 291//107
f 1140//107 291//107 1138//107
f 1138//107 291//107 289//107
f 1138//107 289//107 1136//107
f 1136//107 289//107 287//107
f 1136//107 287//107 1134//107
f 1134//107 287//107 285//107
f 1134//107 285//107 1132//107
f 1132//107 285//107 283//107
f 1132//107 283//107 1130//107
f 1130//107 283//107 281//107
f 1130//107 281//107 1128//107
f 1128//107 281//107 279//107
f 1128//107 279//107 1126//107
f 1126//107 279//107 277//107
f 1126//107 277//107 1124//107
f 1124//107 277//107 275//107
f 1124//107 275//107 1122//107
f 1122//107 275//107 273//107
f 1122//107 273//107 1120//107
f 1120//107 273//107 271//107
f 1120//107 271//107 1118//107
f 1118//107 271//107 269//107
f 1118//107 269//107 1116//107
f 1116//107 269//107 267//107
f 1116//107 267//107 1114//107
f 1114//107 267//107 265//107
f 1114//107 265//107 1112//107
f 1112//107 265//107 263//107
f 1112//107 263//107 1110//107
f 1110//107 263//107 261//107
f 1110//107 261//107 1108//107
f 1108//107 261//107 259//107
f 1108//107 259//107 45//107
f 45//107 259//107 46//107
f 678//108 828//108 676//108
f 676//108 828//108 1171//108
f 676//108 1171//108 674//108
f 674//108 1171//108 1169//108
f 674//108 1169//108 672//108
f 672//108 1169//108 1167//108
f 672//108 1167//108 670//108
f 670//108 1167//108 1165//108
f 670//108 1165//108 668//108
f 668//108 1165//108 1163//108
f 668//108 1163//108 666//108
f 666//108 1163//108 1161//108
f 666//108 1161//108 664//108
f 664//108 1161//108 1159//108
f 664//108 1159//108 662//108
f 662//108 1159//108 1157//108
f 662//108 1157//108 660//108
f 660//108 1157//108 1155//108
f 660//108 1155//108 658//108
f 658//108 1155//108 1153//108
f 658//108 1153//108 656//108
f 656//108 1153//108 1151//108
f 656//108 1151//108 654//108
f 654//108 1151//108 1149//108
f 654//108 1149//108 652//108
f 652//108 1149//108 1147//108
f 652//108 1147//108 650//108
f 650//108 1147//108 1145//108
f 650//108 1145//108 648//108
f 648//108 1145//108 1143//108
f 648//108 1143//108 646//108
f 646//108 1143//108 1141//108
f 646//108 1141//108 644//108
f 644//108 1141//108 1139//108
f 44//108 43//108 1107//108
f 1107//108 43//108 610//108
f 1107//108 610//108 1109//108
f 1109//108 610//108 612//108
f 1109//108 612//108 1111//108
f 1111//108 612//108 614//108
f 1111//108 614//108 1113//108
f 1113//108 614//108 616//108
f 1113//108 616//108 1115//108
f 1115//108 616//108 618//108
f 1115//108 618//108 1117//108
f 1117//108 618//108 620//108
f 1117//108 620//108 1119//108
f 1119//108 620//108 622//108
f 1119//108 622//108 1121//108
f 1121//108 622//108 624//108
f 1121//108 624//108 1123//108
f 1123//108 624//108 626//108
f 1123//108 626//108 1125//108
f 1125//108 626//108 628//108
f 1125//108 628//108 1127//108
f 1127//108 628//108 630//108
f 1127//108 630//108 1129//108
f 1129//108 630//108 632//108
f 1129//108 632//108 1131//108
f 1131//108 632//108 634//108
f 1131//108 634//108 1133//108
f 1133//108 634//108 636//108
f 1133//108 636//108 1135//108
f 1135//108 636//108 638//108
f 1135//108 638//108 1137//108
f 1137//108 638//108 640//108
f 1137//108 640//108 1139//108
f 1139//108 640//108 642//108
f 1139//108 642//108 644//108
f 13//149 37//149 1173//149
f 13//149 1173//149 1174//149
f 1174//150 1173//150 1175//150
f 1174//150 1175//150 1176//150
f 1176//151 1175//151 1177//151
f 1176//151 1177//151 1178//151
f 1178//153 1177//153 1179//153
f 1178//153 1179//153 1180//153
f 1180//154 1179//154 1181//154
f 1180//154 1181//154 1182//154
f 1182//191 1181//191 1183//191
f 1182//191 1183//191 1184//191
f 1184//158 1183//158 1185//192
f 1184//157 1185//158 1186//158
f 1186//159 1185//159 1187//159
f 1186//193 1187//193 1188//193
f 1188//160 1187//160 1189//160
f 1188//160 1189//160 1190//160
f 1190//161 1189//161 1191//161
f 1190//161 1191//161 1192//161
f 1192//162 1191//162 1193//162
f 1192//162 1193//162 1194//162
f 1194//205 1193//205 1195//205
f 1194//195 1195//195 1196//195
f 1196//164 1195//164 1197//164
f 1196//164 1197//164 1198//164
f 1198//165 1197//165 1199//165
f 1198//165 1199//165 1200//165
f 1200//196 1199//196 1201//196
f 1200//166 1201//166 1202//166
f 1202//167 1201//167 1203//167
f 1202//167 1203//167 1204//167
f 1204//168 1203//168 1205//168
f 1204//168 1205//168 1206//168
f 1206//169 1205//169 1207//169
f 1206//169 1207//169 1208//169
f 1208//170 1207//170 1209//170
f 1208//170 1209//170 1210//170
f 1210//171 1209//171 1211//171
f 1210//171 1211//171 1212//171
f 1212//172 1211//172 1213//172
f 1212//172 1213//172 1214//172
f 1214//173 1213//173 1215//173
f 1214//173 1215//173 1216//173
f 1216//175 1215//175 1217//175
f 1216//174 1217//174 1218//174
f 1218//178 1217//178 1219//178
f 1218//197 1219//197 1220//197
f 1220//180 1219//180 1221//180
f 1220//180 1221//180 1222//180
f 1222//181 1221//181 1223//181
f 1222//181 1223//181 1224//181
f 1224//182 1223//182 1225//182
f 1224//182 1225//182 1226//182
f 1226//183 1225//183 1227//183
f 1226//183 1227//183 1228//183
f 1228//184 1227//184 1229//184
f 1228//184 1229//184 1230//184
f 1230//199 1229//199 1231//199
f 1230//185 1231//185 1232//185
f 1232//187 1231//187 1233//187
f 1232//187 1233//187 1234//187
f 1234//200 1233//200 1235//188
f 1234//188 1235//188 1236//188
f 1236//189 1235//189 1237//189
f 1236//189 1237//189 1238//189
f 1238//190 1237//190 826//190
f 1238//190 826//190 830//190
f 830//107 607//107 1238//107
f 1238//107 607//107 605//107
f 1238//107 605//107 1236//107
f 1236//107 605//107 603//107
f 1236//107 603//107 1234//107
f 1234//107 603//107 601//107
f 1234//107 601//107 1232//107
f 1232//107 601//107 599//107
f 1232//107 599//107 1230//107
f 1230//107 599//107 597//107
f 1230//107 597//107 1228//107
f 1228//107 597//107 595//107
f 1228//107 595//107 1226//107
f 1226//107 595//107 593//107
f 1226//107 593//107 1224//107
f 1224//107 593//107 591//107
f 1224//107 591//107 1222//107
f 1222//107 591//107 589//107
f 1222//107 589//107 1220//107
f 1220//107 589//107 587//107
f 1220//107 587//107 1218//107
f 1218//107 587//107 585//107
f 1218//107 585//107 1216//107
f 1216//107 585//107 583//107
f 1216//107 583//107 1214//107
f 1214//107 583//107 581//107
f 1214//107 581//107 1212//107
f 1212//107 581//107 579//107
f 1212//107 579//107 1210//107
f 1210//107 579//107 577//107
f 1210//107 577//107 1208//107
f 1208//107 577//107 575//107
f 1208//107 575//107 1206//107
f 575//107 573//107 1206//107
f 1206//107 573//107 571//107
f 1206//107 571//107 1204//107
f 1204//107 571//107 569//107
f 1204//107 569//107 1202//107
f 1202//107 569//107 567//107
f 1202//107 567//107 1200//107
f 1200//107 567//107 565//107
f 1200//107 565//107 1198//107
f 1198//107 565//107 563//107
f 1198//107 563//107 1196//107
f 1196//107 563//107 561//107
f 1196//107 561//107 1194//107
f 1194//107 561//107 559//107
f 1194//107 559//107 1192//107
f 1192//107 559//107 557//107
f 1192//107 557//107 1190//107
f 1190//107 557//107 555//107
f 1190//107 555//107 1188//107
f 1188//107 555//107 553//107
f 1188//107 553//107 1186//107
f 1186//107 553//107 551//107
f 1186//107 551//107 1184//107
f 1184//107 551//107 549//107
f 1184//107 549//107 1182//107
f 1182//107 549//107 547//107
f 1182//107 547//107 1180//107
f 1180//107 547//107 545//107
f 1180//107 545//107 1178//107
f 1178//107 545//107 543//107
f 1178//107 543//107 1176//107
f 1176//107 543//107 541//107
f 1176//107 541//107 1174//107
f 1174//107 541//107 539//107
f 1174//107 539//107 13//107
f 13//107 539//107 14//107
f 538//108 826//108 536//108
f 536//108 826//108 1237//108
f 536//108 1237//108 534//108
f 534//108 1237//108 1235//108
f 534//108 1235//108 532//108
f 532//108 1235//108 1233//108
f 532//108 1233//108 530//108
f 530//108 1233//108 1231//108
f 530//108 1231//108 528//108
f 528//108 1231//108 1229//108
f 528//108 1229//108 526//108
f 526//108 1229//108 1227//108
f 526//108 1227//108 524//108
f 524//108 1227//108 1225//108
f 524//108 1225//108 522//108
f 522//108 1225//108 1223//108
f 522//108 1223//108 520//108
f 520//108 1223//108 1221//108
f 520//108 1221//108 518//108
f 518//108 1221//108 1219//108
f 518//108 1219//108 516//108
f 516//108 1219//108 1217//108
f 516//108 1217//108 514//108
f 514//108 1217//108 1215//108
f 514//108 1215//108 512//108
f 512//108 1215//108 1213//108
f 512//108 1213//108 510//108
f 510//108 1213//108 1211//108
f 510//108 1211//108 508//108
f 508//108 1211//108 1209//108
f 508//108 1209//108 506//108
f 506//108 1209//108 1207//108
f 506//108 1207//108 504//108
f 504//108 1207//108 1205//108
f 37//108 36//108 1173//108
f 1173//108 36//108 470//108
f 1173//108 470//108 1175//108
f 1175//108 470//108 472//108
f 1175//108 472//108 1177//108
f 1177//108 472//108 474//108
f 1177//108 474//108 1179//108
f 1179//108 474//108 476//108
f 1179//108 476//108 1181//108
f 1181//108 476//108 478//108
f 1181//108 478//108 1183//108
f 1183//108 478//108 480//108
f 1183//108 480//108 1185//108
f 1185//108 480//108 482//108
f 1185//108 482//108 1187//108
f 1187//108 482//108 484//108
f 1187//108 484//108 1189//108
f 1189//108 484//108 486//108
f 1189//108 486//108 1191//108
f 1191//108 486//108 488//108
f 1191//108 488//108 1193//108
f 1193//108 488//108 490//108
f 1193//108 490//108 1195//108
f 1195//108 490//108 492//108
f 1195//108 492//108 1197//108
f 1197//108 492//108 494//108
f 1197//108 494//108 1199//108
f 1199//108 494//108 496//108
f 1199//108 496//108 1201//108
f 1201//108 496//108 498//108
f 1201//108 498//108 1203//108
f 1203//108 498//108 500//108
f 1203//108 500//108 1205//108
f 1205//108 500//108 502//108
f 1205//108 502//108 504//108
f 34//149 33//149 1239//149
f 34//149 1239//149 1240//149
f 1240//150 1239//150 1241//150
f 1240//150 1241//150 1242//150
f 1242//206 1241//206 1243//206
f 1242//151 1243//151 1244//151
f 1244//153 1243//153 1245//153
f 1244//153 1245//153 1246//153
f 1246//154 1245//154 1247//154
f 1246//154 1247//154 1248//154
f 1248//156 1247//156 1249//156
f 1248//156 1249//156 1250//156
f 1250//207 1249//207 1251//192
f 1250//158 1251//158 1252//158
f 1252//159 1251//159 1253//159
f 1252//193 1253//193 1254//193
f 1254//160 1253//160 1255//160
f 1254//160 1255//160 1256//160
f 1256//161 1255//161 1257//161
f 1256//161 1257//161 1258//161
f 1258//162 1257//162 1259//162
f 1258//162 1259//162 1260//162
f 1260//163 1259//163 1261//163
f 1260//163 1261//163 1262//163
f 1262//164 1261//164 1263//164
f 1262//164 1263//164 1264//164
f 1264//165 1263//165 1265//165
f 1264//165 1265//165 1266//165
f 1266//196 1265//196 1267//196
f 1266//166 1267//166 1268//166
f 1268//167 1267//167 1269//167
f 1268//167 1269//167 1270//167
f 1270//168 1269//168 1271//168
f 1270//168 1271//168 1272//168
f 1272//169 1271//169 1273//169
f 1272//169 1273//169 1274//169
f 1274//170 1273//170 1275//170
f 1274//170 1275//170 1276//170
f 1276//171 1275//171 1277//171
f 1276//171 1277//171 1278//171
f 1278//172 1277//172 1279//172
f 1278//172 1279//172 1280//172
f 1280//173 1279//173 1281//173
f 1280//173 1281//173 1282//173
f 1282//176 1281//176 1283//176
f 1282//176 1283//176 1284//176
f 1284//178 1283//178 1285//177
f 1284//204 1285//204 1286//204
f 1286//180 1285//180 1287//180
f 1286//180 1287//180 1288//180
f 1288//181 1287//181 1289//181
f 1288//181 1289//181 1290//181
f 1290//182 1289//182 1291//182
f 1290//182 1291//182 1292//182
f 1292//183 1291//183 1293//183
f 1292//183 1293//183 1294//183
f 1294//184 1293//184 1295//184
f 1294//184 1295//184 1296//184
f 1296//199 1295//199 1297//198
f 1296//198 1297//198 1298//198
f 1298//187 1297//187 1299//187
f 1298//187 1299//187 1300//187
f 1300//200 1299//200 1301//201
f 1300//201 1301//201 1302//201
f 1302//189 1301//189 1303//189
f 1302//189 1303//189 1304//189
f 1304//190 1303//190 821//190
f 1304//190 821//190 827//190
f 1272//107 501//107 1270//107
f 1270//107 501//107 499//107
f 1270//107 499//107 1268//107
f 1268//107 499//107 497//107
f 1268//107 497//107 1266//107
f 1266//107 497//107 495//107
f 1266//107 495//107 1264//107
f 1264//107 495//107 493//107
f 1264//107 493//107 1262//107
f 1262//107 493//107 491//107
f 1262//107 491//107 1260//107
f 1260//107 491//107 489//107
f 1260//107 489//107 1258//107
f 1258//107 489//107 487//107
f 1258//107 487//107 1256//107
f 1256//107 487//107 485//107
f 1256//107 485//107 1254//107
f 1254//107 485//107 483//107
f 1254//107 483//107 1252//107
f 1252//107 483//107 481//107
f 1252//107 481//107 1250//107
f 1250//107 481//107 479//107
f 1250//107 479//107 1248//107
f 1248//107 479//107 477//107
f 1248//107 477//107 1246//107
f 1246//107 477//107 475//107
f 1246//107 475//107 1244//107
f 1244//107 475//107 473//107
f 1244//107 473//107 1242//107
f 1242//107 473//107 471//107
f 1242//107 471//107 1240//107
f 1240//107 471//107 469//107
f 1240//107 469//107 34//107
f 34//107 469//107 35//107
f 827//107 537//107 1304//107
f 1304//107 537//107 535//107
f 1304//107 535//107 1302//107
f 1302//107 535//107 533//107
f 1302//107 533//107 1300//107
f 1300//107 533//107 531//107
f 1300//107 531//107 1298//107
f 1298//107 531//107 529//107
f 1298//107 529//107 1296//107
f 1296//107 529//107 527//107
f 1296//107 527//107 1294//107
f 1294//107 527//107 525//107
f 1294//107 525//107 1292//107
f 1292//107 525//107 523//107
f 1292//107 523//107 1290//107
f 1290//107 523//107 521//107
f 1290//107 521//107 1288//107
f 1288//107 521//107 519//107
f 1288//107 519//107 1286//107
f 1286//107 519//107 517//107
f 1286//107 517//107 1284//107
f 1284//107 517//107 515//107
f 1284//107 515//107 1282//107
f 1282//107 515//107 513//107
f 1282//107 513//107 1280//107
f 1280//107 513//107 511//107
f 1280//107 511//107 1278//107
f 1278//107 511//107 509//107
f 1278//107 509//107 1276//107
f 1276//107 509//107 507//107
f 1276//107 507//107 1274//107
f 1274//107 507//107 505//107
f 1274//107 505//107 1272//107
f 1272//107 505//107 503//107
f 1272//107 503//107 501//107
f 33//108 32//108 1239//108
f 1239//108 32//108 400//108
f 1239//108 400//108 1241//108
f 1241//108 400//108 402//108
f 1241//108 402//108 1243//108
f 1243//108 402//108 404//108
f 1243//108 404//108 1245//108
f 1245//108 404//108 406//108
f 1245//108 406//108 1247//108
f 1247//108 406//108 408//108
f 1247//108 408//108 1249//108
f 1249//108 408//108 410//108
f 1249//108 410//108 1251//108
f 1251//108 410//108 412//108
f 1251//108 412//108 1253//108
f 1253//108 412//108 414//108
f 1253//108 414//108 1255//108
f 1255//108 414//108 416//108
f 1255//108 416//108 1257//108
f 1257//108 416//108 418//108
f 1257//108 418//108 1259//108
f 1259//108 418//108 420//108
f 1259//108 420//108 1261//108
f 1261//108 420//108 422//108
f 1261//108 422//108 1263//108
f 1263//108 422//108 424//108
f 1263//108 424//108 1265//108
f 1265//108 424//108 426//108
f 1265//108 426//108 1267//108
f 1267//108 426//108 428//108
f 1267//108 428//108 1269//108
f 1269//108 428//108 430//108
f 1269//108 430//108 1271//108
f 430//108 432//108 1271//108
f 1271//108 432//108 434//108
f 1271//108 434//108 1273//108
f 1273//108 434//108 436//108
f 1273//108 436//108 1275//108
f 1275//108 436//108 438//108
f 1275//108 438//108 1277//108
f 1277//108 438//108 440//108
f 1277//108 440//108 1279//108
f 1279//108 440//108 442//108
f 1279//108 442//108 1281//108
f 1281//108 442//108 444//108
f 1281//108 444//108 1283//108
f 1283//108 444//108 446//108
f 1283//108 446//108 1285//108
f 1285//108 446//108 448//108
f 1285//108 448//108 1287//108
f 1287//108 448//108 450//108
f 1287//108 450//108 1289//108
f 1289//108 450//108 452//108
f 1289//108 452//108 1291//108
f 1291//108 452//108 454//108
f 1291//108 454//108 1293//108
f 1293//108 454//108 456//108
f 1293//108 456//108 1295//108
f 1295//108 456//108 458//108
f 1295//108 458//108 1297//108
f 1297//108 458//108 460//108
f 1297//108 460//108 1299//108
f 1299//108 460//108 462//108
f 1299//108 462//108 1301//108
f 1301//108 462//108 464//108
f 1301//108 464//108 1303//108
f 1303//108 464//108 466//108
f 1303//108 466//108 821//108
f 821//108 466//108 468//108
f 30//149 29//149 1305//149
f 30//149 1305//149 1306//149
f 1306//150 1305//150 1307//150
f 1306//150 1307//150 1308//150
f 1308//151 1307//151 1309//151
f 1308//151 1309//151 1310//151
f 1310//153 1309//153 1311//153
f 1310//153 1311//153 1312//153
f 1312//154 1311//154 1313//154
f 1312//154 1313//154 1314//154
f 1314//155 1313//155 1315//155
f 1314//156 1315//156 1316//156
f 1316//158 1315//158 1317//157
f 1316//192 1317//192 1318//192
f 1318//159 1317//159 1319//159
f 1318//193 1319//193 1320//193
f 1320//160 1319//160 1321//160
f 1320//160 1321//160 1322//160
f 1322//161 1321//161 1323//161
f 1322//161 1323//161 1324//161
f 1324//162 1323//162 1325//162
f 1324//162 1325//162 1326//162
f 1326//195 1325//195 1327//195
f 1326//205 1327//205 1328//205
f 1328//164 1327//164 1329//164
f 1328//164 1329//164 1330//164
f 1330//165 1329//165 1331//165
f 1330//165 1331//165 1332//165
f 1332//166 1331//166 1333//166
f 1332//166 1333//166 1334//166
f 1334//167 1333//167 1335//167
f 1334//167 1335//167 1336//167
f 1336//168 1335//168 1337//168
f 1336//168 1337//168 1338//168
f 1338//208 1337//208 1339//208
f 1338//169 1339//169 1340//169
f 1340//170 1339//170 1341//170
f 1340//170 1341//170 1342//170
f 1342//171 1341//171 1343//171
f 1342//171 1343//171 1344//171
f 1344//172 1343//172 1345//172
f 1344//172 1345//172 1346//172
f 1346//173 1345//173 1347//173
f 1346//173 1347//173 1348//173
f 1348//176 1347//176 1349//175
f 1348//203 1349//176 1350//176
f 1350//197 1349//197 1351//197
f 1350//179 1351//179 1352//179
f 1352//180 1351//180 1353//180
f 1352//180 1353//180 1354//180
f 1354//181 1353//181 1355//181
f 1354//181 1355//181 1356//181
f 1356//182 1355//182 1357//182
f 1356//182 1357//182 1358//182
f 1358//183 1357//183 1359//183
f 1358//183 1359//183 1360//183
f 1360//184 1359//184 1361//184
f 1360//184 1361//184 1362//184
f 1362//198 1361//198 1363//198
f 1362//198 1363//198 1364//198
f 1364//187 1363//187 1365//187
f 1364//187 1365//187 1366//187
f 1366//209 1365//209 1367//209
f 1366//188 1367//188 1368//188
f 1368//189 1367//189 1369//189
f 1368//189 1369//189 1370//189
f 1370//190 1369//190 824//190
f 1370//190 824//190 822//190
f 31//107 30//107 399//107
f 399//107 30//107 1306//107
f 399//107 1306//107 401//107
f 401//107 1306//107 1308//107
f 401//107 1308//107 403//107
f 403//107 1308//107 1310//107
f 403//107 1310//107 405//107
f 405//107 1310//107 1312//107
f 405//107 1312//107 407//107
f 407//107 1312//107 1314//107
f 407//107 1314//107 409//107
f 409//107 1314//107 1316//107
f 409//107 1316//107 411//107
f 411//107 1316//107 1318//107
f 411//107 1318//107 413//107
f 413//107 1318//107 1320//107
f 413//107 1320//107 415//107
f 415//107 1320//107 1322//107
f 415//107 1322//107 417//107
f 417//107 1322//107 1324//107
f 417//107 1324//107 419//107
f 419//107 1324//107 1326//107
f 419//107 1326//107 421//107
f 421//107 1326//107 1328//107
f 421//107 1328//107 423//107
f 423//107 1328//107 1330//107
f 423//107 1330//107 425//107
f 425//107 1330//107 1332//107
f 425//107 1332//107 427//107
f 427//107 1332//107 1334//107
f 427//107 1334//107 429//107
f 429//107 1334//107 1336//107
f 429//107 1336//107 431//107
f 431//107 1336//107 1338//107
f 822//107 467//107 1370//107
f 1370//107 467//107 465//107
f 1370//107 465//107 1368//107
f 1368//107 465//107 463//107
f 1368//107 463//107 1366//107
f 1366//107 463//107 461//107
f 1366//107 461//107 1364//107
f 1364//107 461//107 459//107
f 1364//107 459//107 1362//107
f 1362//107 459//107 457//107
f 1362//107 457//107 1360//107
f 1360//107 457//107 455//107
f 1360//107 455//107 1358//107
f 1358//107 455//107 453//107
f 1358//107 453//107 1356//107
f 1356//107 453//107 451//107
f 1356//107 451//107 1354//107
f 1354//107 451//107 449//107
f 1354//107 449//107 1352//107
f 1352//107 449//107 447//107
f 1352//107 447//107 1350//107
f 1350//107 447//107 445//107
f 1350//107 445//107 1348//107
f 1348//107 445//107 443//107
f 1348//107 443//107 1346//107
f 1346//107 443//107 441//107
f 1346//107 441//107 1344//107
f 1344//107 441//107 439//107
f 1344//107 439//107 1342//107
f 1342//107 439//107 437//107
f 1342//107 437//107 1340//107
f 1340//107 437//107 435//107
f 1340//107 435//107 1338//107
f 1338//107 435//107 433//107
f 1338//107 433//107 431//107
f 29//108 28//108 1305//108
f 1305//108 28//108 330//108
f 1305//108 330//108 1307//108
f 1307//108 330//108 332//108
f 1307//108 332//108 1309//108
f 1309//108 332//108 334//108
f 1309//108 334//108 1311//108
f 1311//108 334//108 336//108
f 1311//108 336//108 1313//108
f 1313//108 336//108 338//108
f 1313//108 338//108 1315//108
f 1315//108 338//108 340//108
f 1315//108 340//108 1317//108
f 1317//108 340//108 342//108
f 1317//108 342//108 1319//108
f 1319//108 342//108 344//108
f 1319//108 344//108 1321//108
f 1321//108 344//108 346//108
f 1321//108 346//108 1323//108
f 1323//108 346//108 348//108
f 1323//108 348//108 1325//108
f 1325//108 348//108 350//108
f 1325//108 350//108 1327//108
f 1327//108 350//108 352//108
f 1327//108 352//108 1329//108
f 1329//108 352//108 354//108
f 1329//108 354//108 1331//108
f 1331//108 354//108 356//108
f 1331//108 356//108 1333//108
f 1333//108 356//108 358//108
f 1333//108 358//108 1335//108
f 1335//108 358//108 360//108
f 1335//108 360//108 1337//108
f 360//108 362//108 1337//108
f 1337//108 362//108 364//108
f 1337//108 364//108 1339//108
f 1339//108 364//108 366//108
f 1339//108 366//108 1341//108
f 1341//108 366//108 368//108
f 1341//108 368//108 1343//108
f 1343//108 368//108 370//108
f 1343//108 370//108 1345//108
f 1345//108 370//108 372//108
f 1345//108 372//108 1347//108
f 1347//108 372//108 374//108
f 1347//108 374//108 1349//108
f 1349//108 374//108 376//108
f 1349//108 376//108 1351//108
f 1351//108 376//108 378//108
f 1351//108 378//108 1353//108
f 1353//108 378//108 380//108
f 1353//108 380//108 1355//108
f 1355//108 380//108 382//108
f 1355//108 382//108 1357//108
f 1357//108 382//108 384//108
f 1357//108 384//108 1359//108
f 1359//108 384//108 386//108
f 1359//108 386//108 1361//108
f 1361//108 386//108 388//108
f 1361//108 388//108 1363//108
f 1363//108 388//108 390//108
f 1363//108 390//108 1365//108
f 1365//108 390//108 392//108
f 1365//108 392//108 1367//108
f 1367//108 392//108 394//108
f 1367//108 394//108 1369//108
f 1369//108 394//108 396//108
f 1369//108 396//108 824//108
f 824//108 396//108 398//108
f 19//149 18//149 1371//149
f 19//149 1371//149 1372//149
f 1372//150 1371//150 1373//150
f 1372//202 1373//150 1374//150
f 1374//151 1373//151 1375//151
f 1374//151 1375//151 1376//151
f 1376//153 1375//153 1377//153
f 1376//153 1377//153 1378//153
f 1378//154 1377//154 1379//154
f 1378//154 1379//154 1380//154
f 1380//155 1379//155 1381//155
f 1380//210 1381//210 1382//210
f 1382//192 1381//192 1383//192
f 1382//157 1383//157 1384//157
f 1384//159 1383//159 1385//159
f 1384//193 1385//193 1386//193
f 1386//160 1385//160 1387//160
f 1386//160 1387//160 1388//160
f 1388//161 1387//161 1389//161
f 1388//161 1389//161 1390//161
f 1390//211 1389//211 1391//211
f 1390//162 1391//162 1392//162
f 1392//195 1391//195 1393//195
f 1392//163 1393//163 1394//163
f 1394//164 1393//164 1395//164
f 1394//164 1395//164 1396//164
f 1396//165 1395//165 1397//165
f 1396//165 1397//165 1398//165
f 1398//166 1397//166 1399//166
f 1398//166 1399//166 1400//166
f 1400//167 1399//167 1401//167
f 1400//167 1401//167 1402//167
f 1402//168 1401//168 1403//168
f 1402//168 1403//168 1404//168
f 1404//169 1403//169 1405//169
f 1404//169 1405//169 1406//169
f 1406//170 1405//170 1407//170
f 1406//170 1407//170 1408//170
f 1408//171 1407//171 1409//171
f 1408//171 1409//171 1410//171
f 1410//172 1409//172 1411//172
f 1410//172 1411//172 1412//172
f 1412//173 1411//173 1413//173
f 1412//173 1413//173 1414//173
f 1414//174 1413//174 1415//174
f 1414//174 1415//174 1416//174
f 1416//179 1415//179 1417//179
f 1416//197 1417//197 1418//197
f 1418//180 1417//180 1419//180
f 1418//180 1419//180 1420//180
f 1420//181 1419//181 1421//181
f 1420//181 1421//181 1422//181
f 1422//212 1421//212 1423//212
f 1422//182 1423//182 1424//182
f 1424//183 1423//183 1425//183
f 1424//183 1425//183 1426//183
f 1426//184 1425//184 1427//184
f 1426//184 1427//184 1428//184
f 1428//185 1427//185 1429//185
f 1428//185 1429//185 1430//185
f 1430//187 1429//187 1431//187
f 1430//187 1431//187 1432//187
f 1432//188 1431//188 1433//188
f 1432//188 1433//188 1434//188
f 1434//189 1433//189 1435//189
f 1434//189 1435//189 1436//189
f 1436//190 1435//190 831//190
f 1436//190 831//190 833//190
f 833//107 397//107 1436//107
f 1436//107 397//107 395//107
f 1436//107 395//107 1434//107
f 1434//107 395//107 393//107
f 1434//107 393//107 1432//107
f 1432//107 393//107 391//107
f 1432//107 391//107 1430//107
f 1430//107 391//107 389//107
f 1430//107 389//107 1428//107
f 1428//107 389//107 387//107
f 1428//107 387//107 1426//107
f 1426//107 387//107 385//107
f 1426//107 385//107 1424//107
f 1424//107 385//107 383//107
f 1424//107 383//107 1422//107
f 1422//107 383//107 381//107
f 1422//107 381//107 1420//107
f 1420//107 381//107 379//107
f 1420//107 379//107 1418//107
f 1418//107 379//107 377//107
f 1418//107 377//107 1416//107
f 1416//107 377//107 375//107
f 1416//107 375//107 1414//107
f 1414//107 375//107 373//107
f 1414//107 373//107 1412//107
f 1412//107 373//107 371//107
f 1412//107 371//107 1410//107
f 1410//107 371//107 369//107
f 1410//107 369//107 1408//107
f 1408//107 369//107 367//107
f 1408//107 367//107 1406//107
f 1406//107 367//107 365//107
f 1406//107 365//107 1404//107
f 365//107 363//107 1404//107
f 1404//107 363//107 361//107
f 1404//107 361//107 1402//107
f 1402//107 361//107 359//107
f 1402//107 359//107 1400//107
f 1400//107 359//107 357//107
f 1400//107 357//107 1398//107
f 1398//107 357//107 355//107
f 1398//107 355//107 1396//107
f 1396//107 355//107 353//107
f 1396//107 353//107 1394//107
f 1394//107 353//107 351//107
f 1394//107 351//107 1392//107
f 1392//107 351//107 349//107
f 1392//107 349//107 1390//107
f 1390//107 349//107 347//107
f 1390//107 347//107 1388//107
f 1388//107 347//107 345//107
f 1388//107 345//107 1386//107
f 1386//107 345//107 343//107
f 1386//107 343//107 1384//107
f 1384//107 343//107 341//107
f 1384//107 341//107 1382//107
f 1382//107 341//107 339//107
f 1382//107 339//107 1380//107
f 1380//107 339//107 337//107
f 1380//107 337//107 1378//107
f 1378//107 337//107 335//107
f 1378//107 335//107 1376//107
f 1376//107 335//107 333//107
f 1376//107 333//107 1374//107
f 1374//107 333//107 331//107
f 1374//107 331//107 1372//107
f 1372//107 331//107 329//107
f 1372//107 329//107 19//107
f 19//107 329//107 27//107
f 258//108 831//108 256//108
f 256//108 831//108 1435//108
f 256//108 1435//108 254//108
f 254//108 1435//108 1433//108
f 254//108 1433//108 252//108
f 252//108 1433//108 1431//108
f 252//108 1431//108 250//108
f 250//108 1431//108 1429//108
f 250//108 1429//108 248//108
f 248//108 1429//108 1427//108
f 248//108 1427//108 246//108
f 246//108 1427//108 1425//108
f 246//108 1425//108 244//108
f 244//108 1425//108 1423//108
f 244//108 1423//108 242//108
f 242//108 1423//108 1421//108
f 242//108 1421//108 240//108
f 240//108 1421//108 1419//108
f 240//108 1419//108 238//108
f 238//108 1419//108 1417//108
f 238//108 1417//108 236//108
f 236//108 1417//108 1415//108
f 236//108 1415//108 234//108
f 234//108 1415//108 1413//108
f 234//108 1413//108 232//108
f 232//108 1413//108 1411//108
f 232//108 1411//108 230//108
f 230//108 1411//108 1409//108
f 230//108 1409//108 228//108
f 228//108 1409//108 1407//108
f 228//108 1407//108 226//108
f 226//108 1407//108 1405//108
f 226//108 1405//108 224//108
f 224//108 1405//108 1403//108
f 18//108 6//108 1371//108
f 1371//108 6//108 190//108
f 1371//108 190//108 1373//108
f 1373//108 190//108 192//108
f 1373//108 192//108 1375//108
f 1375//108 192//108 194//108
f 1375//108 194//108 1377//108
f 1377//108 194//108 196//108
f 1377//108 196//108 1379//108
f 1379//108 196//108 198//108
f 1379//108 198//108 1381//108
f 1381//108 198//108 200//108
f 1381//108 200//108 1383//108
f 1383//108 200//108 202//108
f 1383//108 202//108 1385//108
f 1385//108 202//108 204//108
f 1385//108 204//108 1387//108
f 1387//108 204//108 206//108
f 1387//108 206//108 1389//108
f 1389//108 206//108 208//108
f 1389//108 208//108 1391//108
f 1391//108 208//108 210//108
f 1391//108 210//108 1393//108
f 1393//108 210//108 212//108
f 1393//108 212//108 1395//108
f 1395//108 212//108 214//108
f 1395//108 214//108 1397//108
f 1397//108 214//108 216//108
f 1397//108 216//108 1399//108
f 1399//108 216//108 218//108
f 1399//108 218//108 1401//108
f 1401//108 218//108 220//108
f 1401//108 220//108 1403//108
f 1403//108 220//108 222//108
f 1403//108 222//108 224//108
f 4//149 48//149 1437//149
f 4//149 1437//149 1438//149
f 1438//202 1437//202 1439//150
f 1438//150 1439//150 1440//150
f 1440//151 1439//151 1441//151
f 1440//151 1441//151 1442//151
f 1442//153 1441//153 1443//153
f 1442//153 1443//153 1444//153
f 1444//154 1443//154 1445//154
f 1444//154 1445//154 1446//154
f 1446//155 1445//155 1447//155
f 1446//155 1447//155 1448//155
f 1448//158 1447//158 1449//157
f 1448//157 1449//157 1450//157
f 1450//159 1449//159 1451//159
f 1450//193 1451//193 1452//193
f 1452//160 1451//160 1453//160
f 1452//160 1453//160 1454//160
f 1454//161 1453//161 1455//161
f 1454//161 1455//161 1456//161
f 1456//213 1455//213 1457//213
f 1456//162 1457//162 1458//162
f 1458//195 1457//195 1459//163
f 1458//163 1459//163 1460//163
f 1460//164 1459//164 1461//164
f 1460//164 1461//164 1462//164
f 1462//165 1461//165 1463//165
f 1462//165 1463//165 1464//165
f 1464//166 1463//166 1465//166
f 1464//166 1465//166 1466//166
f 1466//167 1465//167 1467//167
f 1466//167 1467//167 1468//167
f 1468//168 1467//168 1469//168
f 1468//168 1469//168 1470//168
f 1470//169 1469//169 1471//169
f 1470//169 1471//169 1472//169
f 1472//170 1471//170 1473//170
f 1472//170 1473//170 1474//170
f 1474//171 1473//171 1475//171
f 1474//171 1475//171 1476//171
f 1476//214 1475//214 1477//214
f 1476//172 1477//172 1478//172
f 1478//173 1477//173 1479//173
f 1478//173 1479//173 1480//173
f 1480//174 1479//174 1481//174
f 1480//174 1481//174 1482//174
f 1482//179 1481//179 1483//179
f 1482//179 1483//179 1484//179
f 1484//180 1483//180 1485//180
f 1484//180 1485//180 1486//180
f 1486//181 1485//181 1487//181
f 1486//181 1487//181 1488//181
f 1488//212 1487//212 1489//212
f 1488//182 1489//182 1490//182
f 1490//183 1489//183 1491//183
f 1490//183 1491//183 1492//183
f 1492//184 1491//184 1493//184
f 1492//184 1493//184 1494//184
f 1494//185 1493//185 1495//185
f 1494//215 1495//215 1496//215
f 1496//187 1495//187 1497//187
f 1496//187 1497//187 1498//187
f 1498//209 1497//209 1499//209
f 1498//201 1499//201 1500//201
f 1500//189 1499//189 1501//189
f 1500//189 1501//189 1502//189
f 1502//190 1501//190 835//190
f 1502//190 835//190 832//190
f 1470//107 221//107 1468//107
f 1468//107 221//107 219//107
f 1468//107 219//107 1466//107
f 1466//107 219//107 217//107
f 1466//107 217//107 1464//107
f 1464//107 217//107 215//107
f 1464//107 215//107 1462//107
f 1462//107 215//107 213//107
f 1462//107 213//107 1460//107
f 1460//107 213//107 211//107
f 1460//107 211//107 1458//107
f 1458//107 211//107 209//107
f 1458//107 209//107 1456//107
f 1456//107 209//107 207//107
f 1456//107 207//107 1454//107
f 1454//107 207//107 205//107
f 1454//107 205//107 1452//107
f 1452//107 205//107 203//107
f 1452//107 203//107 1450//107
f 1450//107 203//107 201//107
f 1450//107 201//107 1448//107
f 1448//107 201//107 199//107
f 1448//107 199//107 1446//107
f 1446//107 199//107 197//107
f 1446//107 197//107 1444//107
f 1444//107 197//107 195//107
f 1444//107 195//107 1442//107
f 1442//107 195//107 193//107
f 1442//107 193//107 1440//107
f 1440//107 193//107 191//107
f 1440//107 191//107 1438//107
f 1438//107 191//107 189//107
f 1438//107 189//107 4//107
f 4//107 189//107 5//107
f 832//107 257//107 1502//107
f 1502//107 257//107 255//107
f 1502//107 255//107 1500//107
f 1500//107 255//107 253//107
f 1500//107 253//107 1498//107
f 1498//107 253//107 251//107
f 1498//107 251//107 1496//107
f 1496//107 251//107 249//107
f 1496//107 249//107 1494//107
f 1494//107 249//107 247//107
f 1494//107 247//107 1492//107
f 1492//107 247//107 245//107
f 1492//107 245//107 1490//107
f 1490//107 245//107 243//107
f 1490//107 243//107 1488//107
f 1488//107 243//107 241//107
f 1488//107 241//107 1486//107
f 1486//107 241//107 239//107
f 1486//107 239//107 1484//107
f 1484//107 239//107 237//107
f 1484//107 237//107 1482//107
f 1482//107 237//107 235//107
f 1482//107 235//107 1480//107
f 1480//107 235//107 233//107
f 1480//107 233//107 1478//107
f 1478//107 233//107 231//107
f 1478//107 231//107 1476//107
f 1476//107 231//107 229//107
f 1476//107 229//107 1474//107
f 1474//107 229//107 227//107
f 1474//107 227//107 1472//107
f 1472//107 227//107 225//107
f 1472//107 225//107 1470//107
f 1470//107 225//107 223//107
f 1470//107 223//107 221//107
f 328//108 835//108 326//108
f 326//108 835//108 1501//108
f 326//108 1501//108 324//108
f 324//108 1501//108 1499//108
f 324//108 1499//108 322//108
f 322//108 1499//108 1497//108
f 322//108 1497//108 320//108
f 320//108 1497//108 1495//108
f 320//108 1495//108 318//108
f 318//108 1495//108 1493//108
f 318//108 1493//108 316//108
f 316//108 1493//108 1491//108
f 316//108 1491//108 314//108
f 314//108 1491//108 1489//108
f 314//108 1489//108 312//108
f 312//108 1489//108 1487//108
f 312//108 1487//108 310//108
f 310//108 1487//108 1485//108
f 310//108 1485//108 308//108
f 308//108 1485//108 1483//108
f 308//108 1483//108 306//108
f 306//108 1483//108 1481//108
f 306//108 1481//108 304//108
f 304//108 1481//108 1479//108
f 304//108 1479//108 302//108
f 302//108 1479//108 1477//108
f 302//108 1477//108 300//108
f 300//108 1477//108 1475//108
f 300//108 1475//108 298//108
f 298//108 1475//108 1473//108
f 298//108 1473//108 296//108
f 296//108 1473//108 1471//108
f 296//108 1471//108 294//108
f 294//108 1471//108 1469//108
f 48//108 47//108 1437//108
f 1437//108 47//108 260//108
f 1437//108 260//108 1439//108
f 1439//108 260//108 262//108
f 1439//108 262//108 1441//108
f 1441//108 262//108 264//108
f 1441//108 264//108 1443//108
f 1443//108 264//108 266//108
f 1443//108 266//108 1445//108
f 1445//108 266//108 268//108
f 1445//108 268//108 1447//108
f 1447//108 268//108 270//108
f 1447//108 270//108 1449//108
f 1449//108 270//108 272//108
f 1449//108 272//108 1451//108
f 1451//108 272//108 274//108
f 1451//108 274//108 1453//108
f 1453//108 274//108 276//108
f 1453//108 276//108 1455//108
f 1455//108 276//108 278//108
f 1455//108 278//108 1457//108
f 1457//108 278//108 280//108
f 1457//108 280//108 1459//108
f 1459//108 280//108 282//108
f 1459//108 282//108 1461//108
f 1461//108 282//108 284//108
f 1461//108 284//108 1463//108
f 1463//108 284//108 286//108
f 1463//108 286//108 1465//108
f 1465//108 286//108 288//108
f 1465//108 288//108 1467//108
f 1467//108 288//108 290//108
f 1467//108 290//108 1469//108
f 1469//108 290//108 292//108
f 1469//108 292//108 294//108
f 20//149 9//149 1503//149
f 20//149 1503//149 1504//149
f 1504//150 1503//150 1505//150
f 1504//150 1505//150 1506//150
f 1506//151 1505//151 1507//151
f 1506//151 1507//151 1508//151
f 1508//153 1507//153 1509//153
f 1508//153 1509//153 1510//153
f 1510//154 1509//154 1511//154
f 1510//154 1511//154 1512//154
f 1512//210 1511//210 1513//210
f 1512//155 1513//155 1514//155
f 1514//158 1513//158 1515//158
f 1514//157 1515//157 1516//157
f 1516//159 1515//159 1517//159
f 1516//159 1517//159 1518//159
f 1518//160 1517//160 1519//160
f 1518//160 1519//160 1520//160
f 1520//161 1519//161 1521//161
f 1520//161 1521//161 1522//161
f 1522//162 1521//162 1523//162
f 1522//162 1523//162 1524//162
f 1524//195 1523//195 1525//195
f 1524//163 1525//163 1526//163
f 1526//164 1525//164 1527//164
f 1526//164 1527//164 1528//164
f 1528//165 1527//165 1529//165
f 1528//165 1529//165 1530//165
f 1530//196 1529//196 1531//196
f 1530//166 1531//166 1532//166
f 1532//167 1531//167 1533//167
f 1532//167 1533//167 1534//167
f 1534//168 1533//168 1535//168
f 1534//168 1535//168 1536//168
f 1536//169 1535//169 1537//169
f 1536//169 1537//169 1538//169
f 1538//170 1537//170 1539//170
f 1538//170 1539//170 1540//170
f 1540//171 1539//171 1541//171
f 1540//171 1541//171 1542//171
f 1542//172 1541//172 1543//172
f 1542//172 1543//172 1544//172
f 1544//173 1543//173 1545//173
f 1544//173 1545//173 1546//173
f 1546//176 1545//176 1547//175
f 1546//174 1547//174 1548//174
f 1548//216 1547//216 1549//216
f 1548//179 1549//179 1550//179
f 1550//180 1549//180 1551//180
f 1550//180 1551//180 1552//180
f 1552//181 1551//181 1553//181
f 1552//181 1553//181 1554//181
f 1554//182 1553//182 1555//182
f 1554//182 1555//182 1556//182
f 1556//183 1555//183 1557//183
f 1556//183 1557//183 1558//183
f 1558//184 1557//184 1559//184
f 1558//184 1559//184 1560//184
f 1560//215 1559//215 1561//199
f 1560//185 1561//185 1562//185
f 1562//187 1561//187 1563//187
f 1562//187 1563//187 1564//187
f 1564//188 1563//188 1565//188
f 1564//188 1565//188 1566//188
f 1566//189 1565//189 1567//189
f 1566//189 1567//189 1568//189
f 1568//190 1567//190 819//190
f 1568//190 819//190 843//190
f 843//107 117//107 1568//107
f 1568//107 117//107 115//107
f 1568//107 115//107 1566//107
f 1566//107 115//107 113//107
f 1566//107 113//107 1564//107
f 1564//107 113//107 111//107
f 1564//107 111//107 1562//107
f 1562//107 111//107 109//107
f 1562//107 109//107 1560//107
f 1560//107 109//107 107//107
f 1560//107 107//107 1558//107
f 1558//107 107//107 105//107
f 1558//107 105//107 1556//107
f 1556//107 105//107 103//107
f 1556//107 103//107 1554//107
f 1554//107 103//107 101//107
f 1554//107 101//107 1552//107
f 1552//107 101//107 99//107
f 1552//107 99//107 1550//107
f 1550//107 99//107 97//107
f 1550//107 97//107 1548//107
f 1548//107 97//107 95//107
f 1548//107 95//107 1546//107
f 1546//107 95//107 93//107
f 1546//107 93//107 1544//107
f 1544//107 93//107 91//107
f 1544//107 91//107 1542//107
f 1542//107 91//107 89//107
f 1542//107 89//107 1540//107
f 1540//107 89//107 87//107
f 1540//107 87//107 1538//107
f 1538//107 87//107 85//107
f 1538//107 85//107 1536//107
f 85//107 83//107 1536//107
f 1536//107 83//107 81//107
f 1536//107 81//107 1534//107
f 1534//107 81//107 79//107
f 1534//107 79//107 1532//107
f 1532//107 79//107 77//107
f 1532//107 77//107 1530//107
f 1530//107 77//107 75//107
f 1530//107 75//107 1528//107
f 1528//107 75//107 73//107
f 1528//107 73//107 1526//107
f 1526//107 73//107 71//107
f 1526//107 71//107 1524//107
f 1524//107 71//107 69//107
f 1524//107 69//107 1522//107
f 1522//107 69//107 67//107
f 1522//107 67//107 1520//107
f 1520//107 67//107 65//107
f 1520//107 65//107 1518//107
f 1518//107 65//107 63//107
f 1518//107 63//107 1516//107
f 1516//107 63//107 61//107
f 1516//107 61//107 1514//107
f 1514//107 61//107 59//107
f 1514//107 59//107 1512//107
f 1512//107 59//107 57//107
f 1512//107 57//107 1510//107
f 1510//107 57//107 55//107
f 1510//107 55//107 1508//107
f 1508//107 55//107 53//107
f 1508//107 53//107 1506//107
f 1506//107 53//107 51//107
f 1506//107 51//107 1504//107
f 1504//107 51//107 49//107
f 1504//107 49//107 20//107
f 20//107 49//107 23//107
f 188//108 819//108 186//108
f 186//108 819//108 1567//108
f 186//108 1567//108 184//108
f 184//108 1567//108 1565//108
f 184//108 1565//108 182//108
f 182//108 1565//108 1563//108
f 182//108 1563//108 180//108
f 180//108 1563//108 1561//108
f 180//108 1561//108 178//108
f 178//108 1561//108 1559//108
f 178//108 1559//108 176//108
f 176//108 1559//108 1557//108
f 176//108 1557//108 174//108
f 174//108 1557//108 1555//108
f 174//108 1555//108 172//108
f 172//108 1555//108 1553//108
f 172//108 1553//108 170//108
f 170//108 1553//108 1551//108
f 170//108 1551//108 168//108
f 168//108 1551//108 1549//108
f 168//108 1549//108 166//108
f 166//108 1549//108 1547//108
f 166//108 1547//108 164//108
f 164//108 1547//108 1545//108
f 164//108 1545//108 162//108
f 162//108 1545//108 1543//108
f 162//108 1543//108 160//108
f 160//108 1543//108 1541//108
f 160//108 1541//108 158//108
f 158//108 1541//108 1539//108
f 158//108 1539//108 156//108
f 156//108 1539//108 1537//108
f 156//108 1537//108 154//108
f 154//108 1537//108 1535//108
f 9//108 8//108 1503//108
f 1503//108 8//108 120//108
f 1503//108 120//108 1505//108
f 1505//108 120//108 122//108
f 1505//108 122//108 1507//108
f 1507//108 122//108 124//108
f 1507//108 124//108 1509//108
f 1509//108 124//108 126//108
f 1509//108 126//108 1511//108
f 1511//108 126//108 128//108
f 1511//108 128//108 1513//108
f 1513//108 128//108 130//108
f 1513//108 130//108 1515//108
f 1515//108 130//108 132//108
f 1515//108 132//108 1517//108
f 1517//108 132//108 134//108
f 1517//108 134//108 1519//108
f 1519//108 134//108 136//108
f 1519//108 136//108 1521//108
f 1521//108 136//108 138//108
f 1521//108 138//108 1523//108
f 1523//108 138//108 140//108
f 1523//108 140//108 1525//108
f 1525//108 140//108 142//108
f 1525//108 142//108 1527//108
f 1527//108 142//108 144//108
f 1527//108 144//108 1529//108
f 1529//108 144//108 146//108
f 1529//108 146//108 1531//108
f 1531//108 146//108 148//108
f 1531//108 148//108 1533//108
f 1533//108 148//108 150//108
f 1533//108 150//108 1535//108
f 1535//108 150//108 152//108
f 1535//108 152//108 154//108
f 1569//217 1570//217 1571//217
f 1572//218 1573//218 1574//218
f 1572//219 1574//219 1575//219
f 1569//220 1571//220 1576//220
f 1577//221 1578//221 1579//221
f 1579//222 1578//222 1580//222
f 1579//223 1580//223 1581//223
f 1581//224 1580//224 1582//224
f 1581//225 1582//225 1583//225
f 1583//226 1582//226 1584//226
f 1583//227 1584//227 1585//227
f 1585//228 1584//228 1586//228
f 1585//229 1586//229 1587//229
f 1587//230 1586//230 1588//230
f 1587//231 1588//231 1589//231
f 1590//232 1589//232 1591//232
f 1578//233 1576//233 1580//233
f 1580//234 1576//234 1571//234
f 1580//235 1571//235 1582//235
f 1582//236 1571//236 1592//236
f 1582//237 1592//237 1584//237
f 1584//238 1592//238 1593//238
f 1584//239 1593//239 1586//239
f 1586//240 1593//240 1594//240
f 1586//241 1594//241 1588//241
f 1588//242 1594//242 1595//242
f 1570//243 1596//243 1571//243
f 1571//244 1596//244 1597//244
f 1571//245 1597//245 1592//245
f 1592//246 1597//246 1598//246
f 1592//247 1598//247 1593//247
f 1593//248 1598//248 1599//248
f 1593//249 1599//249 1594//249
f 1594//250 1599//250 1600//250
f 1594//251 1600//251 1595//251
f 1595//252 1600//252 1601//252
f 1596//253 1575//253 1597//253
f 1597//254 1575//254 1574//254
f 1597//255 1574//255 1598//255
f 1598//256 1574//256 1602//256
f 1598//257 1602//257 1599//257
f 1599//258 1602//258 1603//258
f 1599//259 1603//259 1600//259
f 1603//260 1604//260 1600//260
f 1600//261 1604//261 1605//261
f 1600//262 1605//262 1601//262
f 1601//263 1605//263 1606//263
f 1601//264 1606//264 1607//264
f 1589//265 1588//265 1591//265
f 1591//266 1588//267 1595//267
f 1591//268 1595//268 1608//268
f 1608//269 1595//269 1601//269
f 1608//270 1601//270 1609//270
f 1609//271 1601//271 1607//271
f 1609//272 1607//272 1610//272
f 1590//273 1591//273 1611//273
f 1611//274 1591//275 1608//274
f 1611//276 1608//276 1612//276
f 1612//277 1608//277 1609//277
f 1612//273 1609//273 1613//273
f 1613//278 1609//278 1610//278
f 1613//279 1610//279 1614//279
f 1615//280 1616//280 1617//280
f 1617//281 1616//281 1618//281
f 1617//282 1618//282 1619//282
f 1619//283 1620//283 1617//283
f 1617//284 1620//284 1621//284
f 1617//285 1621//285 1622//285
f 1622//286 1623//286 1617//286
f 1617//287 1623//287 1624//287
f 1617//288 1624//288 1625//288
f 1625//287 1626//287 1617//287
f 1617//289 1626//289 1627//289
f 1617//286 1627//286 1628//286
f 1629//290 1577//290 1579//290
f 1630//291 1631//291 1629//291
f 1629//292 1631//292 1632//292
f 1632//293 1633//293 1629//293
f 1629//294 1633//295 1634//294
f 1629//296 1634//296 1635//296
f 1635//297 1636//297 1629//297
f 1629//298 1636//298 1637//298
f 1629//299 1637//299 1638//299
f 1638//300 1637//300 1639//300
f 1639//301 1640//301 1638//301
f 1638//302 1640//302 1641//302
f 1638//303 1641//303 1642//303
f 1642//303 1643//303 1638//303
f 1638//304 1643//304 1644//304
f 1638//305 1644//305 1645//305
f 1645//306 1646//306 1638//306
f 1638//307 1646//307 1647//308
f 1638//309 1647//309 1617//309
f 1617//310 1647//310 1648//310
f 1617//310 1648//310 1615//310
f 1649//311 1650//311 1579//311
f 1579//311 1650//311 1651//311
f 1651//312 1652//312 1579//312
f 1579//313 1652//313 1653//313
f 1579//314 1653//314 1654//314
f 1654//315 1655//315 1579//315
f 1579//316 1655//316 1656//316
f 1579//316 1656//316 1657//316
f 1657//317 1658//317 1579//317
f 1579//318 1658//318 1659//318
f 1579//285 1659//285 1660//285
f 1660//319 1661//319 1579//319
f 1579//320 1661//320 1662//320
f 1579//321 1662//321 1629//321
f 1629//322 1662//322 1663//322
f 1629//291 1663//291 1630//291
f 1579//323 1581//323 1649//323
f 1649//324 1581//324 1583//324
f 1649//325 1583//325 1664//325
f 1664//326 1583//326 1585//326
f 1664//327 1585//327 1665//327
f 1665//328 1585//328 1587//328
f 1665//329 1587//329 1666//329
f 1587//330 1589//330 1666//330
f 1666//331 1589//331 1590//331
f 1666//332 1590//332 1667//332
f 1668//333 1669//333 1670//333
f 1670//334 1669//334 1671//334
f 1670//335 1671//335 1638//335
f 1638//336 1671//336 1672//336
f 1638//337 1672//337 1629//337
f 1670//338 1673//338 1668//338
f 1668//339 1673//339 1674//339
f 1668//340 1674//340 1675//340
f 1675//341 1674//341 187//341
f 1675//332 187//332 1676//332
f 1627//342 1677//342 1628//342
f 1628//343 1677//343 1678//343
f 1628//344 1678//344 1679//344
f 1679//345 1678//345 1680//345
f 1679//346 1680//346 1681//346
f 1681//347 1680//347 1682//347
f 1681//348 1682//348 1683//348
f 1683//349 1682//350 1684//350
f 1683//351 1684//351 1685//351
f 1685//99 1684//99 1686//99
f 1667//99 1590//99 1687//99
f 1687//352 1590//352 1688//352
f 1687//353 1688//353 1686//353
f 1686//354 1688//354 1689//354
f 1686//355 1689//355 1685//355
f 1690//99 1691//99 1692//99
f 1692//97 1691//97 1693//97
f 1692//356 1693//356 1689//356
f 1689//97 1693//97 1694//97
f 1689//357 1694//357 1685//357
f 1695//99 1690//99 1696//99
f 1696//358 1690//358 1692//358
f 1696//359 1692//359 1697//359
f 1697//352 1692//360 1698//360
f 1697//361 1698//361 1699//97
f 1699//362 1698//362 1614//362
f 1590//97 1611//356 1688//97
f 1688//357 1611//357 1612//357
f 1688//97 1612//97 1698//97
f 1698//357 1612//357 1613//357
f 1698//356 1613//356 1614//356
f 1700//363 1701//363 1702//363
f 10//364 818//364 1703//364
f 10//365 1703//365 1704//365
f 1704//366 1703//366 1705//366
f 1704//367 1705//368 1706//368
f 1706//367 1705//367 1707//367
f 1707//369 1705//369 1708//369
f 1707//370 1708//370 1709//370
f 1709//371 1708//371 1710//371
f 1710//372 1708//372 1711//372
f 1710//373 1711//373 1712//373
f 1702//374 1701//374 1711//374
f 1701//375 1713//375 1711//375
f 1711//376 1713//376 1714//376
f 1711//377 1714//377 1715//377
f 1715//378 1716//378 1711//378
f 1711//379 1716//379 1717//379
f 1711//380 1717//380 1718//380
f 1718//381 1719//381 1711//381
f 1711//382 1719//382 1720//382
f 1711//383 1720//383 1721//383
f 1722//384 1723//384 1712//384
f 1721//385 1724//385 1711//385
f 1711//386 1724//386 1725//386
f 1711//387 1725//387 1712//387
f 1712//388 1725//388 1726//388
f 1712//389 1726//389 1722//389
f 1723//390 1727//390 1712//390
f 1712//390 1727//390 1728//390
f 1712//391 1728//391 1729//391
f 1729//392 1730//393 1712//393
f 1712//394 1730//395 1731//395
f 1712//396 1731//396 1732//396
f 1733//397 1699//397 1614//397
f 1614//398 1610//398 1733//398
f 1733//399 1610//399 1607//399
f 1733//400 1607//400 1734//400
f 1607//401 1606//401 1734//401
f 1734//402 1606//402 1605//402
f 1734//403 1605//403 1735//403
f 1735//404 1605//404 1604//404
f 1735//405 1604//405 1736//405
f 1736//406 1604//406 1737//406
f 1604//407 1603//407 1737//407
f 1737//408 1603//408 1602//408
f 1737//409 1602//409 1738//409
f 1739//410 1574//410 1732//410
f 1732//411 1574//411 1573//411
f 1732//412 1573//412 1712//412
f 1739//413 1740//413 1574//413
f 1574//414 1740//415 1741//415
f 1574//416 1741//416 1742//416
f 1742//417 1743//418 1574//418
f 1574//419 1743//419 1744//419
f 1574//420 1744//420 1745//420
f 1745//421 1746//421 1574//421
f 1574//422 1746//422 1747//422
f 1574//423 1747//423 1748//423
f 1748//423 1749//423 1574//423
f 1574//424 1749//424 1750//424
f 1574//425 1750//425 1602//425
f 1602//426 1750//426 1751//426
f 1602//409 1751//409 1738//409
f 1752//427 1753//427 1702//427
f 1702//428 1753//429 1754//428
f 1754//430 1755//430 1702//430
f 1702//431 1755//431 1756//431
f 1702//431 1756//431 1757//431
f 1757//432 1758//432 1702//416
f 1702//433 1758//433 1759//433
f 1702//434 1759//434 1760//434
f 1760//435 1761//435 1702//435
f 1702//415 1761//415 1762//415
f 1702//436 1762//436 1700//436
f 1702//414 1763//414 1752//414
f 1752//437 1763//437 1764//437
f 1752//438 1764//438 1765//438
f 1765//439 1764//439 1766//439
f 1765//440 1766//440 1767//440
f 1767//441 1766//441 1768//441
f 1767//442 1768//442 1769//442
f 1769//443 1768//443 1690//443
f 1769//444 1690//444 1695//444
f 1670//445 1638//445 1770//445
f 1770//446 1638//446 1771//446
f 1674//447 1673//447 1772//447
f 1772//448 1673//448 1670//448
f 1772//449 1670//449 1773//449
f 1773//450 1670//450 1770//450
f 1773//451 1770//451 1774//451
f 1774//452 1770//452 1771//452
f 1771//453 1775//453 1774//453
f 1774//454 1775//454 1776//454
f 1774//455 1776//455 1777//455
f 1778//456 1705//456 1779//456
f 1779//457 1705//457 1703//457
f 1693//458 1691//458 1780//458
f 1780//459 1691//459 1781//459
f 1780//460 1781//460 1782//460
f 1782//461 1781//461 1783//461
f 1782//462 1783//462 1775//462
f 1775//463 1783//463 1784//463
f 1775//464 1784//464 1776//464
f 1685//465 1694//465 1683//465
f 1683//466 1694//466 1785//466
f 1683//467 1785//467 1681//467
f 1681//468 1785//468 1786//468
f 1681//469 1786//469 1679//469
f 1679//470 1786//470 1787//470
f 1679//471 1787//471 1628//471
f 1628//472 1787//473 1788//473
f 1628//474 1788//474 1617//474
f 1789//475 1778//475 1790//475
f 1790//476 1778//476 1779//476
f 1790//477 1779//477 1791//477
f 1791//478 1779//478 1703//478
f 1791//479 1703//479 818//479
f 187//479 1674//479 1792//479
f 1792//480 1674//480 1772//480
f 1792//481 1772//481 1793//481
f 1793//482 1772//482 1773//482
f 1793//483 1773//483 1790//483
f 1790//484 1773//484 1774//484
f 1790//485 1774//485 1789//485
f 1789//486 1774//487 1777//486
f 1691//488 1690//488 1781//488
f 1781//489 1690//489 1768//489
f 1781//490 1768//490 1783//490
f 1783//491 1768//491 1766//491
f 1783//492 1766//492 1784//492
f 1784//493 1766//493 1764//493
f 1784//494 1764//494 1776//494
f 1776//495 1764//495 1763//495
f 1776//496 1763//496 1777//496
f 1777//497 1763//497 1702//497
f 1777//498 1702//498 1789//498
f 1789//499 1702//499 1711//499
f 1789//500 1711//500 1778//500
f 1778//501 1711//501 1708//501
f 1778//502 1708//502 1705//502
f 1694//488 1693//488 1785//488
f 1785//503 1693//503 1780//503
f 1785//504 1780//504 1786//504
f 1786//505 1780//505 1782//505
f 1786//506 1782//506 1787//506
f 1787//507 1782//507 1775//507
f 1787//508 1775//508 1788//508
f 1788//509 1775//509 1771//509
f 1788//510 1771//510 1617//510
f 1617//511 1771//511 1638//511
f 10//512 845//512 818//512
f 818//512 845//512 823//512
f 1794//512 1676//512 834//512
f 834//512 1676//512 187//512
f 834//513 187//513 1792//513
f 1792//512 1793//512 834//512
f 834//513 1793//513 1790//513
f 834//512 1790//512 823//512
f 823//513 1790//513 1791//513
f 823//512 1791//512 818//512
f 1675//514 1676//514 1794//514
f 1577//515 1629//515 17//515
f 17//515 1629//515 1672//515
f 12//516 1573//516 1572//516
f 1709//517 1710//517 12//517
f 12//515 1710//515 1712//515
f 12//515 1712//515 1573//515
f 1572//518 1575//518 12//518
f 12//518 1575//518 1596//518
f 12//519 1596//519 17//519
f 17//516 1596//514 1570//516
f 17//514 1570//514 1569//514
f 1569//520 1576//520 17//520
f 17//515 1576//515 1578//515
f 17//519 1578//519 1577//519
f 1672//521 1671//521 17//521
f 17//522 1671//522 1669//522
f 17//523 1669//523 1794//523
f 1794//524 1669//524 1668//524
f 1794//523 1668//523 1675//523
f 10//514 1704//514 845//514
f 845//525 1704//525 1706//525
f 845//525 1706//525 12//525
f 12//526 1706//526 1707//526
f 12//527 1707//527 1709//527
f 1795//108 1796//108 845//108
f 1797//108 1798//108 845//108
f 845//108 848//108 1799//108
f 1796//108 1800//108 845//108
f 845//108 1800//108 857//108
f 845//108 857//108 1801//108
f 1798//108 1802//108 845//108
f 845//108 1802//108 1803//108
f 845//108 1803//108 848//108
f 1799//108 1804//108 845//108
f 845//108 1804//108 1805//108
f 845//108 1805//108 1795//108
f 845//108 12//108 1806//108
f 1806//108 1807//108 845//108
f 845//108 1807//108 1808//108
f 845//108 1808//108 1809//108
f 1801//108 1810//108 845//108
f 845//108 1810//108 1811//108
f 845//108 1811//108 1812//108
f 1812//108 1813//108 845//108
f 845//108 1813//108 1814//108
f 845//108 1814//108 823//108
f 1809//108 1815//108 845//108
f 845//108 1815//108 1816//108
f 845//108 1816//108 869//108
f 869//108 1817//108 845//108
f 845//108 1817//108 1818//108
f 845//108 1818//108 1797//108
f 1819//107 899//107 1794//107
f 1820//107 1821//107 1794//107
f 891//107 1822//107 1794//107
f 1794//107 1822//107 1823//107
f 1823//107 1824//107 1794//107
f 1794//107 1824//107 1825//107
f 1794//107 1825//107 1826//107
f 1821//107 1827//107 1794//107
f 1794//107 1827//107 1828//107
f 1794//107 1828//107 891//107
f 1829//107 1830//107 1794//107
f 1794//107 1830//107 1831//107
f 1794//107 1831//107 17//107
f 834//107 1832//107 1794//107
f 1794//107 1832//107 1833//107
f 1794//107 1833//107 1834//107
f 899//107 1835//107 1794//107
f 1794//107 1835//107 1836//107
f 1794//107 1836//107 1820//107
f 1826//107 1837//107 1794//107
f 1794//107 1837//107 883//107
f 1794//107 883//107 1838//107
f 1838//107 1839//107 1794//107
f 1794//107 1839//107 1840//107
f 1794//107 1840//107 1829//107
f 1834//107 1841//107 1794//107
f 1794//107 1841//107 1842//107
f 1794//107 1842//107 1819//107
f 834//528 823//528 1814//528
f 834//529 1814//529 1832//529
f 1832//530 1814//530 1813//530
f 1832//530 1813//530 1833//530
f 1833//531 1813//531 1812//531
f 1833//531 1812//531 1834//531
f 1834//532 1812//532 1811//532
f 1834//532 1811//532 1841//532
f 1841//533 1811//533 1810//533
f 1841//533 1810//533 1842//533
f 1842//534 1810//534 1801//535
f 1842//535 1801//534 1819//534
f 1819//536 1801//536 857//536
f 1819//536 857//536 899//536
f 899//537 857//537 1800//537
f 899//538 1800//538 1835//538
f 1835//539 1800//539 1796//539
f 1835//540 1796//540 1836//540
f 1836//541 1796//541 1795//541
f 1836//541 1795//541 1820//541
f 1820//542 1795//542 1805//542
f 1820//542 1805//542 1821//542
f 1821//543 1805//543 1804//543
f 1821//543 1804//543 1827//543
f 1827//544 1804//544 1799//544
f 1827//544 1799//544 1828//544
f 1828//545 1799//545 848//545
f 1828//545 848//545 891//545
f 891//546 848//546 1803//546
f 891//546 1803//546 1822//546
f 1822//547 1803//547 1802//547
f 1822//547 1802//547 1823//547
f 1823//548 1802//548 1798//548
f 1823//549 1798//549 1824//549
f 1824//550 1798//550 1797//551
f 1824//552 1797//552 1825//552
f 1825//553 1797//553 1818//553
f 1825//553 1818//553 1826//553
f 1826//554 1818//554 1817//554
f 1826//554 1817//554 1837//554
f 1837//555 1817//555 869//555
f 1837//555 869//555 883//555
f 883//556 869//556 1816//556
f 883//556 1816//556 1838//556
f 1838//557 1816//557 1815//557
f 1838//557 1815//557 1839//557
f 1839//558 1815//558 1809//558
f 1839//558 1809//558 1840//558
f 1840//559 1809//559 1808//559
f 1840//560 1808//560 1829//560
f 1829//561 1808//561 1807//561
f 1829//561 1807//561 1830//561
f 1830//562 1807//562 1806//562
f 1830//562 1806//562 1831//562
f 1831//563 1806//563 12//563
f 1831//563 12//563 17//563
f 1843//564 1844//564 1845//564
f 1845//564 1844//564 1846//564
f 1847//107 1848//107 1849//107
f 1849//107 1850//107 1851//107
f 1848//107 1852//107 1849//107
f 1849//107 1852//107 1853//107
f 1849//107 1853//107 1850//107
f 1854//107 1855//107 1849//107
f 1849//107 1855//107 1856//107
f 1857//107 1858//107 1849//107
f 1849//107 1858//107 1859//107
f 1849//107 1859//107 1847//107
f 1860//107 1861//107 1862//107
f 1862//107 1861//107 1863//107
f 1862//107 1863//107 1864//107
f 1856//107 1865//107 1849//107
f 1849//107 1865//107 1866//107
f 1849//107 1866//107 1862//107
f 1862//107 1866//107 1867//107
f 1862//107 1867//107 1860//107
f 1864//107 1868//107 1862//107
f 1862//107 1868//107 1869//107
f 1862//107 1869//107 1870//107
f 1871//107 1845//107 1872//107
f 1872//107 1845//107 1873//107
f 1874//107 1875//107 1876//107
f 1876//107 1875//107 1877//107
f 1851//107 1878//107 1849//107
f 1849//107 1878//107 1879//107
f 1849//107 1879//107 1854//107
f 1854//107 1879//107 1880//107
f 1854//107 1880//107 1881//107
f 1870//107 1882//107 1862//107
f 1862//107 1882//107 1883//107
f 1862//107 1883//107 1846//107
f 1846//107 1883//107 1884//107
f 1884//107 1885//107 1846//107
f 1846//107 1885//107 1886//107
f 1846//107 1886//107 1887//107
f 1888//107 1889//107 1845//107
f 1845//107 1889//107 1890//107
f 1845//107 1890//107 1873//107
f 1857//107 1849//107 1891//107
f 1891//107 1849//107 1845//107
f 1891//107 1845//107 1892//107
f 1893//107 1894//107 1845//107
f 1895//107 1896//107 1845//107
f 1845//107 1896//107 1897//107
f 1874//107 1876//107 1880//107
f 1880//107 1876//107 1898//107
f 1880//107 1898//107 1881//107
f 1887//107 1899//107 1846//107
f 1846//107 1899//107 1900//107
f 1846//107 1900//107 1901//107
f 1902//107 1903//107 1871//107
f 1894//107 1904//107 1845//107
f 1845//107 1904//107 1905//107
f 1845//107 1905//107 1895//107
f 1897//107 1906//107 1845//107
f 1845//107 1906//107 1907//107
f 1845//107 1907//107 1892//107
f 1901//107 1908//107 1846//107
f 1846//107 1908//107 1909//107
f 1846//107 1909//107 1845//107
f 1845//107 1909//107 1910//107
f 1845//107 1910//107 1888//107
f 1877//107 1911//107 1876//107
f 1876//107 1911//107 1912//107
f 1876//107 1912//107 1913//107
f 1913//107 1912//107 1914//107
f 1913//107 1914//107 1915//107
f 1915//107 1914//107 1916//107
f 1915//107 1916//107 1871//107
f 1871//107 1916//107 1917//107
f 1871//107 1917//107 1902//107
f 1903//107 1918//107 1871//107
f 1871//107 1918//107 1919//107
f 1871//107 1919//107 1845//107
f 1845//107 1919//107 1920//107
f 1845//107 1920//107 1893//107
f 1849//565 1862//565 1921//565
f 1921//565 1862//565 1922//565
f 1923//108 1924//108 1843//108
f 1843//108 1924//108 1925//108
f 1843//108 1925//108 1926//108
f 1844//108 1927//108 1928//108
f 1929//108 1843//108 1930//108
f 1930//108 1843//108 1931//108
f 1844//108 1932//108 1933//108
f 1934//108 1922//108 1935//108
f 1935//108 1922//108 1844//108
f 1935//108 1844//108 1936//108
f 1936//108 1844//108 1928//108
f 1926//108 1937//108 1843//108
f 1843//108 1937//108 1938//108
f 1843//108 1938//108 1931//108
f 1933//108 1939//108 1844//108
f 1844//108 1939//108 1940//108
f 1844//108 1940//108 1927//108
f 1941//108 1942//108 1943//108
f 1943//108 1944//108 1941//108
f 1941//108 1944//108 1945//108
f 1941//108 1945//108 1946//108
f 1843//108 1941//108 1947//108
f 1948//108 1949//108 1922//108
f 1922//108 1949//108 1950//108
f 1922//108 1950//108 1951//108
f 1952//108 1953//108 1921//108
f 1921//108 1953//108 1954//108
f 1955//108 1921//108 1956//108
f 1956//108 1921//108 1957//108
f 1955//108 1958//108 1921//108
f 1921//108 1958//108 1959//108
f 1921//108 1959//108 1843//108
f 1843//108 1959//108 1960//108
f 1843//108 1960//108 1923//108
f 1947//108 1961//108 1843//108
f 1843//108 1961//108 1962//108
f 1843//108 1962//108 1963//108
f 1963//108 1964//108 1843//108
f 1843//108 1964//108 1965//108
f 1843//108 1965//108 1844//108
f 1844//108 1965//108 1966//108
f 1844//108 1966//108 1932//108
f 1954//108 1967//108 1921//108
f 1921//108 1967//108 1968//108
f 1921//108 1968//108 1957//108
f 1948//108 1969//108 1970//108
f 1951//108 1971//108 1922//108
f 1922//108 1971//108 1972//108
f 1922//108 1972//108 1921//108
f 1921//108 1972//108 1973//108
f 1921//108 1973//108 1952//108
f 1929//108 1974//108 1843//108
f 1843//108 1974//108 1975//108
f 1843//108 1975//108 1941//108
f 1941//108 1975//108 1976//108
f 1941//108 1976//108 1942//108
f 1934//108 1977//108 1922//108
f 1922//108 1977//108 1978//108
f 1922//108 1978//108 1979//108
f 1970//108 1980//108 1948//108
f 1948//108 1980//108 1981//108
f 1948//108 1981//108 1982//108
f 1979//108 1983//108 1922//108
f 1922//108 1983//108 1984//108
f 1922//108 1984//108 1985//108
f 1985//108 1986//108 1922//108
f 1922//108 1986//108 1987//108
f 1922//108 1987//108 1988//108
f 1946//108 1945//108 1989//108
f 1989//108 1945//108 1990//108
f 1989//108 1990//108 1982//108
f 1982//108 1990//108 1991//108
f 1982//108 1991//108 1948//108
f 1988//108 1992//108 1922//108
f 1922//108 1992//108 1993//108
f 1922//108 1993//108 1948//108
f 1948//108 1993//108 1994//108
f 1948//108 1994//108 1969//108
f 1862//99 1846//99 1922//99
f 1922//99 1846//99 1844//99
f 1995//108 1996//108 1696//108
f 1696//108 1996//108 1997//108
f 1696//108 1997//108 1998//108
f 1999//108 2000//108 1696//108
f 2001//108 2002//108 2003//108
f 2003//108 2002//108 2004//108
f 2003//108 2004//108 2005//108
f 2006//108 2007//108 2008//108
f 2009//108 2003//108 2010//108
f 2010//108 2003//108 2011//108
f 2012//108 2013//108 2014//108
f 2014//108 2013//108 2015//108
f 2014//108 2015//108 2016//108
f 2016//108 2015//108 2017//108
f 2018//108 2019//108 1697//108
f 1697//108 2019//108 2020//108
f 1697//108 2020//108 2021//108
f 2000//108 2022//108 1696//108
f 1696//108 2022//108 2023//108
f 1696//108 2023//108 1995//108
f 1998//108 2024//108 1696//108
f 1696//108 2024//108 2025//108
f 1696//108 2025//108 2003//108
f 2003//108 2025//108 2026//108
f 2026//108 2027//108 2003//108
f 2003//108 2027//108 2028//108
f 2003//108 2028//108 2029//108
f 2014//108 2030//108 2012//108
f 2012//108 2030//108 2031//108
f 2012//108 2031//108 2032//108
f 2032//108 2031//108 2033//108
f 2032//108 2033//108 2034//108
f 2035//108 2036//108 1697//108
f 1697//108 2036//108 2037//108
f 2008//108 2007//108 2038//108
f 2039//108 2040//108 1697//108
f 2029//108 2041//108 2003//108
f 2003//108 2041//108 2042//108
f 2003//108 2042//108 2001//108
f 2009//108 2043//108 2003//108
f 2003//108 2043//108 2044//108
f 2003//108 2044//108 2045//108
f 2045//108 2044//108 2046//108
f 2045//108 2046//108 2047//108
f 2047//108 2046//108 2048//108
f 2047//108 2048//108 2049//108
f 2049//108 2048//108 2050//108
f 2051//108 2052//108 2053//108
f 2053//108 2052//108 2054//108
f 2037//108 2055//108 1697//108
f 1697//108 2055//108 2056//108
f 1697//108 2056//108 2018//108
f 2011//108 2003//108 2057//108
f 2057//108 2003//108 2005//108
f 2057//108 2005//108 2008//108
f 2008//108 2005//108 2058//108
f 2008//108 2058//108 2006//108
f 2033//108 2059//108 2034//108
f 2034//108 2059//108 2060//108
f 2034//108 2060//108 2050//108
f 2050//108 2060//108 2061//108
f 2050//108 2061//108 2049//108
f 2052//108 2062//108 2054//108
f 2054//108 2062//108 2063//108
f 2054//108 2063//108 2064//108
f 2064//108 2063//108 2065//108
f 2064//108 2065//108 2017//108
f 2017//108 2065//108 2066//108
f 2017//108 2066//108 2016//108
f 2051//108 2053//108 2067//108
f 2067//108 2053//108 2068//108
f 2067//108 2068//108 2069//108
f 2069//108 2068//108 2070//108
f 2069//108 2070//108 2071//108
f 2039//108 1697//108 2072//108
f 2072//108 1697//108 2021//108
f 2072//108 2021//108 2073//108
f 2040//108 2074//108 1697//108
f 1697//108 2074//108 2075//108
f 1697//108 2075//108 2076//108
f 2077//108 2078//108 1697//108
f 1697//108 2078//108 2079//108
f 1697//108 2079//108 1696//108
f 1696//108 2079//108 2080//108
f 1696//108 2080//108 1999//108
f 2071//108 2081//108 2069//108
f 2069//108 2081//108 2082//108
f 2069//108 2082//108 1697//108
f 1697//108 2082//108 2083//108
f 1697//108 2083//108 2035//108
f 2073//108 2021//108 2007//108
f 2007//108 2021//108 2084//108
f 2007//108 2084//108 2038//108
f 2076//108 2085//108 1697//108
f 1697//108 2085//108 2086//108
f 1697//108 2086//108 2077//108
f 1752//566 1765//566 2003//566
f 2003//564 1765//567 1767//564
f 2003//567 1767//567 1696//567
f 1696//568 1767//568 1769//568
f 1696//569 1769//569 1695//569
f 1738//570 1751//570 2069//571
f 1738//572 2069//572 1737//572
f 1734//573 1735//573 2069//573
f 2069//572 1735//572 1736//574
f 2069//575 1736//565 1737//575
f 1734//572 2069//572 1733//572
f 1733//576 2069//576 1697//576
f 1733//565 1697//565 1699//565
f 2030//100 2014//100 1724//100
f 1724//97 2014//97 1725//97
f 1678//577 1677//577 2087//577
f 1678//578 2087//578 1680//578
f 1680//568 2087//568 1682//568
f 1682//579 2087//579 1686//579
f 1682//566 1686//566 1684//566
f 2088//107 2089//107 2090//107
f 2091//107 1686//107 2092//107
f 2092//107 1686//107 2093//107
f 2094//107 2095//107 2090//107
f 2090//107 2095//107 2096//107
f 2090//107 2096//107 2097//107
f 2097//107 2096//107 2098//107
f 2097//107 2098//107 2099//107
f 2099//107 2098//107 2100//107
f 2099//107 2100//107 2101//107
f 2101//107 2100//107 2102//107
f 2089//107 2103//107 2090//107
f 2090//107 2103//107 2104//107
f 2090//107 2104//107 2105//107
f 2106//107 2107//107 1686//107
f 2108//107 2109//107 2105//107
f 2110//107 2111//107 1687//107
f 1687//107 2111//107 2112//107
f 1687//107 2112//107 2113//107
f 2114//107 2115//107 2102//107
f 2102//107 2115//107 2116//107
f 2102//107 2116//107 2101//107
f 2091//107 2117//107 1686//107
f 1686//107 2117//107 2118//107
f 1686//107 2118//107 1687//107
f 1687//107 2118//107 2119//107
f 1687//107 2119//107 2120//107
f 2120//107 2121//107 1687//107
f 1687//107 2121//107 2122//107
f 1687//107 2122//107 2110//107
f 2113//107 2123//107 1687//107
f 1687//107 2123//107 2124//107
f 1687//107 2124//107 2090//107
f 2090//107 2124//107 2125//107
f 2090//107 2125//107 2088//107
f 2107//107 2126//107 1686//107
f 1686//107 2126//107 2127//107
f 1686//107 2127//107 2128//107
f 2128//107 2129//107 2130//107
f 2130//107 2131//107 2128//107
f 2128//107 2131//107 2132//107
f 2128//107 2132//107 2133//107
f 2134//107 2135//107 1686//107
f 2108//107 2105//107 2136//107
f 2135//107 2137//107 1686//107
f 1686//107 2137//107 2138//107
f 1686//107 2138//107 2093//107
f 2109//107 2139//107 2105//107
f 2105//107 2139//107 2140//107
f 2105//107 2140//107 2090//107
f 2090//107 2140//107 2141//107
f 2090//107 2141//107 2094//107
f 2142//107 2143//107 2144//107
f 2087//107 2145//107 2146//107
f 2129//107 2128//107 2147//107
f 2147//107 2128//107 2148//107
f 2147//107 2148//107 2149//107
f 2149//107 2148//107 2150//107
f 2149//107 2150//107 2151//107
f 2151//107 2150//107 2152//107
f 2151//107 2152//107 2105//107
f 2105//107 2152//107 2153//107
f 2105//107 2153//107 2136//107
f 2154//107 2155//107 2156//107
f 2156//107 2155//107 2157//107
f 2156//107 2157//107 2158//107
f 2158//107 2157//107 2159//107
f 2158//107 2159//107 2160//107
f 2160//107 2159//107 2161//107
f 2160//107 2161//107 2162//107
f 2162//107 2161//107 2163//107
f 2162//107 2163//107 2114//107
f 2114//107 2163//107 2164//107
f 2114//107 2164//107 2115//107
f 2142//107 2165//107 2143//107
f 2143//107 2165//107 2166//107
f 2143//107 2166//107 2167//107
f 2167//107 2166//107 2168//107
f 2167//107 2168//107 2154//107
f 2154//107 2168//107 2169//107
f 2154//107 2169//107 2155//107
f 2145//107 2087//107 2170//107
f 2170//107 2087//107 2171//107
f 2170//107 2171//107 2144//107
f 2144//107 2171//107 2172//107
f 2144//107 2172//107 2142//107
f 2146//107 2173//107 2087//107
f 2087//107 2173//107 2174//107
f 2087//107 2174//107 1686//107
f 1686//107 2174//107 2175//107
f 1686//107 2175//107 2106//107
f 2133//107 2176//107 2128//107
f 2128//107 2176//107 2177//107
f 2128//107 2177//107 1686//107
f 1686//107 2177//107 2178//107
f 1686//107 2178//107 2134//107
f 1649//580 1664//580 2090//580
f 2090//573 1664//573 1665//573
f 2090//576 1665//576 1687//576
f 1687//581 1665//581 1666//581
f 1687//582 1666//582 1667//582
f 2159//100 2157//100 1637//100
f 1637//97 2157//97 1639//97
f 2094//583 1988//583 2095//583
f 2095//584 1988//584 1987//584
f 2095//585 1987//585 2096//585
f 2096//586 1987//586 1986//586
f 2096//587 1986//587 2098//587
f 2098//587 1986//587 1985//587
f 2098//588 1985//588 2100//589
f 2100//589 1985//589 1984//589
f 2100//590 1984//590 2102//591
f 2102//592 1984//592 1983//592
f 2102//593 1983//593 2114//593
f 2114//594 1983//594 1979//593
f 2114//595 1979//595 2162//595
f 2162//596 1979//595 1978//596
f 2162//597 1978//598 2160//598
f 2160//599 1978//600 1977//600
f 2160//601 1977//601 2158//601
f 2158//601 1977//601 1934//601
f 2158//602 1934//602 2156//602
f 2156//603 1934//603 1935//603
f 2156//604 1935//605 2154//605
f 2154//604 1935//604 1936//604
f 2154//606 1936//606 2167//606
f 2167//607 1936//607 1928//607
f 2167//608 1928//608 2143//608
f 2143//609 1928//609 1927//609
f 2143//610 1927//610 2144//610
f 2144//610 1927//610 1940//610
f 2144//611 1940//611 2170//611
f 2170//611 1940//611 1939//611
f 2170//612 1939//612 2145//612
f 2145//612 1939//612 1933//612
f 2145//613 1933//614 2146//614
f 2146//613 1933//613 1932//613
f 2146//615 1932//615 2173//615
f 2173//615 1932//615 1966//615
f 2173//616 1966//616 2174//616
f 2174//617 1966//617 1965//617
f 2174//618 1965//618 2175//618
f 2175//618 1965//618 1964//618
f 2175//619 1964//619 2106//619
f 2106//619 1964//619 1963//619
f 2106//620 1963//620 2107//620
f 2107//621 1963//621 1962//621
f 2107//622 1962//622 2126//622
f 2126//59 1962//622 1961//622
f 2126//623 1961//624 2127//624
f 2127//623 1961//623 1947//623
f 2127//625 1947//626 2128//625
f 2128//627 1947//627 1941//627
f 2128//628 1941//628 2148//628
f 2148//34 1941//34 1946//34
f 2148//629 1946//629 2150//629
f 2150//630 1946//631 1989//631
f 2150//632 1989//633 2152//634
f 2152//634 1989//634 1982//633
f 2152//39 1982//39 2153//39
f 2153//635 1982//635 1981//635
f 2153//636 1981//636 2136//637
f 2136//638 1981//638 1980//638
f 2136//639 1980//639 2108//640
f 2108//641 1980//641 1970//641
f 2108//45 1970//45 2109//45
f 2109//642 1970//642 1969//642
f 2109//643 1969//643 2139//643
f 2139//644 1969//644 1994//644
f 2139//645 1994//646 2140//646
f 2140//646 1994//646 1993//646
f 2140//647 1993//647 2141//647
f 2141//648 1993//648 1992//648
f 2141//649 1992//649 2094//649
f 2094//650 1992//650 1988//650
f 2123//651 1952//651 2124//651
f 2124//652 1952//652 1973//652
f 2124//585 1973//585 2125//585
f 2125//585 1973//585 1972//585
f 2125//653 1972//653 2088//653
f 2088//587 1972//587 1971//587
f 2088//654 1971//655 2089//654
f 2089//656 1971//656 1951//656
f 2089//657 1951//658 2103//657
f 2103//659 1951//590 1950//591
f 2103//593 1950//660 2104//593
f 2104//593 1950//593 1949//593
f 2104//661 1949//661 2105//661
f 2105//661 1949//661 1948//661
f 2105//599 1948//599 2151//599
f 2151//598 1948//598 1991//598
f 2151//662 1991//662 2149//662
f 2149//663 1991//663 1990//663
f 2149//603 1990//602 2147//602
f 2147//664 1990//664 1945//664
f 2147//665 1945//665 2129//665
f 2129//666 1945//666 1944//666
f 2129//667 1944//667 2130//667
f 2130//668 1944//668 1943//668
f 2130//669 1943//670 2131//608
f 2131//671 1943//671 1942//671
f 2131//672 1942//672 2132//672
f 2132//672 1942//672 1976//672
f 2132//673 1976//673 2133//673
f 2133//674 1976//674 1975//674
f 2133//675 1975//675 2176//675
f 2176//612 1975//612 1974//612
f 2176//77 1974//77 2177//77
f 2177//613 1974//613 1929//614
f 2177//676 1929//676 2178//676
f 2178//615 1929//615 1930//615
f 2178//677 1930//677 2134//677
f 2134//678 1930//678 1931//678
f 2134//679 1931//679 2135//679
f 2135//680 1931//680 1938//680
f 2135//681 1938//681 2137//681
f 2137//619 1938//619 1937//619
f 2137//682 1937//682 2138//682
f 2138//683 1937//683 1926//683
f 2138//684 1926//685 2093//622
f 2093//685 1926//686 1925//686
f 2093//624 1925//624 2092//624
f 2092//687 1925//687 1924//687
f 2092//688 1924//688 2091//688
f 2091//688 1924//688 1923//689
f 2091//628 1923//628 2117//628
f 2117//690 1923//690 1960//690
f 2117//691 1960//691 2118//691
f 2118//691 1960//691 1959//691
f 2118//634 1959//633 2119//632
f 2119//634 1959//634 1958//634
f 2119//692 1958//692 2120//692
f 2120//692 1958//635 1955//692
f 2120//636 1955//636 2121//693
f 2121//694 1955//694 1956//694
f 2121//695 1956//695 2122//695
f 2122//640 1956//640 1957//640
f 2122//642 1957//696 2110//642
f 2110//697 1957//697 1968//697
f 2110//644 1968//644 2111//644
f 2111//698 1968//699 1967//699
f 2111//646 1967//646 2112//646
f 2112//646 1967//646 1954//646
f 2112//700 1954//700 2113//700
f 2113//701 1954//701 1953//701
f 2113//702 1953//702 2123//702
f 2123//702 1953//702 1952//702
f 1867//583 2081//583 1860//583
f 1860//584 2081//584 2071//584
f 1860//703 2071//703 1861//703
f 1861//703 2071//586 2070//586
f 1861//587 2070//587 1863//587
f 1863//587 2070//587 2068//587
f 1863//588 2068//588 1864//588
f 1864//589 2068//589 2053//589
f 1864//658 2053//658 1868//591
f 1868//704 2053//592 2054//592
f 1868//705 2054//705 1869//705
f 1869//706 2054//707 2064//706
f 1869//595 2064//661 1870//661
f 1870//708 2064//596 2017//708
f 1870//709 2017//598 1882//598
f 1882//709 2017//709 2015//709
f 1882//601 2015//601 1883//601
f 1883//601 2015//601 2013//601
f 1883//602 2013//602 1884//602
f 1884//710 2013//710 2012//710
f 1884//605 2012//605 1885//605
f 1885//604 2012//604 2032//604
f 1885//711 2032//711 1886//711
f 1886//712 2032//667 2034//712
f 1886//608 2034//608 1887//608
f 1887//713 2034//713 2050//713
f 1887//610 2050//610 1899//610
f 1899//610 2050//610 2048//610
f 1899//611 2048//611 1900//611
f 1900//611 2048//611 2046//611
f 1900//612 2046//612 1901//612
f 1901//612 2046//612 2044//612
f 1901//77 2044//77 1908//77
f 1908//77 2044//77 2043//77
f 1908//615 2043//615 1909//615
f 1909//615 2043//615 2009//615
f 1909//616 2009//616 1910//616
f 1910//617 2009//617 2010//617
f 1910//618 2010//618 1888//618
f 1888//618 2010//618 2011//618
f 1888//619 2011//619 1889//619
f 1889//619 2011//619 2057//619
f 1889//620 2057//620 1890//620
f 1890//714 2057//714 2008//715
f 1890//622 2008//716 1873//622
f 1873//717 2008//716 2038//717
f 1873//623 2038//624 1872//623
f 1872//624 2038//623 2084//624
f 1872//625 2084//718 1871//625
f 1871//627 2084//688 2021//627
f 1871//34 2021//34 1915//34
f 1915//719 2021//719 2020//719
f 1915//629 2020//629 1913//629
f 1913//630 2020//630 2019//630
f 1913//720 2019//720 1876//720
f 1876//633 2019//633 2018//633
f 1876//39 2018//39 1898//39
f 1898//635 2018//635 2056//635
f 1898//693 2056//693 1881//636
f 1881//638 2056//638 2055//694
f 1881//639 2055//639 1854//639
f 1854//640 2055//640 2037//640
f 1854//45 2037//45 1855//45
f 1855//642 2037//642 2036//642
f 1855//643 2036//643 1856//643
f 1856//644 2036//644 2035//644
f 1856//645 2035//645 1865//645
f 1865//645 2035//645 2083//645
f 1865//648 2083//648 1866//648
f 1866//647 2083//647 2082//647
f 1866//649 2082//649 1867//649
f 1867//650 2082//650 2081//650
f 1851//651 2040//651 1878//651
f 1878//721 2040//721 2039//721
f 1878//585 2039//585 1879//585
f 1879//585 2039//585 2072//585
f 1879//587 2072//587 1880//587
f 1880//722 2072//722 2073//722
f 1880//656 2073//656 1874//656
f 1874//655 2073//654 2007//654
f 1874//723 2007//724 1875//724
f 1875//590 2007//658 2006//658
f 1875//593 2006//660 1877//593
f 1877//593 2006//593 2058//593
f 1877//661 2058//661 1911//661
f 1911//661 2058//661 2005//661
f 1911//709 2005//709 1912//709
f 1912//597 2005//597 2004//597
f 1912//725 2004//725 1914//725
f 1914//726 2004//726 2002//726
f 1914//602 2002//602 1916//602
f 1916//727 2002//727 2001//727
f 1916//665 2001//665 1917//665
f 1917//666 2001//666 2042//666
f 1917//728 2042//728 1902//728
f 1902//668 2042//668 2041//668
f 1902//669 2041//671 1903//671
f 1903//608 2041//608 2029//608
f 1903//672 2029//672 1918//672
f 1918//672 2029//672 2028//672
f 1918//673 2028//673 1919//673
f 1919//729 2028//729 2027//729
f 1919//612 2027//612 1920//612
f 1920//612 2027//612 2026//612
f 1920//614 2026//614 1893//614
f 1893//614 2026//614 2025//614
f 1893//676 2025//676 1894//676
f 1894//615 2025//615 2024//615
f 1894//678 2024//678 1904//678
f 1904//677 2024//677 1998//677
f 1904//618 1998//618 1905//618
f 1905//618 1998//618 1997//618
f 1905//619 1997//619 1895//619
f 1895//730 1997//730 1996//730
f 1895//731 1996//731 1896//731
f 1896//683 1996//683 1995//683
f 1896//684 1995//59 1897//59
f 1897//685 1995//684 2023//684
f 1897//732 2023//732 1906//732
f 1906//733 2023//733 2022//733
f 1906//734 2022//734 1907//734
f 1907//627 2022//627 2000//735
f 1907//736 2000//736 1892//736
f 1892//737 2000//737 1999//737
f 1892//691 1999//691 1891//691
f 1891//691 1999//691 2080//691
f 1891//634 2080//634 1857//720
f 1857//720 2080//720 2079//720
f 1857//692 2079//738 1858//738
f 1858//39 2079//635 2078//635
f 1858//636 2078//636 1859//693
f 1859//694 2078//694 2077//694
f 1859//695 2077//695 1847//695
f 1847//695 2077//695 2086//695
f 1847//642 2086//696 1848//642
f 1848//739 2086//696 2085//739
f 1848//740 2085//740 1852//740
f 1852//644 2085//644 2076//644
f 1852//646 2076//646 1853//646
f 1853//646 2076//646 2075//646
f 1853//700 2075//700 1850//700
f 1850//701 2075//701 2074//701
f 1850//702 2074//702 1851//702
f 1851//702 2074//702 2040//702
f 2179//741 2180//741 2181//741
f 1845//742 1849//742 2181//742
f 2181//743 1849//743 2182//743
f 2181//744 2182//744 2179//744
f 2180//745 2179//745 2183//745
f 2183//746 2179//746 2184//746
f 2183//747 2184//747 2185//748
f 2185//749 2184//749 2186//749
f 2186//750 2184//750 2187//750
f 2186//751 2187//751 2188//751
f 2188//752 2187//752 2189//753
f 2188//754 2189//754 2190//755
f 2190//756 2189//756 2191//756
f 2190//757 2191//757 2192//757
f 2192//758 2191//759 2193//758
f 2192//760 2193//760 2194//760
f 2194//761 2193//761 2195//761
f 2194//762 2195//762 2196//763
f 2196//764 2195//764 2197//764
f 2196//765 2197//765 2198//765
f 2198//766 2197//766 2199//766
f 2199//767 2197//768 2200//767
f 2199//769 2200//769 2201//770
f 2201//771 2200//771 2202//771
f 2202//772 2200//772 2203//772
f 2202//773 2203//773 2204//773
f 2204//774 2203//774 2205//774
f 2205//775 2203//775 2206//776
f 2205//777 2206//777 2207//778
f 2207//779 2206//779 2208//779
f 2208//780 2206//780 1698//780
f 2208//781 1698//781 1692//781
f 1843//782 1845//782 2209//782
f 2209//782 1845//782 2181//782
f 2209//783 2181//783 2210//783
f 2210//784 2181//784 2180//784
f 2210//785 2180//785 2211//785
f 2180//785 2183//785 2211//785
f 2211//786 2183//786 2185//786
f 2211//787 2185//787 2212//787
f 2212//788 2185//788 2213//788
f 2185//789 2186//789 2213//789
f 2213//790 2186//790 2188//790
f 2213//791 2188//791 2214//792
f 2214//793 2188//793 2190//793
f 2214//794 2190//794 2215//794
f 2215//795 2190//795 2192//795
f 2215//796 2192//797 2216//797
f 2216//798 2192//799 2194//798
f 2216//800 2194//800 2217//800
f 2217//801 2194//802 2196//801
f 2217//803 2196//804 2218//804
f 2218//805 2196//805 2198//805
f 2218//806 2198//806 2199//806
f 2219//807 2220//807 2202//807
f 2202//808 2220//808 2221//808
f 2202//809 2221//810 2201//809
f 2201//811 2221//811 2222//811
f 2201//812 2222//812 2199//813
f 2199//814 2222//814 2223//814
f 2199//815 2223//815 2218//815
f 2205//816 2207//816 2224//816
f 2202//817 2204//818 2219//817
f 2219//819 2204//819 2205//819
f 2219//820 2205//820 2225//821
f 2225//822 2205//822 2224//822
f 2207//823 2208//823 2224//823
f 2224//824 2208//824 1692//824
f 2224//825 1692//825 1689//825
f 2226//826 2227//826 2193//826
f 2193//827 2227//827 2228//827
f 2193//828 2228//828 2195//828
f 2195//723 2228//723 2229//592
f 2195//659 2229//659 2197//591
f 2197//829 2229//829 2230//829
f 2197//594 2230//660 2200//660
f 2200//596 2230//596 2231//596
f 2200//830 2231//830 2203//830
f 2203//831 2231//597 2232//831
f 2203//832 2232//832 2206//832
f 2206//662 2232//662 1688//662
f 2206//601 1688//601 1698//601
f 2193//833 2191//834 2226//826
f 2226//835 2191//835 2189//835
f 2226//836 2189//836 2233//836
f 2233//837 2189//837 2234//837
f 2189//838 2187//838 2234//838
f 2234//839 2187//839 2184//839
f 2234//840 2184//840 2235//840
f 2235//841 2184//841 2236//841
f 2182//842 1849//842 1921//842
f 2184//843 2179//843 2236//843
f 2236//844 2179//844 2182//844
f 2236//844 2182//844 2237//845
f 2237//846 2182//846 1921//846
f 1921//847 1843//847 2237//847
f 2237//848 1843//848 2209//848
f 2237//849 2209//849 2236//849
f 2236//850 2209//850 2210//850
f 2236//851 2210//851 2235//851
f 2235//852 2210//852 2211//852
f 2235//853 2211//854 2234//853
f 2234//855 2211//856 2212//855
f 2234//857 2212//857 2233//857
f 2212//858 2213//858 2233//858
f 2233//859 2213//859 2214//859
f 2233//860 2214//860 2226//860
f 2226//861 2214//861 2227//861
f 2214//862 2215//863 2227//862
f 2227//864 2215//864 2216//864
f 2227//865 2216//865 2228//865
f 2228//866 2216//866 2229//866
f 2216//867 2217//867 2229//867
f 2229//868 2217//868 2218//868
f 2229//869 2218//869 2230//869
f 2218//870 2223//870 2230//870
f 2230//871 2223//871 2222//871
f 2230//872 2222//872 2231//872
f 2222//873 2221//873 2231//873
f 2231//874 2221//874 2220//874
f 2231//875 2220//876 2232//877
f 2220//878 2219//878 2232//878
f 2232//879 2219//879 2225//880
f 2232//881 2225//881 1688//881
f 1688//882 2225//882 2224//882
f 1688//883 2224//883 1689//883
f 1649//884 2090//884 1650//884
f 1650//885 2090//885 2097//885
f 1650//886 2097//886 1651//886
f 1651//887 2097//887 1652//887
f 1652//888 2097//888 2099//888
f 1652//889 2099//889 1653//889
f 2101//890 1655//890 2099//890
f 2099//891 1655//891 1654//891
f 2099//892 1654//892 1653//892
f 1659//893 1658//893 2116//893
f 2116//894 1658//894 1657//894
f 2116//895 1657//895 2101//895
f 2101//896 1657//896 1656//896
f 2101//897 1656//897 1655//897
f 1659//898 2116//898 1660//898
f 1660//899 2116//900 2115//900
f 1660//901 2115//901 1661//901
f 1661//902 2115//902 1662//902
f 1662//903 2115//903 2164//903
f 1662//904 2164//905 1663//905
f 1633//906 1632//906 2163//906
f 2163//907 1632//907 1631//907
f 2163//908 1631//909 2164//909
f 2164//910 1631//910 1630//910
f 2164//911 1630//911 1663//911
f 1633//912 2163//912 1634//912
f 1634//913 2163//913 2161//913
f 1634//914 2161//914 1635//914
f 1635//915 2161//915 1636//915
f 1636//916 2161//916 2159//916
f 1636//917 2159//917 1637//917
f 1639//918 2157//918 1640//919
f 1640//920 2157//920 2155//920
f 1644//921 1643//921 2169//921
f 2169//922 1643//922 1642//922
f 2169//923 1642//923 2155//923
f 2155//924 1642//924 1641//925
f 2155//926 1641//927 1640//926
f 1644//928 2169//929 1645//929
f 1645//930 2169//930 2168//930
f 1645//931 2168//932 1646//932
f 1646//933 2168//933 1647//933
f 1647//934 2168//934 2166//934
f 1647//935 2166//935 1648//935
f 1619//936 1618//936 2165//936
f 2165//937 1618//937 1616//937
f 2165//938 1616//938 2166//939
f 2166//940 1616//940 1615//940
f 2166//941 1615//941 1648//941
f 1624//942 1623//942 2172//942
f 2172//943 1623//943 1622//943
f 2172//944 1622//944 2142//944
f 2142//945 1622//946 1621//946
f 2142//947 1621//947 2165//947
f 2165//948 1621//949 1620//948
f 2165//950 1620//951 1619//950
f 1624//952 2172//952 1625//952
f 1625//953 2172//953 2171//953
f 1625//954 2171//954 1626//954
f 1626//955 2171//955 1627//955
f 1627//956 2171//956 2087//956
f 1627//957 2087//957 1677//957
f 1752//958 2003//958 1753//958
f 1753//959 2003//959 2045//959
f 1753//960 2045//960 1754//960
f 1754//961 2045//961 1755//962
f 1755//963 2045//963 2047//963
f 1755//964 2047//964 1756//964
f 2049//965 1758//965 2047//965
f 2047//966 1758//967 1757//966
f 2047//968 1757//968 1756//969
f 1762//970 1761//970 2061//971
f 2061//972 1761//973 1760//973
f 2061//974 1760//974 2049//974
f 2049//975 1760//976 1759//976
f 2049//977 1759//977 1758//977
f 1762//978 2061//978 1700//979
f 1700//980 2061//981 2060//981
f 1700//982 2060//982 1701//983
f 1701//984 2060//984 1713//984
f 1713//985 2060//985 2059//986
f 1713//987 2059//988 1714//988
f 1718//989 1717//990 2033//989
f 2033//991 1717//991 1716//991
f 2033//992 1716//993 2059//992
f 2059//994 1716//994 1715//995
f 2059//996 1715//996 1714//996
f 1718//997 2033//997 1719//998
f 1719//999 2033//999 2031//999
f 1719//1000 2031//1000 1720//1001
f 1720//1002 2031//1002 1721//1002
f 1721//1003 2031//1003 2030//1003
f 1721//1004 2030//1004 1724//1004
f 1725//1005 2014//1005 1726//1005
f 1726//1006 2014//1006 2016//1006
f 1728//1007 1727//1007 2066//1007
f 2066//1008 1727//1008 1723//1009
f 2066//1010 1723//1010 2016//1010
f 2016//1011 1723//1011 1722//1011
f 2016//1012 1722//1012 1726//1012
f 1728//1013 2066//1013 1729//1013
f 1729//1014 2066//1015 2065//1015
f 1729//1016 2065//1017 1730//1017
f 1730//1018 2065//1018 1731//1019
f 1731//1020 2065//1020 2063//1020
f 1731//1021 2063//1021 1732//1022
f 1742//1023 1741//1023 2062//1023
f 2062//1024 1741//1024 1740//1024
f 2062//1025 1740//1025 2063//1025
f 2063//1026 1740//1026 1739//1026
f 2063//1027 1739//1028 1732//1028
f 1747//1029 1746//1029 2051//1029
f 2051//1030 1746//1030 1745//1030
f 2051//1031 1745//1031 2052//1032
f 2052//1033 1745//1033 1744//1033
f 2052//1034 1744//1034 2062//1034
f 2062//1035 1744//1035 1743//1036
f 2062//1037 1743//1037 1742//1037
f 1747//1038 2051//1038 1748//1038
f 1748//1039 2051//1039 2067//1039
f 1748//1040 2067//1040 1749//1040
f 1749//1041 2067//1041 1750//1041
f 1750//1042 2067//1042 2069//1042
f 1750//1043 2069//1043 1751//1043
f 2238//1044 1690//1044 2239//1044
f 2239//1045 1690//1045 1614//1045
f 2239//1046 1614//1046 2240//1046
f 2240//1046 1614//1046 1590//1046
f 2240//1047 1590//1047 2241//1047
f 2241//1048 1590//1048 1685//1048
f 2241//1049 1685//1049 2238//1049
f 2238//1050 1685//1050 1690//1050
f 2242//1051 2243//1051 2244//1051
f 2242//1051 2244//1051 2245//1051
f 2245//1052 2244//1052 2246//1052
f 2245//1052 2246//1052 2247//1052
f 2247//1053 2246//1053 2248//1053
f 2247//1054 2248//1054 2249//1054
f 2249//1055 2248//1055 2250//1055
f 2249//1056 2250//1056 2251//1056
f 2251//1057 2250//1057 2252//1057
f 2251//1057 2252//1057 2253//1057
f 2253//1058 2252//1058 2254//1058
f 2253//1058 2254//1058 2255//1058
f 2255//1059 2254//1059 2256//1059
f 2255//1059 2256//1059 2257//1059
f 2257//1060 2256//1060 2258//1060
f 2257//1060 2258//1060 2259//1060
f 2259//1061 2258//1061 2260//1061
f 2259//1061 2260//1061 2261//1061
f 2262//1051 2263//1051 2264//1051
f 2262//1051 2264//1051 2265//1051
f 2265//1052 2264//1052 2266//1052
f 2265//1052 2266//1052 2267//1052
f 2267//1062 2266//1062 2268//1062
f 2267//1053 2268//1053 2269//1053
f 2269//1055 2268//1055 2270//1055
f 2269//1055 2270//1055 2271//1055
f 2271//1057 2270//1057 2272//1057
f 2271//1057 2272//1057 2273//1057
f 2273//1058 2272//1058 2274//1058
f 2273//1058 2274//1058 2275//1058
f 2275//1059 2274//1059 2276//1059
f 2275//1059 2276//1059 2277//1059
f 2277//1060 2276//1060 2278//1060
f 2277//1060 2278//1060 2279//1060
f 2279//1061 2278//1061 2280//1061
f 2279//1061 2280//1061 2281//1061
f 2282//1063 2283//1063 2284//1063
f 2282//1063 2284//1063 2285//1063
f 2285//1064 2284//1064 2286//1064
f 2285//1064 2286//1064 2287//1064
f 2287//1065 2286//1065 2288//1065
f 2287//1065 2288//1065 2289//1065
f 2289//1066 2288//1066 2290//1066
f 2289//1067 2290//1067 2291//1067
f 2291//1068 2290//1068 2292//1068
f 2291//1068 2292//1068 2293//1068
f 2293//1069 2292//1069 2294//1069
f 2293//1069 2294//1069 2295//1069
f 2295//1070 2294//1070 2296//1070
f 2295//1070 2296//1070 2297//1070
f 2297//1071 2296//1071 2298//1071
f 2297//1071 2298//1071 2299//1071
f 2299//1072 2298//1072 2300//1072
f 2299//1073 2300//1073 2301//1073
f 2302//1063 2303//1063 2304//1063
f 2302//1063 2304//1063 2305//1063
f 2305//1064 2304//1064 2306//1064
f 2305//1064 2306//1064 2307//1064
f 2307//1065 2306//1065 2308//1065
f 2307//1065 2308//1065 2309//1065
f 2309//1067 2308//1067 2310//1067
f 2309//1067 2310//1067 2311//1067
f 2311//1068 2310//1068 2312//1068
f 2311//1068 2312//1068 2313//1068
f 2313//1069 2312//1069 2314//1069
f 2313//1069 2314//1069 2315//1069
f 2315//1070 2314//1070 2316//1070
f 2315//1070 2316//1070 2317//1070
f 2317//1071 2316//1071 2318//1071
f 2317//1071 2318//1071 2319//1071
f 2319//1072 2318//1072 2320//1072
f 2319//1072 2320//1072 2321//1072
f 2322//1074 2323//1074 2324//1074
f 2322//1074 2324//1074 2325//1074
f 2325//1075 2324//1075 2326//1075
f 2325//1075 2326//1075 2327//1075
f 2263//1076 2262//1076 2328//1076
f 2243//1076 2242//1076 2329//1076
f 2329//1077 2242//1077 2327//1077
f 2329//1078 2327//1078 2328//1078
f 2328//1078 2327//1078 2326//1078
f 2328//1079 2326//1079 2263//1079
f 2283//1080 2282//1080 2330//1080
f 2303//1080 2302//1080 2331//1080
f 2331//1081 2302//1081 2332//1081
f 2331//1080 2332//1080 2330//1080
f 2330//1080 2332//1080 2333//1080
f 2330//1082 2333//1082 2283//1082
f 2333//1083 2332//1083 2334//1083
f 2334//1083 2332//1083 2335//1083
f 2334//1084 2335//1084 2336//1084
f 2336//1085 2335//1085 2337//1085
f 2336//1086 2337//1086 2338//1086
f 2338//1086 2337//1086 2339//1086
f 1685//1087 2338//1087 1690//1087
f 1690//1087 2338//1087 2339//1087
f 2340//1088 2341//1088 2342//1088
f 2340//1088 2342//1088 2343//1088
f 2343//1089 2342//1089 2344//1089
f 2343//1089 2344//1089 2345//1089
f 2345//1090 2344//1090 2346//1090
f 2345//1090 2346//1090 2347//1090
f 2347//1091 2346//1091 2348//1091
f 2347//1091 2348//1091 2349//1091
f 2349//1092 2348//1092 2350//1092
f 2349//1092 2350//1092 2351//1092
f 2351//1093 2350//1093 2352//1093
f 2351//1093 2352//1093 2353//1093
f 2353//1094 2352//1094 2354//1094
f 2353//1094 2354//1094 2355//1094
f 2355//1095 2354//1095 2356//1095
f 2355//1095 2356//1095 2357//1095
f 2357//1096 2356//1096 2358//1096
f 2357//1096 2358//1096 2359//1096
f 2359//1097 2358//1097 2360//1097
f 2359//1097 2360//1097 2361//1097
f 2361//1098 2360//1098 2323//1098
f 2361//1098 2323//1098 2322//1098
f 2362//1099 2363//1099 2364//1099
f 2364//1099 2363//1099 2365//1099
f 2364//1100 2365//1100 2366//1100
f 2366//1100 2365//1100 2367//1100
f 2366//1101 2367//1101 2368//1101
f 2368//1101 2367//1101 2369//1101
f 2368//1102 2369//1102 2370//1102
f 2370//1102 2369//1102 2371//1102
f 2370//1103 2371//1103 2372//1103
f 2372//1103 2371//1103 2373//1103
f 2372//1104 2373//1104 2374//1104
f 2374//1105 2373//1105 2375//1105
f 2374//1106 2375//1106 2376//1106
f 2376//1106 2375//1106 2377//1106
f 2376//1107 2377//1107 2378//1107
f 2378//1107 2377//1107 2379//1107
f 2380//1108 2381//1108 2382//1108
f 2382//1108 2381//1108 2383//1108
f 2382//1109 2383//1109 2384//1109
f 2384//1110 2383//1110 2385//1110
f 2384//1111 2385//1111 2386//1111
f 2386//1111 2385//1111 2387//1111
f 2386//1112 2387//1113 2388//1112
f 2388//1114 2387//1114 2389//1114
f 2388//1115 2389//1115 2390//1115
f 2390//1115 2389//1115 2391//1115
f 2390//1116 2391//1116 2392//1116
f 2392//1116 2391//1116 2393//1116
f 2392//1117 2393//1117 2394//1117
f 2394//1117 2393//1117 2395//1117
f 2394//1118 2395//1118 2396//1118
f 2396//1118 2395//1118 2397//1118
f 2396//1119 2397//1119 2398//1119
f 2398//1119 2397//1119 2399//1119
f 2398//1120 2399//1120 2400//1120
f 2400//1121 2399//1121 2401//1121
f 2400//1122 2401//1122 2402//1122
f 2402//1122 2401//1122 2403//1122
f 2404//1123 2405//1123 2406//1124
f 2406//1124 2405//1124 2407//1124
f 2408//1125 2409//1125 2410//1125
f 2410//1125 2409//1125 2411//1125
f 2410//1126 2411//1126 2412//1126
f 2412//1126 2411//1126 2413//1126
f 2412//1051 2413//1051 2414//1051
f 2414//1127 2413//1127 2415//1127
f 2414//1128 2415//1128 2416//1128
f 2416//1129 2415//1130 2417//1130
f 2416//1131 2417//1131 2418//1131
f 2418//1132 2417//1132 2419//1132
f 2418//1133 2419//1133 2420//1133
f 2420//1134 2419//1134 2421//1134
f 2420//1135 2421//1136 2422//1135
f 2422//1135 2421//1136 2423//1136
f 2422//1137 2423//1137 2424//1137
f 2424//1137 2423//1137 2425//1137
f 2424//1138 2425//1138 2426//1138
f 2426//1138 2425//1138 2427//1138
f 2426//1139 2427//1139 2404//1139
f 2404//1140 2427//1140 2405//1140
f 2428//107 2429//107 2430//107
f 2380//107 2382//107 2402//107
f 2402//107 2382//107 2384//107
f 2402//107 2384//107 2386//107
f 2429//107 2431//107 2430//107
f 2430//107 2431//107 2432//107
f 2430//107 2432//107 2433//107
f 2433//107 2434//107 2430//107
f 2430//107 2434//107 2435//107
f 2430//107 2435//107 2436//107
f 2436//107 2435//107 2437//107
f 2436//107 2437//107 2438//107
f 2386//107 2388//107 2390//107
f 2390//107 2392//107 2386//107
f 2386//107 2392//107 2394//107
f 2386//107 2394//107 2396//107
f 2396//107 2398//107 2386//107
f 2386//107 2398//107 2400//107
f 2386//107 2400//107 2402//107
f 2380//107 2372//107 2374//107
f 2374//107 2376//107 2380//107
f 2380//107 2376//107 2378//107
f 2380//107 2378//107 2439//107
f 2439//107 2378//107 2436//107
f 2439//107 2436//107 2440//107
f 2440//107 2436//107 2438//107
f 2402//107 2362//107 2380//107
f 2380//107 2362//107 2364//107
f 2380//107 2364//107 2366//107
f 2408//107 2424//107 2426//107
f 2441//107 2442//107 2430//107
f 2430//107 2442//107 2443//107
f 2430//107 2443//107 2428//107
f 2416//107 2410//107 2414//107
f 2414//107 2410//107 2412//107
f 2416//107 2418//107 2410//107
f 2410//107 2418//107 2420//107
f 2410//107 2420//107 2408//107
f 2408//107 2420//107 2422//107
f 2408//107 2422//107 2424//107
f 2426//107 2404//107 2408//107
f 2408//107 2404//107 2406//107
f 2408//107 2406//107 2430//107
f 2430//107 2406//107 2444//107
f 2430//107 2444//107 2441//107
f 2366//107 2368//107 2380//107
f 2380//107 2368//107 2370//107
f 2380//107 2370//107 2372//107
f 2430//1141 2436//1141 2445//1141
f 2445//1141 2436//1141 2446//1141
f 2430//1142 2445//1142 2408//1142
f 2408//1142 2445//1142 2409//1142
f 2447//1143 2448//1143 2431//1143
f 2431//1143 2448//1143 2432//1143
f 2432//1144 2448//1144 2449//1144
f 2432//1144 2449//1144 2433//1144
f 2433//1145 2449//1145 2450//1145
f 2433//1145 2450//1145 2434//1145
f 2434//1146 2450//1146 2451//1146
f 2434//1146 2451//1146 2435//1146
f 2435//1147 2451//1147 2452//1147
f 2435//1147 2452//1147 2437//1147
f 2437//1148 2452//1148 2453//1148
f 2437//1148 2453//1148 2438//1148
f 2438//1149 2453//1149 2454//1149
f 2438//1149 2454//1149 2440//1149
f 2440//1150 2454//1150 2455//1150
f 2440//1150 2455//1150 2439//1150
f 2439//1151 2455//1151 2381//1151
f 2439//1151 2381//1151 2380//1151
f 2403//1152 2363//1152 2402//1152
f 2402//1152 2363//1152 2362//1152
f 2379//1153 2446//1153 2378//1153
f 2378//1153 2446//1153 2436//1153
f 2456//1107 2457//1107 2458//1107
f 2458//1107 2457//1107 2459//1107
f 2458//1106 2459//1106 2460//1106
f 2460//1106 2459//1106 2461//1106
f 2460//1105 2461//1105 2462//1105
f 2462//1104 2461//1104 2463//1104
f 2462//1103 2463//1103 2464//1103
f 2464//1103 2463//1103 2465//1103
f 2464//1102 2465//1102 2466//1102
f 2466//1102 2465//1102 2467//1102
f 2466//1101 2467//1101 2468//1101
f 2468//1101 2467//1101 2469//1101
f 2468//1100 2469//1100 2470//1100
f 2470//1154 2469//1155 2471//1155
f 2470//1099 2471//1099 2472//1099
f 2472//1099 2471//1099 2473//1099
f 2474//1122 2475//1122 2476//1122
f 2476//1122 2475//1122 2477//1122
f 2476//1120 2477//1120 2478//1120
f 2478//1120 2477//1120 2479//1120
f 2478//1119 2479//1119 2480//1119
f 2480//1119 2479//1119 2481//1119
f 2480//1118 2481//1118 2482//1118
f 2482//1118 2481//1118 2483//1118
f 2482//1117 2483//1117 2484//1117
f 2484//1117 2483//1117 2485//1117
f 2484//1116 2485//1116 2486//1116
f 2486//1116 2485//1116 2487//1116
f 2486//1156 2487//1156 2488//1156
f 2488//1115 2487//1115 2489//1115
f 2488//1157 2489//1113 2490//1157
f 2490//1158 2489//1158 2491//1158
f 2490//1111 2491//1111 2492//1111
f 2492//1111 2491//1111 2493//1111
f 2492//1159 2493//1159 2494//1159
f 2494//1160 2493//1159 2495//1159
f 2494//1108 2495//1108 2496//1108
f 2496//1108 2495//1108 2497//1108
f 2498//1161 2499//1161 2500//1161
f 2500//1161 2499//1161 2501//1161
f 2500//1162 2501//1162 2502//1162
f 2502//1162 2501//1162 2503//1162
f 2502//1163 2503//1163 2504//1163
f 2504//1163 2503//1163 2505//1163
f 2504//1164 2505//1164 2506//1164
f 2506//1165 2505//1165 2507//1165
f 2506//1166 2507//1166 2508//1166
f 2508//1167 2507//1167 2509//1167
f 2508//1168 2509//1168 2510//1168
f 2510//1168 2509//1168 2511//1168
f 2510//1169 2511//1169 2512//1169
f 2512//1169 2511//1169 2513//1169
f 2512//1140 2513//1140 2514//1140
f 2514//1139 2513//1139 2515//1139
f 2514//1138 2515//1138 2516//1138
f 2516//1138 2515//1138 2517//1138
f 2516//1137 2517//1137 2518//1137
f 2518//1137 2517//1137 2519//1137
f 2518//1135 2519//1136 2520//1135
f 2520//1135 2519//1136 2521//1136
f 2520//1133 2521//1133 2522//1133
f 2522//1134 2521//1134 2523//1134
f 2522//1132 2523//1132 2524//1132
f 2524//1132 2523//1132 2525//1132
f 2524//1130 2525//1130 2526//1130
f 2526//1128 2525//1128 2527//1130
f 2526//1127 2527//1127 2528//1127
f 2528//1127 2527//1127 2529//1127
f 2528//1126 2529//1126 2530//1126
f 2530//1126 2529//1126 2531//1126
f 2530//1125 2531//1125 2532//1125
f 2532//1125 2531//1125 2533//1125
f 2472//108 2474//108 2496//108
f 2472//108 2496//108 2470//108
f 2500//108 2502//108 2532//108
f 2534//108 2535//108 2536//108
f 2535//108 2537//108 2536//108
f 2536//108 2537//108 2538//108
f 2536//108 2538//108 2539//108
f 2539//108 2538//108 2540//108
f 2540//108 2541//108 2539//108
f 2539//108 2541//108 2542//108
f 2539//108 2542//108 2532//108
f 2532//108 2542//108 2498//108
f 2532//108 2498//108 2500//108
f 2496//108 2456//108 2458//108
f 2490//108 2492//108 2474//108
f 2474//108 2492//108 2494//108
f 2474//108 2494//108 2496//108
f 2456//108 2496//108 2536//108
f 2536//108 2496//108 2543//108
f 2536//108 2543//108 2534//108
f 2476//108 2478//108 2480//108
f 2508//108 2510//108 2532//108
f 2532//108 2510//108 2512//108
f 2532//108 2512//108 2514//108
f 2458//108 2460//108 2496//108
f 2496//108 2460//108 2462//108
f 2496//108 2462//108 2464//108
f 2464//108 2466//108 2496//108
f 2496//108 2466//108 2468//108
f 2496//108 2468//108 2470//108
f 2476//108 2480//108 2474//108
f 2474//108 2480//108 2482//108
f 2474//108 2482//108 2484//108
f 2484//108 2486//108 2474//108
f 2474//108 2486//108 2488//108
f 2474//108 2488//108 2490//108
f 2502//108 2504//108 2532//108
f 2532//108 2504//108 2506//108
f 2532//108 2506//108 2508//108
f 2526//108 2514//108 2516//108
f 2526//108 2528//108 2514//108
f 2514//108 2528//108 2530//108
f 2514//108 2530//108 2532//108
f 2522//108 2524//108 2520//108
f 2520//108 2524//108 2526//108
f 2520//108 2526//108 2518//108
f 2518//108 2526//108 2516//108
f 2474//1152 2472//1152 2475//1152
f 2475//1152 2472//1152 2473//1152
f 2496//1151 2497//1151 2544//1151
f 2496//1151 2544//1151 2543//1151
f 2543//1150 2544//1150 2545//1150
f 2543//1150 2545//1150 2534//1150
f 2534//1149 2545//1149 2546//1149
f 2534//1149 2546//1149 2535//1149
f 2535//1148 2546//1148 2547//1148
f 2535//1148 2547//1148 2537//1148
f 2537//1147 2547//1147 2548//1147
f 2537//1147 2548//1147 2538//1147
f 2538//1146 2548//1146 2549//1146
f 2538//1146 2549//1146 2540//1146
f 2540//1145 2549//1145 2550//1145
f 2540//1145 2550//1145 2541//1145
f 2541//1144 2550//1144 2551//1144
f 2541//1144 2551//1144 2542//1144
f 2551//1143 2499//1143 2542//1143
f 2542//1143 2499//1143 2498//1143
f 2532//1142 2533//1142 2539//1142
f 2539//1142 2533//1142 2552//1142
f 2536//1141 2539//1141 2553//1141
f 2553//1141 2539//1141 2552//1141
f 2553//1153 2457//1153 2536//1153
f 2536//1153 2457//1153 2456//1153
f 2554//1170 2555//1170 2556//1170
f 2556//1170 2555//1170 2557//1170
f 2556//1171 2557//1171 2558//1171
f 2558//1171 2557//1172 2559//1171
f 2558//1173 2559//1173 2560//1173
f 2560//1173 2559//1173 2561//1173
f 2560//1174 2561//1174 2562//1174
f 2562//1174 2561//1174 2563//1174
f 2562//1175 2563//1175 2564//1175
f 2564//1176 2563//1176 2565//1176
f 2564//1177 2565//1177 2566//1177
f 2566//1177 2565//1177 2567//1177
f 2566//1178 2567//1178 2568//1178
f 2568//1178 2567//1178 2569//1178
f 2568//1179 2569//1179 2570//1179
f 2570//1180 2569//1180 2571//1180
f 2570//1181 2571//1181 2572//1181
f 2572//1182 2571//1183 2573//1183
f 2572//1184 2573//1184 2574//1184
f 2574//1184 2573//1184 2575//1184
f 2574//1185 2575//1185 2576//1185
f 2576//1185 2575//1185 2577//1185
f 2576//1186 2577//1186 2578//1186
f 2578//1187 2577//1187 2579//1187
f 2578//1188 2579//1188 2580//1188
f 2580//1189 2579//1189 2581//1189
f 2580//1190 2581//1190 2582//1190
f 2582//1191 2581//1191 2583//1191
f 2582//1192 2583//1192 2584//1192
f 2584//1193 2583//1193 2585//1193
f 2584//1194 2585//1194 2586//1194
f 2586//1194 2585//1194 2587//1194
f 2586//1195 2587//1195 2588//1195
f 2588//1196 2587//1196 2589//1196
f 2588//1197 2589//1197 2590//1197
f 2590//1198 2589//1198 2591//1198
f 2300//1199 2261//1199 2301//1199
f 2301//1199 2261//1199 2260//1199
f 2592//1170 2593//1170 2594//1170
f 2594//1170 2593//1170 2595//1170
f 2594//1200 2595//1200 2596//1200
f 2596//1200 2595//1200 2597//1200
f 2596//1201 2597//1202 2598//1201
f 2598//1201 2597//1203 2599//1203
f 2598//1204 2599//1204 2600//1204
f 2600//1205 2599//1205 2601//1205
f 2600//1206 2601//1206 2602//1206
f 2602//1206 2601//1206 2603//1206
f 2602//1207 2603//1207 2604//1207
f 2604//1207 2603//1207 2605//1207
f 2604//1208 2605//1208 2606//1208
f 2606//1208 2605//1208 2607//1208
f 2606//1209 2607//1209 2608//1209
f 2608//1210 2607//1210 2609//1210
f 2608//1211 2609//1211 2610//1211
f 2610//1211 2609//1211 2611//1211
f 2610//1212 2611//1212 2612//1212
f 2612//1184 2611//1184 2613//1184
f 2612//1213 2613//1213 2614//1213
f 2614//1213 2613//1213 2615//1213
f 2614//1187 2615//1214 2616//1187
f 2616//1214 2615//1187 2617//1187
f 2616//1215 2617//1215 2618//1215
f 2618//1216 2617//1216 2619//1216
f 2618//1191 2619//1191 2620//1191
f 2620//1191 2619//1191 2621//1191
f 2620//1217 2621//1217 2622//1217
f 2622//1193 2621//1217 2623//1217
f 2622//1218 2623//1218 2624//1218
f 2624//1218 2623//1218 2625//1218
f 2624//1219 2625//1219 2626//1219
f 2626//1219 2625//1219 2627//1219
f 2626//1197 2627//1197 2628//1197
f 2628//1197 2627//1197 2629//1197
f 2630//1170 2631//1170 2632//1170
f 2632//1170 2631//1170 2633//1170
f 2632//1171 2633//1171 2634//1171
f 2634//1171 2633//1171 2635//1171
f 2634//1220 2635//1220 2636//1220
f 2636//1173 2635//1201 2637//1201
f 2636//1221 2637//1221 2638//1221
f 2638//1222 2637//1222 2639//1222
f 2638//1223 2639//1175 2640//1223
f 2640//1223 2639//1175 2641//1175
f 2640//1177 2641//1177 2642//1177
f 2642//1177 2641//1177 2643//1177
f 2642//1224 2643//1224 2644//1224
f 2644//1225 2643//1225 2645//1225
f 2644//1179 2645//1179 2646//1179
f 2646//1180 2645//1180 2647//1180
f 2646//1181 2647//1181 2648//1181
f 2648//1181 2647//1181 2649//1181
f 2648//1226 2649//1226 2650//1226
f 2650//1184 2649//1184 2651//1184
f 2650//1185 2651//1185 2652//1185
f 2652//1185 2651//1185 2653//1185
f 2652//1187 2653//1187 2654//1187
f 2654//1186 2653//1186 2655//1186
f 2654//1188 2655//1188 2656//1188
f 2656//1189 2655//1189 2657//1189
f 2656//1191 2657//1190 2658//1191
f 2658//1190 2657//1190 2659//1190
f 2658//1193 2659//1193 2660//1193
f 2660//1192 2659//1193 2661//1193
f 2660//1227 2661//1227 2662//1227
f 2662//1194 2661//1194 2663//1194
f 2662//1196 2663//1196 2664//1196
f 2664//1228 2663//1228 2665//1228
f 2664//1197 2665//1197 2666//1197
f 2666//1198 2665//1198 2667//1198
f 2320//1199 2281//1199 2321//1199
f 2321//1199 2281//1199 2280//1199
f 2668//108 2669//108 2670//108
f 2509//108 1614//108 2511//108
f 2511//108 1614//108 2513//108
f 2509//108 2507//108 1614//108
f 1614//108 2507//108 2505//108
f 1614//108 2505//108 2671//108
f 2671//108 2505//108 2503//108
f 2521//108 2519//108 1690//108
f 1690//108 2519//108 2517//108
f 1690//108 2517//108 1614//108
f 1614//108 2517//108 2515//108
f 1614//108 2515//108 2513//108
f 2672//108 2302//108 2673//108
f 2673//108 2302//108 2305//108
f 2673//108 2305//108 2674//108
f 2674//108 2305//108 2307//108
f 2674//108 2307//108 2675//108
f 2675//108 2307//108 2309//108
f 2675//108 2309//108 2676//108
f 2676//108 2309//108 2311//108
f 2676//108 2311//108 2677//108
f 2324//108 2323//108 2663//108
f 2527//108 1690//108 2529//108
f 2529//108 1690//108 2531//108
f 2678//108 2679//108 2669//108
f 2669//108 2679//108 2680//108
f 2669//108 2680//108 2670//108
f 2615//108 2613//108 2323//108
f 2527//108 2525//108 1690//108
f 1690//108 2525//108 2523//108
f 1690//108 2523//108 2521//108
f 2672//108 2681//108 2302//108
f 2302//108 2681//108 2682//108
f 2302//108 2682//108 2678//108
f 2324//108 2663//108 2326//108
f 2326//108 2663//108 2661//108
f 2326//108 2661//108 2659//108
f 2605//108 2603//108 2683//108
f 2684//108 2667//108 2609//108
f 2609//108 2667//108 2665//108
f 2631//108 2280//108 2633//108
f 2633//108 2280//108 2278//108
f 2633//108 2278//108 2635//108
f 2311//108 2313//108 2677//108
f 2677//108 2313//108 2315//108
f 2677//108 2315//108 2685//108
f 2685//108 2315//108 2317//108
f 2685//108 2317//108 2686//108
f 2686//108 2317//108 2319//108
f 2686//108 2319//108 2631//108
f 2631//108 2319//108 2321//108
f 2631//108 2321//108 2280//108
f 2684//108 2609//108 2683//108
f 2683//108 2609//108 2607//108
f 2683//108 2607//108 2605//108
f 2659//108 2657//108 2326//108
f 2326//108 2657//108 2655//108
f 2326//108 2655//108 2263//108
f 2263//108 2655//108 2653//108
f 2263//108 2653//108 2651//108
f 2651//108 2649//108 2263//108
f 2263//108 2649//108 2647//108
f 2263//108 2647//108 2264//108
f 2264//108 2647//108 2645//108
f 2264//108 2645//108 2266//108
f 2266//108 2645//108 2643//108
f 2266//108 2643//108 2268//108
f 2268//108 2643//108 2641//108
f 2268//108 2641//108 2270//108
f 2270//108 2641//108 2639//108
f 2270//108 2639//108 2272//108
f 2272//108 2639//108 2637//108
f 2272//108 2637//108 2274//108
f 2274//108 2637//108 2635//108
f 2274//108 2635//108 2276//108
f 2276//108 2635//108 2278//108
f 2603//108 2601//108 2683//108
f 2683//108 2601//108 2599//108
f 2683//108 2599//108 2597//108
f 2687//108 2688//108 2670//108
f 2670//108 2688//108 2689//108
f 2670//108 2689//108 2668//108
f 2623//108 2621//108 2360//108
f 2360//108 2621//108 2619//108
f 2360//108 2619//108 2323//108
f 2323//108 2619//108 2617//108
f 2323//108 2617//108 2615//108
f 2665//108 2663//108 2609//108
f 2609//108 2663//108 2323//108
f 2609//108 2323//108 2611//108
f 2611//108 2323//108 2613//108
f 2597//108 2595//108 2683//108
f 2683//108 2595//108 2593//108
f 2683//108 2593//108 2690//108
f 2690//108 2593//108 2691//108
f 2690//108 2691//108 2670//108
f 2670//108 2691//108 2692//108
f 2670//108 2692//108 2687//108
f 2553//108 2552//108 1690//108
f 1690//108 2552//108 2533//108
f 1690//108 2533//108 2531//108
f 2678//108 2669//108 2302//108
f 2302//108 2669//108 2693//108
f 2302//108 2693//108 2332//108
f 2332//108 2693//108 2694//108
f 2332//108 2694//108 2695//108
f 2696//108 1690//108 2339//108
f 2471//108 2469//108 2696//108
f 2695//108 2697//108 2332//108
f 2332//108 2697//108 2698//108
f 2332//108 2698//108 2699//108
f 2699//108 2700//108 2332//108
f 2332//108 2700//108 2701//108
f 2332//108 2701//108 2335//108
f 2335//108 2701//108 2696//108
f 2335//108 2696//108 2337//108
f 2337//108 2696//108 2339//108
f 2471//108 2696//108 2473//108
f 2356//108 2495//108 2493//108
f 2469//108 2467//108 2696//108
f 2696//108 2467//108 2465//108
f 2696//108 2465//108 2463//108
f 2489//108 2487//108 2702//108
f 2487//108 2485//108 2702//108
f 2702//108 2485//108 2483//108
f 2702//108 2483//108 2481//108
f 2463//108 2461//108 2696//108
f 2696//108 2461//108 2459//108
f 2696//108 2459//108 1690//108
f 1690//108 2459//108 2457//108
f 1690//108 2457//108 2553//108
f 2623//108 2360//108 2625//108
f 2625//108 2360//108 2358//108
f 2625//108 2358//108 2627//108
f 2627//108 2358//108 2356//108
f 2627//108 2356//108 2629//108
f 2629//108 2356//108 2493//108
f 2629//108 2493//108 2702//108
f 2702//108 2493//108 2491//108
f 2702//108 2491//108 2489//108
f 2481//108 2479//108 2702//108
f 2702//108 2479//108 2477//108
f 2702//108 2477//108 2696//108
f 2696//108 2477//108 2475//108
f 2696//108 2475//108 2473//108
f 2503//108 2501//108 2671//108
f 2671//108 2501//108 2499//108
f 2671//108 2499//108 2341//108
f 2341//108 2499//108 2551//108
f 2341//108 2551//108 2342//108
f 2342//108 2551//108 2550//108
f 2342//108 2550//108 2344//108
f 2344//108 2550//108 2549//108
f 2344//108 2549//108 2346//108
f 2346//108 2549//108 2548//108
f 2346//108 2548//108 2348//108
f 2348//108 2548//108 2547//108
f 2348//108 2547//108 2350//108
f 2350//108 2547//108 2546//108
f 2350//108 2546//108 2352//108
f 2352//108 2546//108 2545//108
f 2352//108 2545//108 2354//108
f 2354//108 2545//108 2544//108
f 2354//108 2544//108 2356//108
f 2356//108 2544//108 2497//108
f 2356//108 2497//108 2495//108
f 1590//107 2703//107 2704//107
f 2704//107 2705//107 1590//107
f 1590//107 2705//107 2706//107
f 1590//107 2706//107 2407//107
f 2703//107 1590//107 2707//107
f 2707//107 1590//107 2708//107
f 2707//107 2708//107 2709//107
f 2588//107 2590//107 2710//107
f 2556//107 2259//107 2261//107
f 2711//107 2712//107 2586//107
f 2580//107 2582//107 2327//107
f 2556//107 2261//107 2554//107
f 2554//107 2261//107 2300//107
f 2554//107 2300//107 2713//107
f 2713//107 2300//107 2298//107
f 2713//107 2298//107 2714//107
f 2259//107 2556//107 2257//107
f 2257//107 2556//107 2558//107
f 2257//107 2558//107 2255//107
f 2255//107 2558//107 2560//107
f 2255//107 2560//107 2253//107
f 2253//107 2560//107 2251//107
f 2251//107 2560//107 2562//107
f 2251//107 2562//107 2249//107
f 2249//107 2562//107 2564//107
f 2249//107 2564//107 2247//107
f 2247//107 2564//107 2566//107
f 2247//107 2566//107 2245//107
f 2245//107 2566//107 2568//107
f 2245//107 2568//107 2242//107
f 2242//107 2568//107 2570//107
f 2242//107 2570//107 2572//107
f 2588//107 2710//107 2586//107
f 2586//107 2710//107 2715//107
f 2586//107 2715//107 2711//107
f 2399//107 2397//107 2628//107
f 2572//107 2574//107 2242//107
f 2242//107 2574//107 2576//107
f 2242//107 2576//107 2327//107
f 2327//107 2576//107 2578//107
f 2327//107 2578//107 2580//107
f 2618//107 2361//107 2616//107
f 2616//107 2361//107 2322//107
f 2616//107 2322//107 2614//107
f 2298//107 2296//107 2714//107
f 2714//107 2296//107 2294//107
f 2714//107 2294//107 2716//107
f 2716//107 2294//107 2292//107
f 2716//107 2292//107 2717//107
f 2717//107 2292//107 2290//107
f 2717//107 2290//107 2718//107
f 2718//107 2290//107 2288//107
f 2718//107 2288//107 2719//107
f 2719//107 2288//107 2286//107
f 2719//107 2286//107 2720//107
f 2720//107 2286//107 2284//107
f 2720//107 2284//107 2721//107
f 2721//107 2284//107 2283//107
f 2721//107 2283//107 2722//107
f 2722//107 2283//107 2723//107
f 2712//107 2724//107 2586//107
f 2586//107 2724//107 2725//107
f 2586//107 2725//107 2726//107
f 2327//107 2602//107 2604//107
f 2628//107 2397//107 2626//107
f 2387//107 2385//107 2357//107
f 2727//107 2728//107 2333//107
f 2333//107 2728//107 2729//107
f 2333//107 2729//107 2283//107
f 2283//107 2729//107 2730//107
f 2283//107 2730//107 2723//107
f 2604//107 2606//107 2327//107
f 2327//107 2606//107 2608//107
f 2327//107 2608//107 2325//107
f 2325//107 2608//107 2610//107
f 2325//107 2610//107 2322//107
f 2322//107 2610//107 2612//107
f 2322//107 2612//107 2614//107
f 2731//107 2732//107 2333//107
f 2333//107 2732//107 2733//107
f 2333//107 2733//107 2734//107
f 2333//107 2735//107 2710//107
f 2397//107 2395//107 2626//107
f 2626//107 2395//107 2393//107
f 2626//107 2393//107 2391//107
f 2387//107 2357//107 2389//107
f 2736//107 2403//107 2628//107
f 2628//107 2403//107 2401//107
f 2628//107 2401//107 2399//107
f 2373//107 2371//107 2737//107
f 2737//107 2371//107 2369//107
f 1685//107 2737//107 2338//107
f 2338//107 2737//107 2336//107
f 2734//107 2738//107 2333//107
f 2333//107 2738//107 2739//107
f 2333//107 2739//107 2735//107
f 2590//107 2740//107 2710//107
f 2710//107 2740//107 2741//107
f 2710//107 2741//107 2333//107
f 2333//107 2741//107 2742//107
f 2333//107 2742//107 2727//107
f 2602//107 2327//107 2600//107
f 2600//107 2327//107 2582//107
f 2600//107 2582//107 2598//107
f 2391//107 2389//107 2626//107
f 2626//107 2389//107 2357//107
f 2626//107 2357//107 2624//107
f 2624//107 2357//107 2359//107
f 2624//107 2359//107 2622//107
f 2622//107 2359//107 2361//107
f 2622//107 2361//107 2620//107
f 2620//107 2361//107 2618//107
f 2385//107 2383//107 2357//107
f 2357//107 2383//107 2381//107
f 2357//107 2381//107 2355//107
f 2355//107 2381//107 2455//107
f 2355//107 2455//107 2353//107
f 2353//107 2455//107 2454//107
f 2353//107 2454//107 2351//107
f 2351//107 2454//107 2453//107
f 2351//107 2453//107 2349//107
f 2349//107 2453//107 2452//107
f 2349//107 2452//107 2347//107
f 2347//107 2452//107 2451//107
f 2347//107 2451//107 2345//107
f 2345//107 2451//107 2450//107
f 2345//107 2450//107 2343//107
f 2343//107 2450//107 2449//107
f 2343//107 2449//107 2340//107
f 2340//107 2449//107 2448//107
f 2340//107 2448//107 2708//107
f 2708//107 2448//107 2447//107
f 2708//107 2447//107 2709//107
f 2369//107 2367//107 2737//107
f 2737//107 2367//107 2365//107
f 2737//107 2365//107 2736//107
f 2736//107 2365//107 2363//107
f 2736//107 2363//107 2403//107
f 2731//107 2333//107 2737//107
f 2737//107 2333//107 2334//107
f 2737//107 2334//107 2336//107
f 2726//107 2743//107 2586//107
f 2586//107 2743//107 2592//107
f 2586//107 2592//107 2584//107
f 2584//107 2592//107 2594//107
f 2584//107 2594//107 2582//107
f 2582//107 2594//107 2596//107
f 2582//107 2596//107 2598//107
f 2407//107 2405//107 1590//107
f 1590//107 2405//107 2427//107
f 1590//107 2427//107 1685//107
f 1685//107 2427//107 2425//107
f 1685//107 2425//107 2423//107
f 2423//107 2421//107 1685//107
f 1685//107 2421//107 2419//107
f 1685//107 2419//107 2417//107
f 2417//107 2415//107 1685//107
f 1685//107 2415//107 2413//107
f 1685//107 2413//107 2411//107
f 2411//107 2409//107 1685//107
f 1685//107 2409//107 2445//107
f 1685//107 2445//107 2446//107
f 2446//107 2379//107 1685//107
f 1685//107 2379//107 2377//107
f 1685//107 2377//107 2737//107
f 2737//107 2377//107 2375//107
f 2737//107 2375//107 2373//107
f 2330//1229 2744//1229 2331//1229
f 2331//1229 2744//1229 2745//1229
f 2303//107 2331//107 2745//107
f 2632//107 2281//107 2630//107
f 2630//107 2281//107 2320//107
f 2630//107 2320//107 2746//107
f 2746//107 2320//107 2318//107
f 2746//107 2318//107 2747//107
f 2748//107 2749//107 2303//107
f 2636//107 2275//107 2634//107
f 2634//107 2275//107 2277//107
f 2634//107 2277//107 2632//107
f 2632//107 2277//107 2279//107
f 2632//107 2279//107 2281//107
f 2666//107 2750//107 2745//107
f 2745//107 2750//107 2751//107
f 2745//107 2751//107 2752//107
f 2749//107 2753//107 2303//107
f 2303//107 2753//107 2754//107
f 2303//107 2754//107 2304//107
f 2304//107 2754//107 2755//107
f 2304//107 2755//107 2306//107
f 2306//107 2755//107 2756//107
f 2306//107 2756//107 2308//107
f 2308//107 2756//107 2757//107
f 2308//107 2757//107 2310//107
f 2310//107 2757//107 2758//107
f 2310//107 2758//107 2312//107
f 2312//107 2758//107 2759//107
f 2312//107 2759//107 2314//107
f 2314//107 2759//107 2747//107
f 2314//107 2747//107 2316//107
f 2316//107 2747//107 2318//107
f 2646//107 2262//107 2644//107
f 2644//107 2262//107 2265//107
f 2644//107 2265//107 2642//107
f 2642//107 2265//107 2267//107
f 2642//107 2267//107 2640//107
f 2640//107 2267//107 2269//107
f 2640//107 2269//107 2638//107
f 2638//107 2269//107 2271//107
f 2638//107 2271//107 2636//107
f 2636//107 2271//107 2273//107
f 2636//107 2273//107 2275//107
f 2652//107 2328//107 2650//107
f 2650//107 2328//107 2262//107
f 2650//107 2262//107 2648//107
f 2648//107 2262//107 2646//107
f 2652//107 2654//107 2328//107
f 2328//107 2654//107 2656//107
f 2328//107 2656//107 2658//107
f 2752//107 2760//107 2745//107
f 2745//107 2760//107 2761//107
f 2745//107 2761//107 2303//107
f 2303//107 2761//107 2762//107
f 2303//107 2762//107 2748//107
f 2658//107 2660//107 2328//107
f 2328//107 2660//107 2662//107
f 2328//107 2662//107 2745//107
f 2745//107 2662//107 2664//107
f 2745//107 2664//107 2666//107
f 2744//108 2330//108 2282//108
f 2282//108 2285//108 2763//108
f 2555//108 2260//108 2557//108
f 2557//108 2260//108 2258//108
f 2557//108 2258//108 2559//108
f 2763//108 2285//108 2764//108
f 2764//108 2285//108 2287//108
f 2764//108 2287//108 2765//108
f 2765//108 2287//108 2289//108
f 2765//108 2289//108 2766//108
f 2766//108 2289//108 2291//108
f 2766//108 2291//108 2767//108
f 2763//108 2768//108 2282//108
f 2282//108 2768//108 2769//108
f 2282//108 2769//108 2770//108
f 2291//108 2293//108 2767//108
f 2767//108 2293//108 2295//108
f 2767//108 2295//108 2771//108
f 2771//108 2295//108 2297//108
f 2771//108 2297//108 2772//108
f 2772//108 2297//108 2299//108
f 2772//108 2299//108 2555//108
f 2555//108 2299//108 2301//108
f 2555//108 2301//108 2260//108
f 2770//108 2773//108 2282//108
f 2282//108 2773//108 2774//108
f 2282//108 2774//108 2744//108
f 2744//108 2774//108 2775//108
f 2744//108 2775//108 2776//108
f 2776//108 2777//108 2744//108
f 2744//108 2777//108 2778//108
f 2744//108 2778//108 2779//108
f 2587//108 2329//108 2589//108
f 2589//108 2329//108 2744//108
f 2589//108 2744//108 2591//108
f 2591//108 2744//108 2779//108
f 2587//108 2585//108 2329//108
f 2329//108 2585//108 2583//108
f 2329//108 2583//108 2581//108
f 2581//108 2579//108 2329//108
f 2329//108 2579//108 2577//108
f 2329//108 2577//108 2243//108
f 2243//108 2577//108 2575//108
f 2258//108 2256//108 2559//108
f 2559//108 2256//108 2254//108
f 2559//108 2254//108 2561//108
f 2561//108 2254//108 2252//108
f 2561//108 2252//108 2563//108
f 2563//108 2252//108 2250//108
f 2563//108 2250//108 2565//108
f 2565//108 2250//108 2248//108
f 2565//108 2248//108 2567//108
f 2567//108 2248//108 2246//108
f 2567//108 2246//108 2569//108
f 2569//108 2246//108 2244//108
f 2569//108 2244//108 2571//108
f 2571//108 2244//108 2243//108
f 2571//108 2243//108 2573//108
f 2573//108 2243//108 2575//108
f 2328//1230 2745//1230 2329//1230
f 2329//1230 2745//1230 2744//1230
f 2666//1231 2667//1231 2750//1231
f 2750//1231 2667//1231 2684//1231
f 2750//1232 2684//1232 2751//1232
f 2751//1233 2684//1233 2683//1233
f 2751//1234 2683//1234 2752//1234
f 2752//1235 2683//1235 2690//1235
f 2752//1236 2690//1236 2760//1236
f 2760//1237 2690//1238 2670//1238
f 2760//1239 2670//1239 2761//1239
f 2761//1240 2670//1240 2680//1240
f 2761//1241 2680//1242 2762//1241
f 2762//1243 2680//1243 2679//1243
f 2762//1244 2679//1244 2748//1244
f 2748//1245 2679//1245 2678//1245
f 2748//1246 2678//1246 2749//1246
f 2749//1246 2678//1246 2682//1246
f 2749//1247 2682//1247 2753//1247
f 2753//1247 2682//1247 2681//1247
f 2753//1248 2681//1248 2754//1248
f 2754//1248 2681//1248 2672//1248
f 2754//1249 2672//1249 2755//1249
f 2755//1250 2672//1250 2673//1250
f 2755//1251 2673//1251 2756//1251
f 2756//1252 2673//1253 2674//1253
f 2756//1254 2674//1254 2757//1254
f 2757//1254 2674//1254 2675//1254
f 2757//1255 2675//1255 2758//1255
f 2758//1255 2675//1255 2676//1255
f 2758//1256 2676//1256 2759//1256
f 2759//1256 2676//1256 2677//1256
f 2759//1257 2677//1257 2747//1257
f 2747//1257 2677//1257 2685//1257
f 2747//1258 2685//1258 2746//1258
f 2746//1258 2685//1258 2686//1258
f 2746//1259 2686//1259 2630//1259
f 2630//1260 2686//1260 2631//1260
f 2628//1261 2629//1261 2736//1261
f 2736//1261 2629//1261 2702//1261
f 2736//1233 2702//1233 2737//1233
f 2737//1233 2702//1233 2696//1233
f 2737//1262 2696//1234 2731//1262
f 2731//1262 2696//1263 2701//1263
f 2731//1264 2701//1264 2732//1264
f 2732//1265 2701//1265 2700//1265
f 2732//1240 2700//1240 2733//1240
f 2733//1240 2700//1240 2699//1240
f 2733//1266 2699//1266 2734//1266
f 2734//1266 2699//1266 2698//1266
f 2734//1267 2698//1267 2738//1267
f 2738//1267 2698//1267 2697//1267
f 2738//1268 2697//1268 2739//1268
f 2739//1269 2697//1269 2695//1269
f 2739//1247 2695//1247 2735//1247
f 2735//1247 2695//1247 2694//1247
f 2735//1270 2694//1270 2710//1270
f 2710//1271 2694//1271 2693//1271
f 2710//1250 2693//1250 2715//1250
f 2715//1250 2693//1250 2669//1250
f 2715//1272 2669//1253 2711//1272
f 2711//1253 2669//1272 2668//1272
f 2711//1254 2668//1254 2712//1254
f 2712//1273 2668//1273 2689//1273
f 2712//1274 2689//1274 2724//1274
f 2724//1274 2689//1274 2688//1274
f 2724//1275 2688//1275 2725//1275
f 2725//1276 2688//1275 2687//1275
f 2725//1277 2687//1277 2726//1277
f 2726//1277 2687//1277 2692//1277
f 2726//1278 2692//1278 2743//1278
f 2743//1278 2692//1278 2691//1278
f 2743//1279 2691//1279 2592//1279
f 2592//1279 2691//1279 2593//1279
f 2590//1231 2591//1231 2740//1231
f 2740//1231 2591//1231 2779//1231
f 2740//1233 2779//1233 2741//1233
f 2741//1232 2779//1232 2778//1232
f 2741//1234 2778//1234 2742//1234
f 2742//1234 2778//1234 2777//1234
f 2742//1236 2777//1236 2727//1236
f 2727//1236 2777//1236 2776//1236
f 2727//1280 2776//1280 2728//1280
f 2728//1280 2776//1239 2775//1239
f 2728//1281 2775//1281 2729//1281
f 2729//1241 2775//1281 2774//1281
f 2729//1282 2774//1282 2730//1282
f 2730//1283 2774//1283 2773//1283
f 2730//1246 2773//1246 2723//1246
f 2723//1246 2773//1246 2770//1246
f 2723//1247 2770//1247 2722//1247
f 2722//1247 2770//1247 2769//1247
f 2722//1248 2769//1248 2721//1248
f 2721//1248 2769//1248 2768//1248
f 2721//1249 2768//1249 2720//1249
f 2720//1250 2768//1250 2763//1250
f 2720//1251 2763//1251 2719//1251
f 2719//1251 2763//1253 2764//1253
f 2719//1254 2764//1254 2718//1254
f 2718//1254 2764//1254 2765//1254
f 2718//1255 2765//1255 2717//1255
f 2717//1255 2765//1255 2766//1255
f 2717//1284 2766//1285 2716//1284
f 2716//1286 2766//1286 2767//1286
f 2716//1257 2767//1287 2714//1257
f 2714//1257 2767//1257 2771//1257
f 2714//1288 2771//1288 2713//1288
f 2713//1258 2771//1258 2772//1258
f 2713//1260 2772//1260 2554//1260
f 2554//1259 2772//1259 2555//1259
f 2406//1289 2407//1289 2444//1289
f 2444//1290 2407//1290 2706//1290
f 2444//1291 2706//1291 2441//1291
f 2441//1292 2706//1292 2705//1291
f 2441//1293 2705//1294 2442//1294
f 2442//1293 2705//1293 2704//1293
f 2442//1295 2704//1295 2443//1295
f 2443//1295 2704//1295 2703//1295
f 2443//1296 2703//1296 2428//1296
f 2428//1297 2703//1298 2707//1298
f 2428//1299 2707//1299 2429//1299
f 2429//1300 2707//1300 2709//1300
f 2429//1301 2709//1301 2431//1301
f 2431//1301 2709//1301 2447//1301
f 1590//1302 1614//1302 2708//1302
f 2708//1302 1614//1302 2671//1302
f 2708//1303 2671//1303 2340//1303
f 2340//1304 2671//1304 2341//1304
f 2780//1305 2781//1305 2782//1305
f 2782//1305 2781//1305 2783//1305
f 2784//108 2785//108 2781//108
f 2786//108 2787//108 2788//108
f 2781//108 2789//108 2790//108
f 2781//108 2785//108 2791//108
f 2791//108 2785//108 2792//108
f 2791//108 2792//108 2793//108
f 2790//108 2794//108 2781//108
f 2781//108 2794//108 2795//108
f 2781//108 2795//108 2796//108
f 2796//108 2797//108 2781//108
f 2781//108 2797//108 2798//108
f 2781//108 2798//108 2784//108
f 2787//108 2799//108 2788//108
f 2788//108 2799//108 2800//108
f 2788//108 2800//108 2801//108
f 2802//108 2803//108 2780//108
f 2780//108 2803//108 2804//108
f 2780//108 2804//108 2781//108
f 2781//108 2804//108 2805//108
f 2781//108 2805//108 2806//108
f 2801//108 2807//108 2808//108
f 2809//108 2810//108 2780//108
f 2780//108 2810//108 2811//108
f 2780//108 2811//108 2812//108
f 2793//108 2813//108 2791//108
f 2791//108 2813//108 2814//108
f 2791//108 2814//108 2815//108
f 2815//108 2816//108 2791//108
f 2791//108 2816//108 2817//108
f 2791//108 2817//108 2818//108
f 2819//108 2820//108 2806//108
f 2806//108 2820//108 2821//108
f 2806//108 2821//108 2822//108
f 2823//108 2824//108 2788//108
f 2788//108 2824//108 2825//108
f 2825//108 2826//108 2788//108
f 2788//108 2826//108 2827//108
f 2788//108 2827//108 2780//108
f 2780//108 2827//108 2828//108
f 2780//108 2828//108 2809//108
f 2819//108 2829//108 2820//108
f 2820//108 2829//108 2830//108
f 2820//108 2830//108 2831//108
f 2831//108 2830//108 2832//108
f 2831//108 2832//108 2833//108
f 2822//108 2834//108 2806//108
f 2806//108 2834//108 2835//108
f 2806//108 2835//108 2781//108
f 2781//108 2835//108 2836//108
f 2781//108 2836//108 2789//108
f 2808//108 2837//108 2801//108
f 2801//108 2837//108 2838//108
f 2801//108 2838//108 2839//108
f 2812//108 2840//108 2780//108
f 2780//108 2840//108 2841//108
f 2780//108 2841//108 2802//108
f 2818//108 2842//108 2791//108
f 2791//108 2842//108 2843//108
f 2791//108 2843//108 2788//108
f 2788//108 2843//108 2844//108
f 2788//108 2844//108 2845//108
f 2845//108 2846//108 2788//108
f 2788//108 2846//108 2847//108
f 2788//108 2847//108 2786//108
f 2807//108 2801//108 2833//108
f 2833//108 2801//108 2848//108
f 2833//108 2848//108 2831//108
f 2839//108 2849//108 2801//108
f 2801//108 2849//108 2850//108
f 2801//108 2850//108 2788//108
f 2788//108 2850//108 2851//108
f 2788//108 2851//108 2852//108
f 2852//108 2853//108 2788//108
f 2788//108 2853//108 2854//108
f 2788//108 2854//108 2855//108
f 2855//108 2856//108 2788//108
f 2788//108 2856//108 2857//108
f 2788//108 2857//108 2823//108
f 2858//564 2859//564 2788//564
f 2788//564 2859//564 2791//564
f 2860//107 2861//107 2859//107
f 2859//107 2861//107 2862//107
f 2863//107 2864//107 2782//107
f 2782//107 2864//107 2865//107
f 2866//107 2867//107 2868//107
f 2869//107 2870//107 2859//107
f 2866//107 2859//107 2871//107
f 2871//107 2859//107 2872//107
f 2870//107 2873//107 2859//107
f 2859//107 2873//107 2874//107
f 2859//107 2874//107 2872//107
f 2862//107 2875//107 2859//107
f 2859//107 2875//107 2876//107
f 2859//107 2876//107 2783//107
f 2783//107 2876//107 2877//107
f 2878//107 2879//107 2880//107
f 2880//107 2879//107 2881//107
f 2882//107 2883//107 2858//107
f 2858//107 2883//107 2884//107
f 2858//107 2884//107 2885//107
f 2885//107 2886//107 2858//107
f 2858//107 2886//107 2887//107
f 2858//107 2887//107 2888//107
f 2889//107 2890//107 2859//107
f 2859//107 2890//107 2891//107
f 2859//107 2891//107 2892//107
f 2892//107 2893//107 2859//107
f 2859//107 2893//107 2894//107
f 2859//107 2894//107 2860//107
f 2877//107 2895//107 2783//107
f 2783//107 2895//107 2896//107
f 2783//107 2896//107 2897//107
f 2898//107 2899//107 2782//107
f 2782//107 2899//107 2900//107
f 2782//107 2900//107 2880//107
f 2865//107 2901//107 2782//107
f 2782//107 2901//107 2902//107
f 2782//107 2902//107 2858//107
f 2858//107 2902//107 2903//107
f 2858//107 2903//107 2882//107
f 2868//107 2904//107 2866//107
f 2866//107 2904//107 2905//107
f 2866//107 2905//107 2906//107
f 2783//107 2907//107 2782//107
f 2782//107 2907//107 2908//107
f 2782//107 2908//107 2898//107
f 2867//107 2866//107 2909//107
f 2909//107 2866//107 2910//107
f 2909//107 2910//107 2878//107
f 2878//107 2910//107 2911//107
f 2878//107 2911//107 2879//107
f 2881//107 2912//107 2880//107
f 2880//107 2912//107 2913//107
f 2880//107 2913//107 2782//107
f 2782//107 2913//107 2914//107
f 2782//107 2914//107 2915//107
f 2888//107 2916//107 2858//107
f 2858//107 2916//107 2917//107
f 2858//107 2917//107 2859//107
f 2859//107 2917//107 2918//107
f 2859//107 2918//107 2869//107
f 2906//107 2919//107 2866//107
f 2866//107 2919//107 2920//107
f 2866//107 2920//107 2859//107
f 2859//107 2920//107 2921//107
f 2859//107 2921//107 2889//107
f 2897//107 2922//107 2783//107
f 2783//107 2922//107 2923//107
f 2783//107 2923//107 2924//107
f 2924//107 2925//107 2783//107
f 2783//107 2925//107 2926//107
f 2783//107 2926//107 2907//107
f 2915//107 2927//107 2782//107
f 2782//107 2927//107 2928//107
f 2782//107 2928//107 2929//107
f 2929//107 2930//107 2782//107
f 2782//107 2930//107 2931//107
f 2782//107 2931//107 2863//107
f 2791//1048 2859//1048 2781//1048
f 2781//1048 2859//1048 2783//1048
f 2887//1306 2855//1306 2888//1306
f 2888//1306 2855//1306 2854//1306
f 2888//1307 2854//1307 2916//1307
f 2916//1307 2854//1307 2853//1307
f 2916//1214 2853//1214 2917//1214
f 2917//1187 2853//1187 2852//1187
f 2917//1215 2852//1215 2918//1215
f 2918//1189 2852//1189 2851//1189
f 2918//1308 2851//1308 2869//1308
f 2869//1309 2851//1309 2850//1309
f 2869//1310 2850//1310 2870//1310
f 2870//1311 2850//1311 2849//1311
f 2870//1227 2849//1312 2873//1312
f 2873//1313 2849//1313 2839//1313
f 2873//1196 2839//1196 2874//1196
f 2874//1314 2839//1314 2838//1314
f 2874//1315 2838//1315 2872//1315
f 2872//1315 2838//1315 2837//1315
f 2872//1231 2837//1231 2871//1231
f 2871//1231 2837//1231 2808//1231
f 2871//1316 2808//1316 2866//1316
f 2866//1317 2808//1317 2807//1317
f 2866//1234 2807//1234 2910//1234
f 2910//1235 2807//1235 2833//1235
f 2910//1238 2833//1265 2911//1265
f 2911//1318 2833//1318 2832//1238
f 2911//1280 2832//1280 2879//1319
f 2879//1280 2832//1239 2830//1319
f 2879//1281 2830//1281 2881//1281
f 2881//1241 2830//1320 2829//1241
f 2881//1282 2829//1282 2912//1282
f 2912//1321 2829//1321 2819//1321
f 2912//1322 2819//1322 2913//1322
f 2913//1269 2819//1269 2806//1269
f 2913//1323 2806//1323 2914//1323
f 2914//1323 2806//1323 2805//1323
f 2914//1324 2805//1324 2915//1324
f 2915//1325 2805//1325 2804//1325
f 2915//1250 2804//1250 2927//1250
f 2927//1326 2804//1326 2803//1326
f 2927//1253 2803//1253 2928//1253
f 2928//1251 2803//1251 2802//1251
f 2928//1327 2802//1327 2929//1328
f 2929//1329 2802//1329 2841//1329
f 2929//1330 2841//1330 2930//1330
f 2930//1331 2841//1331 2840//1331
f 2930//1285 2840//1285 2931//1285
f 2931//1275 2840//1275 2812//1275
f 2931//1332 2812//1332 2863//1332
f 2863//1332 2812//1332 2811//1332
f 2863//1288 2811//1288 2864//1288
f 2864//1288 2811//1333 2810//1333
f 2864//1334 2810//1334 2865//1334
f 2865//1334 2810//1334 2809//1334
f 2865//1335 2809//1335 2901//1335
f 2901//1336 2809//1336 2828//1337
f 2901//1338 2828//1338 2902//1338
f 2902//1338 2828//1338 2827//1338
f 2902//1201 2827//1201 2903//1173
f 2903//1201 2827//1173 2826//1201
f 2903//1339 2826//1339 2882//1339
f 2882//1174 2826//1222 2825//1174
f 2882//1206 2825//1206 2883//1206
f 2883//1176 2825//1176 2824//1175
f 2883//1340 2824//1340 2884//1340
f 2884//1341 2824//1341 2823//1341
f 2884//1342 2823//1342 2885//1342
f 2885//1343 2823//1343 2857//1343
f 2885//1344 2857//1344 2886//1344
f 2886//1180 2857//1180 2856//1180
f 2886//1345 2856//1345 2887//1345
f 2887//1345 2856//1345 2855//1345
f 2921//1184 2845//1184 2889//1184
f 2889//1184 2845//1184 2844//1184
f 2889//1346 2844//1346 2890//1346
f 2890//1346 2844//1346 2843//1346
f 2890//1187 2843//1187 2891//1187
f 2891//1347 2843//1187 2842//1187
f 2891//1216 2842//1216 2892//1216
f 2892//1348 2842//1348 2818//1348
f 2892//1349 2818//1349 2893//1349
f 2893//1349 2818//1349 2817//1349
f 2893//1350 2817//1350 2894//1350
f 2894//1350 2817//1350 2816//1350
f 2894//1351 2816//1194 2860//1351
f 2860//1194 2816//1352 2815//1194
f 2860//1353 2815//1353 2861//1353
f 2861//1353 2815//1353 2814//1353
f 2861//1354 2814//1354 2862//1354
f 2862//1315 2814//1315 2813//1315
f 2862//1355 2813//1355 2875//1355
f 2875//1231 2813//1231 2793//1231
f 2875//1356 2793//1356 2876//1356
f 2876//1357 2793//1357 2792//1357
f 2876//1358 2792//1358 2877//1234
f 2877//1359 2792//1359 2785//1359
f 2877//1236 2785//1360 2895//1360
f 2895//1318 2785//1318 2784//1318
f 2895//1361 2784//1361 2896//1361
f 2896//1362 2784//1362 2798//1362
f 2896//1243 2798//1243 2897//1243
f 2897//1242 2798//1242 2797//1242
f 2897//1282 2797//1282 2922//1282
f 2922//1282 2797//1282 2796//1282
f 2922//1246 2796//1363 2923//1363
f 2923//1322 2796//1322 2795//1364
f 2923//1365 2795//1365 2924//1365
f 2924//1366 2795//1366 2794//1366
f 2924//1367 2794//1367 2925//1367
f 2925//1367 2794//1367 2790//1367
f 2925//1368 2790//1368 2926//1368
f 2926//1368 2790//1368 2789//1368
f 2926//1272 2789//1272 2907//1272
f 2907//1252 2789//1251 2836//1252
f 2907//1327 2836//1327 2908//1327
f 2908//1369 2836//1369 2835//1370
f 2908//1274 2835//1255 2898//1255
f 2898//1331 2835//1371 2834//1331
f 2898//1372 2834//1372 2899//1372
f 2899//1372 2834//1372 2822//1372
f 2899//1373 2822//1373 2900//1373
f 2900//1374 2822//1374 2821//1374
f 2900//1288 2821//1288 2880//1288
f 2880//1288 2821//1288 2820//1288
f 2880//1375 2820//1375 2878//1375
f 2878//1375 2820//1375 2831//1375
f 2878//1170 2831//1170 2909//1170
f 2909//1336 2831//1336 2848//1336
f 2909//1376 2848//1376 2867//1376
f 2867//1377 2848//1377 2801//1377
f 2867//1173 2801//1173 2868//1220
f 2868//1173 2801//1173 2800//1173
f 2868//1205 2800//1205 2904//1205
f 2904//1205 2800//1205 2799//1205
f 2904//1378 2799//1378 2905//1378
f 2905//1378 2799//1378 2787//1378
f 2905//1379 2787//1379 2906//1379
f 2906//1379 2787//1379 2786//1379
f 2906//1380 2786//1380 2919//1380
f 2919//1342 2786//1342 2847//1342
f 2919//1180 2847//1180 2920//1180
f 2920//1381 2847//1179 2846//1381
f 2920//1382 2846//1382 2921//1382
f 2921//1382 2846//1382 2845//1382
f 2932//1383 2782//1383 2858//1383
f 2858//1384 2933//1384 2932//1384
f 2932//1385 2933//1386 2934//1385
f 2932//1387 2934//1387 2935//1387
f 2936//1388 2937//1388 2935//1388
f 2935//1389 2937//1389 2938//1389
f 2935//1390 2938//1390 2932//1390
f 2936//1391 2939//1392 2937//1391
f 2937//1393 2939//1393 2940//1393
f 2937//1394 2940//1394 2941//1394
f 2941//1395 2940//1395 2942//1395
f 2940//1396 2943//1396 2942//1396
f 2942//1397 2943//1397 2944//1397
f 2942//1398 2944//1398 2945//1398
f 2945//1399 2944//1400 2946//1399
f 2944//1401 2947//1401 2946//1401
f 2946//1402 2947//1402 2948//1402
f 2946//1403 2948//1403 2949//1403
f 2949//1404 2948//1404 2950//1404
f 2948//1405 2951//1405 2950//1405
f 2950//1406 2951//1406 2952//1406
f 2950//1407 2952//1407 2953//1407
f 2952//1408 2954//1408 2953//1408
f 2953//1409 2954//1410 2955//1411
f 2953//1412 2955//1412 2956//1412
f 2955//1413 2957//1413 2956//1413
f 2956//1414 2957//1415 2958//1416
f 2956//1417 2958//1417 2959//1417
f 2959//1418 2958//1418 2960//1418
f 2960//1419 2961//1419 2959//1419
f 2959//1420 2961//1420 2240//1420
f 2959//1421 2240//1421 2241//1421
f 2780//1422 2782//1422 2962//1422
f 2962//1423 2782//1423 2932//1423
f 2962//1424 2932//1424 2963//1424
f 2963//1425 2932//1425 2938//1425
f 2963//1426 2938//1426 2964//1426
f 2964//1427 2938//1427 2937//1427
f 2964//1428 2937//1428 2965//1428
f 2965//1429 2937//1429 2966//1429
f 2966//1430 2937//1430 2941//1430
f 2966//1431 2941//1431 2967//1431
f 2967//1432 2941//1433 2942//1433
f 2967//1434 2942//1434 2968//1434
f 2968//1435 2942//1435 2945//1436
f 2968//1437 2945//1437 2969//1437
f 2969//1438 2945//1438 2946//1438
f 2969//1439 2946//1439 2970//1439
f 2970//1440 2946//1441 2949//1441
f 2970//1442 2949//1442 2971//1442
f 2971//1443 2949//1443 2950//1443
f 2971//1444 2950//1444 2972//1444
f 2972//1445 2950//1445 2973//1445
f 2973//1446 2950//1446 2953//1447
f 2973//1448 2953//1449 2974//1449
f 2974//1450 2953//1450 2975//1451
f 2975//1452 2953//1452 2956//1453
f 2975//1454 2956//1455 2976//1455
f 2976//1456 2956//1456 2977//1456
f 2977//1457 2956//1457 2959//1458
f 2977//1459 2959//1459 2978//1459
f 2978//1460 2959//1461 2979//1460
f 2979//1462 2959//1462 2241//1462
f 2979//1463 2241//1463 2238//1463
f 2980//1464 2981//1465 2939//1464
f 2982//1466 2983//1467 2944//1466
f 2984//1468 2985//1469 2960//1468
f 2960//1470 2985//1470 2986//1470
f 2960//1471 2986//1471 2961//1471
f 2961//1472 2986//1472 2239//1472
f 2961//1473 2239//1473 2240//1473
f 2960//1474 2958//1475 2984//1475
f 2984//1476 2958//1476 2957//1476
f 2984//1477 2957//1477 2987//1477
f 2987//1478 2957//1478 2955//1478
f 2955//1479 2954//1479 2987//1480
f 2987//1481 2954//1481 2952//1482
f 2987//1483 2952//1484 2988//1485
f 2952//1486 2951//1486 2988//1486
f 2988//1487 2951//1487 2948//1487
f 2988//1488 2948//1488 2983//1488
f 2983//1489 2948//1489 2947//1489
f 2983//1490 2947//1491 2944//1491
f 2982//1492 2944//1492 2989//1493
f 2989//1494 2944//1495 2943//1494
f 2989//1496 2943//1496 2940//1496
f 2939//1497 2981//1497 2940//1497
f 2940//1498 2981//1498 2990//1498
f 2940//1499 2990//1499 2989//1499
f 2858//1500 2788//1500 2933//1500
f 2933//1500 2788//1500 2991//1500
f 2933//1501 2991//1501 2934//1501
f 2934//1502 2991//1502 2992//1502
f 2934//1503 2992//1503 2935//1503
f 2935//1504 2992//1504 2980//1504
f 2935//1505 2980//1505 2936//1505
f 2936//1506 2980//1506 2939//1506
f 2965//1507 2981//1507 2980//1507
f 2788//1508 2780//1508 2991//1508
f 2991//1509 2780//1509 2962//1509
f 2991//1510 2962//1510 2992//1510
f 2992//1511 2962//1512 2963//1511
f 2992//1513 2963//1513 2980//1513
f 2980//1514 2963//1514 2964//1514
f 2980//1515 2964//1515 2965//1515
f 2981//1516 2965//1516 2990//1516
f 2990//1517 2965//1517 2966//1517
f 2990//1518 2966//1518 2989//1518
f 2989//1519 2966//1519 2967//1520
f 2989//1521 2967//1522 2982//1521
f 2982//1523 2967//1523 2968//1523
f 2982//1524 2968//1524 2983//1524
f 2983//1525 2968//1525 2969//1525
f 2983//1526 2969//1526 2988//1526
f 2969//1527 2970//1528 2988//1528
f 2988//1529 2970//1530 2971//1530
f 2988//1531 2971//1532 2987//1531
f 2971//1533 2972//1533 2987//1533
f 2987//1534 2972//1534 2973//1535
f 2987//1536 2973//1536 2984//1536
f 2973//1537 2974//1537 2984//1537
f 2984//1538 2974//1538 2975//1538
f 2984//1539 2975//1539 2985//1539
f 2975//1540 2976//1540 2985//1540
f 2985//1541 2976//1541 2977//1541
f 2985//1542 2977//1542 2986//1542
f 2986//1543 2977//1543 2978//1543
f 2978//1544 2979//1544 2986//1544
f 2986//1545 2979//1546 2238//1547
f 2986//1545 2238//1545 2239//1545
