<?xml version="1.0" encoding="utf-8"?>
<COLLADA xmlns="http://www.collada.org/2005/11/COLLADASchema" version="1.4.1" xmlns:xsi="http://www.w3.org/2001/XMLSchema-instance">
  <asset>
    <contributor>
      <author>Blender User</author>
      <authoring_tool>Blender 4.4.3 commit date:2025-04-29, commit time:14:09, hash:802179c51ccc</authoring_tool>
    </contributor>
    <created>2026-01-31T22:23:05</created>
    <modified>2026-01-31T22:23:05</modified>
    <unit name="meter" meter="1"/>
    <up_axis>Z_UP</up_axis>
  </asset>
  <library_cameras>
    <camera id="Camera-camera" name="Camera">
      <optics>
        <technique_common>
          <perspective>
            <xfov sid="xfov">39.59775</xfov>
            <aspect_ratio>1.777778</aspect_ratio>
            <znear sid="znear">0.1</znear>
            <zfar sid="zfar">100</zfar>
          </perspective>
        </technique_common>
      </optics>
      <extra>
        <technique profile="blender">
          <shiftx sid="shiftx" type="float">0</shiftx>
          <shifty sid="shifty" type="float">0</shifty>
          <dof_distance sid="dof_distance" type="float">10</dof_distance>
        </technique>
      </extra>
    </camera>
  </library_cameras>
  <library_lights>
    <light id="Light-light" name="Light">
      <technique_common>
        <point>
          <color sid="color">1000 1000 1000</color>
          <constant_attenuation>1</constant_attenuation>
          <linear_attenuation>0</linear_attenuation>
          <quadratic_attenuation>0</quadratic_attenuation>
        </point>
      </technique_common>
      <extra>
        <technique profile="blender">
          <type sid="type" type="int">0</type>
          <flag sid="flag" type="int">0</flag>
          <mode sid="mode" type="int">2097153</mode>
          <red sid="red" type="float">1</red>
          <green sid="green" type="float">1</green>
          <blue sid="blue" type="float">1</blue>
          <energy sid="blender_energy" type="float">1000</energy>
          <spotsize sid="spotsize" type="float">75</spotsize>
          <spotblend sid="spotblend" type="float">0.15</spotblend>
          <clipsta sid="clipsta" type="float">0.04999995</clipsta>
          <clipend sid="clipend" type="float">40</clipend>
          <radius sid="radius" type="float">0.1</radius>
          <area_shape sid="area_shape" type="int">1</area_shape>
          <area_size sid="area_size" type="float">0.1</area_size>
          <area_sizey sid="area_sizey" type="float">0.1</area_sizey>
          <area_sizez sid="area_sizez" type="float">1</area_sizez>
        </technique>
      </extra>
    </light>
  </library_lights>
  <library_images/>
  <library_geometries>
    <geometry id="nuc_支撑架_降压模块-mesh" name="nuc+支撑架+降压模块">
      <mesh>
        <source id="nuc_支撑架_降压模块-mesh-positions">
          <float_array id="nuc_支撑架_降压模块-mesh-positions-array" count="18090">0.0715 -0.01796793 0.016092 0.0715 -0.01784783 0.01638191 0.0715 -0.01274996 0.006999969 0.0715 -0.01777458 0.04331284 0.0715 -0.01784783 0.04361802 0.0715 -0.01274996 0.05299997 0.0715 -0.03274995 0.006999969 0.0715 -0.02772533 0.01668709 0.0715 -0.02765208 0.01638191 0.0715 -0.01943713 0.0150246 0.0715 -0.01913195 0.01509785 0.0715 -0.01884198 0.01521795 0.0715 -0.01857441 0.01538193 0.0715 -0.01777458 0.01668709 0.0715 -0.01774996 0.01699995 0.0715 -0.01774996 0.04299998 0.0715 -0.02753198 0.016092 0.0715 -0.027368 0.01582437 0.0715 -0.02716416 0.01558578 0.0715 -0.02692556 0.01538193 0.0715 -0.02665793 0.01521795 0.0715 -0.02636802 0.01509785 0.0715 -0.01833575 0.01558578 0.0715 -0.01813197 0.01582437 0.0715 -0.03274995 0.05299997 0.0715 -0.02606284 0.04497534 0.0715 -0.02636802 0.04490208 0.0715 -0.02665793 0.04478198 0.0715 -0.02692556 0.04461801 0.0715 -0.02716416 0.04441416 0.0715 -0.027368 0.04417556 0.0715 -0.02753198 0.04390794 0.0715 -0.02765208 0.04361802 0.0715 -0.01796793 0.04390794 0.0715 -0.01813197 0.04417556 0.0715 -0.01833575 0.04441416 0.0715 -0.01857441 0.04461801 0.0715 -0.01884198 0.04478198 0.0715 -0.01913195 0.04490208 0.0715 -0.02772533 0.04331284 0.0715 -0.02774995 0.04299998 0.0715 -0.02774995 0.01699995 0.0715 -0.01943713 0.04497534 0.0715 -0.01974999 0.04499995 0.0715 -0.02574998 0.04499995 0.0715 -0.02606284 0.0150246 0.0715 -0.02574998 0.01499998 0.0715 -0.01974999 0.01499998 0.07649999 -0.02753198 0.016092 0.07649999 -0.02765208 0.01638191 0.07649999 -0.03274995 0.006999969 0.07649999 -0.02772533 0.01668709 0.07649999 -0.02774995 0.01699995 0.07649999 -0.03274995 0.05299997 0.07649999 -0.02774995 0.04299998 0.07649999 -0.02772533 0.04331284 0.07649999 -0.02765208 0.04361802 0.07649999 -0.02753198 0.04390794 0.07649999 -0.027368 0.04417556 0.07649999 -0.02716416 0.04441416 0.07649999 -0.01274996 0.006999969 0.07649999 -0.01884198 0.01521795 0.07649999 -0.01913195 0.01509785 0.07649999 -0.02692556 0.01538193 0.07649999 -0.02716416 0.01558578 0.07649999 -0.027368 0.01582437 0.07649999 -0.02692556 0.04461801 0.07649999 -0.02665793 0.04478198 0.07649999 -0.02636802 0.04490208 0.07649999 -0.01274996 0.05299997 0.07649999 -0.01796793 0.04390794 0.07649999 -0.01784783 0.04361802 0.07649999 -0.01777458 0.01668709 0.07649999 -0.01784783 0.01638191 0.07649999 -0.01796793 0.016092 0.07649999 -0.01813197 0.01582437 0.07649999 -0.01833575 0.01558578 0.07649999 -0.01857441 0.01538193 0.07649999 -0.02606284 0.0150246 0.07649999 -0.02636802 0.01509785 0.07649999 -0.02665793 0.01521795 0.07649999 -0.01943713 0.04497534 0.07649999 -0.01913195 0.04490208 0.07649999 -0.01884198 0.04478198 0.07649999 -0.01857441 0.04461801 0.07649999 -0.01833575 0.04441416 0.07649999 -0.01813197 0.04417556 0.07649999 -0.02606284 0.04497534 0.07649999 -0.02574998 0.04499995 0.07649999 -0.01974999 0.04499995 0.07649999 -0.01777458 0.04331284 0.07649999 -0.01774996 0.04299998 0.07649999 -0.01774996 0.01699995 0.07649999 -0.01943713 0.0150246 0.07649999 -0.01974999 0.01499998 0.07649999 -0.02574998 0.01499998 0.05649995 -0.03059995 0.004999995 0.06549996 -0.03059995 0.004999995 0.05649995 -0.03059995 0 0.06549996 -0.03059995 0 0.05623662 -0.03057813 0.004999995 0.05623662 -0.03057813 0 0.05598044 -0.03051328 0.004999995 0.05598044 -0.03051328 0 0.05573844 -0.03040713 0.004999995 0.05573844 -0.03040713 0 0.05551725 -0.03026258 0.004999995 0.05551725 -0.03026258 0 0.05532282 -0.03008365 0.004999995 0.05532282 -0.03008365 0 0.05516052 -0.02987509 0.004999995 0.05516052 -0.02987509 0 0.05503475 -0.0296427 0.004999995 0.05503475 -0.0296427 0 0.05494892 -0.02939277 0.004999995 0.05494892 -0.02939277 0 0.05490541 -0.02913212 0.004999995 0.05490541 -0.02913212 0 0.05490541 -0.02886784 0.004999995 0.05490541 -0.02886784 0 0.05494892 -0.02860718 0.004999995 0.05494892 -0.02860718 0 0.05503475 -0.02835726 0.004999995 0.05503475 -0.02835726 0 0.05516052 -0.02812486 0.004999995 0.05516052 -0.02812486 0 0.05532282 -0.02791631 0.004999995 0.05532282 -0.02791631 0 0.05551725 -0.02773737 0.004999995 0.05551725 -0.02773737 0 0.05573844 -0.02759283 0.004999995 0.05573844 -0.02759283 0 0.05598044 -0.02748668 0.004999995 0.05598044 -0.02748668 0 0.05623662 -0.02742177 0.004999995 0.05623662 -0.02742177 0 0.05649995 -0.02739995 0.004999995 0.05649995 -0.02739995 0 0.06549996 -0.02739995 0.004999995 0.06549996 -0.02739995 0 0.0523858 -0.03274995 0.006652235 0.05235534 -0.03274995 0.006999492 0.04640138 -0.03274995 0.00268346 0.07103204 -0.03274995 0.005714416 0.07078558 -0.03274995 0.005467891 0.07935535 -0.03274995 0 0.07049995 -0.03274995 0.005267918 0.07018405 -0.03274995 0.005120575 0.0524761 -0.03274995 0.006315588 0.0714696 -0.03274995 0.006652653 0.07137936 -0.03274995 0.006315946 0.07123202 -0.03274995 0.005999982 0.07652759 -0.03274995 0.006668925 0.07660955 -0.03274995 0.006347 0.07029134 -0.03274995 0.05483675 0.07662057 -0.03274995 0.05368399 0.06864458 -0.03274995 0.06 0.07676792 -0.03274995 0.05399996 0.07696789 -0.03274995 0.05428552 0.07721441 -0.03274995 0.05453205 0.07749998 -0.03274995 0.05473202 0.07781594 -0.03274995 0.05487936 0.07715237 -0.03274995 0.005522191 0.07692635 -0.03274995 0.005765616 0.07674372 -0.03274995 0.006043136 0.05238568 -0.03274995 0.007346749 0.05247581 -0.03274995 0.007683455 0.06676501 -0.03274995 0.05868345 0.06920307 -0.03274995 0.05368345 0.06933891 -0.03274995 0.05397951 0.09399181 -0.03274995 0.0549696 0.09432852 -0.03274995 0.05487942 0.09971904 -0.03274995 0.06 0.06952106 -0.03274995 0.05424958 0.06974464 -0.03274995 0.05448645 0.06689089 -0.03274995 0.05896151 0.07000368 -0.03274995 0.05468392 0.06834024 -0.03274995 0.05997669 0.06804305 -0.03274995 0.05990737 0.06775981 -0.03274995 0.05979365 0.09552383 -0.03274995 0.05368435 0.09561413 -0.03274995 0.0533477 0.1015986 -0.03274995 0.05731648 0.09564459 -0.03274995 0.05300045 0.04699552 -0.03274995 4.67773e-4 0.04728108 -0.03274995 2.67869e-4 0.05282348 -0.03274995 0.005714178 0.04631137 -0.03274995 0.00165224 0.04640167 -0.03274995 0.001315593 0.06749719 -0.03274995 0.05963808 0.06726127 -0.03274995 0.05944442 0.0670576 -0.03274995 0.05921715 0.07058441 -0.03274995 0.05468046 0.07084763 -0.03274995 0.05447775 0.07653039 -0.03274995 0.05334728 0.07107365 -0.03274995 0.05423432 0.07125622 -0.03274995 0.0539568 0.04654902 -0.03274995 9.99721e-4 0.04674899 -0.03274995 7.14219e-4 0.04828095 -0.03274995 0 0.05400812 -0.03274995 0.005030333 0.05367141 -0.03274995 0.005120575 0.05335551 -0.03274995 0.005267858 0.05306994 -0.03274995 0.005467772 0.04793369 -0.03274995 3.03752e-5 0.04759699 -0.03274995 1.20578e-4 0.05262351 -0.03274995 0.005999684 0.04631125 -0.03274995 0.002346754 0.04628092 -0.03274995 0.001999497 0.07815271 -0.03274995 0.0549696 0.07849997 -0.03274995 0.05499994 0.09364455 -0.03274995 0.05499994 0.06984728 -0.03274995 0.005030333 0.06949996 -0.03274995 0.004999995 0.05435538 -0.03274995 0.004999995 0.1016886 -0.03274995 0.0583477 0.1015983 -0.03274995 0.05868434 0.09517651 -0.03274995 0.05428576 0.1014509 -0.03274995 0.05900025 0.07139039 -0.03274995 0.05365294 0.0714724 -0.03274995 0.05333101 0.101251 -0.03274995 0.05928575 0.1010044 -0.03274995 0.05953222 0.1007189 -0.03274995 0.05973207 0.09464442 -0.03274995 0.05473208 0.09492999 -0.03274995 0.05453222 0.1000663 -0.03274995 0.0599696 0.100403 -0.03274995 0.05987942 0.09537649 -0.03274995 0.05400025 0.1016887 -0.03274995 0.05765318 0.101719 -0.03274995 0.05800044 0.07995694 -0.03274995 9.26104e-5 0.08024013 -0.03274995 2.06352e-4 0.07770866 -0.03274995 0.005163192 0.08050274 -0.03274995 3.61865e-4 0.08073866 -0.03274995 5.55527e-4 0.07799631 -0.03274995 0.005316019 0.07866102 -0.03274995 0.006020426 0.07847887 -0.03274995 0.005750417 0.08123499 -0.03274995 0.001316487 0.07825535 -0.03274995 0.005513489 0.0811091 -0.03274995 0.001038432 0.08094233 -0.03274995 7.82828e-4 0.07741552 -0.03274995 0.005319476 0.0796597 -0.03274995 2.32882e-5 0.09561431 -0.03274995 0.05265319 0.09552419 -0.03274995 0.05231648 0.07879692 -0.03274995 0.006316483 0.09561431 -0.01274996 0.05265319 0.09564459 -0.01274996 0.05300045 0.1015986 -0.01274996 0.05731648 0.07825535 -0.01274996 0.005513489 0.07847887 -0.01274996 0.005750417 0.08123499 -0.01274996 0.001316487 0.07107365 -0.01274996 0.05423432 0.07084763 -0.01274996 0.05447775 0.07815271 -0.01274996 0.0549696 0.07781594 -0.01274996 0.05487936 0.07749998 -0.01274996 0.05473202 0.07721441 -0.01274996 0.05453205 0.07696789 -0.01274996 0.05428552 0.07676792 -0.01274996 0.05399996 0.07662057 -0.01274996 0.05368399 0.07799631 -0.01274996 0.005316019 0.08094233 -0.01274996 7.82828e-4 0.08073866 -0.01274996 5.55527e-4 0.09492999 -0.01274996 0.05453222 0.09464442 -0.01274996 0.05473208 0.09971904 -0.01274996 0.06 0.09432852 -0.01274996 0.05487942 0.06864458 -0.01274996 0.06 0.07770866 -0.01274996 0.005163192 0.08050274 -0.01274996 3.61865e-4 0.08024013 -0.01274996 2.06352e-4 0.0714724 -0.01274996 0.05333101 0.07139039 -0.01274996 0.05365294 0.07125622 -0.01274996 0.0539568 0.07995694 -0.01274996 9.26104e-5 0.0796597 -0.01274996 2.32882e-5 0.07935535 -0.01274996 0 0.0811091 -0.01274996 0.001038432 0.1014509 -0.01274996 0.05900025 0.1015983 -0.01274996 0.05868434 0.09517651 -0.01274996 0.05428576 0.06984728 -0.01274996 0.005030333 0.07018405 -0.01274996 0.005120575 0.07049995 -0.01274996 0.005267918 0.07078558 -0.01274996 0.005467891 0.07103204 -0.01274996 0.005714416 0.07123202 -0.01274996 0.005999982 0.07137936 -0.01274996 0.006315946 0.07741552 -0.01274996 0.005319476 0.07866102 -0.01274996 0.006020426 0.07879692 -0.01274996 0.006316483 0.09552419 -0.01274996 0.05231648 0.100403 -0.01274996 0.05987942 0.1007189 -0.01274996 0.05973207 0.05238568 -0.01274996 0.007346749 0.05235534 -0.01274996 0.006999492 0.04640138 -0.01274996 0.00268346 0.09561413 -0.01274996 0.0533477 0.09552383 -0.01274996 0.05368435 0.1016887 -0.01274996 0.05765318 0.09537649 -0.01274996 0.05400025 0.101719 -0.01274996 0.05800044 0.1016886 -0.01274996 0.0583477 0.1000663 -0.01274996 0.0599696 0.1010044 -0.01274996 0.05953222 0.101251 -0.01274996 0.05928575 0.09399181 -0.01274996 0.0549696 0.09364455 -0.01274996 0.05499994 0.07849997 -0.01274996 0.05499994 0.0714696 -0.01274996 0.006652653 0.07692635 -0.01274996 0.005765616 0.07715237 -0.01274996 0.005522191 0.07652759 -0.01274996 0.006668925 0.07660955 -0.01274996 0.006347 0.07674372 -0.01274996 0.006043136 0.04699552 -0.01274996 4.67773e-4 0.04674899 -0.01274996 7.14219e-4 0.05282348 -0.01274996 0.005714178 0.04654902 -0.01274996 9.99721e-4 0.04640167 -0.01274996 0.001315593 0.06676501 -0.01274996 0.05868345 0.06974464 -0.01274996 0.05448645 0.06952106 -0.01274996 0.05424958 0.0523858 -0.01274996 0.006652235 0.0524761 -0.01274996 0.006315588 0.04631125 -0.01274996 0.002346754 0.05262351 -0.01274996 0.005999684 0.04628092 -0.01274996 0.001999497 0.04631137 -0.01274996 0.00165224 0.04828095 -0.01274996 0 0.04793369 -0.01274996 3.03752e-5 0.04759699 -0.01274996 1.20578e-4 0.04728108 -0.01274996 2.67869e-4 0.05306994 -0.01274996 0.005467772 0.05335551 -0.01274996 0.005267858 0.05367141 -0.01274996 0.005120575 0.07000368 -0.01274996 0.05468392 0.06933891 -0.01274996 0.05397951 0.06920307 -0.01274996 0.05368345 0.05247581 -0.01274996 0.007683455 0.05400812 -0.01274996 0.005030333 0.05435538 -0.01274996 0.004999995 0.06949996 -0.01274996 0.004999995 0.07653039 -0.01274996 0.05334728 0.06775981 -0.01274996 0.05979365 0.06804305 -0.01274996 0.05990737 0.07029134 -0.01274996 0.05483675 0.06749719 -0.01274996 0.05963808 0.07058441 -0.01274996 0.05468046 0.06834024 -0.01274996 0.05997669 0.06689089 -0.01274996 0.05896151 0.0670576 -0.01274996 0.05921715 0.06726127 -0.01274996 0.05944442 0.06549996 -0.01489996 0.004999995 0.06549996 -0.01489996 0 0.06577783 -0.01492428 0.004999995 0.06577783 -0.01492428 0 0.06604719 -0.01499646 0.004999995 0.06604719 -0.01499646 0 0.06629997 -0.0151143 0.004999995 0.06629997 -0.0151143 0 0.06652843 -0.01527428 0.004999995 0.06652843 -0.01527428 0 0.06672567 -0.01547151 0.004999995 0.06672567 -0.01547151 0 0.06688565 -0.01569998 0.004999995 0.06688565 -0.01569998 0 0.06700348 -0.01595276 0.004999995 0.06700348 -0.01595276 0 0.06707566 -0.01622211 0.004999995 0.06707566 -0.01622211 0 0.06709998 -0.01649999 0.004999995 0.06709998 -0.01649999 0 0.06707566 -0.01677781 0.004999995 0.06707566 -0.01677781 0 0.06700348 -0.01704722 0.004999995 0.06700348 -0.01704722 0 0.06688565 -0.01729995 0.004999995 0.06688565 -0.01729995 0 0.06672567 -0.01752841 0.004999995 0.06672567 -0.01752841 0 0.06652843 -0.01772564 0.004999995 0.06652843 -0.01772564 0 0.06629997 -0.01788562 0.004999995 0.06629997 -0.01788562 0 0.06604719 -0.01800346 0.004999995 0.06604719 -0.01800346 0 0.06577783 -0.01807564 0.004999995 0.06577783 -0.01807564 0 0.06549996 -0.01809996 0.004999995 0.06549996 -0.01809996 0 0.05649995 -0.01809996 0.004999995 0.05649995 -0.01809996 0 0.05622214 -0.01807564 0.004999995 0.05622214 -0.01807564 0 0.05595272 -0.01800346 0.004999995 0.05595272 -0.01800346 0 0.0557 -0.01788562 0.004999995 0.0557 -0.01788562 0 0.05547153 -0.01772564 0.004999995 0.05547153 -0.01772564 0 0.0552743 -0.01752841 0.004999995 0.0552743 -0.01752841 0 0.05511432 -0.01729995 0.004999995 0.05511432 -0.01729995 0 0.05499649 -0.01704722 0.004999995 0.05499649 -0.01704722 0 0.0549243 -0.01677781 0.004999995 0.0549243 -0.01677781 0 0.05489999 -0.01649999 0.004999995 0.05489999 -0.01649999 0 0.0549243 -0.01622211 0.004999995 0.0549243 -0.01622211 0 0.05499649 -0.01595276 0.004999995 0.05499649 -0.01595276 0 0.05511432 -0.01569998 0.004999995 0.05511432 -0.01569998 0 0.0552743 -0.01547151 0.004999995 0.0552743 -0.01547151 0 0.05547153 -0.01527428 0.004999995 0.05547153 -0.01527428 0 0.0557 -0.0151143 0.004999995 0.0557 -0.0151143 0 0.05595272 -0.01499646 0.004999995 0.05595272 -0.01499646 0 0.05622214 -0.01492428 0.004999995 0.05622214 -0.01492428 0 0.05649995 -0.01489996 0.004999995 0.05649995 -0.01489996 0 0.06577783 -0.02742427 0.004999995 0.06577783 -0.02742427 0 0.06604719 -0.02749645 0.004999995 0.06604719 -0.02749645 0 0.06629997 -0.02761435 0.004999995 0.06629997 -0.02761435 0 0.06652843 -0.02777433 0.004999995 0.06652843 -0.02777433 0 0.06672567 -0.0279715 0.004999995 0.06672567 -0.0279715 0 0.06688565 -0.02819997 0.004999995 0.06688565 -0.02819997 0 0.06700348 -0.02845275 0.004999995 0.06700348 -0.02845275 0 0.06707566 -0.02872216 0.004999995 0.06707566 -0.02872216 0 0.06709998 -0.02899998 0.004999995 0.06709998 -0.02899998 0 0.06707566 -0.0292778 0.004999995 0.06707566 -0.0292778 0 0.06700348 -0.02954721 0.004999995 0.06700348 -0.02954721 0 0.06688565 -0.02979999 0.004999995 0.06688565 -0.02979999 0 0.06672567 -0.03002846 0.004999995 0.06672567 -0.03002846 0 0.06652843 -0.03022563 0.004999995 0.06652843 -0.03022563 0 0.06629997 -0.03038561 0.004999995 0.06629997 -0.03038561 0 0.06604719 -0.03050351 0.004999995 0.06604719 -0.03050351 0 0.06577783 -0.03057569 0.004999995 0.06577783 -0.03057569 0 0.08111435 -0.02979999 0.05499994 0.08127433 -0.03002846 0.05499994 0.08099645 -0.01595276 0.05499994 0.08092427 -0.01622211 0.05499994 0.08111435 -0.02819997 0.05499994 0.08099645 -0.02845275 0.05499994 0.08127433 -0.01752841 0.05499994 0.08089995 -0.02899998 0.05499994 0.08092427 -0.0292778 0.05499994 0.08099645 -0.02954721 0.05499994 0.0814715 -0.03022563 0.05499994 0.08169996 -0.03038561 0.05499994 0.08195275 -0.03050351 0.05499994 0.08222216 -0.01492428 0.05499994 0.08195275 -0.01499646 0.05499994 0.08169996 -0.0151143 0.05499994 0.0814715 -0.01527428 0.05499994 0.08111435 -0.01729995 0.05499994 0.08169996 -0.01788562 0.05499994 0.09248274 -0.02773737 0.05499994 0.09226149 -0.02759283 0.05499994 0.08127433 -0.01547151 0.05499994 0.08111435 -0.01569998 0.05499994 0.08089995 -0.01649999 0.05499994 0.08092427 -0.01677781 0.05499994 0.08099645 -0.01704722 0.05499994 0.08092427 -0.02872216 0.05499994 0.08195275 -0.02749645 0.05499994 0.08169996 -0.02761435 0.05499994 0.0814715 -0.01772564 0.05499994 0.09201949 -0.02748668 0.05499994 0.09176331 -0.02742177 0.05499994 0.09149998 -0.01489996 0.05499994 0.08249998 -0.01489996 0.05499994 0.0814715 -0.02777433 0.05499994 0.08127433 -0.0279715 0.05499994 0.09309452 -0.02886784 0.05499994 0.09309452 -0.02913212 0.05499994 0.09149998 -0.02739995 0.05499994 0.08249998 -0.02739995 0.05499994 0.08222216 -0.02742427 0.05499994 0.09305101 -0.02860718 0.05499994 0.09296524 -0.01714271 0.05499994 0.09296524 -0.02835726 0.05499994 0.09283941 -0.01737511 0.05499994 0.09309452 -0.01636785 0.05499994 0.09309452 -0.01663208 0.05499994 0.09305101 -0.01689273 0.05499994 0.09305101 -0.0161072 0.05499994 0.09296524 -0.01585727 0.05499994 0.09283941 -0.01562488 0.05499994 0.08222216 -0.03057569 0.05499994 0.08249998 -0.03059995 0.05499994 0.09149998 -0.03059995 0.05499994 0.09176331 -0.03057813 0.05499994 0.09201949 -0.03051328 0.05499994 0.09226149 -0.03040713 0.05499994 0.09248274 -0.03026258 0.05499994 0.09267711 -0.03008365 0.05499994 0.09283941 -0.02987509 0.05499994 0.09296524 -0.0296427 0.05499994 0.09305101 -0.02939277 0.05499994 0.09226149 -0.01790714 0.05499994 0.09248274 -0.0177626 0.05499994 0.09267711 -0.0175836 0.05499994 0.09226149 -0.01509279 0.05499994 0.09201949 -0.01498669 0.05499994 0.09176331 -0.01492178 0.05499994 0.09149998 -0.01809996 0.05499994 0.09176331 -0.01807814 0.05499994 0.09267711 -0.02791631 0.05499994 0.09283941 -0.02812486 0.05499994 0.09267711 -0.01541632 0.05499994 0.09248274 -0.01523733 0.05499994 0.09201949 -0.01801329 0.05499994 0.08195275 -0.01800346 0.05499994 0.08222216 -0.01807564 0.05499994 0.08249998 -0.01809996 0.05499994 0.08111435 -0.02979999 0.06 0.08099645 -0.02954721 0.06 0.08222216 -0.03057569 0.06 0.08195275 -0.03050351 0.06 0.08169996 -0.03038561 0.06 0.0814715 -0.03022563 0.06 0.08127433 -0.03002846 0.06 0.08249998 -0.03059995 0.06 0.09149998 -0.03059995 0.06 0.08092427 -0.02872216 0.06 0.08249998 -0.01809996 0.06 0.08222216 -0.01807564 0.06 0.08127433 -0.01752841 0.06 0.08111435 -0.01729995 0.06 0.08099645 -0.01704722 0.06 0.08092427 -0.01677781 0.06 0.08089995 -0.01649999 0.06 0.08099645 -0.02845275 0.06 0.08111435 -0.02819997 0.06 0.08127433 -0.0279715 0.06 0.08092427 -0.01622211 0.06 0.08099645 -0.01595276 0.06 0.08111435 -0.01569998 0.06 0.08092427 -0.0292778 0.06 0.08089995 -0.02899998 0.06 0.08169996 -0.0151143 0.06 0.08195275 -0.01499646 0.06 0.08195275 -0.01800346 0.06 0.08169996 -0.01788562 0.06 0.0814715 -0.01772564 0.06 0.08127433 -0.01547151 0.06 0.0814715 -0.01527428 0.06 0.09248274 -0.0177626 0.06 0.09226149 -0.01790714 0.06 0.08169996 -0.02761435 0.06 0.09201949 -0.01801329 0.06 0.09176331 -0.01807814 0.06 0.0814715 -0.02777433 0.06 0.09149998 -0.01809996 0.06 0.09296524 -0.01585727 0.06 0.09305101 -0.0161072 0.06 0.09309452 -0.01636785 0.06 0.09283941 -0.02812486 0.06 0.09296524 -0.02835726 0.06 0.09305101 -0.02860718 0.06 0.09309452 -0.02886784 0.06 0.09309452 -0.02913212 0.06 0.09305101 -0.02939277 0.06 0.09296524 -0.0296427 0.06 0.09283941 -0.02987509 0.06 0.09267711 -0.03008365 0.06 0.09248274 -0.03026258 0.06 0.09226149 -0.03040713 0.06 0.09201949 -0.03051328 0.06 0.09176331 -0.03057813 0.06 0.08222216 -0.01492428 0.06 0.08249998 -0.01489996 0.06 0.09149998 -0.01489996 0.06 0.09176331 -0.01492178 0.06 0.09201949 -0.02748668 0.06 0.09226149 -0.02759283 0.06 0.09296524 -0.01714271 0.06 0.09248274 -0.02773737 0.06 0.09267711 -0.02791631 0.06 0.09305101 -0.01689273 0.06 0.09309452 -0.01663208 0.06 0.09201949 -0.01498669 0.06 0.09226149 -0.01509279 0.06 0.09248274 -0.01523733 0.06 0.09149998 -0.02739995 0.06 0.09176331 -0.02742177 0.06 0.09267711 -0.0175836 0.06 0.09267711 -0.01541632 0.06 0.09283941 -0.01562488 0.06 0.09283941 -0.01737511 0.06 0.08195275 -0.02749645 0.06 0.08222216 -0.02742427 0.06 0.08249998 -0.02739995 0.06 0.09286361 -0.01974999 0.04499995 0.08203381 -0.02665793 0.01521795 0.08199012 -0.02636802 0.01509785 0.09286361 -0.02574998 0.04499995 0.09285467 -0.02606284 0.04497534 0.09282803 -0.02636802 0.04490208 0.08196347 -0.01943713 0.0150246 0.08199012 -0.01913195 0.01509785 0.09278434 -0.01884198 0.04478198 0.09282803 -0.01913195 0.04490208 0.09285467 -0.01943713 0.04497534 0.08196347 -0.02606284 0.0150246 0.08195453 -0.02574998 0.01499998 0.08195453 -0.01974999 0.01499998 0.08225435 -0.027368 0.01582437 0.08216756 -0.02716416 0.01558578 0.08209341 -0.02692556 0.01538193 0.09278434 -0.02665793 0.04478198 0.09272474 -0.02692556 0.04461801 0.09265059 -0.02716416 0.04441416 0.08203381 -0.01884198 0.01521795 0.08209341 -0.01857441 0.01538193 0.08216756 -0.01833575 0.01558578 0.0925638 -0.01813197 0.04417556 0.09265059 -0.01833575 0.04441416 0.09272474 -0.01857441 0.04461801 0.0925638 -0.027368 0.04417556 0.09246653 -0.02753198 0.04390794 0.09236109 -0.02765208 0.04361802 0.08256804 -0.02772533 0.01668709 0.08245706 -0.02765208 0.01638191 0.08235162 -0.02753198 0.016092 0.08225435 -0.01813197 0.01582437 0.08235162 -0.01796793 0.016092 0.08245706 -0.01784783 0.01638191 0.0922501 -0.01777458 0.04331284 0.09236109 -0.01784783 0.04361802 0.09246653 -0.01796793 0.04390794 0.0922501 -0.02772533 0.04331284 0.09213632 -0.02774995 0.04299998 0.08268177 -0.02774995 0.01699995 0.08256804 -0.01777458 0.01668709 0.08268177 -0.01774996 0.01699995 0.09213632 -0.01774996 0.04299998 0.08624637 -0.01913195 0.01509785 0.08621972 -0.01943713 0.0150246 0.08621078 -0.01974999 0.01499998 0.09704059 -0.02665793 0.04478198 0.09708428 -0.02636802 0.04490208 0.08621078 -0.02574998 0.01499998 0.08621972 -0.02606284 0.0150246 0.08624637 -0.02636802 0.01509785 0.09711092 -0.02606284 0.04497534 0.09711986 -0.02574998 0.04499995 0.09711986 -0.01974999 0.04499995 0.09711092 -0.01943713 0.04497534 0.09708428 -0.01913195 0.04490208 0.09704059 -0.01884198 0.04478198 0.08642381 -0.01833575 0.01558578 0.08634966 -0.01857441 0.01538193 0.08629006 -0.01884198 0.01521795 0.08629006 -0.02665793 0.01521795 0.08634966 -0.02692556 0.01538193 0.08642381 -0.02716416 0.01558578 0.09682005 -0.027368 0.04417556 0.09690684 -0.02716416 0.04441416 0.09698098 -0.02692556 0.04461801 0.09698098 -0.01857441 0.04461801 0.09690684 -0.01833575 0.04441416 0.09682005 -0.01813197 0.04417556 0.08671331 -0.01784783 0.01638191 0.08660787 -0.01796793 0.016092 0.08651059 -0.01813197 0.01582437 0.09650635 -0.02772533 0.04331284 0.09661734 -0.02765208 0.04361802 0.09672278 -0.02753198 0.04390794 0.08651059 -0.027368 0.01582437 0.08660787 -0.02753198 0.016092 0.08671331 -0.02765208 0.01638191 0.09672278 -0.01796793 0.04390794 0.09661734 -0.01784783 0.04361802 0.09650635 -0.01777458 0.04331284 0.09639257 -0.01774996 0.04299998 0.08693808 -0.01774996 0.01699995 0.08682429 -0.01777458 0.01668709 0.08682429 -0.02772533 0.01668709 0.08693808 -0.02774995 0.01699995 0.09639257 -0.02774995 0.04299998 0.06178021 -0.02606284 0.04497534 0.06175357 -0.02636802 0.04490208 0.06175357 -0.01913195 0.04490208 0.06178021 -0.01943713 0.04497534 0.06178915 -0.01974999 0.04499995 0.06178915 -0.02574998 0.04499995 0.05095934 -0.02665793 0.01521795 0.05091565 -0.02636802 0.01509785 0.05088007 -0.01974999 0.01499998 0.05088007 -0.02574998 0.01499998 0.05088901 -0.02606284 0.0150246 0.05088901 -0.01943713 0.0150246 0.05091565 -0.01913195 0.01509785 0.05095934 -0.01884198 0.01521795 0.06157618 -0.01833575 0.04441416 0.06165027 -0.01857441 0.04461801 0.06170988 -0.01884198 0.04478198 0.06170988 -0.02665793 0.04478198 0.06165027 -0.02692556 0.04461801 0.06157618 -0.02716416 0.04441416 0.05117988 -0.027368 0.01582437 0.0510931 -0.02716416 0.01558578 0.05101895 -0.02692556 0.01538193 0.05101895 -0.01857441 0.01538193 0.0510931 -0.01833575 0.01558578 0.05117988 -0.01813197 0.01582437 0.0614894 -0.027368 0.04417556 0.06139206 -0.02753198 0.04390794 0.06128662 -0.02765208 0.04361802 0.06128662 -0.01784783 0.04361802 0.06139206 -0.01796793 0.04390794 0.0614894 -0.01813197 0.04417556 0.05149358 -0.02772533 0.01668709 0.0513826 -0.02765208 0.01638191 0.05127716 -0.02753198 0.016092 0.05127716 -0.01796793 0.016092 0.0513826 -0.01784783 0.01638191 0.05149358 -0.01777458 0.01668709 0.06117564 -0.02772533 0.04331284 0.06106191 -0.02774995 0.04299998 0.05160737 -0.02774995 0.01699995 0.05160737 -0.01774996 0.01699995 0.06106191 -0.01774996 0.04299998 0.06117564 -0.01777458 0.04331284 0.05521559 -0.01884198 0.01521795 0.0551719 -0.01913195 0.01509785 0.05514526 -0.02606284 0.0150246 0.0551719 -0.02636802 0.01509785 0.06603646 -0.01943713 0.04497534 0.06600981 -0.01913195 0.04490208 0.05514526 -0.01943713 0.0150246 0.05513632 -0.01974999 0.01499998 0.05513632 -0.02574998 0.01499998 0.06596618 -0.02665793 0.04478198 0.06600981 -0.02636802 0.04490208 0.06603646 -0.02606284 0.04497534 0.06604546 -0.02574998 0.04499995 0.06604546 -0.01974999 0.04499995 0.05543613 -0.01813197 0.01582437 0.05534934 -0.01833575 0.01558578 0.05527526 -0.01857441 0.01538193 0.05521559 -0.02665793 0.01521795 0.05527526 -0.02692556 0.01538193 0.05534934 -0.02716416 0.01558578 0.06596618 -0.01884198 0.04478198 0.06590652 -0.01857441 0.04461801 0.06583243 -0.01833575 0.04441416 0.06574565 -0.027368 0.04417556 0.06583243 -0.02716416 0.04441416 0.06590652 -0.02692556 0.04461801 0.05574983 -0.01777458 0.01668709 0.05563884 -0.01784783 0.01638191 0.0555334 -0.01796793 0.016092 0.06543195 -0.02772533 0.04331284 0.06554287 -0.02765208 0.04361802 0.06564831 -0.02753198 0.04390794 0.06574565 -0.01813197 0.04417556 0.06564831 -0.01796793 0.04390794 0.06554287 -0.01784783 0.04361802 0.05543613 -0.027368 0.01582437 0.0555334 -0.02753198 0.016092 0.05563884 -0.02765208 0.01638191 0.06543195 -0.01777458 0.04331284 0.06531816 -0.01774996 0.04299998 0.05586361 -0.01774996 0.01699995 0.05574983 -0.02772533 0.01668709 0.05586361 -0.02774995 0.01699995 0.06531816 -0.02774995 0.04299998 -0.06577783 -0.03057569 0.004999995 -0.06604719 -0.03050351 0.004999995 -0.07049995 -0.03499996 0.004999995 -0.06709998 -0.02899998 0.004999995 -0.06707566 -0.02872216 0.004999995 -0.07049995 -0.02799999 0.004999995 -0.06399649 -0.02845275 0.004999995 -0.06392431 -0.02872216 0.004999995 -0.06049996 -0.02799999 0.004999995 -0.06672567 -0.03002846 0.004999995 -0.07049995 -0.03454995 0.004999995 -0.06652843 -0.03022563 0.004999995 -0.06629997 -0.03038561 0.004999995 -0.06688565 -0.02979999 0.004999995 -0.06700348 -0.02954721 0.004999995 -0.06707566 -0.0292778 0.004999995 -0.06629997 -0.02761435 0.004999995 -0.06604719 -0.02749645 0.004999995 -0.07049995 -0.01812267 0.004999995 -0.06495273 -0.02749645 0.004999995 -0.0647 -0.02761435 0.004999995 -0.06049996 -0.01812267 0.004999995 -0.06389999 -0.02899998 0.004999995 -0.06392431 -0.0292778 0.004999995 -0.06049996 -0.03499996 0.004999995 -0.06399649 -0.02954721 0.004999995 -0.06652843 -0.02777433 0.004999995 -0.06411433 -0.02979999 0.004999995 -0.06427431 -0.03002846 0.004999995 -0.06447154 -0.03022563 0.004999995 -0.06522214 -0.03057569 0.004999995 -0.06549996 -0.03059995 0.004999995 -0.06700348 -0.02845275 0.004999995 -0.06688565 -0.02819997 0.004999995 -0.06672567 -0.0279715 0.004999995 -0.0647 -0.03038561 0.004999995 -0.06495273 -0.03050351 0.004999995 -0.06447154 -0.02777433 0.004999995 -0.06427431 -0.0279715 0.004999995 -0.06411433 -0.02819997 0.004999995 -0.06577783 -0.02742427 0.004999995 -0.06549996 -0.02739995 0.004999995 -0.06522214 -0.02742427 0.004999995 -0.06700348 0.02845275 0.004999995 -0.06707566 0.02872216 0.004999995 -0.07049995 0.02799999 0.004999995 -0.07049995 0.01812267 0.004999995 -0.06604719 0.02749645 0.004999995 -0.06629997 0.02761435 0.004999995 -0.06652843 0.02777433 0.004999995 -0.06672567 0.0279715 0.004999995 -0.06688565 0.02819997 0.004999995 -0.06522214 0.03057569 0.004999995 -0.06495273 0.03050351 0.004999995 -0.06049996 0.03499996 0.004999995 -0.06392431 0.02872216 0.004999995 -0.06049996 0.02799999 0.004999995 -0.06389999 0.02899998 0.004999995 -0.06392431 0.0292778 0.004999995 -0.06709998 0.02899998 0.004999995 -0.06707566 0.0292778 0.004999995 -0.07049995 0.03499996 0.004999995 -0.06700348 0.02954721 0.004999995 -0.06688565 0.02979999 0.004999995 -0.06495273 0.02749645 0.004999995 -0.06049996 0.01812267 0.004999995 -0.0647 0.02761435 0.004999995 -0.06447154 0.02777433 0.004999995 -0.06522214 0.02742427 0.004999995 -0.06549996 0.02739995 0.004999995 -0.06577783 0.02742427 0.004999995 -0.06672567 0.03002846 0.004999995 -0.06652843 0.03022563 0.004999995 -0.06629997 0.03038561 0.004999995 -0.06399649 0.02954721 0.004999995 -0.06049996 0.03454995 0.004999995 -0.06411433 0.02979999 0.004999995 -0.06399649 0.02845275 0.004999995 -0.06411433 0.02819997 0.004999995 -0.06427431 0.0279715 0.004999995 -0.06604719 0.03050351 0.004999995 -0.06577783 0.03057569 0.004999995 -0.06549996 0.03059995 0.004999995 -0.0647 0.03038561 0.004999995 -0.06447154 0.03022563 0.004999995 -0.06427431 0.03002846 0.004999995 -0.06049996 0.01812267 0.03214997 -0.07049995 0.01812267 0.03214997 -0.06049996 0.02799999 0.03214997 -0.07049995 0.02799999 0.03214997 -0.06049996 0.03454995 0.03214997 -0.07049995 0.03499996 0.03214997 -0.06049996 0.03499996 0.03214997 -0.06049996 -0.01148587 0.03214997 -0.07049995 -0.01148587 0.03214997 -0.07049995 -0.01090615 0.03214997 -0.06049996 0 0.03214997 -0.07049995 0 0.03214997 -0.06049996 0.01090615 0.03214997 -0.07049995 0.01148587 0.03214997 -0.06049996 0.01148587 0.03214997 -0.06399649 0.02845275 0.05499994 -0.06392431 0.02872216 0.05499994 -0.06049996 0.02799999 0.05499994 -0.06709998 0.02899998 0.05499994 -0.06707566 0.02872216 0.05499994 -0.07049995 0.02799999 0.05499994 -0.06577783 0.03057569 0.05499994 -0.06604719 0.03050351 0.05499994 -0.07049995 0.03499996 0.05499994 -0.06495273 0.02749645 0.05499994 -0.0647 0.02761435 0.05499994 -0.06049996 0.02130728 0.05499994 -0.06389999 0.02899998 0.05499994 -0.06392431 0.0292778 0.05499994 -0.06049996 0.03454995 0.05499994 -0.06399649 0.02954721 0.05499994 -0.0647 0.03038561 0.05499994 -0.06495273 0.03050351 0.05499994 -0.06049996 0.03499996 0.05499994 -0.06522214 0.03057569 0.05499994 -0.06549996 0.03059995 0.05499994 -0.06629997 0.03038561 0.05499994 -0.06652843 0.03022563 0.05499994 -0.06672567 0.03002846 0.05499994 -0.06629997 0.02761435 0.05499994 -0.06604719 0.02749645 0.05499994 -0.07049995 0.02130728 0.05499994 -0.06447154 0.02777433 0.05499994 -0.06427431 0.0279715 0.05499994 -0.06411433 0.02819997 0.05499994 -0.06411433 0.02979999 0.05499994 -0.06427431 0.03002846 0.05499994 -0.06447154 0.03022563 0.05499994 -0.06688565 0.02979999 0.05499994 -0.06700348 0.02954721 0.05499994 -0.06707566 0.0292778 0.05499994 -0.06652843 0.02777433 0.05499994 -0.06577783 0.02742427 0.05499994 -0.06549996 0.02739995 0.05499994 -0.06522214 0.02742427 0.05499994 -0.06700348 0.02845275 0.05499994 -0.06688565 0.02819997 0.05499994 -0.06672567 0.0279715 0.05499994 -0.06392431 -0.02872216 0.05499994 -0.06049996 -0.02799999 0.05499994 -0.06389999 -0.02899998 0.05499994 -0.06392431 -0.0292778 0.05499994 -0.06577783 -0.02742427 0.05499994 -0.06604719 -0.02749645 0.05499994 -0.07049995 -0.02130728 0.05499994 -0.07049995 -0.02799999 0.05499994 -0.06672567 -0.0279715 0.05499994 -0.06688565 -0.02819997 0.05499994 -0.06700348 -0.02845275 0.05499994 -0.06707566 -0.02872216 0.05499994 -0.06629997 -0.02761435 0.05499994 -0.06652843 -0.02777433 0.05499994 -0.06629997 -0.03038561 0.05499994 -0.06604719 -0.03050351 0.05499994 -0.07049995 -0.03499996 0.05499994 -0.06399649 -0.02845275 0.05499994 -0.06411433 -0.02819997 0.05499994 -0.06049996 -0.02130728 0.05499994 -0.06427431 -0.0279715 0.05499994 -0.06447154 -0.02777433 0.05499994 -0.06522214 -0.02742427 0.05499994 -0.06549996 -0.02739995 0.05499994 -0.06709998 -0.02899998 0.05499994 -0.06707566 -0.0292778 0.05499994 -0.07049995 -0.03454995 0.05499994 -0.06700348 -0.02954721 0.05499994 -0.06495273 -0.03050351 0.05499994 -0.0647 -0.03038561 0.05499994 -0.06049996 -0.03499996 0.05499994 -0.06399649 -0.02954721 0.05499994 -0.06411433 -0.02979999 0.05499994 -0.0647 -0.02761435 0.05499994 -0.06495273 -0.02749645 0.05499994 -0.06688565 -0.02979999 0.05499994 -0.06672567 -0.03002846 0.05499994 -0.06652843 -0.03022563 0.05499994 -0.06447154 -0.03022563 0.05499994 -0.06427431 -0.03002846 0.05499994 -0.06577783 -0.03057569 0.05499994 -0.06549996 -0.03059995 0.05499994 -0.06522214 -0.03057569 0.05499994 -0.06049996 -0.02799999 0.04214996 -0.06049996 -0.02130728 0.04214996 -0.07049995 -0.02130728 0.04214996 -0.07049995 -0.03499996 0.04214996 -0.06049996 -0.03499996 0.04214996 -0.07049995 -0.03454995 0.04214996 -0.07049995 -0.02799999 0.04214996 -0.06049996 0.00832647 0.04214996 -0.07049995 0.00832647 0.04214996 -0.06049996 0 0.04214996 -0.07049995 0 0.04214996 -0.06049996 -0.00832647 0.04214996 -0.07049995 -0.00832647 0.04214996 -0.06049996 -0.03499996 0.04857498 -0.07049995 -0.03499996 0.04857498 -0.07049995 0.03499996 0.04214996 -0.06049996 0.03499996 0.04214996 -0.07049995 0.03499996 0.04857498 -0.06049996 0.03499996 0.04857498 -0.06549996 0.03059995 0.06 -0.06522214 0.03057569 0.06 -0.06495273 0.03050351 0.06 -0.0647 0.03038561 0.06 -0.06447154 0.03022563 0.06 -0.06427431 0.03002846 0.06 -0.06411433 0.02979999 0.06 -0.06399649 0.02954721 0.06 -0.06392431 0.0292778 0.06 -0.06389999 0.02899998 0.06 -0.06392431 0.02872216 0.06 -0.06399649 0.02845275 0.06 -0.06411433 0.02819997 0.06 -0.06427431 0.0279715 0.06 -0.06447154 0.02777433 0.06 -0.0647 0.02761435 0.06 -0.06495273 0.02749645 0.06 -0.06522214 0.02742427 0.06 -0.06549996 0.02739995 0.06 -0.06577783 0.02742427 0.06 -0.06604719 0.02749645 0.06 -0.06629997 0.02761435 0.06 -0.06652843 0.02777433 0.06 -0.06672567 0.0279715 0.06 -0.06688565 0.02819997 0.06 -0.06700348 0.02845275 0.06 -0.06707566 0.02872216 0.06 -0.06709998 0.02899998 0.06 -0.06707566 0.0292778 0.06 -0.06700348 0.02954721 0.06 -0.06688565 0.02979999 0.06 -0.06672567 0.03002846 0.06 -0.06652843 0.03022563 0.06 -0.06629997 0.03038561 0.06 -0.06604719 0.03050351 0.06 -0.06577783 0.03057569 0.06 -0.06549996 -0.02739995 0.06 -0.06522214 -0.02742427 0.06 -0.06495273 -0.02749645 0.06 -0.0647 -0.02761435 0.06 -0.06447154 -0.02777433 0.06 -0.06427431 -0.0279715 0.06 -0.06411433 -0.02819997 0.06 -0.06399649 -0.02845275 0.06 -0.06392431 -0.02872216 0.06 -0.06389999 -0.02899998 0.06 -0.06392431 -0.0292778 0.06 -0.06399649 -0.02954721 0.06 -0.06411433 -0.02979999 0.06 -0.06427431 -0.03002846 0.06 -0.06447154 -0.03022563 0.06 -0.0647 -0.03038561 0.06 -0.06495273 -0.03050351 0.06 -0.06522214 -0.03057569 0.06 -0.06549996 -0.03059995 0.06 -0.06577783 -0.03057569 0.06 -0.06604719 -0.03050351 0.06 -0.06629997 -0.03038561 0.06 -0.06652843 -0.03022563 0.06 -0.06672567 -0.03002846 0.06 -0.06688565 -0.02979999 0.06 -0.06700348 -0.02954721 0.06 -0.06707566 -0.0292778 0.06 -0.06709998 -0.02899998 0.06 -0.06707566 -0.02872216 0.06 -0.06700348 -0.02845275 0.06 -0.06688565 -0.02819997 0.06 -0.06672567 -0.0279715 0.06 -0.06652843 -0.02777433 0.06 -0.06629997 -0.02761435 0.06 -0.06604719 -0.02749645 0.06 -0.06577783 -0.02742427 0.06 -0.07049995 0.02799999 0.06 -0.07049995 -0.03499996 0.06 -0.06049996 0.01090615 0.06 -0.06049996 -0.02799999 0.06 -0.07049995 -0.03454995 0.06 -0.07049995 -0.02799999 0.06 -0.07049995 0.03499996 0.06 -0.06049996 0.02799999 0.06 -0.06049996 -0.03499996 0.06 -0.07049995 0.01719295 0.06 -0.06049996 0 0.06 -0.07049995 -0.01090615 0.06 -0.07049995 0 0.06 -0.06049996 0.03454995 0.06 -0.06049996 -0.01719295 0.06 -0.06049996 0.03499996 0.06 -0.06049996 -0.03092426 0.03892779 -0.06049996 -0.0309 0.03864997 -0.06049996 -0.02799999 0.04119998 -0.06049996 0.002515554 0.01840132 -0.06049996 0.002500355 0.01857495 -0.06049996 0 0.01857495 -0.06049996 -0.01812267 0.03214997 -0.06049996 -0.01719295 0.03309994 -0.06049996 -0.02799999 0.03309994 -0.06049996 0.02799999 0.04119998 -0.06049996 0.03454995 0.04119998 -0.06049996 0.03454995 0.04214996 -0.06049996 -0.03969842 0.05671006 -0.06049996 -0.03933012 0.0575 -0.06049996 -0.03883022 0.05821388 -0.06049996 -0.03586822 0.059924 -0.06049996 -0.03671008 0.05969846 -0.06049996 -0.03749996 0.0593301 -0.06049996 -0.0382139 0.0588302 -0.06049996 0.03586822 0.059924 -0.06049996 0.03992402 0.0558682 -0.06049996 0.03969842 0.05671006 -0.06049996 0.03933012 0.0575 -0.06049996 0.03883022 0.05821388 -0.06049996 0.0382139 0.0588302 -0.06049996 0.03749996 0.0593301 -0.06049996 0.03671008 0.05969846 -0.06049996 0.03454995 0.002499997 -0.06049996 0.03454995 0 -0.06049996 0.03499996 0 -0.06049996 0.03586822 7.596e-5 -0.06049996 0.03671008 3.01538e-4 -0.06049996 0.03749996 6.69872e-4 -0.06049996 0.0382139 0.001169741 -0.06049996 0.03883022 0.001786053 -0.06049996 0.03933012 0.002499997 -0.06049996 -0.03671008 3.01538e-4 -0.06049996 -0.03586822 7.596e-5 -0.06049996 -0.03749996 6.69872e-4 -0.06049996 -0.03499996 0 -0.06049996 -0.0382139 0.001169741 -0.06049996 -0.03883022 0.001786053 -0.06049996 -0.03933012 0.002499997 -0.06049996 -0.03999996 0.004999995 -0.06049996 -0.03992402 0.004131734 -0.06049996 -0.03969842 0.003289878 -0.06049996 -0.005712509 0.04807496 -0.06049996 -0.005812466 0.0479322 -0.06049996 -3.4202e-4 0.04712027 -0.06049996 -0.008500099 0.04216516 -0.06049996 -0.01719295 0.04119998 -0.06049996 0 0.04119998 -0.06049996 -0.009266197 0.04349201 -0.06049996 -0.009192526 0.04364997 -0.06049996 -0.008668482 0.04221028 -0.06049996 -0.008826494 0.04228395 -0.06049996 -0.008969247 0.0423839 -0.06049996 -0.009092509 0.04250717 -0.06049996 -0.009192526 0.04264998 -0.06049996 -0.009266197 0.04280793 -0.06049996 -0.009092509 0.04379278 -0.06049996 -0.008969247 0.04391604 -0.06049996 -0.006236493 0.04763525 -0.06049996 -0.005935728 0.04780894 -0.06049996 -0.006078541 0.04770892 -0.06049996 -0.008668482 0.04408967 -0.06049996 -0.008826494 0.044016 -0.06049996 -0.009311258 0.04297631 -0.06049996 -0.009326457 0.04314994 -0.06049996 -0.009311258 0.04332363 -0.06049996 -2.07912e-4 0.04715871 -0.06049996 -0.005593717 0.04840135 -0.06049996 -0.005638837 0.04823297 -0.06049996 0.006236493 0.04763525 -0.06049996 0.006078541 0.04770892 -0.06049996 3.4202e-4 0.04712027 -0.06049996 0.005935728 0.04780894 -0.06049996 0.005812466 0.0479322 -0.06049996 0.005712509 0.04807496 -0.06049996 0.005638837 0.04823297 -0.06049996 2.07912e-4 0.04715871 -0.06049996 0.005593717 0.04840135 -0.06049996 0.01090615 0.04119998 -0.06049996 0.008500099 0.04216516 -0.06049996 0.008668482 0.04408967 -0.06049996 0.008826494 0.044016 -0.06049996 0.02130728 0.04214996 -0.06049996 0.008969247 0.04391604 -0.06049996 0.009092509 0.04379278 -0.06049996 0.009192526 0.04364997 -0.06049996 0.009266197 0.04349201 -0.06049996 0.009311258 0.04332363 -0.06049996 0.009326457 0.04314994 -0.06049996 0.009311258 0.04297631 -0.06049996 0.009266197 0.04280793 -0.06049996 0.009192526 0.04264998 -0.06049996 0.009092509 0.04250717 -0.06049996 0.008969247 0.0423839 -0.06049996 0.008826494 0.04228395 -0.06049996 0.008668482 0.04221028 -0.06049996 0.02799999 0.03309994 -0.06049996 0.01090615 0.03309994 -0.06049996 0.0124256 0.03149199 -0.06049996 0.01247072 0.03132361 -0.06049996 0.01248592 0.03114998 -0.06049996 0.01247072 0.03097635 -0.06049996 0.0124256 0.03080797 -0.06049996 0.01235193 0.03064996 -0.06049996 0.01212871 0.03191602 -0.06049996 0.01225191 0.03179275 -0.06049996 0.01235193 0.03164994 -0.06049996 0.01165956 0.03213477 -0.06049996 0.01182794 0.03208965 -0.06049996 0.01198589 0.03201597 -0.06049996 -0.01235193 0.03164994 -0.06049996 -0.01225191 0.03179275 -0.06049996 -0.01212871 0.03191602 -0.06049996 -0.01198589 0.03201597 -0.06049996 -0.01182794 0.03208965 -0.06049996 -0.01225191 0.0305072 -0.06049996 -0.01235193 0.03064996 -0.06049996 -0.0124256 0.03080797 -0.06049996 -0.01247072 0.03097635 -0.06049996 -0.01165956 0.03213477 -0.06049996 0 0.03309994 -0.06049996 -0.01248592 0.03114998 -0.06049996 -0.01247072 0.03132361 -0.06049996 -0.0124256 0.03149199 -0.06049996 7.74924e-5 0.02051514 -0.06049996 -7.74924e-5 0.02051514 -0.06049996 -0.002634346 0.01907497 -0.06049996 -2.30616e-4 0.0205391 -0.06049996 -0.002560675 0.01891702 -0.06049996 -0.002515554 0.01874864 -0.06049996 -3.782e-4 0.02058643 -0.06049996 -5.16699e-4 0.02065598 -0.06049996 -0.002734303 0.01921778 -0.06049996 -6.42788e-4 0.02074611 -0.06049996 -0.002857565 0.01934105 -0.06049996 -0.01212871 0.03038394 -0.06049996 0.002515554 0.01874864 -0.06049996 0.01225191 0.0305072 -0.06049996 0.01212871 0.03038394 -0.06049996 0.002857565 0.01934105 -0.06049996 6.42788e-4 0.02074611 -0.06049996 0.002734303 0.01921778 -0.06049996 0.002560675 0.01891702 -0.06049996 0.002634346 0.01907497 -0.06049996 2.30616e-4 0.0205391 -0.06049996 3.782e-4 0.02058643 -0.06049996 5.16699e-4 0.02065598 -0.06049996 0.03999996 0.04119998 -0.06049996 0.03999996 0.04857498 -0.06049996 0.03999996 0.05499994 -0.06049996 0.008500099 0.0549848 -0.06049996 0.008668482 0.05493968 -0.06049996 0.008826494 0.05486601 -0.06049996 0.009326457 0.05399996 -0.06049996 0.009311258 0.05417364 -0.06049996 0.009266197 0.05434197 -0.06049996 0.005593717 0.04874861 -0.06049996 0.005638837 0.04891699 -0.06049996 3.4202e-4 0.05002969 -0.06049996 0.005712509 0.04907494 -0.06049996 0.005812466 0.04921776 -0.06049996 0.008969247 0.05476599 -0.06049996 0.009092509 0.05464273 -0.06049996 0.009192526 0.05449998 -0.06049996 2.07912e-4 0.04999125 -0.06049996 6.97565e-5 0.04997181 -0.06049996 0.005578517 0.04857498 -0.06049996 0 0.04857498 -0.06049996 6.97565e-5 0.04717814 -0.06049996 0.009311258 0.05382633 -0.06049996 0.009266197 0.05365794 -0.06049996 0.009192526 0.05349999 -0.06049996 0.009092509 0.05335718 -0.06049996 0.008969247 0.05323392 -0.06049996 0.006236493 0.04951465 -0.06049996 0.005935728 0.04934102 -0.06049996 0.006078541 0.04944097 -0.06049996 0.008668482 0.05306029 -0.06049996 0.008826494 0.05313396 -0.06049996 0.02799999 0.04214996 -0.06049996 -0.03992402 0.0558682 -0.06049996 -0.03999996 0.05499994 -0.06049996 -0.03999996 0.04857498 -0.06049996 -0.03999996 0.04119998 -0.06049996 -0.005935728 0.04934102 -0.06049996 -0.005812466 0.04921776 -0.06049996 -0.008668482 0.05306029 -0.06049996 -6.97565e-5 0.04717814 -0.06049996 -0.005578517 0.04857498 -0.06049996 -0.005593717 0.04874861 -0.06049996 -0.008969247 0.05323392 -0.06049996 -0.009092509 0.05335718 -0.06049996 -0.009192526 0.05349999 -0.06049996 -0.009266197 0.05365794 -0.06049996 -0.009311258 0.05382633 -0.06049996 -0.009326457 0.05399996 -0.06049996 -0.009311258 0.05417364 -0.06049996 -3.4202e-4 0.05002969 -0.06049996 -0.008826494 0.05313396 -0.06049996 -0.006236493 0.04951465 -0.06049996 -0.006078541 0.04944097 -0.06049996 -0.005712509 0.04907494 -0.06049996 -0.005638837 0.04891699 -0.06049996 -2.07912e-4 0.04999125 -0.06049996 -6.97565e-5 0.04997181 -0.06049996 -0.009092509 0.05464273 -0.06049996 -0.009192526 0.05449998 -0.06049996 -0.009266197 0.05434197 -0.06049996 -0.008969247 0.05476599 -0.06049996 -0.008826494 0.05486601 -0.06049996 -0.008668482 0.05493968 -0.06049996 -0.008500099 0.0549848 -0.06049996 -0.00832647 0.05499994 -0.06049996 0 0.05499994 -0.06049996 0.00832647 0.05499994 -0.06049996 -0.02799999 0.002499997 -0.06049996 -0.01719295 0.002499997 -0.06049996 -0.01165956 0.005015134 -0.06049996 -0.01182794 0.005060255 -0.06049996 -0.01198589 0.005133926 -0.06049996 -0.01212871 0.005233943 -0.06049996 -2.30616e-4 0.01661086 -0.06049996 -7.74924e-5 0.01663482 -0.06049996 -0.002634346 0.01807498 -0.06049996 -0.01247072 0.005826294 -0.06049996 -0.01248592 0.005999982 -0.06049996 -0.002500355 0.01857495 -0.06049996 -0.002515554 0.01840132 -0.06049996 -0.002560675 0.01823294 -0.06049996 -0.01225191 0.005357205 -0.06049996 -0.01235193 0.005499958 -0.06049996 -0.0124256 0.00565797 -0.06049996 -0.01247072 0.00617361 -0.06049996 -0.0124256 0.006341993 -0.06049996 -0.01235193 0.006499946 -0.06049996 -6.42788e-4 0.01640385 -0.06049996 -5.16699e-4 0.01649397 -0.06049996 -3.782e-4 0.01656353 -0.06049996 -0.01225191 0.006642758 -0.06049996 -0.01212871 0.006766021 -0.06049996 -0.002857565 0.01780891 -0.06049996 -0.002734303 0.01793217 -0.06049996 -0.03999996 0.01857495 -0.06049996 -0.03499996 0.01857495 -0.06049996 -0.03999996 0.03309994 -0.06049996 -0.03499996 0.03214997 -0.06049996 -0.02799999 0.03214997 -0.06049996 0.03454995 0.03309994 -0.06049996 0.002560675 0.01823294 -0.06049996 0.002634346 0.01807498 -0.06049996 7.74924e-5 0.01663482 -0.06049996 2.30616e-4 0.01661086 -0.06049996 0.01248592 0.005999982 -0.06049996 0.01247072 0.005826294 -0.06049996 0.0124256 0.00565797 -0.06049996 0.01235193 0.005499958 -0.06049996 0.01225191 0.005357205 -0.06049996 3.782e-4 0.01656353 -0.06049996 5.16699e-4 0.01649397 -0.06049996 0.002734303 0.01793217 -0.06049996 6.42788e-4 0.01640385 -0.06049996 0.002857565 0.01780891 -0.06049996 0.01212871 0.006766021 -0.06049996 0.01225191 0.006642758 -0.06049996 0.01235193 0.006499946 -0.06049996 0.0124256 0.006341993 -0.06049996 0.01247072 0.00617361 -0.06049996 0.01212871 0.005233943 -0.06049996 0.01198589 0.005133926 -0.06049996 0.01090615 0.002499997 -0.06049996 0.01182794 0.005060255 -0.06049996 0.01165956 0.005015134 -0.06049996 0.02799999 0.002499997 -0.06049996 0.03969842 0.003289878 -0.06049996 0.01148587 0.004999995 -0.06049996 0.01090615 0.004999995 -0.06049996 0 0.002499997 -0.06049996 0 0.004999995 -0.06049996 -0.01148587 0.004999995 -0.06049996 0.02799999 0 -0.06049996 0.01090615 0 -0.06049996 0 0 -0.06049996 -0.01719295 0 -0.06049996 -0.02799999 0 -0.06049996 -0.0309 0.03564995 -0.06049996 -0.03092426 0.03537213 -0.06049996 -0.03400349 0.03510272 -0.06049996 -0.03388559 0.03485 -0.06049996 -0.03372561 0.03462153 -0.06049996 -0.03099644 0.03510272 -0.06049996 -0.03111433 0.03485 -0.06049996 -0.03127431 0.03462153 -0.06049996 -0.03147149 0.0344243 -0.06049996 -0.03169995 0.03426432 -0.06049996 -0.03195273 0.03414648 -0.06049996 -0.03304719 0.03414648 -0.06049996 -0.03329998 0.03426432 -0.06049996 -0.03352844 0.0344243 -0.06049996 -0.03407567 0.03892779 -0.06049996 -0.03400349 0.0391972 -0.06049996 -0.03388559 0.03944998 -0.06049996 -0.03372561 0.03967845 -0.06049996 -0.03222215 0.0340743 -0.06049996 -0.03249996 0.03404998 -0.06049996 -0.03277778 0.0340743 -0.06049996 -0.03407567 0.03537213 -0.06049996 -0.03409999 0.03564995 -0.06049996 -0.03409999 0.03864997 -0.06049996 -0.03195273 0.0401535 -0.06049996 -0.03169995 0.0400356 -0.06049996 -0.03147149 0.03987562 -0.06049996 -0.03127431 0.03967845 -0.06049996 -0.03111433 0.03944998 -0.06049996 -0.03099644 0.0391972 -0.06049996 -0.03352844 0.03987562 -0.06049996 -0.03329998 0.0400356 -0.06049996 -0.03304719 0.0401535 -0.06049996 -0.03277778 0.04022568 -0.06049996 -0.03249996 0.04025 -0.06049996 -0.03222215 0.04022568 -0.06049996 -0.02189999 0.03564995 -0.06049996 -0.02192425 0.03537213 -0.06049996 -0.02189999 0.03864997 -0.06049996 -0.02199649 0.03510272 -0.06049996 -0.02211433 0.03485 -0.06049996 -0.02227431 0.03462153 -0.06049996 -0.02247148 0.0344243 -0.06049996 -0.02269995 0.03426432 -0.06049996 -0.02295273 0.03414648 -0.06049996 -0.02404719 0.03414648 -0.06049996 -0.02429997 0.03426432 -0.06049996 -0.02472567 0.03967845 -0.06049996 -0.02452844 0.03987562 -0.06049996 -0.02429997 0.0400356 -0.06049996 -0.02404719 0.0401535 -0.06049996 -0.02295273 0.0401535 -0.06049996 -0.02269995 0.0400356 -0.06049996 -0.02247148 0.03987562 -0.06049996 -0.02227431 0.03967845 -0.06049996 -0.02211433 0.03944998 -0.06049996 -0.02199649 0.0391972 -0.06049996 -0.02192425 0.03892779 -0.06049996 -0.02322214 0.0340743 -0.06049996 -0.02349996 0.03404998 -0.06049996 -0.02377784 0.0340743 -0.06049996 -0.02488559 0.03485 -0.06049996 -0.02500349 0.03510272 -0.06049996 -0.02507567 0.03892779 -0.06049996 -0.02500349 0.0391972 -0.06049996 -0.02488559 0.03944998 -0.06049996 -0.02452844 0.0344243 -0.06049996 -0.02472567 0.03462153 -0.06049996 -0.02507567 0.03537213 -0.06049996 -0.02509999 0.03564995 -0.06049996 -0.02509999 0.03864997 -0.06049996 -0.02377784 0.04022568 -0.06049996 -0.02349996 0.04025 -0.06049996 -0.02322214 0.04022568 -0.06049996 0.02507567 0.03537213 -0.06049996 0.02500349 0.03510272 -0.06049996 0.02488559 0.03485 -0.06049996 0.02472567 0.03462153 -0.06049996 0.02269995 0.0400356 -0.06049996 0.02295273 0.0401535 -0.06049996 0.02488559 0.03944998 -0.06049996 0.02500349 0.0391972 -0.06049996 0.02452844 0.0344243 -0.06049996 0.02429997 0.03426432 -0.06049996 0.02404719 0.03414648 -0.06049996 0.02211433 0.03485 -0.06049996 0.02199649 0.03510272 -0.06049996 0.02247148 0.03987562 -0.06049996 0.02404719 0.0401535 -0.06049996 0.02429997 0.0400356 -0.06049996 0.02507567 0.03892779 -0.06049996 0.02509999 0.03864997 -0.06049996 0.02509999 0.03564995 -0.06049996 0.02295273 0.03414648 -0.06049996 0.02269995 0.03426432 -0.06049996 0.02192425 0.03892779 -0.06049996 0.02199649 0.0391972 -0.06049996 0.02322214 0.04022568 -0.06049996 0.02349996 0.04025 -0.06049996 0.02377784 0.04022568 -0.06049996 0.02452844 0.03987562 -0.06049996 0.02472567 0.03967845 -0.06049996 0.02377784 0.0340743 -0.06049996 0.02349996 0.03404998 -0.06049996 0.02322214 0.0340743 -0.06049996 0.02247148 0.0344243 -0.06049996 0.02227431 0.03462153 -0.06049996 0.02211433 0.03944998 -0.06049996 0.02227431 0.03967845 -0.06049996 0.02192425 0.03537213 -0.06049996 0.02189999 0.03564995 -0.06049996 0.02189999 0.03864997 -0.06049996 0.03409999 0.03564995 -0.06049996 0.03409999 0.03864997 -0.06049996 0.03407567 0.03537213 -0.06049996 0.03400349 0.03510272 -0.06049996 0.03388559 0.03485 -0.06049996 0.03147149 0.03987562 -0.06049996 0.03169995 0.0400356 -0.06049996 0.03372561 0.03462153 -0.06049996 0.03352844 0.0344243 -0.06049996 0.03329998 0.03426432 -0.06049996 0.03304719 0.03414648 -0.06049996 0.03277778 0.0340743 -0.06049996 0.03249996 0.03404998 -0.06049996 0.03222215 0.0340743 -0.06049996 0.03092426 0.03892779 -0.06049996 0.03099644 0.0391972 -0.06049996 0.03249996 0.04025 -0.06049996 0.03222215 0.04022568 -0.06049996 0.03195273 0.0401535 -0.06049996 0.03195273 0.03414648 -0.06049996 0.03169995 0.03426432 -0.06049996 0.03147149 0.0344243 -0.06049996 0.03111433 0.03944998 -0.06049996 0.03127431 0.03967845 -0.06049996 0.03277778 0.04022568 -0.06049996 0.03304719 0.0401535 -0.06049996 0.03329998 0.0400356 -0.06049996 0.03127431 0.03462153 -0.06049996 0.03111433 0.03485 -0.06049996 0.03099644 0.03510272 -0.06049996 0.03352844 0.03987562 -0.06049996 0.03372561 0.03967845 -0.06049996 0.03388559 0.03944998 -0.06049996 0.03400349 0.0391972 -0.06049996 0.03407567 0.03892779 -0.06049996 0.03092426 0.03537213 -0.06049996 0.0309 0.03564995 -0.06049996 0.0309 0.03864997 -0.06049996 0.03992402 0.004131734 -0.06049996 0.03999996 0.004999995 -0.06049996 0.03499996 0.01857495 -0.06049996 0.03999996 0.01857495 -0.06049996 0.03999996 0.03309994 -0.07049995 -0.03999996 0.004999995 -0.07049995 -0.03999996 0.01857495 -0.07049995 -0.03999996 0.03309994 -0.07049995 -0.03999996 0.04119998 -0.07049995 -0.03999996 0.04857498 -0.07049995 -0.03999996 0.05499994 -0.07049995 -0.02799999 0.04119998 -0.07049995 -0.03454995 0.04119998 -0.07049995 0.03671008 3.01538e-4 -0.07049995 0.03586822 7.596e-5 -0.07049995 0.03749996 6.69872e-4 -0.07049995 0.03499996 0 -0.07049995 0.0382139 0.001169741 -0.07049995 0.03883022 0.001786053 -0.07049995 0.03992402 0.004131734 -0.07049995 0.03969842 0.003289878 -0.07049995 0.03933012 0.002499997 -0.07049995 0.03586822 0.059924 -0.07049995 0.03671008 0.05969846 -0.07049995 0.03749996 0.0593301 -0.07049995 0.0382139 0.0588302 -0.07049995 0.03883022 0.05821388 -0.07049995 0.03933012 0.0575 -0.07049995 0.03969842 0.05671006 -0.07049995 -0.03586822 0.059924 -0.07049995 -0.03992402 0.0558682 -0.07049995 -0.03969842 0.05671006 -0.07049995 -0.03933012 0.0575 -0.07049995 -0.03883022 0.05821388 -0.07049995 -0.0382139 0.0588302 -0.07049995 -0.03749996 0.0593301 -0.07049995 -0.03671008 0.05969846 -0.07049995 -0.03454995 0.002499997 -0.07049995 -0.03454995 0 -0.07049995 -0.03499996 0 -0.07049995 -0.03586822 7.596e-5 -0.07049995 -0.03671008 3.01538e-4 -0.07049995 -0.03749996 6.69872e-4 -0.07049995 -0.0382139 0.001169741 -0.07049995 -0.03883022 0.001786053 -0.07049995 -0.03933012 0.002499997 -0.07049995 0.03999996 0.03309994 -0.07049995 0.03499996 0.01857495 -0.07049995 0.03999996 0.01857495 -0.07049995 0.03999996 0.004999995 -0.07049995 0.02799999 0.002499997 -0.07049995 0.01719295 0.002499997 -0.07049995 0.01247072 0.005826294 -0.07049995 0.01248592 0.005999982 -0.07049995 0.01165956 0.005015134 -0.07049995 0.01182794 0.005060255 -0.07049995 0.01198589 0.005133926 -0.07049995 0.01212871 0.005233943 -0.07049995 0.002515554 0.01874864 -0.07049995 0.002500355 0.01857495 -0.07049995 0 0.01857495 -0.07049995 0.002515554 0.01840132 -0.07049995 7.74924e-5 0.01663482 -0.07049995 0.01225191 0.005357205 -0.07049995 0.01235193 0.005499958 -0.07049995 0.0124256 0.00565797 -0.07049995 0.002560675 0.01823294 -0.07049995 0.002634346 0.01807498 -0.07049995 2.30616e-4 0.01661086 -0.07049995 0.01247072 0.00617361 -0.07049995 0.0124256 0.006341993 -0.07049995 0.01235193 0.006499946 -0.07049995 6.42788e-4 0.01640385 -0.07049995 5.16699e-4 0.01649397 -0.07049995 3.782e-4 0.01656353 -0.07049995 0.01225191 0.006642758 -0.07049995 0.01212871 0.006766021 -0.07049995 0.002857565 0.01780891 -0.07049995 0.002734303 0.01793217 -0.07049995 0.002560675 0.01891702 -0.07049995 -7.74924e-5 0.02051514 -0.07049995 0.002634346 0.01907497 -0.07049995 7.74924e-5 0.02051514 -0.07049995 2.30616e-4 0.0205391 -0.07049995 6.42788e-4 0.02074611 -0.07049995 0.01212871 0.03038394 -0.07049995 0.01225191 0.0305072 -0.07049995 0.01235193 0.03064996 -0.07049995 0.002857565 0.01934105 -0.07049995 0.002734303 0.01921778 -0.07049995 5.16699e-4 0.02065598 -0.07049995 3.782e-4 0.02058643 -0.07049995 0.0124256 0.03080797 -0.07049995 0.01247072 0.03097635 -0.07049995 0.01248592 0.03114998 -0.07049995 0.01247072 0.03132361 -0.07049995 0.0124256 0.03149199 -0.07049995 0.01719295 0.03309994 -0.07049995 0.01235193 0.03164994 -0.07049995 0.01225191 0.03179275 -0.07049995 0.01212871 0.03191602 -0.07049995 0.01198589 0.03201597 -0.07049995 0.01182794 0.03208965 -0.07049995 0.02799999 0.03309994 -0.07049995 -0.008969247 0.05323392 -0.07049995 -0.008826494 0.05313396 -0.07049995 -0.005812466 0.04921776 -0.07049995 -0.009092509 0.05335718 -0.07049995 -0.005935728 0.04934102 -0.07049995 -0.006078541 0.04944097 -0.07049995 -0.005578517 0.04857498 -0.07049995 -0.005593717 0.04874861 -0.07049995 6.97565e-5 0.04997181 -0.07049995 -6.97565e-5 0.04997181 -0.07049995 -0.009311258 0.05382633 -0.07049995 -0.009266197 0.05365794 -0.07049995 -0.009192526 0.05349999 -0.07049995 -0.006236493 0.04951465 -0.07049995 -0.005638837 0.04891699 -0.07049995 -3.4202e-4 0.05002969 -0.07049995 -2.07912e-4 0.04999125 -0.07049995 -0.005712509 0.04907494 -0.07049995 -0.008668482 0.05306029 -0.07049995 -0.009266197 0.05434197 -0.07049995 -0.009311258 0.05417364 -0.07049995 -0.009326457 0.05399996 -0.07049995 -0.008500099 0.0549848 -0.07049995 -0.008668482 0.05493968 -0.07049995 -0.008826494 0.05486601 -0.07049995 -0.008969247 0.05476599 -0.07049995 -0.009092509 0.05464273 -0.07049995 -0.009192526 0.05449998 -0.07049995 0 0.04857498 -0.07049995 6.97565e-5 0.04717814 -0.07049995 -0.005593717 0.04840135 -0.07049995 -0.009092509 0.04379278 -0.07049995 -0.009192526 0.04364997 -0.07049995 -0.009266197 0.04349201 -0.07049995 -0.009311258 0.04332363 -0.07049995 -0.006236493 0.04763525 -0.07049995 -0.006078541 0.04770892 -0.07049995 -3.4202e-4 0.04712027 -0.07049995 -0.005935728 0.04780894 -0.07049995 -0.005812466 0.0479322 -0.07049995 -0.01090615 0.04119998 -0.07049995 -0.009192526 0.04264998 -0.07049995 -0.009092509 0.04250717 -0.07049995 -0.008668482 0.04408967 -0.07049995 -0.008826494 0.044016 -0.07049995 -0.008969247 0.04391604 -0.07049995 -0.009326457 0.04314994 -0.07049995 -0.009311258 0.04297631 -0.07049995 -0.009266197 0.04280793 -0.07049995 -0.008969247 0.0423839 -0.07049995 -0.008826494 0.04228395 -0.07049995 -0.008668482 0.04221028 -0.07049995 -0.005712509 0.04807496 -0.07049995 -0.005638837 0.04823297 -0.07049995 -2.07912e-4 0.04715871 -0.07049995 -6.97565e-5 0.04717814 -0.07049995 0.008500099 0.04216516 -0.07049995 0.01719295 0.04119998 -0.07049995 0 0.04119998 -0.07049995 0.005593717 0.04840135 -0.07049995 0.005638837 0.04823297 -0.07049995 3.4202e-4 0.04712027 -0.07049995 0.005712509 0.04807496 -0.07049995 0.005812466 0.0479322 -0.07049995 -0.008500099 0.04216516 -0.07049995 0.009192526 0.04364997 -0.07049995 0.009092509 0.04379278 -0.07049995 0.02130728 0.04214996 -0.07049995 0.008969247 0.04391604 -0.07049995 0.006236493 0.04763525 -0.07049995 0.009311258 0.04297631 -0.07049995 0.009326457 0.04314994 -0.07049995 0.009311258 0.04332363 -0.07049995 0.009266197 0.04349201 -0.07049995 0.005935728 0.04780894 -0.07049995 0.006078541 0.04770892 -0.07049995 0.008668482 0.04408967 -0.07049995 0.008826494 0.044016 -0.07049995 0.008668482 0.04221028 -0.07049995 0.008826494 0.04228395 -0.07049995 0.008969247 0.0423839 -0.07049995 0.009092509 0.04250717 -0.07049995 0.009192526 0.04264998 -0.07049995 0.009266197 0.04280793 -0.07049995 2.07912e-4 0.04715871 -0.07049995 0.005578517 0.04857498 -0.07049995 0.005593717 0.04874861 -0.07049995 0.009092509 0.05335718 -0.07049995 0.009192526 0.05349999 -0.07049995 0.009326457 0.05399996 -0.07049995 0.009311258 0.05417364 -0.07049995 0.009092509 0.05464273 -0.07049995 0.009192526 0.05449998 -0.07049995 0.009266197 0.05434197 -0.07049995 0.005812466 0.04921776 -0.07049995 0.005712509 0.04907494 -0.07049995 3.4202e-4 0.05002969 -0.07049995 0.005638837 0.04891699 -0.07049995 2.07912e-4 0.04999125 -0.07049995 0.009266197 0.05365794 -0.07049995 0.009311258 0.05382633 -0.07049995 0.008969247 0.05476599 -0.07049995 0.008826494 0.05486601 -0.07049995 0.008668482 0.05493968 -0.07049995 0.008500099 0.0549848 -0.07049995 0.00832647 0.05499994 -0.07049995 0 0.05499994 -0.07049995 -0.00832647 0.05499994 -0.07049995 0.006236493 0.04951465 -0.07049995 0.006078541 0.04944097 -0.07049995 0.005935728 0.04934102 -0.07049995 0.008668482 0.05306029 -0.07049995 0.008826494 0.05313396 -0.07049995 0.008969247 0.05323392 -0.07049995 0.02799999 0.04119998 -0.07049995 0.02799999 0.04214996 -0.07049995 -2.30616e-4 0.0205391 -0.07049995 -0.002634346 0.01907497 -0.07049995 -0.002515554 0.01840132 -0.07049995 -0.002500355 0.01857495 -0.07049995 -0.002515554 0.01874864 -0.07049995 -0.002560675 0.01891702 -0.07049995 -6.42788e-4 0.02074611 -0.07049995 -5.16699e-4 0.02065598 -0.07049995 -3.782e-4 0.02058643 -0.07049995 -0.01165956 0.03213477 -0.07049995 -0.01090615 0.03309994 -0.07049995 -0.01182794 0.03208965 -0.07049995 -0.01198589 0.03201597 -0.07049995 -0.01812267 0.03214997 -0.07049995 -0.01212871 0.03191602 -0.07049995 -0.01225191 0.03179275 -0.07049995 -0.01235193 0.03164994 -0.07049995 -0.0124256 0.03149199 -0.07049995 -0.01235193 0.03064996 -0.07049995 -0.0124256 0.03080797 -0.07049995 -0.01247072 0.03097635 -0.07049995 -0.01247072 0.03132361 -0.07049995 -0.01248592 0.03114998 -0.07049995 -0.01225191 0.0305072 -0.07049995 -0.01212871 0.03038394 -0.07049995 -0.002857565 0.01934105 -0.07049995 -0.002734303 0.01921778 -0.07049995 0.01165956 0.03213477 -0.07049995 0 0.03309994 -0.07049995 -0.01235193 0.006499946 -0.07049995 -0.0124256 0.006341993 -0.07049995 -0.01212871 0.005233943 -0.07049995 -0.01198589 0.005133926 -0.07049995 -0.01090615 0.002499997 -0.07049995 -0.01182794 0.005060255 -0.07049995 -0.01165956 0.005015134 -0.07049995 -0.01247072 0.00617361 -0.07049995 -0.01248592 0.005999982 -0.07049995 -0.01247072 0.005826294 -0.07049995 -0.0124256 0.00565797 -0.07049995 -0.01235193 0.005499958 -0.07049995 -0.01225191 0.005357205 -0.07049995 -0.002560675 0.01823294 -0.07049995 -0.002634346 0.01807498 -0.07049995 -7.74924e-5 0.01663482 -0.07049995 -2.30616e-4 0.01661086 -0.07049995 -3.782e-4 0.01656353 -0.07049995 -5.16699e-4 0.01649397 -0.07049995 -0.002734303 0.01793217 -0.07049995 -6.42788e-4 0.01640385 -0.07049995 -0.002857565 0.01780891 -0.07049995 -0.01212871 0.006766021 -0.07049995 -0.01225191 0.006642758 -0.07049995 -0.01148587 0.004999995 -0.07049995 -0.01090615 0.004999995 -0.07049995 0 0.002499997 -0.07049995 0 0.004999995 -0.07049995 0.01148587 0.004999995 -0.07049995 -0.02799999 0.03309994 -0.07049995 -0.02799999 0.03214997 -0.07049995 -0.03454995 0.03309994 -0.07049995 -0.03454995 0.03214997 -0.07049995 -0.03499996 0.03214997 -0.07049995 -0.02799999 0.002499997 -0.07049995 -0.03969842 0.003289878 -0.07049995 -0.02799999 0 -0.07049995 -0.01090615 0 -0.07049995 0 0 -0.07049995 0.01719295 0 -0.07049995 0.02799999 0 -0.07049995 0.03111433 0.03944998 -0.07049995 0.03099644 0.0391972 -0.07049995 0.03992402 0.0558682 -0.07049995 0.03999996 0.05499994 -0.07049995 0.03999996 0.04857498 -0.07049995 0.03999996 0.04119998 -0.07049995 0.03249996 0.04025 -0.07049995 0.03092426 0.03892779 -0.07049995 0.0309 0.03864997 -0.07049995 0.0309 0.03564995 -0.07049995 0.03249996 0.03404998 -0.07049995 0.03277778 0.0340743 -0.07049995 0.03304719 0.03414648 -0.07049995 0.03329998 0.03426432 -0.07049995 0.03352844 0.0344243 -0.07049995 0.03372561 0.03462153 -0.07049995 0.03388559 0.03485 -0.07049995 0.03400349 0.03510272 -0.07049995 0.03222215 0.04022568 -0.07049995 0.03195273 0.0401535 -0.07049995 0.03169995 0.0400356 -0.07049995 0.03147149 0.03987562 -0.07049995 0.03127431 0.03967845 -0.07049995 0.03092426 0.03537213 -0.07049995 0.03099644 0.03510272 -0.07049995 0.03111433 0.03485 -0.07049995 0.03127431 0.03462153 -0.07049995 0.03147149 0.0344243 -0.07049995 0.03169995 0.03426432 -0.07049995 0.03195273 0.03414648 -0.07049995 0.03222215 0.0340743 -0.07049995 0.03407567 0.03537213 -0.07049995 0.03409999 0.03564995 -0.07049995 0.03409999 0.03864997 -0.07049995 0.03407567 0.03892779 -0.07049995 0.03400349 0.0391972 -0.07049995 0.03388559 0.03944998 -0.07049995 0.03372561 0.03967845 -0.07049995 0.03352844 0.03987562 -0.07049995 0.03329998 0.0400356 -0.07049995 0.03304719 0.0401535 -0.07049995 0.03277778 0.04022568 -0.07049995 0.02295273 0.0401535 -0.07049995 0.02269995 0.0400356 -0.07049995 0.02211433 0.03944998 -0.07049995 0.02199649 0.0391972 -0.07049995 0.02192425 0.03892779 -0.07049995 0.02199649 0.03510272 -0.07049995 0.02211433 0.03485 -0.07049995 0.02404719 0.0401535 -0.07049995 0.02377784 0.04022568 -0.07049995 0.02349996 0.04025 -0.07049995 0.02322214 0.04022568 -0.07049995 0.02247148 0.03987562 -0.07049995 0.02227431 0.03967845 -0.07049995 0.02227431 0.03462153 -0.07049995 0.02247148 0.0344243 -0.07049995 0.02269995 0.03426432 -0.07049995 0.02295273 0.03414648 -0.07049995 0.02322214 0.0340743 -0.07049995 0.02349996 0.03404998 -0.07049995 0.02377784 0.0340743 -0.07049995 0.02507567 0.03892779 -0.07049995 0.02500349 0.0391972 -0.07049995 0.02488559 0.03944998 -0.07049995 0.02472567 0.03967845 -0.07049995 0.02452844 0.03987562 -0.07049995 0.02429997 0.0400356 -0.07049995 0.02189999 0.03864997 -0.07049995 0.02189999 0.03564995 -0.07049995 0.02192425 0.03537213 -0.07049995 0.02404719 0.03414648 -0.07049995 0.02429997 0.03426432 -0.07049995 0.02452844 0.0344243 -0.07049995 0.02472567 0.03462153 -0.07049995 0.02488559 0.03485 -0.07049995 0.02500349 0.03510272 -0.07049995 0.02507567 0.03537213 -0.07049995 0.02509999 0.03564995 -0.07049995 0.02509999 0.03864997 -0.07049995 -0.02295273 0.03414648 -0.07049995 -0.02269995 0.03426432 -0.07049995 -0.02247148 0.0344243 -0.07049995 -0.02227431 0.03462153 -0.07049995 -0.02211433 0.03485 -0.07049995 -0.02199649 0.03510272 -0.07049995 -0.02192425 0.03892779 -0.07049995 -0.02199649 0.0391972 -0.07049995 -0.02247148 0.03987562 -0.07049995 -0.02269995 0.0400356 -0.07049995 -0.02295273 0.0401535 -0.07049995 -0.02404719 0.0401535 -0.07049995 -0.02429997 0.0400356 -0.07049995 -0.02452844 0.03987562 -0.07049995 -0.02472567 0.03967845 -0.07049995 -0.02488559 0.03944998 -0.07049995 -0.02500349 0.0391972 -0.07049995 -0.02507567 0.03892779 -0.07049995 -0.02509999 0.03864997 -0.07049995 -0.02509999 0.03564995 -0.07049995 -0.02507567 0.03537213 -0.07049995 -0.02211433 0.03944998 -0.07049995 -0.02227431 0.03967845 -0.07049995 -0.02500349 0.03510272 -0.07049995 -0.02488559 0.03485 -0.07049995 -0.02472567 0.03462153 -0.07049995 -0.02404719 0.03414648 -0.07049995 -0.02377784 0.0340743 -0.07049995 -0.02349996 0.03404998 -0.07049995 -0.02322214 0.0340743 -0.07049995 -0.02192425 0.03537213 -0.07049995 -0.02189999 0.03564995 -0.07049995 -0.02189999 0.03864997 -0.07049995 -0.02322214 0.04022568 -0.07049995 -0.02349996 0.04025 -0.07049995 -0.02377784 0.04022568 -0.07049995 -0.02452844 0.0344243 -0.07049995 -0.02429997 0.03426432 -0.07049995 -0.03407567 0.03537213 -0.07049995 -0.03400349 0.03510272 -0.07049995 -0.03409999 0.03564995 -0.07049995 -0.03409999 0.03864997 -0.07049995 -0.03407567 0.03892779 -0.07049995 -0.03169995 0.03426432 -0.07049995 -0.03147149 0.0344243 -0.07049995 -0.03092426 0.03892779 -0.07049995 -0.03099644 0.0391972 -0.07049995 -0.03111433 0.03944998 -0.07049995 -0.03352844 0.03987562 -0.07049995 -0.03372561 0.03967845 -0.07049995 -0.03388559 0.03485 -0.07049995 -0.03372561 0.03462153 -0.07049995 -0.03352844 0.0344243 -0.07049995 -0.03127431 0.03967845 -0.07049995 -0.03147149 0.03987562 -0.07049995 -0.03169995 0.0400356 -0.07049995 -0.03388559 0.03944998 -0.07049995 -0.03400349 0.0391972 -0.07049995 -0.03127431 0.03462153 -0.07049995 -0.03111433 0.03485 -0.07049995 -0.03099644 0.03510272 -0.07049995 -0.03277778 0.04022568 -0.07049995 -0.03304719 0.0401535 -0.07049995 -0.03329998 0.0400356 -0.07049995 -0.03329998 0.03426432 -0.07049995 -0.03304719 0.03414648 -0.07049995 -0.03277778 0.0340743 -0.07049995 -0.03092426 0.03537213 -0.07049995 -0.0309 0.03564995 -0.07049995 -0.0309 0.03864997 -0.07049995 -0.03195273 0.0401535 -0.07049995 -0.03222215 0.04022568 -0.07049995 -0.03249996 0.04025 -0.07049995 -0.03249996 0.03404998 -0.07049995 -0.03222215 0.0340743 -0.07049995 -0.03195273 0.03414648 -0.07049995 -0.03992402 0.004131734 -0.07049995 -0.03499996 0.01857495 -0.06700348 -0.02845275 0 -0.06707566 -0.02872216 0 -0.06399649 0.02845275 0 -0.06392431 0.02872216 0 -0.06411433 -0.02819997 0 -0.06427431 -0.0279715 0 -0.06709998 0.02899998 0 -0.06399649 -0.02845275 0 -0.06604719 0.03050351 0 -0.06629997 0.03038561 0 -0.06652843 0.03022563 0 -0.06672567 0.03002846 0 -0.06688565 0.02979999 0 -0.06700348 0.02954721 0 -0.06629997 -0.02761435 0 -0.06652843 -0.02777433 0 -0.06672567 -0.0279715 0 -0.06688565 -0.02819997 0 -0.06688565 0.02819997 0 -0.06672567 0.0279715 0 -0.06389999 -0.02899998 0 -0.0647 0.03038561 0 -0.06495273 0.03050351 0 -0.06447154 -0.02777433 0 -0.0647 -0.02761435 0 -0.06495273 -0.02749645 0 -0.06392431 -0.02872216 0 -0.06707566 0.02872216 0 -0.06700348 0.02845275 0 -0.06389999 0.02899998 0 -0.06392431 0.0292778 0 -0.06399649 0.02954721 0 -0.06522214 0.03057569 0 -0.06549996 0.03059995 0 -0.06577783 0.03057569 0 -0.06707566 0.0292778 0 -0.06709998 -0.02899998 0 -0.06707566 -0.0292778 0 -0.06700348 -0.02954721 0 -0.06629997 -0.03038561 0 -0.06604719 -0.03050351 0 -0.06495273 -0.03050351 0 -0.0647 -0.03038561 0 -0.06447154 -0.03022563 0 -0.06427431 -0.03002846 0 -0.0647 0.02761435 0 -0.06447154 0.02777433 0 -0.06427431 0.0279715 0 -0.06411433 0.02819997 0 -0.06522214 -0.02742427 0 -0.06549996 -0.02739995 0 -0.06577783 -0.02742427 0 -0.06604719 -0.02749645 0 -0.06652843 0.02777433 0 -0.06629997 0.02761435 0 -0.06604719 0.02749645 0 -0.06411433 -0.02979999 0 -0.06399649 -0.02954721 0 -0.06392431 -0.0292778 0 -0.06411433 0.02979999 0 -0.06427431 0.03002846 0 -0.06447154 0.03022563 0 -0.06688565 -0.02979999 0 -0.06672567 -0.03002846 0 -0.06652843 -0.03022563 0 -0.06549996 0.02739995 0 -0.06522214 0.02742427 0 -0.06495273 0.02749645 0 -0.06577783 -0.03057569 0 -0.06549996 -0.03059995 0 -0.06522214 -0.03057569 0 -0.06577783 0.02742427 0 0.08754903 0.006999969 0.06 0.08739906 0.007214128 0.06 0.08742499 0.02369999 0.06 -0.01085317 0.037 0.06 -0.009220361 0.028575 0.06 -0.01155155 0.03238964 0.06 -0.01749998 0.037 0.06 -0.01749998 0.028575 0.06 -0.01862496 0.028575 0.06 0.007923364 -5.2145e-4 0.06 0.00914669 -0.004272818 0.06 -0.006241202 -0.02369999 0.06 -0.01085317 -0.037 0.06 0.03085315 -0.037 0.06 0.0292204 -0.028575 0.06 0.03155159 -0.03238964 0.06 -0.02749997 -0.01999998 0.06 -0.02749997 0 0.06 -0.02107495 0 0.06 -0.06 0.04999995 0.06 -0.05979996 0.04999995 0.06 -0.05979996 0.028575 0.06 0.08173644 0.04984807 0.06 0.08342015 0.04939687 0.06 0.08319997 0.028575 0.06 0.07999998 -0.04999995 0.06 0.07979995 -0.04999995 0.06 0.07979995 -0.028575 0.06 -0.06319999 -0.028575 0.06 -0.06999999 -0.028575 0.06 -0.06342017 -0.04939687 0.06 -0.06999999 -0.03999996 0.06 -0.06984806 -0.04173648 0.06 -0.06939691 -0.04342019 0.06 -0.06499999 -0.04866021 0.06 -0.06642788 -0.04766041 0.06 -0.06766045 -0.04642784 0.06 -0.06866025 -0.04499995 0.06 -0.06173646 -0.04984807 0.06 -0.05979996 -0.028575 0.06 -0.06 -0.04999995 0.06 -0.05979996 -0.04999995 0.06 0.08173644 -0.04984807 0.06 0.08399647 -0.02845275 0.06 0.08392429 -0.02872216 0.06 0.08319997 -0.028575 0.06 0.08389997 -0.02899998 0.06 0.08392429 -0.0292778 0.06 0.08399647 -0.02954721 0.06 0.08342015 -0.04939687 0.06 0.08411431 -0.02979999 0.06 0.08688563 -0.02979999 0.06 0.08700346 -0.02954721 0.06 0.08766043 -0.04642784 0.06 0.08707565 -0.0292778 0.06 0.08742499 -0.028575 0.06 0.08709996 -0.02899998 0.06 0.08629995 -0.03038561 0.06 0.08652842 -0.03022563 0.06 0.08672565 -0.03002846 0.06 0.08427429 -0.03002846 0.06 0.08447152 -0.03022563 0.06 0.08469998 -0.03038561 0.06 0.0855 -0.03059995 0.06 0.08577781 -0.03057569 0.06 0.08604723 -0.03050351 0.06 0.08495277 -0.03050351 0.06 0.08522212 -0.03057569 0.06 0.08499997 -0.04866021 0.06 0.08642786 -0.04766041 0.06 0.08999997 0.03999996 0.06 0.08866024 0.04499995 0.06 0.08984804 0.04173648 0.06 0.08939689 0.04342019 0.06 0.08707565 0.02872216 0.06 0.08709996 0.02899998 0.06 0.08742499 0.028575 0.06 0.08707565 0.0292778 0.06 0.08766043 0.04642784 0.06 0.08700346 0.02954721 0.06 0.08688563 0.02979999 0.06 0.08672565 0.03002846 0.06 0.08652842 0.03022563 0.06 0.08629995 0.03038561 0.06 0.08522212 0.03057569 0.06 0.08495277 0.03050351 0.06 0.08427429 0.03002846 0.06 0.08411431 0.02979999 0.06 0.08399647 0.02954721 0.06 0.08392429 0.0292778 0.06 0.08389997 0.02899998 0.06 0.0855 0.03059995 0.06 0.08469998 0.03038561 0.06 0.08447152 0.03022563 0.06 0.08604723 0.03050351 0.06 0.08577781 0.03057569 0.06 0.08642786 0.04766041 0.06 0.08499997 0.04866021 0.06 0.07979995 0.028575 0.06 0.07979995 0.04999995 0.06 0.07999998 0.04999995 0.06 -0.06173646 0.04984807 0.06 -0.06319999 0.028575 0.06 -0.06999999 0.028575 0.06 -0.06342017 0.04939687 0.06 -0.06999999 0.03999996 0.06 -0.06984806 0.04173648 0.06 -0.06939691 0.04342019 0.06 -0.06866025 0.04499995 0.06 -0.06766045 0.04642784 0.06 -0.06499999 0.04866021 0.06 -0.06642788 0.04766041 0.06 -0.02107495 -0.04999995 0.06 -0.02378171 -0.04747331 0.06 -0.02344995 -0.04731863 0.06 -0.03707498 -0.04759997 0.06 -0.02449995 -0.04759997 0.06 -0.02413529 -0.04756808 0.06 -0.02315014 -0.04710865 0.06 -0.02289128 -0.04684984 0.06 -0.02268129 -0.04654997 0.06 -0.02252662 -0.04621821 0.06 -0.02243191 -0.04586464 0.06 -0.02239996 -0.04549998 0.06 -0.02243191 -0.04513531 0.06 -0.02162533 -0.03902173 0.06 -0.02162533 -0.03097826 0.06 -0.02237498 -0.03045332 0.06 -0.02107495 -0.028575 0.06 -0.02320438 -0.0300666 0.06 -0.02408832 -0.02982974 0.06 -0.02252662 -0.04478174 0.06 -0.02268129 -0.04444998 0.06 -0.02289128 -0.04415011 0.06 -0.02378171 -0.04352664 0.06 -0.02237498 -0.0395466 0.06 -0.02344995 -0.04368132 0.06 -0.02315014 -0.04389131 0.06 -0.02993339 -0.03679555 0.06 -0.02954661 -0.03762495 0.06 -0.03707498 -0.04339998 0.06 -0.02902173 -0.0383746 0.06 -0.02837461 -0.03902173 0.06 -0.02762496 -0.0395466 0.06 -0.02679556 -0.03993338 0.06 -0.02449995 -0.04339998 0.06 -0.02499997 -0.02974998 0.06 -0.02591162 -0.02982974 0.06 -0.03707498 -0.028575 0.06 -0.02679556 -0.0300666 0.06 -0.02762496 -0.03045332 0.06 -0.02837461 -0.03097826 0.06 -0.02902173 -0.03162533 0.06 -0.02954661 -0.03237497 0.06 -0.02993339 -0.03320437 0.06 -0.0301702 -0.03408831 0.06 -0.03024995 -0.03499996 0.06 -0.0301702 -0.03591161 0.06 -0.02591162 -0.04017019 0.06 -0.02499997 -0.04025 0.06 -0.02413529 -0.04343187 0.06 -0.02408832 -0.04017019 0.06 -0.02320438 -0.03993338 0.06 -0.02097827 -0.0383746 0.06 -0.01862496 -0.04999995 0.06 -0.01862496 -0.028575 0.06 -0.02045333 -0.03237497 0.06 -0.02097827 -0.03162533 0.06 -0.02045333 -0.03762495 0.06 -0.02006661 -0.03679555 0.06 -0.01982975 -0.03591161 0.06 -0.01974999 -0.03499996 0.06 -0.01982975 -0.03408831 0.06 -0.02006661 -0.03320437 0.06 0.04097825 -0.0383746 0.06 0.04268133 -0.04444998 0.06 0.0425266 -0.04478174 0.06 0.04993337 -0.03679555 0.06 0.05017024 -0.03591161 0.06 0.05707496 -0.04339998 0.06 0.05707496 -0.04999995 0.06 0.04107499 -0.04999995 0.06 0.04449999 -0.04759997 0.06 0.04107499 -0.028575 0.06 0.04237496 -0.03045332 0.06 0.04162532 -0.03097826 0.06 0.0425266 -0.04621821 0.06 0.04268133 -0.04654997 0.06 0.04413533 -0.04343187 0.06 0.04320436 -0.03993338 0.06 0.0440883 -0.04017019 0.06 0.04344999 -0.04368132 0.06 0.04315012 -0.04389131 0.06 0.04237496 -0.0395466 0.06 0.05017024 -0.03408831 0.06 0.04993337 -0.03320437 0.06 0.05707496 -0.028575 0.06 0.04954659 -0.03237497 0.06 0.04902172 -0.03162533 0.06 0.04837459 -0.03097826 0.06 0.047625 -0.03045332 0.06 0.0467956 -0.0300666 0.06 0.04591161 -0.02982974 0.06 0.04499995 -0.02974998 0.06 0.04243189 -0.04513531 0.06 0.0424 -0.04549998 0.06 0.04243189 -0.04586464 0.06 0.04289126 -0.04684984 0.06 0.04315012 -0.04710865 0.06 0.04344999 -0.04731863 0.06 0.04449999 -0.04339998 0.06 0.04162532 -0.03902173 0.06 0.04289126 -0.04415011 0.06 0.047625 -0.0395466 0.06 0.04837459 -0.03902173 0.06 0.05024999 -0.03499996 0.06 0.04378175 -0.04747331 0.06 0.04413533 -0.04756808 0.06 0.04499995 -0.04025 0.06 0.04591161 -0.04017019 0.06 0.0467956 -0.03993338 0.06 0.04902172 -0.0383746 0.06 0.04954659 -0.03762495 0.06 0.0440883 -0.02982974 0.06 0.04320436 -0.0300666 0.06 0.04378175 -0.04352664 0.06 0.03211426 -0.04223042 0.06 0.0319485 -0.041875 0.06 0.03982973 -0.03591161 0.06 0.04006659 -0.03679555 0.06 0.03749996 -0.037 0.06 0.04045331 -0.03762495 0.06 0.03155159 -0.04999995 0.06 0.03144627 -0.04472357 0.06 0.03172355 -0.04444622 0.06 0.0319485 -0.04412496 0.06 0.03221577 -0.04260927 0.06 0.04097825 -0.03162533 0.06 0.04045331 -0.03237497 0.06 0.03749996 -0.028575 0.06 0.04006659 -0.03320437 0.06 0.03982973 -0.03408831 0.06 0.03974997 -0.03499996 0.06 0.03211426 -0.04376953 0.06 0.03221577 -0.04339069 0.06 0.03224998 -0.04299998 0.06 -0.02239996 0.04549998 0.06 -0.02243191 0.04586464 0.06 -0.02107495 0.04999995 0.06 -0.02252662 0.04621821 0.06 -0.02378171 0.04747331 0.06 -0.02344995 0.04731863 0.06 -0.02315014 0.04710865 0.06 -0.02413529 0.04756808 0.06 -0.02449995 0.04759997 0.06 -0.03707498 0.04999995 0.06 -0.02837461 0.03097826 0.06 -0.02762496 0.03045332 0.06 -0.03707498 0.028575 0.06 -0.02162533 0.03902173 0.06 -0.02315014 0.04389131 0.06 -0.02289128 0.04415011 0.06 -0.02268129 0.04654997 0.06 -0.02289128 0.04684984 0.06 -0.02237498 0.03045332 0.06 -0.02107495 0.028575 0.06 -0.02320438 0.0300666 0.06 -0.02408832 0.02982974 0.06 -0.02237498 0.0395466 0.06 -0.02378171 0.04352664 0.06 -0.02344995 0.04368132 0.06 -0.02243191 0.04513531 0.06 -0.02097827 0.0383746 0.06 -0.02252662 0.04478174 0.06 -0.02268129 0.04444998 0.06 -0.02320438 0.03993338 0.06 -0.02408832 0.04017019 0.06 -0.02413529 0.04343187 0.06 -0.02449995 0.04339998 0.06 -0.0301702 0.03408831 0.06 -0.02993339 0.03320437 0.06 -0.02679556 0.0300666 0.06 -0.02591162 0.02982974 0.06 -0.02499997 0.02974998 0.06 -0.02902173 0.0383746 0.06 -0.03707498 0.04339998 0.06 -0.02837461 0.03902173 0.06 -0.02762496 0.0395466 0.06 -0.0301702 0.03591161 0.06 -0.03024995 0.03499996 0.06 -0.02954661 0.03237497 0.06 -0.02902173 0.03162533 0.06 -0.02954661 0.03762495 0.06 -0.02993339 0.03679555 0.06 -0.02499997 0.04025 0.06 -0.02591162 0.04017019 0.06 -0.02679556 0.03993338 0.06 -0.01974999 0.03499996 0.06 -0.01982975 0.03591161 0.06 -0.01862496 0.04999995 0.06 -0.02045333 0.03762495 0.06 -0.02006661 0.03679555 0.06 -0.02006661 0.03320437 0.06 -0.01982975 0.03408831 0.06 -0.02162533 0.03097826 0.06 -0.02097827 0.03162533 0.06 -0.02045333 0.03237497 0.06 0.04449999 0.04759997 0.06 0.04413533 0.04756808 0.06 0.04107499 0.04999995 0.06 0.05707496 0.04759997 0.06 0.04315012 0.04710865 0.06 0.04289126 0.04684984 0.06 0.04993337 0.03679555 0.06 0.04954659 0.03762495 0.06 0.05707496 0.04339998 0.06 0.04902172 0.0383746 0.06 0.04837459 0.03902173 0.06 0.04268133 0.04654997 0.06 0.0425266 0.04621821 0.06 0.04243189 0.04586464 0.06 0.04378175 0.04747331 0.06 0.04344999 0.04731863 0.06 0.04591161 0.02982974 0.06 0.0467956 0.0300666 0.06 0.05707496 0.028575 0.06 0.047625 0.03045332 0.06 0.04837459 0.03097826 0.06 0.04902172 0.03162533 0.06 0.04954659 0.03237497 0.06 0.04993337 0.03320437 0.06 0.047625 0.0395466 0.06 0.0467956 0.03993338 0.06 0.04449999 0.04339998 0.06 0.04320436 0.03993338 0.06 0.04237496 0.0395466 0.06 0.04162532 0.03902173 0.06 0.04097825 0.0383746 0.06 0.04237496 0.03045332 0.06 0.04320436 0.0300666 0.06 0.04107499 0.028575 0.06 0.0440883 0.02982974 0.06 0.04499995 0.02974998 0.06 0.05017024 0.03408831 0.06 0.05024999 0.03499996 0.06 0.05017024 0.03591161 0.06 0.04591161 0.04017019 0.06 0.04499995 0.04025 0.06 0.04413533 0.04343187 0.06 0.04268133 0.04444998 0.06 0.04289126 0.04415011 0.06 0.04315012 0.04389131 0.06 0.04344999 0.04368132 0.06 0.0424 0.04549998 0.06 0.04243189 0.04513531 0.06 0.0425266 0.04478174 0.06 0.0440883 0.04017019 0.06 0.04378175 0.04352664 0.06 0.04045331 0.03237497 0.06 0.04097825 0.03162533 0.06 0.04162532 0.03097826 0.06 0.04006659 0.03679555 0.06 0.03749996 0.037 0.06 0.04045331 0.03762495 0.06 0.03982973 0.03591161 0.06 0.03974997 0.03499996 0.06 0.03749996 0.028575 0.06 0.03982973 0.03408831 0.06 0.04006659 0.03320437 0.06 0.03211426 0.04223042 0.06 0.03221577 0.04260927 0.06 0.03224998 0.04299998 0.06 0.03221577 0.04339069 0.06 0.03211426 0.04376953 0.06 -0.05274999 -0.028575 0.06 -0.05399644 -0.02845275 0.06 -0.05274999 -0.02369999 0.06 -0.05411434 -0.02819997 0.06 -0.05427432 -0.0279715 0.06 -0.05629998 -0.02761435 0.06 -0.05652844 -0.02777433 0.06 -0.05979996 -0.02369999 0.06 -0.05672562 -0.0279715 0.06 -0.0568856 -0.02819997 0.06 -0.05495274 -0.02749645 0.06 -0.05522215 -0.02742427 0.06 -0.05447149 -0.02777433 0.06 -0.05469995 -0.02761435 0.06 -0.05549997 -0.02739995 0.06 -0.05577778 -0.02742427 0.06 -0.0560472 -0.02749645 0.06 -0.05700349 -0.02845275 0.06 -0.05707567 -0.02872216 0.06 -0.05709999 -0.02899998 0.06 -0.05392426 -0.0292778 0.06 -0.0539 -0.02899998 0.06 -0.05392426 -0.02872216 0.06 -0.05274999 -0.04999995 0.06 -0.05427432 -0.03002846 0.06 -0.05411434 -0.02979999 0.06 -0.0568856 -0.02979999 0.06 -0.05700349 -0.02954721 0.06 -0.05707567 -0.0292778 0.06 -0.05672562 -0.03002846 0.06 -0.05652844 -0.03022563 0.06 -0.05629998 -0.03038561 0.06 -0.05522215 -0.03057569 0.06 -0.05495274 -0.03050351 0.06 -0.05399644 -0.02954721 0.06 -0.05469995 -0.03038561 0.06 -0.05447149 -0.03022563 0.06 -0.0560472 -0.03050351 0.06 -0.05577778 -0.03057569 0.06 -0.05549997 -0.03059995 0.06 0.07700347 -0.02845275 0.06 0.07979995 -0.02369999 0.06 0.07688564 -0.02819997 0.06 0.07672566 -0.0279715 0.06 0.07447153 -0.02777433 0.06 0.06935 -0.02369999 0.06 0.07469999 -0.02761435 0.06 0.07495272 -0.02749645 0.06 0.0742743 -0.0279715 0.06 0.07411432 -0.02819997 0.06 0.06935 -0.028575 0.06 0.07652842 -0.02777433 0.06 0.07629996 -0.02761435 0.06 0.07604718 -0.02749645 0.06 0.07577782 -0.02742427 0.06 0.07549995 -0.02739995 0.06 0.07522213 -0.02742427 0.06 0.07399648 -0.02845275 0.06 0.0739243 -0.02872216 0.06 0.07389998 -0.02899998 0.06 0.07156807 -0.04586464 0.06 0.07159996 -0.04549998 0.06 0.07707566 -0.0292778 0.06 0.07709997 -0.02899998 0.06 0.07707566 -0.02872216 0.06 0.06986463 -0.04756808 0.06 0.0702182 -0.04747331 0.06 0.06935 -0.04999995 0.06 0.07084983 -0.04710865 0.06 0.07110869 -0.04684984 0.06 0.07054996 -0.04731863 0.06 0.07131862 -0.04654997 0.06 0.07147336 -0.04621821 0.06 0.07577782 -0.03057569 0.06 0.07604718 -0.03050351 0.06 0.07084983 -0.04389131 0.06 0.07110869 -0.04415011 0.06 0.07652842 -0.03022563 0.06 0.07629996 -0.03038561 0.06 0.07672566 -0.03002846 0.06 0.07688564 -0.02979999 0.06 0.07700347 -0.02954721 0.06 0.0739243 -0.0292778 0.06 0.07399648 -0.02954721 0.06 0.06935 -0.04339998 0.06 0.07411432 -0.02979999 0.06 0.0742743 -0.03002846 0.06 0.07447153 -0.03022563 0.06 0.07469999 -0.03038561 0.06 0.06949996 -0.04339998 0.06 0.06986463 -0.04343187 0.06 0.07156807 -0.04513531 0.06 0.07147336 -0.04478174 0.06 0.07131862 -0.04444998 0.06 0.0702182 -0.04352664 0.06 0.07495272 -0.03050351 0.06 0.07054996 -0.04368132 0.06 0.07522213 -0.03057569 0.06 0.07549995 -0.03059995 0.06 0.07700347 0.02845275 0.06 0.07707566 0.02872216 0.06 0.07709997 0.02899998 0.06 0.06935 0.028575 0.06 0.0739243 0.0292778 0.06 0.07389998 0.02899998 0.06 0.07469999 0.03038561 0.06 0.07447153 0.03022563 0.06 0.06935 0.04339998 0.06 0.06935 0.04999995 0.06 0.06986463 0.04756808 0.06 0.06949996 0.04759997 0.06 0.07707566 0.0292778 0.06 0.07700347 0.02954721 0.06 0.07147336 0.04621821 0.06 0.07131862 0.04654997 0.06 0.07110869 0.04684984 0.06 0.07147336 0.04478174 0.06 0.07156807 0.04513531 0.06 0.07159996 0.04549998 0.06 0.07156807 0.04586464 0.06 0.07084983 0.04710865 0.06 0.07054996 0.04731863 0.06 0.0702182 0.04747331 0.06 0.0742743 0.03002846 0.06 0.07411432 0.02979999 0.06 0.07399648 0.02954721 0.06 0.07688564 0.02979999 0.06 0.07672566 0.03002846 0.06 0.07652842 0.03022563 0.06 0.07604718 0.03050351 0.06 0.07084983 0.04389131 0.06 0.07110869 0.04415011 0.06 0.07629996 0.03038561 0.06 0.07131862 0.04444998 0.06 0.07577782 0.03057569 0.06 0.07549995 0.03059995 0.06 0.07522213 0.03057569 0.06 0.06949996 0.04339998 0.06 0.06986463 0.04343187 0.06 0.07495272 0.03050351 0.06 0.0702182 0.04352664 0.06 0.07054996 0.04368132 0.06 0.0739243 0.02872216 0.06 0.07399648 0.02845275 0.06 0.06935 0.02369999 0.06 0.07411432 0.02819997 0.06 0.0742743 0.0279715 0.06 0.07447153 0.02777433 0.06 0.07469999 0.02761435 0.06 0.07577782 0.02742427 0.06 0.07604718 0.02749645 0.06 0.07979995 0.02369999 0.06 0.07688564 0.02819997 0.06 0.07672566 0.0279715 0.06 0.07629996 0.02761435 0.06 0.07652842 0.02777433 0.06 0.07495272 0.02749645 0.06 0.07522213 0.02742427 0.06 0.07549995 0.02739995 0.06 -0.05411434 0.02819997 0.06 -0.05399644 0.02845275 0.06 -0.05274999 0.028575 0.06 -0.05392426 0.02872216 0.06 -0.0539 0.02899998 0.06 -0.05707567 0.0292778 0.06 -0.05709999 0.02899998 0.06 -0.05392426 0.0292778 0.06 -0.05399644 0.02954721 0.06 -0.05274999 0.04999995 0.06 -0.05411434 0.02979999 0.06 -0.05427432 0.03002846 0.06 -0.05652844 0.03022563 0.06 -0.05629998 0.03038561 0.06 -0.0560472 0.03050351 0.06 -0.05672562 0.03002846 0.06 -0.0568856 0.02979999 0.06 -0.05700349 0.02954721 0.06 -0.05447149 0.03022563 0.06 -0.05469995 0.03038561 0.06 -0.05495274 0.03050351 0.06 -0.05522215 0.03057569 0.06 -0.05549997 0.03059995 0.06 -0.05577778 0.03057569 0.06 -0.05707567 0.02872216 0.06 -0.05700349 0.02845275 0.06 -0.05979996 0.02369999 0.06 -0.0568856 0.02819997 0.06 -0.05274999 0.02369999 0.06 -0.05427432 0.0279715 0.06 -0.05672562 0.0279715 0.06 -0.05652844 0.02777433 0.06 -0.05629998 0.02761435 0.06 -0.05522215 0.02742427 0.06 -0.05495274 0.02749645 0.06 -0.05469995 0.02761435 0.06 -0.05447149 0.02777433 0.06 -0.0560472 0.02749645 0.06 -0.05577778 0.02742427 0.06 -0.05549997 0.02739995 0.06 0.07979995 -0.01999998 0.06 0.08249998 -0.01999998 0.06 0.08319997 -0.02369999 0.06 0.08319997 0 0.06 0.04107499 -0.02369999 0.06 0.04107499 0 0.06 0.04749995 0 0.06 0.04749995 0.01999998 0.06 0.04107499 0.02369999 0.06 0.05707496 0.01999998 0.06 -0.02749997 0.01999998 0.06 -0.02107495 0.02369999 0.06 -0.03707498 0.02369999 0.06 -0.03707498 -0.01999998 0.06 -0.02107495 -0.02369999 0.06 -0.03707498 -0.02369999 0.06 -0.04934996 -0.02369999 0.06 -0.04934996 -0.01999998 0.06 -0.05274999 -0.01999998 0.06 -0.05979996 -0.01999998 0.06 -0.06319999 0 0.06 -0.0625 0 0.06 -0.0625 -0.01999998 0.06 -0.0625 0.01999998 0.06 -0.06319999 0.02369999 0.06 -0.05979996 0.01999998 0.06 -0.06319999 -0.02369999 0.06 -0.06999999 -0.02369999 0.06 0.08392429 0.02872216 0.06 0.08399647 0.02845275 0.06 0.08319997 0.02369999 0.06 0.08411431 0.02819997 0.06 0.08688563 0.02819997 0.06 0.08700346 0.02845275 0.06 0.08577781 0.02742427 0.06 0.08604723 0.02749645 0.06 0.08629995 0.02761435 0.06 0.08652842 0.02777433 0.06 0.08672565 0.0279715 0.06 0.08427429 0.0279715 0.06 0.08447152 0.02777433 0.06 0.08469998 0.02761435 0.06 0.08495277 0.02749645 0.06 0.08522212 0.02742427 0.06 0.0855 0.02739995 0.06 -0.06999999 0.02369999 0.06 -0.04411435 0.02819997 0.06 -0.04399645 0.02845275 0.06 -0.04392427 0.02872216 0.06 -0.04389995 0.02899998 0.06 -0.04707568 0.0292778 0.06 -0.04709994 0.02899998 0.06 -0.04934996 0.028575 0.06 -0.04707568 0.02872216 0.06 -0.0470035 0.02845275 0.06 -0.0444715 0.03022563 0.06 -0.04469996 0.03038561 0.06 -0.04577779 0.03057569 0.06 -0.04604721 0.03050351 0.06 -0.04934996 0.04339998 0.06 -0.04629999 0.03038561 0.06 -0.04652845 0.03022563 0.06 -0.04672563 0.03002846 0.06 -0.0468856 0.02979999 0.06 -0.0470035 0.02954721 0.06 -0.04427433 0.03002846 0.06 -0.04495275 0.03050351 0.06 -0.04522216 0.03057569 0.06 -0.04549998 0.03059995 0.06 -0.04392427 0.0292778 0.06 -0.04399645 0.02954721 0.06 -0.04411435 0.02979999 0.06 -0.0468856 0.02819997 0.06 -0.04672563 0.0279715 0.06 -0.04934996 0.02369999 0.06 -0.04495275 0.02749645 0.06 -0.04469996 0.02761435 0.06 -0.04652845 0.02777433 0.06 -0.04629999 0.02761435 0.06 -0.04604721 0.02749645 0.06 -0.04577779 0.02742427 0.06 -0.04549998 0.02739995 0.06 -0.04522216 0.02742427 0.06 -0.0444715 0.02777433 0.06 -0.04427433 0.0279715 0.06 -0.04399645 -0.02845275 0.06 -0.04411435 -0.02819997 0.06 -0.04427433 -0.0279715 0.06 -0.0444715 -0.02777433 0.06 -0.04469996 -0.02761435 0.06 -0.04495275 -0.02749645 0.06 -0.04522216 -0.02742427 0.06 -0.04549998 -0.02739995 0.06 -0.04577779 -0.02742427 0.06 -0.04604721 -0.02749645 0.06 -0.04629999 -0.02761435 0.06 -0.04652845 -0.02777433 0.06 -0.04707568 -0.02872216 0.06 -0.04709994 -0.02899998 0.06 -0.04934996 -0.028575 0.06 -0.04672563 -0.0279715 0.06 -0.0468856 -0.02819997 0.06 -0.0470035 -0.02845275 0.06 -0.04392427 -0.0292778 0.06 -0.04389995 -0.02899998 0.06 -0.04392427 -0.02872216 0.06 -0.04707568 -0.0292778 0.06 -0.0470035 -0.02954721 0.06 -0.04934996 -0.04339998 0.06 -0.0468856 -0.02979999 0.06 -0.04672563 -0.03002846 0.06 -0.04652845 -0.03022563 0.06 -0.04629999 -0.03038561 0.06 -0.04604721 -0.03050351 0.06 -0.04577779 -0.03057569 0.06 -0.04549998 -0.03059995 0.06 -0.04522216 -0.03057569 0.06 -0.04495275 -0.03050351 0.06 -0.04469996 -0.03038561 0.06 -0.0444715 -0.03022563 0.06 -0.04427433 -0.03002846 0.06 -0.04411435 -0.02979999 0.06 -0.04399645 -0.02954721 0.06 0.06672567 -0.0279715 0.06 0.06652843 -0.02777433 0.06 0.06629997 -0.02761435 0.06 0.06604719 -0.02749645 0.06 0.06577783 -0.02742427 0.06 0.06549996 -0.02739995 0.06 0.05707496 -0.02369999 0.06 0.06522214 -0.02742427 0.06 0.06495273 -0.02749645 0.06 0.0647 -0.02761435 0.06 0.06447154 -0.02777433 0.06 0.06392431 -0.02872216 0.06 0.06389999 -0.02899998 0.06 0.06427431 -0.0279715 0.06 0.06411433 -0.02819997 0.06 0.06399649 -0.02845275 0.06 0.06707566 -0.0292778 0.06 0.06709998 -0.02899998 0.06 0.0647 -0.03038561 0.06 0.06447154 -0.03022563 0.06 0.06427431 -0.03002846 0.06 0.06707566 -0.02872216 0.06 0.06700348 -0.02845275 0.06 0.06688565 -0.02819997 0.06 0.06392431 -0.0292778 0.06 0.06399649 -0.02954721 0.06 0.06411433 -0.02979999 0.06 0.06495273 -0.03050351 0.06 0.06522214 -0.03057569 0.06 0.06549996 -0.03059995 0.06 0.06577783 -0.03057569 0.06 0.06604719 -0.03050351 0.06 0.06629997 -0.03038561 0.06 0.06652843 -0.03022563 0.06 0.06672567 -0.03002846 0.06 0.06688565 -0.02979999 0.06 0.06700348 -0.02954721 0.06 0.08707565 -0.02872216 0.06 0.08700346 -0.02845275 0.06 0.08742499 -0.02369999 0.06 0.08688563 -0.02819997 0.06 0.08672565 -0.0279715 0.06 0.08652842 -0.02777433 0.06 0.08629995 -0.02761435 0.06 0.08604723 -0.02749645 0.06 0.08411431 -0.02819997 0.06 0.08427429 -0.0279715 0.06 0.08495277 -0.02749645 0.06 0.08469998 -0.02761435 0.06 0.08447152 -0.02777433 0.06 0.08577781 -0.02742427 0.06 0.0855 -0.02739995 0.06 0.08522212 -0.02742427 0.06 0.06707566 0.02872216 0.06 0.06709998 0.02899998 0.06 0.06707566 0.0292778 0.06 0.06700348 0.02954721 0.06 0.06688565 0.02979999 0.06 0.06672567 0.03002846 0.06 0.06652843 0.03022563 0.06 0.06629997 0.03038561 0.06 0.06604719 0.03050351 0.06 0.06392431 0.0292778 0.06 0.06389999 0.02899998 0.06 0.06577783 0.03057569 0.06 0.06549996 0.03059995 0.06 0.06522214 0.03057569 0.06 0.06495273 0.03050351 0.06 0.0647 0.03038561 0.06 0.06447154 0.03022563 0.06 0.06427431 0.03002846 0.06 0.06411433 0.02979999 0.06 0.06399649 0.02954721 0.06 0.0647 0.02761435 0.06 0.05707496 0.02369999 0.06 0.06447154 0.02777433 0.06 0.06427431 0.0279715 0.06 0.06577783 0.02742427 0.06 0.06604719 0.02749645 0.06 0.06629997 0.02761435 0.06 0.06652843 0.02777433 0.06 0.06672567 0.0279715 0.06 0.06688565 0.02819997 0.06 0.06700348 0.02845275 0.06 0.06392431 0.02872216 0.06 0.06399649 0.02845275 0.06 0.06411433 0.02819997 0.06 0.06495273 0.02749645 0.06 0.06522214 0.02742427 0.06 0.06549996 0.02739995 0.06 0.03436899 -0.037 0.06 0.03172355 -0.04155367 0.06 0.03144627 -0.04127639 0.06 0.03112494 -0.04105144 0.06 0.03076952 -0.04088568 0.06 -0.01039069 -0.04078418 0.06 -0.01076954 -0.04088568 0.06 -0.01112496 -0.04105144 0.06 -0.01144623 -0.04127639 0.06 0.03039067 -0.04078418 0.06 0.02999997 -0.04074996 0.06 -0.00999999 -0.04074996 0.06 0.0101695 -0.003808796 0.06 0.00999999 -0.003794312 0.06 0.008070111 0 0.06 0.009510815 -0.003922104 0.06 0.009370028 -0.004017651 0.06 0.009247481 -0.004135727 0.06 0.01033419 -0.003851771 0.06 0.01192981 0 0.06 0.0119329 -7.8284e-5 0.06 0.009665787 -0.003851771 0.06 0.007994294 -3.81872e-4 0.06 0.008042573 -2.32933e-4 0.06 0.01195734 -2.32933e-4 0.06 0.01200562 -3.81872e-4 0.06 0.0104891 -0.003922104 0.06 0.01207655 -5.2145e-4 0.06 0.01062995 -0.004017651 0.06 0.009830415 -0.003808796 0.06 0.008067011 -7.8284e-5 0.06 0.02624124 -0.02369999 0.06 0.01085323 -0.004272818 0.06 0.01075249 -0.004135727 0.06 0.01207655 5.2145e-4 0.06 0.0104891 0.003922104 0.06 0.01062995 0.004017651 0.06 0.01075249 0.004135727 0.06 0.01085323 0.004272818 0.06 0.02624124 0.02369999 0.06 0.03085315 0.037 0.06 0.009830415 0.003808796 0.06 0.009665787 0.003851771 0.06 0.008067011 7.8284e-5 0.06 0.00999999 0.003794312 0.06 0.008042573 2.32933e-4 0.06 0.007994294 3.81872e-4 0.06 0.009510815 0.003922104 0.06 0.007923364 5.2145e-4 0.06 0.009370028 0.004017651 0.06 0.01033419 0.003851771 0.06 0.01200562 3.81872e-4 0.06 0.01195734 2.32933e-4 0.06 0.0101695 0.003808796 0.06 0.0119329 7.8284e-5 0.06 -0.01749998 -0.037 0.06 -0.01749998 -0.028575 0.06 -0.01194852 -0.041875 0.06 -0.01172357 -0.04155367 0.06 -0.01436901 -0.037 0.06 -0.01155155 -0.03238964 0.06 -0.009220361 -0.028575 0.06 -0.01221579 -0.04339069 0.06 -0.01211428 -0.04376953 0.06 -0.01211428 -0.04223042 0.06 -0.01221579 -0.04260927 0.06 -0.01224994 -0.04299998 0.06 -0.01194852 0.04412496 0.06 -0.01211428 0.04376953 0.06 -0.01221579 0.04339069 0.06 -0.01224994 0.04299998 0.06 -0.01221579 0.04260927 0.06 -0.01211428 0.04223042 0.06 -0.01194852 0.041875 0.06 -0.01436901 0.037 0.06 -0.01172357 0.04155367 0.06 -0.01144623 0.04127639 0.06 -0.01112496 0.04105144 0.06 -0.01076954 0.04088568 0.06 0.03039067 0.04078418 0.06 0.03076952 0.04088568 0.06 0.03112494 0.04105144 0.06 0.03144627 0.04127639 0.06 -0.01039069 0.04078418 0.06 -0.00999999 0.04074996 0.06 0.02999997 0.04074996 0.06 -0.006241202 0.02369999 0.06 0.00914669 0.004272818 0.06 0.009247481 0.004135727 0.06 0.03749996 -0.02369999 0.06 0.03749996 0 0.06 0.03749996 0.02369999 0.06 0.0319485 0.041875 0.06 0.03172355 0.04155367 0.06 0.03436899 0.037 0.06 0.03155159 0.03238964 0.06 0.0292204 0.028575 0.06 0.03112494 0.04494851 0.06 0.03076952 0.04511427 0.06 0.03155159 0.04999995 0.06 0.0319485 0.04412496 0.06 0.03172355 0.04444622 0.06 0.03144627 0.04472357 0.06 -0.01039069 0.04521578 0.06 -0.01076954 0.04511427 0.06 -0.01155155 0.04999995 0.06 -0.01112496 0.04494851 0.06 -0.01144623 0.04472357 0.06 -0.01172357 0.04444622 0.06 0.03039067 0.04521578 0.06 0.02999997 0.04524999 0.06 -0.00999999 0.04524999 0.06 -0.01112496 -0.04494851 0.06 -0.01076954 -0.04511427 0.06 -0.01155155 -0.04999995 0.06 -0.01194852 -0.04412496 0.06 -0.01172357 -0.04444622 0.06 -0.01144623 -0.04472357 0.06 0.03039067 -0.04521578 0.06 0.03076952 -0.04511427 0.06 0.03112494 -0.04494851 0.06 -0.01039069 -0.04521578 0.06 -0.00999999 -0.04524999 0.06 0.02999997 -0.04524999 0.06 0.08699995 -0.00495094 0.06 0.08676302 -0.004840433 0.06 0.08742499 0 0.06 0.08495092 -0.005499958 0.06 0.08484041 -0.005736947 0.06 0.08721417 -0.005100905 0.06 0.08573693 -0.004840433 0.06 0.0855 -0.00495094 0.06 0.08484041 -0.006762981 0.06 0.08495092 -0.006999969 0.06 0.08510088 -0.007214128 0.06 0.08528578 -0.007399022 0.06 0.0855 -0.007548987 0.06 0.08528578 -0.005100905 0.06 0.08510088 -0.005285799 0.06 0.08477276 -0.005989491 0.06 0.08474999 -0.006249964 0.06 0.08477276 -0.006510436 0.06 0.08651047 -0.007727205 0.06 0.08676302 -0.007659494 0.06 0.08699995 -0.007548987 0.06 0.08721417 -0.007399022 0.06 0.08651047 -0.004772782 0.06 0.08625 -0.004749953 0.06 0.08598953 -0.004772782 0.06 0.08573693 -0.007659494 0.06 0.08598953 -0.007727205 0.06 0.08625 -0.007749974 0.06 0.08739906 -0.007214128 0.06 0.08754903 -0.006999969 0.06 0.08999997 -0.02369999 0.06 0.08765953 -0.006762981 0.06 0.08772718 -0.006510436 0.06 0.08999997 0 0.06 0.08774995 -0.006249964 0.06 0.08772718 -0.005989491 0.06 0.08765953 -0.005736947 0.06 0.08754903 -0.005499958 0.06 0.08739906 -0.005285799 0.06 0.08676302 0.004840433 0.06 0.08699995 0.00495094 0.06 0.08573693 0.007659494 0.06 0.0855 0.007548987 0.06 0.08528578 0.007399022 0.06 0.08510088 0.007214128 0.06 0.08495092 0.006999969 0.06 0.08484041 0.006762981 0.06 0.08484041 0.005736947 0.06 0.08495092 0.005499958 0.06 0.08477276 0.006510436 0.06 0.08474999 0.006249964 0.06 0.08477276 0.005989491 0.06 0.08651047 0.004772782 0.06 0.08721417 0.007399022 0.06 0.08699995 0.007548987 0.06 0.08676302 0.007659494 0.06 0.08510088 0.005285799 0.06 0.08528578 0.005100905 0.06 0.0855 0.00495094 0.06 0.08651047 0.007727205 0.06 0.08625 0.007749974 0.06 0.08598953 0.007727205 0.06 0.08573693 0.004840433 0.06 0.08598953 0.004772782 0.06 0.08625 0.004749953 0.06 0.08765953 0.005736947 0.06 0.08772718 0.005989491 0.06 0.08721417 0.005100905 0.06 0.08739906 0.005285799 0.06 0.08754903 0.005499958 0.06 0.08774995 0.006249964 0.06 0.08772718 0.006510436 0.06 0.08999997 0.02369999 0.06 0.08765953 0.006762981 0.06 0.05707496 -0.04759997 0.06 0.06935 -0.04759997 0.06 0.06949996 -0.04759997 0.06 -0.04949998 -0.04339998 0.06 -0.04986464 -0.04343187 0.06 -0.05021822 -0.04352664 0.06 -0.05054998 -0.04368132 0.06 -0.05084985 -0.04389131 0.06 -0.05110865 -0.04415011 0.06 -0.05131864 -0.04444998 0.06 -0.05110865 -0.04684984 0.06 -0.05084985 -0.04710865 0.06 -0.05147331 -0.04478174 0.06 -0.05156809 -0.04513531 0.06 -0.05159997 -0.04549998 0.06 -0.05156809 -0.04586464 0.06 -0.05147331 -0.04621821 0.06 -0.05131864 -0.04654997 0.06 -0.05054998 -0.04731863 0.06 -0.05021822 -0.04747331 0.06 -0.04934996 -0.04999995 0.06 -0.04986464 -0.04756808 0.06 -0.04949998 -0.04759997 0.06 -0.04934996 -0.04759997 0.06 -0.03707498 -0.04999995 0.06 -0.05147331 0.04621821 0.06 -0.05156809 0.04586464 0.06 -0.05054998 0.04731863 0.06 -0.05084985 0.04710865 0.06 -0.05110865 0.04684984 0.06 -0.05131864 0.04654997 0.06 -0.04934996 0.04999995 0.06 -0.04986464 0.04756808 0.06 -0.05021822 0.04747331 0.06 -0.05159997 0.04549998 0.06 -0.05156809 0.04513531 0.06 -0.05147331 0.04478174 0.06 -0.05131864 0.04444998 0.06 -0.05110865 0.04415011 0.06 -0.05084985 0.04389131 0.06 -0.05054998 0.04368132 0.06 -0.05021822 0.04352664 0.06 -0.04986464 0.04343187 0.06 -0.04949998 0.04339998 0.06 -0.03707498 0.04759997 0.06 -0.04934996 0.04759997 0.06 -0.04949998 0.04759997 0.06 0.05707496 0.04999995 0.06 0.06935 0.04759997 0.06 0.08999997 0.028575 0.06 0.08999997 -0.028575 0.06 0.08999997 -0.03999996 0.06 0.08866024 -0.04499995 0.06 0.08984804 -0.04173648 0.06 0.08939689 -0.04342019 0.06 0.08249998 0 0.06 0.08249998 0.01999998 0.06 0.06935 -0.01999998 0.06 0.05707496 -0.01999998 0.06 0.04749995 -0.01999998 0.06 0.07979995 0.01999998 0.06 0.06935 0.01999998 0.06 -0.01862496 0.02369999 0.06 -0.01862496 0 0.06 -0.01749998 0.02369999 0.06 -0.01749998 0 0.06 -0.01862496 -0.02369999 0.06 -0.01749998 -0.02369999 0.06 -0.03707498 0.01999998 0.06 -0.04934996 0.01999998 0.06 -0.05274999 0.01999998 0.06 -0.06495094 0.006999969 0.06 -0.0651009 0.007214128 0.06 -0.06598949 0.004772782 0.06 -0.06573694 0.004840433 0.06 -0.06549996 0.00495094 0.06 -0.0652858 0.005100905 0.06 -0.0651009 0.005285799 0.06 -0.06495094 0.005499958 0.06 -0.06484043 0.005736947 0.06 -0.06484043 0.006762981 0.06 -0.06774997 0.006249964 0.06 -0.06999999 0 0.06 -0.0677272 0.006510436 0.06 -0.06765949 0.006762981 0.06 -0.06754904 0.006999969 0.06 -0.0677272 0.005989491 0.06 -0.06765949 0.005736947 0.06 -0.06754904 0.005499958 0.06 -0.06477278 0.005989491 0.06 -0.06474995 0.006249964 0.06 -0.06477278 0.006510436 0.06 -0.06676304 0.007659494 0.06 -0.06699997 0.007548987 0.06 -0.06739902 0.005285799 0.06 -0.06721419 0.005100905 0.06 -0.06699997 0.00495094 0.06 -0.06721419 0.007399022 0.06 -0.06739902 0.007214128 0.06 -0.06676304 0.004840433 0.06 -0.06651043 0.004772782 0.06 -0.06624996 0.004749953 0.06 -0.0652858 0.007399022 0.06 -0.06549996 0.007548987 0.06 -0.06573694 0.007659494 0.06 -0.06598949 0.007727205 0.06 -0.06624996 0.007749974 0.06 -0.06651043 0.007727205 0.06 -0.06484043 -0.006762981 0.06 -0.06477278 -0.006510436 0.06 -0.06474995 -0.006249964 0.06 -0.0652858 -0.007399022 0.06 -0.0651009 -0.007214128 0.06 -0.06495094 -0.006999969 0.06 -0.06477278 -0.005989491 0.06 -0.06754904 -0.005499958 0.06 -0.06765949 -0.005736947 0.06 -0.0677272 -0.005989491 0.06 -0.06754904 -0.006999969 0.06 -0.06739902 -0.007214128 0.06 -0.06721419 -0.007399022 0.06 -0.06699997 -0.007548987 0.06 -0.06598949 -0.007727205 0.06 -0.06573694 -0.007659494 0.06 -0.06549996 -0.007548987 0.06 -0.06676304 -0.004840433 0.06 -0.06699997 -0.00495094 0.06 -0.06774997 -0.006249964 0.06 -0.0677272 -0.006510436 0.06 -0.06765949 -0.006762981 0.06 -0.06676304 -0.007659494 0.06 -0.06651043 -0.007727205 0.06 -0.06624996 -0.007749974 0.06 -0.06484043 -0.005736947 0.06 -0.06495094 -0.005499958 0.06 -0.0651009 -0.005285799 0.06 -0.06721419 -0.005100905 0.06 -0.06739902 -0.005285799 0.06 -0.0652858 -0.005100905 0.06 -0.06549996 -0.00495094 0.06 -0.06573694 -0.004840433 0.06 -0.06598949 -0.004772782 0.06 -0.06624996 -0.004749953 0.06 -0.06651043 -0.004772782 0.06 0.05582499 -0.02369999 0.06799995 0.04232496 -0.02369999 0.06799995 0.04232496 -0.03142499 0.06799995 -0.05979996 0.03142499 0.06799995 -0.06319999 0.03142499 0.06799995 -0.06319999 0.02369999 0.06799995 -0.04949998 0.04759997 0.06799995 -0.04934996 0.04759997 0.06799995 -0.04934996 0.04999995 0.06799995 -0.04949998 -0.04339998 0.06799995 -0.04934996 -0.04339998 0.06799995 -0.04934996 -0.03924995 0.06799995 -0.06999999 0.03999996 0.06799995 -0.06999999 0.03737497 0.06799995 -0.06319999 0.03737497 0.06799995 0.08999997 -0.03999996 0.06799995 0.08999997 -0.03924995 0.06799995 0.08742499 -0.03924995 0.06799995 0.07999998 0.04999995 0.06799995 0.07979995 0.04999995 0.06799995 0.07979995 0.03737497 0.06799995 0.03436899 -0.037 0.06799995 0.03155159 -0.03238964 0.06799995 0.03155159 -0.03737497 0.06799995 0.04241579 0.0340594 0.06799995 0.04229176 0.03452241 0.06799995 0.04232496 0.03142499 0.06799995 -0.02405941 -0.03758412 0.06799995 -0.02452242 -0.03770822 0.06799995 -0.02232497 -0.03924995 0.06799995 -0.02362495 -0.03738152 0.06799995 -0.02499997 -0.03774994 0.06799995 -0.02547752 -0.03770822 0.06799995 -0.03582495 -0.03924995 0.06799995 -0.02241581 -0.03594052 0.06799995 -0.02261841 -0.03637498 0.06799995 -0.02232497 -0.03737497 0.06799995 -0.02289336 -0.03676766 0.06799995 -0.02323234 -0.03710657 0.06799995 -0.02229177 -0.03547751 0.06799995 -0.01987498 -0.03737497 0.06799995 -0.02224999 -0.03499996 0.06799995 -0.02774995 -0.03499996 0.06799995 -0.02770817 -0.03452241 0.06799995 -0.03582495 -0.03142499 0.06799995 -0.02289336 -0.03323233 0.06799995 -0.02261841 -0.03362494 0.06799995 -0.02232497 -0.03142499 0.06799995 -0.02241581 -0.0340594 0.06799995 -0.02229177 -0.03452241 0.06799995 -0.02594053 -0.0324158 0.06799995 -0.02547752 -0.03229176 0.06799995 -0.02594053 -0.03758412 0.06799995 -0.02637499 -0.03738152 0.06799995 -0.03582495 -0.03737497 0.06799995 -0.02676767 -0.03710657 0.06799995 -0.02710658 -0.03676766 0.06799995 -0.02738153 -0.03637498 0.06799995 -0.02758413 -0.03594052 0.06799995 -0.02770817 -0.03547751 0.06799995 -0.02499997 -0.03224998 0.06799995 -0.02452242 -0.03229176 0.06799995 -0.02405941 -0.0324158 0.06799995 -0.02758413 -0.0340594 0.06799995 -0.02738153 -0.03362494 0.06799995 -0.02710658 -0.03323233 0.06799995 -0.02362495 -0.0326184 0.06799995 -0.02323234 -0.03289335 0.06799995 -0.02676767 -0.03289335 0.06799995 -0.02637499 -0.0326184 0.06799995 0.04261839 0.03362494 0.06799995 0.04710662 0.03676766 0.06799995 0.05582499 0.03737497 0.06799995 0.04676765 0.03710657 0.06799995 0.04637497 0.03738152 0.06799995 0.04738152 0.03637498 0.06799995 0.04758411 0.03594052 0.06799995 0.04770821 0.03547751 0.06799995 0.05582499 0.03142499 0.06799995 0.04676765 0.03289335 0.06799995 0.04637497 0.0326184 0.06799995 0.04774999 0.03499996 0.06799995 0.04770821 0.03452241 0.06799995 0.04758411 0.0340594 0.06799995 0.04499995 0.03224998 0.06799995 0.0454775 0.03229176 0.06799995 0.04594051 0.0324158 0.06799995 0.04452246 0.03229176 0.06799995 0.04405939 0.0324158 0.06799995 0.04362499 0.0326184 0.06799995 0.04738152 0.03362494 0.06799995 0.04710662 0.03323233 0.06799995 0.04323232 0.03289335 0.06799995 0.04289335 0.03323233 0.06799995 0.04405939 0.03758412 0.06799995 0.04452246 0.03770822 0.06799995 0.04232496 0.03737497 0.06799995 0.0425266 0.04621821 0.06799995 0.04268133 0.04654997 0.06799995 0.04232496 0.04999995 0.06799995 0.04289126 0.04684984 0.06799995 0.04499995 0.03774994 0.06799995 0.0454775 0.03770822 0.06799995 0.04449999 0.04339998 0.06799995 0.04315012 0.04710865 0.06799995 0.04344999 0.04731863 0.06799995 0.04378175 0.04747331 0.06799995 0.0424 0.04549998 0.06799995 0.04243189 0.04586464 0.06799995 0.04413533 0.04343187 0.06799995 0.04378175 0.04352664 0.06799995 0.04344999 0.04368132 0.06799995 0.04315012 0.04389131 0.06799995 0.04289126 0.04415011 0.06799995 0.04268133 0.04444998 0.06799995 0.0425266 0.04478174 0.06799995 0.04243189 0.04513531 0.06799995 0.04241579 0.03594052 0.06799995 0.04261839 0.03637498 0.06799995 0.04289335 0.03676766 0.06799995 0.04323232 0.03710657 0.06799995 0.04362499 0.03738152 0.06799995 0.03155159 0.03238964 0.06799995 0.03436899 0.037 0.06799995 0.03155159 0.03737497 0.06799995 0.03749996 0.037 0.06799995 0.04229176 0.03547751 0.06799995 0.04224997 0.03499996 0.06799995 0.03749996 0.03142499 0.06799995 -0.02738153 0.03362494 0.06799995 -0.02758413 0.0340594 0.06799995 -0.03582495 0.03142499 0.06799995 -0.02289336 0.03323233 0.06799995 -0.02232497 0.03142499 0.06799995 -0.02261841 0.03362494 0.06799995 -0.02241581 0.0340594 0.06799995 -0.02323234 0.03289335 0.06799995 -0.02362495 0.0326184 0.06799995 -0.02405941 0.0324158 0.06799995 -0.02770817 0.03452241 0.06799995 -0.02774995 0.03499996 0.06799995 -0.03582495 0.03737497 0.06799995 -0.02770817 0.03547751 0.06799995 -0.02758413 0.03594052 0.06799995 -0.02452242 0.03229176 0.06799995 -0.02499997 0.03224998 0.06799995 -0.02547752 0.03229176 0.06799995 -0.02594053 0.0324158 0.06799995 -0.02637499 0.0326184 0.06799995 -0.02738153 0.03637498 0.06799995 -0.02710658 0.03676766 0.06799995 -0.02676767 0.03710657 0.06799995 -0.02676767 0.03289335 0.06799995 -0.02710658 0.03323233 0.06799995 -0.01987498 0.03737497 0.06799995 -0.02232497 0.03737497 0.06799995 -0.02229177 0.03547751 0.06799995 -0.02224999 0.03499996 0.06799995 -0.02229177 0.03452241 0.06799995 -0.01987498 0.03142499 0.06799995 -0.02289336 0.03676766 0.06799995 -0.02323234 0.03710657 0.06799995 -0.02362495 0.03738152 0.06799995 -0.02261841 0.03637498 0.06799995 -0.02241581 0.03594052 0.06799995 -0.02413529 0.04756808 0.06799995 -0.02378171 0.04747331 0.06799995 -0.02232497 0.04999995 0.06799995 -0.02243191 0.04513531 0.06799995 -0.02252662 0.04478174 0.06799995 -0.02239996 0.04549998 0.06799995 -0.02344995 0.04731863 0.06799995 -0.02315014 0.04710865 0.06799995 -0.02289128 0.04684984 0.06799995 -0.02315014 0.04389131 0.06799995 -0.02344995 0.04368132 0.06799995 -0.02378171 0.04352664 0.06799995 -0.02413529 0.04343187 0.06799995 -0.02405941 0.03758412 0.06799995 -0.02268129 0.04654997 0.06799995 -0.02252662 0.04621821 0.06799995 -0.02243191 0.04586464 0.06799995 -0.02268129 0.04444998 0.06799995 -0.02289128 0.04415011 0.06799995 -0.02594053 0.03758412 0.06799995 -0.02449995 0.04339998 0.06799995 -0.02637499 0.03738152 0.06799995 -0.03582495 0.04339998 0.06799995 -0.02547752 0.03770822 0.06799995 -0.02499997 0.03774994 0.06799995 -0.02452242 0.03770822 0.06799995 0.04637497 -0.03738152 0.06799995 0.04594051 -0.03758412 0.06799995 0.05582499 -0.03924995 0.06799995 0.0454775 -0.03770822 0.06799995 0.04232496 -0.03924995 0.06799995 0.04499995 -0.03774994 0.06799995 0.04452246 -0.03770822 0.06799995 0.04405939 -0.0324158 0.06799995 0.04452246 -0.03229176 0.06799995 0.04499995 -0.03224998 0.06799995 0.04229176 -0.03452241 0.06799995 0.04241579 -0.0340594 0.06799995 0.04261839 -0.03362494 0.06799995 0.04289335 -0.03323233 0.06799995 0.05582499 -0.03142499 0.06799995 0.0454775 -0.03229176 0.06799995 0.04594051 -0.0324158 0.06799995 0.04758411 -0.0340594 0.06799995 0.04738152 -0.03362494 0.06799995 0.04710662 -0.03323233 0.06799995 0.04323232 -0.03289335 0.06799995 0.04362499 -0.0326184 0.06799995 0.04637497 -0.0326184 0.06799995 0.04676765 -0.03289335 0.06799995 0.04770821 -0.03452241 0.06799995 0.04774999 -0.03499996 0.06799995 0.05582499 -0.03737497 0.06799995 0.04770821 -0.03547751 0.06799995 0.04758411 -0.03594052 0.06799995 0.04738152 -0.03637498 0.06799995 0.04710662 -0.03676766 0.06799995 0.04676765 -0.03710657 0.06799995 0.04229176 -0.03547751 0.06799995 0.04224997 -0.03499996 0.06799995 0.03749996 -0.037 0.06799995 0.03749996 -0.03142499 0.06799995 0.04232496 -0.03737497 0.06799995 0.04405939 -0.03758412 0.06799995 0.04362499 -0.03738152 0.06799995 0.04323232 -0.03710657 0.06799995 0.04289335 -0.03676766 0.06799995 0.04261839 -0.03637498 0.06799995 0.04241579 -0.03594052 0.06799995 0.08766043 0.04642784 0.06799995 0.08642786 0.04766041 0.06799995 0.08319997 0.03737497 0.06799995 0.08499997 0.04866021 0.06799995 0.08342015 0.04939687 0.06799995 0.08173644 0.04984807 0.06799995 0.08984804 0.04173648 0.06799995 0.08939689 0.04342019 0.06799995 0.08742499 0.03737497 0.06799995 0.08866024 0.04499995 0.06799995 0.08866024 -0.04499995 0.06799995 0.08939689 -0.04342019 0.06799995 0.08984804 -0.04173648 0.06799995 0.08342015 -0.04939687 0.06799995 0.08499997 -0.04866021 0.06799995 0.08319997 -0.03924995 0.06799995 0.08642786 -0.04766041 0.06799995 0.08766043 -0.04642784 0.06799995 0.08173644 -0.04984807 0.06799995 0.07979995 -0.03924995 0.06799995 0.07999998 -0.04999995 0.06799995 -0.06342017 -0.04939687 0.06799995 -0.06173646 -0.04984807 0.06799995 -0.06319999 -0.03924995 0.06799995 -0.05979996 -0.03924995 0.06799995 -0.06999999 -0.03924995 0.06799995 -0.06999999 -0.03999996 0.06799995 -0.06984806 -0.04173648 0.06799995 -0.06939691 -0.04342019 0.06799995 -0.06866025 -0.04499995 0.06799995 -0.06766045 -0.04642784 0.06799995 -0.06642788 -0.04766041 0.06799995 -0.06499999 -0.04866021 0.06799995 -0.06342017 0.04939687 0.06799995 -0.06499999 0.04866021 0.06799995 -0.06866025 0.04499995 0.06799995 -0.06939691 0.04342019 0.06799995 -0.06984806 0.04173648 0.06799995 -0.06642788 0.04766041 0.06799995 -0.06766045 0.04642784 0.06799995 -0.06173646 0.04984807 0.06799995 -0.05979996 0.03737497 0.06799995 -0.06 0.04999995 0.06799995 -0.06319999 -0.02369999 0.06799995 -0.05979996 -0.02369999 0.06799995 -0.05979996 -0.01999998 0.06799995 -0.05274999 -0.01999998 0.06799995 -0.05274999 -0.02369999 0.06799995 -0.04934996 -0.01999998 0.06799995 -0.04934996 -0.02369999 0.06799995 -0.03582495 -0.01999998 0.06799995 -0.02749997 -0.01999998 0.06799995 -0.02232497 -0.02369999 0.06799995 -0.02749997 0 0.06799995 -0.02232497 0 0.06799995 -0.02749997 0.01999998 0.06799995 -0.02232497 0.02369999 0.06799995 -0.03582495 0.01999998 0.06799995 -0.03582495 0.02369999 0.06799995 -0.04934996 0.01999998 0.06799995 -0.04934996 0.02369999 0.06799995 -0.05274999 0.01999998 0.06799995 -0.05274999 0.02369999 0.06799995 -0.05979996 0.01999998 0.06799995 -0.05979996 0.02369999 0.06799995 -0.0625 0.01999998 0.06799995 0.08319997 0 0.06799995 0.08249998 0 0.06799995 0.08249998 -0.01999998 0.06799995 0.06935 -0.01999998 0.06799995 0.06935 -0.02369999 0.06799995 0.07979995 -0.01999998 0.06799995 0.07979995 -0.02369999 0.06799995 0.08319997 -0.02369999 0.06799995 0.08249998 0.01999998 0.06799995 0.08319997 0.02369999 0.06799995 0.07979995 0.01999998 0.06799995 0.07979995 0.02369999 0.06799995 0.06935 0.01999998 0.06799995 0.06935 0.02369999 0.06799995 0.05582499 0.01999998 0.06799995 0.05582499 0.02369999 0.06799995 0.04749995 0.01999998 0.06799995 0.04232496 0.02369999 0.06799995 0.04749995 0 0.06799995 0.04232496 0 0.06799995 0.04749995 -0.01999998 0.06799995 0.05582499 -0.01999998 0.06799995 0.009830415 -0.003808796 0.06799995 0.00999999 -0.003794312 0.06799995 0.008070111 0 0.06799995 0.01207655 -5.2145e-4 0.06799995 0.0104891 -0.003922104 0.06799995 0.01062995 -0.004017651 0.06799995 0.009247481 -0.004135727 0.06799995 0.009370028 -0.004017651 0.06799995 0.007923364 -5.2145e-4 0.06799995 0.009510815 -0.003922104 0.06799995 0.007994294 -3.81872e-4 0.06799995 0.009665787 -0.003851771 0.06799995 0.008042573 -2.32933e-4 0.06799995 0.01192981 0 0.06799995 0.008067011 -7.8284e-5 0.06799995 0.0101695 -0.003808796 0.06799995 0.01033419 -0.003851771 0.06799995 0.0119329 -7.8284e-5 0.06799995 0.01195734 -2.32933e-4 0.06799995 0.01200562 -3.81872e-4 0.06799995 0.01075249 -0.004135727 0.06799995 0.01085323 -0.004272818 0.06799995 0.02624124 -0.02369999 0.06799995 0.03085315 -0.037 0.06799995 0.03096204 -0.03142499 0.06799995 0.00914669 -0.004272818 0.06799995 -0.006241202 -0.02369999 0.06799995 -0.01085317 -0.037 0.06799995 -0.01155155 -0.03737497 0.06799995 -0.01749998 0.03142499 0.06799995 -0.01749998 0.037 0.06799995 -0.01436901 0.037 0.06799995 -0.01155155 0.03737497 0.06799995 -0.01155155 0.03238964 0.06799995 -0.01987498 -0.03142499 0.06799995 -0.01749998 -0.02369999 0.06799995 -0.01987498 -0.02369999 0.06799995 -0.01749998 0 0.06799995 -0.01987498 0 0.06799995 -0.01749998 0.02369999 0.06799995 -0.01987498 0.02369999 0.06799995 -0.01096206 -0.03142499 0.06799995 -0.01155155 -0.03238964 0.06799995 -0.01436901 -0.037 0.06799995 -0.01749998 -0.037 0.06799995 -0.01749998 -0.03142499 0.06799995 0.01062995 0.004017651 0.06799995 0.0104891 0.003922104 0.06799995 0.01207655 5.2145e-4 0.06799995 0.007923364 5.2145e-4 0.06799995 0.009510815 0.003922104 0.06799995 0.009370028 0.004017651 0.06799995 0.01200562 3.81872e-4 0.06799995 0.01033419 0.003851771 0.06799995 0.01195734 2.32933e-4 0.06799995 0.00999999 0.003794312 0.06799995 0.009830415 0.003808796 0.06799995 0.009665787 0.003851771 0.06799995 0.008067011 7.8284e-5 0.06799995 0.008042573 2.32933e-4 0.06799995 0.009247481 0.004135727 0.06799995 0.00914669 0.004272818 0.06799995 -0.006241202 0.02369999 0.06799995 -0.01085317 0.037 0.06799995 -0.01096206 0.03142499 0.06799995 0.0101695 0.003808796 0.06799995 0.0119329 7.8284e-5 0.06799995 0.007994294 3.81872e-4 0.06799995 0.03096204 0.03142499 0.06799995 0.03085315 0.037 0.06799995 0.03749996 -0.02369999 0.06799995 0.03749996 0 0.06799995 0.03749996 0.02369999 0.06799995 0.02624124 0.02369999 0.06799995 0.01085323 0.004272818 0.06799995 0.01075249 0.004135727 0.06799995 0.03039067 0.04521578 0.06799995 0.03076952 0.04511427 0.06799995 0.03155159 0.04999995 0.06799995 -0.01076954 0.04511427 0.06799995 -0.01155155 0.04999995 0.06799995 -0.01112496 0.04494851 0.06799995 -0.01144623 0.04472357 0.06799995 -0.01039069 0.04521578 0.06799995 -0.00999999 0.04524999 0.06799995 0.02999997 0.04524999 0.06799995 -0.01172357 0.04444622 0.06799995 -0.01987498 0.04999995 0.06799995 -0.01194852 0.04412496 0.06799995 -0.01194852 0.041875 0.06799995 -0.01211428 0.04223042 0.06799995 -0.01221579 0.04260927 0.06799995 -0.01224994 0.04299998 0.06799995 -0.01221579 0.04339069 0.06799995 -0.01211428 0.04376953 0.06799995 -0.01039069 0.04078418 0.06799995 -0.01076954 0.04088568 0.06799995 -0.01112496 0.04105144 0.06799995 -0.01144623 0.04127639 0.06799995 -0.01172357 0.04155367 0.06799995 0.03112494 0.04105144 0.06799995 0.03076952 0.04088568 0.06799995 0.03039067 0.04078418 0.06799995 0.02999997 0.04074996 0.06799995 -0.00999999 0.04074996 0.06799995 0.03221577 0.04260927 0.06799995 0.03211426 0.04223042 0.06799995 0.03112494 0.04494851 0.06799995 0.03144627 0.04472357 0.06799995 0.03172355 0.04444622 0.06799995 0.0319485 0.04412496 0.06799995 0.0319485 0.041875 0.06799995 0.03172355 0.04155367 0.06799995 0.03144627 0.04127639 0.06799995 0.03211426 0.04376953 0.06799995 0.03221577 0.04339069 0.06799995 0.03224998 0.04299998 0.06799995 0.03039067 -0.04078418 0.06799995 0.03076952 -0.04088568 0.06799995 0.03155159 -0.03924995 0.06799995 -0.01112496 -0.04105144 0.06799995 -0.01076954 -0.04088568 0.06799995 -0.01155155 -0.03924995 0.06799995 -0.01039069 -0.04078418 0.06799995 -0.00999999 -0.04074996 0.06799995 0.02999997 -0.04074996 0.06799995 -0.01211428 -0.04223042 0.06799995 -0.01194852 -0.041875 0.06799995 -0.01987498 -0.03924995 0.06799995 -0.01172357 -0.04155367 0.06799995 -0.01144623 -0.04127639 0.06799995 -0.01987498 -0.04999995 0.06799995 -0.01194852 -0.04412496 0.06799995 -0.01211428 -0.04376953 0.06799995 -0.01221579 -0.04339069 0.06799995 -0.01224994 -0.04299998 0.06799995 -0.01221579 -0.04260927 0.06799995 -0.01039069 -0.04521578 0.06799995 -0.01076954 -0.04511427 0.06799995 -0.01155155 -0.04999995 0.06799995 -0.01112496 -0.04494851 0.06799995 -0.01144623 -0.04472357 0.06799995 -0.01172357 -0.04444622 0.06799995 0.03144627 -0.04472357 0.06799995 0.03112494 -0.04494851 0.06799995 0.03155159 -0.04999995 0.06799995 0.03076952 -0.04511427 0.06799995 0.03039067 -0.04521578 0.06799995 0.02999997 -0.04524999 0.06799995 -0.00999999 -0.04524999 0.06799995 0.03112494 -0.04105144 0.06799995 0.03144627 -0.04127639 0.06799995 0.03172355 -0.04155367 0.06799995 0.0319485 -0.041875 0.06799995 0.03172355 -0.04444622 0.06799995 0.04232496 -0.04999995 0.06799995 0.0319485 -0.04412496 0.06799995 0.03224998 -0.04299998 0.06799995 0.03221577 -0.04339069 0.06799995 0.03211426 -0.04376953 0.06799995 0.03211426 -0.04223042 0.06799995 0.03221577 -0.04260927 0.06799995 0.08721417 -0.007399022 0.06799995 0.08699995 -0.007548987 0.06799995 0.08742499 -0.02369999 0.06799995 0.08528578 -0.007399022 0.06799995 0.08510088 -0.007214128 0.06799995 0.08495092 -0.006999969 0.06799995 0.08484041 -0.006762981 0.06799995 0.08484041 -0.005736947 0.06799995 0.08495092 -0.005499958 0.06799995 0.08651047 -0.004772782 0.06799995 0.08676302 -0.004840433 0.06799995 0.08742499 0 0.06799995 0.08699995 -0.00495094 0.06799995 0.08477276 -0.006510436 0.06799995 0.08474999 -0.006249964 0.06799995 0.08477276 -0.005989491 0.06799995 0.08510088 -0.005285799 0.06799995 0.08528578 -0.005100905 0.06799995 0.0855 -0.00495094 0.06799995 0.08625 -0.007749974 0.06799995 0.08598953 -0.007727205 0.06799995 0.08676302 -0.007659494 0.06799995 0.08651047 -0.007727205 0.06799995 0.08573693 -0.007659494 0.06799995 0.0855 -0.007548987 0.06799995 0.08573693 -0.004840433 0.06799995 0.08598953 -0.004772782 0.06799995 0.08625 -0.004749953 0.06799995 0.08999997 0 0.06799995 0.08765953 -0.005736947 0.06799995 0.08772718 -0.005989491 0.06799995 0.08721417 -0.005100905 0.06799995 0.08739906 -0.005285799 0.06799995 0.08754903 -0.005499958 0.06799995 0.08774995 -0.006249964 0.06799995 0.08772718 -0.006510436 0.06799995 0.08999997 -0.02369999 0.06799995 0.08765953 -0.006762981 0.06799995 0.08754903 -0.006999969 0.06799995 0.08739906 -0.007214128 0.06799995 0.08495092 0.005499958 0.06799995 0.08484041 0.005736947 0.06799995 0.08484041 0.006762981 0.06799995 0.08495092 0.006999969 0.06799995 0.08510088 0.007214128 0.06799995 0.08528578 0.007399022 0.06799995 0.0855 0.007548987 0.06799995 0.08651047 0.007727205 0.06799995 0.08676302 0.007659494 0.06799995 0.08742499 0.02369999 0.06799995 0.08721417 0.005100905 0.06799995 0.08699995 0.00495094 0.06799995 0.08676302 0.004840433 0.06799995 0.08573693 0.004840433 0.06799995 0.0855 0.00495094 0.06799995 0.08477276 0.005989491 0.06799995 0.08474999 0.006249964 0.06799995 0.08477276 0.006510436 0.06799995 0.08528578 0.005100905 0.06799995 0.08510088 0.005285799 0.06799995 0.08699995 0.007548987 0.06799995 0.08721417 0.007399022 0.06799995 0.08739906 0.007214128 0.06799995 0.08651047 0.004772782 0.06799995 0.08625 0.004749953 0.06799995 0.08598953 0.004772782 0.06799995 0.08573693 0.007659494 0.06799995 0.08598953 0.007727205 0.06799995 0.08625 0.007749974 0.06799995 0.08754903 0.006999969 0.06799995 0.08999997 0.02369999 0.06799995 0.08765953 0.006762981 0.06799995 0.08772718 0.006510436 0.06799995 0.08774995 0.006249964 0.06799995 0.08772718 0.005989491 0.06799995 0.08765953 0.005736947 0.06799995 0.08754903 0.005499958 0.06799995 0.08739906 0.005285799 0.06799995 0.07084983 -0.04389131 0.06799995 0.07110869 -0.04415011 0.06799995 0.07979995 -0.04999995 0.06799995 0.07159996 -0.04549998 0.06799995 0.07156807 -0.04586464 0.06799995 0.07156807 -0.04513531 0.06799995 0.06949996 -0.04339998 0.06799995 0.06986463 -0.04343187 0.06799995 0.06935 -0.03924995 0.06799995 0.0702182 -0.04352664 0.06799995 0.07054996 -0.04368132 0.06799995 0.07131862 -0.04444998 0.06799995 0.07147336 -0.04478174 0.06799995 0.07147336 -0.04621821 0.06799995 0.07131862 -0.04654997 0.06799995 0.07110869 -0.04684984 0.06799995 0.07084983 -0.04710865 0.06799995 0.07054996 -0.04731863 0.06799995 0.06935 -0.04999995 0.06799995 0.0702182 -0.04747331 0.06799995 0.06986463 -0.04756808 0.06799995 0.04268133 -0.04444998 0.06799995 0.0425266 -0.04478174 0.06799995 0.04243189 -0.04513531 0.06799995 0.04289126 -0.04415011 0.06799995 0.04315012 -0.04389131 0.06799995 0.04344999 -0.04368132 0.06799995 0.04449999 -0.04339998 0.06799995 0.05582499 -0.04339998 0.06799995 0.06935 -0.04339998 0.06799995 0.04378175 -0.04352664 0.06799995 0.04413533 -0.04343187 0.06799995 0.0424 -0.04549998 0.06799995 0.04344999 -0.04731863 0.06799995 0.04378175 -0.04747331 0.06799995 0.04413533 -0.04756808 0.06799995 0.04315012 -0.04710865 0.06799995 0.04289126 -0.04684984 0.06799995 0.04268133 -0.04654997 0.06799995 0.0425266 -0.04621821 0.06799995 0.04243189 -0.04586464 0.06799995 0.06949996 -0.04759997 0.06799995 0.06935 -0.04759997 0.06799995 0.05582499 -0.04999995 0.06799995 0.05582499 -0.04759997 0.06799995 0.04449999 -0.04759997 0.06799995 -0.02413529 -0.04343187 0.06799995 -0.02378171 -0.04352664 0.06799995 -0.02232497 -0.04999995 0.06799995 -0.02239996 -0.04549998 0.06799995 -0.02243191 -0.04586464 0.06799995 -0.02252662 -0.04621821 0.06799995 -0.02268129 -0.04654997 0.06799995 -0.02289128 -0.04684984 0.06799995 -0.02344995 -0.04368132 0.06799995 -0.02315014 -0.04389131 0.06799995 -0.02289128 -0.04415011 0.06799995 -0.02268129 -0.04444998 0.06799995 -0.02252662 -0.04478174 0.06799995 -0.02243191 -0.04513531 0.06799995 -0.02315014 -0.04710865 0.06799995 -0.02344995 -0.04731863 0.06799995 -0.02378171 -0.04747331 0.06799995 -0.03582495 -0.04339998 0.06799995 -0.02449995 -0.04339998 0.06799995 -0.04949998 -0.04759997 0.06799995 -0.04986464 -0.04756808 0.06799995 -0.04934996 -0.04999995 0.06799995 -0.05159997 -0.04549998 0.06799995 -0.05156809 -0.04513531 0.06799995 -0.05274999 -0.03924995 0.06799995 -0.05054998 -0.04731863 0.06799995 -0.05084985 -0.04710865 0.06799995 -0.05274999 -0.04999995 0.06799995 -0.05110865 -0.04684984 0.06799995 -0.05110865 -0.04415011 0.06799995 -0.05084985 -0.04389131 0.06799995 -0.05147331 -0.04478174 0.06799995 -0.05131864 -0.04444998 0.06799995 -0.05021822 -0.04747331 0.06799995 -0.05131864 -0.04654997 0.06799995 -0.05147331 -0.04621821 0.06799995 -0.05156809 -0.04586464 0.06799995 -0.05054998 -0.04368132 0.06799995 -0.05021822 -0.04352664 0.06799995 -0.04986464 -0.04343187 0.06799995 -0.02413529 -0.04756808 0.06799995 -0.02449995 -0.04759997 0.06799995 -0.03582495 -0.04999995 0.06799995 -0.03582495 -0.04759997 0.06799995 -0.04934996 -0.04759997 0.06799995 -0.03582495 0.04999995 0.06799995 -0.03582495 0.04759997 0.06799995 -0.02449995 0.04759997 0.06799995 -0.04949998 0.04339998 0.06799995 -0.04986464 0.04343187 0.06799995 -0.04934996 0.03737497 0.06799995 -0.05159997 0.04549998 0.06799995 -0.05156809 0.04586464 0.06799995 -0.05274999 0.04999995 0.06799995 -0.05147331 0.04621821 0.06799995 -0.05131864 0.04654997 0.06799995 -0.05110865 0.04684984 0.06799995 -0.05084985 0.04710865 0.06799995 -0.05054998 0.04368132 0.06799995 -0.05084985 0.04389131 0.06799995 -0.05274999 0.03737497 0.06799995 -0.05110865 0.04415011 0.06799995 -0.05054998 0.04731863 0.06799995 -0.05021822 0.04747331 0.06799995 -0.04986464 0.04756808 0.06799995 -0.05021822 0.04352664 0.06799995 -0.05131864 0.04444998 0.06799995 -0.05147331 0.04478174 0.06799995 -0.05156809 0.04513531 0.06799995 -0.04934996 0.04339998 0.06799995 0.06949996 0.04759997 0.06799995 0.06986463 0.04756808 0.06799995 0.06935 0.04999995 0.06799995 0.0702182 0.04747331 0.06799995 0.07054996 0.04731863 0.06799995 0.07084983 0.04710865 0.06799995 0.07156807 0.04513531 0.06799995 0.07159996 0.04549998 0.06799995 0.07156807 0.04586464 0.06799995 0.07147336 0.04621821 0.06799995 0.07110869 0.04684984 0.06799995 0.07131862 0.04654997 0.06799995 0.07147336 0.04478174 0.06799995 0.07131862 0.04444998 0.06799995 0.07110869 0.04415011 0.06799995 0.07084983 0.04389131 0.06799995 0.07054996 0.04368132 0.06799995 0.06935 0.03737497 0.06799995 0.0702182 0.04352664 0.06799995 0.06986463 0.04343187 0.06799995 0.04413533 0.04756808 0.06799995 0.04449999 0.04759997 0.06799995 0.05582499 0.04999995 0.06799995 0.05582499 0.04759997 0.06799995 0.06935 0.04759997 0.06799995 0.04594051 0.03758412 0.06799995 0.05582499 0.04339998 0.06799995 0.06935 0.04339998 0.06799995 0.06949996 0.04339998 0.06799995 -0.06522214 0.03057569 0.06799995 -0.06495273 0.03050351 0.06799995 -0.06427431 0.03002846 0.06799995 -0.06411433 0.02979999 0.06799995 -0.06399649 0.02954721 0.06799995 -0.06411433 0.02819997 0.06799995 -0.06427431 0.0279715 0.06799995 -0.0647 0.03038561 0.06799995 -0.06447154 0.03022563 0.06799995 -0.06399649 0.02845275 0.06799995 -0.06392431 0.0292778 0.06799995 -0.06389999 0.02899998 0.06799995 -0.06392431 0.02872216 0.06799995 -0.06688565 0.02819997 0.06799995 -0.06700348 0.02845275 0.06799995 -0.06999999 0.02369999 0.06799995 -0.06707566 0.02872216 0.06799995 -0.06999999 0.03142499 0.06799995 -0.06709998 0.02899998 0.06799995 -0.06707566 0.0292778 0.06799995 -0.06700348 0.02954721 0.06799995 -0.06604719 0.02749645 0.06799995 -0.06629997 0.02761435 0.06799995 -0.06447154 0.02777433 0.06799995 -0.0647 0.02761435 0.06799995 -0.06495273 0.02749645 0.06799995 -0.06688565 0.02979999 0.06799995 -0.06672567 0.03002846 0.06799995 -0.06652843 0.03022563 0.06799995 -0.06549996 0.03059995 0.06799995 -0.06577783 0.03057569 0.06799995 -0.06652843 0.02777433 0.06799995 -0.06672567 0.0279715 0.06799995 -0.06629997 0.03038561 0.06799995 -0.06604719 0.03050351 0.06799995 -0.06522214 0.02742427 0.06799995 -0.06549996 0.02739995 0.06799995 -0.06577783 0.02742427 0.06799995 -0.0652858 0.007399022 0.06799995 -0.0651009 0.007214128 0.06799995 -0.06495094 0.006999969 0.06799995 -0.06484043 0.006762981 0.06799995 -0.06477278 0.006510436 0.06799995 -0.06474995 0.006249964 0.06799995 -0.06319999 0 0.06799995 -0.06477278 0.005989491 0.06799995 -0.06598949 0.007727205 0.06799995 -0.06573694 0.007659494 0.06799995 -0.06549996 0.007548987 0.06799995 -0.0677272 0.005989491 0.06799995 -0.06999999 0 0.06799995 -0.06765949 0.005736947 0.06799995 -0.06754904 0.005499958 0.06799995 -0.06774997 0.006249964 0.06799995 -0.0677272 0.006510436 0.06799995 -0.06765949 0.006762981 0.06799995 -0.06754904 0.006999969 0.06799995 -0.06739902 0.007214128 0.06799995 -0.06721419 0.007399022 0.06799995 -0.06699997 0.007548987 0.06799995 -0.06484043 0.005736947 0.06799995 -0.06495094 0.005499958 0.06799995 -0.0651009 0.005285799 0.06799995 -0.06676304 0.004840433 0.06799995 -0.06699997 0.00495094 0.06799995 -0.06676304 0.007659494 0.06799995 -0.06651043 0.007727205 0.06799995 -0.06624996 0.007749974 0.06799995 -0.0652858 0.005100905 0.06799995 -0.06549996 0.00495094 0.06799995 -0.06573694 0.004840433 0.06799995 -0.06721419 0.005100905 0.06799995 -0.06739902 0.005285799 0.06799995 -0.06598949 0.004772782 0.06799995 -0.06624996 0.004749953 0.06799995 -0.06651043 0.004772782 0.06799995 -0.06484043 -0.005736947 0.06799995 -0.06477278 -0.005989491 0.06799995 -0.06598949 -0.004772782 0.06799995 -0.06573694 -0.004840433 0.06799995 -0.06549996 -0.00495094 0.06799995 -0.0652858 -0.005100905 0.06799995 -0.0651009 -0.005285799 0.06799995 -0.06495094 -0.005499958 0.06799995 -0.06721419 -0.007399022 0.06799995 -0.06739902 -0.007214128 0.06799995 -0.06999999 -0.02369999 0.06799995 -0.06754904 -0.006999969 0.06799995 -0.0677272 -0.005989491 0.06799995 -0.06765949 -0.005736947 0.06799995 -0.06754904 -0.005499958 0.06799995 -0.06739902 -0.005285799 0.06799995 -0.06721419 -0.005100905 0.06799995 -0.06699997 -0.00495094 0.06799995 -0.06474995 -0.006249964 0.06799995 -0.0625 -0.01999998 0.06799995 -0.06477278 -0.006510436 0.06799995 -0.06484043 -0.006762981 0.06799995 -0.06495094 -0.006999969 0.06799995 -0.06765949 -0.006762981 0.06799995 -0.0677272 -0.006510436 0.06799995 -0.06774997 -0.006249964 0.06799995 -0.06676304 -0.004840433 0.06799995 -0.06651043 -0.004772782 0.06799995 -0.06624996 -0.004749953 0.06799995 -0.0651009 -0.007214128 0.06799995 -0.0652858 -0.007399022 0.06799995 -0.06549996 -0.007548987 0.06799995 -0.06624996 -0.007749974 0.06799995 -0.06651043 -0.007727205 0.06799995 -0.06573694 -0.007659494 0.06799995 -0.06598949 -0.007727205 0.06799995 -0.06676304 -0.007659494 0.06799995 -0.06699997 -0.007548987 0.06799995 -0.06389999 -0.02899998 0.06799995 -0.06392431 -0.0292778 0.06799995 -0.06319999 -0.03142499 0.06799995 -0.06999999 -0.03142499 0.06799995 -0.06709998 -0.02899998 0.06799995 -0.06707566 -0.02872216 0.06799995 -0.06700348 -0.02845275 0.06799995 -0.06495273 -0.02749645 0.06799995 -0.06522214 -0.02742427 0.06799995 -0.06549996 -0.02739995 0.06799995 -0.06427431 -0.0279715 0.06799995 -0.06411433 -0.02819997 0.06799995 -0.06399649 -0.02845275 0.06799995 -0.06392431 -0.02872216 0.06799995 -0.0647 -0.02761435 0.06799995 -0.06447154 -0.02777433 0.06799995 -0.06399649 -0.02954721 0.06799995 -0.06411433 -0.02979999 0.06799995 -0.06427431 -0.03002846 0.06799995 -0.06688565 -0.02979999 0.06799995 -0.06700348 -0.02954721 0.06799995 -0.06707566 -0.0292778 0.06799995 -0.06688565 -0.02819997 0.06799995 -0.06672567 -0.0279715 0.06799995 -0.06652843 -0.02777433 0.06799995 -0.06577783 -0.02742427 0.06799995 -0.06604719 -0.03050351 0.06799995 -0.06629997 -0.03038561 0.06799995 -0.06629997 -0.02761435 0.06799995 -0.06604719 -0.02749645 0.06799995 -0.06447154 -0.03022563 0.06799995 -0.0647 -0.03038561 0.06799995 -0.06495273 -0.03050351 0.06799995 -0.06652843 -0.03022563 0.06799995 -0.06672567 -0.03002846 0.06799995 -0.06522214 -0.03057569 0.06799995 -0.06549996 -0.03059995 0.06799995 -0.06577783 -0.03057569 0.06799995 -0.0625 0 0.06799995 -0.05979996 -0.03142499 0.06799995 -0.05979996 0.04999995 0.06799995 -0.0539 0.02899998 0.06799995 -0.05392426 0.02872216 0.06799995 -0.05274999 0.03142499 0.06799995 -0.05495274 0.03050351 0.06799995 -0.05469995 0.03038561 0.06799995 -0.05392426 0.0292778 0.06799995 -0.05399644 0.02954721 0.06799995 -0.05411434 0.02979999 0.06799995 -0.05447149 0.03022563 0.06799995 -0.05427432 0.03002846 0.06799995 -0.05399644 0.02845275 0.06799995 -0.05411434 0.02819997 0.06799995 -0.05427432 0.0279715 0.06799995 -0.0560472 0.02749645 0.06799995 -0.05629998 0.02761435 0.06799995 -0.05652844 0.02777433 0.06799995 -0.05672562 0.0279715 0.06799995 -0.0568856 0.02819997 0.06799995 -0.05700349 0.02845275 0.06799995 -0.05707567 0.02872216 0.06799995 -0.05709999 0.02899998 0.06799995 -0.05707567 0.0292778 0.06799995 -0.05700349 0.02954721 0.06799995 -0.0568856 0.02979999 0.06799995 -0.05672562 0.03002846 0.06799995 -0.05652844 0.03022563 0.06799995 -0.05629998 0.03038561 0.06799995 -0.0560472 0.03050351 0.06799995 -0.05577778 0.03057569 0.06799995 -0.05549997 0.03059995 0.06799995 -0.05522215 0.03057569 0.06799995 -0.05447149 0.02777433 0.06799995 -0.05469995 0.02761435 0.06799995 -0.05495274 0.02749645 0.06799995 -0.05522215 0.02742427 0.06799995 -0.05549997 0.02739995 0.06799995 -0.05577778 0.02742427 0.06799995 -0.0539 -0.02899998 0.06799995 -0.05392426 -0.0292778 0.06799995 -0.05274999 -0.03142499 0.06799995 -0.05522215 -0.02742427 0.06799995 -0.05495274 -0.02749645 0.06799995 -0.05469995 -0.02761435 0.06799995 -0.05411434 -0.02819997 0.06799995 -0.05399644 -0.02845275 0.06799995 -0.05392426 -0.02872216 0.06799995 -0.05447149 -0.02777433 0.06799995 -0.05427432 -0.0279715 0.06799995 -0.05399644 -0.02954721 0.06799995 -0.05411434 -0.02979999 0.06799995 -0.05427432 -0.03002846 0.06799995 -0.05700349 -0.02845275 0.06799995 -0.0568856 -0.02819997 0.06799995 -0.05652844 -0.03022563 0.06799995 -0.05629998 -0.03038561 0.06799995 -0.0560472 -0.03050351 0.06799995 -0.05672562 -0.03002846 0.06799995 -0.0568856 -0.02979999 0.06799995 -0.05700349 -0.02954721 0.06799995 -0.05707567 -0.0292778 0.06799995 -0.05709999 -0.02899998 0.06799995 -0.05707567 -0.02872216 0.06799995 -0.05672562 -0.0279715 0.06799995 -0.05652844 -0.02777433 0.06799995 -0.05629998 -0.02761435 0.06799995 -0.0560472 -0.02749645 0.06799995 -0.05577778 -0.02742427 0.06799995 -0.05549997 -0.02739995 0.06799995 -0.05447149 -0.03022563 0.06799995 -0.05469995 -0.03038561 0.06799995 -0.05495274 -0.03050351 0.06799995 -0.05522215 -0.03057569 0.06799995 -0.05549997 -0.03059995 0.06799995 -0.05577778 -0.03057569 0.06799995 -0.06 -0.04999995 0.06799995 -0.05979996 -0.04999995 0.06799995 -0.04934996 -0.03142499 0.06799995 -0.04934996 0.03142499 0.06799995 -0.04495275 0.03050351 0.06799995 -0.04469996 0.03038561 0.06799995 -0.0444715 0.03022563 0.06799995 -0.04427433 0.03002846 0.06799995 -0.04411435 0.02979999 0.06799995 -0.04399645 0.02954721 0.06799995 -0.04392427 0.0292778 0.06799995 -0.04389995 0.02899998 0.06799995 -0.04392427 0.02872216 0.06799995 -0.04399645 0.02845275 0.06799995 -0.04411435 0.02819997 0.06799995 -0.04427433 0.0279715 0.06799995 -0.0444715 0.02777433 0.06799995 -0.04549998 0.02739995 0.06799995 -0.04577779 0.02742427 0.06799995 -0.04652845 0.02777433 0.06799995 -0.04672563 0.0279715 0.06799995 -0.0468856 0.02819997 0.06799995 -0.0470035 0.02845275 0.06799995 -0.04707568 0.02872216 0.06799995 -0.04709994 0.02899998 0.06799995 -0.04707568 0.0292778 0.06799995 -0.04604721 0.03050351 0.06799995 -0.04577779 0.03057569 0.06799995 -0.04549998 0.03059995 0.06799995 -0.04522216 0.03057569 0.06799995 -0.04469996 0.02761435 0.06799995 -0.04495275 0.02749645 0.06799995 -0.04522216 0.02742427 0.06799995 -0.04604721 0.02749645 0.06799995 -0.04629999 0.02761435 0.06799995 -0.0470035 0.02954721 0.06799995 -0.0468856 0.02979999 0.06799995 -0.04672563 0.03002846 0.06799995 -0.04652845 0.03022563 0.06799995 -0.04629999 0.03038561 0.06799995 -0.03582495 -0.02369999 0.06799995 -0.04495275 -0.02749645 0.06799995 -0.04469996 -0.02761435 0.06799995 -0.04522216 -0.02742427 0.06799995 -0.0444715 -0.02777433 0.06799995 -0.04427433 -0.0279715 0.06799995 -0.04411435 -0.02819997 0.06799995 -0.04399645 -0.02845275 0.06799995 -0.04392427 -0.02872216 0.06799995 -0.04389995 -0.02899998 0.06799995 -0.04392427 -0.0292778 0.06799995 -0.04399645 -0.02954721 0.06799995 -0.04411435 -0.02979999 0.06799995 -0.04427433 -0.03002846 0.06799995 -0.0444715 -0.03022563 0.06799995 -0.04469996 -0.03038561 0.06799995 -0.04495275 -0.03050351 0.06799995 -0.04604721 -0.03050351 0.06799995 -0.04629999 -0.03038561 0.06799995 -0.04652845 -0.03022563 0.06799995 -0.04672563 -0.03002846 0.06799995 -0.0468856 -0.02979999 0.06799995 -0.0470035 -0.02954721 0.06799995 -0.04604721 -0.02749645 0.06799995 -0.04577779 -0.02742427 0.06799995 -0.04549998 -0.02739995 0.06799995 -0.04522216 -0.03057569 0.06799995 -0.04549998 -0.03059995 0.06799995 -0.04577779 -0.03057569 0.06799995 -0.04707568 -0.0292778 0.06799995 -0.04709994 -0.02899998 0.06799995 -0.04707568 -0.02872216 0.06799995 -0.0470035 -0.02845275 0.06799995 -0.0468856 -0.02819997 0.06799995 -0.04672563 -0.0279715 0.06799995 -0.04652845 -0.02777433 0.06799995 -0.04629999 -0.02761435 0.06799995 -0.06999999 -0.03737497 0.06799995 -0.06319999 -0.03737497 0.06799995 -0.05979996 -0.03737497 0.06799995 -0.05274999 -0.03737497 0.06799995 -0.04934996 -0.03737497 0.06799995 0.06604719 0.03050351 0.06799995 0.06629997 0.03038561 0.06799995 0.06935 0.03142499 0.06799995 0.06652843 0.03022563 0.06799995 0.06672567 0.03002846 0.06799995 0.06688565 0.02979999 0.06799995 0.06700348 0.02954721 0.06799995 0.06707566 0.0292778 0.06799995 0.06709998 0.02899998 0.06799995 0.06707566 0.02872216 0.06799995 0.06700348 0.02845275 0.06799995 0.06688565 0.02819997 0.06799995 0.06672567 0.0279715 0.06799995 0.06652843 0.02777433 0.06799995 0.06629997 0.02761435 0.06799995 0.06604719 0.02749645 0.06799995 0.06577783 0.02742427 0.06799995 0.0647 0.02761435 0.06799995 0.06447154 0.02777433 0.06799995 0.06427431 0.0279715 0.06799995 0.06411433 0.02819997 0.06799995 0.06399649 0.02845275 0.06799995 0.06392431 0.02872216 0.06799995 0.06389999 0.02899998 0.06799995 0.06392431 0.0292778 0.06799995 0.06399649 0.02954721 0.06799995 0.06411433 0.02979999 0.06799995 0.06427431 0.03002846 0.06799995 0.06495273 0.03050351 0.06799995 0.06522214 0.03057569 0.06799995 0.06549996 0.03059995 0.06799995 0.06577783 0.03057569 0.06799995 0.06549996 0.02739995 0.06799995 0.06522214 0.02742427 0.06799995 0.06495273 0.02749645 0.06799995 0.06447154 0.03022563 0.06799995 0.0647 0.03038561 0.06799995 0.06522214 -0.02742427 0.06799995 0.06549996 -0.02739995 0.06799995 0.06577783 -0.02742427 0.06799995 0.06604719 -0.02749645 0.06799995 0.06629997 -0.02761435 0.06799995 0.06652843 -0.02777433 0.06799995 0.06672567 -0.0279715 0.06799995 0.06688565 -0.02819997 0.06799995 0.06700348 -0.02845275 0.06799995 0.06935 -0.03142499 0.06799995 0.06707566 -0.02872216 0.06799995 0.06709998 -0.02899998 0.06799995 0.06707566 -0.0292778 0.06799995 0.06700348 -0.02954721 0.06799995 0.06688565 -0.02979999 0.06799995 0.06672567 -0.03002846 0.06799995 0.06495273 -0.03050351 0.06799995 0.0647 -0.03038561 0.06799995 0.06652843 -0.03022563 0.06799995 0.06629997 -0.03038561 0.06799995 0.06604719 -0.03050351 0.06799995 0.06447154 -0.03022563 0.06799995 0.06427431 -0.03002846 0.06799995 0.06411433 -0.02979999 0.06799995 0.06399649 -0.02954721 0.06799995 0.06392431 -0.0292778 0.06799995 0.06389999 -0.02899998 0.06799995 0.06577783 -0.03057569 0.06799995 0.06549996 -0.03059995 0.06799995 0.06522214 -0.03057569 0.06799995 0.06392431 -0.02872216 0.06799995 0.06399649 -0.02845275 0.06799995 0.06411433 -0.02819997 0.06799995 0.06427431 -0.0279715 0.06799995 0.06495273 -0.02749645 0.06799995 0.06447154 -0.02777433 0.06799995 0.0647 -0.02761435 0.06799995 0.07979995 0.03142499 0.06799995 0.07604718 0.03050351 0.06799995 0.07629996 0.03038561 0.06799995 0.07688564 0.02979999 0.06799995 0.07700347 0.02954721 0.06799995 0.07688564 0.02819997 0.06799995 0.07672566 0.0279715 0.06799995 0.07652842 0.03022563 0.06799995 0.07672566 0.03002846 0.06799995 0.07700347 0.02845275 0.06799995 0.07707566 0.0292778 0.06799995 0.07709997 0.02899998 0.06799995 0.07707566 0.02872216 0.06799995 0.07495272 0.02749645 0.06799995 0.07469999 0.02761435 0.06799995 0.07447153 0.02777433 0.06799995 0.0742743 0.0279715 0.06799995 0.07411432 0.02819997 0.06799995 0.07399648 0.02845275 0.06799995 0.0739243 0.02872216 0.06799995 0.07389998 0.02899998 0.06799995 0.0739243 0.0292778 0.06799995 0.07399648 0.02954721 0.06799995 0.07411432 0.02979999 0.06799995 0.0742743 0.03002846 0.06799995 0.07447153 0.03022563 0.06799995 0.07469999 0.03038561 0.06799995 0.07495272 0.03050351 0.06799995 0.07522213 0.03057569 0.06799995 0.07549995 0.03059995 0.06799995 0.07577782 0.03057569 0.06799995 0.07652842 0.02777433 0.06799995 0.07629996 0.02761435 0.06799995 0.07604718 0.02749645 0.06799995 0.07577782 0.02742427 0.06799995 0.07549995 0.02739995 0.06799995 0.07522213 0.02742427 0.06799995 0.07709997 -0.02899998 0.06799995 0.07707566 -0.0292778 0.06799995 0.07979995 -0.03142499 0.06799995 0.07577782 -0.02742427 0.06799995 0.07604718 -0.02749645 0.06799995 0.07629996 -0.02761435 0.06799995 0.07688564 -0.02819997 0.06799995 0.07700347 -0.02845275 0.06799995 0.07707566 -0.02872216 0.06799995 0.07652842 -0.02777433 0.06799995 0.07672566 -0.0279715 0.06799995 0.07700347 -0.02954721 0.06799995 0.07688564 -0.02979999 0.06799995 0.07672566 -0.03002846 0.06799995 0.07399648 -0.02845275 0.06799995 0.07411432 -0.02819997 0.06799995 0.07447153 -0.03022563 0.06799995 0.07469999 -0.03038561 0.06799995 0.07495272 -0.03050351 0.06799995 0.0742743 -0.03002846 0.06799995 0.07411432 -0.02979999 0.06799995 0.07399648 -0.02954721 0.06799995 0.0739243 -0.0292778 0.06799995 0.07389998 -0.02899998 0.06799995 0.0739243 -0.02872216 0.06799995 0.0742743 -0.0279715 0.06799995 0.07447153 -0.02777433 0.06799995 0.07469999 -0.02761435 0.06799995 0.07495272 -0.02749645 0.06799995 0.07522213 -0.02742427 0.06799995 0.07549995 -0.02739995 0.06799995 0.07652842 -0.03022563 0.06799995 0.07629996 -0.03038561 0.06799995 0.07604718 -0.03050351 0.06799995 0.07577782 -0.03057569 0.06799995 0.07549995 -0.03059995 0.06799995 0.07522213 -0.03057569 0.06799995 0.08319997 0.03142499 0.06799995 0.08319997 -0.03142499 0.06799995 0.08604723 0.03050351 0.06799995 0.08742499 0.03142499 0.06799995 0.08577781 0.03057569 0.06799995 0.0855 0.03059995 0.06799995 0.08672565 0.03002846 0.06799995 0.08688563 0.02979999 0.06799995 0.08700346 0.02954721 0.06799995 0.08688563 0.02819997 0.06799995 0.08672565 0.0279715 0.06799995 0.08629995 0.03038561 0.06799995 0.08652842 0.03022563 0.06799995 0.08700346 0.02845275 0.06799995 0.08707565 0.0292778 0.06799995 0.08709996 0.02899998 0.06799995 0.08707565 0.02872216 0.06799995 0.08411431 0.02819997 0.06799995 0.08399647 0.02845275 0.06799995 0.08392429 0.02872216 0.06799995 0.08389997 0.02899998 0.06799995 0.08392429 0.0292778 0.06799995 0.08399647 0.02954721 0.06799995 0.08495277 0.02749645 0.06799995 0.08469998 0.02761435 0.06799995 0.08652842 0.02777433 0.06799995 0.08629995 0.02761435 0.06799995 0.08604723 0.02749645 0.06799995 0.08411431 0.02979999 0.06799995 0.08427429 0.03002846 0.06799995 0.08447152 0.03022563 0.06799995 0.08522212 0.03057569 0.06799995 0.08447152 0.02777433 0.06799995 0.08427429 0.0279715 0.06799995 0.08469998 0.03038561 0.06799995 0.08495277 0.03050351 0.06799995 0.08577781 0.02742427 0.06799995 0.0855 0.02739995 0.06799995 0.08522212 0.02742427 0.06799995 0.08709996 -0.02899998 0.06799995 0.08707565 -0.0292778 0.06799995 0.08742499 -0.03142499 0.06799995 0.08604723 -0.02749645 0.06799995 0.08577781 -0.02742427 0.06799995 0.0855 -0.02739995 0.06799995 0.08672565 -0.0279715 0.06799995 0.08688563 -0.02819997 0.06799995 0.08700346 -0.02845275 0.06799995 0.08707565 -0.02872216 0.06799995 0.08629995 -0.02761435 0.06799995 0.08652842 -0.02777433 0.06799995 0.08700346 -0.02954721 0.06799995 0.08688563 -0.02979999 0.06799995 0.08672565 -0.03002846 0.06799995 0.08411431 -0.02979999 0.06799995 0.08399647 -0.02954721 0.06799995 0.08392429 -0.0292778 0.06799995 0.08389997 -0.02899998 0.06799995 0.08392429 -0.02872216 0.06799995 0.08399647 -0.02845275 0.06799995 0.08495277 -0.03050351 0.06799995 0.08469998 -0.03038561 0.06799995 0.08652842 -0.03022563 0.06799995 0.08629995 -0.03038561 0.06799995 0.08604723 -0.03050351 0.06799995 0.08411431 -0.02819997 0.06799995 0.08427429 -0.0279715 0.06799995 0.08447152 -0.02777433 0.06799995 0.08522212 -0.02742427 0.06799995 0.08447152 -0.03022563 0.06799995 0.08427429 -0.03002846 0.06799995 0.08469998 -0.02761435 0.06799995 0.08495277 -0.02749645 0.06799995 0.08577781 -0.03057569 0.06799995 0.0855 -0.03059995 0.06799995 0.08522212 -0.03057569 0.06799995 0.08999997 0.03142499 0.06799995 0.08999997 0.03737497 0.06799995 0.08999997 0.03999996 0.06799995 0.08999997 -0.03142499 0.06799995 0.06935 -0.03737497 0.06799995 0.07979995 -0.03737497 0.06799995 0.08319997 -0.03737497 0.06799995 0.08742499 -0.03737497 0.06799995 0.08999997 -0.03737497 0.06799995 -0.02499997 0.03774994 0.0625 -0.02547752 0.03770822 0.0625 -0.02594053 0.03758412 0.0625 -0.02637499 0.03738152 0.0625 -0.02676767 0.03710657 0.0625 -0.02710658 0.03676766 0.0625 -0.02738153 0.03637498 0.0625 -0.02758413 0.03594052 0.0625 -0.02770817 0.03547751 0.0625 -0.02774995 0.03499996 0.0625 -0.02770817 0.03452241 0.0625 -0.02758413 0.0340594 0.0625 -0.02738153 0.03362494 0.0625 -0.02710658 0.03323233 0.0625 -0.02676767 0.03289335 0.0625 -0.02637499 0.0326184 0.0625 -0.02594053 0.0324158 0.0625 -0.02547752 0.03229176 0.0625 -0.02499997 0.03224998 0.0625 -0.02452242 0.03229176 0.0625 -0.02405941 0.0324158 0.0625 -0.02362495 0.0326184 0.0625 -0.02323234 0.03289335 0.0625 -0.02289336 0.03323233 0.0625 -0.02261841 0.03362494 0.0625 -0.02241581 0.0340594 0.0625 -0.02229177 0.03452241 0.0625 -0.02224999 0.03499996 0.0625 -0.02229177 0.03547751 0.0625 -0.02241581 0.03594052 0.0625 -0.02261841 0.03637498 0.0625 -0.02289336 0.03676766 0.0625 -0.02323234 0.03710657 0.0625 -0.02362495 0.03738152 0.0625 -0.02405941 0.03758412 0.0625 -0.02452242 0.03770822 0.0625 0.04499995 0.03774994 0.0625 0.04452246 0.03770822 0.0625 0.04405939 0.03758412 0.0625 0.04362499 0.03738152 0.0625 0.04323232 0.03710657 0.0625 0.04289335 0.03676766 0.0625 0.04261839 0.03637498 0.0625 0.04241579 0.03594052 0.0625 0.04229176 0.03547751 0.0625 0.04224997 0.03499996 0.0625 0.04229176 0.03452241 0.0625 0.04241579 0.0340594 0.0625 0.04261839 0.03362494 0.0625 0.04289335 0.03323233 0.0625 0.04323232 0.03289335 0.0625 0.04362499 0.0326184 0.0625 0.04405939 0.0324158 0.0625 0.04452246 0.03229176 0.0625 0.04499995 0.03224998 0.0625 0.0454775 0.03229176 0.0625 0.04594051 0.0324158 0.0625 0.04637497 0.0326184 0.0625 0.04676765 0.03289335 0.0625 0.04710662 0.03323233 0.0625 0.04738152 0.03362494 0.0625 0.04758411 0.0340594 0.0625 0.04770821 0.03452241 0.0625 0.04774999 0.03499996 0.0625 0.04770821 0.03547751 0.0625 0.04758411 0.03594052 0.0625 0.04738152 0.03637498 0.0625 0.04710662 0.03676766 0.0625 0.04676765 0.03710657 0.0625 0.04637497 0.03738152 0.0625 0.04594051 0.03758412 0.0625 0.0454775 0.03770822 0.0625 0.04499995 -0.03224998 0.0625 0.04452246 -0.03229176 0.0625 0.04405939 -0.0324158 0.0625 0.04362499 -0.0326184 0.0625 0.04323232 -0.03289335 0.0625 0.04289335 -0.03323233 0.0625 0.04261839 -0.03362494 0.0625 0.04241579 -0.0340594 0.0625 0.04229176 -0.03452241 0.0625 0.04224997 -0.03499996 0.0625 0.04229176 -0.03547751 0.0625 0.04241579 -0.03594052 0.0625 0.04261839 -0.03637498 0.0625 0.04289335 -0.03676766 0.0625 0.04323232 -0.03710657 0.0625 0.04362499 -0.03738152 0.0625 0.04405939 -0.03758412 0.0625 0.04452246 -0.03770822 0.0625 0.04499995 -0.03774994 0.0625 0.0454775 -0.03770822 0.0625 0.04594051 -0.03758412 0.0625 0.04637497 -0.03738152 0.0625 0.04676765 -0.03710657 0.0625 0.04710662 -0.03676766 0.0625 0.04738152 -0.03637498 0.0625 0.04758411 -0.03594052 0.0625 0.04770821 -0.03547751 0.0625 0.04774999 -0.03499996 0.0625 0.04770821 -0.03452241 0.0625 0.04758411 -0.0340594 0.0625 0.04738152 -0.03362494 0.0625 0.04710662 -0.03323233 0.0625 0.04676765 -0.03289335 0.0625 0.04637497 -0.0326184 0.0625 0.04594051 -0.0324158 0.0625 0.0454775 -0.03229176 0.0625 -0.02499997 -0.03224998 0.0625 -0.02547752 -0.03229176 0.0625 -0.02594053 -0.0324158 0.0625 -0.02637499 -0.0326184 0.0625 -0.02676767 -0.03289335 0.0625 -0.02710658 -0.03323233 0.0625 -0.02738153 -0.03362494 0.0625 -0.02758413 -0.0340594 0.0625 -0.02770817 -0.03452241 0.0625 -0.02774995 -0.03499996 0.0625 -0.02770817 -0.03547751 0.0625 -0.02758413 -0.03594052 0.0625 -0.02738153 -0.03637498 0.0625 -0.02710658 -0.03676766 0.0625 -0.02676767 -0.03710657 0.0625 -0.02637499 -0.03738152 0.0625 -0.02594053 -0.03758412 0.0625 -0.02547752 -0.03770822 0.0625 -0.02499997 -0.03774994 0.0625 -0.02452242 -0.03770822 0.0625 -0.02405941 -0.03758412 0.0625 -0.02362495 -0.03738152 0.0625 -0.02323234 -0.03710657 0.0625 -0.02289336 -0.03676766 0.0625 -0.02261841 -0.03637498 0.0625 -0.02241581 -0.03594052 0.0625 -0.02229177 -0.03547751 0.0625 -0.02224999 -0.03499996 0.0625 -0.02229177 -0.03452241 0.0625 -0.02241581 -0.0340594 0.0625 -0.02261841 -0.03362494 0.0625 -0.02289336 -0.03323233 0.0625 -0.02323234 -0.03289335 0.0625 -0.02362495 -0.0326184 0.0625 -0.02405941 -0.0324158 0.0625 -0.02452242 -0.03229176 0.0625 0.0715 0.02753198 0.016092 0.0715 0.02765208 0.01638191 0.0715 0.03274995 0.006999969 0.0715 0.02772533 0.04331284 0.0715 0.02765208 0.04361802 0.0715 0.03274995 0.05299997 0.0715 0.01274996 0.006999969 0.0715 0.01777458 0.01668709 0.0715 0.01784783 0.01638191 0.0715 0.02606284 0.0150246 0.0715 0.02636802 0.01509785 0.0715 0.02665793 0.01521795 0.0715 0.02692556 0.01538193 0.0715 0.02772533 0.01668709 0.0715 0.02774995 0.01699995 0.0715 0.02774995 0.04299998 0.0715 0.01796793 0.016092 0.0715 0.01813197 0.01582437 0.0715 0.01833575 0.01558578 0.0715 0.01857441 0.01538193 0.0715 0.01884198 0.01521795 0.0715 0.01913195 0.01509785 0.0715 0.02716416 0.01558578 0.0715 0.027368 0.01582437 0.0715 0.01274996 0.05299997 0.0715 0.01943713 0.04497534 0.0715 0.01913195 0.04490208 0.0715 0.01884198 0.04478198 0.0715 0.01857441 0.04461801 0.0715 0.01833575 0.04441416 0.0715 0.01813197 0.04417556 0.0715 0.01796793 0.04390794 0.0715 0.01784783 0.04361802 0.0715 0.02753198 0.04390794 0.0715 0.027368 0.04417556 0.0715 0.02716416 0.04441416 0.0715 0.02692556 0.04461801 0.0715 0.02665793 0.04478198 0.0715 0.02636802 0.04490208 0.0715 0.01777458 0.04331284 0.0715 0.01774996 0.04299998 0.0715 0.01774996 0.01699995 0.0715 0.02606284 0.04497534 0.0715 0.02574998 0.04499995 0.0715 0.01974999 0.04499995 0.0715 0.01943713 0.0150246 0.0715 0.01974999 0.01499998 0.0715 0.02574998 0.01499998 0.07649999 0.01796793 0.016092 0.07649999 0.01784783 0.01638191 0.07649999 0.01274996 0.006999969 0.07649999 0.01777458 0.01668709 0.07649999 0.01774996 0.01699995 0.07649999 0.01274996 0.05299997 0.07649999 0.01774996 0.04299998 0.07649999 0.01777458 0.04331284 0.07649999 0.01784783 0.04361802 0.07649999 0.01796793 0.04390794 0.07649999 0.01813197 0.04417556 0.07649999 0.01833575 0.04441416 0.07649999 0.03274995 0.006999969 0.07649999 0.02665793 0.01521795 0.07649999 0.02636802 0.01509785 0.07649999 0.01857441 0.01538193 0.07649999 0.01833575 0.01558578 0.07649999 0.01813197 0.01582437 0.07649999 0.01857441 0.04461801 0.07649999 0.01884198 0.04478198 0.07649999 0.01913195 0.04490208 0.07649999 0.03274995 0.05299997 0.07649999 0.02753198 0.04390794 0.07649999 0.02765208 0.04361802 0.07649999 0.02772533 0.01668709 0.07649999 0.02765208 0.01638191 0.07649999 0.02753198 0.016092 0.07649999 0.027368 0.01582437 0.07649999 0.02716416 0.01558578 0.07649999 0.02692556 0.01538193 0.07649999 0.01943713 0.0150246 0.07649999 0.01913195 0.01509785 0.07649999 0.01884198 0.01521795 0.07649999 0.02606284 0.04497534 0.07649999 0.02636802 0.04490208 0.07649999 0.02665793 0.04478198 0.07649999 0.02692556 0.04461801 0.07649999 0.02716416 0.04441416 0.07649999 0.027368 0.04417556 0.07649999 0.01943713 0.04497534 0.07649999 0.01974999 0.04499995 0.07649999 0.02574998 0.04499995 0.07649999 0.02772533 0.04331284 0.07649999 0.02774995 0.04299998 0.07649999 0.02774995 0.01699995 0.07649999 0.02606284 0.0150246 0.07649999 0.02574998 0.01499998 0.07649999 0.01974999 0.01499998 0.05649995 0.01489996 0.004999995 0.06549996 0.01489996 0.004999995 0.05649995 0.01489996 0 0.06549996 0.01489996 0 0.05623662 0.01492178 0.004999995 0.05623662 0.01492178 0 0.05598044 0.01498669 0.004999995 0.05598044 0.01498669 0 0.05573844 0.01509279 0.004999995 0.05573844 0.01509279 0 0.05551725 0.01523733 0.004999995 0.05551725 0.01523733 0 0.05532282 0.01541632 0.004999995 0.05532282 0.01541632 0 0.05516052 0.01562488 0.004999995 0.05516052 0.01562488 0 0.05503475 0.01585727 0.004999995 0.05503475 0.01585727 0 0.05494892 0.0161072 0.004999995 0.05494892 0.0161072 0 0.05490541 0.01636785 0.004999995 0.05490541 0.01636785 0 0.05490541 0.01663208 0.004999995 0.05490541 0.01663208 0 0.05494892 0.01689273 0.004999995 0.05494892 0.01689273 0 0.05503475 0.01714271 0.004999995 0.05503475 0.01714271 0 0.05516052 0.01737511 0.004999995 0.05516052 0.01737511 0 0.05532282 0.0175836 0.004999995 0.05532282 0.0175836 0 0.05551725 0.0177626 0.004999995 0.05551725 0.0177626 0 0.05573844 0.01790714 0.004999995 0.05573844 0.01790714 0 0.05598044 0.01801329 0.004999995 0.05598044 0.01801329 0 0.05623662 0.01807814 0.004999995 0.05623662 0.01807814 0 0.05649995 0.01809996 0.004999995 0.05649995 0.01809996 0 0.06549996 0.01809996 0.004999995 0.06549996 0.01809996 0 0.0523858 0.01274996 0.006652235 0.05235534 0.01274996 0.006999492 0.04640138 0.01274996 0.00268346 0.07103204 0.01274996 0.005714416 0.07078558 0.01274996 0.005467891 0.07935535 0.01274996 0 0.07049995 0.01274996 0.005267918 0.07018405 0.01274996 0.005120575 0.0524761 0.01274996 0.006315588 0.0714696 0.01274996 0.006652653 0.07137936 0.01274996 0.006315946 0.07123202 0.01274996 0.005999982 0.07652759 0.01274996 0.006668925 0.07660955 0.01274996 0.006347 0.07029134 0.01274996 0.05483675 0.07662057 0.01274996 0.05368399 0.06864458 0.01274996 0.06 0.07676792 0.01274996 0.05399996 0.07696789 0.01274996 0.05428552 0.07721441 0.01274996 0.05453205 0.07749998 0.01274996 0.05473202 0.07781594 0.01274996 0.05487936 0.07715237 0.01274996 0.005522191 0.07692635 0.01274996 0.005765616 0.07674372 0.01274996 0.006043136 0.05238568 0.01274996 0.007346749 0.05247581 0.01274996 0.007683455 0.06676501 0.01274996 0.05868345 0.06920307 0.01274996 0.05368345 0.06933891 0.01274996 0.05397951 0.09399181 0.01274996 0.0549696 0.09432852 0.01274996 0.05487942 0.09971904 0.01274996 0.06 0.06952106 0.01274996 0.05424958 0.06974464 0.01274996 0.05448645 0.06689089 0.01274996 0.05896151 0.07000368 0.01274996 0.05468392 0.06834024 0.01274996 0.05997669 0.06804305 0.01274996 0.05990737 0.06775981 0.01274996 0.05979365 0.09552383 0.01274996 0.05368435 0.09561413 0.01274996 0.0533477 0.1015986 0.01274996 0.05731648 0.09564459 0.01274996 0.05300045 0.04699552 0.01274996 4.67773e-4 0.04728108 0.01274996 2.67869e-4 0.05282348 0.01274996 0.005714178 0.04631137 0.01274996 0.00165224 0.04640167 0.01274996 0.001315593 0.06749719 0.01274996 0.05963808 0.06726127 0.01274996 0.05944442 0.0670576 0.01274996 0.05921715 0.07058441 0.01274996 0.05468046 0.07084763 0.01274996 0.05447775 0.07653039 0.01274996 0.05334728 0.07107365 0.01274996 0.05423432 0.07125622 0.01274996 0.0539568 0.04654902 0.01274996 9.99721e-4 0.04674899 0.01274996 7.14219e-4 0.04828095 0.01274996 0 0.05400812 0.01274996 0.005030333 0.05367141 0.01274996 0.005120575 0.05335551 0.01274996 0.005267858 0.05306994 0.01274996 0.005467772 0.04793369 0.01274996 3.03752e-5 0.04759699 0.01274996 1.20578e-4 0.05262351 0.01274996 0.005999684 0.04631125 0.01274996 0.002346754 0.04628092 0.01274996 0.001999497 0.07815271 0.01274996 0.0549696 0.07849997 0.01274996 0.05499994 0.09364455 0.01274996 0.05499994 0.06984728 0.01274996 0.005030333 0.06949996 0.01274996 0.004999995 0.05435538 0.01274996 0.004999995 0.1016886 0.01274996 0.0583477 0.1015983 0.01274996 0.05868434 0.09517651 0.01274996 0.05428576 0.1014509 0.01274996 0.05900025 0.07139039 0.01274996 0.05365294 0.0714724 0.01274996 0.05333101 0.101251 0.01274996 0.05928575 0.1010044 0.01274996 0.05953222 0.1007189 0.01274996 0.05973207 0.09464442 0.01274996 0.05473208 0.09492999 0.01274996 0.05453222 0.1000663 0.01274996 0.0599696 0.100403 0.01274996 0.05987942 0.09537649 0.01274996 0.05400025 0.1016887 0.01274996 0.05765318 0.101719 0.01274996 0.05800044 0.07995694 0.01274996 9.26104e-5 0.08024013 0.01274996 2.06352e-4 0.07770866 0.01274996 0.005163192 0.08050274 0.01274996 3.61865e-4 0.08073866 0.01274996 5.55527e-4 0.07799631 0.01274996 0.005316019 0.07866102 0.01274996 0.006020426 0.07847887 0.01274996 0.005750417 0.08123499 0.01274996 0.001316487 0.07825535 0.01274996 0.005513489 0.0811091 0.01274996 0.001038432 0.08094233 0.01274996 7.82828e-4 0.07741552 0.01274996 0.005319476 0.0796597 0.01274996 2.32882e-5 0.09561431 0.01274996 0.05265319 0.09552419 0.01274996 0.05231648 0.07879692 0.01274996 0.006316483 0.09561431 0.03274995 0.05265319 0.09564459 0.03274995 0.05300045 0.1015986 0.03274995 0.05731648 0.07825535 0.03274995 0.005513489 0.07847887 0.03274995 0.005750417 0.08123499 0.03274995 0.001316487 0.07107365 0.03274995 0.05423432 0.07084763 0.03274995 0.05447775 0.07815271 0.03274995 0.0549696 0.07781594 0.03274995 0.05487936 0.07749998 0.03274995 0.05473202 0.07721441 0.03274995 0.05453205 0.07696789 0.03274995 0.05428552 0.07676792 0.03274995 0.05399996 0.07662057 0.03274995 0.05368399 0.07799631 0.03274995 0.005316019 0.08094233 0.03274995 7.82828e-4 0.08073866 0.03274995 5.55527e-4 0.09492999 0.03274995 0.05453222 0.09464442 0.03274995 0.05473208 0.09971904 0.03274995 0.06 0.09432852 0.03274995 0.05487942 0.06864458 0.03274995 0.06 0.07770866 0.03274995 0.005163192 0.08050274 0.03274995 3.61865e-4 0.08024013 0.03274995 2.06352e-4 0.0714724 0.03274995 0.05333101 0.07139039 0.03274995 0.05365294 0.07125622 0.03274995 0.0539568 0.07995694 0.03274995 9.26104e-5 0.0796597 0.03274995 2.32882e-5 0.07935535 0.03274995 0 0.0811091 0.03274995 0.001038432 0.1014509 0.03274995 0.05900025 0.1015983 0.03274995 0.05868434 0.09517651 0.03274995 0.05428576 0.06984728 0.03274995 0.005030333 0.07018405 0.03274995 0.005120575 0.07049995 0.03274995 0.005267918 0.07078558 0.03274995 0.005467891 0.07103204 0.03274995 0.005714416 0.07123202 0.03274995 0.005999982 0.07137936 0.03274995 0.006315946 0.07741552 0.03274995 0.005319476 0.07866102 0.03274995 0.006020426 0.07879692 0.03274995 0.006316483 0.09552419 0.03274995 0.05231648 0.100403 0.03274995 0.05987942 0.1007189 0.03274995 0.05973207 0.05238568 0.03274995 0.007346749 0.05235534 0.03274995 0.006999492 0.04640138 0.03274995 0.00268346 0.09561413 0.03274995 0.0533477 0.09552383 0.03274995 0.05368435 0.1016887 0.03274995 0.05765318 0.09537649 0.03274995 0.05400025 0.101719 0.03274995 0.05800044 0.1016886 0.03274995 0.0583477 0.1000663 0.03274995 0.0599696 0.1010044 0.03274995 0.05953222 0.101251 0.03274995 0.05928575 0.09399181 0.03274995 0.0549696 0.09364455 0.03274995 0.05499994 0.07849997 0.03274995 0.05499994 0.0714696 0.03274995 0.006652653 0.07692635 0.03274995 0.005765616 0.07715237 0.03274995 0.005522191 0.07652759 0.03274995 0.006668925 0.07660955 0.03274995 0.006347 0.07674372 0.03274995 0.006043136 0.04699552 0.03274995 4.67773e-4 0.04674899 0.03274995 7.14219e-4 0.05282348 0.03274995 0.005714178 0.04654902 0.03274995 9.99721e-4 0.04640167 0.03274995 0.001315593 0.06676501 0.03274995 0.05868345 0.06974464 0.03274995 0.05448645 0.06952106 0.03274995 0.05424958 0.0523858 0.03274995 0.006652235 0.0524761 0.03274995 0.006315588 0.04631125 0.03274995 0.002346754 0.05262351 0.03274995 0.005999684 0.04628092 0.03274995 0.001999497 0.04631137 0.03274995 0.00165224 0.04828095 0.03274995 0 0.04793369 0.03274995 3.03752e-5 0.04759699 0.03274995 1.20578e-4 0.04728108 0.03274995 2.67869e-4 0.05306994 0.03274995 0.005467772 0.05335551 0.03274995 0.005267858 0.05367141 0.03274995 0.005120575 0.07000368 0.03274995 0.05468392 0.06933891 0.03274995 0.05397951 0.06920307 0.03274995 0.05368345 0.05247581 0.03274995 0.007683455 0.05400812 0.03274995 0.005030333 0.05435538 0.03274995 0.004999995 0.06949996 0.03274995 0.004999995 0.07653039 0.03274995 0.05334728 0.06775981 0.03274995 0.05979365 0.06804305 0.03274995 0.05990737 0.07029134 0.03274995 0.05483675 0.06749719 0.03274995 0.05963808 0.07058441 0.03274995 0.05468046 0.06834024 0.03274995 0.05997669 0.06689089 0.03274995 0.05896151 0.0670576 0.03274995 0.05921715 0.06726127 0.03274995 0.05944442 0.06549996 0.03059995 0.004999995 0.06549996 0.03059995 0 0.06577783 0.03057569 0.004999995 0.06577783 0.03057569 0 0.06604719 0.03050351 0.004999995 0.06604719 0.03050351 0 0.06629997 0.03038561 0.004999995 0.06629997 0.03038561 0 0.06652843 0.03022563 0.004999995 0.06652843 0.03022563 0 0.06672567 0.03002846 0.004999995 0.06672567 0.03002846 0 0.06688565 0.02979999 0.004999995 0.06688565 0.02979999 0 0.06700348 0.02954721 0.004999995 0.06700348 0.02954721 0 0.06707566 0.0292778 0.004999995 0.06707566 0.0292778 0 0.06709998 0.02899998 0.004999995 0.06709998 0.02899998 0 0.06707566 0.02872216 0.004999995 0.06707566 0.02872216 0 0.06700348 0.02845275 0.004999995 0.06700348 0.02845275 0 0.06688565 0.02819997 0.004999995 0.06688565 0.02819997 0 0.06672567 0.0279715 0.004999995 0.06672567 0.0279715 0 0.06652843 0.02777433 0.004999995 0.06652843 0.02777433 0 0.06629997 0.02761435 0.004999995 0.06629997 0.02761435 0 0.06604719 0.02749645 0.004999995 0.06604719 0.02749645 0 0.06577783 0.02742427 0.004999995 0.06577783 0.02742427 0 0.06549996 0.02739995 0.004999995 0.06549996 0.02739995 0 0.05649995 0.02739995 0.004999995 0.05649995 0.02739995 0 0.05622214 0.02742427 0.004999995 0.05622214 0.02742427 0 0.05595272 0.02749645 0.004999995 0.05595272 0.02749645 0 0.0557 0.02761435 0.004999995 0.0557 0.02761435 0 0.05547153 0.02777433 0.004999995 0.05547153 0.02777433 0 0.0552743 0.0279715 0.004999995 0.0552743 0.0279715 0 0.05511432 0.02819997 0.004999995 0.05511432 0.02819997 0 0.05499649 0.02845275 0.004999995 0.05499649 0.02845275 0 0.0549243 0.02872216 0.004999995 0.0549243 0.02872216 0 0.05489999 0.02899998 0.004999995 0.05489999 0.02899998 0 0.0549243 0.0292778 0.004999995 0.0549243 0.0292778 0 0.05499649 0.02954721 0.004999995 0.05499649 0.02954721 0 0.05511432 0.02979999 0.004999995 0.05511432 0.02979999 0 0.0552743 0.03002846 0.004999995 0.0552743 0.03002846 0 0.05547153 0.03022563 0.004999995 0.05547153 0.03022563 0 0.0557 0.03038561 0.004999995 0.0557 0.03038561 0 0.05595272 0.03050351 0.004999995 0.05595272 0.03050351 0 0.05622214 0.03057569 0.004999995 0.05622214 0.03057569 0 0.05649995 0.03059995 0.004999995 0.05649995 0.03059995 0 0.06577783 0.01807564 0.004999995 0.06577783 0.01807564 0 0.06604719 0.01800346 0.004999995 0.06604719 0.01800346 0 0.06629997 0.01788562 0.004999995 0.06629997 0.01788562 0 0.06652843 0.01772564 0.004999995 0.06652843 0.01772564 0 0.06672567 0.01752841 0.004999995 0.06672567 0.01752841 0 0.06688565 0.01729995 0.004999995 0.06688565 0.01729995 0 0.06700348 0.01704722 0.004999995 0.06700348 0.01704722 0 0.06707566 0.01677781 0.004999995 0.06707566 0.01677781 0 0.06709998 0.01649999 0.004999995 0.06709998 0.01649999 0 0.06707566 0.01622211 0.004999995 0.06707566 0.01622211 0 0.06700348 0.01595276 0.004999995 0.06700348 0.01595276 0 0.06688565 0.01569998 0.004999995 0.06688565 0.01569998 0 0.06672567 0.01547151 0.004999995 0.06672567 0.01547151 0 0.06652843 0.01527428 0.004999995 0.06652843 0.01527428 0 0.06629997 0.0151143 0.004999995 0.06629997 0.0151143 0 0.06604719 0.01499646 0.004999995 0.06604719 0.01499646 0 0.06577783 0.01492428 0.004999995 0.06577783 0.01492428 0 0.08111435 0.01569998 0.05499994 0.08127433 0.01547151 0.05499994 0.08099645 0.02954721 0.05499994 0.08092427 0.0292778 0.05499994 0.08111435 0.01729995 0.05499994 0.08099645 0.01704722 0.05499994 0.08127433 0.0279715 0.05499994 0.08089995 0.01649999 0.05499994 0.08092427 0.01622211 0.05499994 0.08099645 0.01595276 0.05499994 0.0814715 0.01527428 0.05499994 0.08169996 0.0151143 0.05499994 0.08195275 0.01499646 0.05499994 0.08222216 0.03057569 0.05499994 0.08195275 0.03050351 0.05499994 0.08169996 0.03038561 0.05499994 0.0814715 0.03022563 0.05499994 0.08111435 0.02819997 0.05499994 0.08169996 0.02761435 0.05499994 0.09248274 0.0177626 0.05499994 0.09226149 0.01790714 0.05499994 0.08127433 0.03002846 0.05499994 0.08111435 0.02979999 0.05499994 0.08089995 0.02899998 0.05499994 0.08092427 0.02872216 0.05499994 0.08099645 0.02845275 0.05499994 0.08092427 0.01677781 0.05499994 0.08195275 0.01800346 0.05499994 0.08169996 0.01788562 0.05499994 0.0814715 0.02777433 0.05499994 0.09201949 0.01801329 0.05499994 0.09176331 0.01807814 0.05499994 0.09149998 0.03059995 0.05499994 0.08249998 0.03059995 0.05499994 0.0814715 0.01772564 0.05499994 0.08127433 0.01752841 0.05499994 0.09309452 0.01663208 0.05499994 0.09309452 0.01636785 0.05499994 0.09149998 0.01809996 0.05499994 0.08249998 0.01809996 0.05499994 0.08222216 0.01807564 0.05499994 0.09305101 0.01689273 0.05499994 0.09296524 0.02835726 0.05499994 0.09296524 0.01714271 0.05499994 0.09283941 0.02812486 0.05499994 0.09309452 0.02913212 0.05499994 0.09309452 0.02886784 0.05499994 0.09305101 0.02860718 0.05499994 0.09305101 0.02939277 0.05499994 0.09296524 0.0296427 0.05499994 0.09283941 0.02987509 0.05499994 0.08222216 0.01492428 0.05499994 0.08249998 0.01489996 0.05499994 0.09149998 0.01489996 0.05499994 0.09176331 0.01492178 0.05499994 0.09201949 0.01498669 0.05499994 0.09226149 0.01509279 0.05499994 0.09248274 0.01523733 0.05499994 0.09267711 0.01541632 0.05499994 0.09283941 0.01562488 0.05499994 0.09296524 0.01585727 0.05499994 0.09305101 0.0161072 0.05499994 0.09226149 0.02759283 0.05499994 0.09248274 0.02773737 0.05499994 0.09267711 0.02791631 0.05499994 0.09226149 0.03040713 0.05499994 0.09201949 0.03051328 0.05499994 0.09176331 0.03057813 0.05499994 0.09149998 0.02739995 0.05499994 0.09176331 0.02742177 0.05499994 0.09267711 0.0175836 0.05499994 0.09283941 0.01737511 0.05499994 0.09267711 0.03008365 0.05499994 0.09248274 0.03026258 0.05499994 0.09201949 0.02748668 0.05499994 0.08195275 0.02749645 0.05499994 0.08222216 0.02742427 0.05499994 0.08249998 0.02739995 0.05499994 0.08111435 0.01569998 0.06 0.08099645 0.01595276 0.06 0.08222216 0.01492428 0.06 0.08195275 0.01499646 0.06 0.08169996 0.0151143 0.06 0.0814715 0.01527428 0.06 0.08127433 0.01547151 0.06 0.08249998 0.01489996 0.06 0.09149998 0.01489996 0.06 0.08092427 0.01677781 0.06 0.08249998 0.02739995 0.06 0.08222216 0.02742427 0.06 0.08127433 0.0279715 0.06 0.08111435 0.02819997 0.06 0.08099645 0.02845275 0.06 0.08092427 0.02872216 0.06 0.08089995 0.02899998 0.06 0.08099645 0.01704722 0.06 0.08111435 0.01729995 0.06 0.08127433 0.01752841 0.06 0.08092427 0.0292778 0.06 0.08099645 0.02954721 0.06 0.08111435 0.02979999 0.06 0.08092427 0.01622211 0.06 0.08089995 0.01649999 0.06 0.08169996 0.03038561 0.06 0.08195275 0.03050351 0.06 0.08195275 0.02749645 0.06 0.08169996 0.02761435 0.06 0.0814715 0.02777433 0.06 0.08127433 0.03002846 0.06 0.0814715 0.03022563 0.06 0.09248274 0.02773737 0.06 0.09226149 0.02759283 0.06 0.08169996 0.01788562 0.06 0.09201949 0.02748668 0.06 0.09176331 0.02742177 0.06 0.0814715 0.01772564 0.06 0.09149998 0.02739995 0.06 0.09296524 0.0296427 0.06 0.09305101 0.02939277 0.06 0.09309452 0.02913212 0.06 0.09283941 0.01737511 0.06 0.09296524 0.01714271 0.06 0.09305101 0.01689273 0.06 0.09309452 0.01663208 0.06 0.09309452 0.01636785 0.06 0.09305101 0.0161072 0.06 0.09296524 0.01585727 0.06 0.09283941 0.01562488 0.06 0.09267711 0.01541632 0.06 0.09248274 0.01523733 0.06 0.09226149 0.01509279 0.06 0.09201949 0.01498669 0.06 0.09176331 0.01492178 0.06 0.08222216 0.03057569 0.06 0.08249998 0.03059995 0.06 0.09149998 0.03059995 0.06 0.09176331 0.03057813 0.06 0.09201949 0.01801329 0.06 0.09226149 0.01790714 0.06 0.09296524 0.02835726 0.06 0.09248274 0.0177626 0.06 0.09267711 0.0175836 0.06 0.09305101 0.02860718 0.06 0.09309452 0.02886784 0.06 0.09201949 0.03051328 0.06 0.09226149 0.03040713 0.06 0.09248274 0.03026258 0.06 0.09149998 0.01809996 0.06 0.09176331 0.01807814 0.06 0.09267711 0.02791631 0.06 0.09267711 0.03008365 0.06 0.09283941 0.02987509 0.06 0.09283941 0.02812486 0.06 0.08195275 0.01800346 0.06 0.08222216 0.01807564 0.06 0.08249998 0.01809996 0.06 0.09286361 0.02574998 0.04499995 0.08203381 0.01884198 0.01521795 0.08199012 0.01913195 0.01509785 0.09286361 0.01974999 0.04499995 0.09285467 0.01943713 0.04497534 0.09282803 0.01913195 0.04490208 0.08196347 0.02606284 0.0150246 0.08199012 0.02636802 0.01509785 0.09278434 0.02665793 0.04478198 0.09282803 0.02636802 0.04490208 0.09285467 0.02606284 0.04497534 0.08196347 0.01943713 0.0150246 0.08195453 0.01974999 0.01499998 0.08195453 0.02574998 0.01499998 0.08225435 0.01813197 0.01582437 0.08216756 0.01833575 0.01558578 0.08209341 0.01857441 0.01538193 0.09278434 0.01884198 0.04478198 0.09272474 0.01857441 0.04461801 0.09265059 0.01833575 0.04441416 0.08203381 0.02665793 0.01521795 0.08209341 0.02692556 0.01538193 0.08216756 0.02716416 0.01558578 0.0925638 0.027368 0.04417556 0.09265059 0.02716416 0.04441416 0.09272474 0.02692556 0.04461801 0.0925638 0.01813197 0.04417556 0.09246653 0.01796793 0.04390794 0.09236109 0.01784783 0.04361802 0.08256804 0.01777458 0.01668709 0.08245706 0.01784783 0.01638191 0.08235162 0.01796793 0.016092 0.08225435 0.027368 0.01582437 0.08235162 0.02753198 0.016092 0.08245706 0.02765208 0.01638191 0.0922501 0.02772533 0.04331284 0.09236109 0.02765208 0.04361802 0.09246653 0.02753198 0.04390794 0.0922501 0.01777458 0.04331284 0.09213632 0.01774996 0.04299998 0.08268177 0.01774996 0.01699995 0.08256804 0.02772533 0.01668709 0.08268177 0.02774995 0.01699995 0.09213632 0.02774995 0.04299998 0.08624637 0.02636802 0.01509785 0.08621972 0.02606284 0.0150246 0.08621078 0.02574998 0.01499998 0.09704059 0.01884198 0.04478198 0.09708428 0.01913195 0.04490208 0.08621078 0.01974999 0.01499998 0.08621972 0.01943713 0.0150246 0.08624637 0.01913195 0.01509785 0.09711092 0.01943713 0.04497534 0.09711986 0.01974999 0.04499995 0.09711986 0.02574998 0.04499995 0.09711092 0.02606284 0.04497534 0.09708428 0.02636802 0.04490208 0.09704059 0.02665793 0.04478198 0.08642381 0.02716416 0.01558578 0.08634966 0.02692556 0.01538193 0.08629006 0.02665793 0.01521795 0.08629006 0.01884198 0.01521795 0.08634966 0.01857441 0.01538193 0.08642381 0.01833575 0.01558578 0.09682005 0.01813197 0.04417556 0.09690684 0.01833575 0.04441416 0.09698098 0.01857441 0.04461801 0.09698098 0.02692556 0.04461801 0.09690684 0.02716416 0.04441416 0.09682005 0.027368 0.04417556 0.08671331 0.02765208 0.01638191 0.08660787 0.02753198 0.016092 0.08651059 0.027368 0.01582437 0.09650635 0.01777458 0.04331284 0.09661734 0.01784783 0.04361802 0.09672278 0.01796793 0.04390794 0.08651059 0.01813197 0.01582437 0.08660787 0.01796793 0.016092 0.08671331 0.01784783 0.01638191 0.09672278 0.02753198 0.04390794 0.09661734 0.02765208 0.04361802 0.09650635 0.02772533 0.04331284 0.09639257 0.02774995 0.04299998 0.08693808 0.02774995 0.01699995 0.08682429 0.02772533 0.01668709 0.08682429 0.01777458 0.01668709 0.08693808 0.01774996 0.01699995 0.09639257 0.01774996 0.04299998 0.06178021 0.01943713 0.04497534 0.06175357 0.01913195 0.04490208 0.06175357 0.02636802 0.04490208 0.06178021 0.02606284 0.04497534 0.06178915 0.02574998 0.04499995 0.06178915 0.01974999 0.04499995 0.05095934 0.01884198 0.01521795 0.05091565 0.01913195 0.01509785 0.05088007 0.02574998 0.01499998 0.05088007 0.01974999 0.01499998 0.05088901 0.01943713 0.0150246 0.05088901 0.02606284 0.0150246 0.05091565 0.02636802 0.01509785 0.05095934 0.02665793 0.01521795 0.06157618 0.02716416 0.04441416 0.06165027 0.02692556 0.04461801 0.06170988 0.02665793 0.04478198 0.06170988 0.01884198 0.04478198 0.06165027 0.01857441 0.04461801 0.06157618 0.01833575 0.04441416 0.05117988 0.01813197 0.01582437 0.0510931 0.01833575 0.01558578 0.05101895 0.01857441 0.01538193 0.05101895 0.02692556 0.01538193 0.0510931 0.02716416 0.01558578 0.05117988 0.027368 0.01582437 0.0614894 0.01813197 0.04417556 0.06139206 0.01796793 0.04390794 0.06128662 0.01784783 0.04361802 0.06128662 0.02765208 0.04361802 0.06139206 0.02753198 0.04390794 0.0614894 0.027368 0.04417556 0.05149358 0.01777458 0.01668709 0.0513826 0.01784783 0.01638191 0.05127716 0.01796793 0.016092 0.05127716 0.02753198 0.016092 0.0513826 0.02765208 0.01638191 0.05149358 0.02772533 0.01668709 0.06117564 0.01777458 0.04331284 0.06106191 0.01774996 0.04299998 0.05160737 0.01774996 0.01699995 0.05160737 0.02774995 0.01699995 0.06106191 0.02774995 0.04299998 0.06117564 0.02772533 0.04331284 0.05521559 0.02665793 0.01521795 0.0551719 0.02636802 0.01509785 0.05514526 0.01943713 0.0150246 0.0551719 0.01913195 0.01509785 0.06603646 0.02606284 0.04497534 0.06600981 0.02636802 0.04490208 0.05514526 0.02606284 0.0150246 0.05513632 0.02574998 0.01499998 0.05513632 0.01974999 0.01499998 0.06596618 0.01884198 0.04478198 0.06600981 0.01913195 0.04490208 0.06603646 0.01943713 0.04497534 0.06604546 0.01974999 0.04499995 0.06604546 0.02574998 0.04499995 0.05543613 0.027368 0.01582437 0.05534934 0.02716416 0.01558578 0.05527526 0.02692556 0.01538193 0.05521559 0.01884198 0.01521795 0.05527526 0.01857441 0.01538193 0.05534934 0.01833575 0.01558578 0.06596618 0.02665793 0.04478198 0.06590652 0.02692556 0.04461801 0.06583243 0.02716416 0.04441416 0.06574565 0.01813197 0.04417556 0.06583243 0.01833575 0.04441416 0.06590652 0.01857441 0.04461801 0.05574983 0.02772533 0.01668709 0.05563884 0.02765208 0.01638191 0.0555334 0.02753198 0.016092 0.06543195 0.01777458 0.04331284 0.06554287 0.01784783 0.04361802 0.06564831 0.01796793 0.04390794 0.06574565 0.027368 0.04417556 0.06564831 0.02753198 0.04390794 0.06554287 0.02765208 0.04361802 0.05543613 0.01813197 0.01582437 0.0555334 0.01796793 0.016092 0.05563884 0.01784783 0.01638191 0.06543195 0.02772533 0.04331284 0.06531816 0.02774995 0.04299998 0.05586361 0.02774995 0.01699995 0.05574983 0.01777458 0.01668709 0.05586361 0.01774996 0.01699995 0.06531816 0.01774996 0.04299998 0.074 -0.05849999 0.07099997 0.074 -0.05849999 0.112 -0.03199994 -0.05849999 0.07099997 -0.03199994 -0.05849999 0.112 0.07699996 0.05549997 0.07099997 0.07699996 0.05549997 0.112 0.07699996 -0.05549997 0.07099997 0.07699996 -0.05549997 0.112 0.074 0.05849999 0.07099997 -0.03199994 0.05849999 0.07099997 0.074 0.05849999 0.112 -0.03199994 0.05849999 0.112 -0.03499996 -0.0240544 0.0949977 -0.03499996 -0.0379039 0.0949977 -0.03499996 -0.05549997 0.112 -0.03499996 -0.05549997 0.07099997 -0.03499996 -0.008382558 0.0903812 -0.03499996 0.05549997 0.07099997 -0.03499996 0.006438791 0.0903812 -0.03499996 0.02454036 0.0949977 -0.03499996 0.05549997 0.112 -0.03499996 -0.0379039 0.0903812 -0.03499996 -0.0240544 0.0903812 -0.03499996 -0.008382558 0.0949977 -0.03499996 0.006438791 0.0949977 -0.03499996 0.02454036 0.0903812 -0.03499996 0.04106259 0.0903812 -0.03499996 0.04106259 0.0949977 -0.03199994 -0.05549997 0.115 0.074 -0.05549997 0.115 -0.03199994 0.05549997 0.115 0.074 0.05549997 0.115 -0.02299648 -0.04495275 0.06799995 0.0665 -0.04389995 0.06799995 -0.0229243 -0.04522216 0.06799995 -0.02289998 -0.04549998 0.06799995 0.06492429 0.04522216 0.06799995 0.06499648 0.04495275 0.06799995 0.074 -0.05549997 0.06799995 0.06511431 0.04469996 0.06799995 0.06527429 0.0444715 0.06799995 0.06547152 0.04427433 0.06799995 0.06569999 0.04411435 0.06799995 0.06788563 0.04469996 0.06799995 0.06800347 0.04495275 0.06799995 0.06807565 0.04522216 0.06799995 0.074 0.05549997 0.06799995 0.06809997 0.04549998 0.06799995 0.06595277 0.04399645 0.06799995 0.06622213 0.04392427 0.06799995 0.0665 0.04389995 0.06799995 0.06677782 0.04392427 0.06799995 0.06704723 0.04399645 0.06799995 0.06729996 0.04411435 0.06799995 -0.02504718 0.04399645 0.06799995 -0.02477782 0.04392427 0.06799995 0.06752842 -0.04427433 0.06799995 -0.02449995 0.04389995 0.06799995 -0.02422213 0.04392427 0.06799995 -0.02609997 0.04549998 0.06799995 -0.0232743 -0.0444715 0.06799995 -0.02347153 -0.04427433 0.06799995 -0.02529996 0.04411435 0.06799995 0.06729996 -0.04411435 0.06799995 -0.02552843 0.04427433 0.06799995 0.06704723 -0.04399645 0.06799995 0.06677782 -0.04392427 0.06799995 0.06752842 0.04427433 0.06799995 0.06772565 0.0444715 0.06799995 0.06772565 -0.0444715 0.06799995 0.06489998 0.04549998 0.06799995 -0.0232743 0.0444715 0.06799995 -0.02311432 0.04469996 0.06799995 -0.02299648 0.04495275 0.06799995 0.06492429 0.04577779 0.06799995 -0.0229243 0.04522216 0.06799995 0.0665 0.04709994 0.06799995 0.06622213 0.04707568 0.06799995 0.06547152 0.04672563 0.06799995 0.06527429 0.04652845 0.06799995 0.06569999 0.0468856 0.06799995 0.06511431 0.04629999 0.06799995 0.06499648 0.04604721 0.06799995 -0.02588564 0.04469996 0.06799995 -0.02572566 0.0444715 0.06799995 -0.02529996 -0.04411435 0.06799995 -0.02552843 -0.04427433 0.06799995 -0.03199994 0.05549997 0.06799995 -0.02572566 -0.0444715 0.06799995 -0.02588564 -0.04469996 0.06799995 -0.02395272 0.04399645 0.06799995 -0.02369999 0.04411435 0.06799995 -0.02347153 0.04427433 0.06799995 0.06595277 0.0470035 0.06799995 -0.02311432 -0.04469996 0.06799995 -0.02607566 0.04522216 0.06799995 -0.02600347 0.04495275 0.06799995 0.06807565 0.04577779 0.06799995 0.06800347 0.04604721 0.06799995 0.06788563 0.04629999 0.06799995 0.06772565 0.04652845 0.06799995 0.06752842 0.04672563 0.06799995 0.06729996 0.0468856 0.06799995 -0.02600347 -0.04495275 0.06799995 -0.02607566 -0.04522216 0.06799995 -0.03199994 -0.05549997 0.06799995 -0.02609997 -0.04549998 0.06799995 -0.02607566 -0.04577779 0.06799995 -0.02600347 -0.04604721 0.06799995 -0.02588564 -0.04629999 0.06799995 0.06807565 -0.04577779 0.06799995 0.06809997 -0.04549998 0.06799995 0.06807565 -0.04522216 0.06799995 0.06800347 -0.04495275 0.06799995 0.06788563 -0.04469996 0.06799995 0.06704723 0.0470035 0.06799995 0.06677782 0.04707568 0.06799995 -0.02572566 -0.04652845 0.06799995 -0.02552843 -0.04672563 0.06799995 -0.02529996 -0.0468856 0.06799995 -0.02289998 0.04549998 0.06799995 -0.0229243 0.04577779 0.06799995 -0.02299648 0.04604721 0.06799995 -0.02311432 0.04629999 0.06799995 -0.0232743 0.04652845 0.06799995 -0.02347153 0.04672563 0.06799995 -0.02369999 0.0468856 0.06799995 -0.02395272 0.0470035 0.06799995 -0.02422213 0.04707568 0.06799995 -0.02449995 0.04709994 0.06799995 -0.02504718 -0.0470035 0.06799995 -0.02477782 -0.04707568 0.06799995 -0.02449995 -0.04709994 0.06799995 -0.02477782 0.04707568 0.06799995 -0.02504718 0.0470035 0.06799995 -0.02529996 0.0468856 0.06799995 -0.02369999 -0.04411435 0.06799995 -0.02395272 -0.04399645 0.06799995 -0.02422213 -0.04392427 0.06799995 -0.02347153 -0.04672563 0.06799995 -0.0232743 -0.04652845 0.06799995 0.06569999 -0.04411435 0.06799995 0.06547152 -0.04427433 0.06799995 -0.02299648 -0.04604721 0.06799995 0.06527429 -0.0444715 0.06799995 0.06511431 -0.04469996 0.06799995 0.06499648 -0.04495275 0.06799995 -0.02552843 0.04672563 0.06799995 -0.02572566 0.04652845 0.06799995 -0.02588564 0.04629999 0.06799995 -0.02422213 -0.04707568 0.06799995 -0.02395272 -0.0470035 0.06799995 -0.02369999 -0.0468856 0.06799995 -0.0229243 -0.04577779 0.06799995 0.06622213 -0.04392427 0.06799995 0.06595277 -0.04399645 0.06799995 0.06492429 -0.04522216 0.06799995 0.06489998 -0.04549998 0.06799995 0.06492429 -0.04577779 0.06799995 -0.02600347 0.04604721 0.06799995 -0.02607566 0.04577779 0.06799995 0.06499648 -0.04604721 0.06799995 0.06511431 -0.04629999 0.06799995 0.06527429 -0.04652845 0.06799995 -0.02449995 -0.04389995 0.06799995 -0.02477782 -0.04392427 0.06799995 -0.02504718 -0.04399645 0.06799995 -0.02311432 -0.04629999 0.06799995 0.06547152 -0.04672563 0.06799995 0.06569999 -0.0468856 0.06799995 0.06595277 -0.0470035 0.06799995 0.06622213 -0.04707568 0.06799995 0.0665 -0.04709994 0.06799995 0.06677782 -0.04707568 0.06799995 0.06704723 -0.0470035 0.06799995 0.06729996 -0.0468856 0.06799995 0.06752842 -0.04672563 0.06799995 0.06772565 -0.04652845 0.06799995 0.06788563 -0.04629999 0.06799995 0.06800347 -0.04604721 0.06799995 -0.03099995 0.02454036 0.0949977 -0.03099995 0.02454036 0.0903812 -0.03099995 0.04106259 0.0903812 -0.03099995 0.04106259 0.0949977 -0.03099995 -0.008382558 0.0949977 -0.03099995 -0.008382558 0.0903812 -0.03099995 0.006438791 0.0903812 -0.03099995 0.006438791 0.0949977 -0.03099995 -0.0379039 0.0949977 -0.03099995 -0.0379039 0.0903812 -0.03099995 -0.0240544 0.0903812 -0.03099995 -0.0240544 0.0949977 -0.02289998 -0.04549998 0.07099997 -0.0229243 -0.04577779 0.07099997 -0.02299648 -0.04604721 0.07099997 -0.02311432 -0.04629999 0.07099997 -0.0232743 -0.04652845 0.07099997 -0.02347153 -0.04672563 0.07099997 -0.02369999 -0.0468856 0.07099997 -0.02395272 -0.0470035 0.07099997 -0.02422213 -0.04707568 0.07099997 -0.02449995 -0.04709994 0.07099997 -0.02477782 -0.04707568 0.07099997 -0.02504718 -0.0470035 0.07099997 -0.02529996 -0.0468856 0.07099997 -0.02552843 -0.04672563 0.07099997 -0.02572566 -0.04652845 0.07099997 -0.02588564 -0.04629999 0.07099997 -0.02600347 -0.04604721 0.07099997 -0.02607566 -0.04577779 0.07099997 -0.02609997 -0.04549998 0.07099997 -0.02607566 -0.04522216 0.07099997 -0.02600347 -0.04495275 0.07099997 -0.02588564 -0.04469996 0.07099997 -0.02572566 -0.0444715 0.07099997 -0.02552843 -0.04427433 0.07099997 -0.02529996 -0.04411435 0.07099997 -0.02504718 -0.04399645 0.07099997 -0.02477782 -0.04392427 0.07099997 -0.02449995 -0.04389995 0.07099997 -0.02422213 -0.04392427 0.07099997 -0.02395272 -0.04399645 0.07099997 -0.02369999 -0.04411435 0.07099997 -0.02347153 -0.04427433 0.07099997 -0.0232743 -0.0444715 0.07099997 -0.02311432 -0.04469996 0.07099997 -0.02299648 -0.04495275 0.07099997 -0.0229243 -0.04522216 0.07099997 -0.02449995 -0.04549998 0.07099997 -0.02289998 0.04549998 0.07099997 -0.0229243 0.04522216 0.07099997 -0.02299648 0.04495275 0.07099997 -0.02311432 0.04469996 0.07099997 -0.0232743 0.0444715 0.07099997 -0.02347153 0.04427433 0.07099997 -0.02369999 0.04411435 0.07099997 -0.02395272 0.04399645 0.07099997 -0.02422213 0.04392427 0.07099997 -0.02449995 0.04389995 0.07099997 -0.02477782 0.04392427 0.07099997 -0.02504718 0.04399645 0.07099997 -0.02529996 0.04411435 0.07099997 -0.02552843 0.04427433 0.07099997 -0.02572566 0.0444715 0.07099997 -0.02588564 0.04469996 0.07099997 -0.02600347 0.04495275 0.07099997 -0.02607566 0.04522216 0.07099997 -0.02609997 0.04549998 0.07099997 -0.02607566 0.04577779 0.07099997 -0.02600347 0.04604721 0.07099997 -0.02588564 0.04629999 0.07099997 -0.02572566 0.04652845 0.07099997 -0.02552843 0.04672563 0.07099997 -0.02529996 0.0468856 0.07099997 -0.02504718 0.0470035 0.07099997 -0.02477782 0.04707568 0.07099997 -0.02449995 0.04709994 0.07099997 -0.02422213 0.04707568 0.07099997 -0.02395272 0.0470035 0.07099997 -0.02369999 0.0468856 0.07099997 -0.02347153 0.04672563 0.07099997 -0.0232743 0.04652845 0.07099997 -0.02311432 0.04629999 0.07099997 -0.02299648 0.04604721 0.07099997 -0.0229243 0.04577779 0.07099997 -0.02449995 0.04549998 0.07099997 0.06809997 0.04549998 0.07099997 0.06807565 0.04522216 0.07099997 0.06800347 0.04495275 0.07099997 0.06788563 0.04469996 0.07099997 0.06772565 0.0444715 0.07099997 0.06752842 0.04427433 0.07099997 0.06729996 0.04411435 0.07099997 0.06704723 0.04399645 0.07099997 0.06677782 0.04392427 0.07099997 0.0665 0.04389995 0.07099997 0.06622213 0.04392427 0.07099997 0.06595277 0.04399645 0.07099997 0.06569999 0.04411435 0.07099997 0.06547152 0.04427433 0.07099997 0.06527429 0.0444715 0.07099997 0.06511431 0.04469996 0.07099997 0.06499648 0.04495275 0.07099997 0.06492429 0.04522216 0.07099997 0.06489998 0.04549998 0.07099997 0.06492429 0.04577779 0.07099997 0.06499648 0.04604721 0.07099997 0.06511431 0.04629999 0.07099997 0.06527429 0.04652845 0.07099997 0.06547152 0.04672563 0.07099997 0.06569999 0.0468856 0.07099997 0.06595277 0.0470035 0.07099997 0.06622213 0.04707568 0.07099997 0.0665 0.04709994 0.07099997 0.06677782 0.04707568 0.07099997 0.06704723 0.0470035 0.07099997 0.06729996 0.0468856 0.07099997 0.06752842 0.04672563 0.07099997 0.06772565 0.04652845 0.07099997 0.06788563 0.04629999 0.07099997 0.06800347 0.04604721 0.07099997 0.06807565 0.04577779 0.07099997 0.0665 0.04549998 0.07099997 0.06809997 -0.04549998 0.07099997 0.06807565 -0.04577779 0.07099997 0.06800347 -0.04604721 0.07099997 0.06788563 -0.04629999 0.07099997 0.06772565 -0.04652845 0.07099997 0.06752842 -0.04672563 0.07099997 0.06729996 -0.0468856 0.07099997 0.06704723 -0.0470035 0.07099997 0.06677782 -0.04707568 0.07099997 0.0665 -0.04709994 0.07099997 0.06622213 -0.04707568 0.07099997 0.06595277 -0.0470035 0.07099997 0.06569999 -0.0468856 0.07099997 0.06547152 -0.04672563 0.07099997 0.06527429 -0.04652845 0.07099997 0.06511431 -0.04629999 0.07099997 0.06499648 -0.04604721 0.07099997 0.06492429 -0.04577779 0.07099997 0.06489998 -0.04549998 0.07099997 0.06492429 -0.04522216 0.07099997 0.06499648 -0.04495275 0.07099997 0.06511431 -0.04469996 0.07099997 0.06527429 -0.0444715 0.07099997 0.06547152 -0.04427433 0.07099997 0.06569999 -0.04411435 0.07099997 0.06595277 -0.04399645 0.07099997 0.06622213 -0.04392427 0.07099997 0.0665 -0.04389995 0.07099997 0.06677782 -0.04392427 0.07099997 0.06704723 -0.04399645 0.07099997 0.06729996 -0.04411435 0.07099997 0.06752842 -0.04427433 0.07099997 0.06772565 -0.0444715 0.07099997 0.06788563 -0.04469996 0.07099997 0.06800347 -0.04495275 0.07099997 0.06807565 -0.04522216 0.07099997 0.0665 -0.04549998 0.07099997 -0.0995 0.037 0.004499971 -0.0995 0.037 0.07249999 -0.07349997 0.037 0.004499971 -0.07349997 0.037 0.07249999 -0.07349997 -0.03399997 0.00149995 -0.0995 -0.03399997 0.00149995 -0.07349997 0.03399997 0.00149995 -0.0995 0.03399997 0.00149995 -0.07349997 -0.037 0.07249999 -0.0995 -0.037 0.07249999 -0.07349997 -0.037 0.004499971 -0.0995 -0.037 0.004499971 -0.07349997 -0.03399997 0.07550001 -0.07349997 0.03399997 0.07550001 -0.0995 -0.03399997 0.07550001 -0.0995 0.03399997 0.07550001 -0.1025 -0.03336822 0.04357403 -0.1025 -0.03399997 0.04341965 -0.1025 -0.03399997 0.07249999 -0.1025 0.02816987 0.04114997 -0.1025 0.02866977 0.04186391 -0.1025 0.02928602 0.04248017 -0.1025 0.03249996 0.04364997 -0.1025 0.03399997 0.07249999 -0.1025 0.03336822 0.04357403 -0.1025 0.03399997 0.04341965 -0.1025 -0.03249996 0.03364998 -0.1025 -0.03399997 0.004499971 -0.1025 -0.03336822 0.03372591 -0.1025 -0.03399997 0.03388029 -0.1025 0.02816987 0.03614997 -0.1025 0.02866977 0.03543603 -0.1025 0.0316317 0.03372591 -0.1025 0.03249996 0.03364998 -0.1025 0.03399997 0.004499971 -0.1025 0.03336822 0.03372591 -0.1025 0.03399997 0.03388029 -0.1025 0.0316317 0.04357403 -0.1025 0.03078985 0.04334843 -0.1025 0.02999997 0.04298007 -0.1025 -0.02999997 0.04298007 -0.1025 -0.03078985 0.04334843 -0.1025 0.02928602 0.03481978 -0.1025 0.02999997 0.03431987 -0.1025 0.03078985 0.03395152 -0.1025 -0.03078985 0.03395152 -0.1025 -0.02999997 0.03431987 -0.1025 0.02757591 0.03778171 -0.1025 -0.02866977 0.04186391 -0.1025 -0.02928602 0.04248017 -0.1025 -0.0316317 0.04357403 -0.1025 -0.03249996 0.04364997 -0.1025 0.02780151 0.03693985 -0.1025 -0.0316317 0.03372591 -0.1025 0.02780151 0.04036009 -0.1025 0.02757591 0.03951823 -0.1025 -0.02816987 0.04114997 -0.1025 -0.02780151 0.04036009 -0.1025 -0.02928602 0.03481978 -0.1025 -0.02866977 0.03543603 -0.1025 -0.02816987 0.03614997 -0.1025 -0.02780151 0.03693985 -0.1025 -0.02757591 0.03778171 -0.1025 0.02749997 0.03864997 -0.1025 -0.02749997 0.03864997 -0.1025 -0.02757591 0.03951823 -0.07049995 -0.03249996 0.04364997 -0.07049995 -0.03399997 0.07249999 -0.07049995 -0.03336822 0.04357403 -0.07049995 -0.03399997 0.04341965 -0.07049995 0.03399997 0.004499971 -0.07049995 0.03399997 0.03388029 -0.07049995 0.03336822 0.03372591 -0.07049995 -0.0316317 0.03372591 -0.07049995 -0.03249996 0.03364998 -0.07049995 -0.03399997 0.004499971 -0.07049995 -0.03336822 0.03372591 -0.07049995 -0.03399997 0.03388029 -0.07049995 -0.0316317 0.04357403 -0.07049995 -0.03078985 0.04334843 -0.07049995 0.03399997 0.07249999 -0.07049995 -0.02999997 0.04298007 -0.07049995 -0.02928602 0.04248017 -0.07049995 -0.02866977 0.03543603 -0.07049995 -0.02816987 0.03614997 -0.07049995 -0.02780151 0.03693985 -0.07049995 0.0316317 0.04357403 -0.07049995 0.03078985 0.04334843 -0.07049995 0.02999997 0.04298007 -0.07049995 0.02780151 0.04036009 -0.07049995 -0.02866977 0.04186391 -0.07049995 0.02816987 0.04114997 -0.07049995 0.02866977 0.04186391 -0.07049995 0.02928602 0.04248017 -0.07049995 0.03249996 0.04364997 -0.07049995 0.03336822 0.04357403 -0.07049995 0.03399997 0.04341965 -0.07049995 0.03249996 0.03364998 -0.07049995 0.0316317 0.03372591 -0.07049995 0.03078985 0.03395152 -0.07049995 0.02816987 0.03614997 -0.07049995 0.02780151 0.03693985 -0.07049995 0.02757591 0.03778171 -0.07049995 -0.02757591 0.03778171 -0.07049995 0.02999997 0.03431987 -0.07049995 0.02928602 0.03481978 -0.07049995 0.02866977 0.03543603 -0.07049995 -0.02816987 0.04114997 -0.07049995 -0.02780151 0.04036009 -0.07049995 -0.02757591 0.03951823 -0.07049995 -0.02928602 0.03481978 -0.07049995 -0.02999997 0.03431987 -0.07049995 -0.03078985 0.03395152 -0.07049995 -0.02749997 0.03864997 -0.07049995 0.02749997 0.03864997 -0.07049995 0.02757591 0.03951823 -0.07349997 -0.03249996 0.04064995 -0.0995 -0.03249996 0.04064995 -0.07349997 -0.03215265 0.04061961 -0.0995 -0.03215265 0.04061961 -0.07349997 -0.03181594 0.04052937 -0.0995 -0.03181594 0.04052937 -0.07349997 -0.03149998 0.04038202 -0.0995 -0.03149998 0.04038202 -0.07349997 -0.03121441 0.04018205 -0.0995 -0.03121441 0.04018205 -0.07349997 -0.03096789 0.03993552 -0.0995 -0.03096789 0.03993552 -0.07349997 -0.03076791 0.03964996 -0.0995 -0.03076791 0.03964996 -0.07349997 -0.03062057 0.03933399 -0.0995 -0.03062057 0.03933399 -0.07349997 -0.03053033 0.03899729 -0.0995 -0.03053033 0.03899729 -0.07349997 -0.03049999 0.03864997 -0.0995 -0.03049999 0.03864997 -0.07349997 -0.03053033 0.03830265 -0.0995 -0.03053033 0.03830265 -0.07349997 -0.03062057 0.03796595 -0.0995 -0.03062057 0.03796595 -0.07349997 -0.03076791 0.03764998 -0.0995 -0.03076791 0.03764998 -0.07349997 -0.03096789 0.03736442 -0.0995 -0.03096789 0.03736442 -0.07349997 -0.03121441 0.03711789 -0.0995 -0.03121441 0.03711789 -0.07349997 -0.03149998 0.03691792 -0.0995 -0.03149998 0.03691792 -0.07349997 -0.03181594 0.03677058 -0.0995 -0.03181594 0.03677058 -0.07349997 -0.03215265 0.03668034 -0.0995 -0.03215265 0.03668034 -0.07349997 -0.03249996 0.03665 -0.0995 -0.03249996 0.03665 -0.07349997 -0.03284728 0.03668034 -0.0995 -0.03284728 0.03668034 -0.07349997 -0.03318399 0.03677058 -0.0995 -0.03318399 0.03677058 -0.07349997 -0.03349995 0.03691792 -0.0995 -0.03349995 0.03691792 -0.07349997 -0.03378552 0.03711789 -0.0995 -0.03378552 0.03711789 -0.07349997 -0.03403204 0.03736442 -0.0995 -0.03403204 0.03736442 -0.07349997 -0.03423202 0.03764998 -0.0995 -0.03423202 0.03764998 -0.07349997 -0.03437936 0.03796595 -0.0995 -0.03437936 0.03796595 -0.07349997 -0.0344696 0.03830265 -0.0995 -0.0344696 0.03830265 -0.07349997 -0.0345 0.03864997 -0.0995 -0.0345 0.03864997 -0.07349997 -0.0344696 0.03899729 -0.0995 -0.0344696 0.03899729 -0.07349997 -0.03437936 0.03933399 -0.0995 -0.03437936 0.03933399 -0.07349997 -0.03423202 0.03964996 -0.0995 -0.03423202 0.03964996 -0.07349997 -0.03403204 0.03993552 -0.0995 -0.03403204 0.03993552 -0.07349997 -0.03378552 0.04018205 -0.0995 -0.03378552 0.04018205 -0.07349997 -0.03349995 0.04038202 -0.0995 -0.03349995 0.04038202 -0.07349997 -0.03318399 0.04052937 -0.0995 -0.03318399 0.04052937 -0.07349997 -0.03284728 0.04061961 -0.0995 -0.03284728 0.04061961 -0.07349997 0.03249996 0.04064995 -0.0995 0.03249996 0.04064995 -0.07349997 0.03284728 0.04061961 -0.0995 0.03284728 0.04061961 -0.07349997 0.03318399 0.04052937 -0.0995 0.03318399 0.04052937 -0.07349997 0.03349995 0.04038202 -0.0995 0.03349995 0.04038202 -0.07349997 0.03378552 0.04018205 -0.0995 0.03378552 0.04018205 -0.07349997 0.03403204 0.03993552 -0.0995 0.03403204 0.03993552 -0.07349997 0.03423202 0.03964996 -0.0995 0.03423202 0.03964996 -0.07349997 0.03437936 0.03933399 -0.0995 0.03437936 0.03933399 -0.07349997 0.0344696 0.03899729 -0.0995 0.0344696 0.03899729 -0.07349997 0.0345 0.03864997 -0.0995 0.0345 0.03864997 -0.07349997 0.0344696 0.03830265 -0.0995 0.0344696 0.03830265 -0.07349997 0.03437936 0.03796595 -0.0995 0.03437936 0.03796595 -0.07349997 0.03423202 0.03764998 -0.0995 0.03423202 0.03764998 -0.07349997 0.03403204 0.03736442 -0.0995 0.03403204 0.03736442 -0.07349997 0.03378552 0.03711789 -0.0995 0.03378552 0.03711789 -0.07349997 0.03349995 0.03691792 -0.0995 0.03349995 0.03691792 -0.07349997 0.03318399 0.03677058 -0.0995 0.03318399 0.03677058 -0.07349997 0.03284728 0.03668034 -0.0995 0.03284728 0.03668034 -0.07349997 0.03249996 0.03665 -0.0995 0.03249996 0.03665 -0.07349997 0.03215265 0.03668034 -0.0995 0.03215265 0.03668034 -0.07349997 0.03181594 0.03677058 -0.0995 0.03181594 0.03677058 -0.07349997 0.03149998 0.03691792 -0.0995 0.03149998 0.03691792 -0.07349997 0.03121441 0.03711789 -0.0995 0.03121441 0.03711789 -0.07349997 0.03096789 0.03736442 -0.0995 0.03096789 0.03736442 -0.07349997 0.03076791 0.03764998 -0.0995 0.03076791 0.03764998 -0.07349997 0.03062057 0.03796595 -0.0995 0.03062057 0.03796595 -0.07349997 0.03053033 0.03830265 -0.0995 0.03053033 0.03830265 -0.07349997 0.03049999 0.03864997 -0.0995 0.03049999 0.03864997 -0.07349997 0.03053033 0.03899729 -0.0995 0.03053033 0.03899729 -0.07349997 0.03062057 0.03933399 -0.0995 0.03062057 0.03933399 -0.07349997 0.03076791 0.03964996 -0.0995 0.03076791 0.03964996 -0.07349997 0.03096789 0.03993552 -0.0995 0.03096789 0.03993552 -0.07349997 0.03121441 0.04018205 -0.0995 0.03121441 0.04018205 -0.07349997 0.03149998 0.04038202 -0.0995 0.03149998 0.04038202 -0.07349997 0.03181594 0.04052937 -0.0995 0.03181594 0.04052937 -0.07349997 0.03215265 0.04061961 -0.0995 0.03215265 0.04061961 -0.1018333 0.03466665 0.04240274 -0.1014567 0.03504329 0.04168099 -0.1011805 0.03531944 0.0410158 -0.1009833 0.03551661 0.04039162 -0.100851 0.03564894 0.03979611 -0.1007748 0.03572511 0.03921866 -0.10075 0.03574997 0.03864997 -0.1007748 0.03572511 0.03808128 -0.100851 0.03564894 0.03750383 -0.1009833 0.03551661 0.03690832 -0.1011805 0.03531944 0.03628414 -0.1014567 0.03504329 0.03561896 -0.1018333 0.03466665 0.0348972 -0.1018333 -0.03466665 0.0348972 -0.1014567 -0.03504329 0.03561896 -0.1011805 -0.03531944 0.03628414 -0.1009833 -0.03551661 0.03690832 -0.100851 -0.03564894 0.03750383 -0.1007748 -0.03572511 0.03808128 -0.10075 -0.03574997 0.03864997 -0.1007748 -0.03572511 0.03921866 -0.100851 -0.03564894 0.03979611 -0.1009833 -0.03551661 0.04039162 -0.1011805 -0.03531944 0.0410158 -0.1014567 -0.03504329 0.04168099 -0.1018333 -0.03466665 0.04240274 -0.07116663 0.03466665 0.0348972 -0.07154327 0.03504329 0.03561896 -0.07181942 0.03531944 0.03628414 -0.07201665 0.03551661 0.03690832 -0.07214891 0.03564894 0.03750383 -0.07222509 0.03572511 0.03808128 -0.07225 0.03574997 0.03864997 -0.07222509 0.03572511 0.03921866 -0.07214891 0.03564894 0.03979611 -0.07201665 0.03551661 0.04039162 -0.07181942 0.03531944 0.0410158 -0.07154327 0.03504329 0.04168099 -0.07116663 0.03466665 0.04240274 -0.07213199 -0.03563201 0.03988838 -0.07198756 -0.03548759 0.04049694 -0.07071685 -0.03421682 0.03418558 -0.07115924 -0.03465926 0.03488439 -0.07152646 -0.03502643 0.03558307 -0.07182031 -0.03532034 0.03628659 -0.0718922 -0.03539216 0.0364933 -0.07207137 -0.03557133 0.03712612 -0.07214844 -0.03564846 0.03750121 -0.07218933 -0.03568935 0.03776222 -0.0721966 -0.03569662 0.03948301 -0.0706616 -0.03416162 0.03410589 -0.07223784 -0.03573781 0.03825259 -0.07224643 -0.03574639 0.03886532 -0.07222497 -0.03572499 0.03921991 -0.07179075 -0.03529071 0.04109334 -0.07159221 -0.03509223 0.04157418 -0.07127588 -0.03477591 0.04220849 -0.07091063 -0.03441065 0.04282265 -0.07116281 -0.03466284 0.04240936</float_array>
          <technique_common>
            <accessor source="#nuc_支撑架_降压模块-mesh-positions-array" count="6030" stride="3">
              <param name="X" type="float"/>
              <param name="Y" type="float"/>
              <param name="Z" type="float"/>
            </accessor>
          </technique_common>
        </source>
        <source id="nuc_支撑架_降压模块-mesh-normals">
          <float_array id="nuc_支撑架_降压模块-mesh-normals-array" count="37356">-1 0 0 -1 0 0 -1 0 0 -1 0 0 -1 0 0 -1 0 0 -1 0 0 -1 0 0 -1 0 0 -1 0 0 -1 0 0 -1 0 0 -1 0 0 -1 0 0 -1 0 0 -1 0 0 -1 0 0 -1 0 0 -1 0 0 -1 0 0 -1 0 0 -1 0 0 -1 0 0 -1 0 0 -1 0 0 -1 0 0 -1 0 0 -1 0 0 -1 0 0 -1 0 0 -1 0 0 -1 0 0 -1 0 0 -1 0 0 -1 0 0 -1 0 0 -1 0 0 -1 0 0 -1 0 0 -1 0 0 -1 0 0 -1 0 0 -1 0 0 -1 0 0 -1 0 0 -1 0 0 -1 0 0 -1 0 0 1 0 0 1 0 0 1 0 0 1 0 0 1 0 0 1 0 0 1 0 0 1 0 0 1 0 0 1 0 0 1 0 0 1 0 0 1 0 0 1 0 0 1 0 0 1 0 0 1 0 0 1 0 0 1 0 0 1 0 0 1 0 0 1 0 0 1 0 0 1 0 0 1 0 0 1 0 0 1 0 0 1 0 0 1 0 0 1 0 0 1 0 0 1 0 0 1 0 0 1 0 0 1 0 0 1 0 0 1 0 0 1 0 0 1 0 0 1 0 0 1 0 0 1 0 0 1 0 0 1 0 0 1 0 0 1 0 0 1 0 0 1 0 0 0 1 0 0 1 0 0.0825811 0.9965844 0 0.0825811 0.9965844 0 0.2454866 0.9694 0 0.2454866 0.9694 0 0.4016942 0.9157738 0 0.4016942 0.9157738 0 0.5469531 0.8371633 0 0.5469531 0.8371633 0 0.6772719 0.7357329 0 0.6772719 0.7357329 0 0.7891502 0.6142002 0 0.7891502 0.6142002 0 0.8794699 0.4759545 0 0.8794699 0.4759545 0 0.9458196 0.3246927 0 0.9458196 0.3246927 0 0.9863604 0.1646001 0 0.9863604 0.1646001 0 1 0 0 1 0 0 0.9863602 -0.1646013 0 0.9863602 -0.1646013 0 0.9458196 -0.3246927 0 0.9458196 -0.3246927 0 0.8794715 -0.4759516 0 0.8794715 -0.4759516 0 0.7891476 -0.6142036 0 0.7891476 -0.6142036 0 0.6772719 -0.7357329 0 0.6772719 -0.7357329 0 0.5469531 -0.8371633 0 0.5469531 -0.8371633 0 0.4016942 -0.9157738 0 0.4016942 -0.9157738 0 0.2454933 -0.9693983 0 0.2454933 -0.9693983 0 0.08257412 -0.9965849 0 0.08257412 -0.9965849 0 0 -1 0 0 -1 0 0 -1 0 0 -1 0 0 -1 0 0 -1 0 0 -1 0 0 -1 0 0 -1 0 0 -1 0 0 -1 0 0 -1 0 0 -1 0 0 -1 0 0 -1 0 0 -1 0 0 -1 0 0 -1 0 0 -1 0 0 -1 0 0 -1 0 0 -1 0 0 -1 0 0 -1 0 0 -1 0 0 -1 0 0 -1 0 0 -1 0 0 -1 0 0 -1 0 0 -1 0 0 -1 0 0 -1 0 0 -1 0 0 -1 0 0 -1 0 0 -1 0 0 -1 0 0 -1 0 0 -1 0 0 -1 0 0 -1 0 0 -1 0 0 -1 0 0 -1 0 0 -1 0 0 -1 0 0 -1 0 0 -1 0 0 -1 0 0 -1 0 0 -1 0 0 -1 0 0 -1 0 0 -1 0 0 -1 0 0 -1 0 0 -1 0 0 -1 0 0 -1 0 0 -1 0 0 -1 0 0 -1 0 0 -1 0 0 -1 0 0 -1 0 0 -1 0 0 -1 0 0 -1 0 0 -1 0 0 -1 0 0 -1 0 0 -1 0 0 -1 0 0 -1 0 0 -1 0 0 -1 0 0 -1 0 0 -1 0 0 -1 0 0 -1 0 0 -1 0 0 -1 0 0 -1 0 0 -1 0 0 -1 0 0 -1 0 0 -1 0 0 -1 0 0 -1 0 0 -1 0 0 -1 0 0 -1 0 0 -1 0 0 -1 0 0 -1 0 0 -1 0 0 -1 0 0 -1 0 0 -1 0 0 -1 0 0 -1 0 0 -1 0 0 -1 0 0 -1 0 0 -1 0 0 -1 0 0 -1 0 0 -1 0 0 -1 0 0 -1 0 0 -1 0 0 -1 0 0 -1 0 0 -1 0 0 -1 0 0 1 0 0 1 0 0 1 0 0 1 0 0 1 0 0 1 0 0 1 0 0 1 0 0 1 0 0 1 0 0 1 0 0 1 0 0 1 0 0 1 0 0 1 0 0 1 0 0 1 0 0 1 0 0 1 0 0 1 0 0 1 0 0 1 0 0 1 0 0 1 0 0 1 0 0 1 0 0 1 0 0 1 0 0 1 0 0 1 0 0 1 0 0 1 0 0 1 0 0 1 0 0 1 0 0 1 0 0 1 0 0 1 0 0 1 0 0 1 0 0 1 0 0 1 0 0 1 0 0 1 0 0 1 0 0 1 0 0 1 0 0 1 0 0 1 0 0 1 0 0 1 0 0 1 0 0 1 0 0 1 0 0 1 0 0 1 0 0 1 0 0 1 0 0 1 0 0 1 0 0 1 0 0 1 0 0 1 0 0 1 0 0 1 0 0 1 0 0 1 0 0 1 0 0 1 0 0 1 0 0 1 0 0 1 0 0 1 0 0 1 0 0 1 0 0 1 0 0 1 0 0 1 0 0 1 0 0 1 0 0 1 0 0 1 0 0 1 0 0 1 0 0 1 0 0 1 0 0 1 0 0 1 0 0 1 0 0 1 0 0 1 0 0 1 0 0 1 0 0 1 0 0 1 0 0 1 0 0 1 0 0 1 0 0 1 0 0 1 0 0 1 0 0 1 0 0 1 0 0 1 0 0 1 0 0 1 0 0 1 0 0 1 0 0 1 0 0 1 0 0 1 0 0 1 0 0 1 0 0 1 0 -0.08715468 -0.9961947 0 -0.08715468 -0.9961947 0 -0.2588158 -0.9659267 0 -0.2588158 -0.9659267 0 -0.4226193 -0.9063073 0 -0.4226193 -0.9063073 0 -0.5735815 -0.8191485 0 -0.5735815 -0.8191485 0 -0.7071084 -0.7071051 0 -0.7071084 -0.7071051 0 -0.8191486 -0.5735813 0 -0.8191486 -0.5735813 0 -0.9063073 -0.4226193 0 -0.9063073 -0.4226193 0 -0.9659283 -0.2588098 0 -0.9659283 -0.2588098 0 -0.9961936 -0.08716851 0 -0.9961936 -0.08716851 0 -0.9961936 0.08716851 0 -0.9961936 0.08716851 0 -0.9659283 0.2588098 0 -0.9659283 0.2588098 0 -0.9063073 0.4226193 0 -0.9063073 0.4226193 0 -0.8191475 0.5735829 0 -0.8191475 0.5735829 0 -0.7071101 0.7071034 0 -0.7071101 0.7071034 0 -0.5735815 0.8191485 0 -0.5735815 0.8191485 0 -0.4226193 0.9063073 0 -0.4226193 0.9063073 0 -0.2588126 0.9659275 0 -0.2588126 0.9659275 0 -0.08715468 0.9961947 0 -0.08715468 0.9961947 0 0 1 0 0 1 0 0.08715468 0.9961947 0 0.08715468 0.9961947 0 0.2588194 0.9659258 0 0.2588194 0.9659258 0 0.4226193 0.9063073 0 0.4226193 0.9063073 0 0.5735691 0.8191573 0 0.5735691 0.8191573 0 0.7071101 0.7071034 0 0.7071101 0.7071034 0 0.8191475 0.5735829 0 0.8191475 0.5735829 0 0.9063073 0.4226193 0 0.9063073 0.4226193 0 0.9659283 0.2588098 0 0.9659283 0.2588098 0 0.9961936 0.08716851 0 0.9961936 0.08716851 0 0.9961936 -0.08716851 0 0.9961936 -0.08716851 0 0.9659283 -0.2588098 0 0.9659283 -0.2588098 0 0.9063073 -0.4226193 0 0.9063073 -0.4226193 0 0.8191486 -0.5735813 0 0.8191486 -0.5735813 0 0.7071084 -0.7071051 0 0.7071084 -0.7071051 0 0.5735691 -0.8191573 0 0.5735691 -0.8191573 0 0.4226193 -0.9063073 0 0.4226193 -0.9063073 0 0.2588225 -0.9659249 0 0.2588225 -0.9659249 0 0.08715468 -0.9961947 0 0.08715468 -0.9961947 0 0 -1 0 0 -1 0 -0.08715468 -0.9961947 0 -0.08715468 -0.9961947 0 -0.2588189 -0.9659259 0 -0.2588189 -0.9659259 0 -0.4226138 -0.9063099 0 -0.4226138 -0.9063099 0 -0.5735815 -0.8191485 0 -0.5735815 -0.8191485 0 -0.7071101 -0.7071034 0 -0.7071101 -0.7071034 0 -0.8191497 -0.5735798 0 -0.8191497 -0.5735798 0 -0.9063062 -0.4226218 0 -0.9063062 -0.4226218 0 -0.9659289 -0.2588081 0 -0.9659289 -0.2588081 0 -0.9961935 -0.08716911 0 -0.9961935 -0.08716911 0 -0.9961936 0.08716851 0 -0.9961936 0.08716851 0 -0.9659283 0.2588098 0 -0.9659283 0.2588098 0 -0.9063073 0.4226193 0 -0.9063073 0.4226193 0 -0.8191497 0.5735798 0 -0.8191497 0.5735798 0 -0.7071068 0.7071068 0 -0.7071068 0.7071068 0 -0.5735815 0.8191485 0 -0.5735815 0.8191485 0 -0.4226193 0.9063073 0 -0.4226193 0.9063073 0 -0.2588189 0.9659259 0 -0.2588189 0.9659259 0 -0.08715468 0.9961947 0 -0.08715468 0.9961947 0 0 0 1 0 0 1 0 0 1 0 0 1 0 0 1 0 0 1 0 0 1 0 0 1 0 0 1 0 0 1 0 0 1 0 0 1 0 0 1 0 0 1 0 0 1 0 0 1 0 0 1 0 0 1 0 0 1 0 0 1 0 0 1 0 0 1 0 0 1 0 0 1 0 0 1 0 0 1 0 0 1 0 0 1 0 0 1 0 0 1 0 0 1 0 0 1 0 0 1 0 0 1 0 0 1 0 0 1 0 0 1 0 0 1 0 0 1 0 0 1 0 0 1 0 0 1 0 0 1 0 0 1 0 0 1 0 0 1 0 0 1 0 0 1 0 0 1 0 0 1 0 0 1 0 0 1 0 0 1 0 0 1 0 0 1 0 0 1 0 0 1 0 0 1 0 0 1 0 0 1 0 0 1 0 0 1 0 0 1 0 0 1 0 0 1 0 0 1 0 0 1 0 0 1 0 0 1 0 0 1 0 0 1 0 0 1 0 0 1 0 0 1 0 0 1 0 0 1 0 0 1 0 0 1 0 0 1 0 0 1 0 0 1 0 0 1 0 0 1 0 0 -1 0 0 -1 0 0 -1 0 0 -1 0 0 -1 0 0 -1 0 0 -1 0 0 -1 0 0 -1 0 0 -1 0 0 -1 0 0 -1 0 0 -1 0 0 -1 0 0 -1 0 0 -1 0 0 -1 0 0 -1 0 0 -1 0 0 -1 0 0 -1 0 0 -1 0 0 -1 0 0 -1 0 0 -1 0 0 -1 0 0 -1 0 0 -1 0 0 -1 0 0 -1 0 0 -1 0 0 -1 0 0 -1 0 0 -1 0 0 -1 0 0 -1 0 0 -1 0 0 -1 0 0 -1 0 0 -1 0 0 -1 0 0 -1 0 0 -1 0 0 -1 0 0 -1 0 0 -1 0 0 -1 0 0 -1 0 0 -1 0 0 -1 0 0 -1 0 0 -1 0 0 -1 0 0 -1 0 0 -1 0 0 -1 0 0 -1 0 0 -1 0 0 -1 0 0 -1 0 0 -1 0 0 -1 0 0 -1 0 0 -1 0 0 -1 0 0 -1 0 0 -1 0 0 -1 0 0 -1 0 0 -1 0 0 -1 0 0 -1 0 0 -1 0 0 -1 0 0 -1 0 0 -1 0 0 -1 0 0 -1 0 0 -1 0 0 -1 0 0 -1 0 0 -1 0 0 -1 0 0 -1 0 0 -1 0 0 -1 0 0 -1 0 0 -1 0 0 -1 0 0 -1 0 0 -1 0 0 -1 0 0 -1 0 0 -1 0 0 -1 0 0 -1 0 0 -1 0 0 -1 0 0 -1 0 0 -1 0 0 -1 0 0 -1 0 0 -1 0 0 -1 0 0 -1 0 0 -1 0 0 -1 0 0 -1 0 0 -1 0 0 -1 0 0 -1 0 0 -1 0 0 -1 0 0 -1 0 0 -1 0 0 -1 0 0 -1 0 0 -1 0 0 -1 0 0 -1 0 0 -1 0 0 -1 0 0 -1 0 0 -1 0 0 -1 0 0 -1 0 0 -1 0 0 -1 0 0 -1 0 0 -1 0 0 -1 0 0 -1 0 0 -1 0 0 -1 0 0 -1 0 0 -1 0 0 -1 0 0 -1 0 0 -1 0 0 -1 0 0 -1 0 0 -1 0 0 -1 0 0 -1 0 0 -1 0 0 -1 0 0 -1 0 0 -1 0 0 -1 0 0 -1 0 0 -1 0 0 -1 0 0 -1 0 0 -1 0 0 -1 0 0 -1 0 0 -1 0 0 -1 0 0 -1 0 0 -1 0 0 -1 0 0 -1 0 0 -1 0 0 -1 0 0 -1 0 0 -1 0 0 -1 0 0 1 0 0 1 0 0 1 0 0 1 0 0 1 0 0 1 0 0 1 0 0 1 0 0 1 0 0 1 0 0 1 0 0 1 0 0 1 0 0 1 0 0 1 0 0 1 0 0 1 0 0 1 0 0 1 0 0 1 0 0 1 0 0 1 0 0 1 0 0 1 0 0 1 0 0 1 0 0 1 0 0 1 0 0 1 0 0 1 0 0 1 0 0 1 0 0 1 0 0 1 0 0 1 0 0 1 0 0 1 0 0 1 0 0 1 0 0 1 0 0 1 0 0 1 0 0 1 0 0 1 0 0 1 0 0 1 0 0 1 0 0 1 0 0 1 0 0 1 0 0 1 0 0 1 0 0 1 0 0 1 0 0 1 0 0 1 0 0 1 0 0 1 0 0 1 0 0 1 0 0 1 0 0 1 0 0 1 0 0 1 0 0 1 0 0 1 0 0 1 0 0 1 0 0 1 0 0 1 0 0 1 0 0 1 0 0 1 0 0 1 0 0 1 0 0 1 0 0 1 0 0 1 0 0 1 0 0 1 0 0 1 0 0 1 0 0 1 0 0 1 -0.08257412 -0.9965849 0 -0.08257412 -0.9965849 0 -0.2454933 -0.9693983 0 -0.2454933 -0.9693983 0 -0.4016942 -0.9157739 0 -0.4016942 -0.9157739 0 -0.546953 -0.8371633 0 -0.546953 -0.8371633 0 -0.6772719 -0.7357329 0 -0.6772719 -0.7357329 0 -0.7891476 -0.6142036 0 -0.7891476 -0.6142036 0 -0.8794714 -0.4759516 0 -0.8794714 -0.4759516 0 -0.9458196 -0.3246926 0 -0.9458196 -0.3246926 0 -0.9863602 -0.1646013 0 -0.9863602 -0.1646013 0 -1 0 0 -1 0 0 -0.9863604 0.1646001 0 -0.9863604 0.1646001 0 -0.9458196 0.3246926 0 -0.9458196 0.3246926 0 -0.8794699 0.4759545 0 -0.8794699 0.4759545 0 -0.7891503 0.6142002 0 -0.7891503 0.6142002 0 -0.6772719 0.7357329 0 -0.6772719 0.7357329 0 -0.546953 0.8371633 0 -0.546953 0.8371633 0 -0.4016942 0.9157739 0 -0.4016942 0.9157739 0 -0.2454867 0.9694 0 -0.2454867 0.9694 0 -0.0825811 0.9965843 0 -0.0825811 0.9965843 0 0 -1 0 0 -1 0 0.08715468 0.9961948 0 0.08715468 0.9961948 0 0.2588189 0.9659259 0 0.2588189 0.9659259 0 0.4226295 0.9063025 0 0.4226295 0.9063025 0 0.5735691 0.8191573 0 0.5735691 0.8191573 0 0.7071068 0.7071068 0 0.7071068 0.7071068 0 0.8191497 0.5735798 0 0.8191497 0.5735798 0 0.9063073 0.4226193 0 0.9063073 0.4226193 0 0.9659283 0.2588098 0 0.9659283 0.2588098 0 0.9961936 0.08716851 0 0.9961936 0.08716851 0 0.9961935 -0.08716911 0 0.9961935 -0.08716911 0 0.9659287 -0.2588081 0 0.9659287 -0.2588081 0 0.9063061 -0.4226219 0 0.9063061 -0.4226219 0 0.8191497 -0.5735798 0 0.8191497 -0.5735798 0 0.7071102 -0.7071034 0 0.7071102 -0.7071034 0 0.5735691 -0.8191573 0 0.5735691 -0.8191573 0 0.422624 -0.9063051 0 0.422624 -0.9063051 0 0.2588189 -0.9659259 0 0.2588189 -0.9659259 0 0.08715468 -0.9961948 0 0.08715468 -0.9961948 0 0 1 0 0 1 0 0.08715468 0.9961948 0 0.08715468 0.9961948 0 0.2588126 0.9659276 0 0.2588126 0.9659276 0 0.4226295 0.9063025 0 0.4226295 0.9063025 0 0.5735691 0.8191573 0 0.5735691 0.8191573 0 0.7071102 0.7071034 0 0.7071102 0.7071034 0 0.8191475 0.5735829 0 0.8191475 0.5735829 0 0.9063073 0.4226193 0 0.9063073 0.4226193 0 0.9659283 0.2588098 0 0.9659283 0.2588098 0 0.9961936 0.08716851 0 0.9961936 0.08716851 0 0.9961936 -0.08716851 0 0.9961936 -0.08716851 0 0.9659283 -0.2588098 0 0.9659283 -0.2588098 0 0.9063073 -0.4226193 0 0.9063073 -0.4226193 0 0.8191487 -0.5735813 0 0.8191487 -0.5735813 0 0.7071085 -0.7071051 0 0.7071085 -0.7071051 0 0.5735691 -0.8191573 0 0.5735691 -0.8191573 0 0.4226295 -0.9063025 0 0.4226295 -0.9063025 0 0.2588157 -0.9659267 0 0.2588157 -0.9659267 0 0.08715468 -0.9961948 0 0.08715468 -0.9961948 0 0 1 0 0 1 0 -0.08257764 -0.9965847 0 -0.08257764 -0.9965847 0 -0.2454867 -0.9694 0 -0.2454867 -0.9694 0 -0.4016972 -0.9157725 0 -0.4016972 -0.9157725 0 -0.546953 -0.8371633 0 -0.546953 -0.8371633 0 -0.6772719 -0.7357329 0 -0.6772719 -0.7357329 0 -0.789149 -0.6142019 0 -0.789149 -0.6142019 0 -0.8794699 -0.4759545 0 -0.8794699 -0.4759545 0 -0.9458196 -0.3246926 0 -0.9458196 -0.3246926 0 -0.9863604 -0.1646001 0 -0.9863604 -0.1646001 0 -1 0 0 -1 0 0 -0.9863602 0.1646013 0 -0.9863602 0.1646013 0 -0.9458203 0.3246905 0 -0.9458203 0.3246905 0 -0.8794699 0.4759545 0 -0.8794699 0.4759545 0 -0.7891476 0.6142036 0 -0.7891476 0.6142036 0 -0.6772719 0.7357329 0 -0.6772719 0.7357329 0 -0.546953 0.8371633 0 -0.546953 0.8371633 0 -0.4017002 0.9157713 0 -0.4017002 0.9157713 0 -0.2454867 0.9694 0 -0.2454867 0.9694 0 -0.08257412 0.9965849 0 -0.08257412 0.9965849 0 0 -1 0 0 -1 0 -0.9397931 0 0.341744 -0.9397962 1.19095e-5 0.3417357 -0.9397931 0 0.341744 -0.9397984 -1.71074e-5 0.3417295 -0.9397923 3.37038e-6 0.341746 -0.9397923 4.37914e-6 0.3417461 -0.9397915 -6.33815e-6 0.3417482 -0.9397924 -3.37527e-6 0.341746 -0.9397984 1.71047e-5 0.3417295 -0.9397923 -4.37914e-6 0.3417461 -0.9397922 -4.78665e-6 0.3417464 -0.9397934 0 0.341743 -0.9397935 0 0.341743 -0.9397922 4.78665e-6 0.3417464 -0.9397909 -1.38763e-5 0.3417503 -0.9397926 -4.51213e-6 0.3417453 -0.9397944 4.09242e-6 0.3417404 -0.9397916 6.33815e-6 0.3417482 -0.9397945 -5.07613e-6 0.3417401 -0.9397917 6.21766e-6 0.3417477 -0.9397962 -1.19015e-5 0.3417357 -0.9397944 -4.10822e-6 0.3417404 -0.9397926 4.51213e-6 0.3417453 -0.9397952 9.0739e-6 0.3417381 -0.9397917 -6.21766e-6 0.3417477 -0.9397945 5.08499e-6 0.3417401 -0.9397952 -9.05576e-6 0.3417381 -0.9397934 -3.08002e-7 0.3417432 -0.9397946 -6.73376e-6 0.3417397 -0.9397934 0 0.3417431 -0.9397946 7.15735e-6 0.3417398 -0.9397937 2.27986e-6 0.3417422 -0.9397909 1.38763e-5 0.3417503 -0.9397937 -2.26205e-6 0.3417422 -0.9397946 -7.19711e-6 0.3417398 -0.9397935 1.94881e-7 0.3417431 -0.9397946 6.71258e-6 0.3417397 -0.9397934 3.08002e-7 0.3417432 -0.9397935 -1.46161e-7 0.3417431 -0.9397935 -2.38254e-7 0.3417431 -0.9397934 0 0.3417431 -0.9397934 -2.10397e-7 0.3417432 -0.939794 3.62489e-6 0.3417415 -0.9397934 0 0.3417431 -0.9397939 -3.6834e-6 0.3417415 -0.9397934 2.3784e-7 0.3417431 -0.9397934 0 0.3417431 -0.9397934 2.38256e-7 0.3417431 0.939796 1.58612e-5 -0.3417362 0.9397927 -4.90008e-6 -0.3417451 0.9397935 0 -0.3417429 0.9397923 -7.41485e-6 -0.3417459 0.9397935 0 -0.3417429 0.9397927 4.90308e-6 -0.3417451 0.939796 -1.58612e-5 -0.3417362 0.939793 -3.82205e-6 -0.3417443 0.9397966 1.7516e-5 -0.3417341 0.9397935 0 -0.3417429 0.9397935 0 -0.3417429 0.9397966 -1.7516e-5 -0.3417341 0.939793 3.82205e-6 -0.3417443 0.9397923 7.41485e-6 -0.3417459 0.9397928 -5.14955e-6 -0.3417446 0.9397941 4.56228e-6 -0.3417411 0.9397925 -7.51565e-6 -0.3417457 0.9397925 7.51565e-6 -0.3417457 0.9397941 -4.5736e-6 -0.3417411 0.9397928 5.14955e-6 -0.3417446 0.939795 1.01645e-5 -0.3417389 0.9397924 -7.92916e-6 -0.3417459 0.9397944 5.36289e-6 -0.3417405 0.9397944 -5.36289e-6 -0.3417405 0.9397924 7.94183e-6 -0.3417459 0.939795 -1.01645e-5 -0.3417389 0.9397909 -2.34648e-5 -0.34175 0.9397938 2.01422e-6 -0.341742 0.9397944 7.30524e-6 -0.3417403 0.9397934 -1.66987e-7 -0.341743 0.9397907 -2.24405e-5 -0.3417504 0.9397935 -4.75515e-7 -0.3417428 0.9397944 -7.30524e-6 -0.3417403 0.9397938 -2.0422e-6 -0.341742 0.9397909 2.34648e-5 -0.34175 0.9397935 4.75515e-7 -0.3417428 0.9397907 2.24747e-5 -0.3417503 0.9397934 1.66987e-7 -0.341743 0.9397935 2.22954e-7 -0.3417431 0.9397935 -2.10397e-7 -0.3417429 0.9397935 0 -0.3417429 0.939794 4.82032e-6 -0.3417416 0.9397935 -1.20524e-7 -0.341743 0.9397935 1.20524e-7 -0.341743 0.939794 -4.82025e-6 -0.3417416 0.9397935 0 -0.3417429 0.9397935 2.10397e-7 -0.3417429 0.9397934 -2.22951e-7 -0.341743 -0.9397959 -1.69129e-5 0.3417362 -0.9397959 1.69129e-5 0.3417362 -0.9397926 -3.88048e-6 0.3417452 -0.9397934 0 0.3417434 -0.9397933 0 0.3417434 -0.9397926 3.88048e-6 0.3417452 -0.9397923 -7.40261e-6 0.341746 -0.9397935 0 0.3417429 -0.9397935 0 0.3417429 -0.9397927 -5.09553e-6 0.341745 -0.9397962 1.60665e-5 0.3417355 -0.9397926 4.87991e-6 0.3417454 -0.9397962 -1.56837e-5 0.3417356 -0.9397923 7.40261e-6 0.341746 -0.9397923 -7.78314e-6 0.341746 -0.9397942 5.76228e-6 0.3417411 -0.9397923 -7.33618e-6 0.3417461 -0.9397923 7.33618e-6 0.3417461 -0.9397941 -5.76227e-6 0.3417411 -0.9397923 7.78314e-6 0.341746 -0.9397944 7.06394e-6 0.3417401 -0.9397928 -5.01587e-6 0.3417447 -0.9397942 4.45476e-6 0.3417409 -0.9397942 -4.45476e-6 0.3417409 -0.9397928 5.01587e-6 0.3417448 -0.9397944 -7.06394e-6 0.3417401 -0.9397947 -1.09578e-5 0.3417395 -0.9397934 0 0.3417431 -0.9397908 2.27823e-5 0.3417502 -0.9397908 -2.27823e-5 0.3417502 -0.9397934 0 0.3417431 -0.9397947 1.09578e-5 0.3417395 -0.9397934 -1.2524e-7 0.341743 -0.9397907 -2.24062e-5 0.3417504 -0.9397938 1.93177e-6 0.341742 -0.9397938 -1.93177e-6 0.341742 -0.9397907 2.24405e-5 0.3417503 -0.9397934 1.2524e-7 0.341743 -0.9397934 -7.63319e-7 0.3417432 -0.9397934 -1.04074e-6 0.3417431 -0.9397934 -1.22105e-6 0.3417431 -0.9397935 2.10397e-7 0.3417429 -0.939794 4.459e-6 0.3417416 -0.939794 -4.45906e-6 0.3417415 -0.9397935 0 0.3417429 -0.9397934 1.22105e-6 0.3417431 -0.9397934 1.04076e-6 0.3417431 -0.9397934 7.63319e-7 0.3417432 0.9397918 -6.6404e-6 -0.3417477 0.9397923 4.43188e-6 -0.3417459 0.9397973 -1.58787e-5 -0.3417325 0.9397923 -4.43188e-6 -0.3417459 0.9397984 1.60819e-5 -0.3417295 0.9397935 0 -0.341743 0.9397934 0 -0.3417431 0.9397984 -1.60819e-5 -0.3417295 0.939792 -6.91024e-6 -0.3417471 0.9397973 1.58787e-5 -0.3417325 0.9397924 -3.82515e-6 -0.3417458 0.9397934 0 -0.3417431 0.9397934 0 -0.3417431 0.9397925 3.82515e-6 -0.3417458 0.9397948 5.87992e-6 -0.3417392 0.9397925 -4.25696e-6 -0.3417456 0.9397946 3.89791e-6 -0.3417401 0.9397918 6.6404e-6 -0.3417477 0.9397946 -3.89791e-6 -0.3417401 0.9397925 4.25696e-6 -0.3417456 0.939792 6.91024e-6 -0.3417471 0.9397946 -4.94566e-6 -0.3417399 0.9397921 7.12697e-6 -0.3417468 0.9397952 9.06852e-6 -0.3417381 0.9397921 -7.12697e-6 -0.3417467 0.9397946 4.92986e-6 -0.3417399 0.9397935 0 -0.3417431 0.9397902 -1.74907e-5 -0.3417522 0.939794 1.50151e-6 -0.3417418 0.9397934 0 -0.3417431 0.9397946 7.19711e-6 -0.3417398 0.9397894 -2.26026e-5 -0.341754 0.9397952 -9.05194e-6 -0.3417381 0.9397894 2.25848e-5 -0.341754 0.9397946 -7.23688e-6 -0.3417398 0.9397948 -5.86177e-6 -0.3417392 0.939794 -1.50151e-6 -0.3417418 0.9397902 1.74907e-5 -0.3417522 0.9397934 0 -0.3417431 0.9397934 0 -0.3417431 0.9397935 -2.973e-7 -0.341743 0.9397935 4.20794e-7 -0.3417429 0.939794 3.33557e-6 -0.3417415 0.9397935 0 -0.3417431 0.939794 -3.27597e-6 -0.3417415 0.9397934 -1.7838e-7 -0.341743 0.9397935 4.20794e-7 -0.3417429 0.9397935 0 -0.3417431 0.07630246 0 -0.9970847 0.07630246 0 -0.9970847 0.2271294 0 -0.9738646 0.2271294 0 -0.9738646 0.3726736 0 -0.9279625 0.3726736 0 -0.9279625 0.5095288 0 -0.8604536 0.5095288 0 -0.8604536 0.6345178 0 -0.7729083 0.6345178 0 -0.7729083 0.7447375 0 -0.6673577 0.7447375 0 -0.6673577 0.8376063 0 -0.5462745 0.8376063 0 -0.5462745 0.9109781 0 -0.4124546 0.9109781 0 -0.4124546 -0.9109791 0 0.4124525 -0.9109791 0 0.4124525 -0.8376186 0 0.5462555 -0.8376186 0 0.5462555 -0.7447338 0 0.6673616 -0.7447338 0 0.6673616 -0.6345197 0 0.7729067 -0.6345197 0 0.7729067 -0.5095277 0 0.8604543 -0.5095277 0 0.8604543 -0.3726698 0 0.927964 -0.3726698 0 0.927964 -0.2271347 0 0.9738634 -0.2271347 0 0.9738634 -0.07629793 0 0.997085 -0.07629793 0 0.997085 0.08713459 0 0.9961966 0.08713459 0 0.9961966 0.2587866 0 0.9659345 0.2587866 0 0.9659345 0.422559 0 0.9063354 0.422559 0 0.9063354 0.5735026 0 0.8192038 0.5735026 0 0.8192038 0.7070106 0 0.707203 0.7070106 0 0.707203 0.8190677 0 0.5736969 0.8190677 0 0.5736969 0.9062364 0 0.4227714 0.9062364 0 0.4227714 0.9658729 0 0.2590167 0.9658729 0 0.2590167 0.996175 0 0.08738034 0.996175 0 0.08738034 0.9962162 0 -0.08691 0.9962162 0 -0.08691 0.9659982 0 -0.2585486 0.9659982 0 -0.2585486 -0.9659982 0 0.2585487 -0.9659982 0 0.2585487 -0.9962162 0 0.08690953 -0.9962162 0 0.08690953 -0.9961751 0 -0.08737993 -0.9961751 0 -0.08737993 -0.9658723 0 -0.2590186 -0.9658723 0 -0.2590186 -0.9062362 0 -0.4227718 -0.9062362 0 -0.4227718 -0.8190672 0 -0.5736976 -0.8190672 0 -0.5736976 -0.7070153 0 -0.7071982 -0.7070153 0 -0.7071982 -0.5735087 0 -0.8191995 -0.5735087 0 -0.8191995 -0.4225511 0 -0.9063391 -0.4225511 0 -0.9063391 -0.2587832 0 -0.9659354 -0.2587832 0 -0.9659354 -0.08714282 0 -0.9961958 -0.08714282 0 -0.9961958 0.9659982 0 -0.2585486 0.9659982 0 -0.2585486 0.9962162 0 -0.08690953 0.9962162 0 -0.08690953 0.9961751 0 0.08737993 0.9961751 0 0.08737993 0.9658723 0 0.2590187 0.9658723 0 0.2590187 0.9062361 0 0.4227719 0.9062361 0 0.4227719 0.8190673 0 0.5736975 0.8190673 0 0.5736975 0.7070153 0 0.7071983 0.7070153 0 0.7071983 0.573509 0 0.8191993 0.573509 0 0.8191993 0.4225508 0 0.9063393 0.4225508 0 0.9063393 0.2587841 0 0.9659351 0.2587841 0 0.9659351 0.08714252 0 0.9961959 0.08714252 0 0.9961959 -0.0871542 0 0.9961948 -0.0871542 0 0.9961948 -0.2588191 0 0.9659259 -0.2588191 0 0.9659259 -0.4226223 0 0.906306 -0.4226223 0 0.906306 -0.5735791 0 0.8191502 -0.5735791 0 0.8191502 -0.7071014 0 0.7071121 -0.7071014 0 0.7071121 -0.8191564 0 0.5735703 -0.8191564 0 0.5735703 -0.9063068 0 0.4226203 -0.9063068 0 0.4226203 -0.9659231 0 0.258829 -0.9659231 0 0.258829 -0.9961949 0 0.08715271 -0.9961949 0 0.08715271 -0.9088414 0 0.417142 -0.9088414 0 0.417142 -0.8290852 0 0.5591223 -0.8290852 0 0.5591223 -0.727311 0 0.686308 -0.727311 0 0.686308 -0.6062799 0 0.7952513 -0.6062799 0 0.7952513 -0.469134 0 0.883127 -0.469134 0 0.883127 0.470578 0 0.8823584 0.470578 0 0.8823584 0.6101323 0 0.7922996 0.6101323 0 0.7922996 0.7328482 0 0.6803921 0.7328482 0 0.6803921 0.8353703 0 0.5496877 0.8353703 0 0.5496877 0.9148247 0 0.4038512 0.9148247 0 0.4038512 0.9690535 0 0.2468507 0.9690535 0 0.2468507 0.9965451 0 0.08305358 0.9965451 0 0.08305358 -0.4705737 0 -0.8823606 -0.4705737 0 -0.8823606 -0.6101215 0 -0.7923079 -0.6101215 0 -0.7923079 -0.7328614 0 -0.680378 -0.7328614 0 -0.680378 -0.835372 0 -0.5496851 -0.835372 0 -0.5496851 -0.9148243 0 -0.4038522 -0.9148243 0 -0.4038522 -0.9690536 0 -0.24685 -0.9690536 0 -0.24685 -0.9965451 0 -0.08305382 -0.9965451 0 -0.08305382 0.9088411 0 -0.4171426 0.9088411 0 -0.4171426 0.8290755 0 -0.5591368 0.8290755 0 -0.5591368 0.727321 0 -0.6862974 0.727321 0 -0.6862974 0.6062689 0 -0.7952597 0.6062689 0 -0.7952597 0.4691457 0 -0.8831207 0.4691457 0 -0.8831207 0.08715343 0 -0.9961949 0.08715343 0 -0.9961949 0.2588191 0 -0.9659259 0.2588191 0 -0.9659259 0.4226152 0 -0.9063093 0.4226152 0 -0.9063093 0.5735799 0 -0.8191496 0.5735799 0 -0.8191496 0.7071014 0 -0.7071121 0.7071014 0 -0.7071121 0.8191546 0 -0.5735728 0.8191546 0 -0.5735728 0.9063073 0 -0.4226193 0.9063073 0 -0.4226193 0.9659285 0 -0.2588091 0.9659285 0 -0.2588091 0.9961931 0 -0.0871737 0.9961931 0 -0.0871737 -0.9660036 0 0.2585286 -0.9660036 0 0.2585286 -0.9962162 0 0.08690905 -0.9962162 0 0.08690905 -0.996175 0 -0.08738034 -0.996175 0 -0.08738034 -0.9658721 0 -0.2590194 -0.9658721 0 -0.2590194 -0.9062364 0 -0.4227714 -0.9062364 0 -0.4227714 -0.8190677 0 -0.5736969 -0.8190677 0 -0.5736969 -0.7070267 0 -0.707187 -0.7070267 0 -0.707187 -0.5735026 0 -0.8192038 -0.5735026 0 -0.8192038 -0.4225508 0 -0.9063393 -0.4225508 0 -0.9063393 -0.2587767 0 -0.9659371 -0.2587767 0 -0.9659371 -0.0871452 0 -0.9961956 -0.0871452 0 -0.9961956 0 -1 0 0 -1 0 0 -0.9969176 0.0784555 0 -0.9969176 0.0784555 0 -0.97237 0.233445 0 -0.97237 0.233445 0 -0.9238798 0.3826827 0 -0.9238798 0.3826827 0 -0.852639 0.5225003 0 -0.852639 0.5225003 0 -0.7604067 0.6494472 0 -0.7604067 0.6494472 0 -0.6494475 0.7604065 0 -0.6494475 0.7604065 0 -0.5224983 0.8526404 0 -0.5224983 0.8526404 0 -0.3826827 0.9238798 0 -0.3826827 0.9238798 0 -0.2334478 0.9723694 0 -0.2334478 0.9723693 0 -0.0784589 0.9969173 0 -0.0784589 0.9969173 0 0 1 0 0 1 0 0.0784589 0.9969173 0 0.0784589 0.9969173 0 0.2334478 0.9723693 0 0.2334478 0.9723694 0 0.3826827 0.9238798 0 0.3826827 0.9238798 0 0.5224983 0.8526404 0 0.5224983 0.8526404 0 0.6494475 0.7604065 0 0.6494475 0.7604065 0 0.7604067 0.6494472 0 0.7604067 0.6494472 0 0.852639 0.5225003 0 0.852639 0.5225003 0 0.9238798 0.3826827 0 0.9238798 0.3826827 0 0.97237 0.233445 0 0.97237 0.233445 0 0.9969172 0.0784614 0 0.9969172 0.0784614 0 1 0 0 1 0 0 0.9969171 -0.07846188 0 0.9969171 -0.07846188 0 0.97237 -0.233445 0 0.97237 -0.233445 0 0.9238798 -0.3826827 0 0.9238799 -0.3826828 0 0.8526374 -0.5225031 0 0.8526374 -0.522503 0 0.7604104 -0.6494429 0 0.7604104 -0.6494429 0 0.6494423 -0.7604109 0 0.6494423 -0.7604109 0 0.5225003 -0.852639 0 0.5225003 -0.852639 0 0.3826827 -0.9238798 0 0.3826827 -0.9238798 0 0.2334506 -0.9723686 0 0.2334506 -0.9723686 0 0.07846188 -0.9969171 0 0.07846188 -0.9969171 0 0 -1 0 0 -1 0 -0.07846188 -0.9969171 0 -0.07846188 -0.9969171 0 -0.2334506 -0.9723686 0 -0.2334506 -0.9723686 0 -0.3826827 -0.9238798 0 -0.3826827 -0.9238798 0 -0.5225003 -0.852639 0 -0.5225003 -0.852639 0 -0.6494423 -0.7604109 0 -0.6494423 -0.7604109 0 -0.7604104 -0.6494429 0 -0.7604104 -0.6494429 0 -0.8526374 -0.522503 0 -0.8526374 -0.5225031 0 -0.9238799 -0.3826828 0 -0.9238798 -0.3826827 0 -0.97237 -0.233445 0 -0.97237 -0.233445 0 -0.9969176 -0.07845598 0 -0.9969176 -0.07845598 0 -1 0 0 -1 0 0 -0.0784589 0.9969173 0 -0.0784589 0.9969173 0 -0.2334478 0.9723694 0 -0.2334478 0.9723693 0 -0.3826828 0.9238799 0 -0.3826827 0.9238798 0 -0.5224983 0.8526404 0 -0.5224983 0.8526404 0 -0.6494475 0.7604065 0 -0.6494475 0.7604065 0 -0.7604067 0.6494472 0 -0.7604067 0.6494472 0 -0.852639 0.5225004 0 -0.852639 0.5225004 0 -0.9238799 0.3826828 0 -0.9238798 0.3826827 0 -0.97237 0.233445 0 -0.97237 0.233445 0 -0.9969176 0.0784555 0 -0.9969176 0.0784555 0 0 1 0 0 1 0 0.9969172 0.0784614 0 0.9969172 0.0784614 0 0.97237 0.233445 0 0.97237 0.233445 0 0.9238798 0.3826827 0 0.9238799 0.3826828 0 0.852639 0.5225004 0 0.852639 0.5225004 0 0.7604067 0.6494472 0 0.7604067 0.6494472 0 0.6494475 0.7604065 0 0.6494475 0.7604065 0 0.5224983 0.8526404 0 0.5224983 0.8526404 0 0.3826827 0.9238798 0 0.3826828 0.9238799 0 0.2334478 0.9723693 0 0.2334478 0.9723694 0 0.0784589 0.9969173 0 0.0784589 0.9969173 0 1 0 0 1 0 0 0.07846188 -0.9969171 0 0.07846188 -0.9969171 0 0.2334506 -0.9723686 0 0.2334506 -0.9723686 0 0.3826827 -0.9238798 0 0.3826827 -0.9238798 0 0.5225003 -0.852639 0 0.5225003 -0.852639 0 0.6494423 -0.7604109 0 0.6494423 -0.7604109 0 0.7604104 -0.6494429 0 0.7604104 -0.6494429 0 0.8526374 -0.522503 0 0.8526374 -0.522503 0 0.9238798 -0.3826827 0 0.9238799 -0.3826828 0 0.9723701 -0.233445 0 0.9723701 -0.233445 0 0.9969171 -0.07846188 0 0.9969171 -0.07846188 0 0 -1 0 0 -1 0 -0.9969176 -0.07845598 0 -0.9969176 -0.07845598 0 -0.9723701 -0.233445 0 -0.9723701 -0.233445 0 -0.9238799 -0.3826828 0 -0.9238798 -0.3826827 0 -0.8526374 -0.522503 0 -0.8526374 -0.522503 0 -0.7604104 -0.6494429 0 -0.7604104 -0.6494429 0 -0.6494423 -0.7604109 0 -0.6494423 -0.7604109 0 -0.5225003 -0.852639 0 -0.5225003 -0.852639 0 -0.3826827 -0.9238798 0 -0.3826827 -0.9238798 0 -0.2334506 -0.9723686 0 -0.2334506 -0.9723686 0 -0.07846188 -0.9969171 0 -0.07846188 -0.9969171 0 -0.07846188 -0.9969171 0 -0.07846188 -0.9969171 0 -0.2334506 -0.9723687 0 -0.2334506 -0.9723687 0 -0.3826827 -0.9238799 0 -0.3826827 -0.9238799 0 -0.5225004 -0.8526391 0 -0.5225004 -0.8526391 0 -0.6494423 -0.7604108 0 -0.6494423 -0.7604108 0 -0.7604104 -0.6494428 0 -0.7604104 -0.6494428 0 -0.8526374 -0.522503 0 -0.8526374 -0.522503 0 -0.9238799 -0.3826827 0 -0.9238799 -0.3826827 0 -0.97237 -0.233445 0 -0.97237 -0.233445 0 -0.9969176 -0.07845598 0 -0.9969176 -0.07845598 0 0 -1 0 0 -1 0 0.9969171 -0.07846188 0 0.9969171 -0.07846188 0 0.97237 -0.233445 0 0.97237 -0.233445 0 0.9238799 -0.3826827 0 0.9238799 -0.3826827 0 0.8526374 -0.522503 0 0.8526374 -0.522503 0 0.7604104 -0.6494428 0 0.7604104 -0.6494428 0 0.6494423 -0.7604108 0 0.6494423 -0.7604108 0 0.5225004 -0.8526391 0 0.5225004 -0.8526391 0 0.3826827 -0.9238799 0 0.3826827 -0.9238799 0 0.2334506 -0.9723687 0 0.2334506 -0.9723687 0 0.07846188 -0.9969171 0 0.07846188 -0.9969171 0 1 0 0 1 0 0 0.0784589 0.9969173 0 0.0784589 0.9969173 0 0.2334478 0.9723693 0 0.2334478 0.9723693 0 0.3826827 0.9238799 0 0.3826827 0.9238799 0 0.5224983 0.8526403 0 0.5224983 0.8526403 0 0.6494475 0.7604064 0 0.6494475 0.7604064 0 0.7604067 0.6494473 0 0.7604067 0.6494473 0 0.8526391 0.5225004 0 0.8526391 0.5225004 0 0.9238799 0.3826827 0 0.9238799 0.3826827 0 0.97237 0.233445 0 0.97237 0.233445 0 0.9969171 0.0784614 0 0.9969171 0.0784614 0 0 1 0 0 1 0 -0.9969176 0.0784555 0 -0.9969176 0.0784555 0 -0.97237 0.233445 0 -0.97237 0.233445 0 -0.9238799 0.3826827 0 -0.9238799 0.3826827 0 -0.8526391 0.5225004 0 -0.8526391 0.5225004 0 -0.7604067 0.6494473 0 -0.7604067 0.6494473 0 -0.6494475 0.7604064 0 -0.6494475 0.7604064 0 -0.5224983 0.8526403 0 -0.5224983 0.8526403 0 -0.3826827 0.9238799 0 -0.3826827 0.9238799 0 -0.2334478 0.9723693 0 -0.2334478 0.9723693 0 -0.0784589 0.9969173 0 -0.0784589 0.9969173 0 -1 0 0 -1 0 0 0 1 0 0 1 0 0 1 0 0 1 0 0 1 0 0 1 0 0 1 0 0 1 0 0 1 0 0 1 0 0 1 0 0 1 0 0 1 0 0 1 0 0 1 0 0 1 0 0 1 0 0 1 0 0 1 0 0 1 0 0 1 0 0 1 0 0 1 0 0 1 0 0 1 0 0 1 0 0 1 0 0 1 0 0 1 0 0 1 0 0 1 0 0 1 0 0 1 0 0 1 0 0 1 0 0 1 0 0 1 0 0 1 0 0 1 0 0 1 0 0 1 0 0 1 0 0 1 0 0 1 0 0 1 0 0 1 0 0 1 0 0 1 0 0 1 0 0 1 0 0 1 0 0 1 0 0 1 0 0 1 0 0 1 0 0 1 0 0 1 0 0 1 0 0 1 0 0 1 0 0 1 0 0 1 0 0 1 0 0 1 0 0 1 0 0 1 0 0 1 0 0 1 0 0 1 0 0 1 0 0 1 0 0 1 0 0 1 0 0 1 0 0 1 0 0 1 0 0 1 0 0 1 0 0 1 0 0 1 0 0 1 0 0 1 0 0 1 0 0 1 0 0 1 0 0 1 0 0 -1 0 0 -1 0 0 -1 0 0 -1 0 0 -1 0 0 -1 0 0 -1 0 0 -1 0 0 -1 0 0 -1 0 0 -1 0 0 -1 0 0 -1 0 0 -1 0 0 -1 0 0 -1 0 0 -1 0 0 -1 0 0 -1 0 0 -1 0 0 -1 0 0 -1 0 0 -1 0 0 -1 0 0 -1 0 0 -1 0 0 -1 0 0 -1 0 0 -1 0 0 -1 0 0 -1 0 0 -1 0 0 -1 0 0 -1 0 0 -1 0 0 -1 0 0 -1 0 0 -1 0 0 -1 0 0 -1 0 0 -1 0 0 -1 0 0 -1 0 0 -1 0 0 -1 0 0 -1 0 0 -1 0 0 -1 0 0 -1 0 0 -1 0 0 -1 0 0 -1 0 0 -1 0 0 -1 0 0 -1 0 0 -1 0 0 -1 0 0 -1 0 0 -1 0 0 -1 0 0 -1 0 0 -1 0 0 -1 0 0 -1 0 0 -1 0 0 -1 0 0 -1 0 0 -1 0 0 -1 0 0 -1 0 0 -1 0 0 -1 0 0 -1 0 0 -1 0 0 -1 0 0 -1 0 0 -1 0 0 -1 0 0 -1 0 0 -1 0 0 -1 0 0 -1 0 0 -1 0 0 -1 0 0 -1 0 0 -1 0 0 -1 0 0 -1 0 0 -1 0 0 -1 0 0 -1 0 0 -1 0 0 -1 0 0 -1 0 0 -1 0 0 -1 0 0 -1 0 0 1 0 0 1 0 0 1 0 0 1 0 0 1 0 0 1 0 0 1 0 0 1 0 0 1 0 1 0 0 1 0 0 1 0 0 1 0 0 -1 0 0 -1 0 0 -1 0 0 -1 0 -0.08715701 -0.9961946 0 -0.08715701 -0.9961946 0 -0.2588189 -0.9659259 0 -0.2588189 -0.9659259 0 -0.4226138 -0.9063099 0 -0.4226138 -0.9063099 0 -0.5735815 -0.8191484 0 -0.5735815 -0.8191484 0 -0.7071102 -0.7071034 0 -0.7071102 -0.7071034 0 -0.8191497 -0.5735798 0 -0.8191497 -0.5735798 0 -0.9063061 -0.4226219 0 -0.9063061 -0.4226219 0 -0.9659287 -0.2588081 0 -0.9659287 -0.2588081 0 -0.9961936 -0.08716851 0 -0.9961936 -0.08716851 0 -0.9961935 0.08716911 0 -0.9961935 0.08716911 0 -0.9659287 0.2588081 0 -0.9659287 0.2588081 0 -0.9063061 0.4226219 0 -0.9063061 0.4226219 0 -0.8191497 0.5735798 0 -0.8191497 0.5735798 0 -0.7071102 0.7071034 0 -0.7071102 0.7071034 0 -0.5735815 0.8191484 0 -0.5735815 0.8191484 0 -0.4226138 0.9063099 0 -0.4226138 0.9063099 0 -0.2588189 0.9659259 0 -0.2588189 0.9659259 0 -0.08715701 0.9961946 0 -0.08715701 0.9961946 0 0.08715468 0.9961948 0 0.08715468 0.9961948 0 0.2588189 0.9659259 0 0.2588189 0.9659259 0 0.4226138 0.9063099 0 0.4226138 0.9063099 0 0.5735815 0.8191484 0 0.5735815 0.8191484 0 0.7071102 0.7071034 0 0.7071102 0.7071034 0 0.8191497 0.5735798 0 0.8191497 0.5735798 0 0.9063061 0.4226219 0 0.9063061 0.4226219 0 0.9659287 0.2588081 0 0.9659287 0.2588081 0 0.9961935 0.08716911 0 0.9961935 0.08716911 0 0.9961936 -0.08716851 0 0.9961936 -0.08716851 0 0.9659287 -0.2588081 0 0.9659287 -0.2588081 0 0.9063061 -0.4226219 0 0.9063061 -0.4226219 0 0.8191497 -0.5735798 0 0.8191497 -0.5735798 0 0.7071102 -0.7071034 0 0.7071102 -0.7071034 0 0.5735815 -0.8191484 0 0.5735815 -0.8191484 0 0.4226138 -0.9063099 0 0.4226138 -0.9063099 0 0.2588189 -0.9659259 0 0.2588189 -0.9659259 0 0.08715468 -0.9961948 0 0.08715468 -0.9961948 0 -0.08715701 -0.9961946 0 -0.08715701 -0.9961946 0 -0.2588189 -0.9659259 0 -0.2588189 -0.9659259 0 -0.4226138 -0.9063099 0 -0.4226138 -0.9063099 0 -0.5735815 -0.8191484 0 -0.5735815 -0.8191484 0 -0.7071102 -0.7071034 0 -0.7071102 -0.7071034 0 -0.8191497 -0.5735798 0 -0.8191497 -0.5735798 0 -0.9063061 -0.4226219 0 -0.9063061 -0.4226219 0 -0.9659287 -0.2588081 0 -0.9659287 -0.2588081 0 -0.9961935 -0.08716911 0 -0.9961935 -0.08716911 0 -0.9961936 0.08716851 0 -0.9961936 0.08716851 0 -0.9659287 0.2588081 0 -0.9659287 0.2588081 0 -0.9063061 0.4226219 0 -0.9063061 0.4226219 0 -0.8191497 0.5735798 0 -0.8191497 0.5735798 0 -0.7071102 0.7071034 0 -0.7071102 0.7071034 0 -0.5735815 0.8191484 0 -0.5735815 0.8191484 0 -0.4226138 0.9063099 0 -0.4226138 0.9063099 0 -0.2588189 0.9659259 0 -0.2588189 0.9659259 0 -0.08715701 0.9961946 0 -0.08715701 0.9961946 0 0.08715468 0.9961948 0 0.08715468 0.9961948 0 0.2588189 0.9659259 0 0.2588189 0.9659259 0 0.4226138 0.9063099 0 0.4226138 0.9063099 0 0.5735815 0.8191484 0 0.5735815 0.8191484 0 0.7071102 0.7071034 0 0.7071102 0.7071034 0 0.8191497 0.5735798 0 0.8191497 0.5735798 0 0.9063061 0.4226219 0 0.9063061 0.4226219 0 0.9659287 0.2588081 0 0.9659287 0.2588081 0 0.9961936 0.08716851 0 0.9961936 0.08716851 0 0.9961935 -0.08716911 0 0.9961935 -0.08716911 0 0.9659287 -0.2588081 0 0.9659287 -0.2588081 0 0.9063061 -0.4226219 0 0.9063061 -0.4226219 0 0.8191497 -0.5735798 0 0.8191497 -0.5735798 0 0.7071102 -0.7071034 0 0.7071102 -0.7071034 0 0.5735815 -0.8191484 0 0.5735815 -0.8191484 0 0.4226138 -0.9063099 0 0.4226138 -0.9063099 0 0.2588189 -0.9659259 0 0.2588189 -0.9659259 0 0.08715468 -0.9961948 0 0.08715468 -0.9961948 0 0 0 1 0 0 1 0 0 1 0 0 1 0 0 1 0 0 1 0 0 1 0 0 1 0 0 1 0 0 1 0 0 1 0 0 1 0 0 1 0 0 1 0 0 1 0 0 1 0 0 1 0 0 1 0 0 1 0 0 1 0 0 1 0 0 1 0 0 1 0 0 1 0 0 1 0 0 1 0 0 1 0 0 1 0 0 1 0 0 1 0 0 1 0 0 1 0 0 1 0 0 1 0 0 1 0 0 1 0 0 1 0 0 1 0 0 1 0 0 1 0 0 1 0 0 1 0 0 1 0 0 1 0 0 1 0 0 1 0 0 1 0 0 1 0 0 1 0 0 1 0 0 1 0 0 1 0 0 1 0 0 1 0 0 1 0 0 1 0 0 1 0 0 1 0 0 1 0 0 1 0 0 1 0 0 1 0 0 1 0 0 1 0 0 1 0 0 1 0 0 1 0 0 1 0 0 1 0 0 1 0 0 1 0 0 1 0 0 1 0 0 1 0 0 1 0 0 1 0 0 1 0 0 1 0 0 1 0 0 1 0 0 1 0 0 1 0 0 1 0 0 1 0 0 1 0 0 1 0 0 1 0 0 1 0 0 1 0 0 1 1 0 0 1 0 0 1 0 0 1 0 0 1 0 0 1 0 0 1 0 0 1 0 0 1 0 0 1 0 0 1 0 0 1 0 0 1 0 0 1 0 0 1 0 0 1 0 0 1 0 0 1 0 0 1 0 0 1 0 0 1 0 0 1 0 0 1 0 0 1 0 0 1 0 0 1 0 0 1 0 0 1 0 0 1 0 0 1 0 0 1 0 0 1 0 0 1 0 0 1 0 0 1 0 0 1 0 0 1 0 0 1 0 0 1 0 0 1 0 0 1 0 0 1 0 0 1 0 0 1 0 0 1 0 0 1 0 0 1 0 0 1 0 0 1 0 0 1 0 0 1 0 0 1 0 0 1 0 0 1 0 0 1 0 0 1 0 0 1 0 0 1 0 0 1 0 0 1 0 0 1 0 0 1 0 0 1 0 0 1 0 0 1 0 0 1 0 0 1 0 0 1 0 0 1 0 0 1 0 0 1 0 0 1 0 0 1 0 0 1 0 0 1 0 0 1 0 0 1 0 0 1 0 0 1 0 0 1 0 0 1 0 0 1 0 0 1 0 0 1 0 0 1 0 0 1 0 0 1 0 0 1 0 0 1 0 0 1 0 0 1 0 0 1 0 0 1 0 0 1 0 0 1 0 0 1 0 0 1 0 0 1 0 0 1 0 0 1 0 0 1 0 0 1 0 0 1 0 0 1 0 0 1 0 0 1 0 0 1 0 0 1 0 0 1 0 0 1 0 0 1 0 0 1 0 0 1 0 0 1 0 0 1 0 0 1 0 0 1 0 0 1 0 0 1 0 0 1 0 0 1 0 0 1 0 0 1 0 0 1 0 0 1 0 0 1 0 0 1 0 0 1 0 0 1 0 0 1 0 0 1 0 0 1 0 0 1 0 0 1 0 0 1 0 0 1 0 0 1 0 0 1 0 0 1 0 0 1 0 0 1 0 0 1 0 0 1 0 0 1 0 0 1 0 0 1 0 0 1 0 0 1 0 0 1 0 0 1 0 0 1 0 0 1 0 0 1 0 0 1 0 0 1 0 0 1 0 0 1 0 0 1 0 0 1 0 0 1 0 0 1 0 0 1 0 0 1 0 0 1 0 0 1 0 0 1 0 0 1 0 0 1 0 0 1 0 0 1 0 0 1 0 0 1 0 0 1 0 0 1 0 0 1 0 0 1 0 0 1 0 0 1 0 0 1 0 0 1 0 0 1 0 0 1 0 0 1 0 0 1 0 0 1 0 0 1 0 0 1 0 0 1 0 0 1 0 0 1 0 0 1 0 0 1 0 0 1 0 0 1 0 0 1 0 0 1 0 0 1 0 0 1 0 0 1 0 0 1 0 0 1 0 0 1 0 0 1 0 0 1 0 0 1 0 0 1 0 0 1 0 0 1 0 0 1 0 0 1 0 0 1 0 0 1 0 0 1 0 0 1 0 0 1 0 0 1 0 0 1 0 0 1 0 0 1 0 0 1 0 0 1 0 0 1 0 0 1 0 0 1 0 0 1 0 0 1 0 0 1 0 0 1 0 0 1 0 0 1 0 0 1 0 0 1 0 0 1 0 0 1 0 0 1 0 0 1 0 0 1 0 0 1 0 0 1 0 0 1 0 0 1 0 0 1 0 0 1 0 0 1 0 0 1 0 0 1 0 0 1 0 0 1 0 0 1 0 0 1 0 0 1 0 0 1 0 0 1 0 0 1 0 0 1 0 0 1 0 0 1 0 0 1 0 0 1 0 0 1 0 0 1 0 0 1 0 0 1 0 0 1 0 0 1 0 0 1 0 0 1 0 0 1 0 0 1 0 0 1 0 0 1 0 0 1 0 0 1 0 0 1 0 0 1 0 0 1 0 0 1 0 0 1 0 0 1 0 0 1 0 0 1 0 0 1 0 0 1 0 0 1 0 0 1 0 0 1 0 0 1 0 0 1 0 0 1 0 0 1 0 0 1 0 0 1 0 0 1 0 0 1 0 0 1 0 0 1 0 0 1 0 0 1 0 0 1 0 0 1 0 0 1 0 0 1 0 0 1 0 0 1 0 0 1 0 0 1 0 0 1 0 0 1 0 0 1 0 0 1 0 0 1 0 0 1 0 0 1 0 0 1 0 0 1 0 0 1 0 0 1 0 0 1 0 0 1 0 0 1 0 0 1 0 0 1 0 0 1 0 0 1 0 0 1 0 0 1 0 0 1 0 0 1 0 0 1 0 0 1 0 0 1 0 0 1 0 0 1 0 0 1 0 0 1 0 0 1 0 0 1 0 0 1 0 0 1 0 0 1 0 0 1 0 0 1 0 0 1 0 0 1 0 0 1 0 0 1 0 0 1 0 0 1 0 0 1 0 0 1 0 0 1 0 0 1 0 0 1 0 0 1 0 0 1 0 0 1 0 0 1 0 0 1 0 0 1 0 0 1 0 0 1 0 0 1 0 0 1 0 0 1 0 0 1 0 0 1 0 0 1 0 0 1 0 0 1 0 0 1 0 0 1 0 0 1 0 0 1 0 0 1 0 0 1 0 0 1 0 0 1 0 0 1 0 0 1 0 0 1 0 0 1 0 0 1 0 0 1 0 0 1 0 0 1 0 0 1 0 0 1 0 0 1 0 0 1 0 0 1 0 0 1 0 0 1 0 0 1 0 0 1 0 0 1 0 0 1 0 0 1 0 0 1 0 0 1 0 0 1 0 0 1 0 0 1 0 0 1 0 0 1 0 0 1 0 0 1 0 0 1 0 0 1 0 0 1 0 0 1 0 0 1 0 0 1 0 0 1 0 0 1 0 0 1 0 0 1 0 0 1 0 0 1 0 0 1 0 0 1 0 0 1 0 0 1 0 0 1 0 0 1 0 0 1 0 0 1 0 0 1 0 0 1 0 0 1 0 0 1 0 0 1 0 0 1 0 0 1 0 0 1 0 0 1 0 0 1 0 0 1 0 0 1 0 0 1 0 0 1 0 0 1 0 0 1 0 0 1 0 0 1 0 0 1 0 0 1 0 0 1 0 0 1 0 0 1 0 0 1 0 0 1 0 0 1 0 0 1 0 0 1 0 0 1 0 0 1 0 0 1 0 0 1 0 0 1 0 0 1 0 0 1 0 0 1 0 0 1 0 0 1 0 0 1 0 0 1 0 0 1 0 0 1 0 0 1 0 0 1 0 0 1 0 0 1 0 0 1 0 0 1 0 0 1 0 0 1 0 0 1 0 0 1 0 0 1 0 0 1 0 0 1 0 0 1 0 0 1 0 0 1 0 0 1 0 0 1 0 0 1 0 0 1 0 0 1 0 0 1 0 0 1 0 0 1 0 0 1 0 0 1 0 0 1 0 0 1 0 0 1 0 0 1 0 0 1 0 0 1 0 0 1 0 0 1 0 0 1 0 0 1 0 0 1 0 0 1 0 0 1 0 0 1 0 0 1 0 0 1 0 0 1 0 0 1 0 0 1 0 0 1 0 0 1 0 0 1 0 0 1 0 0 1 0 0 1 0 0 1 0 0 1 0 0 1 0 0 1 0 0 1 0 0 0 -1 0 0 -1 0 0 -1 0 0 -1 0 0 -1 0 0 -1 0 0 -1 0 0 -1 0 0 -1 0 0 -1 0 -1 0 0 -1 0 0 -1 0 0 -1 0 0 -1 0 0 -1 0 0 -1 0 0 -1 0 0 -1 0 0 -1 0 0 -1 0 0 -1 0 0 -1 0 0 -1 0 0 -1 0 0 -1 0 0 -1 0 0 -1 0 0 -1 0 0 -1 0 0 -1 0 0 -1 0 0 -1 0 0 -1 0 0 -1 0 0 -1 0 0 -1 0 0 -1 0 0 -1 0 0 -1 0 0 -1 0 0 -1 0 0 -1 0 0 -1 0 0 -1 0 0 -1 0 0 -1 0 0 -1 0 0 -1 0 0 -1 0 0 -1 0 0 -1 0 0 -1 0 0 -1 0 0 -1 0 0 -1 0 0 -1 0 0 -1 0 0 -1 0 0 -1 0 0 -1 0 0 -1 0 0 -1 0 0 -1 0 0 -1 0 0 -1 0 0 -1 0 0 -1 0 0 -1 0 0 -1 0 0 -1 0 0 -1 0 0 -1 0 0 -1 0 0 -1 0 0 -1 0 0 -1 0 0 -1 0 0 -1 0 0 -1 0 0 -1 0 0 -1 0 0 -1 0 0 -1 0 0 -1 0 0 -1 0 0 -1 0 0 -1 0 0 -1 0 0 -1 0 0 -1 0 0 -1 0 0 -1 0 0 -1 0 0 -1 0 0 -1 0 0 -1 0 0 -1 0 0 -1 0 0 -1 0 0 -1 0 0 -1 0 0 -1 0 0 -1 0 0 -1 0 0 -1 0 0 -1 0 0 -1 0 0 -1 0 0 -1 0 0 -1 0 0 -1 0 0 -1 0 0 -1 0 0 -1 0 0 -1 0 0 -1 0 0 -1 0 0 -1 0 0 -1 0 0 -1 0 0 -1 0 0 -1 0 0 -1 0 0 -1 0 0 -1 0 0 -1 0 0 -1 0 0 -1 0 0 -1 0 0 -1 0 0 -1 0 0 -1 0 0 -1 0 0 -1 0 0 -1 0 0 -1 0 0 -1 0 0 -1 0 0 -1 0 0 -1 0 0 -1 0 0 -1 0 0 -1 0 0 -1 0 0 -1 0 0 -1 0 0 -1 0 0 -1 0 0 -1 0 0 -1 0 0 -1 0 0 -1 0 0 -1 0 0 -1 0 0 -1 0 0 -1 0 0 -1 0 0 -1 0 0 -1 0 0 -1 0 0 -1 0 0 -1 0 0 -1 0 0 -1 0 0 -1 0 0 -1 0 0 -1 0 0 -1 0 0 -1 0 0 -1 0 0 -1 0 0 -1 0 0 -1 0 0 -1 0 0 -1 0 0 -1 0 0 -1 0 0 -1 0 0 -1 0 0 -1 0 0 -1 0 0 -1 0 0 -1 0 0 -1 0 0 -1 0 0 -1 0 0 -1 0 0 -1 0 0 -1 0 0 -1 0 0 -1 0 0 -1 0 0 -1 0 0 -1 0 0 -1 0 0 -1 0 0 -1 0 0 -1 0 0 -1 0 0 -1 0 0 -1 0 0 -1 0 0 -1 0 0 -1 0 0 -1 0 0 -1 0 0 -1 0 0 -1 0 0 -1 0 0 -1 0 0 -1 0 0 -1 0 0 -1 0 0 -1 0 0 -1 0 0 -1 0 0 -1 0 0 -1 0 0 -1 0 0 -1 0 0 -1 0 0 -1 0 0 -1 0 0 -1 0 0 -1 0 0 -1 0 0 -1 0 0 -1 0 0 -1 0 0 -1 0 0 -1 0 0 -1 0 0 -1 0 0 -1 0 0 -1 0 0 -1 0 0 -1 0 0 -1 0 0 -1 0 0 -1 0 0 -1 0 0 -1 0 0 -1 0 0 -1 0 0 -1 0 0 -1 0 0 -1 0 0 -1 0 0 -1 0 0 -1 0 0 -1 0 0 -1 0 0 -1 0 0 -1 0 0 -1 0 0 -1 0 0 -1 0 0 -1 0 0 -1 0 0 -1 0 0 -1 0 0 -1 0 0 -1 0 0 -1 0 0 -1 0 0 -1 0 0 -1 0 0 -1 0 0 -1 0 0 -1 0 0 -1 0 0 -1 0 0 -1 0 0 -1 0 0 -1 0 0 -1 0 0 -1 0 0 -1 0 0 -1 0 0 -1 0 0 -1 0 0 -1 0 0 -1 0 0 -1 0 0 -1 0 0 -1 0 0 -1 0 0 -1 0 0 -1 0 0 -1 0 0 -1 0 0 -1 0 0 -1 0 0 -1 0 0 -1 0 0 -1 0 0 -1 0 0 -1 0 0 -1 0 0 -1 0 0 -1 0 0 -1 0 0 -1 0 0 -1 0 0 -1 0 0 -1 0 0 -1 0 0 -1 0 0 -1 0 0 -1 0 0 -1 0 0 -1 0 0 -1 0 0 -1 0 0 -1 0 0 -1 0 0 -1 0 0 -1 0 0 -1 0 0 -1 0 0 -1 0 0 -1 0 0 -1 0 0 -1 0 0 -1 0 0 -1 0 0 -1 0 0 -1 0 0 -1 0 0 -1 0 0 -1 0 0 -1 0 0 -1 0 0 -1 0 0 -1 0 0 -1 0 0 -1 0 0 -1 0 0 -1 0 0 -1 0 0 -1 0 0 -1 0 0 -1 0 0 -1 0 0 -1 0 0 -1 0 0 -1 0 0 -1 0 0 -1 0 0 -1 0 0 -1 0 0 -1 0 0 -1 0 0 -1 0 0 -1 0 0 -1 0 0 -1 0 0 -1 0 0 -1 0 0 -1 0 0 -1 0 0 -1 0 0 -1 0 0 -1 0 0 -1 0 0 -1 0 0 -1 0 0 -1 0 0 -1 0 0 -1 0 0 -1 0 0 -1 0 0 -1 0 0 -1 0 0 -1 0 0 -1 0 0 -1 0 0 -1 0 0 -1 0 0 -1 0 0 -1 0 0 -1 0 0 -1 0 0 -1 0 0 -1 0 0 -1 0 0 -1 0 0 -1 0 0 -1 0 0 -1 0 0 -1 0 0 -1 0 0 -1 0 0 -1 0 0 -1 0 0 -1 0 0 -1 0 0 -1 0 0 -1 0 0 -1 0 0 -1 0 0 -1 0 0 -1 0 0 -1 0 0 -1 0 0 -1 0 0 -1 0 0 -1 0 0 -1 0 0 -1 0 0 -1 0 0 -1 0 0 -1 0 0 -1 0 0 -1 0 0 -1 0 0 -1 0 0 -1 0 0 -1 0 0 -1 0 0 -1 0 0 -1 0 0 -1 0 0 -1 0 0 -1 0 0 -1 0 0 -1 0 0 -1 0 0 -1 0 0 -1 0 0 -1 0 0 -1 0 0 -1 0 0 -1 0 0 -1 0 0 -1 0 0 -1 0 0 -1 0 0 -1 0 0 -1 0 0 -1 0 0 -1 0 0 -1 0 0 -1 0 0 -1 0 0 -1 0 0 -1 0 0 -1 0 0 -1 0 0 -1 0 0 -1 0 0 -1 0 0 -1 0 0 -1 0 0 -1 0 0 -1 0 0 -1 0 0 -1 0 0 -1 0 0 -1 0 0 -1 0 0 -1 0 0 -1 0 0 -1 0 0 -1 0 0 -1 0 0 -1 0 0 -1 0 0 -1 0 0 -1 0 0 -1 0 0 -1 0 0 -1 0 0 -1 0 0 -1 0 0 -1 0 0 -1 0 0 -1 0 0 -1 0 0 -1 0 0 -1 0 0 -1 0 0 -1 0 0 -1 0 0 -1 0 0 -1 0 0 -1 0 0 -1 0 0 -1 0 0 -1 0 0 -1 0 0 -1 0 0 -1 0 0 -1 0 0 -1 0 0 -1 0 0 -1 0 0 -1 0 0 -1 0 0 -1 0 0 -1 0 0 -1 0 0 -1 0 0 -1 0 0 -1 0 0 -1 0 0 -1 0 0 -1 0 0 -1 0 0 -1 0 0 -1 0 0 -1 0 0 -1 0 0 -1 0 0 -1 0 0 -1 0 0 -1 0 0 -1 0 0 -1 0 0 -1 0 0 -1 0 0 -1 0 0 -1 0 0 -1 0 0 -1 0 0 -1 0 0 -1 0 0 -1 0 0 -1 0 0 -1 0 0 -1 0 0 -1 0 0 -1 0 0 0 1 0 0 1 0 0 1 0 0 1 0 0 1 0 0 1 0 0 1 0 0 1 0 0 1 0 0 1 0 0 0 -1 0 0 -1 0 0 -1 0 0 -1 0 0 -1 0 0 -1 0 0 -1 0 0 -1 0 0 -1 0 0 -1 0 0 -1 0 0 -1 0 0 -1 0 0 -1 0 0 -1 0 0 -1 0 0 -1 0 0 -1 0 0 -1 0 0 -1 0 0 -1 0 0 -1 0 0 -1 0 0 -1 0 0 -1 0 0 -1 0 0 -1 0 0 -1 0 0 -1 0 0 -1 0 0 -1 0 0 -1 0 0 -1 0 0 -1 0 0 -1 0 0 -1 0 0 -1 0 0 -1 0 0 -1 0 0 -1 0 0 -1 0 0 -1 0 0 -1 0 0 -1 0 0 -1 0 0 -1 0 0 -1 0 0 -1 0 0 -1 0 0 -1 0 0 -1 0 0 -1 0 0 -1 0 0 -1 0 0 -1 0 0 -1 0 0 -1 0 0 -1 0 0 -1 0 0 -1 0 0 -1 0 0 -1 0 0 -1 0 0 -1 0 0 -1 0 0 -1 0 0 -1 0 0 -1 0 0 -1 0 0 -1 0 0 -1 0 0 -1 0 0 -1 0 0 -1 0 0 -1 0 0 -1 0 0 -1 0 0 -1 0 0 -1 0 0 -1 0 0 -1 0 0 -1 0 0 -1 0 0 -1 0 0 -1 0 0 -1 0 0 -1 0 0 -1 0 0 -1 0 0 -1 0 1 0 0 1 0 0 1 0 0 1 0 0 0 1 0 0 1 0 0 1 0 0 1 0 0 1 0 0 1 0 -1 0 0 -1 0 0 -1 0 0 -1 0 0 0 -1 0 0 -1 0 0 -1 0 0 -1 -0.08715701 0.9961946 0 -0.08715701 0.9961946 0 -0.2588189 0.9659259 0 -0.2588189 0.9659259 0 -0.4226138 0.9063099 0 -0.4226138 0.9063099 0 -0.5735815 0.8191484 0 -0.5735815 0.8191484 0 -0.7071102 0.7071034 0 -0.7071102 0.7071034 0 -0.8191497 0.5735798 0 -0.8191497 0.5735798 0 -0.9063061 0.4226219 0 -0.9063061 0.4226219 0 -0.9659287 0.2588081 0 -0.9659287 0.2588081 0 -0.9961935 0.08716911 0 -0.9961935 0.08716911 0 -0.9961936 -0.08716851 0 -0.9961936 -0.08716851 0 -0.9659287 -0.2588081 0 -0.9659287 -0.2588081 0 -0.9063061 -0.4226219 0 -0.9063061 -0.4226219 0 -0.8191497 -0.5735798 0 -0.8191497 -0.5735798 0 -0.7071102 -0.7071034 0 -0.7071102 -0.7071034 0 -0.5735815 -0.8191484 0 -0.5735815 -0.8191484 0 -0.4226138 -0.9063099 0 -0.4226138 -0.9063099 0 -0.2588189 -0.9659259 0 -0.2588189 -0.9659259 0 -0.08715701 -0.9961946 0 -0.08715701 -0.9961946 0 0.08715468 -0.9961948 0 0.08715468 -0.9961948 0 0.2588189 -0.9659259 0 0.2588189 -0.9659259 0 0.4226138 -0.9063099 0 0.4226138 -0.9063099 0 0.5735815 -0.8191484 0 0.5735815 -0.8191484 0 0.7071102 -0.7071034 0 0.7071102 -0.7071034 0 0.8191497 -0.5735798 0 0.8191497 -0.5735798 0 0.9063061 -0.4226219 0 0.9063061 -0.4226219 0 0.9659287 -0.2588081 0 0.9659287 -0.2588081 0 0.9961936 -0.08716851 0 0.9961936 -0.08716851 0 0.9961935 0.08716911 0 0.9961935 0.08716911 0 0.9659287 0.2588081 0 0.9659287 0.2588081 0 0.9063061 0.4226219 0 0.9063061 0.4226219 0 0.8191497 0.5735798 0 0.8191497 0.5735798 0 0.7071102 0.7071034 0 0.7071102 0.7071034 0 0.5735815 0.8191484 0 0.5735815 0.8191484 0 0.4226138 0.9063099 0 0.4226138 0.9063099 0 0.2588189 0.9659259 0 0.2588189 0.9659259 0 0.08715468 0.9961948 0 0.08715468 0.9961948 0 -0.08715701 0.9961946 0 -0.08715701 0.9961946 0 -0.2588189 0.9659259 0 -0.2588189 0.9659259 0 -0.4226138 0.9063099 0 -0.4226138 0.9063099 0 -0.5735815 0.8191484 0 -0.5735815 0.8191484 0 -0.7071102 0.7071034 0 -0.7071102 0.7071034 0 -0.8191497 0.5735798 0 -0.8191497 0.5735798 0 -0.9063061 0.4226219 0 -0.9063061 0.4226219 0 -0.9659287 0.2588081 0 -0.9659287 0.2588081 0 -0.9961936 0.08716851 0 -0.9961936 0.08716851 0 -0.9961935 -0.08716911 0 -0.9961935 -0.08716911 0 -0.9659287 -0.2588081 0 -0.9659287 -0.2588081 0 -0.9063061 -0.4226219 0 -0.9063061 -0.4226219 0 -0.8191497 -0.5735798 0 -0.8191497 -0.5735798 0 -0.7071102 -0.7071034 0 -0.7071102 -0.7071034 0 -0.5735815 -0.8191484 0 -0.5735815 -0.8191484 0 -0.4226138 -0.9063099 0 -0.4226138 -0.9063099 0 -0.2588189 -0.9659259 0 -0.2588189 -0.9659259 0 -0.08715701 -0.9961946 0 -0.08715701 -0.9961946 0 0.08715468 -0.9961948 0 0.08715468 -0.9961948 0 0.2588189 -0.9659259 0 0.2588189 -0.9659259 0 0.4226138 -0.9063099 0 0.4226138 -0.9063099 0 0.5735815 -0.8191484 0 0.5735815 -0.8191484 0 0.7071102 -0.7071034 0 0.7071102 -0.7071034 0 0.8191497 -0.5735798 0 0.8191497 -0.5735798 0 0.9063061 -0.4226219 0 0.9063061 -0.4226219 0 0.9659287 -0.2588081 0 0.9659287 -0.2588081 0 0.9961935 -0.08716911 0 0.9961935 -0.08716911 0 0.9961936 0.08716851 0 0.9961936 0.08716851 0 0.9659287 0.2588081 0 0.9659287 0.2588081 0 0.9063061 0.4226219 0 0.9063061 0.4226219 0 0.8191497 0.5735798 0 0.8191497 0.5735798 0 0.7071102 0.7071034 0 0.7071102 0.7071034 0 0.5735815 0.8191484 0 0.5735815 0.8191484 0 0.4226138 0.9063099 0 0.4226138 0.9063099 0 0.2588189 0.9659259 0 0.2588189 0.9659259 0 0.08715468 0.9961948 0 0.08715468 0.9961948 0 0 0 1 0 0 1 0 0 1 0 0 1 0 0 1 0 0 -1 0 0 -1 0 0 -1 0 0 -1 0 0 -1 0 -1 0 0 -1 0 0 -0.9961947 0.08715581 0 -0.9961947 0.08715581 0 -0.9659258 0.2588189 0 -0.9659258 0.2588189 0 -0.9063075 0.4226189 0 -0.9063075 0.4226189 0 -0.8191497 0.5735799 0 -0.8191497 0.5735799 0 -0.7071135 0.7071001 0 -0.7071135 0.7071001 0 -0.5735708 0.819156 0 -0.5735708 0.819156 0 -0.4226193 0.9063073 0 -0.4226193 0.9063073 0 -0.2588222 0.965925 0 -0.2588222 0.965925 0 -0.08715581 0.9961947 0 -0.08715581 0.9961947 0 0.08715468 0.9961947 0 0.08715468 0.9961947 0 0.2588222 0.965925 0 0.2588222 0.965925 0 0.4226193 0.9063073 0 0.4226193 0.9063073 0 0.5735771 0.8191516 0 0.5735771 0.8191516 0 0.7071068 0.7071068 0 0.7071068 0.7071068 0 0.819156 0.5735708 0 0.819156 0.5735708 0 0.906305 0.4226244 0 0.906305 0.4226244 0 0.9659258 0.2588189 0 0.9659258 0.2588189 0 0.9961947 0.08715581 0 0.9961947 0.08715581 0 1 0 0 1 0 0 0.9961947 -0.08715468 0 0.9961947 -0.08715468 0 0.965925 -0.2588222 0 0.965925 -0.2588222 0 0.9063073 -0.4226193 0 0.9063073 -0.4226193 0 0.8191516 -0.5735771 0 0.8191516 -0.5735771 0 0.7071068 -0.7071068 0 0.7071068 -0.7071068 0 0.5735771 -0.8191516 0 0.5735771 -0.8191516 0 0.4226193 -0.9063073 0 0.4226193 -0.9063073 0 0.2588222 -0.965925 0 0.2588222 -0.965925 0 0.08715468 -0.9961947 0 0.08715468 -0.9961947 0 -0.08715581 -0.9961947 0 -0.08715581 -0.9961947 0 -0.2588222 -0.965925 0 -0.2588222 -0.965925 0 -0.4226193 -0.9063073 0 -0.4226193 -0.9063073 0 -0.5735708 -0.819156 0 -0.5735708 -0.819156 0 -0.7071135 -0.7071001 0 -0.7071135 -0.7071001 0 -0.8191453 -0.5735861 0 -0.8191453 -0.5735861 0 -0.9063099 -0.4226137 0 -0.9063099 -0.4226137 0 -0.965925 -0.2588222 0 -0.965925 -0.2588222 0 -0.9961947 -0.08715468 0 -0.9961947 -0.08715468 0 -1 0 0 -1 0 0 -0.9961947 0.08715581 0 -0.9961947 0.08715581 0 -0.9659258 0.2588189 0 -0.9659258 0.2588189 0 -0.906305 0.4226244 0 -0.906305 0.4226244 0 -0.819156 0.5735708 0 -0.819156 0.5735708 0 -0.7071068 0.7071068 0 -0.7071068 0.7071068 0 -0.5735771 0.8191516 0 -0.5735771 0.8191516 0 -0.4226193 0.9063073 0 -0.4226193 0.9063073 0 -0.2588222 0.965925 0 -0.2588222 0.965925 0 -0.08715468 0.9961947 0 -0.08715468 0.9961947 0 0.08715581 0.9961947 0 0.08715581 0.9961947 0 0.2588222 0.965925 0 0.2588222 0.965925 0 0.4226193 0.9063073 0 0.4226193 0.9063073 0 0.5735708 0.819156 0 0.5735708 0.819156 0 0.7071135 0.7071001 0 0.7071135 0.7071001 0 0.8191497 0.5735799 0 0.8191497 0.5735799 0 0.9063075 0.4226189 0 0.9063075 0.4226189 0 0.9659258 0.2588189 0 0.9659258 0.2588189 0 0.9961947 0.08715581 0 0.9961947 0.08715581 0 1 0 0 1 0 0 0.9961947 -0.08715468 0 0.9961947 -0.08715468 0 0.965925 -0.2588222 0 0.965925 -0.2588222 0 0.9063099 -0.4226137 0 0.9063099 -0.4226137 0 0.8191453 -0.5735861 0 0.8191453 -0.5735861 0 0.7071135 -0.7071001 0 0.7071135 -0.7071001 0 0.5735708 -0.819156 0 0.5735708 -0.819156 0 0.4226193 -0.9063073 0 0.4226193 -0.9063073 0 0.2588222 -0.965925 0 0.2588222 -0.965925 0 0.08715581 -0.9961947 0 0.08715581 -0.9961947 0 -0.08715468 -0.9961947 0 -0.08715468 -0.9961947 0 -0.2588222 -0.965925 0 -0.2588222 -0.965925 0 -0.4226193 -0.9063073 0 -0.4226193 -0.9063073 0 -0.5735771 -0.8191516 0 -0.5735771 -0.8191516 0 -0.7071068 -0.7071068 0 -0.7071068 -0.7071068 0 -0.8191516 -0.5735771 0 -0.8191516 -0.5735771 0 -0.9063073 -0.4226193 0 -0.9063073 -0.4226193 0 -0.965925 -0.2588222 0 -0.965925 -0.2588222 0 -0.9961947 -0.08715468 0 -0.9961947 -0.08715468 0 -1 0 0 -1 0 0 -0.9961947 0.08715581 0 -0.9961947 0.08715581 0 -0.9659258 0.2588189 0 -0.9659258 0.2588189 0 -0.9063075 0.4226189 0 -0.9063075 0.4226189 0 -0.8191528 0.5735753 0 -0.8191528 0.5735753 0 -0.7071102 0.7071035 0 -0.7071102 0.7071035 0 -0.5735708 0.819156 0 -0.5735708 0.819156 0 -0.4226219 0.9063062 0 -0.4226219 0.9063062 0 -0.2588205 0.9659254 0 -0.2588205 0.9659254 0 -0.08715581 0.9961947 0 -0.08715581 0.9961947 0 0.08715522 0.9961947 0 0.08715522 0.9961947 0 0.2588222 0.965925 0 0.2588222 0.965925 0 0.4226193 0.9063073 0 0.4226193 0.9063073 0 0.5735708 0.819156 0 0.5735708 0.819156 0 0.7071102 0.7071035 0 0.7071102 0.7071035 0 0.8191528 0.5735753 0 0.8191528 0.5735753 0 0.9063075 0.4226189 0 0.9063075 0.4226189 0 0.9659258 0.2588189 0 0.9659258 0.2588189 0 0.9961947 0.08715581 0 0.9961947 0.08715581 0 1 0 0 1 0 0 0.9961947 -0.08715468 0 0.9961947 -0.08715468 0 0.965925 -0.2588222 0 0.965925 -0.2588222 0 0.9063099 -0.4226137 0 0.9063099 -0.4226137 0 0.8191485 -0.5735816 0 0.8191485 -0.5735816 0 0.7071102 -0.7071035 0 0.7071102 -0.7071035 0 0.5735708 -0.819156 0 0.5735708 -0.819156 0 0.4226193 -0.9063073 0 0.4226193 -0.9063073 0 0.2588222 -0.965925 0 0.2588222 -0.965925 0 0.08715522 -0.9961947 0 0.08715522 -0.9961947 0 -0.08715581 -0.9961947 0 -0.08715581 -0.9961947 0 -0.2588205 -0.9659254 0 -0.2588205 -0.9659254 0 -0.4226219 -0.9063062 0 -0.4226219 -0.9063062 0 -0.5735708 -0.819156 0 -0.5735708 -0.819156 0 -0.7071102 -0.7071035 0 -0.7071102 -0.7071035 0 -0.8191485 -0.5735816 0 -0.8191485 -0.5735816 0 -0.9063099 -0.4226137 0 -0.9063099 -0.4226137 0 -0.965925 -0.2588222 0 -0.965925 -0.2588222 0 -0.9961947 -0.08715468 0 -0.9961947 -0.08715468 0 -1 0 0 -1 0 0 -0.9961947 0.08715581 0 -0.9961947 0.08715581 0 -0.9659258 0.2588189 0 -0.9659258 0.2588189 0 -0.9063075 0.4226189 0 -0.9063075 0.4226189 0 -0.8191528 0.5735753 0 -0.8191528 0.5735753 0 -0.7071102 0.7071035 0 -0.7071102 0.7071035 0 -0.5735708 0.819156 0 -0.5735708 0.819156 0 -0.4226193 0.9063073 0 -0.4226193 0.9063073 0 -0.2588222 0.965925 0 -0.2588222 0.965925 0 -0.08715522 0.9961947 0 -0.08715522 0.9961947 0 0.08715581 0.9961947 0 0.08715581 0.9961947 0 0.2588205 0.9659254 0 0.2588205 0.9659254 0 0.4226219 0.9063062 0 0.4226219 0.9063062 0 0.5735708 0.819156 0 0.5735708 0.819156 0 0.7071102 0.7071035 0 0.7071102 0.7071035 0 0.8191528 0.5735753 0 0.8191528 0.5735753 0 0.9063075 0.4226189 0 0.9063075 0.4226189 0 0.9659258 0.2588189 0 0.9659258 0.2588189 0 0.9961947 0.08715581 0 0.9961947 0.08715581 0 1 0 0 1 0 0 0.9961947 -0.08715468 0 0.9961947 -0.08715468 0 0.965925 -0.2588222 0 0.965925 -0.2588222 0 0.9063099 -0.4226137 0 0.9063099 -0.4226137 0 0.8191485 -0.5735816 0 0.8191485 -0.5735816 0 0.7071102 -0.7071035 0 0.7071102 -0.7071035 0 0.5735708 -0.819156 0 0.5735708 -0.819156 0 0.4226219 -0.9063062 0 0.4226219 -0.9063062 0 0.2588205 -0.9659254 0 0.2588205 -0.9659254 0 0.08715581 -0.9961947 0 0.08715581 -0.9961947 0 -0.08715522 -0.9961947 0 -0.08715522 -0.9961947 0 -0.2588222 -0.965925 0 -0.2588222 -0.965925 0 -0.4226193 -0.9063073 0 -0.4226193 -0.9063073 0 -0.5735708 -0.819156 0 -0.5735708 -0.819156 0 -0.7071102 -0.7071035 0 -0.7071102 -0.7071035 0 -0.8191485 -0.5735816 0 -0.8191485 -0.5735816 0 -0.9063099 -0.4226137 0 -0.9063099 -0.4226137 0 -0.965925 -0.2588222 0 -0.965925 -0.2588222 0 -0.9961947 -0.08715468 0 -0.9961947 -0.08715468 0 -0.3420202 -0.9396926 0 -0.3420202 -0.9396926 0 -0.3420202 0.9396926 0 -0.3420202 0.9396926 0 0.3420199 -0.9396927 0 0.3420199 -0.9396927 0 -0.3420199 -0.9396927 0 -0.3420199 -0.9396927 0 0.3420202 0.9396926 0 0.3420202 0.9396926 0 0.3420202 -0.9396926 0 0.3420202 -0.9396926 0 -0.3420203 0.9396925 0 -0.3420203 0.9396925 0 0.3420203 0.9396925 0 0.3420203 0.9396925 0 0.6427876 0.7660445 0 0.6427876 0.7660445 0 0.6427876 -0.7660445 0 0.6427876 -0.7660445 0 -0.6427876 0.7660444 0 -0.6427876 0.7660444 0 0.6427876 0.7660444 0 0.6427876 0.7660444 0 -0.6427876 -0.7660445 0 -0.6427876 -0.7660445 0 -0.6427876 0.7660445 0 -0.6427876 0.7660445 0 0.6427876 -0.7660445 0 0.6427876 -0.7660445 0 -0.6427876 -0.7660445 0 -0.6427876 -0.7660445 0 -0.5814912 -0.8135527 0 -0.5814912 -0.8135527 0 -0.4488071 -0.8936287 0 -0.4488071 -0.8936287 0 -0.3053128 -0.9522522 0 -0.3053128 -0.9522522 0 -0.1545302 -0.9879881 0 -0.1545302 -0.9879881 0 0 -1 0 0 -1 0 0.1545302 -0.9879881 0 0.1545302 -0.9879881 0 0.3053128 -0.9522522 0 0.3053128 -0.9522522 0 0.4488071 -0.8936287 0 0.4488071 -0.8936287 0 0.5814912 -0.8135527 0 0.5814912 -0.8135527 0 0.7071121 -0.7071014 0 0.7071121 -0.7071014 0 0.8191502 -0.5735791 0 0.8191502 -0.5735791 0 0.9063065 -0.4226212 0 0.9063065 -0.4226212 0 0.9659258 -0.2588191 0 0.9659258 -0.2588191 0 0.9961948 -0.08715552 0 0.9961948 -0.08715552 0 0.9961946 0.08715736 0 0.9961946 0.08715736 0 0.9659258 0.2588191 0 0.9659258 0.2588191 0 0.9063065 0.4226212 0 0.9063065 0.4226212 0 0.8191572 0.5735691 0 0.8191572 0.5735691 0 0.7071014 0.7071121 0 0.7071014 0.7071121 0 -0.7071014 0.7071121 0 -0.7071014 0.7071121 0 -0.8191572 0.5735691 0 -0.8191572 0.5735691 0 -0.9063065 0.4226212 0 -0.9063065 0.4226212 0 -0.9659258 0.2588191 0 -0.9659258 0.2588191 0 -0.9961946 0.08715736 0 -0.9961946 0.08715736 0 -0.9961948 -0.08715552 0 -0.9961948 -0.08715552 0 -0.9659258 -0.2588191 0 -0.9659258 -0.2588191 0 -0.9063065 -0.4226212 0 -0.9063065 -0.4226212 0 -0.8191502 -0.5735791 0 -0.8191502 -0.5735791 0 -0.7071121 -0.7071014 0 -0.7071121 -0.7071014 0 0.5814912 0.8135527 0 0.5814912 0.8135527 0 0.4487879 0.8936383 0 0.4487879 0.8936383 0 0.3053346 0.9522451 0 0.3053346 0.9522451 0 0.1545068 0.9879917 0 0.1545068 0.9879917 0 0 1 0 0 1 0 -0.1545068 0.9879917 0 -0.1545068 0.9879917 0 -0.3053346 0.9522451 0 -0.3053346 0.9522451 0 -0.4487879 0.8936383 0 -0.4487879 0.8936383 0 -0.5814912 0.8135527 0 -0.5814912 0.8135527 0 -0.2756453 -0.9612595 0 -0.2756453 -0.9612595 0 -0.1391714 -0.9902682 0 -0.1391714 -0.9902682 0 0 -1 0 0 -1 0 0.1391714 -0.9902682 0 0.1391714 -0.9902682 0 0.2756453 -0.9612595 0 0.2756453 -0.9612595 0 0.4226203 -0.9063068 0 0.4226203 -0.9063068 0 0.5735703 -0.8191564 0 0.5735703 -0.8191564 0 0.7071121 -0.7071014 0 0.7071121 -0.7071014 0 0.8191496 -0.57358 0 0.8191496 -0.57358 0 0.9063065 -0.4226212 0 0.9063065 -0.4226212 0 0.9659258 -0.2588191 0 0.9659258 -0.2588191 0 0.9961948 -0.0871542 0 0.9961948 -0.0871542 0 0.9961947 0.08715605 0 0.9961947 0.08715605 0 0.9659258 0.2588191 0 0.9659258 0.2588191 0 0.9063065 0.4226212 0 0.9063065 0.4226212 0 0.8191566 0.57357 0 0.8191566 0.57357 0 0.7071014 0.7071121 0 0.7071014 0.7071121 0 0.5735846 0.8191463 0 0.5735846 0.8191463 0 0.4226203 0.9063068 0 0.4226203 0.9063068 0 -0.4226203 0.9063068 0 -0.4226203 0.9063068 0 -0.5735846 0.8191463 0 -0.5735846 0.8191463 0 -0.7071014 0.7071121 0 -0.7071014 0.7071121 0 -0.8191566 0.57357 0 -0.8191566 0.57357 0 -0.9063065 0.4226212 0 -0.9063065 0.4226212 0 -0.9659258 0.2588191 0 -0.9659258 0.2588191 0 -0.9961947 0.08715605 0 -0.9961947 0.08715605 0 -0.9961948 -0.0871542 0 -0.9961948 -0.0871542 0 -0.9659258 -0.2588191 0 -0.9659258 -0.2588191 0 -0.9063065 -0.4226212 0 -0.9063065 -0.4226212 0 -0.8191496 -0.57358 0 -0.8191496 -0.57358 0 -0.7071121 -0.7071014 0 -0.7071121 -0.7071014 0 -0.5735703 -0.8191564 0 -0.5735703 -0.8191564 0 -0.4226203 -0.9063068 0 -0.4226203 -0.9063068 0 0.2756205 0.9612665 0 0.2756205 0.9612665 0 0.1391714 0.9902682 0 0.1391714 0.9902682 0 0 1 0 0 1 0 -0.1391714 0.9902682 0 -0.1391714 0.9902682 0 -0.2756205 0.9612665 0 -0.2756205 0.9612665 0 -0.7071121 -0.7071014 0 -0.7071121 -0.7071014 0 -0.8191521 -0.5735764 0 -0.8191521 -0.5735764 0 -0.9063054 -0.4226233 0 -0.9063054 -0.4226233 0 -0.9659258 -0.2588191 0 -0.9659258 -0.2588191 0 -0.9961947 -0.08715683 0 -0.9961947 -0.08715683 0 -0.9961944 0.08715873 0 -0.9961944 0.08715873 0 -0.9659258 0.2588191 0 -0.9659258 0.2588191 0 -0.9063054 0.4226233 0 -0.9063054 0.4226233 0 -0.8191592 0.5735663 0 -0.8191592 0.5735663 0 -0.7071014 0.7071121 0 -0.7071014 0.7071121 0 -0.5735846 0.8191463 0 -0.5735846 0.8191463 0 -0.4226017 0.9063155 0 -0.4226017 0.9063155 0 -0.258829 0.9659232 0 -0.258829 0.9659232 0 -0.08715295 0.9961949 0 -0.08715295 0.9961949 0 0.08715295 0.9961949 0 0.08715295 0.9961949 0 0.258829 0.9659232 0 0.258829 0.9659232 0 0.4226017 0.9063155 0 0.4226017 0.9063155 0 0.5735846 0.8191463 0 0.5735846 0.8191463 0 0.7071014 0.7071121 0 0.7071014 0.7071121 0 0.8191592 0.5735663 0 0.8191592 0.5735663 0 0.9063054 0.4226233 0 0.9063054 0.4226233 0 0.9659258 0.2588191 0 0.9659258 0.2588191 0 0.9961944 0.08715873 0 0.9961944 0.08715873 0 0.9961947 -0.08715683 0 0.9961947 -0.08715683 0 0.9659258 -0.2588191 0 0.9659258 -0.2588191 0 0.9063054 -0.4226233 0 0.9063054 -0.4226233 0 0.8191521 -0.5735764 0 0.8191521 -0.5735764 0 0.7071121 -0.7071014 0 0.7071121 -0.7071014 0 -0.7071068 0.7071068 0 -0.7071068 0.7071068 0 -0.8191556 0.5735713 0 -0.8191556 0.5735713 0 -0.9063073 0.4226193 0 -0.9063073 0.4226193 0 -0.9659258 0.2588191 0 -0.9659258 0.2588191 0 -0.9961944 0.08715873 0 -0.9961944 0.08715873 0 -0.9961946 -0.08715778 0 -0.9961946 -0.08715778 0 -0.9659258 -0.2588191 0 -0.9659258 -0.2588191 0 -0.9063054 -0.4226233 0 -0.9063054 -0.4226233 0 -0.8191521 -0.5735764 0 -0.8191521 -0.5735764 0 -0.7071121 -0.7071014 0 -0.7071121 -0.7071014 0 -0.5735703 -0.8191564 0 -0.5735703 -0.8191564 0 -0.4226193 -0.9063073 0 -0.4226193 -0.9063073 0 -0.258829 -0.9659232 0 -0.258829 -0.9659232 0 -0.08715295 -0.9961949 0 -0.08715295 -0.9961949 0 0.08715295 -0.9961949 0 0.08715295 -0.9961949 0 0.258829 -0.9659232 0 0.258829 -0.9659232 0 0.4226193 -0.9063073 0 0.4226193 -0.9063073 0 0.5735703 -0.8191564 0 0.5735703 -0.8191564 0 0.7071121 -0.7071014 0 0.7071121 -0.7071014 0 0.8191521 -0.5735764 0 0.8191521 -0.5735764 0 0.9063054 -0.4226233 0 0.9063054 -0.4226233 0 0.9659258 -0.2588191 0 0.9659258 -0.2588191 0 0.9961946 -0.08715778 0 0.9961946 -0.08715778 0 0.9961944 0.08715873 0 0.9961944 0.08715873 0 0.9659258 0.2588191 0 0.9659258 0.2588191 0 0.9063073 0.4226193 0 0.9063073 0.4226193 0 0.8191556 0.5735713 0 0.8191556 0.5735713 0 0.7071068 0.7071068 0 0.7071068 0.7071068 0 0.4226193 0.9063073 0 0.4226193 0.9063073 0 0.5735703 0.8191564 0 0.5735703 0.8191564 0 0.7071121 0.7071014 0 0.7071121 0.7071014 0 0.8191521 0.5735764 0 0.8191521 0.5735764 0 0.9063054 0.4226233 0 0.9063054 0.4226233 0 0.9659258 0.2588191 0 0.9659258 0.2588191 0 0.9961947 0.08715683 0 0.9961947 0.08715683 0 0.9961944 -0.08715873 0 0.9961944 -0.08715873 0 0.9659258 -0.2588191 0 0.9659258 -0.2588191 0 0.9063054 -0.4226233 0 0.9063054 -0.4226233 0 0.8191592 -0.5735663 0 0.8191592 -0.5735663 0 0.7071014 -0.7071121 0 0.7071014 -0.7071121 0 0.5735846 -0.8191463 0 0.5735846 -0.8191463 0 0.4226017 -0.9063155 0 0.4226017 -0.9063155 0 0.258829 -0.9659232 0 0.258829 -0.9659232 0 0.08715295 -0.9961949 0 0.08715295 -0.9961949 0 -0.08715295 -0.9961949 0 -0.08715295 -0.9961949 0 -0.258829 -0.9659232 0 -0.258829 -0.9659232 0 -0.4226017 -0.9063155 0 -0.4226017 -0.9063155 0 -0.5735846 -0.8191463 0 -0.5735846 -0.8191463 0 -0.7071014 -0.7071121 0 -0.7071014 -0.7071121 0 -0.8191592 -0.5735663 0 -0.8191592 -0.5735663 0 -0.9063054 -0.4226233 0 -0.9063054 -0.4226233 0 -0.9659258 -0.2588191 0 -0.9659258 -0.2588191 0 -0.9961944 -0.08715873 0 -0.9961944 -0.08715873 0 -0.9961947 0.08715683 0 -0.9961947 0.08715683 0 -0.9659258 0.2588191 0 -0.9659258 0.2588191 0 -0.9063054 0.4226233 0 -0.9063054 0.4226233 0 -0.8191521 0.5735764 0 -0.8191521 0.5735764 0 -0.7071121 0.7071014 0 -0.7071121 0.7071014 0 -0.5735703 0.8191564 0 -0.5735703 0.8191564 0 -0.4226193 0.9063073 0 -0.4226193 0.9063073 0 -0.08715295 0.9961949 0 -0.08715295 0.9961949 0 -0.258829 0.9659232 0 -0.258829 0.9659232 0 -0.4226193 0.9063073 0 -0.4226193 0.9063073 0 -0.5735703 0.8191564 0 -0.5735703 0.8191564 0 -0.7071121 0.7071014 0 -0.7071121 0.7071014 0 -0.8191521 0.5735764 0 -0.8191521 0.5735764 0 -0.9063054 0.4226233 0 -0.9063054 0.4226233 0 -0.9659258 0.2588191 0 -0.9659258 0.2588191 0 -0.9961947 0.08715683 0 -0.9961947 0.08715683 0 -0.9961944 -0.08715873 0 -0.9961944 -0.08715873 0 -0.9659258 -0.2588191 0 -0.9659258 -0.2588191 0 -0.9063092 -0.4226152 0 -0.9063092 -0.4226152 0 -0.8191521 -0.5735764 0 -0.8191521 -0.5735764 0 -0.7071014 -0.7071121 0 -0.7071014 -0.7071121 0 -0.5735846 -0.8191463 0 -0.5735846 -0.8191463 0 -0.4226193 -0.9063073 0 -0.4226193 -0.9063073 0 0.4226193 -0.9063073 0 0.4226193 -0.9063073 0 0.5735846 -0.8191463 0 0.5735846 -0.8191463 0 0.7071014 -0.7071121 0 0.7071014 -0.7071121 0 0.8191521 -0.5735764 0 0.8191521 -0.5735764 0 0.9063092 -0.4226152 0 0.9063092 -0.4226152 0 0.9659258 -0.2588191 0 0.9659258 -0.2588191 0 0.9961944 -0.08715873 0 0.9961944 -0.08715873 0 0.9961947 0.08715683 0 0.9961947 0.08715683 0 0.9659258 0.2588191 0 0.9659258 0.2588191 0 0.9063054 0.4226233 0 0.9063054 0.4226233 0 0.8191521 0.5735764 0 0.8191521 0.5735764 0 0.7071121 0.7071014 0 0.7071121 0.7071014 0 0.5735703 0.8191564 0 0.5735703 0.8191564 0 0.4226193 0.9063073 0 0.4226193 0.9063073 0 0.258829 0.9659232 0 0.258829 0.9659232 0 0.08715295 0.9961949 0 0.08715295 0.9961949 0 -0.996195 -0.08715265 0 -0.996195 -0.08715265 0 -0.9659253 -0.258821 0 -0.9659253 -0.258821 0 -0.9063085 -0.4226166 0 -0.9063085 -0.4226166 0 -0.81915 -0.5735793 0 -0.81915 -0.5735793 0 -0.7071089 -0.7071046 0 -0.7071089 -0.7071046 0 -0.5735766 -0.8191519 0 -0.5735766 -0.8191519 0 -0.4226166 -0.9063085 0 -0.4226166 -0.9063085 0 -0.258821 -0.9659253 0 -0.258821 -0.9659253 0 -0.08715265 -0.996195 0 -0.08715265 -0.996195 0 0.996195 -0.08715265 0 0.996195 -0.08715265 0 0.9659253 -0.258821 0 0.9659253 -0.258821 0 0.9063085 -0.4226166 0 0.9063085 -0.4226166 0 0.81915 -0.5735793 0 0.81915 -0.5735793 0 0.7071089 -0.7071046 0 0.7071089 -0.7071046 0 0.5735766 -0.8191519 0 0.5735766 -0.8191519 0 0.4226166 -0.9063085 0 0.4226166 -0.9063085 0 0.258821 -0.9659253 0 0.258821 -0.9659253 0 0.08715265 -0.996195 0 0.08715265 -0.996195 0 -0.996195 0.08715265 0 -0.996195 0.08715265 0 -0.9659253 0.258821 0 -0.9659253 0.258821 0 -0.9063085 0.4226166 0 -0.9063085 0.4226166 0 -0.81915 0.5735793 0 -0.81915 0.5735793 0 -0.7071089 0.7071046 0 -0.7071089 0.7071046 0 -0.5735765 0.819152 0 -0.5735765 0.819152 0 -0.4226166 0.9063085 0 -0.4226166 0.9063085 0 -0.258821 0.9659253 0 -0.258821 0.9659253 0 -0.08715265 0.996195 0 -0.08715265 0.996195 0 0.996195 0.08715265 0 0.996195 0.08715265 0 0.9659253 0.258821 0 0.9659253 0.258821 0 0.9063085 0.4226166 0 0.9063085 0.4226166 0 0.81915 0.5735793 0 0.81915 0.5735793 0 0.7071089 0.7071046 0 0.7071089 0.7071046 0 0.5735765 0.819152 0 0.5735765 0.819152 0 0.4226166 0.9063085 0 0.4226166 0.9063085 0 0.258821 0.9659253 0 0.258821 0.9659253 0 0.08715265 0.996195 0 0.08715265 0.996195 0 0 -1 0 0 -1 0 0 -1 0 0 -1 0 0 -1 0 0 -1 0 0 -1 0 0 -1 0 0 -1 0 0 -1 0 0 -1 0 0 -1 0 0 -1 0 0 -1 0 0 -1 0 0 -1 0 0 -1 0 0 -1 0 0 -1 0 0 -1 0 0 -1 0 0 -1 0 0 -1 0 0 -1 0 0 -1 0 0 -1 0 0 -1 0 0 -1 0 0 -1 0 0 -1 0 0 -1 0 0 -1 0 0 -1 0 0 -1 0 0 -1 0 0 -1 0 0 -1 0 0 -1 0 0 -1 0 0 -1 0 0 -1 0 0 -1 0 0 -1 0 0 -1 0 0 -1 0 0 -1 0 0 -1 0 0 -1 0 0 -1 0 0 -1 0 0 -1 0 0 -1 0 0 -1 0 0 -1 0 0 -1 0 0 -1 0 0 -1 0 0 -1 0 0 -1 0 0 -1 0 0 -1 0 0 -1 0 0 -1 0 0 -1 0 0 -1 0 0 -1 0 0 -1 0 0 -1 0 0 -1 0 0 -1 0 0 -1 0 0 -1 0 0 -1 0 0 -1 0 0 -1 0 0 -1 0 0 -1 0 0 -1 0 0 -1 0 0 -1 0 0 -1 0 0 -1 0 0 -1 0 0 -1 0 0 -1 0 0 -1 0 0 -1 0 0 -1 0 0 -1 0 0 -1 0 0 -1 0 0 -1 0 0 -1 0 0 -1 0 0 -1 0 0 -1 0 0 -1 0 0 -1 0 0 -1 0 0 -1 0 0 -1 0 0 -1 0 0 -1 0 0 -1 0 0 -1 0 0 -1 0 0 -1 0 0 -1 0 0 -1 0 0 -1 0 0 -1 0 0 -1 0 0 -1 0 0 -1 0 0 -1 0 0 -1 0 0 -1 0 0 -1 0 0 -1 0 0 -1 0 0 -1 0 0 -1 0 0 -1 0 0 -1 0 0 -1 0 0 -1 0 0 -1 0 0 -1 0 0 -1 0 0 -1 0 0 -1 0 0 -1 0 0 -1 0 0 -1 0 0 -1 0 0 -1 0 0 -1 0 0 -1 0 0 -1 0 0 -1 0 0 -1 0 0 -1 0 0 -1 0 0 -1 0 0 -1 0 0 -1 0 0 -1 0 0 -1 0 0 -1 0 0 -1 0 0 -1 0 0 -1 0 0 -1 0 0 -1 0 0 -1 0 0 -1 0 0 -1 0 0 -1 0 0 -1 0 0 -1 0 0 -1 0 0 -1 0 0 -1 0 0 -1 0 0 -1 0 0 -1 0 0 -1 0 0 -1 0 0 -1 0 0 -1 0 0 -1 0 0 -1 0 0 -1 0 0 -1 0 0 -1 0 0 -1 0 0 -1 0 0 -1 0 0 -1 0 0 -1 0 0 -1 0 0 -1 0 0 -1 0 0 -1 0 0 -1 0 0 -1 0 0 -1 0 0 -1 0 0 -1 0 0 -1 0 0 -1 0 0 -1 0 0 -1 0 0 -1 0 0 -1 0 0 -1 0 0 -1 0 0 -1 0 0 -1 0 0 -1 0 0 -1 0 0 -1 0 0 -1 0 0 -1 0 0 -1 0 0 -1 0 0 -1 0 0 -1 0 0 -1 0 0 -1 0 0 -1 0 0 -1 0 0 -1 0 0 -1 0 0 -1 0 0 -1 0 0 -1 0 0 -1 0 0 -1 0 0 -1 0 0 -1 0 0 -1 0 0 -1 0 0 -1 0 0 -1 0 0 -1 0 0 -1 0 0 -1 0 0 -1 0 0 -1 0 0 -1 0 0 -1 0 0 -1 0 0 -1 0 0 -1 0 0 -1 0 0 -1 0 0 -1 0 0 -1 0 0 -1 0 0 -1 0 0 -1 0 0 -1 0 0 -1 0 0 -1 0 0 -1 0 0 -1 0 0 -1 0 0 -1 0 0 -1 0 0 -1 0 0 -1 0 0 -1 0 0 -1 0 0 -1 0 0 -1 0 0 -1 0 0 -1 0 0 -1 0 0 -1 0 0 -1 0 0 -1 0 0 -1 0 0 -1 0 0 -1 0 0 -1 0 0 -1 0 0 -1 0 0 -1 0 0 -1 0 0 -1 0 0 -1 0 0 -1 0 0 -1 0 0 -1 0 0 -1 0 0 -1 0 0 -1 0 0 -1 0 0 -1 0 0 -1 0 0 -1 0 0 -1 0 0 -1 0 0 -1 0 0 -1 0 0 -1 0 0 -1 0 0 -1 0 0 -1 0 0 -1 0 0 -1 0 0 -1 0 0 -1 0 0 -1 0 0 -1 0 0 -1 0 0 -1 0 0 -1 0 0 -1 0 0 -1 0 0 -1 0 0 -1 0 0 -1 0 0 -1 0 0 -1 0 0 -1 0 0 -1 0 0 -1 0 0 -1 0 0 -1 0 0 -1 0 0 -1 0 0 -1 0 0 -1 0 0 -1 0 0 -1 0 0 -1 0 0 -1 0 0 -1 0 0 -1 0 0 -1 0 0 -1 0 0 -1 0 0 -1 0 0 -1 0 0 -1 0 0 -1 0 0 -1 0 0 -1 0 0 -1 0 0 -1 0 0 -1 0 0 -1 0 0 -1 0 0 -1 0 0 -1 0 0 -1 0 0 -1 0 0 -1 0 0 -1 0 0 -1 0 0 -1 0 0 -1 0 0 -1 0 0 -1 0 0 -1 0 0 -1 0 0 -1 0 0 -1 0 0 -1 0 0 -1 0 0 -1 0 0 -1 0 0 -1 0 0 -1 0 0 -1 0 0 -1 0 0 -1 0 0 -1 0 0 -1 0 0 -1 0 0 -1 0 0 -1 0 0 -1 0 0 -1 0 0 -1 0 0 -1 0 0 -1 0 0 -1 0 0 -1 0 0 -1 0 0 -1 0 0 -1 0 0 -1 0 0 -1 0 0 -1 0 0 -1 0 0 -1 0 0 -1 0 0 -1 0 0 -1 0 0 -1 0 0 -1 0 0 -1 0 0 -1 0 0 -1 0 0 -1 0 0 -1 0 0 -1 0 0 -1 0 0 -1 0 0 -1 0 0 -1 0 0 -1 0 0 -1 0 0 -1 0 0 -1 0 0 -1 0 0 -1 0 0 -1 0 0 -1 0 0 -1 0 0 -1 0 0 -1 0 0 -1 0 0 -1 0 0 -1 0 0 -1 0 0 -1 0 0 -1 0 0 -1 0 0 -1 0 0 -1 0 0 -1 0 0 -1 0 0 -1 0 0 -1 0 0 -1 0 0 -1 0 0 -1 0 0 -1 0 0 -1 0 0 -1 0 0 -1 0 0 -1 0 0 -1 0 0 -1 0 0 -1 0 0 -1 0 0 -1 0 0 -1 0 0 -1 0 0 -1 0 0 -1 0 0 -1 0 0 -1 0 0 -1 0 0 -1 0 0 -1 0 0 -1 0 0 -1 0 0 -1 0 0 -1 0 0 -1 0 0 -1 0 0 -1 0 0 -1 0 0 -1 0 0 -1 0 0 -1 0 0 -1 0 0 -1 0 0 -1 0 0 -1 0 0 -1 0 0 -1 0 0 -1 0 0 -1 0 0 -1 0 0 -1 0 0 -1 0 0 -1 0 0 -1 0 0 -1 0 0 -1 0 0 -1 0 0 -1 0 0 -1 0 0 -1 0 0 -1 0 0 -1 0 0 -1 0 0 -1 0 0 -1 0 0 -1 0 0 -1 0 0 -1 0 0 -1 0 0 -1 0 0 -1 0 0 -1 0 0 -1 0 0 -1 0 0 -1 0 0 -1 0 0 -1 0 0 -1 0 0 -1 0 0 -1 0 0 -1 0 0 -1 0 0 -1 0 0 -1 0 0 -1 0 0 -1 0 0 -1 0 0 -1 0 0 -1 0 0 -1 0 0 -1 0 0 -1 0 0 -1 0 0 -1 0 0 -1 0 0 -1 0 0 -1 0 0 -1 0 0 -1 0 0 -1 0 0 -1 0 0 -1 0 0 -1 0 0 -1 0 0 -1 0 0 -1 0 0 -1 0 0 -1 0 0 -1 0 0 -1 0 0 -1 0 0 -1 0 0 -1 0 0 -1 0 0 -1 0 0 -1 0 0 -1 0 0 -1 0 0 -1 0 0 -1 0 0 -1 0 0 -1 0 0 -1 0 0 -1 0 0 -1 0 0 -1 0 0 -1 0 0 -1 0 0 -1 0 0 -1 0 0 -1 0 0 -1 0 0 -1 0 0 -1 0 0 -1 0 0 -1 0 0 -1 0 0 -1 0 0 -1 0 0 -1 0 0 -1 0 0 -1 0 0 -1 0 0 -1 0 0 -1 0 0 -1 0 0 -1 0 0 -1 0 0 -1 0 0 -1 0 0 -1 0 0 -1 0 0 -1 0 0 -1 0 0 -1 0 0 -1 0 0 -1 0 0 -1 0 0 -1 0 0 -1 0 0 -1 0 0 -1 0 0 -1 0 0 -1 0 0 -1 0 0 -1 0 0 -1 0 0 -1 0 0 -1 0 0 -1 0 0 -1 0 0 -1 0 0 -1 0 0 -1 0 0 -1 0 0 -1 0 0 -1 0 0 -1 0 0 -1 0 0 -1 0 0 -1 0 0 -1 0 0 -1 0 0 -1 0 0 -1 0 0 -1 0 0 -1 0 0 -1 0 0 -1 0 0 -1 0 0 -1 0 0 -1 0 0 -1 0 0 -1 0 0 -1 0 0 -1 0 0 -1 0 0 -1 0 0 -1 0 0 -1 0 0 -1 0 0 -1 0 0 -1 0 0 -1 0 0 -1 0 0 -1 0 0 -1 0 0 -1 0 0 -1 0 0 -1 0 0 -1 0 0 -1 0 0 -1 0 0 -1 0 0 -1 0 0 -1 0 0 -1 0 0 -1 0 0 -1 0 0 -1 0 0 -1 0 0 -1 0 0 -1 0 0 -1 0 0 -1 0 0 -1 0 0 -1 0 0 -1 0 0 -1 0 0 -1 0 0 -1 0 0 -1 0 0 -1 0 0 -1 0 0 -1 0 0 -1 0 0 -1 0 0 -1 0 0 -1 0 0 -1 0 0 -1 0 0 -1 0 0 -1 0 0 -1 0 0 -1 0 0 -1 0 0 -1 0 0 -1 0 0 -1 0 0 -1 0 0 -1 0 0 -1 0 0 -1 0 0 -1 0 0 -1 0 0 -1 0 0 -1 0 0 -1 0 0 -1 0 0 -1 0 0 -1 0 0 -1 0 0 -1 0 0 -1 0 0 -1 0 0 -1 0 0 -1 0 0 -1 0 0 -1 0 0 -1 0 0 -1 0 0 -1 0 0 -1 0 0 -1 0 0 -1 0 0 -1 0 0 -1 0 0 -1 0 0 -1 0 0 -1 0 0 -1 0 0 -1 0 0 -1 0 0 -1 0 0 -1 0 0 -1 0 0 -1 0 0 -1 0 0 -1 0 0 -1 0 0 -1 0 0 -1 0 0 -1 0 0 -1 0 0 -1 0 0 -1 0 0 -1 0 0 -1 0 0 -1 0 0 -1 0 0 -1 0 0 -1 0 0 -1 0 0 -1 0 0 -1 0 0 -1 0 0 -1 0 0 -1 0 0 -1 0 0 -1 0 0 -1 0 0 -1 0 0 -1 0 0 -1 0 0 -1 0 0 -1 0 0 -1 0 0 -1 0 0 -1 0 0 -1 0 0 -1 0 0 -1 0 0 -1 0 0 -1 0 0 -1 0 0 -1 0 0 -1 0 0 -1 0 0 -1 0 0 -1 0 0 -1 0 0 -1 0 0 -1 0 0 -1 0 0 -1 0 0 -1 0 0 -1 0 0 -1 0 0 -1 0 0 -1 0 0 -1 0 0 -1 0 0 -1 0 0 -1 0 0 -1 0 0 -1 0 0 -1 0 0 -1 0 0 -1 0 0 -1 0 0 -1 0 0 -1 0 0 -1 0 0 -1 0 0 -1 0 0 -1 0 0 -1 0 0 -1 0 0 -1 0 0 -1 0 0 -1 0 0 -1 0 0 -1 0 0 -1 0 0 -1 0 0 -1 0 0 -1 0 0 -1 0 0 -1 0 0 -1 0 0 -1 0 0 -1 0 0 -1 0 0 -1 0 0 -1 0 0 -1 0 0 -1 0 0 -1 0 0 -1 0 0 -1 0 0 -1 0 0 -1 0 0 -1 0 0 -1 0 0 -1 0 0 -1 0 0 -1 0 0 -1 0 0 -1 0 0 -1 0 0 -1 0 0 -1 0 0 -1 0 0 -1 0 0 -1 0 0 -1 0 0 -1 0 0 -1 0 0 -1 0 0 -1 0 0 -1 0 0 -1 0 0 -1 0 0 -1 0 0 -1 0 0 -1 0 0 -1 0 0 -1 0 0 -1 0 0 -1 0 0 -1 0 0 -1 0 0 -1 0 0 -1 0 0 -1 0 0 -1 0 0 -1 0 0 -1 0 0 -1 0 0 -1 0 0 -1 0 0 -1 0 0 -1 0 0 -1 0 0 -1 0 0 -1 0 0 -1 0 0 -1 0 0 -1 0 0 -1 0 0 -1 0 0 -1 0 0 -1 0 0 -1 0 0 -1 0 0 -1 0 0 -1 0 0 -1 0 0 -1 0 0 -1 0 0 -1 0 0 -1 0 0 -1 0 0 -1 0 0 -1 0 0 -1 0 0 -1 0 0 -1 0 0 -1 0 0 -1 0 0 -1 0 0 -1 0 0 -1 0 0 -1 0 0 -1 0 0 -1 0 0 -1 0 0 -1 0 0 -1 0 0 -1 0 0 -1 0 0 -1 0 0 -1 0 0 -1 0 0 -1 0 0 -1 0 0 -1 0 0 -1 0 0 -1 0 0 -1 0 0 -1 0 0 -1 0 0 -1 0 0 -1 0 0 -1 0 0 -1 0 0 -1 0 0 -1 0 0 -1 0 0 -1 0 0 -1 0 0 -1 0 0 -1 0 0 -1 0 0 -1 0 0 -1 0 0 -1 0 0 -1 0 0 -1 0 0 -1 0 0 -1 0 0 -1 0 0 -1 0 0 -1 0 0 -1 0 0 -1 0 0 -1 0 0 -1 0 0 -1 0 0 -1 0 0 -1 0 0 -1 0 0 -1 0 0 -1 0 0 -1 0 0 -1 0 0 -1 0 0 -1 0 0 -1 0 0 -1 0 0 -1 0 0 -1 0 0 -1 0 0 -1 0 0 -1 0 0 -1 0 0 -1 0 0 -1 0 0 -1 0 0 -1 0 0 -1 0 0 -1 0 0 -1 0 0 -1 0 0 -1 0 0 -1 0 0 -1 0 0 -1 0 0 -1 0 0 -1 0 0 -1 0 0 -1 0 0 -1 0 0 -1 0 0 -1 0 0 -1 0 0 -1 0 0 -1 0 0 -1 0 0 -1 0 0 -1 0 0 -1 0 0 -1 0 0 -1 0 0 -1 0 0 -1 0 0 -1 0 0 -1 0 0 -1 0 0 -1 0 0 -1 0 0 -1 0 0 -1 0 0 -1 0 0 -1 0 0 -1 0 0 -1 0 0 -1 0 0 -1 0 0 -1 0 0 -1 0 0 -1 0 0 -1 0 0 -1 0 0 -1 0 0 -1 0 0 -1 0 0 -1 0 0 -1 0 0 -1 0 0 -1 0 0 -1 0 0 -1 0 0 -1 0 0 -1 0 0 -1 0 0 -1 0 0 -1 0 0 -1 0 0 -1 0 0 -1 0 0 -1 0 0 -1 0 0 -1 0 0 -1 0 0 -1 0 0 -1 0 0 -1 0 0 -1 0 0 -1 0 0 -1 0 0 -1 0 0 -1 0 0 -1 0 0 -1 0 0 -1 0 0 -1 0 0 -1 0 0 -1 0 0 -1 0 0 -1 0 0 -1 0 0 -1 0 0 -1 0 0 -1 0 0 -1 0 0 -1 0 0 -1 0 0 -1 0 0 -1 0 0 -1 0 0 -1 0 0 -1 0 0 -1 0 0 -1 0 0 -1 0 0 -1 0 0 -1 0 0 -1 0 0 -1 0 0 -1 0 0 -1 0 0 -1 0 0 -1 0 0 -1 0 0 -1 0 0 -1 0 0 -1 0 0 -1 0 0 -1 0 0 -1 0 0 -1 0 0 -1 0 0 -1 0 0 -1 0 0 -1 0 0 -1 0 0 -1 0 0 -1 0 0 -1 0 0 -1 0 0 -1 0 0 -1 0 0 -1 0 0 -1 0 0 -1 0 0 -1 0 0 -1 0 0 -1 0 0 -1 0 0 -1 0 0 -1 0 0 -1 0 0 -1 0 0 -1 0 0 -1 0 0 -1 0 0 -1 0 0 -1 0 0 -1 0 0 -1 0 0 -1 0 0 -1 0 0 -1 0 0 -1 0 0 -1 0 0 -1 0 0 -1 0 0 -1 0 0 -1 0 0 -1 0 0 -1 0 0 -1 0 0 -1 0 0 -1 0 0 -1 0 0 -1 0 0 -1 0 0 -1 0 0 -1 0 0 -1 0 0 -1 0 0 -1 0 0 -1 0 0 -1 0 0 -1 0 0 -1 0 0 -1 0 0 -1 0 0 -1 0 0 -1 0 0 -1 0 0 -1 0 0 -1 0 0 -1 0 0 -1 0 0 -1 0 0 -1 0 0 -1 0 0 -1 0 0 -1 0 0 -1 0 0 -1 0 0 -1 0 0 -1 0 0 -1 0 0 -1 0 0 -1 0 0 -1 0 0 -1 0 0 -1 0 0 -1 0 0 -1 0 0 -1 0 0 -1 0 0 -1 0 0 -1 0 0 -1 0 0 -1 0 0 -1 0 0 -1 0 0 -1 0 0 -1 0 0 -1 0 0 -1 0 0 -1 0 0 -1 0 0 -1 0 0 -1 0 0 -1 0 0 -1 0 0 -1 0 0 -1 0 0 -1 0 0 -1 0 0 -1 0 0 -1 0 0 -1 0 0 -1 0 0 -1 0 0 -1 0 0 -1 0 0 -1 0 0 -1 0 0 -1 0 0 -1 0 0 -1 0 0 -1 0 0 -1 0 0 -1 0 0 -1 0 0 -1 0 0 -1 0 0 -1 0 0 -1 0 0 -1 0 0 -1 0 0 -1 0 0 -1 0 0 -1 0 0 -1 0 0 -1 0 0 -1 0 0 -1 0 0 -1 0 0 -1 0 0 -1 0 0 -1 0 0 -1 0 0 -1 0 0 -1 0 0 -1 0 0 -1 0 0 -1 0 0 -1 0 0 -1 0 0 -1 0 0 -1 0 0 -1 0 0 -1 0 0 -1 0 0 -1 0 0 -1 0 0 -1 0 0 -1 0 0 -1 0 0 -1 0 0 -1 0 0 -1 0 0 -1 0 0 -1 0 0 -1 0 0 -1 0 0 -1 0 0 -1 0 0 -1 0 0 -1 0 0 -1 0 0 -1 0 0 -1 0 0 -1 0 0 -1 0 0 -1 0 0 -1 0 0 -1 0 0 -1 0 0 -1 0 0 -1 0 0 -1 0 0 -1 0 0 -1 0 0 -1 0 0 -1 0 0 -1 0 0 -1 0 0 -1 0 0 -1 0 0 -1 0 0 -1 0 0 -1 0 0 -1 0 0 -1 0 0 -1 0 0 -1 0 0 -1 0 0 -1 0 0 -1 0 0 -1 0 0 -1 0 0 -1 0 0 -1 0 0 -1 0 0 -1 0 0 -1 0 0 -1 0 0 -1 0 0 -1 0 0 -1 0 0 -1 0 0 -1 0 0 -1 0 0 -1 0 0 -1 0 0 -1 0 0 -1 0 0 -1 0 0 -1 0 0 -1 0 0 -1 0 0 -1 0 0 -1 0 0 -1 0 0 -1 0 0 -1 0 0 -1 0 0 -1 0 0 -1 0 0 -1 0 0 -1 0 0 -1 0 0 -1 0 0 -1 0 0 -1 0 0 -1 0 0 -1 0 0 -1 0 0 -1 0 0 -1 0 0 -1 0 0 -1 0 0 -1 0 0 -1 0 0 -1 0 0 -1 0 0 -1 0 0 -1 0 0 -1 0 0 -1 0 0 -1 0 0 -1 0 0 -1 0 0 -1 0 0 -1 0 0 -1 0 0 -1 0 0 -1 0 0 -1 0 0 -1 0 0 -1 0 0 -1 0 0 -1 0 0 -1 0 0 -1 0 0 -1 0 0 -1 0 0 -1 0 0 -1 0 0 -1 0 0 -1 0 0 -1 0 0 -1 0 0 -1 0 0 -1 0 0 -1 0 0 -1 0 0 -1 0 0 -1 0 0 -1 0 0 -1 0 0 -1 0 0 1 0 0 1 0 0 1 0 0 1 0 0 1 0 0 1 0 0 1 0 0 1 0 0 1 0 0 1 0 0 1 0 0 1 0 0 1 0 0 1 0 0 1 0 0 1 0 0 1 0 0 1 0 0 1 0 0 1 0 0 1 0 0 1 0 0 1 0 0 1 0 0 1 0 0 1 0 0 1 0 0 1 0 0 1 0 0 1 0 0 1 0 0 1 0 0 1 0 0 1 0 0 1 0 0 1 0 0 1 0 0 1 0 0 1 0 0 1 0 0 1 0 0 1 0 0 1 0 0 1 0 0 1 0 0 1 0 0 1 0 0 1 0 0 1 0 0 1 0 0 1 0 0 1 0 0 1 0 0 1 0 0 1 0 0 1 0 0 1 0 0 1 0 0 1 0 0 1 0 0 1 0 0 1 0 0 1 0 0 1 0 0 1 0 0 1 0 0 1 0 0 1 0 0 1 0 0 1 0 0 1 0 0 1 0 0 1 0 0 1 0 0 1 0 0 1 0 0 1 0 0 1 0 0 1 0 0 1 0 0 1 0 0 1 0 0 1 0 0 1 0 0 1 0 0 1 0 0 1 0 0 1 0 0 1 0 0 1 0 0 1 0 0 1 0 0 1 0 0 1 0 0 1 0 0 1 0 0 1 0 0 1 0 0 1 0 0 1 0 0 1 0 0 1 0 0 1 0 0 1 0 0 1 0 0 1 0 0 1 0 0 1 0 0 1 0 0 1 0 0 1 0 0 1 0 0 1 0 0 1 0 0 1 0 0 1 0 0 1 0 0 1 0 0 1 0 0 1 0 0 1 0 0 1 0 0 1 0 0 1 0 0 1 0 0 1 0 0 1 0 0 1 0 0 1 0 0 1 0 0 1 0 0 1 0 0 1 0 0 1 0 0 1 0 0 1 0 0 1 0 0 1 0 0 1 0 0 1 0 0 1 0 0 1 0 0 1 0 0 1 0 0 1 0 0 1 0 0 1 0 0 1 0 0 1 0 0 1 0 0 1 0 0 1 0 0 1 0 0 1 0 0 1 0 0 1 0 0 1 0 0 1 0 0 1 0 0 1 0 0 1 0 0 1 0 0 1 0 0 1 0 0 1 0 0 1 0 0 1 0 0 1 0 0 1 0 0 1 0 0 1 0 0 1 0 0 1 0 0 1 0 0 1 0 0 1 0 0 1 0 0 1 0 0 1 0 0 1 0 0 1 0 0 1 0 0 1 0 0 1 0 0 1 0 0 1 0 0 1 0 0 1 0 0 1 0 0 1 0 0 1 0 0 1 0 0 1 0 0 1 0 0 1 0 0 1 0 0 1 0 0 1 0 0 1 0 0 1 0 0 1 0 0 1 0 0 1 0 0 1 0 0 1 0 0 1 0 0 1 0 0 1 0 0 1 0 0 1 0 0 1 0 0 1 0 0 1 0 0 1 0 0 1 0 0 1 0 0 1 0 0 1 0 0 1 0 0 1 0 0 1 0 0 1 0 0 1 0 0 1 0 0 1 0 0 1 0 0 1 0 0 1 0 0 1 0 0 1 0 0 1 0 0 1 0 0 1 0 0 1 0 0 1 0 0 1 0 0 1 0 0 1 0 0 1 0 0 1 0 0 1 0 0 1 0 0 1 0 0 1 0 0 1 0 0 1 0 0 1 0 0 1 0 0 1 0 0 1 0 0 1 0 0 1 0 0 1 0 0 1 0 0 1 0 0 1 0 0 1 0 0 1 0 0 1 0 0 1 0 0 1 0 0 1 0 0 1 0 0 1 0 0 1 0 0 1 0 0 1 0 0 1 0 0 1 0 0 1 0 0 1 0 0 1 0 0 1 0 0 1 0 0 1 0 0 1 0 0 1 0 0 1 0 0 1 0 0 1 0 0 1 0 0 1 0 0 1 0 0 1 0 0 1 0 0 1 0 0 1 0 0 1 0 0 1 0 0 1 0 0 1 0 0 1 0 0 1 0 0 1 0 0 1 0 0 1 0 0 1 0 0 1 0 0 1 0 0 1 0 0 1 0 0 1 0 0 1 0 0 1 0 0 1 0 0 1 0 0 1 0 0 1 0 0 1 0 0 1 0 0 1 0 0 1 0 0 1 0 0 1 0 0 1 0 0 1 0 0 1 0 0 1 0 0 1 0 0 1 0 0 1 0 0 1 0 0 1 0 0 1 0 0 1 0 0 1 0 0 1 0 0 1 0 0 1 0 0 1 0 0 1 0 0 1 0 0 1 0 0 1 0 0 1 0 0 1 0 0 1 0 0 1 0 0 1 0 0 1 0 0 1 0 0 1 0 0 1 0 0 1 0 0 1 0 0 1 0 0 1 0 0 1 0 0 1 0 0 1 0 0 1 0 0 1 0 0 1 0 0 1 0 0 1 0 0 1 0 0 1 0 0 1 0 0 1 0 0 1 0 0 1 0 0 1 0 0 1 0 0 1 0 0 1 0 0 1 0 0 1 0 0 1 0 0 1 0 0 1 0 0 1 0 0 1 0 0 1 0 0 1 0 0 1 0 0 1 0 0 1 0 0 1 0 0 1 0 0 1 0 0 1 0 0 1 0 0 1 0 0 1 0 0 1 0 0 1 0 0 1 0 0 1 0 0 1 0 0 1 0 0 1 0 0 1 0 0 1 0 0 1 0 0 1 0 0 1 0 0 1 0 0 1 0 0 1 0 0 1 0 0 1 0 0 1 0 0 1 0 0 1 0 0 1 0 0 1 0 0 1 0 0 1 0 0 1 0 0 1 0 0 1 0 0 1 0 0 1 0 0 1 0 0 1 0 0 1 0 0 1 0 0 1 0 0 1 0 0 1 0 0 1 0 0 1 0 0 1 0 0 1 0 0 1 0 0 1 0 0 1 0 0 1 0 0 1 0 0 1 0 0 1 0 0 1 0 0 1 0 0 1 0 0 1 0 0 1 0 0 1 0 0 1 0 0 1 0 0 1 0 0 1 0 0 1 0 0 1 0 0 1 0 0 1 0 0 1 0 0 1 0 0 1 0 0 1 0 0 1 0 0 1 0 0 1 0 0 1 0 0 1 0 0 1 0 0 1 0 0 1 0 0 1 0 0 1 0 0 1 0 0 1 0 0 1 0 0 1 0 0 1 0 0 1 0 0 1 0 0 1 0 0 1 0 0 1 0 0 1 0 0 1 0 0 1 0 0 1 0 0 1 0 0 1 0 0 1 0 0 1 0 0 1 0 0 1 0 0 1 0 0 1 0 0 1 0 0 1 0 0 1 0 0 1 0 0 1 0 0 1 0 0 1 0 0 1 0 0 1 0 0 1 0 0 1 0 0 1 0 0 1 0 0 1 0 0 1 0 0 1 0 0 1 0 0 1 0 0 1 0 0 1 0 0 1 0 0 1 0 0 1 0 0 1 0 0 1 0 0 1 0 0 1 0 0 1 0 0 1 0 0 1 0 0 1 0 0 1 0 0 1 0 0 1 0 0 1 0 0 1 0 0 1 0 0 1 0 0 1 0 0 1 0 0 1 0 0 1 0 0 1 0 0 1 0 0 1 0 0 1 0 0 1 0 0 1 0 0 1 0 0 1 0 0 1 0 0 1 0 0 1 0 0 1 0 0 1 0 0 1 0 0 1 0 0 1 0 0 1 0 0 1 0 0 1 0 0 1 0 0 1 0 0 1 0 0 1 0 0 1 0 0 1 0 0 1 0 0 1 0 0 1 0 0 1 0 0 1 0 0 1 0 0 1 0 0 1 0 0 1 0 0 1 0 0 1 0 0 1 0 0 1 0 0 1 0 0 1 0 0 1 0 0 1 0 0 1 0 0 1 0 0 1 0 0 1 0 0 1 0 0 1 0 0 1 0 0 1 0 0 1 0 0 1 0 0 1 0 0 1 0 0 1 0 0 1 0 0 1 0 0 1 0 0 1 0 0 1 0 0 1 0 0 1 0 0 1 0 0 1 0 0 1 0 0 1 0 0 1 0 0 1 0 0 1 0 0 1 0 0 1 0 0 1 0 0 1 0 0 1 0 0 1 0 0 1 0 0 1 0 0 1 0 0 1 0 0 1 0 0 1 0 0 1 0 0 1 0 0 1 0 0 1 0 0 1 0 0 1 0 0 1 0 0 1 0 0 1 0 0 1 0 0 1 0 0 1 0 0 1 0 0 1 0 0 1 0 0 1 0 0 1 0 0 1 0 0 1 0 0 1 0 0 1 0 0 1 0 0 1 0 0 1 0 0 1 0 0 1 0 0 1 0 0 1 0 0 1 0 0 1 0 0 1 0 0 1 0 0 1 0 0 1 0 0 1 0 0 1 0 0 1 0 0 1 0 0 1 0 0 1 0 0 1 0 0 1 0 0 1 0 0 1 0 0 1 0 0 1 0 0 1 0 0 1 0 0 1 0 0 1 0 0 1 0 0 1 0 0 1 0 0 1 0 0 1 0 0 1 0 0 1 0 0 1 0 0 1 0 0 1 0 0 1 0 0 1 0 0 1 0 0 1 0 0 1 0 0 1 0 0 1 0 0 1 0 0 1 0 0 1 0 0 1 0 0 1 0 0 1 0 0 1 0 0 1 0 0 1 0 0 1 0 0 1 0 0 1 0 0 1 0 0 1 0 0 1 0 0 1 0 0 1 0 0 1 0 0 1 0 0 1 0 0 1 0 0 1 0 0 1 0 0 1 0 0 1 0 0 1 0 0 1 0 0 1 0 0 1 0 0 1 0 0 1 0 0 1 0 0 1 0 0 1 0 0 1 0 0 1 0 0 1 0 0 1 0 0 1 0 0 1 0 0 1 0 0 1 0 0 1 0 0 1 0 0 1 0 0 1 0 0 1 0 0 1 0 0 1 0 0 1 0 0 1 0 0 1 0 0 1 0 0 1 0 0 1 0 0 1 0 0 1 0 0 1 0 0 1 0 0 1 0 0 1 0 0 1 0 0 1 0 0 1 0 0 1 0 0 1 0 0 1 0 0 1 0 0 1 0 0 1 0 0 1 0 0 1 0 0 1 0 0 1 0 0 1 0 0 1 0 0 1 0 0 1 0 0 1 0 0 1 0 0 1 0 0 1 0 0 1 0 0 1 0 0 1 0 0 1 0 0 1 0 0 1 0 0 1 0 0 1 0 0 1 0 0 1 0 0 1 0 0 1 0 0 1 0 0 1 0 0 1 0 0 1 0 0 1 0 0 1 0 0 1 0 0 1 0 0 1 0 0 1 0 0 1 0 0 1 0 0 1 0 0 1 0 0 1 0 0 1 0 0 1 0 0 1 0 0 1 0 0 1 0 0 1 0 0 1 0 0 1 0 0 1 0 0 1 0 0 1 0 0 1 0 0 1 0 0 1 0 0 1 0 0 1 0 0 1 0 0 1 0 0 1 0 0 1 0 0 1 0 0 1 0 0 1 0 0 1 0 0 1 0 0 1 0 0 1 0 0 1 0 0 1 0 0 1 0 0 1 0 0 1 0 0 1 0 0 1 0 0 1 0 0 1 0 0 1 0 0 1 0 0 1 0 0 1 0 0 1 0 0 1 0 0 1 0 0 1 0 0 1 0 0 1 0 0 1 0 0 1 0 0 1 0 0 1 0 0 1 0 0 1 0 0 1 0 0 1 0 0 1 0 0 1 0 0 1 0 0 1 0 0 1 0 0 1 0 0 1 0 0 1 0 0 1 0 0 1 0 0 1 0 0 1 0 0 1 0 0 1 0 0 1 0 0 1 0 0 1 0 0 1 0 0 1 0 0 1 0 0 1 0 0 1 0 0 1 0 0 1 0 0 1 0 0 1 0 0 1 0 0 1 0 0 1 0 0 1 0 0 1 0 0 1 0 0 1 0 0 1 0 0 1 0 0 1 0 0 1 0 0 1 0 0 1 0 0 1 0 0 1 0 0 1 0 0 1 0 0 1 0 0 1 0 0 1 0 0 1 0 0 1 0 0 1 0 0 1 0 0 1 0 0 1 0 0 1 0 0 1 0 0 1 0 0 1 0 0 1 0 0 1 0 0 1 0 0 1 0 0 1 0 0 1 0 0 1 0 0 1 0 0 1 0 0 1 0 0 1 0 0 1 0 0 1 0 0 1 0 0 1 0 0 1 0 0 1 0 0 1 0 0 1 0 0 1 0 0 1 0 0 1 0 0 1 0 0 1 0 0 1 0 0 1 0 0 1 0 0 1 0 0 1 0 0 1 0 0 1 0 0 1 0 0 1 0 0 1 0 0 1 0 0 1 0 0 1 0 0 1 0 0 1 0 0 1 0 0 1 0 0 1 0 0 1 0 0 1 0 0 1 0 0 1 0 0 1 0 0 1 0 0 1 0 0 1 0 0 1 0 0 1 0 0 1 0 0 1 0 0 1 0 0 1 0 0 1 0 0 1 0 0 1 0 0 1 0 0 1 0 0 1 0 0 1 0 0 1 0 0 1 0 0 1 0 0 1 0 0 1 0 0 1 0 0 1 0 0 1 0 0 1 0 0 1 0 0 1 0 0 1 0 0 1 0 0 1 0 0 1 0 0 1 0 0 1 0 0 1 0 0 1 0 0 1 0 0 1 0 0 1 0 0 1 0 0 1 0 0 1 0 0 1 0 0 1 0 0 1 0 0 1 0 0 1 0 0 1 0 0 1 0 0 1 0 0 1 0 0 1 0 0 1 0 0 1 0 0 1 0 0 1 0 0 1 0 0 1 0 0 1 0 0 1 0 0 1 0 0 1 0 0 1 0 0 1 0 0 1 0 0 1 0 0 1 0 0 1 0 0 1 0 0 1 0 0 1 0 0 1 0 0 1 0 0 1 0 0 1 0 0 1 0 0 1 0 0 1 0 0 1 0 0 1 0 0 1 0 0 1 0 0 1 0 0 1 0 0 1 0 0 1 0 0 1 0 0 1 0 0 1 0 0 1 0 0 1 0 0 1 0 0 1 0 0 1 0 0 1 0 0 1 0 0 1 0 0 1 0 0 1 0 0 1 0 0 1 0 0 1 0 0 1 0 0 1 0 0 1 0 0 1 0 0 1 0 0 1 0 0 1 0 0 1 0 0 1 0 0 1 0 0 1 0 0 1 0 0 1 0 0 1 0 0 1 0 0 1 0 0 1 0 0 1 0 0 1 0 0 1 0 0 1 0 0 1 0 0 1 0 0 1 0 0 1 0 0 1 0 0 1 0 0 1 0 0 1 0 0 1 0 0 1 0 0 1 0 0 1 0 0 1 0 0 1 0 0 1 0 0 1 0 0 1 0 0 1 0 0 1 0 0 1 0 0 1 0 0 1 0 0 1 0 0 1 0 0 1 0 0 1 0 0 1 0 0 1 0 0 1 0 0 1 0 0 1 0 0 1 0 0 1 0 0 1 0 0 1 0 0 1 0 0 1 0 0 1 0 0 1 0 0 1 0 0 1 0 0 1 0 0 1 0 0 1 0 0 1 0 0 1 0 0 1 0 0 1 0 0 1 0 0 1 0 0 1 0 0 1 0 0 1 0 0 1 0 0 1 0 0 1 0 0 1 0 0 1 0 0 1 0 0 1 0 0 1 0 0 1 0 0 1 0 0 1 0 0 1 0 0 1 0 0 1 0 0 1 0 0 1 0 0 1 0 0 1 0 0 1 0 0 1 0 0 1 0 0 1 0 0 1 0 0 1 0 0 1 0 0 1 0 0 1 0 0 1 0 0 1 0 0 1 0 0 1 0 0 1 0 0 1 0 0 1 0 0 1 0 0 1 0 0 1 0 0 1 0 0 1 0 0 1 0 0 1 0 0 1 0 0 1 0 0 1 0 0 1 0 0 1 0 0 1 0 0 1 0 0 1 0 0 1 0 0 1 0 0 1 0 0 1 0 0 1 0 0 1 0 0 1 0 0 1 0 0 1 0 0 1 0 0 1 0 0 1 0 0 1 0 0 1 0 0 1 0 0 1 0 0 1 0 0 1 0 0 1 0 0 1 0 0 1 0 0 1 0 0 1 0 0 1 0 0 1 0 0 1 0 0 1 0 0 1 0 0 1 0 0 1 0 0 1 0 0 1 0 0 1 0 0 1 0 0 1 0 0 1 0 0 1 0 0 1 0 0 1 0 0 1 0 0 1 0 0 1 0 0 1 0 0 1 0 0 1 0 0 1 0 0 1 0 0 1 0 0 1 0 0 1 0 0 1 0 0 1 0 0 1 0 0 1 0 0 1 0 0 1 0 0 1 0 0 1 0 0 1 0 0 1 0 0 1 0 0 1 0 0 1 0 0 1 0 0 1 0 0 1 0 0 1 0 0 1 0 0 1 0 0 1 0 0 1 0 0 1 0 0 1 0 0 1 0 0 1 0 0 1 0 0 1 0 0 1 0 0 1 0 0 1 0 0 1 0 0 1 0 0 1 0 0 1 0 0 1 0 0 1 0 0 1 0 0 1 0 0 1 0 0 1 0 0 1 0 0 1 0 0 1 0 0 1 0 0 1 0 0 1 0 0 1 0 0 1 0 0 1 0 0 1 0 0 1 0 0 1 0 0 1 0 0 1 0 0 1 0 0 1 0 0 1 0 0 1 0 0 1 0 0 1 0 0 1 0 0 1 0 0 1 0 0 1 0 0 1 0 0 1 0 0 1 0 0 1 0 0 1 0 0 1 0 0 1 0 0 1 0 0 1 0 0 1 0 0 1 0 0 1 0 0 1 0 0 1 0 0 1 0 0 1 0 0 1 0 0 1 0 0 1 0 0 1 0 0 1 0 0 1 0 0 1 0 0 1 0 0 1 0 0 1 0 0 1 0 0 1 0 0 1 0 0 1 0 0 1 0 0 1 0 0 1 0 0 1 0 0 1 0 0 1 0 0 1 0 0 1 0 0 1 0 0 1 0 0 1 0 0 1 0 0 1 0 0 1 0 0 1 0 0 1 0 0 1 0 0 1 0 0 1 0 0 1 0 0 1 0 0 1 0 0 1 0 0 1 0 0 1 0 0 1 0 0 1 0 0 1 0 0 1 0 0 1 0 0 1 0 0 1 0 0 1 0 0 1 0 0 1 0 0 1 0 0 1 0 0 1 0 0 1 0 0 1 0 0 1 0 0 1 0 0 1 0 0 1 0 0 1 0 0 1 0 0 1 0 0 1 0 0 1 0 0 1 0 0 1 0 0 1 0 0 1 0 0 1 0 0 1 0 0 1 0 0 1 0 0 1 0 0 1 0 0 1 0 0 1 0 0 1 0 0 1 0 0 1 0 0 1 0 0 1 0 0 1 0 0 1 0 0 1 0 0 1 0 0 1 0 0 1 0 0 1 0 0 1 0 0 1 0 0 1 0 0 1 0 0 1 0 0 1 0 0 1 0 0 1 0 0 1 0 0 1 0 0 1 0 0 1 0 0 1 0 0 1 0 0 1 0 0 1 0 0 1 0 0 1 0 0 1 0 0 1 0 0 1 0 0 1 0 0 1 0 0 1 0 0 1 0 0 1 0 0 1 0 0 1 0 0 1 0 0 1 0 0 1 0 0 1 0 0 1 0 0 1 0 0 1 0 0 1 0 0 1 0 0 1 -1 0 0 -1 0 0 -1 0 0 -1 0 0 -1 0 0 -1 0 0 -1 0 0 -1 0 0 -1 0 0 -1 0 0 -1 0 0 -1 0 0 -1 0 0 -1 0 0 -1 0 0 1 0 0 1 0 0 1 0 0 1 0 0 1 0 0 1 0 0 1 0 0 1 0 0 1 0 0 1 0 0 1 0 0 1 0 0 1 0 0 1 0 0 1 0 0 0.08714872 -0.9961953 0 0.08714872 -0.9961953 0 0.2588214 -0.9659252 0 0.2588214 -0.9659252 0 0.4226166 -0.9063086 0 0.4226166 -0.9063086 0 0.5735797 -0.8191498 0 0.5735797 -0.8191498 0 0.7071068 -0.7071068 0 0.7071068 -0.7071068 0 0.8191498 -0.5735797 0 0.8191498 -0.5735797 0 0.9063086 -0.4226166 0 0.9063086 -0.4226166 0 0.9659252 -0.2588214 0 0.9659252 -0.2588214 0 0.9961953 -0.08714872 0 0.9961953 -0.08714872 0 0.9961953 0.08714872 0 0.9961953 0.08714872 0 0.9659252 0.2588214 0 0.9659252 0.2588214 0 0.9063086 0.4226166 0 0.9063086 0.4226166 0 0.8191498 0.5735797 0 0.8191498 0.5735797 0 0.7071068 0.7071068 0 0.7071068 0.7071068 0 0.5735797 0.8191498 0 0.5735797 0.8191498 0 0.4226166 0.9063086 0 0.4226166 0.9063086 0 0.2588214 0.9659252 0 0.2588214 0.9659252 0 0.08715641 0.9961946 0 0.08715641 0.9961946 0 -0.08715641 0.9961946 0 -0.08715641 0.9961946 0 -0.2588214 0.9659252 0 -0.2588214 0.9659252 0 -0.4226166 0.9063086 0 -0.4226166 0.9063086 0 -0.5735797 0.8191498 0 -0.5735797 0.8191498 0 -0.7071068 0.7071068 0 -0.7071068 0.7071068 0 -0.8191498 0.5735797 0 -0.8191498 0.5735797 0 -0.9063086 0.4226166 0 -0.9063086 0.4226166 0 -0.9659252 0.2588214 0 -0.9659252 0.2588214 0 -0.9961946 0.08715641 0 -0.9961946 0.08715641 0 -0.9961946 -0.08715641 0 -0.9961946 -0.08715641 0 -0.9659252 -0.2588214 0 -0.9659252 -0.2588214 0 -0.9063086 -0.4226166 0 -0.9063086 -0.4226166 0 -0.8191498 -0.5735797 0 -0.8191498 -0.5735797 0 -0.7071068 -0.7071068 0 -0.7071068 -0.7071068 0 -0.5735797 -0.8191498 0 -0.5735797 -0.8191498 0 -0.4226166 -0.9063086 0 -0.4226166 -0.9063086 0 -0.2588214 -0.9659252 0 -0.2588214 -0.9659252 0 -0.08714872 -0.9961953 0 -0.08714872 -0.9961953 0 0.08714872 -0.9961953 0 0.08714872 -0.9961953 0 0.2588214 -0.9659252 0 0.2588214 -0.9659252 0 0.4226166 -0.9063086 0 0.4226166 -0.9063086 0 0.5735797 -0.8191498 0 0.5735797 -0.8191498 0 0.7071068 -0.7071068 0 0.7071068 -0.7071068 0 0.8191498 -0.5735797 0 0.8191498 -0.5735797 0 0.9063086 -0.4226166 0 0.9063086 -0.4226166 0 0.9659252 -0.2588214 0 0.9659252 -0.2588214 0 0.9961946 -0.08715641 0 0.9961946 -0.08715641 0 0.9961946 0.08715641 0 0.9961946 0.08715641 0 0.9659252 0.2588214 0 0.9659252 0.2588214 0 0.9063086 0.4226166 0 0.9063086 0.4226166 0 0.8191498 0.5735797 0 0.8191498 0.5735797 0 0.7071068 0.7071068 0 0.7071068 0.7071068 0 0.5735797 0.8191498 0 0.5735797 0.8191498 0 0.4226166 0.9063086 0 0.4226166 0.9063086 0 0.2588214 0.9659252 0 0.2588214 0.9659252 0 0.08715641 0.9961946 0 0.08715641 0.9961946 0 -0.08715641 0.9961946 0 -0.08715641 0.9961946 0 -0.2588214 0.9659252 0 -0.2588214 0.9659252 0 -0.4226166 0.9063086 0 -0.4226166 0.9063086 0 -0.5735797 0.8191498 0 -0.5735797 0.8191498 0 -0.7071068 0.7071068 0 -0.7071068 0.7071068 0 -0.8191498 0.5735797 0 -0.8191498 0.5735797 0 -0.9063086 0.4226166 0 -0.9063086 0.4226166 0 -0.9659252 0.2588214 0 -0.9659252 0.2588214 0 -0.9961953 0.08714872 0 -0.9961953 0.08714872 0 -0.9961953 -0.08714872 0 -0.9961953 -0.08714872 0 -0.9659252 -0.2588214 0 -0.9659252 -0.2588214 0 -0.9063086 -0.4226166 0 -0.9063086 -0.4226166 0 -0.8191498 -0.5735797 0 -0.8191498 -0.5735797 0 -0.7071068 -0.7071068 0 -0.7071068 -0.7071068 0 -0.5735797 -0.8191498 0 -0.5735797 -0.8191498 0 -0.4226166 -0.9063086 0 -0.4226166 -0.9063086 0 -0.2588214 -0.9659252 0 -0.2588214 -0.9659252 0 -0.08714872 -0.9961953 0 -0.08714872 -0.9961953 0 0.08715641 -0.9961946 0 0.08715641 -0.9961946 0 0.2588214 -0.9659252 0 0.2588214 -0.9659252 0 0.4226166 -0.9063086 0 0.4226166 -0.9063086 0 0.5735797 -0.8191498 0 0.5735797 -0.8191498 0 0.7071068 -0.7071068 0 0.7071068 -0.7071068 0 0.8191498 -0.5735797 0 0.8191498 -0.5735797 0 0.9063086 -0.4226166 0 0.9063086 -0.4226166 0 0.9659252 -0.2588214 0 0.9659252 -0.2588214 0 0.9961946 -0.08715641 0 0.9961946 -0.08715641 0 0.9961946 0.08715641 0 0.9961946 0.08715641 0 0.9659252 0.2588214 0 0.9659252 0.2588214 0 0.9063086 0.4226166 0 0.9063086 0.4226166 0 0.8191498 0.5735797 0 0.8191498 0.5735797 0 0.7071068 0.7071068 0 0.7071068 0.7071068 0 0.5735797 0.8191498 0 0.5735797 0.8191498 0 0.4226166 0.9063086 0 0.4226166 0.9063086 0 0.2588214 0.9659252 0 0.2588214 0.9659252 0 0.08714872 0.9961953 0 0.08714872 0.9961953 0 -0.08714872 0.9961953 0 -0.08714872 0.9961953 0 -0.2588214 0.9659252 0 -0.2588214 0.9659252 0 -0.4226166 0.9063086 0 -0.4226166 0.9063086 0 -0.5735797 0.8191498 0 -0.5735797 0.8191498 0 -0.7071068 0.7071068 0 -0.7071068 0.7071068 0 -0.8191498 0.5735797 0 -0.8191498 0.5735797 0 -0.9063086 0.4226166 0 -0.9063086 0.4226166 0 -0.9659252 0.2588214 0 -0.9659252 0.2588214 0 -0.9961953 0.08714872 0 -0.9961953 0.08714872 0 -0.9961953 -0.08714872 0 -0.9961953 -0.08714872 0 -0.9659252 -0.2588214 0 -0.9659252 -0.2588214 0 -0.9063086 -0.4226166 0 -0.9063086 -0.4226166 0 -0.8191498 -0.5735797 0 -0.8191498 -0.5735797 0 -0.7071068 -0.7071068 0 -0.7071068 -0.7071068 0 -0.5735797 -0.8191498 0 -0.5735797 -0.8191498 0 -0.4226166 -0.9063086 0 -0.4226166 -0.9063086 0 -0.2588214 -0.9659252 0 -0.2588214 -0.9659252 0 -0.08715641 -0.9961946 0 -0.08715641 -0.9961946 0 0.08715641 -0.9961946 0 0.08715641 -0.9961946 0 0.2588214 -0.9659252 0 0.2588214 -0.9659252 0 0.4226166 -0.9063086 0 0.4226166 -0.9063086 0 0.5735797 -0.8191498 0 0.5735797 -0.8191498 0 0.7071068 -0.7071068 0 0.7071068 -0.7071068 0 0.8191498 -0.5735797 0 0.8191498 -0.5735797 0 0.9063086 -0.4226166 0 0.9063086 -0.4226166 0 0.9659252 -0.2588214 0 0.9659252 -0.2588214 0 0.9961953 -0.08714872 0 0.9961953 -0.08714872 0 0.9961953 0.08714872 0 0.9961953 0.08714872 0 0.9659252 0.2588214 0 0.9659252 0.2588214 0 0.9063086 0.4226166 0 0.9063086 0.4226166 0 0.8191498 0.5735797 0 0.8191498 0.5735797 0 0.7071068 0.7071068 0 0.7071068 0.7071068 0 0.5735797 0.8191498 0 0.5735797 0.8191498 0 0.4226166 0.9063086 0 0.4226166 0.9063086 0 0.2588214 0.9659252 0 0.2588214 0.9659252 0 0.08714872 0.9961953 0 0.08714872 0.9961953 0 -0.08714872 0.9961953 0 -0.08714872 0.9961953 0 -0.2588214 0.9659252 0 -0.2588214 0.9659252 0 -0.4226166 0.9063086 0 -0.4226166 0.9063086 0 -0.5735797 0.8191498 0 -0.5735797 0.8191498 0 -0.7071068 0.7071068 0 -0.7071068 0.7071068 0 -0.8191498 0.5735797 0 -0.8191498 0.5735797 0 -0.9063086 0.4226166 0 -0.9063086 0.4226166 0 -0.9659252 0.2588214 0 -0.9659252 0.2588214 0 -0.9961946 0.08715641 0 -0.9961946 0.08715641 0 -0.9961946 -0.08715641 0 -0.9961946 -0.08715641 0 -0.9659252 -0.2588214 0 -0.9659252 -0.2588214 0 -0.9063086 -0.4226166 0 -0.9063086 -0.4226166 0 -0.8191498 -0.5735797 0 -0.8191498 -0.5735797 0 -0.7071068 -0.7071068 0 -0.7071068 -0.7071068 0 -0.5735797 -0.8191498 0 -0.5735797 -0.8191498 0 -0.4226166 -0.9063086 0 -0.4226166 -0.9063086 0 -0.2588214 -0.9659252 0 -0.2588214 -0.9659252 0 -0.08715641 -0.9961946 0 -0.08715641 -0.9961946 0 0.1833629 0.6843135 -0.7057572 0.1833611 0.6843137 -0.7057573 0.2994043 0.6420775 -0.7057574 0.2994061 0.642077 -0.7057572 0.4063547 0.5803301 -0.705757 0.4063511 0.5803319 -0.7057576 0.5009521 0.5009521 -0.7057577 0.5009522 0.5009522 -0.7057577 0.5803294 0.4063544 -0.7057577 0.5803313 0.4063522 -0.7057573 0.6420776 0.2994044 -0.7057574 0.6420773 0.2994047 -0.7057574 0.6843131 0.1833629 -0.7057574 0.6843139 0.1833612 -0.7057572 0.7057579 0.06174618 -0.7057572 0.7057581 0.06174516 -0.705757 0.7057581 -0.06174623 -0.705757 0.705758 -0.06174516 -0.7057572 0.6843135 -0.1833629 -0.7057572 0.6843137 -0.1833611 -0.7057573 0.6420775 -0.2994043 -0.7057574 0.6420773 -0.2994048 -0.7057574 0.5803299 -0.4063546 -0.7057573 0.5803312 -0.4063521 -0.7057577 0.5009521 -0.5009521 -0.7057577 0.5009522 -0.5009522 -0.7057577 0.4063544 -0.5803294 -0.7057577 0.4063522 -0.5803313 -0.7057573 0.2994044 -0.6420776 -0.7057574 0.2994047 -0.6420773 -0.7057574 0.1833629 -0.6843131 -0.7057574 0.1833612 -0.6843139 -0.7057572 0.06174087 -0.7057586 -0.7057569 0.0617451 -0.7057576 -0.7057576 -0.06174081 -0.7057578 -0.7057578 -0.06174516 -0.705758 -0.7057572 -0.1833629 -0.6843135 -0.7057572 -0.1833611 -0.6843137 -0.7057573 -0.2994043 -0.6420775 -0.7057574 -0.2994048 -0.6420773 -0.7057574 -0.4063546 -0.5803299 -0.7057573 -0.4063521 -0.5803312 -0.7057577 -0.5009521 -0.5009521 -0.7057577 -0.5009522 -0.5009522 -0.7057577 -0.5803294 -0.4063544 -0.7057577 -0.5803313 -0.4063522 -0.7057573 -0.6420776 -0.2994044 -0.7057574 -0.6420773 -0.2994047 -0.7057574 -0.6843131 -0.1833629 -0.7057574 -0.6843139 -0.1833612 -0.7057572 -0.7057586 -0.06174087 -0.7057569 -0.7057576 -0.0617451 -0.7057576 -0.7057578 0.06174081 -0.7057578 -0.705758 0.06174516 -0.7057572 -0.6843135 0.1833629 -0.7057572 -0.6843137 0.1833611 -0.7057573 -0.6420775 0.2994043 -0.7057574 -0.6420773 0.2994048 -0.7057574 -0.5803299 0.4063546 -0.7057573 -0.5803312 0.4063521 -0.7057577 -0.5009521 0.5009521 -0.7057577 -0.5009522 0.5009522 -0.7057577 -0.4063544 0.5803294 -0.7057577 -0.4063513 0.5803322 -0.7057572 -0.2994045 0.6420778 -0.7057571 -0.2994059 0.6420767 -0.7057574 -0.1833629 0.6843131 -0.7057574 -0.1833612 0.6843139 -0.7057572 -0.06174618 0.7057579 -0.7057572 -0.06174516 0.7057581 -0.705757 0.06174623 0.7057581 -0.705757 0.06174516 0.705758 -0.7057572 0.1833629 0.6843135 -0.7057572 0.1833611 0.6843137 -0.7057573 0.2994043 0.6420775 -0.7057574 0.2994061 0.642077 -0.7057572 0.4063547 0.5803301 -0.705757 0.4063511 0.5803319 -0.7057576 0.5009521 0.5009521 -0.7057577 0.5009522 0.5009522 -0.7057577 0.5803294 0.4063544 -0.7057577 0.5803313 0.4063522 -0.7057573 0.6420776 0.2994044 -0.7057574 0.6420773 0.2994047 -0.7057574 0.6843131 0.1833629 -0.7057574 0.6843139 0.1833612 -0.7057572 0.7057586 0.06174087 -0.7057569 0.7057576 0.0617451 -0.7057576 0.7057578 -0.06174081 -0.7057578 0.705758 -0.06174516 -0.7057572 0.6843135 -0.1833629 -0.7057572 0.6843137 -0.1833611 -0.7057573 0.6420775 -0.2994043 -0.7057574 0.6420773 -0.2994048 -0.7057574 0.5803299 -0.4063546 -0.7057573 0.5803312 -0.4063521 -0.7057577 0.5009521 -0.5009521 -0.7057577 0.5009522 -0.5009522 -0.7057577 0.4063544 -0.5803294 -0.7057577 0.4063522 -0.5803313 -0.7057573 0.2994044 -0.6420776 -0.7057574 0.2994047 -0.6420773 -0.7057574 0.1833629 -0.6843131 -0.7057574 0.1833612 -0.6843139 -0.7057572 0.06174087 -0.7057586 -0.7057569 0.0617451 -0.7057576 -0.7057576 -0.06174081 -0.7057578 -0.7057578 -0.06174516 -0.705758 -0.7057572 -0.1833629 -0.6843135 -0.7057572 -0.1833611 -0.6843137 -0.7057573 -0.2994043 -0.6420775 -0.7057574 -0.2994048 -0.6420773 -0.7057574 -0.4063546 -0.5803299 -0.7057573 -0.4063521 -0.5803312 -0.7057577 -0.5009521 -0.5009521 -0.7057577 -0.5009522 -0.5009522 -0.7057577 -0.5803294 -0.4063544 -0.7057577 -0.5803322 -0.4063513 -0.7057572 -0.6420778 -0.2994045 -0.7057571 -0.6420767 -0.2994059 -0.7057574 -0.6843131 -0.1833629 -0.7057574 -0.6843139 -0.1833612 -0.7057572 -0.7057579 -0.06174618 -0.7057572 -0.7057581 -0.06174516 -0.705757 -0.7057581 0.06174623 -0.705757 -0.705758 0.06174516 -0.7057572 -0.6843135 0.1833629 -0.7057572 -0.6843137 0.1833611 -0.7057573 -0.6420775 0.2994043 -0.7057574 -0.642077 0.2994061 -0.7057572 -0.5803301 0.4063547 -0.705757 -0.5803319 0.4063511 -0.7057576 -0.5009521 0.5009521 -0.7057577 -0.5009522 0.5009522 -0.7057577 -0.4063544 0.5803294 -0.7057577 -0.4063513 0.5803322 -0.7057572 -0.2994045 0.6420778 -0.7057571 -0.2994059 0.6420767 -0.7057574 -0.1833629 0.6843131 -0.7057574 -0.1833612 0.6843139 -0.7057572 -0.06174618 0.7057579 -0.7057572 -0.06174516 0.7057581 -0.705757 0.06174623 0.7057581 -0.705757 0.06174516 0.705758 -0.7057572 0.1833629 0.6843135 -0.7057572 0.1833611 0.6843137 -0.7057573 0.2994043 0.6420775 -0.7057574 0.2994048 0.6420773 -0.7057574 0.4063546 0.5803299 -0.7057573 0.4063521 0.5803312 -0.7057577 0.5009521 0.5009521 -0.7057577 0.5009522 0.5009522 -0.7057577 0.5803294 0.4063544 -0.7057577 0.5803313 0.4063522 -0.7057573 0.6420776 0.2994044 -0.7057574 0.6420773 0.2994047 -0.7057574 0.6843131 0.1833629 -0.7057574 0.6843139 0.1833612 -0.7057572 0.7057579 0.06174618 -0.7057572 0.7057581 0.06174516 -0.705757 0.7057581 -0.06174623 -0.705757 0.705758 -0.06174516 -0.7057572 0.6843135 -0.1833629 -0.7057572 0.6843137 -0.1833611 -0.7057573 0.6420775 -0.2994043 -0.7057574 0.6420773 -0.2994048 -0.7057574 0.5803299 -0.4063546 -0.7057573 0.5803312 -0.4063521 -0.7057577 0.5009521 -0.5009521 -0.7057577 0.5009522 -0.5009522 -0.7057577 0.4063544 -0.5803294 -0.7057577 0.4063513 -0.5803322 -0.7057572 0.2994045 -0.6420778 -0.7057571 0.2994059 -0.6420767 -0.7057574 0.1833629 -0.6843131 -0.7057574 0.1833612 -0.6843139 -0.7057572 0.06174618 -0.7057579 -0.7057572 0.06174516 -0.7057581 -0.705757 -0.06174623 -0.7057581 -0.705757 -0.06174516 -0.705758 -0.7057572 -0.1833629 -0.6843135 -0.7057572 -0.1833611 -0.6843137 -0.7057573 -0.2994043 -0.6420775 -0.7057574 -0.2994061 -0.642077 -0.7057572 -0.4063547 -0.5803301 -0.705757 -0.4063511 -0.5803319 -0.7057576 -0.5009521 -0.5009521 -0.7057577 -0.5009522 -0.5009522 -0.7057577 -0.5803294 -0.4063544 -0.7057577 -0.5803313 -0.4063522 -0.7057573 -0.6420776 -0.2994044 -0.7057574 -0.6420773 -0.2994047 -0.7057574 -0.6843131 -0.1833629 -0.7057574 -0.6843139 -0.1833612 -0.7057572 -0.7057586 -0.06174087 -0.7057569 -0.7057576 -0.0617451 -0.7057576 -0.7057578 0.06174081 -0.7057578 -0.705758 0.06174516 -0.7057572 -0.6843135 0.1833629 -0.7057572 -0.6843137 0.1833611 -0.7057573 -0.6420775 0.2994043 -0.7057574 -0.6420773 0.2994048 -0.7057574 -0.5803299 0.4063546 -0.7057573 -0.5803312 0.4063521 -0.7057577 -0.5009521 0.5009521 -0.7057577 -0.5009522 0.5009522 -0.7057577 -0.4063544 0.5803294 -0.7057577 -0.4063522 0.5803313 -0.7057573 -0.2994044 0.6420776 -0.7057574 -0.2994047 0.6420773 -0.7057574 -0.1833629 0.6843131 -0.7057574 -0.1833612 0.6843139 -0.7057572 -0.06174087 0.7057586 -0.7057569 -0.0617451 0.7057576 -0.7057576 0.06174081 0.7057578 -0.7057578 0.06174516 0.705758 -0.7057572 0.1833629 0.6843135 -0.7057572 0.1833611 0.6843137 -0.7057573 0.2994043 0.6420775 -0.7057574 0.2994048 0.6420773 -0.7057574 0.4063546 0.5803299 -0.7057573 0.4063521 0.5803312 -0.7057577 0.5009521 0.5009521 -0.7057577 0.5009522 0.5009522 -0.7057577 0.5803294 0.4063544 -0.7057577 0.5803313 0.4063522 -0.7057573 0.6420776 0.2994044 -0.7057574 0.6420773 0.2994047 -0.7057574 0.6843131 0.1833629 -0.7057574 0.6843139 0.1833612 -0.7057572 0.7057586 0.06174087 -0.7057569 0.7057576 0.0617451 -0.7057576 0.7057578 -0.06174081 -0.7057578 0.705758 -0.06174516 -0.7057572 0.6843135 -0.1833629 -0.7057572 0.6843137 -0.1833611 -0.7057573 0.6420775 -0.2994043 -0.7057574 0.6420773 -0.2994048 -0.7057574 0.5803299 -0.4063546 -0.7057573 0.5803312 -0.4063521 -0.7057577 0.5009521 -0.5009521 -0.7057577 0.5009522 -0.5009522 -0.7057577 0.4063544 -0.5803294 -0.7057577 0.4063513 -0.5803322 -0.7057572 0.2994045 -0.6420778 -0.7057571 0.2994059 -0.6420767 -0.7057574 0.1833629 -0.6843131 -0.7057574 0.1833612 -0.6843139 -0.7057572 0.06174618 -0.7057579 -0.7057572 0.06174516 -0.7057581 -0.705757 -0.06174623 -0.7057581 -0.705757 -0.06174516 -0.705758 -0.7057572 -0.1833629 -0.6843135 -0.7057572 -0.1833611 -0.6843137 -0.7057573 -0.2994043 -0.6420775 -0.7057574 -0.2994061 -0.642077 -0.7057572 -0.4063547 -0.5803301 -0.705757 -0.4063511 -0.5803319 -0.7057576 -0.5009521 -0.5009521 -0.7057577 -0.5009522 -0.5009522 -0.7057577 -0.5803294 -0.4063544 -0.7057577 -0.5803322 -0.4063513 -0.7057572 -0.6420778 -0.2994045 -0.7057571 -0.6420767 -0.2994059 -0.7057574 -0.6843131 -0.1833629 -0.7057574 -0.6843139 -0.1833612 -0.7057572 -0.7057579 -0.06174618 -0.7057572 -0.7057581 -0.06174516 -0.705757 -0.7057581 0.06174623 -0.705757 -0.705758 0.06174516 -0.7057572 -0.6843135 0.1833629 -0.7057572 -0.6843137 0.1833611 -0.7057573 -0.6420775 0.2994043 -0.7057574 -0.642077 0.2994061 -0.7057572 -0.5803301 0.4063547 -0.705757 -0.5803319 0.4063511 -0.7057576 -0.5009521 0.5009521 -0.7057577 -0.5009522 0.5009522 -0.7057577 -0.4063544 0.5803294 -0.7057577 -0.4063522 0.5803313 -0.7057573 -0.2994044 0.6420776 -0.7057574 -0.2994047 0.6420773 -0.7057574 -0.1833629 0.6843131 -0.7057574 -0.1833612 0.6843139 -0.7057572 -0.06174087 0.7057586 -0.7057569 -0.0617451 0.7057576 -0.7057576 0.06174081 0.7057578 -0.7057578 0.06174516 0.705758 -0.7057572 0.08715468 -0.9961948 0 0.08715468 -0.9961948 0 0.2588256 -0.965924 0 0.2588256 -0.965924 0 0.4226138 -0.9063099 0 0.4226138 -0.9063099 0 0.5735691 -0.8191573 0 0.5735691 -0.8191573 0 0.7071102 -0.7071035 0 0.7071102 -0.7071035 0 0.8191497 -0.5735798 0 0.8191497 -0.5735798 0 0.9063062 -0.4226219 0 0.9063062 -0.4226219 0 0.9659287 -0.2588081 0 0.9659287 -0.2588081 0 0.9961936 -0.08716911 0 0.9961936 -0.08716911 0 0.9961936 0.08716851 0 0.9961936 0.08716851 0 0.9659287 0.2588081 0 0.9659287 0.2588081 0 0.9063062 0.4226219 0 0.9063062 0.4226219 0 0.8191497 0.5735798 0 0.8191497 0.5735798 0 0.7071102 0.7071035 0 0.7071102 0.7071035 0 0.5735691 0.8191573 0 0.5735691 0.8191573 0 0.4226138 0.9063099 0 0.4226138 0.9063099 0 0.2588256 0.965924 0 0.2588256 0.965924 0 0.08715468 0.9961948 0 0.08715468 0.9961948 0 -0.08715701 0.9961946 0 -0.08715701 0.9961946 0 -0.2588189 0.9659258 0 -0.2588189 0.9659258 0 -0.4226138 0.9063099 0 -0.4226138 0.9063099 0 -0.5735816 0.8191484 0 -0.5735816 0.8191484 0 -0.7070968 0.7071168 0 -0.7070968 0.7071168 0 -0.8191623 0.5735619 0 -0.8191623 0.5735619 0 -0.9063062 0.4226219 0 -0.9063062 0.4226219 0 -0.9659221 0.258833 0 -0.9659221 0.258833 0 -0.9961959 0.08714199 0 -0.9961959 0.08714199 0 -0.9961959 -0.08714258 0 -0.9961959 -0.08714258 0 -0.9659221 -0.258833 0 -0.9659221 -0.258833 0 -0.9063062 -0.4226219 0 -0.9063062 -0.4226219 0 -0.8191623 -0.5735619 0 -0.8191623 -0.5735619 0 -0.7070968 -0.7071168 0 -0.7070968 -0.7071168 0 -0.5735816 -0.8191484 0 -0.5735816 -0.8191484 0 -0.4226138 -0.9063099 0 -0.4226138 -0.9063099 0 -0.2588189 -0.9659258 0 -0.2588189 -0.9659258 0 -0.08715701 -0.9961946 0 -0.08715701 -0.9961946 0 0.08715701 -0.9961946 0 0.08715701 -0.9961946 0 0.2588189 -0.9659258 0 0.2588189 -0.9659258 0 0.4226138 -0.9063099 0 0.4226138 -0.9063099 0 0.5735816 -0.8191484 0 0.5735816 -0.8191484 0 0.7070968 -0.7071168 0 0.7070968 -0.7071168 0 0.8191623 -0.5735619 0 0.8191623 -0.5735619 0 0.9063062 -0.4226219 0 0.9063062 -0.4226219 0 0.9659221 -0.258833 0 0.9659221 -0.258833 0 0.9961959 -0.08714258 0 0.9961959 -0.08714258 0 0.9961959 0.08714199 0 0.9961959 0.08714199 0 0.9659221 0.258833 0 0.9659221 0.258833 0 0.9063062 0.4226219 0 0.9063062 0.4226219 0 0.8191623 0.5735619 0 0.8191623 0.5735619 0 0.7070968 0.7071168 0 0.7070968 0.7071168 0 0.5735816 0.8191484 0 0.5735816 0.8191484 0 0.4226138 0.9063099 0 0.4226138 0.9063099 0 0.2588189 0.9659258 0 0.2588189 0.9659258 0 0.08715701 0.9961946 0 0.08715701 0.9961946 0 -0.08715468 0.9961948 0 -0.08715468 0.9961948 0 -0.2588256 0.965924 0 -0.2588256 0.965924 0 -0.4226138 0.9063099 0 -0.4226138 0.9063099 0 -0.5735691 0.8191573 0 -0.5735691 0.8191573 0 -0.7071102 0.7071035 0 -0.7071102 0.7071035 0 -0.8191497 0.5735798 0 -0.8191497 0.5735798 0 -0.9063062 0.4226219 0 -0.9063062 0.4226219 0 -0.9659287 0.2588081 0 -0.9659287 0.2588081 0 -0.9961936 0.08716851 0 -0.9961936 0.08716851 0 -0.9961936 -0.08716911 0 -0.9961936 -0.08716911 0 -0.9659287 -0.2588081 0 -0.9659287 -0.2588081 0 -0.9063062 -0.4226219 0 -0.9063062 -0.4226219 0 -0.8191497 -0.5735798 0 -0.8191497 -0.5735798 0 -0.7071102 -0.7071035 0 -0.7071102 -0.7071035 0 -0.5735691 -0.8191573 0 -0.5735691 -0.8191573 0 -0.4226138 -0.9063099 0 -0.4226138 -0.9063099 0 -0.2588256 -0.965924 0 -0.2588256 -0.965924 0 -0.08715468 -0.9961948 0 -0.08715468 -0.9961948 0 0.08715701 -0.9961946 0 0.08715701 -0.9961946 0 0.2588189 -0.9659258 0 0.2588189 -0.9659258 0 0.4226138 -0.9063099 0 0.4226138 -0.9063099 0 0.5735816 -0.8191484 0 0.5735816 -0.8191484 0 0.7070968 -0.7071168 0 0.7070968 -0.7071168 0 0.8191623 -0.5735619 0 0.8191623 -0.5735619 0 0.9063062 -0.4226219 0 0.9063062 -0.4226219 0 0.9659221 -0.258833 0 0.9659221 -0.258833 0 0.9961959 -0.08714199 0 0.9961959 -0.08714199 0 0.9961959 0.08714258 0 0.9961959 0.08714258 0 0.9659221 0.258833 0 0.9659221 0.258833 0 0.9063062 0.4226219 0 0.9063062 0.4226219 0 0.8191623 0.5735619 0 0.8191623 0.5735619 0 0.7070968 0.7071168 0 0.7070968 0.7071168 0 0.5735816 0.8191484 0 0.5735816 0.8191484 0 0.4226138 0.9063099 0 0.4226138 0.9063099 0 0.2588189 0.9659258 0 0.2588189 0.9659258 0 0.08715701 0.9961946 0 0.08715701 0.9961946 0 -0.08715468 0.9961948 0 -0.08715468 0.9961948 0 -0.2588256 0.965924 0 -0.2588256 0.965924 0 -0.4226138 0.9063099 0 -0.4226138 0.9063099 0 -0.5735691 0.8191573 0 -0.5735691 0.8191573 0 -0.7071102 0.7071035 0 -0.7071102 0.7071035 0 -0.8191497 0.5735798 0 -0.8191497 0.5735798 0 -0.9063062 0.4226219 0 -0.9063062 0.4226219 0 -0.9659287 0.2588081 0 -0.9659287 0.2588081 0 -0.9961936 0.08716911 0 -0.9961936 0.08716911 0 -0.9961936 -0.08716851 0 -0.9961936 -0.08716851 0 -0.9659287 -0.2588081 0 -0.9659287 -0.2588081 0 -0.9063062 -0.4226219 0 -0.9063062 -0.4226219 0 -0.8191497 -0.5735798 0 -0.8191497 -0.5735798 0 -0.7071102 -0.7071035 0 -0.7071102 -0.7071035 0 -0.5735691 -0.8191573 0 -0.5735691 -0.8191573 0 -0.4226138 -0.9063099 0 -0.4226138 -0.9063099 0 -0.2588256 -0.965924 0 -0.2588256 -0.965924 0 -0.08715468 -0.9961948 0 -0.08715468 -0.9961948 0 0.08715468 -0.9961948 0 0.08715468 -0.9961948 0 0.2588256 -0.965924 0 0.2588256 -0.965924 0 0.4226138 -0.9063099 0 0.4226138 -0.9063099 0 0.5735691 -0.8191573 0 0.5735691 -0.8191573 0 0.7071102 -0.7071035 0 0.7071102 -0.7071035 0 0.8191497 -0.5735798 0 0.8191497 -0.5735798 0 0.9063062 -0.4226219 0 0.9063062 -0.4226219 0 0.9659287 -0.2588081 0 0.9659287 -0.2588081 0 0.9961936 -0.08716851 0 0.9961936 -0.08716851 0 0.9961936 0.08716911 0 0.9961936 0.08716911 0 0.9659287 0.2588081 0 0.9659287 0.2588081 0 0.9063062 0.4226219 0 0.9063062 0.4226219 0 0.8191497 0.5735798 0 0.8191497 0.5735798 0 0.7071102 0.7071035 0 0.7071102 0.7071035 0 0.5735691 0.8191573 0 0.5735691 0.8191573 0 0.4226138 0.9063099 0 0.4226138 0.9063099 0 0.2588256 0.965924 0 0.2588256 0.965924 0 0.08715468 0.9961948 0 0.08715468 0.9961948 0 -0.08715701 0.9961946 0 -0.08715701 0.9961946 0 -0.2588189 0.9659258 0 -0.2588189 0.9659258 0 -0.4226138 0.9063099 0 -0.4226138 0.9063099 0 -0.5735816 0.8191484 0 -0.5735816 0.8191484 0 -0.7070968 0.7071168 0 -0.7070968 0.7071168 0 -0.8191623 0.5735619 0 -0.8191623 0.5735619 0 -0.9063062 0.4226219 0 -0.9063062 0.4226219 0 -0.9659221 0.258833 0 -0.9659221 0.258833 0 -0.9961959 0.08714258 0 -0.9961959 0.08714258 0 -0.9961959 -0.08714199 0 -0.9961959 -0.08714199 0 -0.9659221 -0.258833 0 -0.9659221 -0.258833 0 -0.9063062 -0.4226219 0 -0.9063062 -0.4226219 0 -0.8191623 -0.5735619 0 -0.8191623 -0.5735619 0 -0.7070968 -0.7071168 0 -0.7070968 -0.7071168 0 -0.5735816 -0.8191484 0 -0.5735816 -0.8191484 0 -0.4226138 -0.9063099 0 -0.4226138 -0.9063099 0 -0.2588189 -0.9659258 0 -0.2588189 -0.9659258 0 -0.08715701 -0.9961946 0 -0.08715701 -0.9961946 0 0 1 0 0 1 0 0 1 0 0 1 0 0 1 0 0 1 0 0 1 0 0 1 0 0 1 0 0 1 0 0 1 0 0 1 0 0 1 0 0 1 0 0 1 0 0 1 0 0 1 0 0 1 0 0 1 0 0 1 0 0 1 0 0 1 0 0 1 0 0 1 0 0 1 0 0 1 0 0 -1 0 0 -1 0 0 -1 0 0 -1 0 0 -1 0 0 -1 0 0 -1 0 0 -1 0 0 -1 0 0 -1 0 0 -1 0 0 -1 0 0 -1 0 0 -1 0 0 -1 0 0 -1 0 0 -1 0 0 -1 0 0 -1 0 0 -1 0 0 -1 0 0 -1 0 0 -1 0 0 -1 0 0 -1 0 0 -1 0 -0.08715689 0.9961946 0 -0.08715689 0.9961946 0 -0.2588185 0.9659259 0 -0.2588185 0.9659259 0 -0.4226183 0.9063078 0 -0.4226183 0.9063078 0 -0.5735765 0.819152 0 -0.5735765 0.819152 0 -0.7071079 0.7071057 0 -0.7071079 0.7071057 0 -0.81915 0.5735794 0 -0.81915 0.5735794 0 -0.9063086 0.4226166 0 -0.9063086 0.4226166 0 -0.9659253 0.2588211 0 -0.9659253 0.2588211 0 -0.996195 0.08715265 0 -0.996195 0.08715265 0 0.08715689 0.9961946 0 0.08715689 0.9961946 0 0.2588191 0.9659258 0 0.2588191 0.9659258 0 0.4226183 0.9063078 0 0.4226183 0.9063078 0 0.5735765 0.819152 0 0.5735765 0.819152 0 0.7071079 0.7071057 0 0.7071079 0.7071057 0 0.81915 0.5735794 0 0.81915 0.5735794 0 0.9063086 0.4226166 0 0.9063086 0.4226166 0 0.9659253 0.2588211 0 0.9659253 0.2588211 0 0.996195 0.08715265 0 0.996195 0.08715265 0 -0.08715689 -0.9961946 0 -0.08715689 -0.9961946 0 -0.2588185 -0.9659259 0 -0.2588185 -0.9659259 0 -0.4226183 -0.9063078 0 -0.4226183 -0.9063078 0 -0.5735765 -0.819152 0 -0.5735765 -0.819152 0 -0.7071079 -0.7071057 0 -0.7071079 -0.7071057 0 -0.81915 -0.5735794 0 -0.81915 -0.5735794 0 -0.9063086 -0.4226166 0 -0.9063086 -0.4226166 0 -0.9659253 -0.2588211 0 -0.9659253 -0.2588211 0 -0.996195 -0.08715265 0 -0.996195 -0.08715265 0 0.996195 -0.08715265 0 0.996195 -0.08715265 0 0.9659253 -0.2588211 0 0.9659253 -0.2588211 0 0.9063086 -0.4226166 0 0.9063086 -0.4226166 0 0.81915 -0.5735794 0 0.81915 -0.5735794 0 0.7071079 -0.7071057 0 0.7071079 -0.7071057 0 0.5735765 -0.819152 0 0.5735765 -0.819152 0 0.4226183 -0.9063078 0 0.4226183 -0.9063078 0 0.2588191 -0.9659258 0 0.2588191 -0.9659258 0 0.08715689 -0.9961946 0 0.08715689 -0.9961946 0 -0.8532818 -0.5214501 0 -0.8532818 -0.5214501 0 -0.8532818 -0.5214502 0 -0.8532818 -0.5214501 0 -0.853282 -0.5214496 -1.43044e-7 -0.8532825 -0.5214489 0 -0.8532818 -0.5214501 0 -0.8532818 -0.5214501 0 -0.8914847 0.4530508 0 -0.8914847 0.4530508 0 -0.9512745 0.3083453 0 -0.9512745 0.3083453 0 -0.9877427 0.1560907 0 -0.9877427 0.1560907 0 -0.9992325 0.03916954 0 -0.9992325 0.03916954 0 -0.9992325 -0.03916954 0 -0.9992325 -0.03916954 0 -0.9877427 -0.1560907 0 -0.9877427 -0.1560907 0 -0.9512745 -0.3083453 0 -0.9512745 -0.3083453 0 -0.8914847 -0.4530508 0 -0.8914847 -0.4530508 0 -0.8532818 0.5214501 0 -0.8532818 0.5214501 0 -0.8532818 0.5214501 0 -0.8532825 0.5214489 0 -0.853282 0.5214496 -1.43044e-7 -0.8532818 0.5214501 0 -0.8532818 0.5214502 0 -0.8532818 0.5214501 0 1 0 0 1 0 0 1 0 0 1 0 0 1 0 0 1 0 0 1 0 0 1 0 0 1 0 0 1 0 0 1 0 0 1 0 0 0 1 0 0 1 0 0 1 0 0 1 0 0 1 0 0 1 0 0 1 0 0 1 0 -1 0 0 -1 0 0 -1 0 0 -1 0 0 1 0 0 1 0 0 1 0 0 1 0 0 1 0 0 1 0 0 1 0 0 1 0 0 -0.8058195 -0.5921613 0 -0.8058195 -0.5921613 0 -0.6937508 -0.7202152 0 -0.6937508 -0.7202152 0 -0.561594 -0.8274129 0 -0.561594 -0.8274129 0 -0.4131736 -0.9106523 0 -0.4131736 -0.9106523 0 -0.2527906 -0.967521 0 -0.2527906 -0.967521 0 -0.08508348 -0.9963738 0 -0.08508348 -0.9963738 0 0.08508396 -0.9963737 0 0.08508396 -0.9963737 0 0.2527893 -0.9675214 0 0.2527893 -0.9675214 0 0.4131736 -0.9106523 0 0.4131736 -0.9106523 0 0.561594 -0.8274129 0 0.561594 -0.8274129 0 0.6937536 -0.7202125 0 0.6937536 -0.7202125 0 0.8058195 -0.5921613 0 0.8058195 -0.5921613 0 -0.8532818 -0.52145 0 -0.8532818 -0.52145 0 0.8532818 -0.52145 0 0.8532818 -0.52145 0 -0.8532818 0.52145 0 -0.8532818 0.52145 0 0.8058195 0.5921613 0 0.8058195 0.5921613 0 0.6937536 0.7202125 0 0.6937536 0.7202125 0 0.561594 0.8274129 0 0.561594 0.8274129 0 0.4131736 0.9106523 0 0.4131736 0.9106523 0 0.2527893 0.9675214 0 0.2527893 0.9675214 0 0.08508396 0.9963737 0 0.08508396 0.9963737 0 -0.08508348 0.9963738 0 -0.08508348 0.9963738 0 -0.2527906 0.967521 0 -0.2527906 0.967521 0 -0.4131736 0.9106523 0 -0.4131736 0.9106523 0 -0.561594 0.8274129 0 -0.561594 0.8274129 0 -0.6937508 0.7202152 0 -0.6937508 0.7202152 0 -0.8058195 0.5921613 0 -0.8058195 0.5921613 0 0.8532818 0.52145 0 0.8532818 0.52145 0 -1 0 0 -1 0 0 -1 0 0 -1 0 0 -1 0 0 -1 0 0 -1 0 0 -1 0 0 -1 0 0 -1 0 0 -1 0 0 -1 0 0 0.8532819 0.5214501 0 0.8532819 0.5214501 0 0.8532818 0.5214502 0 0.8532818 0.5214501 0 0.853282 0.5214496 -1.43044e-7 0.8532825 0.5214489 0 0.8532818 0.5214501 0 0.8532818 0.5214501 0 0.8914823 -0.4530555 0 0.8914823 -0.4530555 0 0.9512745 -0.3083453 0 0.9512745 -0.3083453 0 0.9877427 -0.1560907 0 0.9877427 -0.1560907 0 0.9992325 -0.03916954 0 0.9992325 -0.03916954 0 0.9992325 0.03916954 0 0.9992325 0.03916954 0 0.9877427 0.1560907 0 0.9877427 0.1560907 0 0.9512745 0.3083453 0 0.9512745 0.3083453 0 0.8914823 0.4530555 0 0.8914823 0.4530555 0 0.8532819 -0.5214501 0 0.8532818 -0.5214501 0 0.8532818 -0.5214501 0 0.8532825 -0.5214489 0 0.853282 -0.5214496 -1.43044e-7 0.8532818 -0.5214501 0 0.8532818 -0.5214502 0 0.8532819 -0.5214501 0 0 -1 0 0 -1 0 0 -1 0 0 -1 0 0 -1 0 0 -1 0 0 -1 0 0 -1 0 0 1 0 0 1 0 0 1 0 0 1 0 0 1 0 0 1 0 0 1 0 0 1 0 0 1 0 0 1 0 0 -1 0 0 -1 0 0 -1 0 0 -1 0 0 -1 0 0 -1 0 0 -1 0 0 -1 0 0 -1 0 0 -1 0 -1 0 0 -1 0 0 -1 0 0 -1 0 0 0.08715468 -0.9961948 0 0.08715468 -0.9961948 0 0.2588189 -0.9659258 0 0.2588189 -0.9659258 0 0.4226138 -0.9063099 0 0.4226138 -0.9063099 0 0.5735816 -0.8191484 0 0.5735816 -0.8191484 0 0.7071102 -0.7071035 0 0.7071102 -0.7071035 0 0.8191497 -0.5735798 0 0.8191497 -0.5735798 0 0.9063062 -0.4226219 0 0.9063062 -0.4226219 0 0.9659287 -0.2588081 0 0.9659287 -0.2588081 0 0.9961936 -0.08716911 0 0.9961936 -0.08716911 0 0.9961936 0.08716851 0 0.9961936 0.08716851 0 0.9659287 0.2588081 0 0.9659287 0.2588081 0 0.9063062 0.4226219 0 0.9063062 0.4226219 0 0.8191497 0.5735798 0 0.8191497 0.5735798 0 0.7071102 0.7071035 0 0.7071102 0.7071035 0 0.5735816 0.8191484 0 0.5735816 0.8191484 0 0.4226138 0.9063099 0 0.4226138 0.9063099 0 0.2588189 0.9659258 0 0.2588189 0.9659258 0 0.08715468 0.9961948 0 0.08715468 0.9961948 0 -0.08715701 0.9961946 0 -0.08715701 0.9961946 0 -0.2588189 0.9659258 0 -0.2588189 0.9659258 0 -0.4226138 0.9063099 0 -0.4226138 0.9063099 0 -0.5735816 0.8191484 0 -0.5735816 0.8191484 0 -0.7071102 0.7071035 0 -0.7071102 0.7071035 0 -0.8191497 0.5735798 0 -0.8191497 0.5735798 0 -0.9063062 0.4226219 0 -0.9063062 0.4226219 0 -0.9659287 0.2588081 0 -0.9659287 0.2588081 0 -0.9961936 0.08716851 0 -0.9961936 0.08716851 0 -0.9961936 -0.08716911 0 -0.9961936 -0.08716911 0 -0.9659287 -0.2588081 0 -0.9659287 -0.2588081 0 -0.9063062 -0.4226219 0 -0.9063062 -0.4226219 0 -0.8191497 -0.5735798 0 -0.8191497 -0.5735798 0 -0.7071102 -0.7071035 0 -0.7071102 -0.7071035 0 -0.5735816 -0.8191484 0 -0.5735816 -0.8191484 0 -0.4226138 -0.9063099 0 -0.4226138 -0.9063099 0 -0.2588189 -0.9659258 0 -0.2588189 -0.9659258 0 -0.08715701 -0.9961946 0 -0.08715701 -0.9961946 0 0.08715701 -0.9961946 0 0.08715701 -0.9961946 0 0.2588189 -0.9659258 0 0.2588189 -0.9659258 0 0.4226138 -0.9063099 0 0.4226138 -0.9063099 0 0.5735816 -0.8191484 0 0.5735816 -0.8191484 0 0.7071102 -0.7071035 0 0.7071102 -0.7071035 0 0.8191497 -0.5735798 0 0.8191497 -0.5735798 0 0.9063062 -0.4226219 0 0.9063062 -0.4226219 0 0.9659287 -0.2588081 0 0.9659287 -0.2588081 0 0.9961936 -0.08716851 0 0.9961936 -0.08716851 0 0.9961936 0.08716911 0 0.9961936 0.08716911 0 0.9659287 0.2588081 0 0.9659287 0.2588081 0 0.9063062 0.4226219 0 0.9063062 0.4226219 0 0.8191497 0.5735798 0 0.8191497 0.5735798 0 0.7071102 0.7071035 0 0.7071102 0.7071035 0 0.5735816 0.8191484 0 0.5735816 0.8191484 0 0.4226138 0.9063099 0 0.4226138 0.9063099 0 0.2588189 0.9659258 0 0.2588189 0.9659258 0 0.08715701 0.9961946 0 0.08715701 0.9961946 0 -0.08715468 0.9961948 0 -0.08715468 0.9961948 0 -0.2588189 0.9659258 0 -0.2588189 0.9659258 0 -0.4226138 0.9063099 0 -0.4226138 0.9063099 0 -0.5735816 0.8191484 0 -0.5735816 0.8191484 0 -0.7071102 0.7071035 0 -0.7071102 0.7071035 0 -0.8191497 0.5735798 0 -0.8191497 0.5735798 0 -0.9063062 0.4226219 0 -0.9063062 0.4226219 0 -0.9659287 0.2588081 0 -0.9659287 0.2588081 0 -0.9961936 0.08716911 0 -0.9961936 0.08716911 0 -0.9961936 -0.08716851 0 -0.9961936 -0.08716851 0 -0.9659287 -0.2588081 0 -0.9659287 -0.2588081 0 -0.9063062 -0.4226219 0 -0.9063062 -0.4226219 0 -0.8191497 -0.5735798 0 -0.8191497 -0.5735798 0 -0.7071102 -0.7071035 0 -0.7071102 -0.7071035 0 -0.5735816 -0.8191484 0 -0.5735816 -0.8191484 0 -0.4226138 -0.9063099 0 -0.4226138 -0.9063099 0 -0.2588189 -0.9659258 0 -0.2588189 -0.9659258 0 -0.08715468 -0.9961948 0 -0.08715468 -0.9961948 0 0.08715468 -0.9961948 0 0.08715468 -0.9961948 0 0.2588189 -0.9659258 0 0.2588189 -0.9659258 0 0.4226138 -0.9063099 0 0.4226138 -0.9063099 0 0.5735816 -0.8191484 0 0.5735816 -0.8191484 0 0.7071102 -0.7071035 0 0.7071102 -0.7071035 0 0.8191497 -0.5735798 0 0.8191497 -0.5735798 0 0.9063062 -0.4226219 0 0.9063062 -0.4226219 0 0.9659287 -0.2588081 0 0.9659287 -0.2588081 0 0.9961936 -0.08716851 0 0.9961936 -0.08716851 0 0.9961936 0.08716911 0 0.9961936 0.08716911 0 0.9659287 0.2588081 0 0.9659287 0.2588081 0 0.9063062 0.4226219 0 0.9063062 0.4226219 0 0.8191497 0.5735798 0 0.8191497 0.5735798 0 0.7071102 0.7071035 0 0.7071102 0.7071035 0 0.5735816 0.8191484 0 0.5735816 0.8191484 0 0.4226138 0.9063099 0 0.4226138 0.9063099 0 0.2588189 0.9659258 0 0.2588189 0.9659258 0 0.08715468 0.9961948 0 0.08715468 0.9961948 0 -0.08715701 0.9961946 0 -0.08715701 0.9961946 0 -0.2588189 0.9659258 0 -0.2588189 0.9659258 0 -0.4226138 0.9063099 0 -0.4226138 0.9063099 0 -0.5735816 0.8191484 0 -0.5735816 0.8191484 0 -0.7071102 0.7071035 0 -0.7071102 0.7071035 0 -0.8191497 0.5735798 0 -0.8191497 0.5735798 0 -0.9063062 0.4226219 0 -0.9063062 0.4226219 0 -0.9659287 0.2588081 0 -0.9659287 0.2588081 0 -0.9961936 0.08716911 0 -0.9961936 0.08716911 0 -0.9961936 -0.08716851 0 -0.9961936 -0.08716851 0 -0.9659287 -0.2588081 0 -0.9659287 -0.2588081 0 -0.9063062 -0.4226219 0 -0.9063062 -0.4226219 0 -0.8191497 -0.5735798 0 -0.8191497 -0.5735798 0 -0.7071102 -0.7071035 0 -0.7071102 -0.7071035 0 -0.5735816 -0.8191484 0 -0.5735816 -0.8191484 0 -0.4226138 -0.9063099 0 -0.4226138 -0.9063099 0 -0.2588189 -0.9659258 0 -0.2588189 -0.9659258 0 -0.08715701 -0.9961946 0 -0.08715701 -0.9961946 0 0.08715581 -0.9961947 0 0.08715581 -0.9961947 0 0.2588222 -0.965925 0 0.2588222 -0.965925 0 0.4226138 -0.9063099 0 0.4226138 -0.9063099 0 0.5735753 -0.8191528 0 0.5735753 -0.8191528 0 0.7071102 -0.7071035 0 0.7071102 -0.7071035 0 0.8191497 -0.5735798 0 0.8191497 -0.5735798 0 0.9063062 -0.4226219 0 0.9063062 -0.4226219 0 0.9659254 -0.2588205 0 0.9659254 -0.2588205 0 0.9961947 -0.08715522 0 0.9961947 -0.08715522 0 0.9961947 0.08715581 0 0.9961947 0.08715581 0 0.9659254 0.2588205 0 0.9659254 0.2588205 0 0.9063062 0.4226219 0 0.9063062 0.4226219 0 0.8191497 0.5735798 0 0.8191497 0.5735798 0 0.7071102 0.7071035 0 0.7071102 0.7071035 0 0.5735753 0.8191528 0 0.5735753 0.8191528 0 0.4226138 0.9063099 0 0.4226138 0.9063099 0 0.2588222 0.965925 0 0.2588222 0.965925 0 0.08715581 0.9961947 0 0.08715581 0.9961947 0 -0.08715468 0.9961948 0 -0.08715468 0.9961948 0 -0.2588222 0.965925 0 -0.2588222 0.965925 0 -0.4226138 0.9063099 0 -0.4226138 0.9063099 0 -0.5735816 0.8191484 0 -0.5735816 0.8191484 0 -0.7071034 0.7071101 0 -0.7071034 0.7071101 0 -0.819156 0.5735709 0 -0.819156 0.5735709 0 -0.9063062 0.4226219 0 -0.9063062 0.4226219 0 -0.9659254 0.2588205 0 -0.9659254 0.2588205 0 -0.9961947 0.08715581 0 -0.9961947 0.08715581 0 -0.9961947 -0.08715522 0 -0.9961947 -0.08715522 0 -0.9659254 -0.2588205 0 -0.9659254 -0.2588205 0 -0.9063062 -0.4226219 0 -0.9063062 -0.4226219 0 -0.819156 -0.5735709 0 -0.819156 -0.5735709 0 -0.7071034 -0.7071101 0 -0.7071034 -0.7071101 0 -0.5735816 -0.8191484 0 -0.5735816 -0.8191484 0 -0.4226138 -0.9063099 0 -0.4226138 -0.9063099 0 -0.2588222 -0.965925 0 -0.2588222 -0.965925 0 -0.08715468 -0.9961948 0 -0.08715468 -0.9961948 0 0.08715581 -0.9961947 0 0.08715581 -0.9961947 0 0.2588222 -0.965925 0 0.2588222 -0.965925 0 0.4226138 -0.9063099 0 0.4226138 -0.9063099 0 0.5735753 -0.8191528 0 0.5735753 -0.8191528 0 0.7071102 -0.7071035 0 0.7071102 -0.7071035 0 0.8191497 -0.5735798 0 0.8191497 -0.5735798 0 0.9063062 -0.4226219 0 0.9063062 -0.4226219 0 0.9659254 -0.2588205 0 0.9659254 -0.2588205 0 0.9961947 -0.08715581 0 0.9961947 -0.08715581 0 0.9961947 0.08715522 0 0.9961947 0.08715522 0 0.9659254 0.2588205 0 0.9659254 0.2588205 0 0.9063062 0.4226219 0 0.9063062 0.4226219 0 0.8191497 0.5735798 0 0.8191497 0.5735798 0 0.7071102 0.7071035 0 0.7071102 0.7071035 0 0.5735753 0.8191528 0 0.5735753 0.8191528 0 0.4226138 0.9063099 0 0.4226138 0.9063099 0 0.2588222 0.965925 0 0.2588222 0.965925 0 0.08715581 0.9961947 0 0.08715581 0.9961947 0 -0.08715468 0.9961948 0 -0.08715468 0.9961948 0 -0.2588222 0.965925 0 -0.2588222 0.965925 0 -0.4226138 0.9063099 0 -0.4226138 0.9063099 0 -0.5735816 0.8191484 0 -0.5735816 0.8191484 0 -0.7071034 0.7071101 0 -0.7071034 0.7071101 0 -0.819156 0.5735709 0 -0.819156 0.5735709 0 -0.9063062 0.4226219 0 -0.9063062 0.4226219 0 -0.9659254 0.2588205 0 -0.9659254 0.2588205 0 -0.9961947 0.08715522 0 -0.9961947 0.08715522 0 -0.9961947 -0.08715581 0 -0.9961947 -0.08715581 0 -0.9659254 -0.2588205 0 -0.9659254 -0.2588205 0 -0.9063062 -0.4226219 0 -0.9063062 -0.4226219 0 -0.819156 -0.5735709 0 -0.819156 -0.5735709 0 -0.7071034 -0.7071101 0 -0.7071034 -0.7071101 0 -0.5735816 -0.8191484 0 -0.5735816 -0.8191484 0 -0.4226138 -0.9063099 0 -0.4226138 -0.9063099 0 -0.2588222 -0.965925 0 -0.2588222 -0.965925 0 -0.08715468 -0.9961948 0 -0.08715468 -0.9961948 0 0.08715468 -0.9961948 0 0.08715468 -0.9961948 0 0.2588256 -0.965924 0 0.2588256 -0.965924 0 0.4226138 -0.9063099 0 0.4226138 -0.9063099 0 0.5735816 -0.8191484 0 0.5735816 -0.8191484 0 0.7070968 -0.7071168 0 0.7070968 -0.7071168 0 0.8191623 -0.5735619 0 0.8191623 -0.5735619 0 0.9063062 -0.4226219 0 0.9063062 -0.4226219 0 0.9659221 -0.258833 0 0.9659221 -0.258833 0 0.9961959 -0.08714258 0 0.9961959 -0.08714258 0 0.9961959 0.08714199 0 0.9961959 0.08714199 0 0.9659221 0.258833 0 0.9659221 0.258833 0 0.9063062 0.4226219 0 0.9063062 0.4226219 0 0.8191623 0.5735619 0 0.8191623 0.5735619 0 0.7070968 0.7071168 0 0.7070968 0.7071168 0 0.5735816 0.8191484 0 0.5735816 0.8191484 0 0.4226138 0.9063099 0 0.4226138 0.9063099 0 0.2588256 0.965924 0 0.2588256 0.965924 0 0.08715468 0.9961948 0 0.08715468 0.9961948 0 -0.08715468 0.9961948 0 -0.08715468 0.9961948 0 -0.2588256 0.965924 0 -0.2588256 0.965924 0 -0.4226138 0.9063099 0 -0.4226138 0.9063099 0 -0.5735691 0.8191573 0 -0.5735691 0.8191573 0 -0.7071102 0.7071035 0 -0.7071102 0.7071035 0 -0.8191497 0.5735798 0 -0.8191497 0.5735798 0 -0.9063062 0.4226219 0 -0.9063062 0.4226219 0 -0.9659287 0.2588081 0 -0.9659287 0.2588081 0 -0.9961936 0.08716851 0 -0.9961936 0.08716851 0 -0.9961936 -0.08716911 0 -0.9961936 -0.08716911 0 -0.9659287 -0.2588081 0 -0.9659287 -0.2588081 0 -0.9063062 -0.4226219 0 -0.9063062 -0.4226219 0 -0.8191497 -0.5735798 0 -0.8191497 -0.5735798 0 -0.7071102 -0.7071035 0 -0.7071102 -0.7071035 0 -0.5735691 -0.8191573 0 -0.5735691 -0.8191573 0 -0.4226138 -0.9063099 0 -0.4226138 -0.9063099 0 -0.2588256 -0.965924 0 -0.2588256 -0.965924 0 -0.08715468 -0.9961948 0 -0.08715468 -0.9961948 0 0.08715701 -0.9961946 0 0.08715701 -0.9961946 0 0.2588189 -0.9659258 0 0.2588189 -0.9659258 0 0.4226138 -0.9063099 0 0.4226138 -0.9063099 0 0.5735816 -0.8191484 0 0.5735816 -0.8191484 0 0.7071102 -0.7071035 0 0.7071102 -0.7071035 0 0.8191497 -0.5735798 0 0.8191497 -0.5735798 0 0.9063062 -0.4226219 0 0.9063062 -0.4226219 0 0.9659287 -0.2588081 0 0.9659287 -0.2588081 0 0.9961936 -0.08716911 0 0.9961936 -0.08716911 0 0.9961936 0.08716851 0 0.9961936 0.08716851 0 0.9659287 0.2588081 0 0.9659287 0.2588081 0 0.9063062 0.4226219 0 0.9063062 0.4226219 0 0.8191497 0.5735798 0 0.8191497 0.5735798 0 0.7071102 0.7071035 0 0.7071102 0.7071035 0 0.5735816 0.8191484 0 0.5735816 0.8191484 0 0.4226138 0.9063099 0 0.4226138 0.9063099 0 0.2588189 0.9659258 0 0.2588189 0.9659258 0 0.08715701 0.9961946 0 0.08715701 0.9961946 0 -0.08715468 0.9961948 0 -0.08715468 0.9961948 0 -0.2588189 0.9659258 0 -0.2588189 0.9659258 0 -0.4226138 0.9063099 0 -0.4226138 0.9063099 0 -0.5735816 0.8191484 0 -0.5735816 0.8191484 0 -0.7071102 0.7071035 0 -0.7071102 0.7071035 0 -0.8191497 0.5735798 0 -0.8191497 0.5735798 0 -0.9063062 0.4226219 0 -0.9063062 0.4226219 0 -0.9659287 0.2588081 0 -0.9659287 0.2588081 0 -0.9961936 0.08716851 0 -0.9961936 0.08716851 0 -0.9961936 -0.08716911 0 -0.9961936 -0.08716911 0 -0.9659287 -0.2588081 0 -0.9659287 -0.2588081 0 -0.9063062 -0.4226219 0 -0.9063062 -0.4226219 0 -0.8191497 -0.5735798 0 -0.8191497 -0.5735798 0 -0.7071102 -0.7071035 0 -0.7071102 -0.7071035 0 -0.5735816 -0.8191484 0 -0.5735816 -0.8191484 0 -0.4226138 -0.9063099 0 -0.4226138 -0.9063099 0 -0.2588189 -0.9659258 0 -0.2588189 -0.9659258 0 -0.08715468 -0.9961948 0 -0.08715468 -0.9961948 0 0.08715468 -0.9961948 0 0.08715468 -0.9961948 0 0.2588256 -0.965924 0 0.2588256 -0.965924 0 0.4226138 -0.9063099 0 0.4226138 -0.9063099 0 0.5735816 -0.8191484 0 0.5735816 -0.8191484 0 0.7070968 -0.7071168 0 0.7070968 -0.7071168 0 0.8191623 -0.5735619 0 0.8191623 -0.5735619 0 0.9063062 -0.4226219 0 0.9063062 -0.4226219 0 0.9659221 -0.258833 0 0.9659221 -0.258833 0 0.9961959 -0.08714199 0 0.9961959 -0.08714199 0 0.9961959 0.08714258 0 0.9961959 0.08714258 0 0.9659221 0.258833 0 0.9659221 0.258833 0 0.9063062 0.4226219 0 0.9063062 0.4226219 0 0.8191623 0.5735619 0 0.8191623 0.5735619 0 0.7070968 0.7071168 0 0.7070968 0.7071168 0 0.5735816 0.8191484 0 0.5735816 0.8191484 0 0.4226138 0.9063099 0 0.4226138 0.9063099 0 0.2588256 0.965924 0 0.2588256 0.965924 0 0.08715468 0.9961948 0 0.08715468 0.9961948 0 -0.08715468 0.9961948 0 -0.08715468 0.9961948 0 -0.2588256 0.965924 0 -0.2588256 0.965924 0 -0.4226138 0.9063099 0 -0.4226138 0.9063099 0 -0.5735691 0.8191573 0 -0.5735691 0.8191573 0 -0.7071102 0.7071035 0 -0.7071102 0.7071035 0 -0.8191497 0.5735798 0 -0.8191497 0.5735798 0 -0.9063062 0.4226219 0 -0.9063062 0.4226219 0 -0.9659287 0.2588081 0 -0.9659287 0.2588081 0 -0.9961936 0.08716911 0 -0.9961936 0.08716911 0 -0.9961936 -0.08716851 0 -0.9961936 -0.08716851 0 -0.9659287 -0.2588081 0 -0.9659287 -0.2588081 0 -0.9063062 -0.4226219 0 -0.9063062 -0.4226219 0 -0.8191497 -0.5735798 0 -0.8191497 -0.5735798 0 -0.7071102 -0.7071035 0 -0.7071102 -0.7071035 0 -0.5735691 -0.8191573 0 -0.5735691 -0.8191573 0 -0.4226138 -0.9063099 0 -0.4226138 -0.9063099 0 -0.2588256 -0.965924 0 -0.2588256 -0.965924 0 -0.08715468 -0.9961948 0 -0.08715468 -0.9961948 0 0 1 0 0 1 0 0 1 0 0 1 0 0 1 0 0 1 0 0 -1 0 0 -1 0 0 -1 0 0 -1 0 0 -1 0 0 -1 0 0 1 0 0 1 0 0.08714807 -0.9961954 0 0.08714807 -0.9961954 0 0.2588218 -0.9659251 0 0.2588218 -0.9659251 0 0.4226226 -0.9063057 0 0.4226226 -0.9063057 0 0.5735726 -0.8191547 0 0.5735726 -0.8191547 0 0.7071091 -0.7071044 0 0.7071091 -0.7071044 0 0.8191525 -0.5735759 0 0.8191525 -0.5735759 0 0.9063068 -0.4226205 0 0.9063068 -0.4226205 0 0.965926 -0.2588186 0 0.965926 -0.2588186 0 0.9961946 -0.08715748 0 0.9961946 -0.08715748 0 0.9961946 0.08715748 0 0.9961946 0.08715748 0 0.9659267 0.2588162 0 0.9659267 0.2588162 0 0.9063068 0.4226205 0 0.9063068 0.4226205 0 0.8191525 0.5735759 0 0.8191525 0.5735759 0 0.7071091 0.7071044 0 0.7071091 0.7071044 0 0.5735726 0.8191547 0 0.5735726 0.8191547 0 0.4226226 0.9063057 0 0.4226226 0.9063057 0 0.2588129 0.9659275 0 0.2588129 0.9659275 0 0.08715748 0.9961946 0 0.08715748 0.9961946 0 0 -1 0 0 -1 0 -0.08715748 0.9961946 0 -0.08715748 0.9961946 0 -0.2588129 0.9659275 0 -0.2588129 0.9659275 0 -0.4226226 0.9063057 0 -0.4226226 0.9063057 0 -0.5735704 0.8191563 0 -0.5735704 0.8191563 0 -0.7071115 0.707102 0 -0.7071115 0.707102 0 -0.8191503 0.573579 0 -0.8191503 0.573579 0 -0.9063086 0.4226166 0 -0.9063086 0.4226166 0 -0.9659255 0.2588206 0 -0.9659255 0.2588206 0 -0.9961946 0.08715748 0 -0.9961946 0.08715748 0 -0.9961946 -0.08715748 0 -0.9961946 -0.08715748 0 -0.9659248 -0.258823 0 -0.9659248 -0.258823 0 -0.9063086 -0.4226166 0 -0.9063086 -0.4226166 0 -0.8191503 -0.573579 0 -0.8191503 -0.573579 0 -0.7071115 -0.707102 0 -0.7071115 -0.707102 0 -0.5735704 -0.8191563 0 -0.5735704 -0.8191563 0 -0.4226226 -0.9063057 0 -0.4226226 -0.9063057 0 -0.2588218 -0.9659251 0 -0.2588218 -0.9659251 0 -0.08714807 -0.9961954 0 -0.08714807 -0.9961954 0 0 1 0 0 1 0 0.08715748 -0.9961946 0 0.08715748 -0.9961946 0 0.2588129 -0.9659275 0 0.2588129 -0.9659275 0 0.4226226 -0.9063057 0 0.4226226 -0.9063057 0 0.5735726 -0.8191547 0 0.5735726 -0.8191547 0 0.7071091 -0.7071044 0 0.7071091 -0.7071044 0 0.8191525 -0.5735759 0 0.8191525 -0.5735759 0 0.9063068 -0.4226205 0 0.9063068 -0.4226205 0 0.9659267 -0.2588162 0 0.9659267 -0.2588162 0 0.9961946 -0.08715748 0 0.9961946 -0.08715748 0 0.9961946 0.08715748 0 0.9961946 0.08715748 0 0.965926 0.2588186 0 0.965926 0.2588186 0 0.9063068 0.4226205 0 0.9063068 0.4226205 0 0.8191525 0.5735759 0 0.8191525 0.5735759 0 0.7071091 0.7071044 0 0.7071091 0.7071044 0 0.5735726 0.8191547 0 0.5735726 0.8191547 0 0.4226226 0.9063057 0 0.4226226 0.9063057 0 0.2588218 0.9659251 0 0.2588218 0.9659251 0 0.08714807 0.9961954 0 0.08714807 0.9961954 0 0 -1 0 0 -1 0 -0.08714807 0.9961954 0 -0.08714807 0.9961954 0 -0.2588218 0.9659251 0 -0.2588218 0.9659251 0 -0.4226226 0.9063057 0 -0.4226226 0.9063057 0 -0.5735704 0.8191563 0 -0.5735704 0.8191563 0 -0.7071115 0.707102 0 -0.7071115 0.707102 0 -0.8191503 0.573579 0 -0.8191503 0.573579 0 -0.9063086 0.4226166 0 -0.9063086 0.4226166 0 -0.9659248 0.258823 0 -0.9659248 0.258823 0 -0.9961946 0.08715748 0 -0.9961946 0.08715748 0 -0.9961946 -0.08715748 0 -0.9961946 -0.08715748 0 -0.9659255 -0.2588206 0 -0.9659255 -0.2588206 0 -0.9063086 -0.4226166 0 -0.9063086 -0.4226166 0 -0.8191503 -0.573579 0 -0.8191503 -0.573579 0 -0.7071115 -0.707102 0 -0.7071115 -0.707102 0 -0.5735704 -0.8191563 0 -0.5735704 -0.8191563 0 -0.4226226 -0.9063057 0 -0.4226226 -0.9063057 0 -0.2588129 -0.9659275 0 -0.2588129 -0.9659275 0 -0.08715748 -0.9961946 0 -0.08715748 -0.9961946 0 0.08715629 -0.9961946 0 0.08715629 -0.9961946 0 0.2588173 -0.9659262 0 0.2588173 -0.9659262 0 0.4226137 -0.9063099 0 0.4226137 -0.9063099 0 0.5735888 -0.8191434 0 0.5735888 -0.8191434 0 0.707105 -0.7071086 0 0.707105 -0.7071086 0 0.8191497 -0.5735799 0 0.8191497 -0.5735799 0 0.9063097 -0.4226141 0 0.9063097 -0.4226141 0 0.9659249 -0.2588224 0 0.9659249 -0.2588224 0 0.9961938 -0.0871669 0 0.9961938 -0.0871669 0 0.9961938 0.0871669 0 0.9961938 0.0871669 0 0.9659249 0.2588224 0 0.9659249 0.2588224 0 0.9063097 0.4226141 0 0.9063097 0.4226141 0 0.8191497 0.5735799 0 0.8191497 0.5735799 0 0.707105 0.7071086 0 0.707105 0.7071086 0 0.5735888 0.8191434 0 0.5735888 0.8191434 0 0.4226137 0.9063099 0 0.4226137 0.9063099 0 0.2588173 0.9659262 0 0.2588173 0.9659262 0 0.08715456 0.9961948 0 0.08715456 0.9961948 0 -0.08715456 0.9961948 0 -0.08715456 0.9961948 0 -0.2588173 0.9659262 0 -0.2588173 0.9659262 0 -0.4226247 0.9063048 0 -0.4226247 0.9063048 0 -0.5735754 0.8191528 0 -0.5735754 0.8191528 0 -0.707105 0.7071086 0 -0.707105 0.7071086 0 -0.8191497 0.5735799 0 -0.8191497 0.5735799 0 -0.9063097 0.4226141 0 -0.9063097 0.4226141 0 -0.9659249 0.2588224 0 -0.9659249 0.2588224 0 -0.9961962 0.08713865 0 -0.9961962 0.08713865 0 -0.9961962 -0.08713865 0 -0.9961962 -0.08713865 0 -0.9659249 -0.2588224 0 -0.9659249 -0.2588224 0 -0.9063097 -0.4226141 0 -0.9063097 -0.4226141 0 -0.8191497 -0.5735799 0 -0.8191497 -0.5735799 0 -0.707105 -0.7071086 0 -0.707105 -0.7071086 0 -0.5735754 -0.8191528 0 -0.5735754 -0.8191528 0 -0.4226247 -0.9063048 0 -0.4226247 -0.9063048 0 -0.2588173 -0.9659262 0 -0.2588173 -0.9659262 0 -0.08715629 -0.9961946 0 -0.08715629 -0.9961946 0 0.08715456 -0.9961948 0 0.08715456 -0.9961948 0 0.2588173 -0.9659262 0 0.2588173 -0.9659262 0 0.4226137 -0.9063099 0 0.4226137 -0.9063099 0 0.5735888 -0.8191434 0 0.5735888 -0.8191434 0 0.707105 -0.7071086 0 0.707105 -0.7071086 0 0.8191497 -0.5735799 0 0.8191497 -0.5735799 0 0.9063097 -0.4226141 0 0.9063097 -0.4226141 0 0.9659249 -0.2588224 0 0.9659249 -0.2588224 0 0.9961938 -0.0871669 0 0.9961938 -0.0871669 0 0.9961938 0.0871669 0 0.9961938 0.0871669 0 0.9659249 0.2588224 0 0.9659249 0.2588224 0 0.9063097 0.4226141 0 0.9063097 0.4226141 0 0.8191497 0.5735799 0 0.8191497 0.5735799 0 0.707105 0.7071086 0 0.707105 0.7071086 0 0.5735888 0.8191434 0 0.5735888 0.8191434 0 0.4226137 0.9063099 0 0.4226137 0.9063099 0 0.2588173 0.9659262 0 0.2588173 0.9659262 0 0.08715629 0.9961946 0 0.08715629 0.9961946 0 -0.08715629 0.9961946 0 -0.08715629 0.9961946 0 -0.2588173 0.9659262 0 -0.2588173 0.9659262 0 -0.4226247 0.9063048 0 -0.4226247 0.9063048 0 -0.5735754 0.8191528 0 -0.5735754 0.8191528 0 -0.707105 0.7071086 0 -0.707105 0.7071086 0 -0.8191497 0.5735799 0 -0.8191497 0.5735799 0 -0.9063097 0.4226141 0 -0.9063097 0.4226141 0 -0.9659249 0.2588224 0 -0.9659249 0.2588224 0 -0.9961962 0.08713865 0 -0.9961962 0.08713865 0 -0.9961962 -0.08713865 0 -0.9961962 -0.08713865 0 -0.9659249 -0.2588224 0 -0.9659249 -0.2588224 0 -0.9063097 -0.4226141 0 -0.9063097 -0.4226141 0 -0.8191497 -0.5735799 0 -0.8191497 -0.5735799 0 -0.707105 -0.7071086 0 -0.707105 -0.7071086 0 -0.5735754 -0.8191528 0 -0.5735754 -0.8191528 0 -0.4226247 -0.9063048 0 -0.4226247 -0.9063048 0 -0.2588173 -0.9659262 0 -0.2588173 -0.9659262 0 -0.08715456 -0.9961948 0 -0.08715456 -0.9961948 0 0.08715456 -0.9961948 0 0.08715456 -0.9961948 0 0.2588173 -0.9659262 0 0.2588173 -0.9659262 0 0.4226247 -0.9063048 0 0.4226247 -0.9063048 0 0.5735754 -0.8191528 0 0.5735754 -0.8191528 0 0.707105 -0.7071086 0 0.707105 -0.7071086 0 0.8191497 -0.5735799 0 0.8191497 -0.5735799 0 0.9063097 -0.4226141 0 0.9063097 -0.4226141 0 0.9659249 -0.2588224 0 0.9659249 -0.2588224 0 0.9961962 -0.08713865 0 0.9961962 -0.08713865 0 0.9961962 0.08713865 0 0.9961962 0.08713865 0 0.9659249 0.2588224 0 0.9659249 0.2588224 0 0.9063097 0.4226141 0 0.9063097 0.4226141 0 0.8191497 0.5735799 0 0.8191497 0.5735799 0 0.707105 0.7071086 0 0.707105 0.7071086 0 0.5735754 0.8191528 0 0.5735754 0.8191528 0 0.4226247 0.9063048 0 0.4226247 0.9063048 0 0.2588173 0.9659262 0 0.2588173 0.9659262 0 0.08715629 0.9961946 0 0.08715629 0.9961946 0 -0.08715629 0.9961946 0 -0.08715629 0.9961946 0 -0.2588173 0.9659262 0 -0.2588173 0.9659262 0 -0.4226137 0.9063099 0 -0.4226137 0.9063099 0 -0.5735888 0.8191434 0 -0.5735888 0.8191434 0 -0.707105 0.7071086 0 -0.707105 0.7071086 0 -0.8191497 0.5735799 0 -0.8191497 0.5735799 0 -0.9063097 0.4226141 0 -0.9063097 0.4226141 0 -0.9659249 0.2588224 0 -0.9659249 0.2588224 0 -0.9961938 0.0871669 0 -0.9961938 0.0871669 0 -0.9961938 -0.0871669 0 -0.9961938 -0.0871669 0 -0.9659249 -0.2588224 0 -0.9659249 -0.2588224 0 -0.9063097 -0.4226141 0 -0.9063097 -0.4226141 0 -0.8191497 -0.5735799 0 -0.8191497 -0.5735799 0 -0.707105 -0.7071086 0 -0.707105 -0.7071086 0 -0.5735888 -0.8191434 0 -0.5735888 -0.8191434 0 -0.4226137 -0.9063099 0 -0.4226137 -0.9063099 0 -0.2588173 -0.9659262 0 -0.2588173 -0.9659262 0 -0.08715456 -0.9961948 0 -0.08715456 -0.9961948 0 0.08715629 -0.9961946 0 0.08715629 -0.9961946 0 0.2588173 -0.9659262 0 0.2588173 -0.9659262 0 0.4226247 -0.9063048 0 0.4226247 -0.9063048 0 0.5735754 -0.8191528 0 0.5735754 -0.8191528 0 0.707105 -0.7071086 0 0.707105 -0.7071086 0 0.8191497 -0.5735799 0 0.8191497 -0.5735799 0 0.9063097 -0.4226141 0 0.9063097 -0.4226141 0 0.9659249 -0.2588224 0 0.9659249 -0.2588224 0 0.9961962 -0.08713865 0 0.9961962 -0.08713865 0 0.9961962 0.08713865 0 0.9961962 0.08713865 0 0.9659249 0.2588224 0 0.9659249 0.2588224 0 0.9063097 0.4226141 0 0.9063097 0.4226141 0 0.8191497 0.5735799 0 0.8191497 0.5735799 0 0.707105 0.7071086 0 0.707105 0.7071086 0 0.5735754 0.8191528 0 0.5735754 0.8191528 0 0.4226247 0.9063048 0 0.4226247 0.9063048 0 0.2588173 0.9659262 0 0.2588173 0.9659262 0 0.08715456 0.9961948 0 0.08715456 0.9961948 0 -0.08715456 0.9961948 0 -0.08715456 0.9961948 0 -0.2588173 0.9659262 0 -0.2588173 0.9659262 0 -0.4226137 0.9063099 0 -0.4226137 0.9063099 0 -0.5735888 0.8191434 0 -0.5735888 0.8191434 0 -0.707105 0.7071086 0 -0.707105 0.7071086 0 -0.8191497 0.5735799 0 -0.8191497 0.5735799 0 -0.9063097 0.4226141 0 -0.9063097 0.4226141 0 -0.9659249 0.2588224 0 -0.9659249 0.2588224 0 -0.9961938 0.0871669 0 -0.9961938 0.0871669 0 -0.9961938 -0.0871669 0 -0.9961938 -0.0871669 0 -0.9659249 -0.2588224 0 -0.9659249 -0.2588224 0 -0.9063097 -0.4226141 0 -0.9063097 -0.4226141 0 -0.8191497 -0.5735799 0 -0.8191497 -0.5735799 0 -0.707105 -0.7071086 0 -0.707105 -0.7071086 0 -0.5735888 -0.8191434 0 -0.5735888 -0.8191434 0 -0.4226137 -0.9063099 0 -0.4226137 -0.9063099 0 -0.2588173 -0.9659262 0 -0.2588173 -0.9659262 0 -0.08715629 -0.9961946 0 -0.08715629 -0.9961946 0 -0.0871548 0.9961948 0 -0.0871548 0.9961948 0 -0.2588178 0.9659261 0 -0.2588178 0.9659261 0 -0.4226225 0.9063059 0 -0.4226225 0.9063059 0 -0.5735785 0.8191506 0 -0.5735785 0.8191506 0 -0.7071068 0.7071068 0 -0.7071068 0.7071068 0 -0.8191478 0.5735825 0 -0.8191478 0.5735825 0 -0.9063118 0.4226097 0 -0.9063118 0.4226097 0 -0.9659261 0.2588178 0 -0.9659261 0.2588178 0 -0.9961948 0.0871548 0 -0.9961948 0.0871548 0 -0.9961948 -0.0871548 0 -0.9961948 -0.0871548 0 -0.9659255 -0.2588204 0 -0.9659255 -0.2588204 0 -0.9063137 -0.4226058 0 -0.9063137 -0.4226058 0 -0.8191444 -0.5735873 0 -0.8191444 -0.5735873 0 -0.7071068 -0.7071068 0 -0.7071068 -0.7071068 0 -0.5735853 -0.8191458 0 -0.5735853 -0.8191458 0 -0.4226141 -0.9063097 0 -0.4226141 -0.9063097 0 -0.2588178 -0.9659261 0 -0.2588178 -0.9659261 0 -0.0871548 -0.9961948 0 -0.0871548 -0.9961948 0 0 1 0 0 1 0 0 1 0 0 1 0 0 1 0 0 1 0 0.0871548 -0.9961948 0 0.0871548 -0.9961948 0 0.2588204 -0.9659255 0 0.2588204 -0.9659255 0 0.4226141 -0.9063097 0 0.4226141 -0.9063097 0 0.5735805 -0.8191493 0 0.5735805 -0.8191493 0 0.7071068 -0.7071068 0 0.7071068 -0.7071068 0 0.8191493 -0.5735805 0 0.8191493 -0.5735805 0 0.9063097 -0.4226141 0 0.9063097 -0.4226141 0 0.9659255 -0.2588204 0 0.9659255 -0.2588204 0 0.9961948 -0.0871548 0 0.9961948 -0.0871548 0 0.9961948 0.0871548 0 0.9961948 0.0871548 0 0.9659261 0.2588178 0 0.9659261 0.2588178 0 0.9063079 0.422618 0 0.9063079 0.422618 0 0.8191525 0.5735757 0 0.8191525 0.5735757 0 0.7071068 0.7071068 0 0.7071068 0.7071068 0 0.5735737 0.819154 0 0.5735737 0.819154 0 0.4226225 0.9063059 0 0.4226225 0.9063059 0 0.2588204 0.9659255 0 0.2588204 0.9659255 0 0.0871548 0.9961948 0 0.0871548 0.9961948 0 0 -1 0 0 -1 0 0 -1 0 0 -1 0 0 -1 0 0 -1 0 -0.0871548 0.9961948 0 -0.0871548 0.9961948 0 -0.2588204 0.9659255 0 -0.2588204 0.9659255 0 -0.4226225 0.9063059 0 -0.4226225 0.9063059 0 -0.5735737 0.819154 0 -0.5735737 0.819154 0 -0.7071068 0.7071068 0 -0.7071068 0.7071068 0 -0.8191525 0.5735757 0 -0.8191525 0.5735757 0 -0.9063079 0.422618 0 -0.9063079 0.422618 0 -0.9659261 0.2588178 0 -0.9659261 0.2588178 0 -0.9961948 0.0871548 0 -0.9961948 0.0871548 0 -0.9961948 -0.0871548 0 -0.9961948 -0.0871548 0 -0.9659255 -0.2588204 0 -0.9659255 -0.2588204 0 -0.9063097 -0.4226141 0 -0.9063097 -0.4226141 0 -0.8191493 -0.5735805 0 -0.8191493 -0.5735805 0 -0.7071068 -0.7071068 0 -0.7071068 -0.7071068 0 -0.5735805 -0.8191493 0 -0.5735805 -0.8191493 0 -0.4226141 -0.9063097 0 -0.4226141 -0.9063097 0 -0.2588204 -0.9659255 0 -0.2588204 -0.9659255 0 -0.0871548 -0.9961948 0 -0.0871548 -0.9961948 0 0 1 0 0 1 0 0 1 0 0 1 0 0 1 0 0 1 0 0.0871548 -0.9961948 0 0.0871548 -0.9961948 0 0.2588204 -0.9659255 0 0.2588204 -0.9659255 0 0.4226141 -0.9063097 0 0.4226141 -0.9063097 0 0.5735805 -0.8191493 0 0.5735805 -0.8191493 0 0.7071068 -0.7071068 0 0.7071068 -0.7071068 0 0.8191493 -0.5735805 0 0.8191493 -0.5735805 0 0.9063097 -0.4226141 0 0.9063097 -0.4226141 0 0.9659255 -0.2588204 0 0.9659255 -0.2588204 0 0.9961948 -0.0871548 0 0.9961948 -0.0871548 0 0.9961948 0.0871548 0 0.9961948 0.0871548 0 0.9659261 0.2588178 0 0.9659261 0.2588178 0 0.9063079 0.422618 0 0.9063079 0.422618 0 0.8191525 0.5735757 0 0.8191525 0.5735757 0 0.7071068 0.7071068 0 0.7071068 0.7071068 0 0.5735737 0.819154 0 0.5735737 0.819154 0 0.4226225 0.9063059 0 0.4226225 0.9063059 0 0.2588204 0.9659255 0 0.2588204 0.9659255 0 0.0871548 0.9961948 0 0.0871548 0.9961948 0 0 -1 0 0 -1 0 0 -1 0 0 -1 0 0 -1 0 0 -1 0 -0.0871548 0.9961948 0 -0.0871548 0.9961948 0 -0.2588204 0.9659255 0 -0.2588204 0.9659255 0 -0.4226141 0.9063097 0 -0.4226141 0.9063097 0 -0.5735805 0.8191493 0 -0.5735805 0.8191493 0 -0.7071068 0.7071068 0 -0.7071068 0.7071068 0 -0.8191493 0.5735805 0 -0.8191493 0.5735805 0 -0.9063097 0.4226141 0 -0.9063097 0.4226141 0 -0.9659255 0.2588204 0 -0.9659255 0.2588204 0 -0.9961948 0.0871548 0 -0.9961948 0.0871548 0 -0.9961948 -0.0871548 0 -0.9961948 -0.0871548 0 -0.9659261 -0.2588178 0 -0.9659261 -0.2588178 0 -0.9063079 -0.422618 0 -0.9063079 -0.422618 0 -0.8191525 -0.5735757 0 -0.8191525 -0.5735757 0 -0.7071068 -0.7071068 0 -0.7071068 -0.7071068 0 -0.5735737 -0.819154 0 -0.5735737 -0.819154 0 -0.4226225 -0.9063059 0 -0.4226225 -0.9063059 0 -0.2588204 -0.9659255 0 -0.2588204 -0.9659255 0 -0.0871548 -0.9961948 0 -0.0871548 -0.9961948 0 0 1 0 0 1 0 0 1 0 0 1 0 0 1 0 0 1 0 0.0871548 -0.9961948 0 0.0871548 -0.9961948 0 0.2588204 -0.9659255 0 0.2588204 -0.9659255 0 0.4226225 -0.9063059 0 0.4226225 -0.9063059 0 0.5735737 -0.819154 0 0.5735737 -0.819154 0 0.7071068 -0.7071068 0 0.7071068 -0.7071068 0 0.8191525 -0.5735757 0 0.8191525 -0.5735757 0 0.9063079 -0.422618 0 0.9063079 -0.422618 0 0.9659261 -0.2588178 0 0.9659261 -0.2588178 0 0.9961948 -0.0871548 0 0.9961948 -0.0871548 0 0.9961948 0.0871548 0 0.9961948 0.0871548 0 0.9659255 0.2588204 0 0.9659255 0.2588204 0 0.9063097 0.4226141 0 0.9063097 0.4226141 0 0.8191493 0.5735805 0 0.8191493 0.5735805 0 0.7071068 0.7071068 0 0.7071068 0.7071068 0 0.5735805 0.8191493 0 0.5735805 0.8191493 0 0.4226141 0.9063097 0 0.4226141 0.9063097 0 0.2588204 0.9659255 0 0.2588204 0.9659255 0 0.0871548 0.9961948 0 0.0871548 0.9961948 0 0 -1 0 0 -1 0 0 -1 0 0 -1 0 0 -1 0 0 -1 0 -0.0871548 0.9961948 0 -0.0871548 0.9961948 0 -0.2588178 0.9659261 0 -0.2588178 0.9659261 0 -0.4226141 0.9063097 0 -0.4226141 0.9063097 0 -0.5735853 0.8191458 0 -0.5735853 0.8191458 0 -0.7071068 0.7071068 0 -0.7071068 0.7071068 0 -0.8191444 0.5735873 0 -0.8191444 0.5735873 0 -0.9063137 0.4226058 0 -0.9063137 0.4226058 0 -0.9659255 0.2588204 0 -0.9659255 0.2588204 0 -0.9961948 0.0871548 0 -0.9961948 0.0871548 0 -0.9961948 -0.0871548 0 -0.9961948 -0.0871548 0 -0.9659261 -0.2588178 0 -0.9659261 -0.2588178 0 -0.9063118 -0.4226097 0 -0.9063118 -0.4226097 0 -0.8191478 -0.5735825 0 -0.8191478 -0.5735825 0 -0.7071068 -0.7071068 0 -0.7071068 -0.7071068 0 -0.5735785 -0.8191506 0 -0.5735785 -0.8191506 0 -0.4226225 -0.9063059 0 -0.4226225 -0.9063059 0 -0.2588178 -0.9659261 0 -0.2588178 -0.9659261 0 -0.0871548 -0.9961948 0 -0.0871548 -0.9961948 0 0 1 0 0 1 0 0 1 0 0 1 0 0 1 0 0 1 0 0.0871548 -0.9961948 0 0.0871548 -0.9961948 0 0.2588204 -0.9659255 0 0.2588204 -0.9659255 0 0.4226225 -0.9063059 0 0.4226225 -0.9063059 0 0.5735737 -0.819154 0 0.5735737 -0.819154 0 0.7071068 -0.7071068 0 0.7071068 -0.7071068 0 0.8191525 -0.5735757 0 0.8191525 -0.5735757 0 0.9063079 -0.422618 0 0.9063079 -0.422618 0 0.9659261 -0.2588178 0 0.9659261 -0.2588178 0 0.9961948 -0.0871548 0 0.9961948 -0.0871548 0 0.9961948 0.0871548 0 0.9961948 0.0871548 0 0.9659255 0.2588204 0 0.9659255 0.2588204 0 0.9063097 0.4226141 0 0.9063097 0.4226141 0 0.8191493 0.5735805 0 0.8191493 0.5735805 0 0.7071068 0.7071068 0 0.7071068 0.7071068 0 0.5735805 0.8191493 0 0.5735805 0.8191493 0 0.4226141 0.9063097 0 0.4226141 0.9063097 0 0.2588204 0.9659255 0 0.2588204 0.9659255 0 0.0871548 0.9961948 0 0.0871548 0.9961948 0 0 -1 0 0 -1 0 0 -1 0 0 -1 0 0 -1 0 0 -1 0 -1 0 0 -1 0 0 -1 0 0 -1 0 0 -1 0 0 -1 0 0 -1 0 0 -1 0 0 -1 0 0 -1 0 0 -1 0 0 -1 0 0 -1 0 0 -1 0 0 -1 0 0 -1 0 0 -1 0 0 -1 0 0 -1 0 0 -1 0 0 -1 0 0 -1 0 0 -1 0 0 -1 0 0 -1 0 0 -1 0 0 -1 0 0 -1 0 0 -1 0 0 -1 0 0 -1 0 0 -1 0 0 -1 0 0 -1 0 0 -1 0 0 -1 0 0 -1 0 0 -1 0 0 -1 0 0 -1 0 0 -1 0 0 -1 0 0 -1 0 0 -1 0 0 -1 0 0 -1 0 0 -1 0 0 -1 0 0 1 0 0 1 0 0 1 0 0 1 0 0 1 0 0 1 0 0 1 0 0 1 0 0 1 0 0 1 0 0 1 0 0 1 0 0 1 0 0 1 0 0 1 0 0 1 0 0 1 0 0 1 0 0 1 0 0 1 0 0 1 0 0 1 0 0 1 0 0 1 0 0 1 0 0 1 0 0 1 0 0 1 0 0 1 0 0 1 0 0 1 0 0 1 0 0 1 0 0 1 0 0 1 0 0 1 0 0 1 0 0 1 0 0 1 0 0 1 0 0 1 0 0 1 0 0 1 0 0 1 0 0 1 0 0 1 0 0 1 0 0 1 0 0 0 1 0 0 1 0 0.08257764 0.9965847 0 0.08257764 0.9965847 0 0.2454866 0.9694 0 0.2454866 0.9694 0 0.4016972 0.9157725 0 0.4016972 0.9157725 0 0.5469531 0.8371633 0 0.5469531 0.8371633 0 0.6772719 0.7357329 0 0.6772719 0.7357329 0 0.7891489 0.6142019 0 0.7891489 0.6142019 0 0.8794699 0.4759545 0 0.8794699 0.4759545 0 0.9458196 0.3246927 0 0.9458196 0.3246927 0 0.9863604 0.1646001 0 0.9863604 0.1646001 0 1 0 0 1 0 0 0.9863602 -0.1646013 0 0.9863602 -0.1646013 0 0.9458203 -0.3246905 0 0.9458203 -0.3246905 0 0.8794699 -0.4759545 0 0.8794699 -0.4759545 0 0.7891476 -0.6142036 0 0.7891476 -0.6142036 0 0.6772719 -0.7357329 0 0.6772719 -0.7357329 0 0.5469531 -0.8371633 0 0.5469531 -0.8371633 0 0.4017002 -0.9157713 0 0.4017002 -0.9157713 0 0.2454866 -0.9694 0 0.2454866 -0.9694 0 0.08257412 -0.9965849 0 0.08257412 -0.9965849 0 0 -1 0 0 -1 0 0 -1 0 0 -1 0 0 -1 0 0 -1 0 0 -1 0 0 -1 0 0 -1 0 0 -1 0 0 -1 0 0 -1 0 0 -1 0 0 -1 0 0 -1 0 0 -1 0 0 -1 0 0 -1 0 0 -1 0 0 -1 0 0 -1 0 0 -1 0 0 -1 0 0 -1 0 0 -1 0 0 -1 0 0 -1 0 0 -1 0 0 -1 0 0 -1 0 0 -1 0 0 -1 0 0 -1 0 0 -1 0 0 -1 0 0 -1 0 0 -1 0 0 -1 0 0 -1 0 0 -1 0 0 -1 0 0 -1 0 0 -1 0 0 -1 0 0 -1 0 0 -1 0 0 -1 0 0 -1 0 0 -1 0 0 -1 0 0 -1 0 0 -1 0 0 -1 0 0 -1 0 0 -1 0 0 -1 0 0 -1 0 0 -1 0 0 -1 0 0 -1 0 0 -1 0 0 -1 0 0 -1 0 0 -1 0 0 -1 0 0 -1 0 0 -1 0 0 -1 0 0 -1 0 0 -1 0 0 -1 0 0 -1 0 0 -1 0 0 -1 0 0 -1 0 0 -1 0 0 -1 0 0 -1 0 0 -1 0 0 -1 0 0 -1 0 0 -1 0 0 -1 0 0 -1 0 0 -1 0 0 -1 0 0 -1 0 0 -1 0 0 -1 0 0 -1 0 0 -1 0 0 -1 0 0 -1 0 0 -1 0 0 -1 0 0 -1 0 0 -1 0 0 -1 0 0 -1 0 0 -1 0 0 -1 0 0 -1 0 0 -1 0 0 -1 0 0 -1 0 0 -1 0 0 -1 0 0 -1 0 0 -1 0 0 -1 0 0 -1 0 0 -1 0 0 -1 0 0 -1 0 0 -1 0 0 -1 0 0 1 0 0 1 0 0 1 0 0 1 0 0 1 0 0 1 0 0 1 0 0 1 0 0 1 0 0 1 0 0 1 0 0 1 0 0 1 0 0 1 0 0 1 0 0 1 0 0 1 0 0 1 0 0 1 0 0 1 0 0 1 0 0 1 0 0 1 0 0 1 0 0 1 0 0 1 0 0 1 0 0 1 0 0 1 0 0 1 0 0 1 0 0 1 0 0 1 0 0 1 0 0 1 0 0 1 0 0 1 0 0 1 0 0 1 0 0 1 0 0 1 0 0 1 0 0 1 0 0 1 0 0 1 0 0 1 0 0 1 0 0 1 0 0 1 0 0 1 0 0 1 0 0 1 0 0 1 0 0 1 0 0 1 0 0 1 0 0 1 0 0 1 0 0 1 0 0 1 0 0 1 0 0 1 0 0 1 0 0 1 0 0 1 0 0 1 0 0 1 0 0 1 0 0 1 0 0 1 0 0 1 0 0 1 0 0 1 0 0 1 0 0 1 0 0 1 0 0 1 0 0 1 0 0 1 0 0 1 0 0 1 0 0 1 0 0 1 0 0 1 0 0 1 0 0 1 0 0 1 0 0 1 0 0 1 0 0 1 0 0 1 0 0 1 0 0 1 0 0 1 0 0 1 0 0 1 0 0 1 0 0 1 0 0 1 0 0 1 0 0 1 0 0 1 0 0 1 0 0 1 0 0 1 0 0 1 0 0 1 0 0 1 0 0 1 0 0 1 0 0 1 0 0 1 0 0 1 0 0 1 0 -0.08715468 -0.9961947 0 -0.08715468 -0.9961947 0 -0.2588189 -0.9659259 0 -0.2588189 -0.9659259 0 -0.4226193 -0.9063073 0 -0.4226193 -0.9063073 0 -0.5735815 -0.8191485 0 -0.5735815 -0.8191485 0 -0.7071068 -0.7071068 0 -0.7071068 -0.7071068 0 -0.8191497 -0.5735798 0 -0.8191497 -0.5735798 0 -0.9063073 -0.4226193 0 -0.9063073 -0.4226193 0 -0.9659283 -0.2588098 0 -0.9659283 -0.2588098 0 -0.9961936 -0.08716851 0 -0.9961936 -0.08716851 0 -0.9961935 0.08716911 0 -0.9961935 0.08716911 0 -0.9659289 0.2588081 0 -0.9659289 0.2588081 0 -0.9063062 0.4226218 0 -0.9063062 0.4226218 0 -0.8191497 0.5735798 0 -0.8191497 0.5735798 0 -0.7071101 0.7071034 0 -0.7071101 0.7071034 0 -0.5735815 0.8191485 0 -0.5735815 0.8191485 0 -0.4226138 0.9063099 0 -0.4226138 0.9063099 0 -0.2588189 0.9659259 0 -0.2588189 0.9659259 0 -0.08715468 0.9961947 0 -0.08715468 0.9961947 0 0 1 0 0 1 0 0.08715468 0.9961947 0 0.08715468 0.9961947 0 0.2588256 0.9659241 0 0.2588256 0.9659241 0 0.4226138 0.9063099 0 0.4226138 0.9063099 0 0.5735691 0.8191573 0 0.5735691 0.8191573 0 0.7071101 0.7071034 0 0.7071101 0.7071034 0 0.8191497 0.5735798 0 0.8191497 0.5735798 0 0.9063062 0.4226218 0 0.9063062 0.4226218 0 0.9659289 0.2588081 0 0.9659289 0.2588081 0 0.9961935 0.08716911 0 0.9961935 0.08716911 0 0.9961936 -0.08716851 0 0.9961936 -0.08716851 0 0.9659283 -0.2588098 0 0.9659283 -0.2588098 0 0.9063073 -0.4226193 0 0.9063073 -0.4226193 0 0.8191497 -0.5735798 0 0.8191497 -0.5735798 0 0.7071068 -0.7071068 0 0.7071068 -0.7071068 0 0.5735691 -0.8191573 0 0.5735691 -0.8191573 0 0.4226193 -0.9063073 0 0.4226193 -0.9063073 0 0.2588256 -0.9659241 0 0.2588256 -0.9659241 0 0.08715468 -0.9961947 0 0.08715468 -0.9961947 0 0 -1 0 0 -1 0 -0.08715468 -0.9961947 0 -0.08715468 -0.9961947 0 -0.2588126 -0.9659275 0 -0.2588126 -0.9659275 0 -0.4226193 -0.9063073 0 -0.4226193 -0.9063073 0 -0.5735815 -0.8191485 0 -0.5735815 -0.8191485 0 -0.7071101 -0.7071034 0 -0.7071101 -0.7071034 0 -0.8191475 -0.5735829 0 -0.8191475 -0.5735829 0 -0.9063073 -0.4226193 0 -0.9063073 -0.4226193 0 -0.9659283 -0.2588098 0 -0.9659283 -0.2588098 0 -0.9961936 -0.08716851 0 -0.9961936 -0.08716851 0 -0.9961936 0.08716851 0 -0.9961936 0.08716851 0 -0.9659283 0.2588098 0 -0.9659283 0.2588098 0 -0.9063073 0.4226193 0 -0.9063073 0.4226193 0 -0.8191486 0.5735813 0 -0.8191486 0.5735813 0 -0.7071084 0.7071051 0 -0.7071084 0.7071051 0 -0.5735815 0.8191485 0 -0.5735815 0.8191485 0 -0.4226193 0.9063073 0 -0.4226193 0.9063073 0 -0.2588158 0.9659267 0 -0.2588158 0.9659267 0 -0.08715468 0.9961947 0 -0.08715468 0.9961947 0 0 0 1 0 0 1 0 0 1 0 0 1 0 0 1 0 0 1 0 0 1 0 0 1 0 0 1 0 0 1 0 0 1 0 0 1 0 0 1 0 0 1 0 0 1 0 0 1 0 0 1 0 0 1 0 0 1 0 0 1 0 0 1 0 0 1 0 0 1 0 0 1 0 0 1 0 0 1 0 0 1 0 0 1 0 0 1 0 0 1 0 0 1 0 0 1 0 0 1 0 0 1 0 0 1 0 0 1 0 0 1 0 0 1 0 0 1 0 0 1 0 0 1 0 0 1 0 0 1 0 0 1 0 0 1 0 0 1 0 0 1 0 0 1 0 0 1 0 0 1 0 0 1 0 0 1 0 0 1 0 0 1 0 0 1 0 0 1 0 0 1 0 0 1 0 0 1 0 0 1 0 0 1 0 0 1 0 0 1 0 0 1 0 0 1 0 0 1 0 0 1 0 0 1 0 0 1 0 0 1 0 0 1 0 0 1 0 0 1 0 0 1 0 0 1 0 0 1 0 0 1 0 0 1 0 0 1 0 0 1 0 0 1 0 0 1 0 0 1 0 0 -1 0 0 -1 0 0 -1 0 0 -1 0 0 -1 0 0 -1 0 0 -1 0 0 -1 0 0 -1 0 0 -1 0 0 -1 0 0 -1 0 0 -1 0 0 -1 0 0 -1 0 0 -1 0 0 -1 0 0 -1 0 0 -1 0 0 -1 0 0 -1 0 0 -1 0 0 -1 0 0 -1 0 0 -1 0 0 -1 0 0 -1 0 0 -1 0 0 -1 0 0 -1 0 0 -1 0 0 -1 0 0 -1 0 0 -1 0 0 -1 0 0 -1 0 0 -1 0 0 -1 0 0 -1 0 0 -1 0 0 -1 0 0 -1 0 0 -1 0 0 -1 0 0 -1 0 0 -1 0 0 -1 0 0 -1 0 0 -1 0 0 -1 0 0 -1 0 0 -1 0 0 -1 0 0 -1 0 0 -1 0 0 -1 0 0 -1 0 0 -1 0 0 -1 0 0 -1 0 0 -1 0 0 -1 0 0 -1 0 0 -1 0 0 -1 0 0 -1 0 0 -1 0 0 -1 0 0 -1 0 0 -1 0 0 -1 0 0 -1 0 0 -1 0 0 -1 0 0 -1 0 0 -1 0 0 -1 0 0 -1 0 0 -1 0 0 -1 0 0 -1 0 0 -1 0 0 -1 0 0 -1 0 0 -1 0 0 -1 0 0 -1 0 0 -1 0 0 -1 0 0 -1 0 0 -1 0 0 -1 0 0 -1 0 0 -1 0 0 -1 0 0 -1 0 0 -1 0 0 -1 0 0 -1 0 0 -1 0 0 -1 0 0 -1 0 0 -1 0 0 -1 0 0 -1 0 0 -1 0 0 -1 0 0 -1 0 0 -1 0 0 -1 0 0 -1 0 0 -1 0 0 -1 0 0 -1 0 0 -1 0 0 -1 0 0 -1 0 0 -1 0 0 -1 0 0 -1 0 0 -1 0 0 -1 0 0 -1 0 0 -1 0 0 -1 0 0 -1 0 0 -1 0 0 -1 0 0 -1 0 0 -1 0 0 -1 0 0 -1 0 0 -1 0 0 -1 0 0 -1 0 0 -1 0 0 -1 0 0 -1 0 0 -1 0 0 -1 0 0 -1 0 0 -1 0 0 -1 0 0 -1 0 0 -1 0 0 -1 0 0 -1 0 0 -1 0 0 -1 0 0 -1 0 0 -1 0 0 -1 0 0 -1 0 0 -1 0 0 -1 0 0 -1 0 0 -1 0 0 -1 0 0 -1 0 0 -1 0 0 -1 0 0 -1 0 0 -1 0 0 -1 0 0 -1 0 0 -1 0 0 -1 0 0 1 0 0 1 0 0 1 0 0 1 0 0 1 0 0 1 0 0 1 0 0 1 0 0 1 0 0 1 0 0 1 0 0 1 0 0 1 0 0 1 0 0 1 0 0 1 0 0 1 0 0 1 0 0 1 0 0 1 0 0 1 0 0 1 0 0 1 0 0 1 0 0 1 0 0 1 0 0 1 0 0 1 0 0 1 0 0 1 0 0 1 0 0 1 0 0 1 0 0 1 0 0 1 0 0 1 0 0 1 0 0 1 0 0 1 0 0 1 0 0 1 0 0 1 0 0 1 0 0 1 0 0 1 0 0 1 0 0 1 0 0 1 0 0 1 0 0 1 0 0 1 0 0 1 0 0 1 0 0 1 0 0 1 0 0 1 0 0 1 0 0 1 0 0 1 0 0 1 0 0 1 0 0 1 0 0 1 0 0 1 0 0 1 0 0 1 0 0 1 0 0 1 0 0 1 0 0 1 0 0 1 0 0 1 0 0 1 0 0 1 0 0 1 0 0 1 0 0 1 0 0 1 0 0 1 0 0 1 0 0 1 0 0 1 0 0 1 0 0 1 -0.08257412 -0.9965849 0 -0.08257412 -0.9965849 0 -0.2454867 -0.9694 0 -0.2454867 -0.9694 0 -0.4017002 -0.9157713 0 -0.4017002 -0.9157713 0 -0.546953 -0.8371633 0 -0.546953 -0.8371633 0 -0.6772719 -0.7357329 0 -0.6772719 -0.7357329 0 -0.7891476 -0.6142036 0 -0.7891476 -0.6142036 0 -0.8794699 -0.4759545 0 -0.8794699 -0.4759545 0 -0.9458203 -0.3246905 0 -0.9458203 -0.3246905 0 -0.9863602 -0.1646013 0 -0.9863602 -0.1646013 0 -1 0 0 -1 0 0 -0.9863604 0.1646001 0 -0.9863604 0.1646001 0 -0.9458196 0.3246926 0 -0.9458196 0.3246926 0 -0.8794699 0.4759545 0 -0.8794699 0.4759545 0 -0.789149 0.6142019 0 -0.789149 0.6142019 0 -0.6772719 0.7357329 0 -0.6772719 0.7357329 0 -0.546953 0.8371633 0 -0.546953 0.8371633 0 -0.4016972 0.9157725 0 -0.4016972 0.9157725 0 -0.2454867 0.9694 0 -0.2454867 0.9694 0 -0.08257764 0.9965847 0 -0.08257764 0.9965847 0 0 -1 0 0 -1 0 0.08715468 0.9961948 0 0.08715468 0.9961948 0 0.2588157 0.9659267 0 0.2588157 0.9659267 0 0.4226295 0.9063025 0 0.4226295 0.9063025 0 0.5735691 0.8191573 0 0.5735691 0.8191573 0 0.7071085 0.7071051 0 0.7071085 0.7071051 0 0.8191487 0.5735813 0 0.8191487 0.5735813 0 0.9063073 0.4226193 0 0.9063073 0.4226193 0 0.9659283 0.2588098 0 0.9659283 0.2588098 0 0.9961936 0.08716851 0 0.9961936 0.08716851 0 0.9961936 -0.08716851 0 0.9961936 -0.08716851 0 0.9659283 -0.2588098 0 0.9659283 -0.2588098 0 0.9063073 -0.4226193 0 0.9063073 -0.4226193 0 0.8191475 -0.5735829 0 0.8191475 -0.5735829 0 0.7071102 -0.7071034 0 0.7071102 -0.7071034 0 0.5735691 -0.8191573 0 0.5735691 -0.8191573 0 0.4226295 -0.9063025 0 0.4226295 -0.9063025 0 0.2588126 -0.9659276 0 0.2588126 -0.9659276 0 0.08715468 -0.9961948 0 0.08715468 -0.9961948 0 0 1 0 0 1 0 0.08715468 0.9961948 0 0.08715468 0.9961948 0 0.2588189 0.9659259 0 0.2588189 0.9659259 0 0.422624 0.9063051 0 0.422624 0.9063051 0 0.5735691 0.8191573 0 0.5735691 0.8191573 0 0.7071102 0.7071034 0 0.7071102 0.7071034 0 0.8191497 0.5735798 0 0.8191497 0.5735798 0 0.9063061 0.4226219 0 0.9063061 0.4226219 0 0.9659287 0.2588081 0 0.9659287 0.2588081 0 0.9961935 0.08716911 0 0.9961935 0.08716911 0 0.9961936 -0.08716851 0 0.9961936 -0.08716851 0 0.9659283 -0.2588098 0 0.9659283 -0.2588098 0 0.9063073 -0.4226193 0 0.9063073 -0.4226193 0 0.8191497 -0.5735798 0 0.8191497 -0.5735798 0 0.7071068 -0.7071068 0 0.7071068 -0.7071068 0 0.5735691 -0.8191573 0 0.5735691 -0.8191573 0 0.4226295 -0.9063025 0 0.4226295 -0.9063025 0 0.2588189 -0.9659259 0 0.2588189 -0.9659259 0 0.08715468 -0.9961948 0 0.08715468 -0.9961948 0 0 1 0 0 1 0 -0.0825811 -0.9965843 0 -0.0825811 -0.9965843 0 -0.2454867 -0.9694 0 -0.2454867 -0.9694 0 -0.4016942 -0.9157739 0 -0.4016942 -0.9157739 0 -0.546953 -0.8371633 0 -0.546953 -0.8371633 0 -0.6772719 -0.7357329 0 -0.6772719 -0.7357329 0 -0.7891503 -0.6142002 0 -0.7891503 -0.6142002 0 -0.8794699 -0.4759545 0 -0.8794699 -0.4759545 0 -0.9458196 -0.3246926 0 -0.9458196 -0.3246926 0 -0.9863604 -0.1646001 0 -0.9863604 -0.1646001 0 -1 0 0 -1 0 0 -0.9863602 0.1646013 0 -0.9863602 0.1646013 0 -0.9458196 0.3246926 0 -0.9458196 0.3246926 0 -0.8794714 0.4759516 0 -0.8794714 0.4759516 0 -0.7891476 0.6142036 0 -0.7891476 0.6142036 0 -0.6772719 0.7357329 0 -0.6772719 0.7357329 0 -0.546953 0.8371633 0 -0.546953 0.8371633 0 -0.4016942 0.9157739 0 -0.4016942 0.9157739 0 -0.2454933 0.9693983 0 -0.2454933 0.9693983 0 -0.08257412 0.9965849 0 -0.08257412 0.9965849 0 0 -1 0 0 -1 0 -0.9397931 0 0.341744 -0.9397962 1.19095e-5 0.3417357 -0.9397931 0 0.341744 -0.9397984 -1.71074e-5 0.3417295 -0.9397923 3.37038e-6 0.341746 -0.9397923 4.37914e-6 0.3417461 -0.9397915 -6.33815e-6 0.3417482 -0.9397924 -3.37527e-6 0.341746 -0.9397984 1.71047e-5 0.3417295 -0.9397923 -4.37914e-6 0.3417461 -0.9397922 -4.78665e-6 0.3417464 -0.9397934 0 0.341743 -0.9397935 0 0.341743 -0.9397922 4.78665e-6 0.3417464 -0.9397909 -1.38763e-5 0.3417503 -0.9397926 -4.51213e-6 0.3417453 -0.9397944 4.09242e-6 0.3417404 -0.9397916 6.33815e-6 0.3417482 -0.9397945 -5.07613e-6 0.3417401 -0.9397917 6.21766e-6 0.3417477 -0.9397962 -1.19015e-5 0.3417357 -0.9397944 -4.10822e-6 0.3417404 -0.9397926 4.51213e-6 0.3417453 -0.9397952 9.0739e-6 0.3417381 -0.9397917 -6.21766e-6 0.3417477 -0.9397945 5.08499e-6 0.3417401 -0.9397952 -9.05576e-6 0.3417381 -0.9397934 -3.08002e-7 0.3417432 -0.9397946 -6.73376e-6 0.3417397 -0.9397934 0 0.3417431 -0.9397946 7.15735e-6 0.3417398 -0.9397937 2.27986e-6 0.3417422 -0.9397909 1.38763e-5 0.3417503 -0.9397937 -2.26205e-6 0.3417422 -0.9397946 -7.19711e-6 0.3417398 -0.9397935 1.94881e-7 0.3417431 -0.9397946 6.71258e-6 0.3417397 -0.9397934 3.08002e-7 0.3417432 -0.9397935 -1.46161e-7 0.3417431 -0.9397934 -2.38256e-7 0.3417431 -0.9397934 0 0.3417431 -0.9397934 -2.10397e-7 0.3417431 -0.939794 3.62493e-6 0.3417415 -0.9397934 0 0.3417431 -0.939794 -3.68336e-6 0.3417415 -0.9397934 2.3784e-7 0.3417431 -0.9397934 0 0.3417432 -0.9397935 2.38254e-7 0.3417431 0.939796 1.58612e-5 -0.3417362 0.9397927 -4.90008e-6 -0.3417451 0.9397935 0 -0.3417429 0.9397923 -7.41485e-6 -0.3417459 0.9397935 0 -0.3417429 0.9397927 4.90308e-6 -0.3417451 0.939796 -1.58612e-5 -0.3417362 0.939793 -3.82205e-6 -0.3417443 0.9397966 1.7516e-5 -0.3417341 0.9397935 0 -0.3417429 0.9397935 0 -0.3417429 0.9397966 -1.7516e-5 -0.3417341 0.939793 3.82205e-6 -0.3417443 0.9397923 7.41485e-6 -0.3417459 0.9397928 -5.14955e-6 -0.3417446 0.9397941 4.56228e-6 -0.3417411 0.9397925 -7.51565e-6 -0.3417457 0.9397925 7.51565e-6 -0.3417457 0.9397941 -4.5736e-6 -0.3417411 0.9397928 5.14955e-6 -0.3417446 0.939795 1.01645e-5 -0.3417389 0.9397924 -7.92916e-6 -0.3417459 0.9397944 5.36289e-6 -0.3417405 0.9397944 -5.36289e-6 -0.3417405 0.9397924 7.94183e-6 -0.3417459 0.939795 -1.01645e-5 -0.3417389 0.9397909 -2.34648e-5 -0.34175 0.9397938 2.01422e-6 -0.341742 0.9397944 7.30524e-6 -0.3417403 0.9397934 -1.66987e-7 -0.341743 0.9397907 -2.24405e-5 -0.3417504 0.9397935 -4.75515e-7 -0.3417428 0.9397944 -7.30524e-6 -0.3417403 0.9397938 -2.0422e-6 -0.341742 0.9397909 2.34648e-5 -0.34175 0.9397935 4.75515e-7 -0.3417428 0.9397907 2.24747e-5 -0.3417503 0.9397934 1.66987e-7 -0.341743 0.9397934 2.22951e-7 -0.341743 0.9397935 -2.10397e-7 -0.3417429 0.9397935 0 -0.3417429 0.939794 4.82025e-6 -0.3417416 0.9397935 -1.20524e-7 -0.341743 0.9397935 1.20524e-7 -0.341743 0.939794 -4.82032e-6 -0.3417416 0.9397935 0 -0.3417429 0.9397935 2.10397e-7 -0.3417429 0.9397935 -2.22954e-7 -0.3417431 -0.9397959 -1.69129e-5 0.3417362 -0.9397959 1.69129e-5 0.3417362 -0.9397926 -3.88048e-6 0.3417452 -0.9397934 0 0.3417434 -0.9397933 0 0.3417434 -0.9397926 3.88048e-6 0.3417452 -0.9397923 -7.40261e-6 0.341746 -0.9397935 0 0.3417429 -0.9397935 0 0.3417429 -0.9397927 -5.09553e-6 0.341745 -0.9397962 1.60665e-5 0.3417355 -0.9397926 4.87991e-6 0.3417454 -0.9397962 -1.56837e-5 0.3417356 -0.9397923 7.40261e-6 0.341746 -0.9397923 -7.78314e-6 0.341746 -0.9397942 5.76228e-6 0.3417411 -0.9397923 -7.33618e-6 0.3417461 -0.9397923 7.33618e-6 0.3417461 -0.9397941 -5.76227e-6 0.3417411 -0.9397923 7.78314e-6 0.341746 -0.9397944 7.06394e-6 0.3417401 -0.9397928 -5.01587e-6 0.3417447 -0.9397942 4.45476e-6 0.3417409 -0.9397942 -4.45476e-6 0.3417409 -0.9397928 5.01587e-6 0.3417448 -0.9397944 -7.06394e-6 0.3417401 -0.9397947 -1.09578e-5 0.3417395 -0.9397934 0 0.3417431 -0.9397908 2.27823e-5 0.3417502 -0.9397908 -2.27823e-5 0.3417502 -0.9397934 0 0.3417431 -0.9397947 1.09578e-5 0.3417395 -0.9397934 -1.2524e-7 0.341743 -0.9397907 -2.24062e-5 0.3417504 -0.9397938 1.93177e-6 0.341742 -0.9397938 -1.93177e-6 0.341742 -0.9397907 2.24405e-5 0.3417503 -0.9397934 1.2524e-7 0.341743 -0.9397934 -7.63319e-7 0.3417432 -0.9397934 -1.04076e-6 0.3417431 -0.9397934 -1.22105e-6 0.3417431 -0.9397935 2.10397e-7 0.3417429 -0.939794 4.45906e-6 0.3417415 -0.939794 -4.459e-6 0.3417416 -0.9397935 0 0.3417429 -0.9397934 1.22105e-6 0.3417431 -0.9397934 1.04074e-6 0.3417431 -0.9397934 7.63319e-7 0.3417432 0.9397918 -6.6404e-6 -0.3417477 0.9397923 4.43188e-6 -0.3417459 0.9397973 -1.58787e-5 -0.3417325 0.9397923 -4.43188e-6 -0.3417459 0.9397984 1.60819e-5 -0.3417295 0.9397935 0 -0.341743 0.9397934 0 -0.3417431 0.9397984 -1.60819e-5 -0.3417295 0.939792 -6.91024e-6 -0.3417471 0.9397973 1.58787e-5 -0.3417325 0.9397924 -3.82515e-6 -0.3417458 0.9397934 0 -0.3417431 0.9397934 0 -0.3417431 0.9397925 3.82515e-6 -0.3417458 0.9397948 5.87992e-6 -0.3417392 0.9397925 -4.25696e-6 -0.3417456 0.9397946 3.89791e-6 -0.3417401 0.9397918 6.6404e-6 -0.3417477 0.9397946 -3.89791e-6 -0.3417401 0.9397925 4.25696e-6 -0.3417456 0.939792 6.91024e-6 -0.3417471 0.9397946 -4.94566e-6 -0.3417399 0.9397921 7.12697e-6 -0.3417468 0.9397952 9.06852e-6 -0.3417381 0.9397921 -7.12697e-6 -0.3417467 0.9397946 4.92986e-6 -0.3417399 0.9397935 0 -0.3417431 0.9397902 -1.74907e-5 -0.3417522 0.939794 1.50151e-6 -0.3417418 0.9397934 0 -0.3417431 0.9397946 7.19711e-6 -0.3417398 0.9397894 -2.26026e-5 -0.341754 0.9397952 -9.05194e-6 -0.3417381 0.9397894 2.25848e-5 -0.341754 0.9397946 -7.23688e-6 -0.3417398 0.9397948 -5.86177e-6 -0.3417392 0.939794 -1.50151e-6 -0.3417418 0.9397902 1.74907e-5 -0.3417522 0.9397934 0 -0.3417431 0.9397935 0 -0.3417431 0.9397934 -2.973e-7 -0.341743 0.9397935 4.20794e-7 -0.3417429 0.939794 3.33554e-6 -0.3417415 0.9397935 0 -0.3417431 0.939794 -3.27601e-6 -0.3417415 0.9397934 -1.7838e-7 -0.3417429 0.9397935 4.20794e-7 -0.3417429 0.9397934 0 -0.3417431 0.07630246 0 -0.9970847 0.07630246 0 -0.9970847 0.2271294 0 -0.9738646 0.2271294 0 -0.9738646 0.3726736 0 -0.9279625 0.3726736 0 -0.9279625 0.5095288 0 -0.8604536 0.5095288 0 -0.8604536 0.6345178 0 -0.7729083 0.6345178 0 -0.7729083 0.7447375 0 -0.6673577 0.7447375 0 -0.6673577 0.8376063 0 -0.5462745 0.8376063 0 -0.5462745 0.9109781 0 -0.4124546 0.9109781 0 -0.4124546 -0.9109791 0 0.4124525 -0.9109791 0 0.4124525 -0.8376186 0 0.5462555 -0.8376186 0 0.5462555 -0.7447338 0 0.6673616 -0.7447338 0 0.6673616 -0.6345197 0 0.7729067 -0.6345197 0 0.7729067 -0.5095277 0 0.8604543 -0.5095277 0 0.8604543 -0.3726698 0 0.927964 -0.3726698 0 0.927964 -0.2271347 0 0.9738634 -0.2271347 0 0.9738634 -0.07629793 0 0.997085 -0.07629793 0 0.997085 0.08713459 0 0.9961966 0.08713459 0 0.9961966 0.2587866 0 0.9659345 0.2587866 0 0.9659345 0.422559 0 0.9063354 0.422559 0 0.9063354 0.5735026 0 0.8192038 0.5735026 0 0.8192038 0.7070106 0 0.707203 0.7070106 0 0.707203 0.8190677 0 0.5736969 0.8190677 0 0.5736969 0.9062364 0 0.4227714 0.9062364 0 0.4227714 0.9658729 0 0.2590167 0.9658729 0 0.2590167 0.996175 0 0.08738034 0.996175 0 0.08738034 0.9962162 0 -0.08691 0.9962162 0 -0.08691 0.9659982 0 -0.2585486 0.9659982 0 -0.2585486 -0.9659982 0 0.2585487 -0.9659982 0 0.2585487 -0.9962162 0 0.08690953 -0.9962162 0 0.08690953 -0.9961751 0 -0.08737993 -0.9961751 0 -0.08737993 -0.9658723 0 -0.2590186 -0.9658723 0 -0.2590186 -0.9062362 0 -0.4227718 -0.9062362 0 -0.4227718 -0.8190672 0 -0.5736976 -0.8190672 0 -0.5736976 -0.7070153 0 -0.7071982 -0.7070153 0 -0.7071982 -0.5735087 0 -0.8191995 -0.5735087 0 -0.8191995 -0.4225511 0 -0.9063391 -0.4225511 0 -0.9063391 -0.2587832 0 -0.9659354 -0.2587832 0 -0.9659354 -0.08714282 0 -0.9961958 -0.08714282 0 -0.9961958 0.9659982 0 -0.2585486 0.9659982 0 -0.2585486 0.9962162 0 -0.08690953 0.9962162 0 -0.08690953 0.9961751 0 0.08737993 0.9961751 0 0.08737993 0.9658723 0 0.2590187 0.9658723 0 0.2590187 0.9062361 0 0.4227719 0.9062361 0 0.4227719 0.8190673 0 0.5736975 0.8190673 0 0.5736975 0.7070153 0 0.7071983 0.7070153 0 0.7071983 0.573509 0 0.8191993 0.573509 0 0.8191993 0.4225508 0 0.9063393 0.4225508 0 0.9063393 0.2587841 0 0.9659351 0.2587841 0 0.9659351 0.08714252 0 0.9961959 0.08714252 0 0.9961959 -0.0871542 0 0.9961948 -0.0871542 0 0.9961948 -0.2588191 0 0.9659259 -0.2588191 0 0.9659259 -0.4226223 0 0.906306 -0.4226223 0 0.906306 -0.5735791 0 0.8191502 -0.5735791 0 0.8191502 -0.7071014 0 0.7071121 -0.7071014 0 0.7071121 -0.8191564 0 0.5735703 -0.8191564 0 0.5735703 -0.9063068 0 0.4226203 -0.9063068 0 0.4226203 -0.9659231 0 0.258829 -0.9659231 0 0.258829 -0.9961949 0 0.08715271 -0.9961949 0 0.08715271 -0.9088414 0 0.417142 -0.9088414 0 0.417142 -0.8290852 0 0.5591223 -0.8290852 0 0.5591223 -0.727311 0 0.686308 -0.727311 0 0.686308 -0.6062799 0 0.7952513 -0.6062799 0 0.7952513 -0.469134 0 0.883127 -0.469134 0 0.883127 0.470578 0 0.8823584 0.470578 0 0.8823584 0.6101323 0 0.7922996 0.6101323 0 0.7922996 0.7328482 0 0.6803921 0.7328482 0 0.6803921 0.8353703 0 0.5496877 0.8353703 0 0.5496877 0.9148247 0 0.4038512 0.9148247 0 0.4038512 0.9690535 0 0.2468507 0.9690535 0 0.2468507 0.9965451 0 0.08305358 0.9965451 0 0.08305358 -0.4705737 0 -0.8823606 -0.4705737 0 -0.8823606 -0.6101215 0 -0.7923079 -0.6101215 0 -0.7923079 -0.7328614 0 -0.680378 -0.7328614 0 -0.680378 -0.835372 0 -0.5496851 -0.835372 0 -0.5496851 -0.9148243 0 -0.4038522 -0.9148243 0 -0.4038522 -0.9690536 0 -0.24685 -0.9690536 0 -0.24685 -0.9965451 0 -0.08305382 -0.9965451 0 -0.08305382 0.9088411 0 -0.4171426 0.9088411 0 -0.4171426 0.8290755 0 -0.5591368 0.8290755 0 -0.5591368 0.727321 0 -0.6862974 0.727321 0 -0.6862974 0.6062689 0 -0.7952597 0.6062689 0 -0.7952597 0.4691457 0 -0.8831207 0.4691457 0 -0.8831207 0.08715343 0 -0.9961949 0.08715343 0 -0.9961949 0.2588191 0 -0.9659259 0.2588191 0 -0.9659259 0.4226152 0 -0.9063093 0.4226152 0 -0.9063093 0.5735799 0 -0.8191496 0.5735799 0 -0.8191496 0.7071014 0 -0.7071121 0.7071014 0 -0.7071121 0.8191546 0 -0.5735728 0.8191546 0 -0.5735728 0.9063073 0 -0.4226193 0.9063073 0 -0.4226193 0.9659285 0 -0.2588091 0.9659285 0 -0.2588091 0.9961931 0 -0.0871737 0.9961931 0 -0.0871737 -0.9660036 0 0.2585286 -0.9660036 0 0.2585286 -0.9962162 0 0.08690905 -0.9962162 0 0.08690905 -0.996175 0 -0.08738034 -0.996175 0 -0.08738034 -0.9658721 0 -0.2590194 -0.9658721 0 -0.2590194 -0.9062364 0 -0.4227714 -0.9062364 0 -0.4227714 -0.8190677 0 -0.5736969 -0.8190677 0 -0.5736969 -0.7070267 0 -0.707187 -0.7070267 0 -0.707187 -0.5735026 0 -0.8192038 -0.5735026 0 -0.8192038 -0.4225508 0 -0.9063393 -0.4225508 0 -0.9063393 -0.2587767 0 -0.9659371 -0.2587767 0 -0.9659371 -0.0871452 0 -0.9961956 -0.0871452 0 -0.9961956 0 -1 0 0 -1 0 0 -0.9969172 0.0784614 0 -0.9969172 0.0784614 0 -0.97237 0.233445 0 -0.97237 0.233445 0 -0.9238798 0.3826827 0 -0.9238798 0.3826827 0 -0.852639 0.5225003 0 -0.852639 0.5225003 0 -0.7604067 0.6494472 0 -0.7604067 0.6494472 0 -0.6494475 0.7604065 0 -0.6494475 0.7604065 0 -0.5224983 0.8526404 0 -0.5224983 0.8526404 0 -0.3826827 0.9238798 0 -0.3826827 0.9238798 0 -0.2334478 0.9723694 0 -0.2334478 0.9723693 0 -0.0784589 0.9969173 0 -0.0784589 0.9969173 0 0 1 0 0 1 0 0.0784589 0.9969173 0 0.0784589 0.9969173 0 0.2334478 0.9723693 0 0.2334478 0.9723694 0 0.3826827 0.9238798 0 0.3826827 0.9238798 0 0.5224983 0.8526404 0 0.5224983 0.8526404 0 0.6494475 0.7604065 0 0.6494475 0.7604065 0 0.7604067 0.6494472 0 0.7604067 0.6494472 0 0.852639 0.5225003 0 0.852639 0.5225003 0 0.9238798 0.3826827 0 0.9238798 0.3826827 0 0.97237 0.233445 0 0.97237 0.233445 0 0.9969176 0.0784555 0 0.9969176 0.0784555 0 1 0 0 1 0 0 0.9969176 -0.07845598 0 0.9969176 -0.07845598 0 0.97237 -0.233445 0 0.97237 -0.233445 0 0.9238798 -0.3826827 0 0.9238799 -0.3826828 0 0.8526374 -0.5225031 0 0.8526374 -0.522503 0 0.7604104 -0.6494429 0 0.7604104 -0.6494429 0 0.6494423 -0.7604109 0 0.6494423 -0.7604109 0 0.5225003 -0.852639 0 0.5225003 -0.852639 0 0.3826827 -0.9238798 0 0.3826827 -0.9238798 0 0.2334506 -0.9723686 0 0.2334506 -0.9723686 0 0.07846188 -0.9969171 0 0.07846188 -0.9969171 0 0 -1 0 0 -1 0 -0.07846188 -0.9969171 0 -0.07846188 -0.9969171 0 -0.2334506 -0.9723686 0 -0.2334506 -0.9723686 0 -0.3826827 -0.9238798 0 -0.3826827 -0.9238798 0 -0.5225003 -0.852639 0 -0.5225003 -0.852639 0 -0.6494423 -0.7604109 0 -0.6494423 -0.7604109 0 -0.7604104 -0.6494429 0 -0.7604104 -0.6494429 0 -0.8526374 -0.522503 0 -0.8526374 -0.5225031 0 -0.9238799 -0.3826828 0 -0.9238798 -0.3826827 0 -0.97237 -0.233445 0 -0.97237 -0.233445 0 -0.9969171 -0.07846188 0 -0.9969171 -0.07846188 0 -1 0 0 -1 0 0 -0.0784589 0.9969173 0 -0.0784589 0.9969173 0 -0.2334478 0.9723694 0 -0.2334478 0.9723693 0 -0.3826828 0.9238799 0 -0.3826827 0.9238798 0 -0.5224983 0.8526404 0 -0.5224983 0.8526404 0 -0.6494475 0.7604065 0 -0.6494475 0.7604065 0 -0.7604067 0.6494472 0 -0.7604067 0.6494472 0 -0.852639 0.5225004 0 -0.852639 0.5225004 0 -0.9238799 0.3826828 0 -0.9238798 0.3826827 0 -0.97237 0.233445 0 -0.97237 0.233445 0 -0.9969172 0.0784614 0 -0.9969172 0.0784614 0 0 1 0 0 1 0 0.9969176 0.0784555 0 0.9969176 0.0784555 0 0.97237 0.233445 0 0.97237 0.233445 0 0.9238798 0.3826827 0 0.9238799 0.3826828 0 0.852639 0.5225004 0 0.852639 0.5225004 0 0.7604067 0.6494472 0 0.7604067 0.6494472 0 0.6494475 0.7604065 0 0.6494475 0.7604065 0 0.5224983 0.8526404 0 0.5224983 0.8526404 0 0.3826827 0.9238798 0 0.3826828 0.9238799 0 0.2334478 0.9723693 0 0.2334478 0.9723694 0 0.0784589 0.9969173 0 0.0784589 0.9969173 0 1 0 0 1 0 0 0.07846188 -0.9969171 0 0.07846188 -0.9969171 0 0.2334506 -0.9723686 0 0.2334506 -0.9723686 0 0.3826827 -0.9238798 0 0.3826827 -0.9238798 0 0.5225003 -0.852639 0 0.5225003 -0.852639 0 0.6494423 -0.7604109 0 0.6494423 -0.7604109 0 0.7604104 -0.6494429 0 0.7604104 -0.6494429 0 0.8526374 -0.522503 0 0.8526374 -0.522503 0 0.9238798 -0.3826827 0 0.9238799 -0.3826828 0 0.9723701 -0.233445 0 0.9723701 -0.233445 0 0.9969176 -0.07845598 0 0.9969176 -0.07845598 0 0 -1 0 0 -1 0 -0.9969171 -0.07846188 0 -0.9969171 -0.07846188 0 -0.9723701 -0.233445 0 -0.9723701 -0.233445 0 -0.9238799 -0.3826828 0 -0.9238798 -0.3826827 0 -0.8526374 -0.522503 0 -0.8526374 -0.522503 0 -0.7604104 -0.6494429 0 -0.7604104 -0.6494429 0 -0.6494423 -0.7604109 0 -0.6494423 -0.7604109 0 -0.5225003 -0.852639 0 -0.5225003 -0.852639 0 -0.3826827 -0.9238798 0 -0.3826827 -0.9238798 0 -0.2334506 -0.9723686 0 -0.2334506 -0.9723686 0 -0.07846188 -0.9969171 0 -0.07846188 -0.9969171 0 -0.07846188 -0.9969171 0 -0.07846188 -0.9969171 0 -0.2334506 -0.9723687 0 -0.2334506 -0.9723687 0 -0.3826827 -0.9238799 0 -0.3826827 -0.9238799 0 -0.5225004 -0.8526391 0 -0.5225004 -0.8526391 0 -0.6494423 -0.7604108 0 -0.6494423 -0.7604108 0 -0.7604104 -0.6494428 0 -0.7604104 -0.6494428 0 -0.8526374 -0.522503 0 -0.8526374 -0.522503 0 -0.9238799 -0.3826827 0 -0.9238799 -0.3826827 0 -0.97237 -0.233445 0 -0.97237 -0.233445 0 -0.9969171 -0.07846188 0 -0.9969171 -0.07846188 0 0 -1 0 0 -1 0 0.9969176 -0.07845598 0 0.9969176 -0.07845598 0 0.97237 -0.233445 0 0.97237 -0.233445 0 0.9238799 -0.3826827 0 0.9238799 -0.3826827 0 0.8526374 -0.522503 0 0.8526374 -0.522503 0 0.7604104 -0.6494428 0 0.7604104 -0.6494428 0 0.6494423 -0.7604108 0 0.6494423 -0.7604108 0 0.5225004 -0.8526391 0 0.5225004 -0.8526391 0 0.3826827 -0.9238799 0 0.3826827 -0.9238799 0 0.2334506 -0.9723687 0 0.2334506 -0.9723687 0 0.07846188 -0.9969171 0 0.07846188 -0.9969171 0 1 0 0 1 0 0 0.0784589 0.9969173 0 0.0784589 0.9969173 0 0.2334478 0.9723693 0 0.2334478 0.9723693 0 0.3826827 0.9238799 0 0.3826827 0.9238799 0 0.5224983 0.8526403 0 0.5224983 0.8526403 0 0.6494475 0.7604064 0 0.6494475 0.7604064 0 0.7604067 0.6494473 0 0.7604067 0.6494473 0 0.8526391 0.5225004 0 0.8526391 0.5225004 0 0.9238799 0.3826827 0 0.9238799 0.3826827 0 0.97237 0.233445 0 0.97237 0.233445 0 0.9969176 0.0784555 0 0.9969176 0.0784555 0 0 1 0 0 1 0 -0.9969171 0.0784614 0 -0.9969171 0.0784614 0 -0.97237 0.233445 0 -0.97237 0.233445 0 -0.9238799 0.3826827 0 -0.9238799 0.3826827 0 -0.8526391 0.5225004 0 -0.8526391 0.5225004 0 -0.7604067 0.6494473 0 -0.7604067 0.6494473 0 -0.6494475 0.7604064 0 -0.6494475 0.7604064 0 -0.5224983 0.8526403 0 -0.5224983 0.8526403 0 -0.3826827 0.9238799 0 -0.3826827 0.9238799 0 -0.2334478 0.9723693 0 -0.2334478 0.9723693 0 -0.0784589 0.9969173 0 -0.0784589 0.9969173 0 -1 0 0 -1 0 0 -1 0 0 -1 0 1 0 0 1 0 0 0 1 0 0 1 0 -1 0 0 -1 0 0 -1 0 0 -1 0 0 -1 0 0 -1 0 0 -1 0 0 -1 0 0 -1 0 0 -1 0 0 -1 0 0 -1 0 0 -1 0 0 -1 0 0 -1 0 0 -1 0 0 -1 0 0 -1 0 0 -1 0 0 -1 0 0 0 0 1 0 0 1 0 0 -1 0 0 -1 0 0 -1 0 0 -1 0 0 -1 0 0 -1 0 0 -1 0 0 -1 0 0 -1 0 0 -1 0 0 -1 0 0 -1 0 0 -1 0 0 -1 0 0 -1 0 0 -1 0 0 -1 0 0 -1 0 0 -1 0 0 -1 0 0 -1 0 0 -1 0 0 -1 0 0 -1 0 0 -1 0 0 -1 0 0 -1 0 0 -1 0 0 -1 0 0 -1 0 0 -1 0 0 -1 0 0 -1 0 0 -1 0 0 -1 0 0 -1 0 0 -1 0 0 -1 0 0 -1 0 0 -1 0 0 -1 0 0 -1 0 0 -1 0 0 -1 0 0 -1 0 0 -1 0 0 -1 0 0 -1 0 0 -1 0 0 -1 0 0 -1 0 0 -1 0 0 -1 0 0 -1 0 0 -1 0 0 -1 0 0 -1 0 0 -1 0 0 -1 0 0 -1 0 0 -1 0 0 -1 0 0 -1 0 0 -1 0 0 -1 0 0 -1 0 0 -1 0 0 -1 0 0 -1 0 0 -1 0 0 -1 0 0 -1 0 0 -1 0 0 -1 0 0 -1 0 0 -1 0 0 -1 0 0 -1 0 0 -1 0 0 -1 0 0 -1 0 0 -1 0 0 -1 0 0 -1 0 0 -1 0 0 -1 0 0 -1 0 0 -1 0 0 -1 0 0 -1 0 0 -1 0 0 -1 0 0 -1 0 0 -1 0 0 -1 0 0 -1 0 0 -1 0 0 -1 0 0 -1 0 0 -1 0 0 -1 0 0 -1 0 0 -1 0 0 -1 0 0 -1 0 0 -1 0 0 -1 0 0 -1 0 0 -1 0 0 -1 0 0 -1 0 0 -1 0 0 -1 0 0 -1 0 0 -1 0 0 -1 0 0 -1 0 0 -1 0 0 -1 0 0 -1 0 0 -1 0 0 -1 0 0 -1 0 0 -1 0 0 -1 0 0 -1 0 0 -1 0 0 -1 0 0 -1 0 0 -1 0 0 -1 0 0 -1 0 0 -1 0 0 -1 0 0 -1 0 0 -1 0 0 -1 0 0 -1 0 0 -1 0 0 -1 0 0 -1 0 0 -1 0 0 -1 0 0 -1 0 0 -1 0 0 -1 0 0 -1 0 0 -1 0 0 -1 0 0 -1 0 0 -1 0 0 -1 0 0 -1 0 0 -1 0 1 0 0 1 0 0 0 1 0 0 1 0 -1 0 0 -1 0 0 0 -1 0 0 -1 -1 0 0 -1 0 0 0 1 0 0 1 0 0 0 1 0 0 1 0 -1 0 0 -1 0 0 0 -1 0 0 -1 -1 0 0 -1 0 0 0 1 0 0 1 0 0 0 1 0 0 1 0 -1 0 0 -1 0 0 0 -1 0 0 -1 -1 0 0 -1 0 0 0.7071068 0.7071068 0 0.7071068 0.7071068 0 0.5773503 0.5773503 0.5773503 0.5773503 0.5773503 -0.5773503 0 0.7071068 0.7071068 0 0.7071068 0.7071068 0.7071068 0 0.7071068 0.7071068 0 0.7071068 0.7071068 -0.7071068 0 0.7071068 -0.7071068 0 0.7071068 0 -0.7071068 0.7071068 0 -0.7071068 0 0.7071068 -0.7071068 0 0.7071068 -0.7071068 -0.7071063 0.7071073 0 -0.7071063 0.7071073 0 -0.5773499 0.5773506 0.5773506 0.5773503 -0.5773503 0.5773503 0.5773503 -0.5773503 -0.5773503 -0.5773499 0.5773506 -0.5773506 -0.7071064 0 0.7071072 -0.7071064 0 0.7071072 0 -0.7071068 0.7071068 0 -0.7071068 0.7071068 0 -0.7071068 -0.7071068 0 -0.7071068 -0.7071068 -0.7071064 0 -0.7071072 -0.7071064 0 -0.7071072 -0.5773499 -0.5773506 0.5773506 -0.5773499 -0.5773506 -0.5773506 -0.7071063 -0.7071073 0 -0.7071063 -0.7071073 0 -0.9961948 0.08715468 0 -0.9961948 0.08715468 0 -0.9659283 0.2588098 0 -0.9659283 0.2588098 0 -0.9063073 0.4226193 0 -0.9063073 0.4226193 0 -0.8191453 0.5735861 0 -0.8191453 0.5735861 0 -0.7071135 0.7071001 0 -0.7071135 0.7071001 0 -0.5735708 0.819156 0 -0.5735708 0.819156 0 -0.4226193 0.9063073 0 -0.4226193 0.9063073 0 -0.2588222 0.965925 0 -0.2588222 0.965925 0 -0.08715581 0.9961947 0 -0.08715581 0.9961947 0 0.08715468 0.9961948 0 0.08715468 0.9961948 0 0.2588222 0.965925 0 0.2588222 0.965925 0 0.4226193 0.9063073 0 0.4226193 0.9063073 0 0.5735771 0.8191516 0 0.5735771 0.8191516 0 0.7071068 0.7071068 0 0.7071068 0.7071068 0 0.8191516 0.5735771 0 0.8191516 0.5735771 0 0.9063073 0.4226193 0 0.9063073 0.4226193 0 0.965925 0.2588222 0 0.965925 0.2588222 0 0.9961948 0.08715468 0 0.9961948 0.08715468 0 0.9961947 -0.08715581 0 0.9961947 -0.08715581 0 0.965925 -0.2588222 0 0.965925 -0.2588222 0 0.9063073 -0.4226193 0 0.9063073 -0.4226193 0 0.819156 -0.5735708 0 0.819156 -0.5735708 0 0.7071001 -0.7071135 0 0.7071001 -0.7071135 0 0.5735861 -0.8191453 0 0.5735861 -0.8191453 0 0.4226193 -0.9063073 0 0.4226193 -0.9063073 0 0.2588098 -0.9659283 0 0.2588098 -0.9659283 0 0.08715468 -0.9961948 0 0.08715468 -0.9961948 0 -0.08715581 -0.9961947 0 -0.08715581 -0.9961947 0 -0.2588098 -0.9659283 0 -0.2588098 -0.9659283 0 -0.4226193 -0.9063073 0 -0.4226193 -0.9063073 0 -0.5735798 -0.8191497 0 -0.5735798 -0.8191497 0 -0.7071068 -0.7071068 0 -0.7071068 -0.7071068 0 -0.8191497 -0.5735798 0 -0.8191497 -0.5735798 0 -0.9063073 -0.4226193 0 -0.9063073 -0.4226193 0 -0.9659283 -0.2588098 0 -0.9659283 -0.2588098 0 -0.9961947 -0.08715581 0 -0.9961947 -0.08715581 0 0 0 -1 0 0 -1 0 0 -1 0 0 -1 0 0 -1 0 0 -1 0 0 -1 0 0 -1 0 0 -1 0 0 -1 0 0 -1 0 0 -1 0 0 -1 0 0 -1 0 0 -1 0 0 -1 0 0 -1 0 0 -1 0 0 -1 0 0 -1 0 0 -1 0 0 -1 0 0 -1 0 0 -1 0 0 -1 0 0 -1 0 0 -1 0 0 -1 0 0 -1 0 0 -1 0 0 -1 0 0 -1 0 0 -1 0 0 -1 0 0 -1 0 0 -1 -0.9961947 0.08715581 0 -0.9961947 0.08715581 0 -0.9659283 0.2588098 0 -0.9659283 0.2588098 0 -0.9063073 0.4226193 0 -0.9063073 0.4226193 0 -0.8191497 0.5735798 0 -0.8191497 0.5735798 0 -0.7071068 0.7071068 0 -0.7071068 0.7071068 0 -0.5735798 0.8191497 0 -0.5735798 0.8191497 0 -0.4226193 0.9063073 0 -0.4226193 0.9063073 0 -0.2588098 0.9659283 0 -0.2588098 0.9659283 0 -0.08715581 0.9961947 0 -0.08715581 0.9961947 0 0.08715468 0.9961948 0 0.08715468 0.9961948 0 0.2588098 0.9659283 0 0.2588098 0.9659283 0 0.4226193 0.9063073 0 0.4226193 0.9063073 0 0.5735861 0.8191453 0 0.5735861 0.8191453 0 0.7071001 0.7071135 0 0.7071001 0.7071135 0 0.819156 0.5735708 0 0.819156 0.5735708 0 0.9063073 0.4226193 0 0.9063073 0.4226193 0 0.965925 0.2588222 0 0.965925 0.2588222 0 0.9961947 0.08715581 0 0.9961947 0.08715581 0 0.9961948 -0.08715468 0 0.9961948 -0.08715468 0 0.965925 -0.2588222 0 0.965925 -0.2588222 0 0.9063073 -0.4226193 0 0.9063073 -0.4226193 0 0.8191516 -0.5735771 0 0.8191516 -0.5735771 0 0.7071068 -0.7071068 0 0.7071068 -0.7071068 0 0.5735771 -0.8191516 0 0.5735771 -0.8191516 0 0.4226193 -0.9063073 0 0.4226193 -0.9063073 0 0.2588222 -0.965925 0 0.2588222 -0.965925 0 0.08715468 -0.9961948 0 0.08715468 -0.9961948 0 -0.08715581 -0.9961947 0 -0.08715581 -0.9961947 0 -0.2588222 -0.965925 0 -0.2588222 -0.965925 0 -0.4226193 -0.9063073 0 -0.4226193 -0.9063073 0 -0.5735708 -0.819156 0 -0.5735708 -0.819156 0 -0.7071135 -0.7071001 0 -0.7071135 -0.7071001 0 -0.8191453 -0.5735861 0 -0.8191453 -0.5735861 0 -0.9063073 -0.4226193 0 -0.9063073 -0.4226193 0 -0.9659283 -0.2588098 0 -0.9659283 -0.2588098 0 -0.9961948 -0.08715468 0 -0.9961948 -0.08715468 0 0 0 -1 0 0 -1 0 0 -1 0 0 -1 0 0 -1 0 0 -1 0 0 -1 0 0 -1 0 0 -1 0 0 -1 0 0 -1 0 0 -1 0 0 -1 0 0 -1 0 0 -1 0 0 -1 0 0 -1 0 0 -1 0 0 -1 0 0 -1 0 0 -1 0 0 -1 0 0 -1 0 0 -1 0 0 -1 0 0 -1 0 0 -1 0 0 -1 0 0 -1 0 0 -1 0 0 -1 0 0 -1 0 0 -1 0 0 -1 0 0 -1 0 0 -1 -0.9961959 0.08714258 0 -0.9961959 0.08714258 0 -0.9659217 0.2588347 0 -0.9659217 0.2588347 0 -0.9063073 0.4226193 0 -0.9063073 0.4226193 0 -0.8191623 0.5735619 0 -0.8191623 0.5735619 0 -0.7070934 0.7071201 0 -0.7070934 0.7071201 0 -0.5735861 0.8191453 0 -0.5735861 0.8191453 0 -0.4226193 0.9063073 0 -0.4226193 0.9063073 0 -0.2588131 0.9659274 0 -0.2588131 0.9659274 0 -0.08715468 0.9961948 0 -0.08715468 0.9961948 0 0.08715468 0.9961948 0 0.08715468 0.9961948 0 0.2588131 0.9659274 0 0.2588131 0.9659274 0 0.4226193 0.9063073 0 0.4226193 0.9063073 0 0.5735735 0.8191541 0 0.5735735 0.8191541 0 0.7071068 0.7071068 0 0.7071068 0.7071068 0 0.8191497 0.5735798 0 0.8191497 0.5735798 0 0.9063073 0.4226193 0 0.9063073 0.4226193 0 0.9659283 0.2588098 0 0.9659283 0.2588098 0 0.9961959 0.08714258 0 0.9961959 0.08714258 0 0.996196 -0.08714139 0 0.996196 -0.08714139 0 0.9659283 -0.2588098 0 0.9659283 -0.2588098 0 0.9063073 -0.4226193 0 0.9063073 -0.4226193 0 0.8191453 -0.5735861 0 0.8191453 -0.5735861 0 0.7071135 -0.7071001 0 0.7071135 -0.7071001 0 0.5735645 -0.8191604 0 0.5735645 -0.8191604 0 0.4226193 -0.9063073 0 0.4226193 -0.9063073 0 0.2588256 -0.9659241 0 0.2588256 -0.9659241 0 0.08715468 -0.9961948 0 0.08715468 -0.9961948 0 -0.08715468 -0.9961948 0 -0.08715468 -0.9961948 0 -0.2588256 -0.9659241 0 -0.2588256 -0.9659241 0 -0.4226193 -0.9063073 0 -0.4226193 -0.9063073 0 -0.5735771 -0.8191516 0 -0.5735771 -0.8191516 0 -0.7071001 -0.7071135 0 -0.7071001 -0.7071135 0 -0.8191578 -0.5735681 0 -0.8191578 -0.5735681 0 -0.9063073 -0.4226193 0 -0.9063073 -0.4226193 0 -0.9659217 -0.2588347 0 -0.9659217 -0.2588347 0 -0.996196 -0.08714139 0 -0.996196 -0.08714139 0 0 0 -1 0 0 -1 0 0 -1 0 0 -1 0 0 -1 0 0 -1 0 0 -1 0 0 -1 0 0 -1 0 0 -1 0 0 -1 0 0 -1 0 0 -1 0 0 -1 0 0 -1 0 0 -1 0 0 -1 0 0 -1 0 0 -1 0 0 -1 0 0 -1 0 0 -1 0 0 -1 0 0 -1 0 0 -1 0 0 -1 0 0 -1 0 0 -1 0 0 -1 0 0 -1 0 0 -1 0 0 -1 0 0 -1 0 0 -1 0 0 -1 0 0 -1 -0.996196 0.08714139 0 -0.996196 0.08714139 0 -0.9659217 0.2588347 0 -0.9659217 0.2588347 0 -0.9063073 0.4226193 0 -0.9063073 0.4226193 0 -0.8191578 0.5735681 0 -0.8191578 0.5735681 0 -0.7071001 0.7071135 0 -0.7071001 0.7071135 0 -0.5735771 0.8191516 0 -0.5735771 0.8191516 0 -0.4226193 0.9063073 0 -0.4226193 0.9063073 0 -0.2588256 0.9659241 0 -0.2588256 0.9659241 0 -0.08715468 0.9961948 0 -0.08715468 0.9961948 0 0.08715468 0.9961948 0 0.08715468 0.9961948 0 0.2588256 0.9659241 0 0.2588256 0.9659241 0 0.4226193 0.9063073 0 0.4226193 0.9063073 0 0.5735645 0.8191604 0 0.5735645 0.8191604 0 0.7071135 0.7071001 0 0.7071135 0.7071001 0 0.8191453 0.5735861 0 0.8191453 0.5735861 0 0.9063073 0.4226193 0 0.9063073 0.4226193 0 0.9659283 0.2588098 0 0.9659283 0.2588098 0 0.996196 0.08714139 0 0.996196 0.08714139 0 0.9961959 -0.08714258 0 0.9961959 -0.08714258 0 0.9659283 -0.2588098 0 0.9659283 -0.2588098 0 0.9063073 -0.4226193 0 0.9063073 -0.4226193 0 0.8191497 -0.5735798 0 0.8191497 -0.5735798 0 0.7071068 -0.7071068 0 0.7071068 -0.7071068 0 0.5735735 -0.8191541 0 0.5735735 -0.8191541 0 0.4226193 -0.9063073 0 0.4226193 -0.9063073 0 0.2588131 -0.9659274 0 0.2588131 -0.9659274 0 0.08715468 -0.9961948 0 0.08715468 -0.9961948 0 -0.08715468 -0.9961948 0 -0.08715468 -0.9961948 0 -0.2588131 -0.9659274 0 -0.2588131 -0.9659274 0 -0.4226193 -0.9063073 0 -0.4226193 -0.9063073 0 -0.5735861 -0.8191453 0 -0.5735861 -0.8191453 0 -0.7070934 -0.7071201 0 -0.7070934 -0.7071201 0 -0.8191623 -0.5735619 0 -0.8191623 -0.5735619 0 -0.9063073 -0.4226193 0 -0.9063073 -0.4226193 0 -0.9659217 -0.2588347 0 -0.9659217 -0.2588347 0 -0.9961959 -0.08714258 0 -0.9961959 -0.08714258 0 0 0 -1 0 0 -1 0 0 -1 0 0 -1 0 0 -1 0 0 -1 0 0 -1 0 0 -1 0 0 -1 0 0 -1 0 0 -1 0 0 -1 0 0 -1 0 0 -1 0 0 -1 0 0 -1 0 0 -1 0 0 -1 0 0 -1 0 0 -1 0 0 -1 0 0 -1 0 0 -1 0 0 -1 0 0 -1 0 0 -1 0 0 -1 0 0 -1 0 0 -1 0 0 -1 0 0 -1 0 0 -1 0 0 -1 0 0 -1 0 0 -1 0 0 -1 0 1 0 0 1 0 0 0 -1 0 0 -1 0 -1 0 0 -1 0 0 0 1 0 0 1 -1 0 0 -1 0 0 -1 0 0 -1 0 0 -1 0 0 -1 0 0 -1 0 0 -1 0 0 -1 0 0 -1 0 0 -1 0 0 -1 0 0 -1 0 0 -1 0 0 -1 0 0 -1 0 0 -1 0 0 -1 0 0 -1 0 0 -1 0 0 -1 0 0 -1 0 0 -1 0 0 -1 0 0 -1 0 0 -1 0 0 -1 0 0 -1 0 0 -1 0 0 -1 0 0 -1 0 0 -1 0 0 -1 0 0 -1 0 0 -1 0 0 -1 0 0 -1 0 0 -1 0 0 -1 0 0 -1 0 0 -1 0 0 -1 0 0 -1 0 0 -1 0 0 -1 0 0 -1 0 0 -1 0 0 -1 0 0 1 0 0 1 0 0 1 0 0 1 0 0 1 0 0 1 0 0 1 0 0 1 0 0 1 0 0 1 0 0 1 0 0 1 0 0 1 0 0 1 0 0 1 0 0 1 0 0 1 0 0 1 0 0 1 0 0 1 0 0 1 0 0 1 0 0 1 0 0 1 0 0 1 0 0 1 0 0 1 0 0 1 0 0 1 0 0 1 0 0 1 0 0 1 0 0 1 0 0 1 0 0 1 0 0 1 0 0 1 0 0 1 0 0 1 0 0 1 0 0 1 0 0 1 0 0 1 0 0 1 0 0 1 0 0 1 0 0 1 0 0 1 0 0 0 -0.08715343 -0.9961949 0 -0.08715343 -0.9961949 0 -0.2588191 -0.9659258 0 -0.2588191 -0.9659258 0 -0.4226193 -0.9063073 0 -0.4226193 -0.9063073 0 -0.5735774 -0.8191513 0 -0.5735774 -0.8191513 0 -0.7071068 -0.7071068 0 -0.7071068 -0.7071068 0 -0.8191496 -0.57358 0 -0.8191496 -0.57358 0 -0.9063073 -0.4226193 0 -0.9063073 -0.4226193 0 -0.9659258 -0.2588191 0 -0.9659258 -0.2588191 0 -0.996195 -0.08715248 0 -0.996195 -0.08715248 0 -0.9961949 0.08715343 0 -0.9961949 0.08715343 0 -0.9659258 0.2588191 0 -0.9659258 0.2588191 0 -0.9063073 0.4226193 0 -0.9063073 0.4226193 0 -0.8191531 0.573575 0 -0.8191531 0.573575 0 -0.7071068 0.7071068 0 -0.7071068 0.7071068 0 -0.5735703 0.8191564 0 -0.5735703 0.8191564 0 -0.4226193 0.9063073 0 -0.4226193 0.9063073 0 -0.2588191 0.9659258 0 -0.2588191 0.9659258 0 -0.08716404 0.996194 0 -0.08716404 0.996194 0 0.08716309 0.9961941 0 0.08716309 0.9961941 0 0.2588191 0.9659258 0 0.2588191 0.9659258 0 0.4226193 0.9063073 0 0.4226193 0.9063073 0 0.5735728 0.8191546 0 0.5735728 0.8191546 0 0.7071068 0.7071068 0 0.7071068 0.7071068 0 0.8191531 0.573575 0 0.8191531 0.573575 0 0.9063073 0.4226193 0 0.9063073 0.4226193 0 0.9659258 0.2588191 0 0.9659258 0.2588191 0 0.9961949 0.08715343 0 0.9961949 0.08715343 0 0.996195 -0.08715248 0 0.996195 -0.08715248 0 0.9659258 -0.2588191 0 0.9659258 -0.2588191 0 0.9063073 -0.4226193 0 0.9063073 -0.4226193 0 0.8191496 -0.57358 0 0.8191496 -0.57358 0 0.7071068 -0.7071068 0 0.7071068 -0.7071068 0 0.57358 -0.8191496 0 0.57358 -0.8191496 0 0.4226193 -0.9063073 0 0.4226193 -0.9063073 0 0.2588191 -0.9659258 0 0.2588191 -0.9659258 0 0.08715248 -0.996195 0 0.08715248 -0.996195 0 -0.08715248 -0.996195 0 -0.08715248 -0.996195 0 -0.2588191 -0.9659258 0 -0.2588191 -0.9659258 0 -0.4226193 -0.9063073 0 -0.4226193 -0.9063073 0 -0.57358 -0.8191496 0 -0.57358 -0.8191496 0 -0.7071068 -0.7071068 0 -0.7071068 -0.7071068 0 -0.8191496 -0.57358 0 -0.8191496 -0.57358 0 -0.9063073 -0.4226193 0 -0.9063073 -0.4226193 0 -0.9659258 -0.2588191 0 -0.9659258 -0.2588191 0 -0.996195 -0.08715248 0 -0.996195 -0.08715248 0 -0.9961949 0.08715343 0 -0.9961949 0.08715343 0 -0.9659258 0.2588191 0 -0.9659258 0.2588191 0 -0.9063073 0.4226193 0 -0.9063073 0.4226193 0 -0.8191531 0.573575 0 -0.8191531 0.573575 0 -0.7071068 0.7071068 0 -0.7071068 0.7071068 0 -0.5735728 0.8191546 0 -0.5735728 0.8191546 0 -0.4226193 0.9063073 0 -0.4226193 0.9063073 0 -0.2588191 0.9659258 0 -0.2588191 0.9659258 0 -0.08716309 0.9961941 0 -0.08716309 0.9961941 0 0.08716404 0.996194 0 0.08716404 0.996194 0 0.2588191 0.9659258 0 0.2588191 0.9659258 0 0.4226193 0.9063073 0 0.4226193 0.9063073 0 0.5735703 0.8191564 0 0.5735703 0.8191564 0 0.7071068 0.7071068 0 0.7071068 0.7071068 0 0.8191531 0.573575 0 0.8191531 0.573575 0 0.9063073 0.4226193 0 0.9063073 0.4226193 0 0.9659258 0.2588191 0 0.9659258 0.2588191 0 0.9961949 0.08715343 0 0.9961949 0.08715343 0 0.996195 -0.08715248 0 0.996195 -0.08715248 0 0.9659258 -0.2588191 0 0.9659258 -0.2588191 0 0.9063073 -0.4226193 0 0.9063073 -0.4226193 0 0.8191496 -0.57358 0 0.8191496 -0.57358 0 0.7071068 -0.7071068 0 0.7071068 -0.7071068 0 0.5735774 -0.8191513 0 0.5735774 -0.8191513 0 0.4226193 -0.9063073 0 0.4226193 -0.9063073 0 0.2588191 -0.9659258 0 0.2588191 -0.9659258 0 0.08715343 -0.9961949 0 0.08715343 -0.9961949 -0.7074617 -0.1829211 -0.6826696 -0.7039675 -0.2870107 -0.6496573 -0.7057573 -0.2994062 -0.6420767 -0.7057574 -0.4063488 -0.5803335 -0.7057585 -0.4063542 -0.5803287 -0.7057584 -0.5009494 -0.5009539 -0.7057589 -0.5009514 -0.5009514 -0.7057588 -0.5803306 -0.4063508 -0.7057581 -0.5803288 -0.4063544 -0.7057583 -0.6420764 -0.2994045 -0.7057581 -0.6420761 -0.2994057 -0.705758 -0.6843136 -0.1833588 -0.7057576 -0.6843134 -0.1833612 -0.7057578 -0.7057572 -0.0617485 -0.7057587 -0.7057566 -0.06174343 -0.7057585 -0.7057564 0.0617485 -0.7057577 -0.7057576 0.06174409 -0.7057579 -0.6843134 0.18336 -0.7057582 -0.6843129 0.1833611 -0.7057582 -0.6420773 0.2994028 -0.7057588 -0.6420754 0.2994055 -0.7057587 -0.5803292 0.4063528 -0.7057584 -0.5803312 0.4063506 -0.7057582 -0.5009496 0.500954 -0.7057579 -0.5009521 0.5009521 -0.7057575 -0.4063488 0.5803335 -0.7057574 -0.4063498 0.5803331 -0.7049815 -0.285401 0.6492668 -0.7028681 -0.3006176 0.6446748 -0.7074617 -0.1829211 0.6826696 -0.7063573 -0.1679921 0.6876322 -0.705758 -0.06175082 0.7057567 -0.7057576 -0.06174659 0.7057576 -0.7057573 0.06175154 0.7057573 -0.7057578 0.06174683 0.7057572 -0.7057577 0.1833615 0.6843133 -0.705758 0.1833593 0.6843135 -0.705758 0.2994058 0.6420762 -0.7057579 0.2994065 0.642076 -0.7057582 0.4063473 0.5803337 -0.7057576 0.4063522 0.5803311 -0.7057575 0.5009523 0.5009523 -0.7057577 0.5009514 0.5009529 -0.7057577 0.5803317 0.4063512 -0.7057578 0.5803312 0.4063517 -0.7057578 0.6420762 0.2994062 -0.7057577 0.6420767 0.2994053 -0.7057577 0.6843134 0.1833609 -0.7057577 0.6843133 0.1833612 -0.7057576 0.7057576 0.06174421 -0.7057578 0.7057574 0.06174534 -0.7057579 0.7057574 -0.06174349 -0.7057577 0.7057575 -0.0617451 -0.7057577 0.6843133 -0.1833615 -0.7057577 0.6843132 -0.1833611 -0.7057577 0.6420764 -0.2994059 -0.7057578 0.6420767 -0.2994053 -0.7057576 0.5803292 -0.4063547 -0.7057578 0.5803301 -0.4063531 -0.7057578 0.5009522 -0.5009519 -0.7057579 0.5009528 -0.5009512 -0.7057579 0.4063526 -0.5803304 -0.7057579 0.4063521 -0.5803308 -0.7057579 0.2994062 -0.6420761 -0.7057577 0.2994041 -0.6420773 -0.7057576 0.1833615 -0.6843134 -0.7057577 0.1833622 -0.684313 -0.7057576 0.06174421 -0.7057576 -0.705758 0.06174683 -0.7057571 -0.7057581 -0.06174349 -0.7057573 -0.7057578 -0.06174659 -0.7057573 -0.7063573 -0.1679921 -0.6876322 -0.707107 0.7071067 0 -0.7071202 0.7070934 -1.02041e-6 -0.7071068 0.7071068 0 -0.7071068 0.7071068 0 -0.7071068 0.7071068 0 -0.7071068 0.7071068 0 -0.7071353 0.7070783 -2.95155e-6 -0.7071071 0.7071066 0 -0.7071069 0.7071066 0 -0.7071068 0.7071068 0 -0.7071068 0.7071068 0 -0.7071069 0.7071067 0 -0.7071031 0.7071104 1.61076e-7 -0.7071068 0.7071068 0 -0.7071037 0.7071098 4.68259e-7 -0.7071069 0.7071067 0 -0.7071069 0.7071067 0 -0.5773503 0.5773503 -0.5773503 -0.7074617 0.1829211 0.6826696 -0.7039675 0.2870107 0.6496573 -0.7057573 0.2994062 0.6420767 -0.7057574 0.4063488 0.5803335 -0.7057576 0.4063497 0.5803329 -0.7057579 0.50095 0.500954 -0.7057582 0.5009518 0.5009517 -0.7057585 0.5803296 0.4063528 -0.7057588 0.5803308 0.4063505 -0.7057586 0.6420769 0.2994028 -0.7057581 0.6420761 0.2994057 -0.705758 0.6843132 0.1833599 -0.7057579 0.6843132 0.1833612 -0.7057579 0.705757 0.0617485 -0.7057587 0.7057566 0.06174415 -0.7057585 0.7057564 -0.0617485 -0.7057576 0.7057578 -0.06174343 -0.7057577 0.684314 -0.1833589 -0.7057582 0.6843129 -0.1833611 -0.7057582 0.6420766 -0.2994045 -0.7057585 0.6420758 -0.2994056 -0.7057583 0.580331 -0.4063509 -0.705759 0.5803282 -0.4063538 -0.7057588 0.500949 -0.5009539 -0.7057583 0.5009518 -0.5009518 -0.705758 0.406348 -0.5803334 -0.7057572 0.406355 -0.5803297 -0.7049815 0.285401 -0.6492668 -0.7028681 0.3006176 -0.6446748 -0.7074617 0.1829211 -0.6826696 -0.7063573 0.1679921 -0.6876322 -0.7057577 0.06174355 -0.7057577 -0.705758 0.06174659 -0.7057571 -0.705758 -0.06174415 -0.7057572 -0.7057578 -0.06174683 -0.7057572 -0.7057577 -0.1833615 -0.6843133 -0.7057577 -0.1833623 -0.6843131 -0.7057577 -0.2994059 -0.6420765 -0.7057578 -0.299404 -0.6420772 -0.7057578 -0.4063529 -0.5803304 -0.7057579 -0.406352 -0.5803307 -0.705758 -0.5009518 -0.5009521 -0.7057578 -0.5009528 -0.5009513 -0.7057577 -0.5803292 -0.4063546 -0.7057577 -0.5803303 -0.4063532 -0.7057578 -0.6420762 -0.2994062 -0.7057577 -0.6420767 -0.2994053 -0.7057577 -0.6843134 -0.1833609 -0.7057577 -0.6843133 -0.1833612 -0.7057577 -0.7057577 -0.06174355 -0.7057578 -0.7057574 -0.06174504 -0.7057578 -0.7057574 0.06174415 -0.7057577 -0.7057574 0.06174534 -0.7057577 -0.6843133 0.1833615 -0.7057577 -0.6843132 0.1833611 -0.7057577 -0.6420764 0.2994059 -0.7057578 -0.6420767 0.2994053 -0.7057578 -0.5803316 0.4063511 -0.7057577 -0.5803312 0.4063518 -0.7057578 -0.5009522 0.5009519 -0.7057576 -0.5009514 0.5009529 -0.7057573 -0.4063478 0.5803346 -0.7057579 -0.4063521 0.5803308 -0.7057579 -0.2994062 0.6420761 -0.705758 -0.2994065 0.6420758 -0.7057581 -0.1833608 0.6843131 -0.7057579 -0.1833593 0.6843137 -0.705758 -0.06175148 0.7057567 -0.7057574 -0.06174689 0.7057575 -0.7057573 0.06175088 0.7057573 -0.7057578 0.06174659 0.7057573 -0.7063573 0.1679921 0.6876322 -0.5773503 0.5773503 0.5773503 0 0.7071067 -0.7071068 0 0.7071067 -0.7071068 -0.7071067 0 -0.7071068 -0.7071067 0 -0.7071068 -0.707107 -0.7071067 0 -0.7071202 -0.7070934 1.02753e-6 -0.7071068 -0.7071068 0 -0.7071068 -0.7071068 0 -0.7071068 -0.7071068 0 -0.7071202 -0.7070934 -1.02041e-6 -0.7071068 -0.7071068 0 -0.707107 -0.7071066 0 -0.7071069 -0.7071066 0 -0.7071068 -0.7071068 0 -0.7071068 -0.7071068 0 -0.7071069 -0.7071067 0 -0.7071031 -0.7071105 -1.59416e-7 -0.7071068 -0.7071068 0 -0.7071038 -0.7071099 -4.72323e-7 -0.7071069 -0.7071067 0 -0.7071069 -0.7071067 0 -0.7071068 0 0.7071068 -0.7071068 0 0.7071068 0 0.7071068 0.7071068 0 0.7071068 0.7071068 0.7074617 -0.1829211 0.6826696 0.7039675 -0.2870107 0.6496573 0.7057573 -0.2994062 0.6420767 0.7057574 -0.4063488 0.5803335 0.7057576 -0.4063497 0.5803329 0.7057579 -0.50095 0.500954 0.7057582 -0.5009518 0.5009517 0.7057585 -0.5803296 0.4063528 0.7057588 -0.5803308 0.4063505 0.7057586 -0.6420769 0.2994028 0.7057581 -0.6420761 0.2994057 0.705758 -0.6843132 0.1833599 0.7057579 -0.6843132 0.1833612 0.7057579 -0.705757 0.0617485 0.7057587 -0.7057566 0.06174415 0.7057585 -0.7057564 -0.0617485 0.7057576 -0.7057578 -0.06174343 0.7057577 -0.684314 -0.1833589 0.7057582 -0.6843129 -0.1833611 0.7057582 -0.6420766 -0.2994045 0.7057585 -0.6420758 -0.2994056 0.7057583 -0.580331 -0.4063509 0.705759 -0.5803282 -0.4063538 0.7057588 -0.500949 -0.5009539 0.7057583 -0.5009518 -0.5009518 0.705758 -0.406348 -0.5803334 0.7057572 -0.406355 -0.5803297 0.7049815 -0.285401 -0.6492668 0.7028681 -0.3006176 -0.6446748 0.7074617 -0.1829211 -0.6826696 0.7063573 -0.1679921 -0.6876322 0.7057577 -0.06174355 -0.7057577 0.705758 -0.06174659 -0.7057571 0.705758 0.06174415 -0.7057572 0.7057578 0.06174683 -0.7057572 0.7057577 0.1833615 -0.6843133 0.7057577 0.1833623 -0.6843131 0.7057577 0.2994059 -0.6420765 0.7057578 0.299404 -0.6420772 0.7057578 0.4063529 -0.5803304 0.7057579 0.406352 -0.5803307 0.705758 0.5009518 -0.5009521 0.7057578 0.5009528 -0.5009513 0.7057577 0.5803292 -0.4063546 0.7057577 0.5803303 -0.4063532 0.7057578 0.6420762 -0.2994062 0.7057577 0.6420767 -0.2994053 0.7057577 0.6843134 -0.1833609 0.7057577 0.6843133 -0.1833612 0.7057577 0.7057577 -0.06174355 0.7057578 0.7057574 -0.06174504 0.7057578 0.7057574 0.06174415 0.7057577 0.7057574 0.06174534 0.7057577 0.6843133 0.1833615 0.7057577 0.6843132 0.1833611 0.7057577 0.6420764 0.2994059 0.7057578 0.6420767 0.2994053 0.7057578 0.5803316 0.4063511 0.7057577 0.5803312 0.4063518 0.7057578 0.5009522 0.5009519 0.7057576 0.5009514 0.5009529 0.7057573 0.4063478 0.5803346 0.7057579 0.4063521 0.5803308 0.7057579 0.2994062 0.6420761 0.705758 0.2994065 0.6420758 0.7057581 0.1833608 0.6843131 0.7057579 0.1833593 0.6843137 0.705758 0.06175148 0.7057567 0.7057574 0.06174689 0.7057575 0.7057573 -0.06175088 0.7057573 0.7057578 -0.06174659 0.7057573 0.7063573 -0.1679921 0.6876322 0.707107 0.7071067 0 0.7071202 0.7070934 1.02753e-6 0.7071068 0.7071068 0 0.7071068 0.7071068 0 0.7071068 0.7071068 0 0.7071202 0.7070934 -1.02041e-6 0.7071068 0.7071068 0 0.707107 0.7071066 0 0.7071069 0.7071066 0 0.7071068 0.7071068 0 0.7071068 0.7071068 0 0.7071069 0.7071067 0 0.7071031 0.7071105 -1.59416e-7 0.7071068 0.7071068 0 0.7071038 0.7071099 -4.72323e-7 0.7071069 0.7071067 0 0.7071069 0.7071067 0 0.5773503 0.5773503 -0.5773503 -0.5773503 -0.5773503 -0.5773503 -0.5773503 -0.5773503 0.5773503 0.5773503 0.5773503 0.5773503 0.7071067 0 -0.7071068 0.7071067 0 -0.7071068 0 -0.7071067 -0.7071068 0 -0.7071067 -0.7071068 0 -0.7071068 0.7071068 0 -0.7071068 0.7071068 0.7071068 0 0.7071068 0.7071068 0 0.7071068 0.5773503 -0.5773503 -0.5773503 0.5773503 -0.5773503 0.5773503 0.7071068 -0.7071068 0 0.7071094 -0.7071041 -4.1053e-7 0.7071068 -0.7071068 0 0.7071068 -0.7071068 0 0.7071068 -0.7071068 0 0.7071005 -0.707113 6.25325e-7 0.707107 -0.7071066 0 0.7071326 -0.7070811 -2.02774e-6 0.7070908 -0.7071227 -1.35925e-6 0.7071068 -0.7071068 0 0.7070996 -0.7071139 1.4595e-6 0.7071068 -0.7071067 0 0.7071263 -0.7070874 -1.53287e-6 0.7070642 -0.7071493 3.10641e-6 0.7071068 -0.7071068 0 0.7071068 -0.7071068 0 0.7071411 -0.7070726 2.62361e-6 0.7071126 -0.7071009 5.5539e-7 0.7071011 -0.7071126 -7.14793e-7 0.7071031 -0.7071105 -4.57062e-7 0.70711 -0.7071036 0 0.7071068 -0.7071068 0 0.7070975 -0.7071161 -1.54105e-6 0.7071281 -0.7070856 3.07337e-6 0.7455165 0.1581744 0.6474459 0.7051623 0.5013712 0.5013712 0.7061274 0.4024216 0.5826156 0.7055857 0.4064478 0.580473 0.7059246 0.2993356 0.6419257 0.708736 0.6393761 0.2981468 0.7039134 0.6058098 0.3708105 0.7084223 0.5781491 0.4048227 0.7069724 0.5547503 0.4386821 0.7055777 0.4989861 0.5031629 0.709043 0.7024822 -0.06145685 0.7032352 0.7106814 0.01980066 0.7086781 0.7028475 0.06148952 0.7047081 0.6958559 0.1384592 0.7091085 0.6810738 0.1824932 0.7068188 0.6735368 0.21623 0.7065876 0.6503191 0.2789604 0.7069975 0.5000773 -0.5000774 0.7052419 0.5704324 -0.4209998 0.707544 0.578868 -0.4053313 0.7046409 0.6344119 -0.3178092 0.7075175 0.6404836 -0.2986633 0.7057702 0.6734875 -0.2197797 0.7091417 0.6810414 -0.1824844 0.7068316 0.6911103 -0.1508497 0.7065721 0.7025021 -0.08512657 0.7077276 0.4052259 -0.5787173 0.7054052 0.4278377 -0.5651181 0.7071849 0.5010268 -0.4988605 0.7074617 0.1829211 -0.6826696 0.7059684 0.2547442 -0.6608433 0.708128 0.2984046 -0.6399292 0.7067484 0.3239779 -0.6289236 0.7069994 0.3669902 -0.6045412 0.706475 0.3034744 0.6393719 0.7070983 0.2483335 0.6620744 0.7056782 0.1833815 0.68439 0.7057345 0.1838788 0.6841984 0.705758 0.06175082 0.7057567 0.7057576 0.06174659 0.7057576 0.7057573 -0.06175154 0.7057573 0.7057578 -0.06174683 0.7057572 0.7057577 -0.1833615 0.6843133 0.705758 -0.1833593 0.6843135 0.705758 -0.2994058 0.6420762 0.7057579 -0.2994065 0.642076 0.7057582 -0.4063473 0.5803337 0.7057576 -0.4063522 0.5803311 0.7057575 -0.5009523 0.5009523 0.7057577 -0.5009514 0.5009529 0.7057577 -0.5803317 0.4063512 0.7057578 -0.5803312 0.4063517 0.7057578 -0.6420762 0.2994062 0.7057577 -0.6420767 0.2994053 0.7057577 -0.6843134 0.1833609 0.7057577 -0.6843133 0.1833612 0.7057576 -0.7057576 0.06174421 0.7057578 -0.7057574 0.06174534 0.7057579 -0.7057574 -0.06174349 0.7057577 -0.7057575 -0.0617451 0.7057577 -0.6843133 -0.1833615 0.7057577 -0.6843132 -0.1833611 0.7057577 -0.6420764 -0.2994059 0.7057578 -0.6420767 -0.2994053 0.7057576 -0.5803292 -0.4063547 0.7057578 -0.5803301 -0.4063531 0.7057578 -0.5009522 -0.5009519 0.7057579 -0.5009528 -0.5009512 0.7057579 -0.4063526 -0.5803304 0.7057579 -0.4063521 -0.5803308 0.7057579 -0.2994062 -0.6420761 0.7057577 -0.2994041 -0.6420773 0.7057576 -0.1833615 -0.6843134 0.7057577 -0.1833622 -0.684313 0.7057576 -0.06174421 -0.7057576 0.705758 -0.06174683 -0.7057571 0.7057581 0.06174349 -0.7057573 0.7057578 0.06174659 -0.7057573 0.7063573 0.1679921 -0.6876322</float_array>
          <technique_common>
            <accessor source="#nuc_支撑架_降压模块-mesh-normals-array" count="12452" stride="3">
              <param name="X" type="float"/>
              <param name="Y" type="float"/>
              <param name="Z" type="float"/>
            </accessor>
          </technique_common>
        </source>
        <vertices id="nuc_支撑架_降压模块-mesh-vertices">
          <input semantic="POSITION" source="#nuc_支撑架_降压模块-mesh-positions"/>
        </vertices>
        <triangles count="12452">
          <input semantic="VERTEX" source="#nuc_支撑架_降压模块-mesh-vertices" offset="0"/>
          <input semantic="NORMAL" source="#nuc_支撑架_降压模块-mesh-normals" offset="1"/>
          <p>0 0 1 0 2 0 3 1 4 1 5 1 6 2 7 2 8 2 9 3 10 3 2 3 2 4 10 4 11 4 2 5 11 5 12 5 1 6 13 6 2 6 2 7 13 7 14 7 2 8 14 8 5 8 5 9 14 9 15 9 5 10 15 10 3 10 8 11 16 11 6 11 6 12 16 12 17 12 6 13 17 13 18 13 18 14 19 14 6 14 6 15 19 15 20 15 6 16 20 16 21 16 12 17 22 17 2 17 2 18 22 18 23 18 2 19 23 19 0 19 24 20 25 20 26 20 26 21 27 21 24 21 24 22 27 22 28 22 24 23 28 23 29 23 29 24 30 24 24 24 24 25 30 25 31 25 24 26 31 26 32 26 4 27 33 27 5 27 5 28 33 28 34 28 5 29 34 29 35 29 35 30 36 30 5 30 5 31 36 31 37 31 5 32 37 32 38 32 32 33 39 33 24 33 24 34 39 34 40 34 24 35 40 35 6 35 6 36 40 36 41 36 6 37 41 37 7 37 38 38 42 38 5 38 5 39 42 39 43 39 5 40 43 40 24 40 24 41 43 41 44 41 24 42 44 42 25 42 21 43 45 43 6 43 6 44 45 44 46 44 6 45 46 45 2 45 2 46 46 46 47 46 2 47 47 47 9 47 48 48 49 48 50 48 49 49 51 49 50 49 50 50 51 50 52 50 50 51 52 51 53 51 52 52 54 52 53 52 53 53 54 53 55 53 53 54 55 54 56 54 56 55 57 55 53 55 53 56 57 56 58 56 53 57 58 57 59 57 60 58 61 58 62 58 63 59 64 59 50 59 50 60 64 60 65 60 50 61 65 61 48 61 59 62 66 62 53 62 53 63 66 63 67 63 53 64 67 64 68 64 69 65 70 65 71 65 72 66 73 66 60 66 60 67 73 67 74 67 60 68 74 68 75 68 75 69 76 69 60 69 60 70 76 70 77 70 60 71 77 71 61 71 78 72 79 72 50 72 50 73 79 73 80 73 50 74 80 74 63 74 81 75 82 75 69 75 69 76 82 76 83 76 69 77 83 77 84 77 84 78 85 78 69 78 69 79 85 79 86 79 69 80 86 80 70 80 68 81 87 81 53 81 53 82 87 82 88 82 53 83 88 83 69 83 69 84 88 84 89 84 69 85 89 85 81 85 71 86 90 86 69 86 69 87 90 87 91 87 69 88 91 88 60 88 60 89 91 89 92 89 60 90 92 90 72 90 62 91 93 91 60 91 60 92 93 92 94 92 60 93 94 93 50 93 50 94 94 94 95 94 50 95 95 95 78 95 96 96 97 96 98 96 98 97 97 97 99 97 96 98 98 98 100 98 100 99 98 99 101 99 100 100 101 100 102 100 102 101 101 101 103 101 102 102 103 102 104 102 104 103 103 103 105 103 104 104 105 104 106 104 106 105 105 105 107 105 106 106 107 106 108 106 108 107 107 107 109 107 108 108 109 108 110 108 110 109 109 109 111 109 110 110 111 110 112 110 112 111 111 111 113 111 112 112 113 112 114 112 114 113 113 113 115 113 114 114 115 114 116 114 116 115 115 115 117 115 116 116 117 116 118 116 118 117 117 117 119 117 118 118 119 118 120 118 120 119 119 119 121 119 120 120 121 120 122 120 122 121 121 121 123 121 122 122 123 122 124 122 124 123 123 123 125 123 124 124 125 124 126 124 126 125 125 125 127 125 126 126 127 126 128 126 128 127 127 127 129 127 128 128 129 128 130 128 130 129 129 129 131 129 130 130 131 130 132 130 132 131 131 131 133 131 132 132 133 132 134 132 134 133 133 133 135 133 134 134 135 134 136 134 136 135 135 135 137 135 138 136 136 136 139 136 139 137 136 137 137 137 140 138 141 138 142 138 143 139 144 139 145 139 145 140 144 140 146 140 145 141 146 141 147 141 140 142 142 142 148 142 149 143 150 143 50 143 50 144 150 144 151 144 50 145 151 145 152 145 152 146 151 146 143 146 152 147 143 147 153 147 154 148 155 148 156 148 156 149 155 149 157 149 156 150 157 150 158 150 158 151 159 151 156 151 156 152 159 152 160 152 156 153 160 153 161 153 162 154 163 154 143 154 143 155 163 155 164 155 143 156 164 156 153 156 141 157 165 157 142 157 142 158 165 158 166 158 142 159 166 159 167 159 167 160 166 160 168 160 167 161 168 161 169 161 170 162 171 162 172 162 169 163 173 163 167 163 167 164 173 164 174 164 167 165 174 165 175 165 175 166 174 166 176 166 156 167 177 167 154 167 154 168 177 168 178 168 154 169 178 169 179 169 180 170 181 170 182 170 182 171 181 171 183 171 184 172 185 172 186 172 187 173 188 173 186 173 179 174 189 174 154 174 154 175 189 175 190 175 154 176 190 176 176 176 176 177 190 177 191 177 176 178 191 178 175 178 154 179 192 179 155 179 155 180 192 180 193 180 155 181 193 181 194 181 194 182 193 182 195 182 194 183 195 183 196 183 188 184 197 184 186 184 186 185 197 185 198 185 186 186 198 186 184 186 199 187 200 187 201 187 201 188 202 188 199 188 199 189 202 189 203 189 199 190 203 190 204 190 204 191 203 191 186 191 204 192 186 192 205 192 205 193 186 193 185 193 148 194 142 194 206 194 206 195 142 195 207 195 206 196 207 196 186 196 186 197 207 197 208 197 186 198 208 198 187 198 161 199 209 199 156 199 156 200 209 200 210 200 156 201 210 201 172 201 172 202 210 202 211 202 172 203 211 203 170 203 147 204 212 204 145 204 145 205 212 205 213 205 145 206 213 206 199 206 199 207 213 207 214 207 199 208 214 208 200 208 215 209 216 209 217 209 217 210 216 210 218 210 196 211 219 211 194 211 194 212 219 212 220 212 194 213 220 213 53 213 53 214 220 214 24 214 53 215 24 215 50 215 50 216 24 216 6 216 50 217 6 217 149 217 218 218 221 218 217 218 217 219 221 219 222 219 217 220 222 220 223 220 171 221 224 221 172 221 172 222 224 222 225 222 172 223 225 223 226 223 226 224 225 224 217 224 226 225 217 225 227 225 227 226 217 226 223 226 180 227 182 227 228 227 228 228 182 228 229 228 228 229 229 229 217 229 217 230 229 230 230 230 217 231 230 231 215 231 231 232 232 232 233 232 232 233 234 233 233 233 233 234 234 234 235 234 233 235 235 235 236 235 237 236 238 236 239 236 239 237 238 237 240 237 239 238 240 238 241 238 241 239 240 239 236 239 241 240 236 240 242 240 242 241 236 241 235 241 162 242 143 242 243 242 243 243 143 243 145 243 243 244 145 244 233 244 233 245 145 245 244 245 233 246 244 246 231 246 183 247 245 247 182 247 182 248 245 248 246 248 182 249 246 249 239 249 239 250 246 250 247 250 239 251 247 251 237 251 248 252 249 252 250 252 251 253 252 253 253 253 254 254 255 254 256 254 257 255 258 255 5 255 5 256 258 256 259 256 259 257 260 257 5 257 5 258 260 258 261 258 5 259 261 259 262 259 263 260 264 260 265 260 266 261 267 261 268 261 268 262 267 262 269 262 256 263 255 263 270 263 263 264 265 264 271 264 271 265 265 265 272 265 271 266 272 266 273 266 5 267 274 267 257 267 257 268 274 268 275 268 257 269 275 269 256 269 256 270 275 270 276 270 256 271 276 271 254 271 273 272 277 272 271 272 271 273 277 273 278 273 271 274 278 274 279 274 251 275 253 275 263 275 263 276 253 276 280 276 263 277 280 277 264 277 281 278 282 278 283 278 284 279 285 279 279 279 279 280 285 280 286 280 279 281 286 281 287 281 287 282 288 282 279 282 279 283 288 283 289 283 279 284 289 284 271 284 271 285 289 285 290 285 271 286 290 286 291 286 252 287 292 287 253 287 253 288 292 288 293 288 253 289 293 289 250 289 250 290 293 290 294 290 250 291 294 291 248 291 283 292 295 292 296 292 297 293 298 293 299 293 249 294 300 294 250 294 250 295 300 295 301 295 250 296 301 296 302 296 302 297 301 297 303 297 302 298 303 298 304 298 304 299 303 299 283 299 304 300 283 300 305 300 305 301 283 301 282 301 266 302 268 302 283 302 283 303 268 303 306 303 283 304 306 304 295 304 296 305 307 305 283 305 283 306 307 306 308 306 283 307 308 307 281 307 269 308 309 308 268 308 268 309 309 309 310 309 268 310 310 310 270 310 270 311 310 311 311 311 270 312 311 312 256 312 312 313 313 313 290 313 290 314 313 314 314 314 290 315 314 315 291 315 315 316 312 316 2 316 315 317 316 317 312 317 312 318 316 318 317 318 312 319 317 319 313 319 318 320 319 320 320 320 320 321 319 321 321 321 320 322 321 322 322 322 323 323 324 323 325 323 298 324 326 324 299 324 299 325 326 325 327 325 299 326 327 326 328 326 328 327 327 327 329 327 328 328 329 328 330 328 330 329 329 329 320 329 330 330 320 330 331 330 331 331 320 331 322 331 332 332 333 332 320 332 333 333 334 333 320 333 320 334 334 334 335 334 320 335 335 335 318 335 320 336 336 336 332 336 332 337 336 337 337 337 332 338 337 338 338 338 324 339 323 339 339 339 325 340 340 340 323 340 323 341 340 341 341 341 323 342 341 342 299 342 299 343 341 343 342 343 299 344 342 344 297 344 338 345 343 345 332 345 332 346 343 346 344 346 332 347 344 347 279 347 279 348 344 348 345 348 279 349 345 349 284 349 262 350 346 350 5 350 5 351 346 351 69 351 5 352 69 352 2 352 2 353 69 353 60 353 2 354 60 354 315 354 347 355 348 355 349 355 347 356 349 356 350 356 255 357 351 357 270 357 270 358 351 358 349 358 270 359 349 359 352 359 352 360 349 360 348 360 323 361 353 361 339 361 339 362 353 362 354 362 339 363 354 363 349 363 349 364 354 364 355 364 349 365 355 365 350 365 356 366 357 366 358 366 358 367 357 367 359 367 358 368 359 368 360 368 360 369 359 369 361 369 360 370 361 370 362 370 362 371 361 371 363 371 362 372 363 372 364 372 364 373 363 373 365 373 364 374 365 374 366 374 366 375 365 375 367 375 366 376 367 376 368 376 368 377 367 377 369 377 368 378 369 378 370 378 370 379 369 379 371 379 370 380 371 380 372 380 372 381 371 381 373 381 372 382 373 382 374 382 374 383 373 383 375 383 374 384 375 384 376 384 376 385 375 385 377 385 376 386 377 386 378 386 378 387 377 387 379 387 378 388 379 388 380 388 380 389 379 389 381 389 380 390 381 390 382 390 382 391 381 391 383 391 382 392 383 392 384 392 384 393 383 393 385 393 384 394 385 394 386 394 386 395 385 395 387 395 386 396 387 396 388 396 388 397 387 397 389 397 388 398 389 398 390 398 390 399 389 399 391 399 390 400 391 400 392 400 392 401 391 401 393 401 394 402 392 402 395 402 395 403 392 403 393 403 394 404 395 404 396 404 396 405 395 405 397 405 396 406 397 406 398 406 398 407 397 407 399 407 398 408 399 408 400 408 400 409 399 409 401 409 400 410 401 410 402 410 402 411 401 411 403 411 402 412 403 412 404 412 404 413 403 413 405 413 404 414 405 414 406 414 406 415 405 415 407 415 406 416 407 416 408 416 408 417 407 417 409 417 408 418 409 418 410 418 410 419 409 419 411 419 410 420 411 420 412 420 412 421 411 421 413 421 412 422 413 422 414 422 414 423 413 423 415 423 414 424 415 424 416 424 416 425 415 425 417 425 416 426 417 426 418 426 418 427 417 427 419 427 418 428 419 428 420 428 420 429 419 429 421 429 420 430 421 430 422 430 422 431 421 431 423 431 422 432 423 432 424 432 424 433 423 433 425 433 424 434 425 434 426 434 426 435 425 435 427 435 426 436 427 436 428 436 428 437 427 437 429 437 428 438 429 438 430 438 430 439 429 439 431 439 356 440 430 440 357 440 357 441 430 441 431 441 138 442 139 442 432 442 432 443 139 443 433 443 432 444 433 444 434 444 434 445 433 445 435 445 434 446 435 446 436 446 436 447 435 447 437 447 436 448 437 448 438 448 438 449 437 449 439 449 438 450 439 450 440 450 440 451 439 451 441 451 440 452 441 452 442 452 442 453 441 453 443 453 442 454 443 454 444 454 444 455 443 455 445 455 444 456 445 456 446 456 446 457 445 457 447 457 446 458 447 458 448 458 448 459 447 459 449 459 448 460 449 460 450 460 450 461 449 461 451 461 450 462 451 462 452 462 452 463 451 463 453 463 452 464 453 464 454 464 454 465 453 465 455 465 454 466 455 466 456 466 456 467 455 467 457 467 456 468 457 468 458 468 458 469 457 469 459 469 458 470 459 470 460 470 460 471 459 471 461 471 460 472 461 472 462 472 462 473 461 473 463 473 462 474 463 474 464 474 464 475 463 475 465 475 464 476 465 476 97 476 97 477 465 477 99 477 450 478 452 478 213 478 213 479 452 479 454 479 213 480 454 480 456 480 456 481 458 481 213 481 213 482 458 482 460 482 213 483 460 483 462 483 444 484 446 484 213 484 213 485 446 485 448 485 213 486 448 486 450 486 418 487 420 487 344 487 380 488 382 488 213 488 392 489 440 489 442 489 418 490 344 490 416 490 442 491 444 491 392 491 392 492 444 492 213 492 392 493 213 493 390 493 390 494 213 494 388 494 96 495 214 495 97 495 97 496 214 496 213 496 97 497 213 497 464 497 464 498 213 498 462 498 432 499 434 499 392 499 214 500 406 500 408 500 434 501 436 501 392 501 392 502 436 502 438 502 392 503 438 503 440 503 368 504 370 504 345 504 345 505 370 505 372 505 372 506 374 506 345 506 345 507 374 507 376 507 345 508 376 508 213 508 213 509 376 509 378 509 213 510 378 510 380 510 382 511 384 511 213 511 213 512 384 512 386 512 213 513 386 513 388 513 116 514 118 514 214 514 408 515 410 515 214 515 214 516 410 516 412 516 214 517 412 517 344 517 344 518 412 518 414 518 344 519 414 519 416 519 420 520 422 520 344 520 344 521 422 521 424 521 344 522 424 522 426 522 358 523 360 523 345 523 345 524 360 524 362 524 400 525 402 525 214 525 214 526 402 526 404 526 214 527 404 527 406 527 426 528 428 528 344 528 344 529 428 529 430 529 344 530 430 530 345 530 345 531 430 531 356 531 345 532 356 532 358 532 362 533 364 533 345 533 345 534 364 534 366 534 345 535 366 535 368 535 118 536 396 536 214 536 214 537 396 537 398 537 214 538 398 538 400 538 118 539 120 539 396 539 396 540 120 540 122 540 396 541 122 541 124 541 110 542 112 542 214 542 214 543 112 543 114 543 214 544 114 544 116 544 96 545 100 545 214 545 214 546 100 546 102 546 214 547 102 547 104 547 104 548 106 548 214 548 214 549 106 549 108 549 214 550 108 550 110 550 124 551 126 551 396 551 396 552 126 552 128 552 396 553 128 553 130 553 130 554 132 554 396 554 396 555 132 555 134 555 396 556 134 556 394 556 394 557 134 557 136 557 394 558 136 558 392 558 392 559 136 559 138 559 392 560 138 560 432 560 433 561 139 561 279 561 455 562 453 562 145 562 145 563 453 563 451 563 445 564 279 564 447 564 447 565 279 565 145 565 447 566 145 566 449 566 449 567 145 567 451 567 431 568 332 568 357 568 357 569 332 569 279 569 357 570 279 570 359 570 359 571 279 571 361 571 431 572 429 572 332 572 332 573 429 573 427 573 332 574 427 574 425 574 419 575 417 575 332 575 332 576 417 576 415 576 373 577 371 577 279 577 279 578 371 578 369 578 279 579 369 579 367 579 445 580 443 580 279 580 279 581 443 581 441 581 279 582 441 582 439 582 425 583 423 583 332 583 332 584 423 584 421 584 332 585 421 585 419 585 279 586 381 586 379 586 439 587 437 587 279 587 279 588 437 588 435 588 279 589 435 589 433 589 463 590 461 590 145 590 461 591 459 591 145 591 145 592 459 592 457 592 145 593 457 593 455 593 379 594 377 594 279 594 279 595 377 595 375 595 279 596 375 596 373 596 367 597 365 597 279 597 279 598 365 598 363 598 279 599 363 599 361 599 415 600 413 600 332 600 332 601 413 601 411 601 332 602 411 602 199 602 199 603 411 603 409 603 199 604 409 604 407 604 129 605 127 605 397 605 407 606 405 606 199 606 199 607 405 607 403 607 199 608 403 608 401 608 129 609 397 609 131 609 127 610 125 610 397 610 397 611 125 611 123 611 397 612 123 612 121 612 389 613 387 613 139 613 139 614 387 614 385 614 139 615 385 615 279 615 279 616 385 616 383 616 279 617 383 617 381 617 121 618 119 618 397 618 397 619 119 619 199 619 397 620 199 620 399 620 399 621 199 621 401 621 119 622 117 622 199 622 199 623 117 623 115 623 199 624 115 624 113 624 113 625 111 625 199 625 199 626 111 626 109 626 199 627 109 627 107 627 107 628 105 628 199 628 199 629 105 629 103 629 199 630 103 630 101 630 395 631 393 631 139 631 139 632 393 632 391 632 139 633 391 633 389 633 101 634 98 634 199 634 199 635 98 635 99 635 199 636 99 636 145 636 145 637 99 637 465 637 145 638 465 638 463 638 139 639 137 639 395 639 395 640 137 640 135 640 395 641 135 641 397 641 397 642 135 642 133 642 397 643 133 643 131 643 466 644 467 644 210 644 311 645 468 645 469 645 470 646 471 646 472 646 473 647 474 647 210 647 210 648 474 648 475 648 210 649 475 649 466 649 467 650 476 650 210 650 210 651 476 651 477 651 210 652 477 652 478 652 479 653 480 653 311 653 311 654 480 654 481 654 311 655 481 655 482 655 472 656 471 656 483 656 484 657 485 657 486 657 482 658 487 658 311 658 311 659 487 659 488 659 311 660 488 660 468 660 469 661 489 661 311 661 311 662 489 662 490 662 311 663 490 663 491 663 473 664 210 664 492 664 492 665 210 665 311 665 492 666 311 666 471 666 471 667 311 667 491 667 471 668 491 668 483 668 493 669 494 669 472 669 484 670 486 670 495 670 495 671 486 671 496 671 495 672 496 672 497 672 310 673 498 673 311 673 311 674 498 674 499 674 311 675 499 675 479 675 494 676 500 676 472 676 472 677 500 677 501 677 472 678 501 678 470 678 310 679 211 679 502 679 502 680 211 680 503 680 497 681 504 681 495 681 495 682 504 682 505 682 495 683 505 683 472 683 472 684 505 684 506 684 472 685 506 685 493 685 502 686 507 686 508 686 508 687 507 687 509 687 508 688 509 688 510 688 511 689 310 689 512 689 512 690 310 690 502 690 512 691 502 691 513 691 513 692 502 692 508 692 511 693 514 693 310 693 310 694 514 694 515 694 310 695 515 695 516 695 478 696 517 696 210 696 210 697 517 697 518 697 210 698 518 698 211 698 211 699 518 699 519 699 519 700 520 700 211 700 211 701 520 701 521 701 211 702 521 702 522 702 522 703 523 703 211 703 211 704 523 704 524 704 211 705 524 705 525 705 525 706 526 706 211 706 211 707 526 707 527 707 211 708 527 708 503 708 528 709 529 709 509 709 509 710 529 710 530 710 509 711 530 711 510 711 531 712 532 712 310 712 310 713 532 713 533 713 310 714 533 714 498 714 534 715 535 715 536 715 536 716 535 716 537 716 516 717 538 717 310 717 310 718 538 718 539 718 310 719 539 719 531 719 537 720 535 720 509 720 509 721 535 721 540 721 509 722 540 722 528 722 484 723 541 723 485 723 485 724 541 724 542 724 485 725 542 725 536 725 536 726 542 726 543 726 536 727 543 727 534 727 544 728 545 728 156 728 546 729 547 729 156 729 156 730 547 730 548 730 548 731 549 731 156 731 156 732 549 732 550 732 156 733 550 733 544 733 546 734 156 734 551 734 551 735 156 735 172 735 551 736 172 736 552 736 553 737 554 737 555 737 556 738 557 738 156 738 156 739 557 739 558 739 156 740 558 740 270 740 270 741 558 741 559 741 270 742 559 742 560 742 553 743 561 743 554 743 554 744 561 744 562 744 554 745 562 745 563 745 560 746 564 746 270 746 270 747 564 747 565 747 270 748 565 748 566 748 545 749 567 749 156 749 156 750 567 750 568 750 156 751 568 751 553 751 270 752 569 752 570 752 555 753 571 753 553 753 553 754 571 754 572 754 553 755 572 755 156 755 156 756 572 756 573 756 156 757 573 757 556 757 566 758 574 758 270 758 270 759 574 759 575 759 270 760 575 760 569 760 576 761 577 761 578 761 578 762 577 762 579 762 578 763 579 763 580 763 563 764 581 764 554 764 554 765 581 765 578 765 554 766 578 766 582 766 582 767 578 767 580 767 583 768 584 768 268 768 268 769 584 769 585 769 586 770 587 770 172 770 587 771 588 771 172 771 172 772 588 772 589 772 172 773 589 773 590 773 590 774 591 774 172 774 172 775 591 775 592 775 172 776 592 776 593 776 593 777 594 777 172 777 172 778 594 778 595 778 172 779 595 779 596 779 596 780 597 780 172 780 172 781 597 781 598 781 172 782 598 782 552 782 570 783 599 783 270 783 270 784 599 784 600 784 270 785 600 785 268 785 268 786 600 786 601 786 268 787 601 787 602 787 603 788 604 788 605 788 605 789 604 789 606 789 605 790 606 790 607 790 607 791 586 791 605 791 605 792 586 792 172 792 605 793 172 793 608 793 608 794 172 794 268 794 608 795 268 795 609 795 609 796 268 796 585 796 602 797 610 797 268 797 268 798 610 798 611 798 268 799 611 799 612 799 613 800 614 800 615 800 612 801 616 801 268 801 268 802 616 802 617 802 268 803 617 803 583 803 603 804 605 804 614 804 614 805 605 805 618 805 614 806 618 806 615 806 578 807 619 807 576 807 576 808 619 808 620 808 576 809 620 809 615 809 615 810 620 810 621 810 615 811 621 811 613 811 613 812 504 812 614 812 614 813 504 813 497 813 614 814 497 814 603 814 603 815 497 815 496 815 603 816 496 816 604 816 604 817 496 817 486 817 604 818 486 818 606 818 606 819 486 819 485 819 606 820 485 820 607 820 607 821 485 821 536 821 607 822 536 822 586 822 586 823 536 823 537 823 586 824 537 824 587 824 587 825 537 825 509 825 587 826 509 826 588 826 588 827 509 827 507 827 588 828 507 828 589 828 589 829 507 829 502 829 589 830 502 830 590 830 590 831 502 831 503 831 590 832 503 832 591 832 591 833 503 833 527 833 591 834 527 834 592 834 592 835 527 835 526 835 592 836 526 836 593 836 593 837 526 837 525 837 593 838 525 838 594 838 594 839 525 839 524 839 594 840 524 840 595 840 595 841 524 841 523 841 595 842 523 842 596 842 596 843 523 843 522 843 596 844 522 844 597 844 597 845 522 845 521 845 597 846 521 846 598 846 598 847 521 847 520 847 598 848 520 848 552 848 552 849 520 849 519 849 613 850 621 850 504 850 504 851 621 851 505 851 551 852 518 852 546 852 546 853 518 853 517 853 546 854 517 854 547 854 547 855 517 855 478 855 547 856 478 856 548 856 548 857 478 857 477 857 548 858 477 858 549 858 549 859 477 859 476 859 549 860 476 860 550 860 550 861 476 861 467 861 550 862 467 862 544 862 544 863 467 863 466 863 544 864 466 864 545 864 545 865 466 865 475 865 545 866 475 866 567 866 567 867 475 867 474 867 567 868 474 868 568 868 568 869 474 869 473 869 568 870 473 870 553 870 553 871 473 871 492 871 553 872 492 872 561 872 561 873 492 873 471 873 561 874 471 874 562 874 562 875 471 875 470 875 562 876 470 876 563 876 563 877 470 877 501 877 563 878 501 878 581 878 581 879 501 879 500 879 581 880 500 880 578 880 578 881 500 881 494 881 578 882 494 882 619 882 619 883 494 883 493 883 619 884 493 884 620 884 620 885 493 885 506 885 620 886 506 886 621 886 621 887 506 887 505 887 551 888 552 888 518 888 518 889 552 889 519 889 554 890 543 890 555 890 555 891 543 891 542 891 555 892 542 892 571 892 571 893 542 893 541 893 571 894 541 894 572 894 572 895 541 895 484 895 572 896 484 896 573 896 573 897 484 897 495 897 573 898 495 898 556 898 556 899 495 899 472 899 556 900 472 900 557 900 557 901 472 901 483 901 557 902 483 902 558 902 558 903 483 903 491 903 558 904 491 904 559 904 559 905 491 905 490 905 559 906 490 906 560 906 560 907 490 907 489 907 560 908 489 908 564 908 564 909 489 909 469 909 564 910 469 910 565 910 565 911 469 911 468 911 565 912 468 912 566 912 566 913 468 913 488 913 566 914 488 914 574 914 574 915 488 915 487 915 574 916 487 916 575 916 575 917 487 917 482 917 575 918 482 918 569 918 569 919 482 919 481 919 569 920 481 920 570 920 570 921 481 921 480 921 570 922 480 922 599 922 599 923 480 923 479 923 599 924 479 924 600 924 600 925 479 925 499 925 554 926 582 926 543 926 543 927 582 927 534 927 601 928 498 928 602 928 602 929 498 929 533 929 602 930 533 930 610 930 610 931 533 931 532 931 610 932 532 932 611 932 611 933 532 933 531 933 611 934 531 934 612 934 612 935 531 935 539 935 612 936 539 936 616 936 616 937 539 937 538 937 616 938 538 938 617 938 617 939 538 939 516 939 617 940 516 940 583 940 583 941 516 941 515 941 583 942 515 942 584 942 584 943 515 943 514 943 584 944 514 944 585 944 585 945 514 945 511 945 585 946 511 946 609 946 609 947 511 947 512 947 609 948 512 948 608 948 608 949 512 949 513 949 608 950 513 950 605 950 605 951 513 951 508 951 605 952 508 952 618 952 618 953 508 953 510 953 618 954 510 954 615 954 615 955 510 955 530 955 615 956 530 956 576 956 576 957 530 957 529 957 576 958 529 958 577 958 577 959 529 959 528 959 577 960 528 960 579 960 579 961 528 961 540 961 579 962 540 962 580 962 580 963 540 963 535 963 580 964 535 964 582 964 582 965 535 965 534 965 601 966 600 966 498 966 498 967 600 967 499 967 246 968 294 968 622 968 623 969 624 969 247 969 622 970 625 970 246 970 246 971 625 971 626 971 246 972 626 972 627 972 293 973 628 973 629 973 630 974 631 974 294 974 294 975 631 975 632 975 294 976 632 976 622 976 624 977 633 977 247 977 247 978 633 978 634 978 247 979 634 979 293 979 293 980 634 980 635 980 293 981 635 981 628 981 636 982 637 982 247 982 247 983 637 983 638 983 247 984 638 984 623 984 627 985 639 985 246 985 246 986 639 986 640 986 246 987 640 987 641 987 629 988 642 988 293 988 293 989 642 989 643 989 293 990 643 990 644 990 645 991 646 991 294 991 294 992 646 992 647 992 294 993 647 993 630 993 641 994 648 994 246 994 246 995 648 995 649 995 246 996 649 996 650 996 651 997 652 997 247 997 247 998 652 998 653 998 247 999 653 999 636 999 644 1000 654 1000 293 1000 293 1001 654 1001 655 1001 293 1002 655 1002 656 1002 657 1003 658 1003 294 1003 294 1004 658 1004 659 1004 294 1005 659 1005 645 1005 650 1006 660 1006 246 1006 246 1007 660 1007 661 1007 246 1008 661 1008 247 1008 247 1009 661 1009 662 1009 247 1010 662 1010 651 1010 656 1011 663 1011 293 1011 293 1012 663 1012 664 1012 293 1013 664 1013 294 1013 294 1014 664 1014 665 1014 294 1015 665 1015 657 1015 666 1016 667 1016 253 1016 253 1017 667 1017 668 1017 253 1018 668 1018 239 1018 669 1019 670 1019 182 1019 668 1020 671 1020 239 1020 239 1021 671 1021 672 1021 239 1022 672 1022 673 1022 670 1023 674 1023 182 1023 182 1024 674 1024 675 1024 182 1025 675 1025 250 1025 250 1026 675 1026 676 1026 676 1027 677 1027 250 1027 250 1028 677 1028 678 1028 250 1029 678 1029 679 1029 680 1030 681 1030 253 1030 253 1031 681 1031 682 1031 253 1032 682 1032 666 1032 673 1033 683 1033 239 1033 239 1034 683 1034 684 1034 239 1035 684 1035 685 1035 686 1036 687 1036 182 1036 182 1037 687 1037 688 1037 182 1038 688 1038 669 1038 679 1039 689 1039 250 1039 250 1040 689 1040 690 1040 250 1041 690 1041 691 1041 692 1042 693 1042 253 1042 253 1043 693 1043 694 1043 253 1044 694 1044 680 1044 695 1045 696 1045 182 1045 182 1046 696 1046 697 1046 182 1047 697 1047 686 1047 685 1048 698 1048 239 1048 239 1049 698 1049 699 1049 239 1050 699 1050 700 1050 691 1051 701 1051 250 1051 250 1052 701 1052 702 1052 250 1053 702 1053 703 1053 703 1054 704 1054 250 1054 250 1055 704 1055 705 1055 250 1056 705 1056 253 1056 253 1057 705 1057 706 1057 253 1058 706 1058 692 1058 700 1059 707 1059 239 1059 239 1060 707 1060 708 1060 239 1061 708 1061 182 1061 182 1062 708 1062 709 1062 182 1063 709 1063 695 1063 167 1064 710 1064 711 1064 712 1065 713 1065 323 1065 323 1066 713 1066 714 1066 323 1067 714 1067 167 1067 167 1068 714 1068 715 1068 167 1069 715 1069 710 1069 716 1070 717 1070 142 1070 718 1071 299 1071 719 1071 719 1072 299 1072 142 1072 719 1073 142 1073 720 1073 720 1074 142 1074 717 1074 718 1075 721 1075 299 1075 299 1076 721 1076 722 1076 299 1077 722 1077 723 1077 724 1078 725 1078 323 1078 323 1079 725 1079 726 1079 323 1080 726 1080 712 1080 711 1081 727 1081 167 1081 167 1082 727 1082 728 1082 167 1083 728 1083 729 1083 730 1084 731 1084 142 1084 142 1085 731 1085 732 1085 142 1086 732 1086 716 1086 723 1087 733 1087 299 1087 299 1088 733 1088 734 1088 299 1089 734 1089 735 1089 729 1090 736 1090 167 1090 167 1091 736 1091 737 1091 167 1092 737 1092 738 1092 739 1093 740 1093 323 1093 323 1094 740 1094 741 1094 323 1095 741 1095 724 1095 742 1096 743 1096 142 1096 142 1097 743 1097 744 1097 142 1098 744 1098 730 1098 735 1099 745 1099 299 1099 299 1100 745 1100 746 1100 299 1101 746 1101 747 1101 738 1102 748 1102 167 1102 167 1103 748 1103 749 1103 167 1104 749 1104 142 1104 142 1105 749 1105 750 1105 142 1106 750 1106 742 1106 747 1107 751 1107 299 1107 299 1108 751 1108 752 1108 299 1109 752 1109 323 1109 323 1110 752 1110 753 1110 323 1111 753 1111 739 1111 754 1112 755 1112 342 1112 166 1113 756 1113 757 1113 341 1114 758 1114 759 1114 755 1115 760 1115 342 1115 342 1116 760 1116 761 1116 342 1117 761 1117 166 1117 166 1118 761 1118 762 1118 166 1119 762 1119 756 1119 763 1120 764 1120 168 1120 764 1121 765 1121 168 1121 168 1122 765 1122 766 1122 168 1123 766 1123 341 1123 341 1124 766 1124 767 1124 341 1125 767 1125 758 1125 768 1126 769 1126 342 1126 342 1127 769 1127 770 1127 342 1128 770 1128 754 1128 757 1129 771 1129 166 1129 166 1130 771 1130 772 1130 166 1131 772 1131 773 1131 759 1132 774 1132 341 1132 341 1133 774 1133 775 1133 341 1134 775 1134 776 1134 777 1135 778 1135 168 1135 168 1136 778 1136 779 1136 168 1137 779 1137 763 1137 780 1138 781 1138 342 1138 342 1139 781 1139 782 1139 342 1140 782 1140 768 1140 783 1141 784 1141 168 1141 168 1142 784 1142 785 1142 168 1143 785 1143 777 1143 776 1144 786 1144 341 1144 341 1145 786 1145 787 1145 341 1146 787 1146 788 1146 773 1147 789 1147 166 1147 166 1148 789 1148 790 1148 166 1149 790 1149 791 1149 788 1150 792 1150 341 1150 341 1151 792 1151 793 1151 341 1152 793 1152 342 1152 342 1153 793 1153 794 1153 342 1154 794 1154 780 1154 791 1155 795 1155 166 1155 166 1156 795 1156 796 1156 166 1157 796 1157 168 1157 168 1158 796 1158 797 1158 168 1159 797 1159 783 1159 145 1160 279 1160 278 1160 145 1161 278 1161 244 1161 244 1162 278 1162 277 1162 244 1163 277 1163 231 1163 231 1164 277 1164 273 1164 231 1165 273 1165 232 1165 232 1166 273 1166 272 1166 232 1167 272 1167 234 1167 234 1168 272 1168 265 1168 234 1169 265 1169 235 1169 235 1170 265 1170 264 1170 235 1171 264 1171 242 1171 242 1172 264 1172 280 1172 242 1173 280 1173 241 1173 241 1174 280 1174 253 1174 241 1175 253 1175 239 1175 323 1176 167 1176 175 1176 323 1177 175 1177 353 1177 353 1178 175 1178 191 1178 353 1179 191 1179 354 1179 354 1180 191 1180 190 1180 354 1181 190 1181 355 1181 355 1182 190 1182 189 1182 355 1183 189 1183 350 1183 350 1184 189 1184 179 1184 350 1185 179 1185 347 1185 347 1186 179 1186 178 1186 347 1187 178 1187 348 1187 348 1188 178 1188 177 1188 348 1189 177 1189 352 1189 352 1190 177 1190 156 1190 352 1191 156 1191 270 1191 268 1192 172 1192 226 1192 268 1193 226 1193 306 1193 306 1194 226 1194 227 1194 306 1195 227 1195 295 1195 295 1196 227 1196 223 1196 295 1197 223 1197 296 1197 296 1198 223 1198 222 1198 296 1199 222 1199 307 1199 307 1200 222 1200 221 1200 307 1201 221 1201 308 1201 308 1202 221 1202 218 1202 308 1203 218 1203 281 1203 281 1204 218 1204 216 1204 281 1205 216 1205 282 1205 282 1206 216 1206 215 1206 282 1207 215 1207 305 1207 305 1208 215 1208 230 1208 305 1209 230 1209 304 1209 304 1210 230 1210 229 1210 304 1211 229 1211 302 1211 302 1212 229 1212 182 1212 302 1213 182 1213 250 1213 142 1214 299 1214 328 1214 142 1215 328 1215 207 1215 207 1216 328 1216 330 1216 207 1217 330 1217 208 1217 208 1218 330 1218 331 1218 208 1219 331 1219 187 1219 187 1220 331 1220 322 1220 187 1221 322 1221 188 1221 188 1222 322 1222 321 1222 188 1223 321 1223 197 1223 197 1224 321 1224 319 1224 197 1225 319 1225 198 1225 198 1226 319 1226 318 1226 198 1227 318 1227 184 1227 184 1228 318 1228 335 1228 184 1229 335 1229 185 1229 185 1230 335 1230 334 1230 185 1231 334 1231 205 1231 205 1232 334 1232 333 1232 205 1233 333 1233 204 1233 204 1234 333 1234 332 1234 204 1235 332 1235 199 1235 342 1236 166 1236 297 1236 297 1237 166 1237 165 1237 297 1238 165 1238 298 1238 298 1239 165 1239 141 1239 298 1240 141 1240 326 1240 326 1241 141 1241 140 1241 326 1242 140 1242 327 1242 327 1243 140 1243 148 1243 327 1244 148 1244 329 1244 329 1245 148 1245 206 1245 329 1246 206 1246 320 1246 320 1247 206 1247 186 1247 320 1248 186 1248 336 1248 336 1249 186 1249 203 1249 336 1250 203 1250 337 1250 337 1251 203 1251 202 1251 337 1252 202 1252 338 1252 338 1253 202 1253 201 1253 338 1254 201 1254 343 1254 343 1255 201 1255 200 1255 343 1256 200 1256 344 1256 344 1257 200 1257 214 1257 345 1258 213 1258 284 1258 284 1259 213 1259 212 1259 284 1260 212 1260 285 1260 285 1261 212 1261 147 1261 285 1262 147 1262 286 1262 286 1263 147 1263 146 1263 286 1264 146 1264 287 1264 287 1265 146 1265 144 1265 287 1266 144 1266 288 1266 288 1267 144 1267 143 1267 288 1268 143 1268 289 1268 289 1269 143 1269 151 1269 289 1270 151 1270 290 1270 290 1271 151 1271 150 1271 290 1272 150 1272 312 1272 312 1273 150 1273 149 1273 312 1274 149 1274 2 1274 2 1275 149 1275 6 1275 247 1276 293 1276 237 1276 237 1277 293 1277 292 1277 237 1278 292 1278 238 1278 238 1279 292 1279 252 1279 238 1280 252 1280 240 1280 240 1281 252 1281 251 1281 240 1282 251 1282 236 1282 236 1283 251 1283 263 1283 236 1284 263 1284 233 1284 233 1285 263 1285 271 1285 233 1286 271 1286 243 1286 243 1287 271 1287 291 1287 243 1288 291 1288 162 1288 162 1289 291 1289 314 1289 162 1290 314 1290 163 1290 163 1291 314 1291 313 1291 163 1292 313 1292 164 1292 164 1293 313 1293 317 1293 164 1294 317 1294 153 1294 153 1295 317 1295 316 1295 153 1296 316 1296 152 1296 152 1297 316 1297 315 1297 152 1298 315 1298 50 1298 50 1299 315 1299 60 1299 154 1300 349 1300 192 1300 192 1301 349 1301 351 1301 192 1302 351 1302 193 1302 193 1303 351 1303 255 1303 193 1304 255 1304 195 1304 195 1305 255 1305 254 1305 195 1306 254 1306 196 1306 196 1307 254 1307 276 1307 196 1308 276 1308 219 1308 219 1309 276 1309 275 1309 219 1310 275 1310 220 1310 220 1311 275 1311 274 1311 220 1312 274 1312 24 1312 24 1313 274 1313 5 1313 168 1314 341 1314 169 1314 169 1315 341 1315 340 1315 169 1316 340 1316 173 1316 173 1317 340 1317 325 1317 173 1318 325 1318 174 1318 174 1319 325 1319 324 1319 174 1320 324 1320 176 1320 176 1321 324 1321 339 1321 176 1322 339 1322 154 1322 154 1323 339 1323 349 1323 311 1324 210 1324 256 1324 256 1325 210 1325 209 1325 256 1326 209 1326 257 1326 257 1327 209 1327 161 1327 257 1328 161 1328 258 1328 258 1329 161 1329 160 1329 258 1330 160 1330 259 1330 259 1331 160 1331 159 1331 259 1332 159 1332 260 1332 260 1333 159 1333 158 1333 260 1334 158 1334 261 1334 261 1335 158 1335 157 1335 261 1336 157 1336 262 1336 262 1337 157 1337 155 1337 262 1338 155 1338 346 1338 346 1339 155 1339 194 1339 346 1340 194 1340 69 1340 69 1341 194 1341 53 1341 294 1342 246 1342 248 1342 248 1343 246 1343 245 1343 248 1344 245 1344 249 1344 249 1345 245 1345 183 1345 249 1346 183 1346 300 1346 300 1347 183 1347 181 1347 300 1348 181 1348 301 1348 301 1349 181 1349 180 1349 301 1350 180 1350 303 1350 303 1351 180 1351 228 1351 303 1352 228 1352 283 1352 283 1353 228 1353 217 1353 283 1354 217 1354 266 1354 266 1355 217 1355 225 1355 266 1356 225 1356 267 1356 267 1357 225 1357 224 1357 267 1358 224 1358 269 1358 269 1359 224 1359 171 1359 269 1360 171 1360 309 1360 309 1361 171 1361 170 1361 309 1362 170 1362 310 1362 310 1363 170 1363 211 1363 794 1364 793 1364 751 1364 751 1365 793 1365 752 1365 794 1366 751 1366 747 1366 794 1367 747 1367 780 1367 780 1368 747 1368 746 1368 780 1369 746 1369 781 1369 781 1370 746 1370 745 1370 781 1371 745 1371 782 1371 782 1372 745 1372 735 1372 782 1373 735 1373 768 1373 768 1374 735 1374 734 1374 768 1375 734 1375 769 1375 769 1376 734 1376 733 1376 769 1377 733 1377 770 1377 770 1378 733 1378 723 1378 770 1379 723 1379 754 1379 754 1380 723 1380 722 1380 754 1381 722 1381 755 1381 755 1382 722 1382 721 1382 755 1383 721 1383 760 1383 760 1384 721 1384 718 1384 760 1385 718 1385 761 1385 762 1386 761 1386 719 1386 719 1387 761 1387 718 1387 762 1388 719 1388 720 1388 762 1389 720 1389 756 1389 756 1390 720 1390 717 1390 756 1391 717 1391 757 1391 757 1392 717 1392 716 1392 757 1393 716 1393 771 1393 771 1394 716 1394 732 1394 771 1395 732 1395 772 1395 772 1396 732 1396 731 1396 772 1397 731 1397 773 1397 773 1398 731 1398 730 1398 773 1399 730 1399 789 1399 789 1400 730 1400 744 1400 789 1401 744 1401 790 1401 790 1402 744 1402 743 1402 790 1403 743 1403 791 1403 791 1404 743 1404 742 1404 791 1405 742 1405 795 1405 795 1406 742 1406 750 1406 795 1407 750 1407 796 1407 797 1408 796 1408 749 1408 749 1409 796 1409 750 1409 797 1410 749 1410 748 1410 797 1411 748 1411 783 1411 783 1412 748 1412 738 1412 783 1413 738 1413 784 1413 784 1414 738 1414 737 1414 784 1415 737 1415 785 1415 785 1416 737 1416 736 1416 785 1417 736 1417 777 1417 777 1418 736 1418 729 1418 777 1419 729 1419 778 1419 778 1420 729 1420 728 1420 778 1421 728 1421 779 1421 779 1422 728 1422 727 1422 779 1423 727 1423 763 1423 763 1424 727 1424 711 1424 763 1425 711 1425 764 1425 764 1426 711 1426 710 1426 764 1427 710 1427 765 1427 765 1428 710 1428 715 1428 765 1429 715 1429 766 1429 767 1430 766 1430 714 1430 714 1431 766 1431 715 1431 767 1432 714 1432 713 1432 767 1433 713 1433 758 1433 758 1434 713 1434 712 1434 758 1435 712 1435 759 1435 759 1436 712 1436 726 1436 759 1437 726 1437 774 1437 774 1438 726 1438 725 1438 774 1439 725 1439 775 1439 775 1440 725 1440 724 1440 775 1441 724 1441 776 1441 776 1442 724 1442 741 1442 776 1443 741 1443 786 1443 786 1444 741 1444 740 1444 786 1445 740 1445 787 1445 787 1446 740 1446 739 1446 787 1447 739 1447 788 1447 788 1448 739 1448 753 1448 788 1449 753 1449 792 1449 792 1450 753 1450 752 1450 792 1451 752 1451 793 1451 704 1452 665 1452 705 1452 705 1453 665 1453 664 1453 635 1454 668 1454 667 1454 635 1455 667 1455 628 1455 628 1456 667 1456 666 1456 628 1457 666 1457 629 1457 629 1458 666 1458 682 1458 629 1459 682 1459 642 1459 642 1460 682 1460 681 1460 642 1461 681 1461 643 1461 643 1462 681 1462 680 1462 643 1463 680 1463 644 1463 644 1464 680 1464 694 1464 644 1465 694 1465 654 1465 654 1466 694 1466 693 1466 654 1467 693 1467 655 1467 655 1468 693 1468 692 1468 655 1469 692 1469 656 1469 656 1470 692 1470 706 1470 656 1471 706 1471 663 1471 663 1472 706 1472 705 1472 663 1473 705 1473 664 1473 668 1474 635 1474 671 1474 671 1475 635 1475 634 1475 662 1476 708 1476 707 1476 662 1477 707 1477 651 1477 651 1478 707 1478 700 1478 651 1479 700 1479 652 1479 652 1480 700 1480 699 1480 652 1481 699 1481 653 1481 653 1482 699 1482 698 1482 653 1483 698 1483 636 1483 636 1484 698 1484 685 1484 636 1485 685 1485 637 1485 637 1486 685 1486 684 1486 637 1487 684 1487 638 1487 638 1488 684 1488 683 1488 638 1489 683 1489 623 1489 623 1490 683 1490 673 1490 623 1491 673 1491 624 1491 624 1492 673 1492 672 1492 624 1493 672 1493 633 1493 633 1494 672 1494 671 1494 633 1495 671 1495 634 1495 708 1496 662 1496 709 1496 709 1497 662 1497 661 1497 625 1498 675 1498 674 1498 625 1499 674 1499 626 1499 626 1500 674 1500 670 1500 626 1501 670 1501 627 1501 627 1502 670 1502 669 1502 627 1503 669 1503 639 1503 639 1504 669 1504 688 1504 639 1505 688 1505 640 1505 640 1506 688 1506 687 1506 640 1507 687 1507 641 1507 641 1508 687 1508 686 1508 641 1509 686 1509 648 1509 648 1510 686 1510 697 1510 648 1511 697 1511 649 1511 649 1512 697 1512 696 1512 649 1513 696 1513 650 1513 650 1514 696 1514 695 1514 650 1515 695 1515 660 1515 660 1516 695 1516 709 1516 660 1517 709 1517 661 1517 675 1518 625 1518 676 1518 676 1519 625 1519 622 1519 665 1520 704 1520 703 1520 665 1521 703 1521 657 1521 657 1522 703 1522 702 1522 657 1523 702 1523 658 1523 658 1524 702 1524 701 1524 658 1525 701 1525 659 1525 659 1526 701 1526 691 1526 659 1527 691 1527 645 1527 645 1528 691 1528 690 1528 645 1529 690 1529 646 1529 646 1530 690 1530 689 1530 646 1531 689 1531 647 1531 647 1532 689 1532 679 1532 647 1533 679 1533 630 1533 630 1534 679 1534 678 1534 630 1535 678 1535 631 1535 631 1536 678 1536 677 1536 631 1537 677 1537 632 1537 632 1538 677 1538 676 1538 632 1539 676 1539 622 1539 89 1540 43 1540 81 1540 81 1541 43 1541 42 1541 81 1542 42 1542 82 1542 82 1543 42 1543 38 1543 82 1544 38 1544 83 1544 83 1545 38 1545 37 1545 83 1546 37 1546 84 1546 84 1547 37 1547 36 1547 84 1548 36 1548 85 1548 85 1549 36 1549 35 1549 85 1550 35 1550 86 1550 86 1551 35 1551 34 1551 86 1552 34 1552 70 1552 70 1553 34 1553 33 1553 70 1554 33 1554 71 1554 71 1555 33 1555 4 1555 71 1556 4 1556 90 1556 90 1557 4 1557 3 1557 90 1558 3 1558 91 1558 91 1559 3 1559 15 1559 88 1560 44 1560 89 1560 89 1561 44 1561 43 1561 54 1562 40 1562 55 1562 55 1563 40 1563 39 1563 55 1564 39 1564 56 1564 56 1565 39 1565 32 1565 56 1566 32 1566 57 1566 57 1567 32 1567 31 1567 57 1568 31 1568 58 1568 58 1569 31 1569 30 1569 58 1570 30 1570 59 1570 59 1571 30 1571 29 1571 59 1572 29 1572 66 1572 66 1573 29 1573 28 1573 66 1574 28 1574 67 1574 67 1575 28 1575 27 1575 67 1576 27 1576 68 1576 68 1577 27 1577 26 1577 68 1578 26 1578 87 1578 87 1579 26 1579 25 1579 87 1580 25 1580 88 1580 88 1581 25 1581 44 1581 52 1582 41 1582 54 1582 54 1583 41 1583 40 1583 95 1584 46 1584 78 1584 78 1585 46 1585 45 1585 78 1586 45 1586 79 1586 79 1587 45 1587 21 1587 79 1588 21 1588 80 1588 80 1589 21 1589 20 1589 80 1590 20 1590 63 1590 63 1591 20 1591 19 1591 63 1592 19 1592 64 1592 64 1593 19 1593 18 1593 64 1594 18 1594 65 1594 65 1595 18 1595 17 1595 65 1596 17 1596 48 1596 48 1597 17 1597 16 1597 48 1598 16 1598 49 1598 49 1599 16 1599 8 1599 49 1600 8 1600 51 1600 51 1601 8 1601 7 1601 51 1602 7 1602 52 1602 52 1603 7 1603 41 1603 94 1604 47 1604 95 1604 95 1605 47 1605 46 1605 92 1606 14 1606 72 1606 72 1607 14 1607 13 1607 72 1608 13 1608 73 1608 73 1609 13 1609 1 1609 73 1610 1 1610 74 1610 74 1611 1 1611 0 1611 74 1612 0 1612 75 1612 75 1613 0 1613 23 1613 75 1614 23 1614 76 1614 76 1615 23 1615 22 1615 76 1616 22 1616 77 1616 77 1617 22 1617 12 1617 77 1618 12 1618 61 1618 61 1619 12 1619 11 1619 61 1620 11 1620 62 1620 62 1621 11 1621 10 1621 62 1622 10 1622 93 1622 93 1623 10 1623 9 1623 93 1624 9 1624 94 1624 94 1625 9 1625 47 1625 91 1626 15 1626 92 1626 92 1627 15 1627 14 1627 798 1628 799 1628 800 1628 801 1629 802 1629 803 1629 804 1630 805 1630 806 1630 807 1631 808 1631 809 1631 809 1632 808 1632 800 1632 809 1633 800 1633 810 1633 810 1634 800 1634 799 1634 807 1635 811 1635 808 1635 808 1636 811 1636 812 1636 808 1637 812 1637 803 1637 803 1638 812 1638 813 1638 803 1639 813 1639 801 1639 814 1640 815 1640 816 1640 817 1641 818 1641 819 1641 805 1642 820 1642 806 1642 806 1643 820 1643 821 1643 806 1644 821 1644 822 1644 822 1645 821 1645 823 1645 814 1646 816 1646 824 1646 823 1647 825 1647 822 1647 822 1648 825 1648 826 1648 822 1649 826 1649 827 1649 822 1650 828 1650 800 1650 800 1651 828 1651 829 1651 800 1652 829 1652 798 1652 802 1653 830 1653 803 1653 803 1654 830 1654 831 1654 803 1655 831 1655 816 1655 816 1656 831 1656 832 1656 816 1657 832 1657 824 1657 827 1658 833 1658 822 1658 822 1659 833 1659 834 1659 822 1660 834 1660 828 1660 818 1661 835 1661 819 1661 819 1662 835 1662 836 1662 819 1663 836 1663 806 1663 806 1664 836 1664 837 1664 806 1665 837 1665 804 1665 815 1666 838 1666 816 1666 816 1667 838 1667 839 1667 816 1668 839 1668 819 1668 819 1669 839 1669 840 1669 819 1670 840 1670 817 1670 841 1671 842 1671 843 1671 844 1672 845 1672 846 1672 846 1673 847 1673 844 1673 844 1674 847 1674 848 1674 844 1675 848 1675 843 1675 843 1676 848 1676 849 1676 843 1677 849 1677 841 1677 850 1678 851 1678 852 1678 853 1679 854 1679 855 1679 855 1680 854 1680 856 1680 842 1681 857 1681 843 1681 843 1682 857 1682 858 1682 843 1683 858 1683 859 1683 859 1684 858 1684 860 1684 859 1685 860 1685 861 1685 862 1686 863 1686 864 1686 864 1687 863 1687 865 1687 862 1688 866 1688 863 1688 863 1689 866 1689 867 1689 863 1690 867 1690 844 1690 844 1691 867 1691 868 1691 844 1692 868 1692 845 1692 861 1693 869 1693 859 1693 859 1694 869 1694 870 1694 859 1695 870 1695 871 1695 856 1696 854 1696 872 1696 872 1697 854 1697 873 1697 872 1698 873 1698 874 1698 853 1699 875 1699 854 1699 854 1700 875 1700 876 1700 854 1701 876 1701 863 1701 863 1702 876 1702 877 1702 863 1703 877 1703 865 1703 871 1704 878 1704 859 1704 859 1705 878 1705 879 1705 859 1706 879 1706 852 1706 852 1707 879 1707 880 1707 852 1708 880 1708 850 1708 851 1709 881 1709 852 1709 852 1710 881 1710 882 1710 852 1711 882 1711 873 1711 873 1712 882 1712 883 1712 873 1713 883 1713 874 1713 884 1714 885 1714 886 1714 886 1715 885 1715 887 1715 886 1716 887 1716 888 1716 888 1717 887 1717 889 1717 888 1718 889 1718 890 1718 891 1719 892 1719 893 1719 891 1720 893 1720 894 1720 894 1721 893 1721 895 1721 894 1722 895 1722 896 1722 896 1723 895 1723 897 1723 896 1724 897 1724 898 1724 899 1725 900 1725 901 1725 902 1726 903 1726 904 1726 905 1727 906 1727 907 1727 908 1728 909 1728 910 1728 900 1729 911 1729 901 1729 901 1730 911 1730 912 1730 901 1731 912 1731 913 1731 913 1732 912 1732 914 1732 915 1733 916 1733 917 1733 917 1734 916 1734 918 1734 917 1735 918 1735 907 1735 907 1736 918 1736 919 1736 907 1737 919 1737 905 1737 906 1738 920 1738 907 1738 907 1739 920 1739 921 1739 907 1740 921 1740 922 1740 923 1741 924 1741 925 1741 909 1742 926 1742 910 1742 910 1743 926 1743 927 1743 910 1744 927 1744 901 1744 901 1745 927 1745 928 1745 901 1746 928 1746 899 1746 914 1747 929 1747 913 1747 913 1748 929 1748 930 1748 913 1749 930 1749 917 1749 917 1750 930 1750 931 1750 917 1751 931 1751 915 1751 922 1752 932 1752 907 1752 907 1753 932 1753 933 1753 907 1754 933 1754 904 1754 904 1755 933 1755 934 1755 904 1756 934 1756 902 1756 923 1757 925 1757 935 1757 924 1758 936 1758 925 1758 925 1759 936 1759 937 1759 925 1760 937 1760 910 1760 910 1761 937 1761 938 1761 910 1762 938 1762 908 1762 903 1763 939 1763 904 1763 904 1764 939 1764 940 1764 904 1765 940 1765 925 1765 925 1766 940 1766 941 1766 925 1767 941 1767 935 1767 942 1768 943 1768 944 1768 944 1769 943 1769 945 1769 946 1770 947 1770 948 1770 949 1771 948 1771 950 1771 950 1772 951 1772 949 1772 949 1773 951 1773 952 1773 949 1774 952 1774 953 1774 947 1775 954 1775 948 1775 948 1776 954 1776 955 1776 948 1777 955 1777 950 1777 956 1778 957 1778 958 1778 942 1779 959 1779 943 1779 943 1780 959 1780 960 1780 943 1781 960 1781 961 1781 961 1782 960 1782 962 1782 961 1783 962 1783 963 1783 961 1784 964 1784 948 1784 948 1785 964 1785 965 1785 948 1786 965 1786 946 1786 953 1787 966 1787 949 1787 949 1788 966 1788 967 1788 949 1789 967 1789 968 1789 968 1790 967 1790 969 1790 970 1791 971 1791 972 1791 945 1792 943 1792 973 1792 973 1793 943 1793 972 1793 973 1794 972 1794 974 1794 963 1795 975 1795 961 1795 961 1796 975 1796 976 1796 961 1797 976 1797 964 1797 969 1798 977 1798 968 1798 968 1799 977 1799 978 1799 968 1800 978 1800 958 1800 958 1801 978 1801 979 1801 958 1802 979 1802 956 1802 971 1803 980 1803 972 1803 972 1804 980 1804 981 1804 972 1805 981 1805 974 1805 957 1806 982 1806 958 1806 958 1807 982 1807 983 1807 958 1808 983 1808 972 1808 972 1809 983 1809 984 1809 972 1810 984 1810 970 1810 985 1811 986 1811 987 1811 988 1812 989 1812 990 1812 990 1813 989 1813 985 1813 990 1814 985 1814 991 1814 991 1815 985 1815 987 1815 992 1816 993 1816 994 1816 994 1817 993 1817 995 1817 994 1818 995 1818 996 1818 996 1819 995 1819 997 1819 989 1820 988 1820 998 1820 998 1821 988 1821 999 1821 998 1822 999 1822 972 1822 972 1823 999 1823 958 1823 1000 1824 1001 1824 1002 1824 1002 1825 1001 1825 1003 1825 1002 1826 1003 1826 907 1826 907 1827 1003 1827 917 1827 1004 1828 919 1828 1005 1828 1005 1829 919 1829 918 1829 1005 1830 918 1830 1006 1830 1006 1831 918 1831 916 1831 1006 1832 916 1832 1007 1832 1007 1833 916 1833 915 1833 1007 1834 915 1834 1008 1834 1008 1835 915 1835 931 1835 1008 1836 931 1836 1009 1836 1009 1837 931 1837 930 1837 1009 1838 930 1838 1010 1838 1010 1839 930 1839 929 1839 1010 1840 929 1840 1011 1840 1011 1841 929 1841 914 1841 1011 1842 914 1842 1012 1842 1012 1843 914 1843 912 1843 1012 1844 912 1844 1013 1844 1013 1845 912 1845 911 1845 1013 1846 911 1846 1014 1846 1014 1847 911 1847 900 1847 1014 1848 900 1848 1015 1848 1015 1849 900 1849 899 1849 1015 1850 899 1850 1016 1850 1016 1851 899 1851 928 1851 1016 1852 928 1852 1017 1852 1017 1853 928 1853 927 1853 1017 1854 927 1854 1018 1854 1018 1855 927 1855 926 1855 1018 1856 926 1856 1019 1856 1019 1857 926 1857 909 1857 1019 1858 909 1858 1020 1858 1020 1859 909 1859 908 1859 1020 1860 908 1860 1021 1860 1021 1861 908 1861 938 1861 1021 1862 938 1862 1022 1862 1022 1863 938 1863 937 1863 1022 1864 937 1864 1023 1864 1023 1865 937 1865 936 1865 1023 1866 936 1866 1024 1866 1024 1867 936 1867 924 1867 1024 1868 924 1868 1025 1868 1025 1869 924 1869 923 1869 1025 1870 923 1870 1026 1870 1026 1871 923 1871 935 1871 1026 1872 935 1872 1027 1872 1027 1873 935 1873 941 1873 1027 1874 941 1874 1028 1874 1028 1875 941 1875 940 1875 1028 1876 940 1876 1029 1876 1029 1877 940 1877 939 1877 1029 1878 939 1878 1030 1878 1030 1879 939 1879 903 1879 1030 1880 903 1880 1031 1880 1031 1881 903 1881 902 1881 1031 1882 902 1882 1032 1882 1032 1883 902 1883 934 1883 1032 1884 934 1884 1033 1884 1033 1885 934 1885 933 1885 1033 1886 933 1886 1034 1886 1034 1887 933 1887 932 1887 1034 1888 932 1888 1035 1888 1035 1889 932 1889 922 1889 1035 1890 922 1890 1036 1890 1036 1891 922 1891 921 1891 1036 1892 921 1892 1037 1892 1037 1893 921 1893 920 1893 1037 1894 920 1894 1038 1894 1038 1895 920 1895 906 1895 1038 1896 906 1896 1039 1896 1039 1897 906 1897 905 1897 1039 1898 905 1898 1004 1898 1004 1899 905 1899 919 1899 1040 1900 965 1900 1041 1900 1041 1901 965 1901 964 1901 1041 1902 964 1902 1042 1902 1042 1903 964 1903 976 1903 1042 1904 976 1904 1043 1904 1043 1905 976 1905 975 1905 1043 1906 975 1906 1044 1906 1044 1907 975 1907 963 1907 1044 1908 963 1908 1045 1908 1045 1909 963 1909 962 1909 1045 1910 962 1910 1046 1910 1046 1911 962 1911 960 1911 1046 1912 960 1912 1047 1912 1047 1913 960 1913 959 1913 1047 1914 959 1914 1048 1914 1048 1915 959 1915 942 1915 1048 1916 942 1916 1049 1916 1049 1917 942 1917 944 1917 1049 1918 944 1918 1050 1918 1050 1919 944 1919 945 1919 1050 1920 945 1920 1051 1920 1051 1921 945 1921 973 1921 1051 1922 973 1922 1052 1922 1052 1923 973 1923 974 1923 1052 1924 974 1924 1053 1924 1053 1925 974 1925 981 1925 1053 1926 981 1926 1054 1926 1054 1927 981 1927 980 1927 1054 1928 980 1928 1055 1928 1055 1929 980 1929 971 1929 1055 1930 971 1930 1056 1930 1056 1931 971 1931 970 1931 1056 1932 970 1932 1057 1932 1057 1933 970 1933 984 1933 1057 1934 984 1934 1058 1934 1058 1935 984 1935 983 1935 1058 1936 983 1936 1059 1936 1059 1937 983 1937 982 1937 1059 1938 982 1938 1060 1938 1060 1939 982 1939 957 1939 1060 1940 957 1940 1061 1940 1061 1941 957 1941 956 1941 1061 1942 956 1942 1062 1942 1062 1943 956 1943 979 1943 1062 1944 979 1944 1063 1944 1063 1945 979 1945 978 1945 1063 1946 978 1946 1064 1946 1064 1947 978 1947 977 1947 1064 1948 977 1948 1065 1948 1065 1949 977 1949 969 1949 1065 1950 969 1950 1066 1950 1066 1951 969 1951 967 1951 1066 1952 967 1952 1067 1952 1067 1953 967 1953 966 1953 1067 1954 966 1954 1068 1954 1068 1955 966 1955 953 1955 1068 1956 953 1956 1069 1956 1069 1957 953 1957 952 1957 1069 1958 952 1958 1070 1958 1070 1959 952 1959 951 1959 1070 1960 951 1960 1071 1960 1071 1961 951 1961 950 1961 1071 1962 950 1962 1072 1962 1072 1963 950 1963 955 1963 1072 1964 955 1964 1073 1964 1073 1965 955 1965 954 1965 1073 1966 954 1966 1074 1966 1074 1967 954 1967 947 1967 1074 1968 947 1968 1075 1968 1075 1969 947 1969 946 1969 1075 1970 946 1970 1040 1970 1040 1971 946 1971 965 1971 1029 1972 1030 1972 1076 1972 1059 1973 1060 1973 1077 1973 1018 1974 1019 1974 1078 1974 1047 1975 1048 1975 1079 1975 1080 1976 1064 1976 1065 1976 1080 1977 1065 1977 1081 1977 1034 1978 1035 1978 1082 1978 1014 1979 1083 1979 1013 1979 1013 1980 1083 1980 1012 1980 1014 1981 1015 1981 1083 1981 1083 1982 1015 1982 1016 1982 1083 1983 1016 1983 1078 1983 1078 1984 1016 1984 1017 1984 1078 1985 1017 1985 1018 1985 1048 1986 1049 1986 1079 1986 1079 1987 1049 1987 1050 1987 1079 1988 1050 1988 1084 1988 1084 1989 1050 1989 1051 1989 1084 1990 1051 1990 1052 1990 1060 1991 1061 1991 1077 1991 1077 1992 1061 1992 1062 1992 1077 1993 1062 1993 1080 1993 1080 1994 1062 1994 1063 1994 1080 1995 1063 1995 1064 1995 1025 1996 1026 1996 1085 1996 1085 1997 1026 1997 1027 1997 1085 1998 1027 1998 1076 1998 1076 1999 1027 1999 1028 1999 1076 2000 1028 2000 1029 2000 1021 2001 1022 2001 1068 2001 1068 2002 1022 2002 1067 2002 1019 2003 1020 2003 1078 2003 1078 2004 1020 2004 1021 2004 1078 2005 1021 2005 1086 2005 1086 2006 1021 2006 1068 2006 1086 2007 1068 2007 1069 2007 1069 2008 1070 2008 1086 2008 1086 2009 1070 2009 1071 2009 1086 2010 1071 2010 1072 2010 1052 2011 1053 2011 1084 2011 1084 2012 1053 2012 1054 2012 1084 2013 1054 2013 1055 2013 1055 2014 1056 2014 1084 2014 1084 2015 1056 2015 1057 2015 1084 2016 1057 2016 1077 2016 1077 2017 1057 2017 1058 2017 1077 2018 1058 2018 1059 2018 1065 2019 1066 2019 1081 2019 1081 2020 1066 2020 1067 2020 1081 2021 1067 2021 1087 2021 1087 2022 1067 2022 1088 2022 1030 2023 1031 2023 1076 2023 1076 2024 1031 2024 1032 2024 1076 2025 1032 2025 1082 2025 1082 2026 1032 2026 1033 2026 1082 2027 1033 2027 1034 2027 1035 2028 1036 2028 1082 2028 1082 2029 1036 2029 1037 2029 1082 2030 1037 2030 1038 2030 1072 2031 1073 2031 1086 2031 1086 2032 1073 2032 1074 2032 1086 2033 1074 2033 1075 2033 1067 2034 1022 2034 1088 2034 1088 2035 1022 2035 1023 2035 1088 2036 1023 2036 1085 2036 1085 2037 1023 2037 1024 2037 1085 2038 1024 2038 1025 2038 1012 2039 1083 2039 1011 2039 1011 2040 1083 2040 1089 2040 1011 2041 1089 2041 1010 2041 1043 2042 1044 2042 1090 2042 1090 2043 1044 2043 1045 2043 1090 2044 1045 2044 1079 2044 1079 2045 1045 2045 1046 2045 1079 2046 1046 2046 1047 2046 1075 2047 1040 2047 1086 2047 1086 2048 1040 2048 1041 2048 1086 2049 1041 2049 1090 2049 1090 2050 1041 2050 1042 2050 1090 2051 1042 2051 1043 2051 1006 2052 1007 2052 1091 2052 1091 2053 1007 2053 1008 2053 1091 2054 1008 2054 1089 2054 1089 2055 1008 2055 1009 2055 1089 2056 1009 2056 1010 2056 1038 2057 1039 2057 1082 2057 1082 2058 1039 2058 1004 2058 1082 2059 1004 2059 1091 2059 1091 2060 1004 2060 1005 2060 1091 2061 1005 2061 1006 2061 1092 2062 1093 2062 1094 2062 1095 2063 1096 2063 1097 2063 1098 2064 1099 2064 1100 2064 1101 2065 1102 2065 1103 2065 901 2066 913 2066 1089 2066 1104 2067 972 2067 1105 2067 1105 2068 972 2068 1106 2068 1079 2069 1084 2069 972 2069 972 2070 1084 2070 1107 2070 972 2071 1107 2071 1108 2071 1108 2072 1109 2072 972 2072 972 2073 1109 2073 1110 2073 972 2074 1110 2074 1106 2074 1089 2075 913 2075 1091 2075 1091 2076 913 2076 917 2076 1091 2077 917 2077 1111 2077 1112 2078 1113 2078 917 2078 1113 2079 1114 2079 917 2079 917 2080 1114 2080 1115 2080 917 2081 1115 2081 1116 2081 1116 2082 1117 2082 917 2082 917 2083 1117 2083 1118 2083 917 2084 1118 2084 1111 2084 1119 2085 1120 2085 1121 2085 1121 2086 1122 2086 1119 2086 1119 2087 1122 2087 1123 2087 1119 2088 1123 2088 1124 2088 1124 2089 1125 2089 1119 2089 1119 2090 1125 2090 1126 2090 1119 2091 1126 2091 1127 2091 1128 2092 1129 2092 1130 2092 1130 2093 1129 2093 1131 2093 1130 2094 1131 2094 1132 2094 1132 2095 1131 2095 1133 2095 806 2096 822 2096 1134 2096 1135 2097 1136 2097 822 2097 822 2098 1136 2098 1137 2098 822 2099 1137 2099 1134 2099 1138 2100 1139 2100 1140 2100 1141 2101 1142 2101 996 2101 996 2102 1142 2102 1143 2102 996 2103 1143 2103 994 2103 986 2104 1144 2104 1145 2104 1141 2105 1146 2105 1142 2105 1142 2106 1146 2106 1147 2106 1142 2107 1147 2107 1148 2107 1148 2108 1149 2108 1142 2108 1142 2109 1149 2109 1150 2109 1142 2110 1150 2110 1151 2110 1145 2111 1152 2111 986 2111 986 2112 1152 2112 1153 2112 986 2113 1153 2113 1154 2113 1139 2114 1155 2114 1140 2114 1140 2115 1155 2115 1156 2115 1140 2116 1156 2116 1157 2116 1157 2117 1156 2117 1154 2117 1157 2118 1154 2118 1158 2118 1158 2119 1154 2119 1153 2119 1159 2120 1160 2120 986 2120 986 2121 1160 2121 1161 2121 986 2122 1161 2122 1144 2122 1162 2123 1163 2123 1140 2123 1140 2124 1163 2124 1164 2124 1140 2125 1164 2125 1138 2125 1165 2126 1166 2126 1167 2126 1167 2127 1166 2127 1168 2127 1167 2128 1168 2128 1169 2128 1169 2129 1170 2129 1167 2129 1167 2130 1170 2130 1171 2130 1167 2131 1171 2131 1172 2131 1172 2132 1171 2132 1173 2132 994 2133 1143 2133 992 2133 992 2134 1143 2134 1174 2134 992 2135 1174 2135 1175 2135 1167 2136 1176 2136 1165 2136 1165 2137 1176 2137 1177 2137 1165 2138 1177 2138 1178 2138 1178 2139 1177 2139 1179 2139 1178 2140 1179 2140 1180 2140 1180 2141 1181 2141 1178 2141 1178 2142 1181 2142 1182 2142 1178 2143 1182 2143 1183 2143 1183 2144 1184 2144 1178 2144 1178 2145 1184 2145 1185 2145 1178 2146 1185 2146 1186 2146 1187 2147 1188 2147 1174 2147 1174 2148 1188 2148 1189 2148 1189 2149 1190 2149 1174 2149 1174 2150 1190 2150 1191 2150 1174 2151 1191 2151 1175 2151 1192 2152 1193 2152 884 2152 1194 2153 1195 2153 884 2153 884 2154 1195 2154 1196 2154 1196 2155 1197 2155 884 2155 884 2156 1197 2156 1198 2156 884 2157 1198 2157 1199 2157 1200 2158 1201 2158 884 2158 884 2159 1201 2159 1202 2159 884 2160 1202 2160 1194 2160 898 2161 1203 2161 1193 2161 1193 2162 1203 2162 1204 2162 1193 2163 1204 2163 884 2163 884 2164 1204 2164 1205 2164 884 2165 1205 2165 1200 2165 1206 2166 1207 2166 1099 2166 1207 2167 1208 2167 1099 2167 1099 2168 1208 2168 1209 2168 1099 2169 1209 2169 1210 2169 1211 2170 1212 2170 1098 2170 1098 2171 1212 2171 1213 2171 1098 2172 1213 2172 1214 2172 1210 2173 1215 2173 1099 2173 1099 2174 1215 2174 891 2174 1099 2175 891 2175 1216 2175 1216 2176 891 2176 894 2176 1216 2177 894 2177 1193 2177 1193 2178 894 2178 896 2178 1193 2179 896 2179 898 2179 1214 2180 1217 2180 1098 2180 1098 2181 1217 2181 1218 2181 1098 2182 1218 2182 1099 2182 1099 2183 1218 2183 1219 2183 1099 2184 1219 2184 1206 2184 1220 2185 1221 2185 1222 2185 1222 2186 1221 2186 1223 2186 1224 2187 1225 2187 1097 2187 1223 2188 1226 2188 1222 2188 1222 2189 1226 2189 1227 2189 1222 2190 1227 2190 1228 2190 1228 2191 1227 2191 1229 2191 1228 2192 1229 2192 1230 2192 1230 2193 1229 2193 1098 2193 1098 2194 1229 2194 1231 2194 1098 2195 1231 2195 1211 2195 1096 2196 1232 2196 1097 2196 1097 2197 1232 2197 1220 2197 1097 2198 1220 2198 1224 2198 1224 2199 1220 2199 1222 2199 1199 2200 1233 2200 884 2200 884 2201 1233 2201 1234 2201 884 2202 1234 2202 1235 2202 1235 2203 1234 2203 1236 2203 1235 2204 1236 2204 1237 2204 1232 2205 1238 2205 1220 2205 1220 2206 1238 2206 1239 2206 1220 2207 1239 2207 1240 2207 1240 2208 1239 2208 1241 2208 1237 2209 1236 2209 1239 2209 1239 2210 1236 2210 1242 2210 1239 2211 1242 2211 1241 2211 1001 2212 1243 2212 1003 2212 1003 2213 1243 2213 1244 2213 1003 2214 1244 2214 917 2214 917 2215 1244 2215 1245 2215 917 2216 1245 2216 1112 2216 1089 2217 1083 2217 901 2217 901 2218 1083 2218 1078 2218 901 2219 1078 2219 910 2219 1246 2220 1247 2220 1078 2220 1078 2221 1247 2221 1248 2221 1249 2222 910 2222 1250 2222 1250 2223 910 2223 1251 2223 1252 2224 1253 2224 1254 2224 1254 2225 1253 2225 1255 2225 1254 2226 1255 2226 1256 2226 1248 2227 1257 2227 1078 2227 1078 2228 1257 2228 1258 2228 1078 2229 1258 2229 910 2229 910 2230 1258 2230 1259 2230 910 2231 1259 2231 1251 2231 1254 2232 1260 2232 1252 2232 1252 2233 1260 2233 1261 2233 1252 2234 1261 2234 1262 2234 1262 2235 1261 2235 1263 2235 1262 2236 1263 2236 1173 2236 1173 2237 1263 2237 1264 2237 1173 2238 1264 2238 1172 2238 1249 2239 1265 2239 910 2239 910 2240 1265 2240 1266 2240 910 2241 1266 2241 1267 2241 1267 2242 1268 2242 910 2242 910 2243 1268 2243 1269 2243 910 2244 1269 2244 1270 2244 1256 2245 1271 2245 1254 2245 1254 2246 1271 2246 1272 2246 1254 2247 1272 2247 1273 2247 1273 2248 1272 2248 1270 2248 1273 2249 1270 2249 1274 2249 1274 2250 1270 2250 1269 2250 1103 2251 1275 2251 1101 2251 1101 2252 1275 2252 1178 2252 1101 2253 1178 2253 1174 2253 1174 2254 1178 2254 1186 2254 1174 2255 1186 2255 1187 2255 1104 2256 1276 2256 972 2256 972 2257 1276 2257 1277 2257 972 2258 1277 2258 998 2258 998 2259 1277 2259 1278 2259 998 2260 1278 2260 989 2260 989 2261 1278 2261 1279 2261 989 2262 1279 2262 1094 2262 1151 2263 1159 2263 1142 2263 1142 2264 1159 2264 986 2264 1142 2265 986 2265 1094 2265 1094 2266 986 2266 985 2266 1094 2267 985 2267 989 2267 1280 2268 1281 2268 1282 2268 1162 2269 1283 2269 1163 2269 1163 2270 1283 2270 1264 2270 1163 2271 1264 2271 1284 2271 1284 2272 1264 2272 1263 2272 1284 2273 1263 2273 1285 2273 1285 2274 1263 2274 1261 2274 1286 2275 1287 2275 961 2275 961 2276 1287 2276 1288 2276 961 2277 1288 2277 1289 2277 1289 2278 1290 2278 961 2278 961 2279 1290 2279 1291 2279 961 2280 1291 2280 1292 2280 1282 2281 1281 2281 1293 2281 1286 2282 961 2282 1294 2282 1294 2283 961 2283 1295 2283 1294 2284 1295 2284 1282 2284 1282 2285 1295 2285 1296 2285 1282 2286 1296 2286 1280 2286 1281 2287 1297 2287 1293 2287 1293 2288 1297 2288 1298 2288 1293 2289 1298 2289 1299 2289 1299 2290 1298 2290 1285 2290 1299 2291 1285 2291 1300 2291 1300 2292 1285 2292 1261 2292 1301 2293 1090 2293 1302 2293 1302 2294 1090 2294 1303 2294 1301 2295 1304 2295 1090 2295 1090 2296 1304 2296 1305 2296 1090 2297 1305 2297 1306 2297 1306 2298 1307 2298 1090 2298 1090 2299 1307 2299 1308 2299 1090 2300 1308 2300 1086 2300 1086 2301 1308 2301 1309 2301 1086 2302 1309 2302 1078 2302 1078 2303 1309 2303 1310 2303 1078 2304 1310 2304 1246 2304 972 2305 943 2305 1079 2305 1079 2306 943 2306 961 2306 1079 2307 961 2307 1090 2307 1090 2308 961 2308 1292 2308 1090 2309 1292 2309 1303 2309 1134 2310 1311 2310 806 2310 806 2311 1311 2311 1312 2311 806 2312 1312 2312 819 2312 1313 2313 1314 2313 1312 2313 1312 2314 1314 2314 1315 2314 1312 2315 1315 2315 1316 2315 1317 2316 1318 2316 1319 2316 819 2317 1320 2317 1321 2317 1225 2318 1322 2318 1097 2318 1097 2319 1322 2319 1323 2319 1097 2320 1323 2320 1318 2320 1318 2321 1323 2321 1324 2321 1318 2322 1324 2322 1319 2322 1316 2323 1325 2323 1312 2323 1312 2324 1325 2324 1326 2324 1312 2325 1326 2325 819 2325 819 2326 1326 2326 1327 2326 819 2327 1327 2327 1320 2327 1321 2328 1328 2328 819 2328 819 2329 1328 2329 1329 2329 819 2330 1329 2330 1330 2330 1331 2331 1332 2331 1319 2331 1319 2332 1332 2332 1333 2332 1319 2333 1333 2333 1317 2333 1330 2334 1334 2334 819 2334 819 2335 1334 2335 1335 2335 819 2336 1335 2336 1336 2336 1336 2337 1335 2337 1331 2337 1336 2338 1331 2338 1337 2338 1337 2339 1331 2339 1319 2339 1135 2340 822 2340 1338 2340 1338 2341 822 2341 1339 2341 1338 2342 1339 2342 1340 2342 1340 2343 1339 2343 1341 2343 1340 2344 1341 2344 1100 2344 1100 2345 1341 2345 1342 2345 1100 2346 1342 2346 1098 2346 886 2347 888 2347 1343 2347 1343 2348 888 2348 890 2348 1095 2349 1097 2349 1344 2349 1344 2350 1097 2350 1318 2350 1344 2351 1318 2351 1345 2351 1345 2352 1318 2352 1346 2352 1345 2353 1346 2353 1347 2353 863 2354 1348 2354 1349 2354 1349 2355 1350 2355 863 2355 863 2356 1350 2356 1351 2356 863 2357 1351 2357 1352 2357 1347 2358 1353 2358 1345 2358 1345 2359 1353 2359 1354 2359 1345 2360 1354 2360 1355 2360 1355 2361 1354 2361 1356 2361 1355 2362 1356 2362 1357 2362 1357 2363 1356 2363 1358 2363 1357 2364 1358 2364 863 2364 863 2365 1358 2365 1359 2365 863 2366 1359 2366 1360 2366 1360 2367 1361 2367 863 2367 863 2368 1361 2368 1362 2368 863 2369 1362 2369 1348 2369 1363 2370 1364 2370 1365 2370 1365 2371 1364 2371 1366 2371 1365 2372 1366 2372 1367 2372 1352 2373 1363 2373 863 2373 863 2374 1363 2374 1365 2374 863 2375 1365 2375 854 2375 854 2376 1365 2376 1368 2376 854 2377 1368 2377 873 2377 873 2378 1368 2378 1119 2378 873 2379 1119 2379 852 2379 852 2380 1119 2380 1127 2380 852 2381 1127 2381 1369 2381 1367 2382 1370 2382 1365 2382 1365 2383 1370 2383 1371 2383 1365 2384 1371 2384 1372 2384 1372 2385 1371 2385 1373 2385 1372 2386 1373 2386 1312 2386 1312 2387 1373 2387 1374 2387 1312 2388 1374 2388 1313 2388 1120 2389 1119 2389 1375 2389 1375 2390 1119 2390 1368 2390 1375 2391 1368 2391 1376 2391 1376 2392 1368 2392 1365 2392 1376 2393 1365 2393 1377 2393 1377 2394 1365 2394 1372 2394 1377 2395 1372 2395 1378 2395 1378 2396 1372 2396 1312 2396 1378 2397 1312 2397 1379 2397 1379 2398 1312 2398 1311 2398 1379 2399 1311 2399 1131 2399 1131 2400 1311 2400 1134 2400 1131 2401 1134 2401 1133 2401 1094 2402 1093 2402 1100 2402 1100 2403 1093 2403 1380 2403 1100 2404 1380 2404 1381 2404 1382 2405 1340 2405 1383 2405 1383 2406 1340 2406 1384 2406 1381 2407 1385 2407 1100 2407 1100 2408 1385 2408 1386 2408 1100 2409 1386 2409 1387 2409 1387 2410 1388 2410 1100 2410 1100 2411 1388 2411 1389 2411 1100 2412 1389 2412 1390 2412 1391 2413 1392 2413 1340 2413 1340 2414 1392 2414 1393 2414 1340 2415 1393 2415 1384 2415 1394 2416 1395 2416 1279 2416 1279 2417 1395 2417 1396 2417 1279 2418 1396 2418 1397 2418 1390 2419 1398 2419 1100 2419 1100 2420 1398 2420 1399 2420 1100 2421 1399 2421 1340 2421 1340 2422 1399 2422 1400 2422 1340 2423 1400 2423 1391 2423 1382 2424 1401 2424 1340 2424 1340 2425 1401 2425 1402 2425 1340 2426 1402 2426 1279 2426 1279 2427 1402 2427 1403 2427 1279 2428 1403 2428 1394 2428 1404 2429 1405 2429 1094 2429 1094 2430 1405 2430 1406 2430 1094 2431 1406 2431 1407 2431 1407 2432 1408 2432 1094 2432 1094 2433 1408 2433 1409 2433 1094 2434 1409 2434 1092 2434 1397 2435 1410 2435 1279 2435 1279 2436 1410 2436 1411 2436 1279 2437 1411 2437 1412 2437 1412 2438 1413 2438 1279 2438 1279 2439 1413 2439 1414 2439 1279 2440 1414 2440 1094 2440 1094 2441 1414 2441 1415 2441 1094 2442 1415 2442 1404 2442 1416 2443 1417 2443 1099 2443 1416 2444 1099 2444 1418 2444 1417 2445 1419 2445 1099 2445 1099 2446 1419 2446 1420 2446 1099 2447 1420 2447 1421 2447 1421 2448 1422 2448 1099 2448 1099 2449 1422 2449 1423 2449 1099 2450 1423 2450 1424 2450 1425 2451 1426 2451 1100 2451 1427 2452 1428 2452 1094 2452 1094 2453 1428 2453 1429 2453 1094 2454 1429 2454 1430 2454 1431 2455 1432 2455 1142 2455 1142 2456 1432 2456 1433 2456 1142 2457 1433 2457 1434 2457 1434 2458 1435 2458 1142 2458 1142 2459 1435 2459 1436 2459 1142 2460 1436 2460 1437 2460 1424 2461 1438 2461 1099 2461 1099 2462 1438 2462 1439 2462 1099 2463 1439 2463 1100 2463 1100 2464 1439 2464 1440 2464 1100 2465 1440 2465 1425 2465 1100 2466 1441 2466 1442 2466 1443 2467 1444 2467 1094 2467 1094 2468 1444 2468 1445 2468 1094 2469 1445 2469 1427 2469 1426 2470 1446 2470 1100 2470 1100 2471 1446 2471 1447 2471 1100 2472 1447 2472 1441 2472 1442 2473 1448 2473 1100 2473 1100 2474 1448 2474 1449 2474 1100 2475 1449 2475 1094 2475 1094 2476 1449 2476 1450 2476 1094 2477 1450 2477 1443 2477 1430 2478 1451 2478 1094 2478 1094 2479 1451 2479 1452 2479 1094 2480 1452 2480 1142 2480 1142 2481 1452 2481 1453 2481 1142 2482 1453 2482 1431 2482 1193 2483 1174 2483 1216 2483 1216 2484 1174 2484 1143 2484 1216 2485 1143 2485 1099 2485 1099 2486 1143 2486 1142 2486 1099 2487 1142 2487 1418 2487 1418 2488 1142 2488 1437 2488 1454 2489 1455 2489 1192 2489 1192 2490 1455 2490 1456 2490 1192 2491 1456 2491 1457 2491 1458 2492 1459 2492 1174 2492 1460 2493 1461 2493 1101 2493 1457 2494 1462 2494 1192 2494 1192 2495 1462 2495 1463 2495 1192 2496 1463 2496 1464 2496 1465 2497 1466 2497 1193 2497 1458 2498 1174 2498 1467 2498 1101 2499 1468 2499 1469 2499 1461 2500 1470 2500 1101 2500 1101 2501 1470 2501 1471 2501 1101 2502 1471 2502 1192 2502 1192 2503 1471 2503 1472 2503 1192 2504 1472 2504 1454 2504 1193 2505 1473 2505 1474 2505 1475 2506 1476 2506 1174 2506 1459 2507 1477 2507 1174 2507 1174 2508 1477 2508 1478 2508 1174 2509 1478 2509 1101 2509 1101 2510 1478 2510 1479 2510 1101 2511 1479 2511 1468 2511 1469 2512 1480 2512 1101 2512 1101 2513 1480 2513 1481 2513 1101 2514 1481 2514 1460 2514 1464 2515 1482 2515 1192 2515 1192 2516 1482 2516 1483 2516 1192 2517 1483 2517 1193 2517 1193 2518 1483 2518 1484 2518 1193 2519 1484 2519 1473 2519 1474 2520 1485 2520 1193 2520 1193 2521 1485 2521 1486 2521 1193 2522 1486 2522 1465 2522 1476 2523 1487 2523 1174 2523 1174 2524 1487 2524 1488 2524 1174 2525 1488 2525 1467 2525 1466 2526 1489 2526 1193 2526 1193 2527 1489 2527 1490 2527 1193 2528 1490 2528 1174 2528 1174 2529 1490 2529 1491 2529 1174 2530 1491 2530 1475 2530 1343 2531 1102 2531 1492 2531 1492 2532 1102 2532 1493 2532 1492 2533 1494 2533 1343 2533 1343 2534 1494 2534 1495 2534 1343 2535 1495 2535 1496 2535 1497 2536 1498 2536 1101 2536 1496 2537 1499 2537 1343 2537 1343 2538 1499 2538 1500 2538 1343 2539 1500 2539 1501 2539 1501 2540 1502 2540 1343 2540 1343 2541 1502 2541 1503 2541 1343 2542 1503 2542 1504 2542 884 2543 886 2543 1192 2543 1192 2544 886 2544 1343 2544 1192 2545 1343 2545 1505 2545 1505 2546 1343 2546 1504 2546 1101 2547 1506 2547 1507 2547 1508 2548 1102 2548 1509 2548 1509 2549 1102 2549 1101 2549 1509 2550 1101 2550 1510 2550 1510 2551 1101 2551 1498 2551 1505 2552 1511 2552 1192 2552 1192 2553 1511 2553 1512 2553 1192 2554 1512 2554 1513 2554 1507 2555 1514 2555 1101 2555 1101 2556 1514 2556 1515 2556 1101 2557 1515 2557 1497 2557 1508 2558 1516 2558 1102 2558 1102 2559 1516 2559 1517 2559 1102 2560 1517 2560 1518 2560 1513 2561 1519 2561 1192 2561 1192 2562 1519 2562 1520 2562 1192 2563 1520 2563 1521 2563 1518 2564 1522 2564 1102 2564 1102 2565 1522 2565 1523 2565 1102 2566 1523 2566 1524 2566 1524 2567 1525 2567 1102 2567 1102 2568 1525 2568 1526 2568 1102 2569 1526 2569 1493 2569 1521 2570 1527 2570 1192 2570 1192 2571 1527 2571 1528 2571 1192 2572 1528 2572 1101 2572 1101 2573 1528 2573 1529 2573 1101 2574 1529 2574 1506 2574 1369 2575 1530 2575 852 2575 852 2576 1530 2576 1531 2576 852 2577 1531 2577 1532 2577 1532 2578 1531 2578 1533 2578 1532 2579 1533 2579 890 2579 890 2580 1533 2580 1534 2580 890 2581 1534 2581 1343 2581 1343 2582 1534 2582 1243 2582 1343 2583 1243 2583 1102 2583 1102 2584 1243 2584 1001 2584 1102 2585 1001 2585 1103 2585 1535 2586 1135 2586 1536 2586 1536 2587 1135 2587 1338 2587 1536 2588 1338 2588 1537 2588 1537 2589 1338 2589 1340 2589 1537 2590 1340 2590 1538 2590 1538 2591 1340 2591 1279 2591 1538 2592 1279 2592 1539 2592 1539 2593 1279 2593 1278 2593 1539 2594 1278 2594 1540 2594 1540 2595 1278 2595 1277 2595 1541 2596 1542 2596 990 2596 949 2597 968 2597 1080 2597 1543 2598 1544 2598 1545 2598 1545 2599 1544 2599 1546 2599 1545 2600 1546 2600 1547 2600 1547 2601 1546 2601 1548 2601 1549 2602 1550 2602 859 2602 859 2603 1550 2603 1551 2603 859 2604 1551 2604 843 2604 1076 2605 1082 2605 907 2605 907 2606 1082 2606 1552 2606 1552 2607 1553 2607 907 2607 907 2608 1553 2608 1554 2608 907 2609 1554 2609 1555 2609 1555 2610 1556 2610 907 2610 907 2611 1556 2611 1557 2611 907 2612 1557 2612 1558 2612 1080 2613 968 2613 1077 2613 1077 2614 968 2614 958 2614 1077 2615 958 2615 1559 2615 1560 2616 1561 2616 958 2616 1561 2617 1562 2617 958 2617 958 2618 1562 2618 1563 2618 958 2619 1563 2619 1564 2619 1564 2620 1565 2620 958 2620 958 2621 1565 2621 1566 2621 958 2622 1566 2622 1559 2622 1567 2623 1568 2623 1569 2623 1569 2624 1570 2624 1567 2624 1567 2625 1570 2625 1571 2625 1567 2626 1571 2626 1572 2626 1572 2627 1573 2627 1567 2627 1567 2628 1573 2628 1574 2628 1567 2629 1574 2629 1575 2629 889 2630 1576 2630 1577 2630 1577 2631 1576 2631 1578 2631 1577 2632 1578 2632 859 2632 859 2633 1578 2633 1579 2633 859 2634 1579 2634 1549 2634 1551 2635 1580 2635 843 2635 843 2636 1580 2636 1581 2636 843 2637 1581 2637 844 2637 1582 2638 1583 2638 844 2638 1584 2639 1585 2639 1581 2639 1581 2640 1585 2640 1586 2640 1581 2641 1586 2641 1587 2641 1588 2642 1589 2642 1590 2642 1590 2643 1589 2643 1591 2643 1590 2644 1591 2644 1592 2644 1587 2645 1593 2645 1581 2645 1581 2646 1593 2646 1594 2646 1581 2647 1594 2647 844 2647 844 2648 1594 2648 1595 2648 844 2649 1595 2649 1582 2649 1591 2650 1596 2650 1592 2650 1592 2651 1596 2651 1597 2651 1592 2652 1597 2652 1598 2652 1583 2653 1599 2653 844 2653 844 2654 1599 2654 1600 2654 844 2655 1600 2655 1601 2655 1602 2656 1603 2656 1597 2656 1597 2657 1603 2657 1604 2657 1597 2658 1604 2658 1598 2658 1601 2659 1605 2659 844 2659 844 2660 1605 2660 1606 2660 844 2661 1606 2661 1607 2661 1607 2662 1606 2662 1602 2662 1607 2663 1602 2663 1608 2663 1608 2664 1602 2664 1597 2664 1588 2665 1590 2665 1609 2665 1609 2666 1590 2666 1610 2666 1609 2667 1610 2667 1611 2667 1611 2668 1610 2668 1612 2668 1611 2669 1612 2669 1613 2669 1614 2670 1615 2670 885 2670 885 2671 1615 2671 1616 2671 885 2672 1616 2672 1617 2672 885 2673 1618 2673 1614 2673 1614 2674 1618 2674 1619 2674 1614 2675 1619 2675 1620 2675 1620 2676 1619 2676 1611 2676 1620 2677 1611 2677 1621 2677 1621 2678 1611 2678 1613 2678 1617 2679 1622 2679 885 2679 885 2680 1622 2680 1623 2680 885 2681 1623 2681 1624 2681 1625 2682 1626 2682 1627 2682 1627 2683 1626 2683 1628 2683 1627 2684 1628 2684 1629 2684 1629 2685 1630 2685 1627 2685 1627 2686 1630 2686 1631 2686 1627 2687 1631 2687 1632 2687 889 2688 887 2688 1633 2688 1633 2689 887 2689 885 2689 1080 2690 1081 2690 949 2690 949 2691 1081 2691 1087 2691 949 2692 1087 2692 948 2692 1634 2693 1635 2693 1636 2693 1634 2694 1636 2694 1637 2694 1637 2695 1636 2695 1638 2695 1637 2696 1638 2696 1639 2696 1640 2697 1641 2697 1642 2697 1642 2698 1641 2698 1643 2698 1644 2699 1645 2699 948 2699 1645 2700 1646 2700 948 2700 948 2701 1646 2701 1637 2701 948 2702 1637 2702 1647 2702 1647 2703 1637 2703 1639 2703 1648 2704 1649 2704 1641 2704 1641 2705 1649 2705 1650 2705 1641 2706 1650 2706 1643 2706 1648 2707 1651 2707 1649 2707 1649 2708 1651 2708 1636 2708 1649 2709 1636 2709 1652 2709 1652 2710 1636 2710 1635 2710 1653 2711 1654 2711 948 2711 948 2712 1654 2712 1655 2712 948 2713 1655 2713 1644 2713 1656 2714 1657 2714 1087 2714 1087 2715 1657 2715 1658 2715 1658 2716 1659 2716 1087 2716 1087 2717 1659 2717 1660 2717 1087 2718 1660 2718 948 2718 948 2719 1660 2719 1661 2719 948 2720 1661 2720 1653 2720 1662 2721 1663 2721 1664 2721 1665 2722 1666 2722 987 2722 987 2723 1666 2723 1667 2723 987 2724 1667 2724 1668 2724 1669 2725 1670 2725 1671 2725 1671 2726 1670 2726 1672 2726 1671 2727 1672 2727 1673 2727 1674 2728 1675 2728 1676 2728 1671 2729 1677 2729 1669 2729 1669 2730 1677 2730 1678 2730 1669 2731 1678 2731 987 2731 987 2732 1678 2732 1679 2732 987 2733 1679 2733 1665 2733 1668 2734 1680 2734 987 2734 987 2735 1680 2735 1681 2735 987 2736 1681 2736 1682 2736 1676 2737 1683 2737 1674 2737 1674 2738 1683 2738 1684 2738 1674 2739 1684 2739 1685 2739 1673 2740 1686 2740 1671 2740 1671 2741 1686 2741 1687 2741 1671 2742 1687 2742 1688 2742 1688 2743 1687 2743 1664 2743 1688 2744 1664 2744 1689 2744 1689 2745 1664 2745 1663 2745 990 2746 991 2746 1541 2746 1541 2747 991 2747 987 2747 1541 2748 987 2748 1674 2748 1674 2749 987 2749 1682 2749 1674 2750 1682 2750 1675 2750 988 2751 1538 2751 999 2751 999 2752 1538 2752 1539 2752 999 2753 1539 2753 958 2753 958 2754 1539 2754 1540 2754 958 2755 1540 2755 1560 2755 1690 2756 1691 2756 993 2756 993 2757 1691 2757 1692 2757 1693 2758 1694 2758 1695 2758 1695 2759 1694 2759 1696 2759 1695 2760 1696 2760 1697 2760 1685 2761 1698 2761 1674 2761 1674 2762 1698 2762 997 2762 1674 2763 997 2763 1692 2763 1692 2764 997 2764 995 2764 1692 2765 995 2765 993 2765 1699 2766 1700 2766 1701 2766 1701 2767 1700 2767 1702 2767 1701 2768 1702 2768 1703 2768 1704 2769 1705 2769 1701 2769 1705 2770 1706 2770 1701 2770 1701 2771 1706 2771 1707 2771 1701 2772 1707 2772 1699 2772 1697 2773 1708 2773 1695 2773 1695 2774 1708 2774 1709 2774 1695 2775 1709 2775 1710 2775 1710 2776 1709 2776 1703 2776 1710 2777 1703 2777 1711 2777 1711 2778 1703 2778 1702 2778 1690 2779 1712 2779 1691 2779 1691 2780 1712 2780 1713 2780 1691 2781 1713 2781 1714 2781 1714 2782 1715 2782 1691 2782 1691 2783 1715 2783 1716 2783 1691 2784 1716 2784 1717 2784 1695 2785 1718 2785 1693 2785 1693 2786 1718 2786 1663 2786 1693 2787 1663 2787 1719 2787 1719 2788 1663 2788 1662 2788 1719 2789 1662 2789 1720 2789 1721 2790 1722 2790 925 2790 925 2791 1723 2791 1724 2791 1725 2792 1085 2792 1726 2792 1726 2793 1085 2793 1727 2793 1728 2794 1729 2794 1730 2794 1730 2795 1729 2795 1731 2795 1730 2796 1731 2796 1732 2796 1732 2797 1731 2797 1720 2797 1732 2798 1720 2798 1642 2798 1642 2799 1720 2799 1662 2799 1642 2800 1662 2800 1640 2800 1640 2801 1662 2801 1664 2801 1722 2802 1733 2802 925 2802 925 2803 1733 2803 1734 2803 925 2804 1734 2804 1723 2804 1725 2805 1735 2805 1085 2805 1085 2806 1735 2806 1736 2806 1085 2807 1736 2807 1737 2807 1737 2808 1738 2808 1085 2808 1085 2809 1738 2809 1739 2809 1085 2810 1739 2810 1088 2810 1088 2811 1739 2811 1740 2811 1088 2812 1740 2812 1087 2812 1087 2813 1740 2813 1741 2813 1087 2814 1741 2814 1656 2814 1742 2815 1743 2815 1730 2815 1730 2816 1743 2816 1744 2816 1730 2817 1744 2817 1728 2817 1730 2818 1745 2818 1742 2818 1742 2819 1745 2819 1746 2819 1742 2820 1746 2820 925 2820 925 2821 1746 2821 1747 2821 925 2822 1747 2822 1721 2822 1717 2823 1704 2823 1691 2823 1691 2824 1704 2824 1701 2824 1691 2825 1701 2825 1748 2825 1748 2826 1701 2826 1749 2826 1748 2827 1749 2827 1000 2827 907 2828 904 2828 1076 2828 1076 2829 904 2829 925 2829 1076 2830 925 2830 1085 2830 1085 2831 925 2831 1724 2831 1085 2832 1724 2832 1727 2832 1750 2833 1610 2833 1751 2833 1752 2834 1753 2834 1590 2834 1590 2835 1753 2835 1754 2835 1590 2836 1754 2836 1610 2836 1610 2837 1754 2837 1755 2837 1610 2838 1755 2838 1751 2838 1756 2839 1757 2839 1751 2839 1751 2840 1757 2840 1758 2840 1751 2841 1758 2841 1750 2841 892 2842 1759 2842 1760 2842 1761 2843 1762 2843 1763 2843 1763 2844 1762 2844 1764 2844 1764 2845 1765 2845 1763 2845 1763 2846 1765 2846 1766 2846 1763 2847 1766 2847 1767 2847 1768 2848 1763 2848 1769 2848 1769 2849 1763 2849 1770 2849 1767 2850 1771 2850 1763 2850 1763 2851 1771 2851 1772 2851 1763 2852 1772 2852 1770 2852 1768 2853 1773 2853 1763 2853 1763 2854 1773 2854 1774 2854 1763 2855 1774 2855 1775 2855 1775 2856 1774 2856 1756 2856 1775 2857 1756 2857 1776 2857 1776 2858 1756 2858 1751 2858 1632 2859 1777 2859 1627 2859 1627 2860 1777 2860 897 2860 1627 2861 897 2861 1778 2861 1778 2862 897 2862 895 2862 1778 2863 895 2863 1760 2863 1760 2864 895 2864 893 2864 1760 2865 893 2865 892 2865 1779 2866 1780 2866 816 2866 1781 2867 1782 2867 1783 2867 1783 2868 1782 2868 1784 2868 1783 2869 1784 2869 1785 2869 1780 2870 1786 2870 816 2870 816 2871 1786 2871 1787 2871 816 2872 1787 2872 1788 2872 1788 2873 1789 2873 816 2873 816 2874 1789 2874 1790 2874 816 2875 1790 2875 1791 2875 1752 2876 1590 2876 1792 2876 1792 2877 1590 2877 1592 2877 1792 2878 1592 2878 1793 2878 1793 2879 1592 2879 1794 2879 1793 2880 1794 2880 1795 2880 1795 2881 1796 2881 1793 2881 1793 2882 1796 2882 1797 2882 1793 2883 1797 2883 1798 2883 1798 2884 1797 2884 1799 2884 1798 2885 1799 2885 1800 2885 1800 2886 1799 2886 1801 2886 1800 2887 1801 2887 816 2887 816 2888 1801 2888 1802 2888 816 2889 1802 2889 1779 2889 1785 2890 1803 2890 1783 2890 1783 2891 1803 2891 1804 2891 1783 2892 1804 2892 1805 2892 1805 2893 1804 2893 1806 2893 1805 2894 1806 2894 1581 2894 1581 2895 1806 2895 1807 2895 1581 2896 1807 2896 1584 2896 1759 2897 1761 2897 1760 2897 1760 2898 1761 2898 1763 2898 1760 2899 1763 2899 1808 2899 1808 2900 1763 2900 1809 2900 1808 2901 1809 2901 1810 2901 1810 2902 1809 2902 1811 2902 1810 2903 1811 2903 1812 2903 1791 2904 1781 2904 816 2904 816 2905 1781 2905 1783 2905 816 2906 1783 2906 803 2906 803 2907 1783 2907 1813 2907 803 2908 1813 2908 808 2908 808 2909 1813 2909 1567 2909 808 2910 1567 2910 800 2910 800 2911 1567 2911 1575 2911 800 2912 1575 2912 1814 2912 1568 2913 1567 2913 1815 2913 1815 2914 1567 2914 1813 2914 1815 2915 1813 2915 1816 2915 1816 2916 1813 2916 1783 2916 1816 2917 1783 2917 1817 2917 1817 2918 1783 2918 1805 2918 1817 2919 1805 2919 1818 2919 1818 2920 1805 2920 1581 2920 1818 2921 1581 2921 1819 2921 1819 2922 1581 2922 1580 2922 1819 2923 1580 2923 1546 2923 1546 2924 1580 2924 1551 2924 1546 2925 1551 2925 1548 2925 1820 2926 1821 2926 1748 2926 1558 2927 1822 2927 907 2927 907 2928 1822 2928 1823 2928 907 2929 1823 2929 1002 2929 1002 2930 1823 2930 1824 2930 1002 2931 1824 2931 1000 2931 1000 2932 1824 2932 1825 2932 1000 2933 1825 2933 1748 2933 1748 2934 1825 2934 1826 2934 1821 2935 1827 2935 1748 2935 1748 2936 1827 2936 1828 2936 1748 2937 1828 2937 1633 2937 1633 2938 1828 2938 1829 2938 889 2939 1633 2939 1576 2939 1576 2940 1633 2940 1830 2940 1576 2941 1830 2941 1831 2941 1831 2942 1832 2942 1576 2942 1576 2943 1832 2943 1833 2943 1576 2944 1833 2944 1834 2944 1834 2945 1835 2945 1576 2945 1576 2946 1835 2946 1836 2946 1576 2947 1836 2947 1837 2947 1826 2948 1838 2948 1748 2948 1748 2949 1838 2949 1839 2949 1748 2950 1839 2950 1840 2950 1840 2951 1841 2951 1748 2951 1748 2952 1841 2952 1842 2952 1748 2953 1842 2953 1820 2953 1829 2954 1843 2954 1633 2954 1633 2955 1843 2955 1844 2955 1633 2956 1844 2956 1845 2956 1845 2957 1846 2957 1633 2957 1633 2958 1846 2958 1847 2958 1633 2959 1847 2959 1848 2959 1848 2960 1849 2960 1633 2960 1633 2961 1849 2961 1850 2961 1633 2962 1850 2962 1830 2962 1837 2963 1851 2963 1576 2963 1576 2964 1851 2964 1852 2964 1576 2965 1852 2965 1825 2965 1825 2966 1852 2966 1853 2966 1853 2967 1854 2967 1825 2967 1825 2968 1854 2968 1855 2968 1825 2969 1855 2969 1856 2969 1856 2970 1857 2970 1825 2970 1825 2971 1857 2971 1858 2971 1825 2972 1858 2972 1859 2972 1859 2973 1860 2973 1825 2973 1825 2974 1860 2974 1861 2974 1825 2975 1861 2975 1826 2975 1691 2976 1862 2976 1863 2976 1864 2977 1865 2977 1691 2977 1691 2978 1865 2978 1866 2978 1627 2979 1867 2979 1868 2979 1869 2980 1870 2980 1748 2980 1748 2981 1870 2981 1871 2981 1748 2982 1871 2982 1691 2982 1691 2983 1871 2983 1872 2983 1691 2984 1872 2984 1862 2984 1863 2985 1873 2985 1691 2985 1691 2986 1873 2986 1874 2986 1691 2987 1874 2987 1864 2987 1868 2988 1875 2988 1627 2988 1627 2989 1875 2989 1876 2989 1627 2990 1876 2990 1877 2990 1877 2991 1878 2991 1627 2991 1627 2992 1878 2992 1879 2992 1627 2993 1879 2993 1880 2993 1624 2994 1625 2994 885 2994 885 2995 1625 2995 1627 2995 885 2996 1627 2996 1633 2996 1633 2997 1627 2997 1880 2997 1633 2998 1880 2998 1881 2998 1882 2999 1883 2999 1748 2999 1748 3000 1883 3000 1884 3000 1748 3001 1884 3001 1885 3001 1885 3002 1886 3002 1748 3002 1748 3003 1886 3003 1887 3003 1748 3004 1887 3004 1869 3004 1888 3005 1889 3005 1627 3005 1627 3006 1889 3006 1890 3006 1627 3007 1890 3007 1867 3007 1881 3008 1891 3008 1633 3008 1633 3009 1891 3009 1892 3009 1633 3010 1892 3010 1893 3010 1893 3011 1894 3011 1633 3011 1633 3012 1894 3012 1895 3012 1633 3013 1895 3013 1896 3013 1896 3014 1897 3014 1633 3014 1633 3015 1897 3015 1898 3015 1633 3016 1898 3016 1748 3016 1748 3017 1898 3017 1899 3017 1748 3018 1899 3018 1882 3018 1760 3019 1674 3019 1778 3019 1778 3020 1674 3020 1692 3020 1778 3021 1692 3021 1627 3021 1627 3022 1692 3022 1691 3022 1627 3023 1691 3023 1888 3023 1888 3024 1691 3024 1866 3024 1900 3025 1901 3025 1760 3025 1760 3026 1901 3026 1902 3026 1902 3027 1903 3027 1760 3027 1760 3028 1903 3028 1904 3028 1760 3029 1904 3029 1905 3029 1674 3030 1906 3030 1907 3030 1908 3031 1909 3031 1674 3031 1674 3032 1909 3032 1910 3032 1911 3033 1912 3033 1541 3033 1541 3034 1912 3034 1913 3034 1913 3035 1914 3035 1541 3035 1541 3036 1914 3036 1915 3036 1541 3037 1915 3037 1916 3037 1916 3038 1917 3038 1541 3038 1541 3039 1917 3039 1918 3039 1541 3040 1918 3040 1808 3040 1808 3041 1918 3041 1919 3041 1808 3042 1919 3042 1920 3042 1907 3043 1921 3043 1674 3043 1674 3044 1921 3044 1922 3044 1674 3045 1922 3045 1908 3045 1920 3046 1923 3046 1808 3046 1808 3047 1923 3047 1924 3047 1808 3048 1924 3048 1925 3048 1926 3049 1927 3049 1808 3049 1808 3050 1927 3050 1928 3050 1808 3051 1928 3051 1760 3051 1760 3052 1928 3052 1929 3052 1760 3053 1929 3053 1900 3053 1905 3054 1930 3054 1760 3054 1760 3055 1930 3055 1931 3055 1760 3056 1931 3056 1674 3056 1674 3057 1931 3057 1932 3057 1674 3058 1932 3058 1906 3058 1910 3059 1933 3059 1674 3059 1674 3060 1933 3060 1934 3060 1674 3061 1934 3061 1541 3061 1541 3062 1934 3062 1935 3062 1541 3063 1935 3063 1911 3063 1925 3064 1936 3064 1808 3064 1808 3065 1936 3065 1937 3065 1808 3066 1937 3066 1926 3066 1938 3067 1939 3067 1810 3067 1938 3068 1810 3068 1940 3068 1940 3069 1810 3069 1941 3069 1941 3070 1810 3070 1542 3070 1941 3071 1542 3071 1942 3071 1943 3072 1944 3072 1808 3072 1945 3073 1946 3073 1541 3073 1541 3074 1946 3074 1947 3074 1542 3075 1948 3075 1949 3075 1939 3076 1950 3076 1810 3076 1810 3077 1950 3077 1951 3077 1810 3078 1951 3078 1952 3078 1947 3079 1953 3079 1541 3079 1541 3080 1953 3080 1954 3080 1541 3081 1954 3081 1955 3081 1949 3082 1956 3082 1542 3082 1542 3083 1956 3083 1957 3083 1542 3084 1957 3084 1942 3084 1944 3085 1958 3085 1808 3085 1808 3086 1958 3086 1959 3086 1808 3087 1959 3087 1960 3087 1961 3088 1962 3088 1542 3088 1542 3089 1962 3089 1963 3089 1542 3090 1963 3090 1948 3090 1952 3091 1964 3091 1810 3091 1810 3092 1964 3092 1965 3092 1810 3093 1965 3093 1966 3093 1960 3094 1967 3094 1808 3094 1808 3095 1967 3095 1968 3095 1808 3096 1968 3096 1541 3096 1541 3097 1968 3097 1969 3097 1541 3098 1969 3098 1945 3098 1955 3099 1970 3099 1541 3099 1541 3100 1970 3100 1971 3100 1541 3101 1971 3101 1542 3101 1542 3102 1971 3102 1972 3102 1542 3103 1972 3103 1961 3103 1966 3104 1973 3104 1810 3104 1810 3105 1973 3105 1974 3105 1810 3106 1974 3106 1808 3106 1808 3107 1974 3107 1975 3107 1808 3108 1975 3108 1943 3108 1814 3109 1976 3109 800 3109 800 3110 1976 3110 1535 3110 800 3111 1535 3111 1977 3111 1977 3112 1535 3112 1536 3112 1977 3113 1536 3113 1812 3113 1812 3114 1536 3114 1537 3114 1812 3115 1537 3115 1810 3115 1810 3116 1537 3116 1538 3116 1810 3117 1538 3117 1542 3117 1542 3118 1538 3118 988 3118 1542 3119 988 3119 990 3119 1531 3120 1579 3120 1533 3120 1533 3121 1579 3121 1578 3121 1533 3122 1578 3122 1534 3122 1534 3123 1578 3123 1576 3123 1534 3124 1576 3124 1243 3124 1243 3125 1576 3125 1825 3125 1243 3126 1825 3126 1244 3126 1244 3127 1825 3127 1824 3127 1244 3128 1824 3128 1245 3128 1245 3129 1824 3129 1823 3129 1978 3130 1979 3130 1815 3130 1980 3131 1981 3131 1375 3131 1982 3132 1983 3132 1984 3132 1982 3133 1984 3133 1985 3133 1986 3134 1987 3134 1546 3134 1546 3135 1987 3135 1988 3135 1546 3136 1988 3136 1989 3136 1989 3137 1990 3137 1546 3137 1546 3138 1990 3138 1991 3138 1546 3139 1991 3139 1819 3139 1992 3140 1993 3140 1816 3140 1816 3141 1993 3141 1994 3141 1816 3142 1994 3142 1815 3142 1815 3143 1994 3143 1995 3143 1815 3144 1995 3144 1978 3144 1996 3145 1997 3145 1998 3145 1999 3146 2000 3146 1121 3146 1983 3147 2001 3147 1984 3147 1984 3148 2001 3148 2002 3148 1984 3149 2002 3149 2003 3149 1985 3150 1984 3150 2004 3150 2004 3151 1984 3151 2005 3151 2004 3152 2005 3152 1998 3152 1998 3153 2005 3153 2006 3153 1998 3154 2006 3154 1996 3154 1981 3155 2007 3155 1375 3155 1375 3156 2007 3156 2008 3156 1375 3157 2008 3157 1120 3157 1120 3158 2008 3158 2009 3158 2000 3159 2010 3159 1121 3159 1121 3160 2010 3160 2011 3160 1121 3161 2011 3161 1546 3161 1546 3162 2011 3162 2012 3162 1546 3163 2012 3163 1986 3163 1991 3164 2013 3164 1819 3164 1819 3165 2013 3165 1984 3165 1819 3166 1984 3166 1818 3166 1818 3167 1984 3167 1817 3167 1979 3168 2014 3168 1815 3168 1815 3169 2014 3169 2015 3169 1815 3170 2015 3170 1568 3170 1568 3171 2015 3171 2016 3171 2017 3172 2018 3172 1569 3172 2019 3173 2020 3173 1131 3173 1131 3174 2020 3174 2021 3174 1131 3175 2021 3175 2022 3175 1378 3176 1379 3176 1998 3176 2023 3177 2024 3177 1376 3177 1376 3178 2024 3178 2025 3178 1376 3179 2025 3179 1375 3179 1375 3180 2025 3180 2026 3180 1375 3181 2026 3181 1980 3181 2003 3182 2027 3182 1984 3182 1984 3183 2027 3183 2028 3183 1984 3184 2028 3184 1817 3184 1817 3185 2028 3185 2029 3185 1817 3186 2029 3186 1816 3186 1816 3187 2029 3187 2030 3187 1816 3188 2030 3188 1992 3188 1997 3189 2031 3189 1998 3189 1998 3190 2031 3190 2032 3190 1998 3191 2032 3191 2033 3191 2022 3192 2034 3192 1131 3192 1131 3193 2034 3193 2035 3193 1131 3194 2035 3194 1379 3194 1379 3195 2035 3195 2036 3195 1379 3196 2036 3196 1998 3196 2009 3197 2037 3197 1120 3197 1120 3198 2037 3198 2038 3198 1120 3199 2038 3199 1121 3199 1121 3200 2038 3200 2039 3200 1121 3201 2039 3201 1999 3201 2016 3202 2040 3202 1568 3202 1568 3203 2040 3203 2041 3203 1568 3204 2041 3204 1569 3204 1569 3205 2041 3205 2042 3205 1569 3206 2042 3206 2017 3206 2043 3207 2044 3207 1376 3207 1376 3208 2044 3208 2045 3208 1376 3209 2045 3209 2023 3209 2018 3210 2046 3210 1569 3210 1569 3211 2046 3211 2047 3211 1569 3212 2047 3212 1131 3212 1131 3213 2047 3213 2048 3213 1131 3214 2048 3214 2019 3214 1378 3215 1998 3215 1377 3215 1377 3216 1998 3216 2033 3216 1377 3217 2033 3217 1376 3217 1376 3218 2033 3218 2049 3218 1376 3219 2049 3219 2043 3219 1812 3220 1341 3220 1977 3220 1977 3221 1341 3221 1339 3221 1977 3222 1339 3222 800 3222 800 3223 1339 3223 822 3223 1370 3224 1807 3224 1371 3224 1371 3225 1807 3225 1806 3225 1371 3226 1806 3226 1373 3226 1373 3227 1806 3227 1804 3227 1373 3228 1804 3228 1374 3228 1374 3229 1804 3229 1803 3229 890 3230 889 3230 1532 3230 1532 3231 889 3231 1577 3231 1532 3232 1577 3232 852 3232 852 3233 1577 3233 859 3233 1308 3234 1741 3234 1309 3234 1309 3235 1741 3235 1740 3235 1309 3236 1740 3236 1310 3236 1310 3237 1740 3237 1739 3237 2043 3238 867 3238 2044 3238 2044 3239 867 3239 866 3239 2044 3240 866 3240 2045 3240 2045 3241 866 3241 862 3241 2045 3242 862 3242 2023 3242 2023 3243 862 3243 864 3243 2023 3244 864 3244 2024 3244 2024 3245 864 3245 865 3245 2024 3246 865 3246 2025 3246 2025 3247 865 3247 877 3247 2025 3248 877 3248 2026 3248 2026 3249 877 3249 876 3249 2026 3250 876 3250 1980 3250 1980 3251 876 3251 875 3251 1980 3252 875 3252 1981 3252 1981 3253 875 3253 853 3253 1981 3254 853 3254 2007 3254 2007 3255 853 3255 855 3255 2007 3256 855 3256 2008 3256 2008 3257 855 3257 856 3257 2008 3258 856 3258 2009 3258 2009 3259 856 3259 872 3259 2009 3260 872 3260 2037 3260 2037 3261 872 3261 874 3261 2037 3262 874 3262 2038 3262 2038 3263 874 3263 883 3263 2038 3264 883 3264 2039 3264 2039 3265 883 3265 882 3265 2039 3266 882 3266 1999 3266 1999 3267 882 3267 881 3267 1999 3268 881 3268 2000 3268 2000 3269 881 3269 851 3269 2000 3270 851 3270 2010 3270 2010 3271 851 3271 850 3271 2010 3272 850 3272 2011 3272 2011 3273 850 3273 880 3273 2011 3274 880 3274 2012 3274 2012 3275 880 3275 879 3275 2012 3276 879 3276 1986 3276 1986 3277 879 3277 878 3277 1986 3278 878 3278 1987 3278 1987 3279 878 3279 871 3279 1987 3280 871 3280 1988 3280 1988 3281 871 3281 870 3281 1988 3282 870 3282 1989 3282 1989 3283 870 3283 869 3283 1989 3284 869 3284 1990 3284 1990 3285 869 3285 861 3285 1990 3286 861 3286 1991 3286 1991 3287 861 3287 860 3287 1991 3288 860 3288 2013 3288 2013 3289 860 3289 858 3289 2013 3290 858 3290 1984 3290 1984 3291 858 3291 857 3291 1984 3292 857 3292 2005 3292 2005 3293 857 3293 842 3293 2005 3294 842 3294 2006 3294 2006 3295 842 3295 841 3295 2006 3296 841 3296 1996 3296 1996 3297 841 3297 849 3297 1996 3298 849 3298 1997 3298 1997 3299 849 3299 848 3299 1997 3300 848 3300 2031 3300 2031 3301 848 3301 847 3301 2031 3302 847 3302 2032 3302 2032 3303 847 3303 846 3303 2032 3304 846 3304 2033 3304 2033 3305 846 3305 845 3305 2033 3306 845 3306 2049 3306 2049 3307 845 3307 868 3307 2049 3308 868 3308 2043 3308 2043 3309 868 3309 867 3309 2047 3310 829 3310 2048 3310 2048 3311 829 3311 828 3311 2048 3312 828 3312 2019 3312 2019 3313 828 3313 834 3313 2019 3314 834 3314 2020 3314 2020 3315 834 3315 833 3315 2020 3316 833 3316 2021 3316 2021 3317 833 3317 827 3317 2021 3318 827 3318 2022 3318 2022 3319 827 3319 826 3319 2022 3320 826 3320 2034 3320 2034 3321 826 3321 825 3321 2034 3322 825 3322 2035 3322 2035 3323 825 3323 823 3323 2035 3324 823 3324 2036 3324 2036 3325 823 3325 821 3325 2036 3326 821 3326 1998 3326 1998 3327 821 3327 820 3327 1998 3328 820 3328 2004 3328 2004 3329 820 3329 805 3329 2004 3330 805 3330 1985 3330 1985 3331 805 3331 804 3331 1985 3332 804 3332 1982 3332 1982 3333 804 3333 837 3333 1982 3334 837 3334 1983 3334 1983 3335 837 3335 836 3335 1983 3336 836 3336 2001 3336 2001 3337 836 3337 835 3337 2001 3338 835 3338 2002 3338 2002 3339 835 3339 818 3339 2002 3340 818 3340 2003 3340 2003 3341 818 3341 817 3341 2003 3342 817 3342 2027 3342 2027 3343 817 3343 840 3343 2027 3344 840 3344 2028 3344 2028 3345 840 3345 839 3345 2028 3346 839 3346 2029 3346 2029 3347 839 3347 838 3347 2029 3348 838 3348 2030 3348 2030 3349 838 3349 815 3349 2030 3350 815 3350 1992 3350 1992 3351 815 3351 814 3351 1992 3352 814 3352 1993 3352 1993 3353 814 3353 824 3353 1993 3354 824 3354 1994 3354 1994 3355 824 3355 832 3355 1994 3356 832 3356 1995 3356 1995 3357 832 3357 831 3357 1995 3358 831 3358 1978 3358 1978 3359 831 3359 830 3359 1978 3360 830 3360 1979 3360 1979 3361 830 3361 802 3361 1979 3362 802 3362 2014 3362 2014 3363 802 3363 801 3363 2014 3364 801 3364 2015 3364 2015 3365 801 3365 813 3365 2015 3366 813 3366 2016 3366 2016 3367 813 3367 812 3367 2016 3368 812 3368 2040 3368 2040 3369 812 3369 811 3369 2040 3370 811 3370 2041 3370 2041 3371 811 3371 807 3371 2041 3372 807 3372 2042 3372 2042 3373 807 3373 809 3373 2042 3374 809 3374 2017 3374 2017 3375 809 3375 810 3375 2017 3376 810 3376 2018 3376 2018 3377 810 3377 799 3377 2018 3378 799 3378 2046 3378 2046 3379 799 3379 798 3379 2046 3380 798 3380 2047 3380 2047 3381 798 3381 829 3381 1749 3382 1701 3382 1178 3382 1001 3383 1000 3383 1103 3383 1103 3384 1000 3384 1749 3384 1103 3385 1749 3385 1275 3385 1275 3386 1749 3386 1178 3386 1763 3387 1098 3387 1809 3387 1809 3388 1098 3388 1342 3388 1809 3389 1342 3389 1811 3389 1811 3390 1342 3390 1341 3390 1811 3391 1341 3391 1812 3391 1093 3392 1969 3392 1380 3392 1380 3393 1969 3393 1968 3393 1380 3394 1968 3394 1381 3394 1381 3395 1968 3395 1967 3395 1381 3396 1967 3396 1385 3396 1385 3397 1967 3397 1960 3397 1385 3398 1960 3398 1386 3398 1386 3399 1960 3399 1959 3399 1386 3400 1959 3400 1387 3400 1387 3401 1959 3401 1958 3401 1387 3402 1958 3402 1388 3402 1388 3403 1958 3403 1944 3403 1388 3404 1944 3404 1389 3404 1389 3405 1944 3405 1943 3405 1389 3406 1943 3406 1390 3406 1390 3407 1943 3407 1975 3407 1390 3408 1975 3408 1398 3408 1398 3409 1975 3409 1974 3409 1398 3410 1974 3410 1399 3410 1399 3411 1974 3411 1973 3411 1399 3412 1973 3412 1400 3412 1400 3413 1973 3413 1966 3413 1400 3414 1966 3414 1391 3414 1391 3415 1966 3415 1965 3415 1391 3416 1965 3416 1392 3416 1392 3417 1965 3417 1964 3417 1392 3418 1964 3418 1393 3418 1393 3419 1964 3419 1952 3419 1393 3420 1952 3420 1384 3420 1384 3421 1952 3421 1951 3421 1384 3422 1951 3422 1383 3422 1383 3423 1951 3423 1950 3423 1383 3424 1950 3424 1382 3424 1382 3425 1950 3425 1939 3425 1382 3426 1939 3426 1401 3426 1401 3427 1939 3427 1938 3427 1401 3428 1938 3428 1402 3428 1402 3429 1938 3429 1940 3429 1402 3430 1940 3430 1403 3430 1403 3431 1940 3431 1941 3431 1403 3432 1941 3432 1394 3432 1394 3433 1941 3433 1942 3433 1394 3434 1942 3434 1395 3434 1395 3435 1942 3435 1957 3435 1395 3436 1957 3436 1396 3436 1396 3437 1957 3437 1956 3437 1396 3438 1956 3438 1397 3438 1397 3439 1956 3439 1949 3439 1397 3440 1949 3440 1410 3440 1410 3441 1949 3441 1948 3441 1410 3442 1948 3442 1411 3442 1411 3443 1948 3443 1963 3443 1411 3444 1963 3444 1412 3444 1412 3445 1963 3445 1962 3445 1412 3446 1962 3446 1413 3446 1413 3447 1962 3447 1961 3447 1413 3448 1961 3448 1414 3448 1414 3449 1961 3449 1972 3449 1414 3450 1972 3450 1415 3450 1415 3451 1972 3451 1971 3451 1415 3452 1971 3452 1404 3452 1404 3453 1971 3453 1970 3453 1404 3454 1970 3454 1405 3454 1405 3455 1970 3455 1955 3455 1405 3456 1955 3456 1406 3456 1406 3457 1955 3457 1954 3457 1406 3458 1954 3458 1407 3458 1407 3459 1954 3459 1953 3459 1407 3460 1953 3460 1408 3460 1408 3461 1953 3461 1947 3461 1408 3462 1947 3462 1409 3462 1409 3463 1947 3463 1946 3463 1409 3464 1946 3464 1092 3464 1092 3465 1946 3465 1945 3465 1092 3466 1945 3466 1093 3466 1093 3467 1945 3467 1969 3467 1493 3468 1853 3468 1492 3468 1492 3469 1853 3469 1852 3469 1492 3470 1852 3470 1494 3470 1494 3471 1852 3471 1851 3471 1494 3472 1851 3472 1495 3472 1495 3473 1851 3473 1837 3473 1495 3474 1837 3474 1496 3474 1496 3475 1837 3475 1836 3475 1496 3476 1836 3476 1499 3476 1499 3477 1836 3477 1835 3477 1499 3478 1835 3478 1500 3478 1500 3479 1835 3479 1834 3479 1500 3480 1834 3480 1501 3480 1501 3481 1834 3481 1833 3481 1501 3482 1833 3482 1502 3482 1502 3483 1833 3483 1832 3483 1502 3484 1832 3484 1503 3484 1503 3485 1832 3485 1831 3485 1503 3486 1831 3486 1504 3486 1504 3487 1831 3487 1830 3487 1504 3488 1830 3488 1505 3488 1505 3489 1830 3489 1850 3489 1505 3490 1850 3490 1511 3490 1511 3491 1850 3491 1849 3491 1511 3492 1849 3492 1512 3492 1512 3493 1849 3493 1848 3493 1512 3494 1848 3494 1513 3494 1513 3495 1848 3495 1847 3495 1513 3496 1847 3496 1519 3496 1519 3497 1847 3497 1846 3497 1519 3498 1846 3498 1520 3498 1520 3499 1846 3499 1845 3499 1520 3500 1845 3500 1521 3500 1521 3501 1845 3501 1844 3501 1521 3502 1844 3502 1527 3502 1527 3503 1844 3503 1843 3503 1527 3504 1843 3504 1528 3504 1528 3505 1843 3505 1829 3505 1528 3506 1829 3506 1529 3506 1529 3507 1829 3507 1828 3507 1529 3508 1828 3508 1506 3508 1506 3509 1828 3509 1827 3509 1506 3510 1827 3510 1507 3510 1507 3511 1827 3511 1821 3511 1507 3512 1821 3512 1514 3512 1514 3513 1821 3513 1820 3513 1514 3514 1820 3514 1515 3514 1515 3515 1820 3515 1842 3515 1515 3516 1842 3516 1497 3516 1497 3517 1842 3517 1841 3517 1497 3518 1841 3518 1498 3518 1498 3519 1841 3519 1840 3519 1498 3520 1840 3520 1510 3520 1510 3521 1840 3521 1839 3521 1510 3522 1839 3522 1509 3522 1509 3523 1839 3523 1838 3523 1509 3524 1838 3524 1508 3524 1508 3525 1838 3525 1826 3525 1508 3526 1826 3526 1516 3526 1516 3527 1826 3527 1861 3527 1516 3528 1861 3528 1517 3528 1517 3529 1861 3529 1860 3529 1517 3530 1860 3530 1518 3530 1518 3531 1860 3531 1859 3531 1518 3532 1859 3532 1522 3532 1522 3533 1859 3533 1858 3533 1522 3534 1858 3534 1523 3534 1523 3535 1858 3535 1857 3535 1523 3536 1857 3536 1524 3536 1524 3537 1857 3537 1856 3537 1524 3538 1856 3538 1525 3538 1525 3539 1856 3539 1855 3539 1525 3540 1855 3540 1526 3540 1526 3541 1855 3541 1854 3541 1526 3542 1854 3542 1493 3542 1493 3543 1854 3543 1853 3543 1418 3544 1932 3544 1416 3544 1416 3545 1932 3545 1931 3545 1416 3546 1931 3546 1417 3546 1417 3547 1931 3547 1930 3547 1417 3548 1930 3548 1419 3548 1419 3549 1930 3549 1905 3549 1419 3550 1905 3550 1420 3550 1420 3551 1905 3551 1904 3551 1420 3552 1904 3552 1421 3552 1421 3553 1904 3553 1903 3553 1421 3554 1903 3554 1422 3554 1422 3555 1903 3555 1902 3555 1422 3556 1902 3556 1423 3556 1423 3557 1902 3557 1901 3557 1423 3558 1901 3558 1424 3558 1424 3559 1901 3559 1900 3559 1424 3560 1900 3560 1438 3560 1438 3561 1900 3561 1929 3561 1438 3562 1929 3562 1439 3562 1439 3563 1929 3563 1928 3563 1439 3564 1928 3564 1440 3564 1440 3565 1928 3565 1927 3565 1440 3566 1927 3566 1425 3566 1425 3567 1927 3567 1926 3567 1425 3568 1926 3568 1426 3568 1426 3569 1926 3569 1937 3569 1426 3570 1937 3570 1446 3570 1446 3571 1937 3571 1936 3571 1446 3572 1936 3572 1447 3572 1447 3573 1936 3573 1925 3573 1447 3574 1925 3574 1441 3574 1441 3575 1925 3575 1924 3575 1441 3576 1924 3576 1442 3576 1442 3577 1924 3577 1923 3577 1442 3578 1923 3578 1448 3578 1448 3579 1923 3579 1920 3579 1448 3580 1920 3580 1449 3580 1449 3581 1920 3581 1919 3581 1449 3582 1919 3582 1450 3582 1450 3583 1919 3583 1918 3583 1450 3584 1918 3584 1443 3584 1443 3585 1918 3585 1917 3585 1443 3586 1917 3586 1444 3586 1444 3587 1917 3587 1916 3587 1444 3588 1916 3588 1445 3588 1445 3589 1916 3589 1915 3589 1445 3590 1915 3590 1427 3590 1427 3591 1915 3591 1914 3591 1427 3592 1914 3592 1428 3592 1428 3593 1914 3593 1913 3593 1428 3594 1913 3594 1429 3594 1429 3595 1913 3595 1912 3595 1429 3596 1912 3596 1430 3596 1430 3597 1912 3597 1911 3597 1430 3598 1911 3598 1451 3598 1451 3599 1911 3599 1935 3599 1451 3600 1935 3600 1452 3600 1452 3601 1935 3601 1934 3601 1452 3602 1934 3602 1453 3602 1453 3603 1934 3603 1933 3603 1453 3604 1933 3604 1431 3604 1431 3605 1933 3605 1910 3605 1431 3606 1910 3606 1432 3606 1432 3607 1910 3607 1909 3607 1432 3608 1909 3608 1433 3608 1433 3609 1909 3609 1908 3609 1433 3610 1908 3610 1434 3610 1434 3611 1908 3611 1922 3611 1434 3612 1922 3612 1435 3612 1435 3613 1922 3613 1921 3613 1435 3614 1921 3614 1436 3614 1436 3615 1921 3615 1907 3615 1436 3616 1907 3616 1437 3616 1437 3617 1907 3617 1906 3617 1437 3618 1906 3618 1418 3618 1418 3619 1906 3619 1932 3619 1471 3620 1899 3620 1472 3620 1472 3621 1899 3621 1898 3621 1472 3622 1898 3622 1454 3622 1454 3623 1898 3623 1897 3623 1454 3624 1897 3624 1455 3624 1455 3625 1897 3625 1896 3625 1455 3626 1896 3626 1456 3626 1456 3627 1896 3627 1895 3627 1456 3628 1895 3628 1457 3628 1457 3629 1895 3629 1894 3629 1457 3630 1894 3630 1462 3630 1462 3631 1894 3631 1893 3631 1462 3632 1893 3632 1463 3632 1463 3633 1893 3633 1892 3633 1463 3634 1892 3634 1464 3634 1464 3635 1892 3635 1891 3635 1464 3636 1891 3636 1482 3636 1482 3637 1891 3637 1881 3637 1482 3638 1881 3638 1483 3638 1483 3639 1881 3639 1880 3639 1483 3640 1880 3640 1484 3640 1484 3641 1880 3641 1879 3641 1484 3642 1879 3642 1473 3642 1473 3643 1879 3643 1878 3643 1473 3644 1878 3644 1474 3644 1474 3645 1878 3645 1877 3645 1474 3646 1877 3646 1485 3646 1485 3647 1877 3647 1876 3647 1485 3648 1876 3648 1486 3648 1486 3649 1876 3649 1875 3649 1486 3650 1875 3650 1465 3650 1465 3651 1875 3651 1868 3651 1465 3652 1868 3652 1466 3652 1466 3653 1868 3653 1867 3653 1466 3654 1867 3654 1489 3654 1489 3655 1867 3655 1890 3655 1489 3656 1890 3656 1490 3656 1490 3657 1890 3657 1889 3657 1490 3658 1889 3658 1491 3658 1491 3659 1889 3659 1888 3659 1491 3660 1888 3660 1475 3660 1475 3661 1888 3661 1866 3661 1475 3662 1866 3662 1476 3662 1476 3663 1866 3663 1865 3663 1476 3664 1865 3664 1487 3664 1487 3665 1865 3665 1864 3665 1487 3666 1864 3666 1488 3666 1488 3667 1864 3667 1874 3667 1488 3668 1874 3668 1467 3668 1467 3669 1874 3669 1873 3669 1467 3670 1873 3670 1458 3670 1458 3671 1873 3671 1863 3671 1458 3672 1863 3672 1459 3672 1459 3673 1863 3673 1862 3673 1459 3674 1862 3674 1477 3674 1477 3675 1862 3675 1872 3675 1477 3676 1872 3676 1478 3676 1478 3677 1872 3677 1871 3677 1478 3678 1871 3678 1479 3678 1479 3679 1871 3679 1870 3679 1479 3680 1870 3680 1468 3680 1468 3681 1870 3681 1869 3681 1468 3682 1869 3682 1469 3682 1469 3683 1869 3683 1887 3683 1469 3684 1887 3684 1480 3684 1480 3685 1887 3685 1886 3685 1480 3686 1886 3686 1481 3686 1481 3687 1886 3687 1885 3687 1481 3688 1885 3688 1460 3688 1460 3689 1885 3689 1884 3689 1460 3690 1884 3690 1461 3690 1461 3691 1884 3691 1883 3691 1461 3692 1883 3692 1470 3692 1470 3693 1883 3693 1882 3693 1470 3694 1882 3694 1471 3694 1471 3695 1882 3695 1899 3695 1295 3696 961 3696 1647 3696 1647 3697 961 3697 948 3697 1669 3698 987 3698 1154 3698 1154 3699 987 3699 986 3699 1140 3700 1157 3700 1671 3700 1671 3701 1157 3701 1677 3701 1695 3702 1710 3702 1167 3702 1167 3703 1710 3703 1176 3703 1165 3704 1178 3704 1703 3704 1703 3705 1178 3705 1701 3705 1742 3706 925 3706 1270 3706 1270 3707 925 3707 910 3707 1254 3708 1273 3708 1730 3708 1730 3709 1273 3709 1745 3709 1649 3710 1652 3710 1293 3710 1293 3711 1652 3711 1282 3711 1357 3712 863 3712 1607 3712 1607 3713 863 3713 844 3713 1618 3714 885 3714 1235 3714 1235 3715 885 3715 884 3715 1236 3716 1234 3716 1614 3716 1614 3717 1234 3717 1615 3717 1756 3718 1774 3718 1229 3718 1229 3719 1774 3719 1231 3719 1230 3720 1098 3720 1775 3720 1775 3721 1098 3721 1763 3721 1800 3722 816 3722 1336 3722 1336 3723 816 3723 819 3723 1331 3724 1335 3724 1799 3724 1799 3725 1335 3725 1801 3725 1602 3726 1606 3726 1356 3726 1356 3727 1606 3727 1358 3727 1602 3728 1356 3728 1603 3728 1603 3729 1356 3729 1354 3729 1603 3730 1354 3730 1604 3730 1604 3731 1354 3731 1353 3731 1604 3732 1353 3732 1598 3732 1598 3733 1353 3733 1347 3733 1598 3734 1347 3734 1592 3734 1592 3735 1347 3735 1346 3735 1592 3736 1346 3736 1794 3736 1794 3737 1346 3737 1318 3737 1794 3738 1318 3738 1795 3738 1795 3739 1318 3739 1317 3739 1795 3740 1317 3740 1796 3740 1796 3741 1317 3741 1333 3741 1796 3742 1333 3742 1797 3742 1797 3743 1333 3743 1332 3743 1797 3744 1332 3744 1799 3744 1799 3745 1332 3745 1331 3745 1618 3746 1235 3746 1619 3746 1619 3747 1235 3747 1237 3747 1619 3748 1237 3748 1611 3748 1611 3749 1237 3749 1239 3749 1611 3750 1239 3750 1609 3750 1609 3751 1239 3751 1238 3751 1609 3752 1238 3752 1588 3752 1588 3753 1238 3753 1232 3753 1588 3754 1232 3754 1589 3754 1589 3755 1232 3755 1096 3755 1589 3756 1096 3756 1591 3756 1591 3757 1096 3757 1095 3757 1591 3758 1095 3758 1596 3758 1596 3759 1095 3759 1344 3759 1596 3760 1344 3760 1597 3760 1597 3761 1344 3761 1345 3761 1597 3762 1345 3762 1608 3762 1608 3763 1345 3763 1355 3763 1608 3764 1355 3764 1607 3764 1607 3765 1355 3765 1357 3765 1800 3766 1336 3766 1798 3766 1798 3767 1336 3767 1337 3767 1798 3768 1337 3768 1793 3768 1793 3769 1337 3769 1319 3769 1793 3770 1319 3770 1792 3770 1792 3771 1319 3771 1324 3771 1792 3772 1324 3772 1752 3772 1752 3773 1324 3773 1323 3773 1752 3774 1323 3774 1753 3774 1753 3775 1323 3775 1322 3775 1753 3776 1322 3776 1754 3776 1754 3777 1322 3777 1225 3777 1754 3778 1225 3778 1755 3778 1755 3779 1225 3779 1224 3779 1755 3780 1224 3780 1751 3780 1751 3781 1224 3781 1222 3781 1751 3782 1222 3782 1776 3782 1776 3783 1222 3783 1228 3783 1776 3784 1228 3784 1775 3784 1775 3785 1228 3785 1230 3785 1756 3786 1229 3786 1757 3786 1757 3787 1229 3787 1227 3787 1757 3788 1227 3788 1758 3788 1758 3789 1227 3789 1226 3789 1758 3790 1226 3790 1750 3790 1750 3791 1226 3791 1223 3791 1750 3792 1223 3792 1610 3792 1610 3793 1223 3793 1221 3793 1610 3794 1221 3794 1612 3794 1612 3795 1221 3795 1220 3795 1612 3796 1220 3796 1613 3796 1613 3797 1220 3797 1240 3797 1613 3798 1240 3798 1621 3798 1621 3799 1240 3799 1241 3799 1621 3800 1241 3800 1620 3800 1620 3801 1241 3801 1242 3801 1620 3802 1242 3802 1614 3802 1614 3803 1242 3803 1236 3803 1695 3804 1167 3804 1718 3804 1718 3805 1167 3805 1172 3805 1718 3806 1172 3806 1663 3806 1663 3807 1172 3807 1264 3807 1663 3808 1264 3808 1689 3808 1689 3809 1264 3809 1283 3809 1689 3810 1283 3810 1688 3810 1688 3811 1283 3811 1162 3811 1688 3812 1162 3812 1671 3812 1671 3813 1162 3813 1140 3813 1742 3814 1270 3814 1743 3814 1743 3815 1270 3815 1272 3815 1743 3816 1272 3816 1744 3816 1744 3817 1272 3817 1271 3817 1744 3818 1271 3818 1728 3818 1728 3819 1271 3819 1256 3819 1728 3820 1256 3820 1729 3820 1729 3821 1256 3821 1255 3821 1729 3822 1255 3822 1731 3822 1731 3823 1255 3823 1253 3823 1731 3824 1253 3824 1720 3824 1720 3825 1253 3825 1252 3825 1720 3826 1252 3826 1719 3826 1719 3827 1252 3827 1262 3827 1719 3828 1262 3828 1693 3828 1693 3829 1262 3829 1173 3829 1693 3830 1173 3830 1694 3830 1694 3831 1173 3831 1171 3831 1694 3832 1171 3832 1696 3832 1696 3833 1171 3833 1170 3833 1696 3834 1170 3834 1697 3834 1697 3835 1170 3835 1169 3835 1697 3836 1169 3836 1708 3836 1708 3837 1169 3837 1168 3837 1708 3838 1168 3838 1709 3838 1709 3839 1168 3839 1166 3839 1709 3840 1166 3840 1703 3840 1703 3841 1166 3841 1165 3841 1669 3842 1154 3842 1670 3842 1670 3843 1154 3843 1156 3843 1670 3844 1156 3844 1672 3844 1672 3845 1156 3845 1155 3845 1672 3846 1155 3846 1673 3846 1673 3847 1155 3847 1139 3847 1673 3848 1139 3848 1686 3848 1686 3849 1139 3849 1138 3849 1686 3850 1138 3850 1687 3850 1687 3851 1138 3851 1164 3851 1687 3852 1164 3852 1664 3852 1664 3853 1164 3853 1163 3853 1664 3854 1163 3854 1640 3854 1640 3855 1163 3855 1284 3855 1640 3856 1284 3856 1641 3856 1641 3857 1284 3857 1285 3857 1641 3858 1285 3858 1648 3858 1648 3859 1285 3859 1298 3859 1648 3860 1298 3860 1651 3860 1651 3861 1298 3861 1297 3861 1651 3862 1297 3862 1636 3862 1636 3863 1297 3863 1281 3863 1636 3864 1281 3864 1638 3864 1638 3865 1281 3865 1280 3865 1638 3866 1280 3866 1639 3866 1639 3867 1280 3867 1296 3867 1639 3868 1296 3868 1647 3868 1647 3869 1296 3869 1295 3869 1649 3870 1293 3870 1650 3870 1650 3871 1293 3871 1299 3871 1650 3872 1299 3872 1643 3872 1643 3873 1299 3873 1300 3873 1643 3874 1300 3874 1642 3874 1642 3875 1300 3875 1261 3875 1642 3876 1261 3876 1732 3876 1732 3877 1261 3877 1260 3877 1732 3878 1260 3878 1730 3878 1730 3879 1260 3879 1254 3879 1358 3880 1606 3880 1359 3880 1359 3881 1606 3881 1605 3881 1359 3882 1605 3882 1360 3882 1360 3883 1605 3883 1601 3883 1360 3884 1601 3884 1361 3884 1361 3885 1601 3885 1600 3885 1361 3886 1600 3886 1362 3886 1362 3887 1600 3887 1599 3887 1362 3888 1599 3888 1348 3888 1348 3889 1599 3889 1583 3889 1348 3890 1583 3890 1349 3890 1349 3891 1583 3891 1582 3891 1349 3892 1582 3892 1350 3892 1350 3893 1582 3893 1595 3893 1350 3894 1595 3894 1351 3894 1351 3895 1595 3895 1594 3895 1351 3896 1594 3896 1352 3896 1352 3897 1594 3897 1593 3897 1352 3898 1593 3898 1363 3898 1363 3899 1593 3899 1587 3899 1363 3900 1587 3900 1364 3900 1364 3901 1587 3901 1586 3901 1364 3902 1586 3902 1366 3902 1366 3903 1586 3903 1585 3903 1366 3904 1585 3904 1367 3904 1367 3905 1585 3905 1584 3905 1367 3906 1584 3906 1370 3906 1370 3907 1584 3907 1807 3907 1374 3908 1803 3908 1313 3908 1313 3909 1803 3909 1785 3909 1313 3910 1785 3910 1314 3910 1314 3911 1785 3911 1784 3911 1314 3912 1784 3912 1315 3912 1315 3913 1784 3913 1782 3913 1315 3914 1782 3914 1316 3914 1316 3915 1782 3915 1781 3915 1316 3916 1781 3916 1325 3916 1325 3917 1781 3917 1791 3917 1325 3918 1791 3918 1326 3918 1326 3919 1791 3919 1790 3919 1326 3920 1790 3920 1327 3920 1327 3921 1790 3921 1789 3921 1327 3922 1789 3922 1320 3922 1320 3923 1789 3923 1788 3923 1320 3924 1788 3924 1321 3924 1321 3925 1788 3925 1787 3925 1321 3926 1787 3926 1328 3926 1328 3927 1787 3927 1786 3927 1328 3928 1786 3928 1329 3928 1329 3929 1786 3929 1780 3929 1329 3930 1780 3930 1330 3930 1330 3931 1780 3931 1779 3931 1330 3932 1779 3932 1334 3932 1334 3933 1779 3933 1802 3933 1334 3934 1802 3934 1335 3934 1335 3935 1802 3935 1801 3935 1615 3936 1234 3936 1616 3936 1616 3937 1234 3937 1233 3937 1616 3938 1233 3938 1617 3938 1617 3939 1233 3939 1199 3939 1617 3940 1199 3940 1622 3940 1622 3941 1199 3941 1198 3941 1622 3942 1198 3942 1623 3942 1623 3943 1198 3943 1197 3943 1623 3944 1197 3944 1624 3944 1624 3945 1197 3945 1196 3945 1624 3946 1196 3946 1625 3946 1625 3947 1196 3947 1195 3947 1625 3948 1195 3948 1626 3948 1626 3949 1195 3949 1194 3949 1626 3950 1194 3950 1628 3950 1628 3951 1194 3951 1202 3951 1628 3952 1202 3952 1629 3952 1629 3953 1202 3953 1201 3953 1629 3954 1201 3954 1630 3954 1630 3955 1201 3955 1200 3955 1630 3956 1200 3956 1631 3956 1631 3957 1200 3957 1205 3957 1631 3958 1205 3958 1632 3958 1632 3959 1205 3959 1204 3959 1632 3960 1204 3960 1777 3960 1777 3961 1204 3961 1203 3961 1777 3962 1203 3962 897 3962 897 3963 1203 3963 898 3963 892 3964 891 3964 1759 3964 1759 3965 891 3965 1215 3965 1759 3966 1215 3966 1761 3966 1761 3967 1215 3967 1210 3967 1761 3968 1210 3968 1762 3968 1762 3969 1210 3969 1209 3969 1762 3970 1209 3970 1764 3970 1764 3971 1209 3971 1208 3971 1764 3972 1208 3972 1765 3972 1765 3973 1208 3973 1207 3973 1765 3974 1207 3974 1766 3974 1766 3975 1207 3975 1206 3975 1766 3976 1206 3976 1767 3976 1767 3977 1206 3977 1219 3977 1767 3978 1219 3978 1771 3978 1771 3979 1219 3979 1218 3979 1771 3980 1218 3980 1772 3980 1772 3981 1218 3981 1217 3981 1772 3982 1217 3982 1770 3982 1770 3983 1217 3983 1214 3983 1770 3984 1214 3984 1769 3984 1769 3985 1214 3985 1213 3985 1769 3986 1213 3986 1768 3986 1768 3987 1213 3987 1212 3987 1768 3988 1212 3988 1773 3988 1773 3989 1212 3989 1211 3989 1773 3990 1211 3990 1774 3990 1774 3991 1211 3991 1231 3991 1282 3992 1652 3992 1294 3992 1294 3993 1652 3993 1635 3993 1294 3994 1635 3994 1286 3994 1286 3995 1635 3995 1634 3995 1286 3996 1634 3996 1287 3996 1287 3997 1634 3997 1637 3997 1287 3998 1637 3998 1288 3998 1288 3999 1637 3999 1646 3999 1288 4000 1646 4000 1289 4000 1289 4001 1646 4001 1645 4001 1289 4002 1645 4002 1290 4002 1290 4003 1645 4003 1644 4003 1290 4004 1644 4004 1291 4004 1291 4005 1644 4005 1655 4005 1291 4006 1655 4006 1292 4006 1292 4007 1655 4007 1654 4007 1292 4008 1654 4008 1303 4008 1303 4009 1654 4009 1653 4009 1303 4010 1653 4010 1302 4010 1302 4011 1653 4011 1661 4011 1302 4012 1661 4012 1301 4012 1301 4013 1661 4013 1660 4013 1301 4014 1660 4014 1304 4014 1304 4015 1660 4015 1659 4015 1304 4016 1659 4016 1305 4016 1305 4017 1659 4017 1658 4017 1305 4018 1658 4018 1306 4018 1306 4019 1658 4019 1657 4019 1306 4020 1657 4020 1307 4020 1307 4021 1657 4021 1656 4021 1307 4022 1656 4022 1308 4022 1308 4023 1656 4023 1741 4023 1310 4024 1739 4024 1246 4024 1246 4025 1739 4025 1738 4025 1246 4026 1738 4026 1247 4026 1247 4027 1738 4027 1737 4027 1247 4028 1737 4028 1248 4028 1248 4029 1737 4029 1736 4029 1248 4030 1736 4030 1257 4030 1257 4031 1736 4031 1735 4031 1257 4032 1735 4032 1258 4032 1258 4033 1735 4033 1725 4033 1258 4034 1725 4034 1259 4034 1259 4035 1725 4035 1726 4035 1259 4036 1726 4036 1251 4036 1251 4037 1726 4037 1727 4037 1251 4038 1727 4038 1250 4038 1250 4039 1727 4039 1724 4039 1250 4040 1724 4040 1249 4040 1249 4041 1724 4041 1723 4041 1249 4042 1723 4042 1265 4042 1265 4043 1723 4043 1734 4043 1265 4044 1734 4044 1266 4044 1266 4045 1734 4045 1733 4045 1266 4046 1733 4046 1267 4046 1267 4047 1733 4047 1722 4047 1267 4048 1722 4048 1268 4048 1268 4049 1722 4049 1721 4049 1268 4050 1721 4050 1269 4050 1269 4051 1721 4051 1747 4051 1269 4052 1747 4052 1274 4052 1274 4053 1747 4053 1746 4053 1274 4054 1746 4054 1273 4054 1273 4055 1746 4055 1745 4055 993 4056 992 4056 1690 4056 1690 4057 992 4057 1175 4057 1690 4058 1175 4058 1712 4058 1712 4059 1175 4059 1191 4059 1712 4060 1191 4060 1713 4060 1713 4061 1191 4061 1190 4061 1713 4062 1190 4062 1714 4062 1714 4063 1190 4063 1189 4063 1714 4064 1189 4064 1715 4064 1715 4065 1189 4065 1188 4065 1715 4066 1188 4066 1716 4066 1716 4067 1188 4067 1187 4067 1716 4068 1187 4068 1717 4068 1717 4069 1187 4069 1186 4069 1717 4070 1186 4070 1704 4070 1704 4071 1186 4071 1185 4071 1704 4072 1185 4072 1705 4072 1705 4073 1185 4073 1184 4073 1705 4074 1184 4074 1706 4074 1706 4075 1184 4075 1183 4075 1706 4076 1183 4076 1707 4076 1707 4077 1183 4077 1182 4077 1707 4078 1182 4078 1699 4078 1699 4079 1182 4079 1181 4079 1699 4080 1181 4080 1700 4080 1700 4081 1181 4081 1180 4081 1700 4082 1180 4082 1702 4082 1702 4083 1180 4083 1179 4083 1702 4084 1179 4084 1711 4084 1711 4085 1179 4085 1177 4085 1711 4086 1177 4086 1710 4086 1710 4087 1177 4087 1176 4087 1677 4088 1157 4088 1678 4088 1678 4089 1157 4089 1158 4089 1678 4090 1158 4090 1679 4090 1679 4091 1158 4091 1153 4091 1679 4092 1153 4092 1665 4092 1665 4093 1153 4093 1152 4093 1665 4094 1152 4094 1666 4094 1666 4095 1152 4095 1145 4095 1666 4096 1145 4096 1667 4096 1667 4097 1145 4097 1144 4097 1667 4098 1144 4098 1668 4098 1668 4099 1144 4099 1161 4099 1668 4100 1161 4100 1680 4100 1680 4101 1161 4101 1160 4101 1680 4102 1160 4102 1681 4102 1681 4103 1160 4103 1159 4103 1681 4104 1159 4104 1682 4104 1682 4105 1159 4105 1151 4105 1682 4106 1151 4106 1675 4106 1675 4107 1151 4107 1150 4107 1675 4108 1150 4108 1676 4108 1676 4109 1150 4109 1149 4109 1676 4110 1149 4110 1683 4110 1683 4111 1149 4111 1148 4111 1683 4112 1148 4112 1684 4112 1684 4113 1148 4113 1147 4113 1684 4114 1147 4114 1685 4114 1685 4115 1147 4115 1146 4115 1685 4116 1146 4116 1698 4116 1698 4117 1146 4117 1141 4117 1698 4118 1141 4118 997 4118 997 4119 1141 4119 996 4119 1135 4120 1535 4120 1976 4120 1135 4121 1976 4121 1136 4121 1136 4122 1976 4122 1814 4122 1136 4123 1814 4123 1137 4123 1137 4124 1814 4124 1575 4124 1137 4125 1575 4125 1134 4125 1134 4126 1575 4126 1574 4126 1134 4127 1574 4127 1133 4127 1133 4128 1574 4128 1573 4128 1133 4129 1573 4129 1132 4129 1132 4130 1573 4130 1572 4130 1132 4131 1572 4131 1130 4131 1130 4132 1572 4132 1571 4132 1130 4133 1571 4133 1128 4133 1128 4134 1571 4134 1570 4134 1128 4135 1570 4135 1129 4135 1129 4136 1570 4136 1569 4136 1129 4137 1569 4137 1131 4137 1579 4138 1531 4138 1530 4138 1579 4139 1530 4139 1549 4139 1549 4140 1530 4140 1369 4140 1549 4141 1369 4141 1550 4141 1550 4142 1369 4142 1127 4142 1550 4143 1127 4143 1551 4143 1551 4144 1127 4144 1126 4144 1551 4145 1126 4145 1548 4145 1548 4146 1126 4146 1125 4146 1548 4147 1125 4147 1547 4147 1547 4148 1125 4148 1124 4148 1547 4149 1124 4149 1545 4149 1545 4150 1124 4150 1123 4150 1545 4151 1123 4151 1543 4151 1543 4152 1123 4152 1122 4152 1543 4153 1122 4153 1544 4153 1544 4154 1122 4154 1121 4154 1544 4155 1121 4155 1546 4155 1540 4156 1277 4156 1276 4156 1540 4157 1276 4157 1560 4157 1560 4158 1276 4158 1104 4158 1560 4159 1104 4159 1561 4159 1561 4160 1104 4160 1105 4160 1561 4161 1105 4161 1562 4161 1562 4162 1105 4162 1106 4162 1562 4163 1106 4163 1563 4163 1563 4164 1106 4164 1110 4164 1563 4165 1110 4165 1564 4165 1564 4166 1110 4166 1109 4166 1564 4167 1109 4167 1565 4167 1565 4168 1109 4168 1108 4168 1565 4169 1108 4169 1566 4169 1566 4170 1108 4170 1107 4170 1566 4171 1107 4171 1559 4171 1559 4172 1107 4172 1084 4172 1559 4173 1084 4173 1077 4173 1245 4174 1823 4174 1822 4174 1245 4175 1822 4175 1112 4175 1112 4176 1822 4176 1558 4176 1112 4177 1558 4177 1113 4177 1113 4178 1558 4178 1557 4178 1113 4179 1557 4179 1114 4179 1114 4180 1557 4180 1556 4180 1114 4181 1556 4181 1115 4181 1115 4182 1556 4182 1555 4182 1115 4183 1555 4183 1116 4183 1116 4184 1555 4184 1554 4184 1116 4185 1554 4185 1117 4185 1117 4186 1554 4186 1553 4186 1117 4187 1553 4187 1118 4187 1118 4188 1553 4188 1552 4188 1118 4189 1552 4189 1111 4189 1111 4190 1552 4190 1082 4190 1111 4191 1082 4191 1091 4191 2050 4192 2051 4192 2052 4192 2053 4193 2054 4193 2055 4193 2056 4194 2057 4194 2058 4194 2059 4195 2060 4195 2061 4195 2061 4196 2060 4196 2062 4196 2063 4197 2064 4197 2065 4197 2066 4198 2067 4198 2068 4198 2069 4199 2070 4199 2071 4199 2072 4200 2073 4200 2074 4200 2075 4201 2076 4201 2077 4201 1051 4202 1050 4202 2078 4202 1069 4203 1068 4203 2079 4203 2079 4204 1068 4204 1067 4204 1050 4205 1049 4205 2078 4205 2078 4206 1049 4206 1048 4206 2078 4207 1048 4207 1047 4207 2080 4208 1056 4208 1055 4208 1067 4209 1066 4209 2079 4209 2079 4210 1066 4210 1065 4210 2079 4211 1065 4211 2081 4211 2081 4212 1065 4212 1064 4212 2081 4213 1064 4213 1063 4213 1055 4214 1054 4214 2080 4214 2080 4215 1054 4215 1053 4215 2080 4216 1053 4216 1052 4216 1063 4217 1062 4217 2081 4217 2081 4218 1062 4218 1061 4218 2081 4219 1061 4219 2082 4219 2082 4220 1061 4220 1060 4220 2082 4221 1060 4221 2083 4221 2083 4222 1060 4222 1059 4222 2084 4223 1058 4223 2080 4223 2080 4224 1058 4224 1057 4224 2080 4225 1057 4225 1056 4225 2084 4226 2085 4226 1058 4226 1058 4227 2085 4227 2086 4227 1058 4228 2086 4228 1059 4228 1059 4229 2086 4229 2087 4229 1059 4230 2087 4230 2083 4230 1052 4231 1051 4231 2080 4231 2080 4232 1051 4232 2078 4232 2080 4233 2078 4233 2088 4233 2088 4234 2078 4234 2089 4234 2088 4235 2089 4235 2090 4235 2090 4236 2089 4236 2091 4236 2075 4237 2077 4237 2092 4237 2093 4238 2094 4238 2095 4238 2095 4239 2094 4239 2096 4239 2096 4240 2097 4240 2095 4240 2095 4241 2097 4241 2098 4241 2095 4242 2098 4242 2099 4242 2099 4243 2098 4243 2100 4243 2101 4244 2102 4244 2103 4244 2103 4245 2102 4245 2104 4245 2103 4246 2104 4246 2105 4246 2105 4247 2104 4247 2106 4247 2107 4248 2108 4248 2103 4248 2103 4249 2108 4249 2109 4249 2103 4250 2109 4250 2101 4250 2100 4251 2110 4251 2099 4251 2099 4252 2110 4252 2111 4252 2099 4253 2111 4253 2112 4253 2113 4254 2114 4254 2103 4254 2103 4255 2114 4255 2115 4255 2103 4256 2115 4256 2107 4256 2112 4257 2116 4257 2099 4257 2099 4258 2116 4258 2117 4258 2099 4259 2117 4259 2118 4259 2118 4260 2117 4260 2113 4260 2118 4261 2113 4261 2119 4261 2119 4262 2113 4262 2103 4262 2120 4263 2121 4263 2122 4263 2122 4264 2121 4264 2123 4264 2124 4265 2125 4265 2126 4265 2126 4266 2125 4266 2127 4266 2126 4267 2127 4267 2128 4267 2128 4268 2127 4268 2129 4268 2128 4269 2129 4269 2130 4269 2130 4270 2131 4270 2128 4270 2128 4271 2131 4271 2132 4271 2128 4272 2132 4272 2133 4272 2134 4273 2135 4273 2073 4273 2136 4274 2137 4274 2073 4274 2073 4275 2137 4275 2138 4275 2073 4276 2138 4276 2074 4276 2074 4277 2138 4277 2139 4277 2074 4278 2139 4278 2140 4278 2134 4279 2073 4279 2141 4279 2135 4280 2142 4280 2073 4280 2073 4281 2142 4281 2143 4281 2073 4282 2143 4282 2136 4282 2133 4283 2144 4283 2128 4283 2128 4284 2144 4284 2145 4284 2128 4285 2145 4285 2146 4285 2146 4286 2145 4286 2141 4286 2146 4287 2141 4287 2147 4287 2147 4288 2141 4288 2073 4288 2148 4289 2149 4289 2150 4289 2069 4290 2071 4290 2151 4290 2152 4291 1014 4291 1013 4291 2153 4292 1032 4292 1031 4292 1013 4293 1012 4293 2152 4293 2152 4294 1012 4294 1011 4294 2152 4295 1011 4295 2154 4295 2154 4296 1011 4296 1010 4296 1010 4297 1009 4297 2154 4297 2154 4298 1009 4298 1008 4298 2154 4299 1008 4299 1007 4299 1036 4300 1035 4300 2155 4300 2155 4301 1035 4301 1034 4301 2155 4302 1034 4302 2153 4302 2153 4303 1034 4303 1033 4303 2153 4304 1033 4304 1032 4304 1039 4305 1038 4305 2156 4305 2156 4306 1038 4306 2155 4306 2155 4307 1038 4307 1037 4307 2155 4308 1037 4308 1036 4308 2156 4309 2157 4309 1039 4309 1039 4310 2157 4310 2158 4310 1039 4311 2158 4311 1004 4311 1004 4312 2158 4312 2159 4312 1007 4313 1006 4313 2154 4313 2154 4314 1006 4314 1005 4314 2154 4315 1005 4315 2160 4315 2160 4316 1005 4316 1004 4316 2160 4317 1004 4317 2161 4317 2161 4318 1004 4318 2159 4318 2162 4319 2163 4319 2164 4319 2165 4320 2166 4320 2162 4320 2162 4321 2166 4321 2167 4321 2162 4322 2167 4322 2163 4322 2164 4323 2168 4323 2162 4323 2162 4324 2168 4324 2169 4324 2162 4325 2169 4325 2170 4325 2170 4326 2171 4326 2162 4326 2162 4327 2171 4327 2172 4327 2162 4328 2172 4328 2173 4328 2173 4329 2174 4329 2175 4329 2176 4330 2177 4330 2178 4330 2178 4331 2177 4331 2179 4331 2178 4332 2179 4332 2180 4332 2174 4333 2181 4333 2175 4333 2175 4334 2181 4334 2182 4334 2175 4335 2182 4335 2183 4335 2184 4336 2185 4336 2186 4336 2186 4337 2185 4337 2175 4337 2186 4338 2175 4338 2187 4338 2187 4339 2175 4339 2183 4339 2188 4340 2189 4340 2190 4340 2190 4341 2189 4341 2191 4341 2190 4342 2191 4342 2192 4342 2192 4343 2193 4343 2190 4343 2190 4344 2193 4344 2194 4344 2190 4345 2194 4345 2195 4345 2180 4346 2196 4346 2178 4346 2178 4347 2196 4347 2197 4347 2178 4348 2197 4348 2198 4348 2197 4349 2199 4349 2198 4349 2198 4350 2199 4350 2200 4350 2198 4351 2200 4351 2201 4351 2201 4352 2202 4352 2198 4352 2198 4353 2202 4353 2203 4353 2198 4354 2203 4354 2204 4354 2204 4355 2205 4355 2198 4355 2198 4356 2205 4356 2206 4356 2198 4357 2206 4357 2190 4357 2190 4358 2206 4358 2207 4358 2190 4359 2207 4359 2188 4359 2194 4360 2208 4360 2195 4360 2195 4361 2208 4361 2209 4361 2195 4362 2209 4362 2210 4362 2210 4363 2209 4363 2211 4363 2210 4364 2211 4364 2184 4364 2184 4365 2211 4365 2212 4365 2184 4366 2212 4366 2185 4366 2173 4367 2175 4367 2162 4367 2162 4368 2175 4368 2213 4368 2162 4369 2213 4369 2214 4369 2215 4370 2216 4370 2178 4370 2178 4371 2216 4371 2217 4371 2178 4372 2217 4372 2176 4372 2213 4373 2218 4373 2214 4373 2214 4374 2218 4374 2219 4374 2214 4375 2219 4375 2220 4375 2221 4376 2222 4376 2215 4376 2215 4377 2222 4377 2223 4377 2215 4378 2223 4378 2216 4378 2224 4379 2225 4379 2226 4379 2227 4380 2228 4380 2229 4380 2230 4381 2231 4381 2232 4381 2233 4382 2234 4382 2235 4382 2236 4383 2237 4383 2231 4383 2238 4384 2239 4384 2240 4384 2241 4385 2242 4385 2243 4385 2244 4386 2245 4386 2246 4386 2246 4387 2245 4387 2247 4387 2246 4388 2247 4388 2248 4388 2248 4389 2249 4389 2246 4389 2246 4390 2249 4390 2250 4390 2246 4391 2250 4391 2251 4391 2252 4392 2253 4392 2233 4392 2226 4393 2254 4393 2224 4393 2224 4394 2254 4394 2255 4394 2224 4395 2255 4395 2231 4395 2231 4396 2255 4396 2256 4396 2231 4397 2256 4397 2236 4397 2237 4398 2257 4398 2231 4398 2231 4399 2257 4399 2258 4399 2231 4400 2258 4400 2259 4400 2238 4401 2240 4401 2260 4401 2224 4402 2261 4402 2225 4402 2225 4403 2261 4403 2243 4403 2225 4404 2243 4404 2262 4404 2262 4405 2243 4405 2242 4405 2229 4406 2263 4406 2264 4406 2229 4407 2228 4407 2246 4407 2246 4408 2228 4408 2265 4408 2246 4409 2265 4409 2244 4409 2259 4410 2266 4410 2231 4410 2231 4411 2266 4411 2267 4411 2231 4412 2267 4412 2232 4412 2240 4413 2268 4413 2260 4413 2260 4414 2268 4414 2269 4414 2260 4415 2269 4415 2229 4415 2229 4416 2269 4416 2270 4416 2229 4417 2270 4417 2263 4417 2264 4418 2271 4418 2229 4418 2229 4419 2271 4419 2272 4419 2229 4420 2272 4420 2227 4420 2253 4421 2273 4421 2233 4421 2233 4422 2273 4422 2274 4422 2233 4423 2274 4423 2234 4423 2239 4424 2238 4424 2243 4424 2243 4425 2238 4425 2275 4425 2243 4426 2275 4426 2241 4426 2276 4427 2277 4427 2224 4427 2278 4428 2279 4428 2280 4428 2280 4429 2279 4429 2281 4429 2282 4430 2283 4430 2231 4430 2231 4431 2283 4431 2284 4431 2231 4432 2284 4432 2285 4432 2276 4433 2224 4433 2286 4433 2287 4434 2288 4434 2289 4434 2288 4435 2290 4435 2289 4435 2289 4436 2290 4436 2291 4436 2289 4437 2291 4437 2280 4437 2280 4438 2291 4438 2292 4438 2280 4439 2292 4439 2278 4439 2285 4440 2293 4440 2231 4440 2231 4441 2293 4441 2294 4441 2231 4442 2294 4442 2224 4442 2224 4443 2294 4443 2295 4443 2224 4444 2295 4444 2286 4444 2296 4445 2297 4445 2298 4445 2298 4446 2297 4446 2299 4446 2300 4447 2298 4447 2301 4447 2301 4448 2298 4448 2302 4448 2300 4449 2303 4449 2298 4449 2298 4450 2303 4450 2304 4450 2298 4451 2304 4451 2305 4451 2306 4452 2307 4452 2308 4452 2309 4453 2310 4453 2311 4453 2299 4454 2312 4454 2298 4454 2298 4455 2312 4455 2313 4455 2298 4456 2313 4456 2302 4456 2314 4457 2315 4457 2316 4457 2316 4458 2315 4458 2317 4458 2318 4459 2319 4459 2309 4459 2309 4460 2319 4460 2320 4460 2309 4461 2320 4461 2310 4461 2321 4462 2322 4462 2323 4462 2323 4463 2322 4463 2309 4463 2323 4464 2309 4464 2324 4464 2324 4465 2309 4465 2311 4465 2318 4466 2325 4466 2319 4466 2319 4467 2325 4467 2326 4467 2319 4468 2326 4468 2327 4468 2327 4469 2326 4469 2328 4469 2308 4470 2329 4470 2330 4470 2307 4471 2331 4471 2308 4471 2308 4472 2331 4472 2332 4472 2308 4473 2332 4473 2315 4473 2315 4474 2332 4474 2333 4474 2315 4475 2333 4475 2317 4475 2334 4476 2335 4476 2336 4476 2336 4477 2335 4477 2337 4477 2335 4478 2338 4478 2308 4478 2308 4479 2338 4479 2339 4479 2308 4480 2339 4480 2329 4480 2330 4481 2340 4481 2308 4481 2308 4482 2340 4482 2341 4482 2308 4483 2341 4483 2306 4483 2334 4484 2342 4484 2335 4484 2335 4485 2342 4485 2343 4485 2335 4486 2343 4486 2338 4486 2326 4487 2344 4487 2328 4487 2328 4488 2344 4488 2345 4488 2328 4489 2345 4489 2335 4489 2335 4490 2345 4490 2346 4490 2335 4491 2346 4491 2337 4491 2347 4492 2348 4492 2349 4492 2321 4493 2296 4493 2322 4493 2322 4494 2296 4494 2298 4494 2322 4495 2298 4495 2350 4495 2350 4496 2298 4496 2349 4496 2350 4497 2349 4497 2351 4497 2351 4498 2349 4498 2348 4498 2352 4499 2353 4499 2058 4499 2314 4500 2354 4500 2315 4500 2315 4501 2354 4501 2355 4501 2315 4502 2355 4502 2058 4502 2058 4503 2355 4503 2356 4503 2058 4504 2356 4504 2352 4504 2357 4505 2358 4505 2359 4505 2357 4506 2359 4506 2360 4506 2359 4507 2361 4507 2362 4507 2363 4508 2364 4508 2365 4508 2365 4509 2364 4509 2366 4509 2365 4510 2366 4510 2367 4510 2362 4511 2368 4511 2359 4511 2359 4512 2368 4512 2369 4512 2359 4513 2369 4513 2370 4513 2358 4514 2371 4514 2359 4514 2359 4515 2371 4515 2372 4515 2359 4516 2372 4516 2361 4516 2373 4517 2374 4517 2375 4517 2375 4518 2374 4518 2376 4518 2375 4519 2376 4519 2377 4519 2377 4520 2378 4520 2375 4520 2375 4521 2378 4521 2379 4521 2375 4522 2379 4522 2380 4522 2367 4523 2381 4523 2365 4523 2365 4524 2381 4524 2382 4524 2365 4525 2382 4525 2383 4525 2384 4526 2385 4526 2359 4526 2359 4527 2385 4527 2386 4527 2359 4528 2386 4528 2387 4528 2388 4529 2389 4529 2390 4529 2390 4530 2389 4530 2391 4530 2390 4531 2391 4531 2392 4531 2380 4532 2393 4532 2375 4532 2375 4533 2393 4533 2394 4533 2375 4534 2394 4534 2365 4534 2365 4535 2394 4535 2395 4535 2365 4536 2395 4536 2363 4536 2382 4537 2396 4537 2383 4537 2383 4538 2396 4538 2397 4538 2383 4539 2397 4539 2398 4539 2399 4540 2400 4540 2384 4540 2384 4541 2400 4541 2401 4541 2384 4542 2401 4542 2402 4542 2370 4543 2403 4543 2359 4543 2359 4544 2403 4544 2404 4544 2359 4545 2404 4545 2384 4545 2384 4546 2404 4546 2405 4546 2384 4547 2405 4547 2399 4547 2397 4548 2406 4548 2398 4548 2398 4549 2406 4549 2384 4549 2398 4550 2384 4550 2407 4550 2407 4551 2384 4551 2402 4551 2408 4552 2409 4552 2390 4552 2390 4553 2409 4553 2410 4553 2390 4554 2410 4554 2388 4554 2411 4555 2412 4555 2413 4555 2413 4556 2412 4556 2387 4556 2411 4557 2414 4557 2412 4557 2412 4558 2414 4558 2415 4558 2412 4559 2415 4559 2416 4559 2416 4560 2415 4560 2417 4560 2416 4561 2417 4561 2418 4561 2419 4562 2420 4562 2387 4562 2387 4563 2420 4563 2421 4563 2387 4564 2421 4564 2359 4564 2359 4565 2421 4565 2422 4565 2359 4566 2422 4566 2423 4566 2424 4567 2425 4567 2426 4567 2426 4568 2425 4568 2427 4568 2426 4569 2427 4569 2428 4569 2429 4570 2430 4570 2431 4570 2431 4571 2430 4571 2432 4571 2431 4572 2432 4572 2433 4572 2426 4573 2434 4573 2435 4573 2428 4574 2436 4574 2426 4574 2426 4575 2436 4575 2437 4575 2426 4576 2437 4576 2434 4576 2438 4577 2439 4577 2431 4577 2431 4578 2439 4578 2440 4578 2431 4579 2440 4579 2429 4579 2441 4580 2442 4580 2089 4580 2089 4581 2442 4581 2443 4581 2444 4582 2445 4582 2424 4582 2424 4583 2445 4583 2446 4583 2424 4584 2446 4584 2425 4584 2447 4585 2448 4585 2449 4585 2450 4586 2091 4586 2451 4586 2451 4587 2091 4587 2089 4587 2451 4588 2089 4588 2452 4588 2452 4589 2089 4589 2443 4589 2450 4590 2453 4590 2091 4590 2091 4591 2453 4591 2454 4591 2091 4592 2454 4592 2455 4592 2456 4593 2457 4593 2447 4593 2447 4594 2449 4594 2424 4594 2424 4595 2449 4595 2458 4595 2424 4596 2458 4596 2444 4596 2457 4597 2459 4597 2447 4597 2447 4598 2459 4598 2460 4598 2447 4599 2460 4599 2448 4599 2455 4600 2461 4600 2091 4600 2091 4601 2461 4601 2462 4601 2091 4602 2462 4602 2447 4602 2447 4603 2462 4603 2463 4603 2447 4604 2463 4604 2456 4604 2077 4605 2464 4605 2465 4605 2465 4606 2464 4606 2466 4606 2465 4607 2466 4607 2467 4607 2468 4608 2469 4608 2470 4608 2470 4609 2469 4609 2471 4609 2468 4610 2472 4610 2469 4610 2469 4611 2472 4611 2473 4611 2469 4612 2473 4612 2474 4612 2467 4613 2475 4613 2465 4613 2465 4614 2475 4614 2476 4614 2465 4615 2476 4615 2477 4615 2477 4616 2478 4616 2465 4616 2465 4617 2478 4617 2479 4617 2465 4618 2479 4618 2469 4618 2469 4619 2479 4619 2480 4619 2469 4620 2480 4620 2471 4620 2473 4621 2481 4621 2474 4621 2474 4622 2481 4622 2482 4622 2474 4623 2482 4623 2483 4623 2484 4624 2485 4624 2076 4624 2486 4625 2487 4625 2077 4625 2077 4626 2487 4626 2488 4626 2077 4627 2488 4627 2464 4627 2489 4628 2490 4628 2491 4628 2076 4629 2492 4629 2493 4629 2491 4630 2490 4630 2076 4630 2076 4631 2490 4631 2494 4631 2076 4632 2494 4632 2492 4632 2493 4633 2495 4633 2076 4633 2076 4634 2495 4634 2496 4634 2076 4635 2496 4635 2484 4635 2497 4636 2498 4636 2499 4636 2499 4637 2498 4637 2500 4637 2501 4638 2076 4638 2502 4638 2502 4639 2076 4639 2498 4639 2501 4640 2503 4640 2076 4640 2076 4641 2503 4641 2504 4641 2076 4642 2504 4642 2077 4642 2077 4643 2504 4643 2505 4643 2077 4644 2505 4644 2486 4644 2483 4645 2506 4645 2474 4645 2474 4646 2506 4646 2507 4646 2474 4647 2507 4647 2508 4647 2508 4648 2507 4648 2509 4648 2508 4649 2509 4649 2510 4649 2510 4650 2511 4650 2508 4650 2508 4651 2511 4651 2512 4651 2508 4652 2512 4652 2513 4652 2513 4653 2512 4653 2514 4653 2485 4654 2515 4654 2076 4654 2076 4655 2515 4655 2516 4655 2076 4656 2516 4656 2498 4656 2498 4657 2516 4657 2517 4657 2498 4658 2517 4658 2500 4658 2514 4659 2512 4659 2518 4659 2518 4660 2512 4660 2519 4660 2518 4661 2519 4661 2520 4661 2520 4662 2519 4662 2521 4662 2520 4663 2521 4663 2499 4663 2499 4664 2521 4664 2522 4664 2499 4665 2522 4665 2497 4665 2523 4666 2524 4666 2148 4666 2148 4667 2524 4667 2525 4667 2526 4668 2527 4668 2528 4668 2529 4669 2530 4669 2531 4669 2532 4670 2533 4670 2534 4670 2525 4671 2535 4671 2148 4671 2148 4672 2535 4672 2536 4672 2148 4673 2536 4673 2149 4673 2537 4674 2538 4674 2149 4674 2149 4675 2538 4675 2539 4675 2540 4676 2541 4676 2149 4676 2541 4677 2542 4677 2149 4677 2149 4678 2542 4678 2543 4678 2149 4679 2543 4679 2537 4679 2539 4680 2544 4680 2149 4680 2149 4681 2544 4681 2545 4681 2149 4682 2545 4682 2532 4682 2532 4683 2545 4683 2546 4683 2532 4684 2546 4684 2533 4684 2530 4685 2547 4685 2531 4685 2531 4686 2547 4686 2548 4686 2531 4687 2548 4687 2526 4687 2526 4688 2548 4688 2549 4688 2526 4689 2549 4689 2527 4689 2536 4690 2550 4690 2149 4690 2149 4691 2550 4691 2551 4691 2149 4692 2551 4692 2540 4692 2540 4693 2551 4693 2552 4693 2553 4694 2554 4694 2555 4694 2552 4695 2556 4695 2540 4695 2540 4696 2556 4696 2553 4696 2540 4697 2553 4697 2557 4697 2557 4698 2553 4698 2555 4698 2553 4699 2558 4699 2554 4699 2554 4700 2558 4700 2559 4700 2554 4701 2559 4701 2560 4701 2531 4702 2561 4702 2529 4702 2529 4703 2561 4703 2562 4703 2529 4704 2562 4704 2563 4704 2563 4705 2562 4705 2564 4705 2563 4706 2564 4706 2560 4706 2560 4707 2564 4707 2565 4707 2560 4708 2565 4708 2554 4708 2528 4709 2566 4709 2526 4709 2526 4710 2566 4710 2567 4710 2526 4711 2567 4711 2568 4711 2568 4712 2567 4712 2569 4712 2569 4713 2570 4713 2568 4713 2568 4714 2570 4714 2571 4714 2568 4715 2571 4715 2572 4715 2573 4716 2574 4716 2575 4716 2523 4717 2148 4717 2576 4717 2576 4718 2148 4718 2575 4718 2576 4719 2575 4719 2577 4719 2574 4720 2578 4720 2575 4720 2575 4721 2578 4721 2579 4721 2575 4722 2579 4722 2577 4722 2572 4723 2580 4723 2568 4723 2568 4724 2580 4724 2581 4724 2568 4725 2581 4725 2575 4725 2575 4726 2581 4726 2582 4726 2575 4727 2582 4727 2573 4727 2583 4728 2584 4728 2585 4728 2585 4729 2584 4729 2586 4729 2585 4730 2586 4730 2587 4730 2071 4731 2588 4731 2589 4731 2587 4732 2590 4732 2585 4732 2585 4733 2590 4733 2591 4733 2585 4734 2591 4734 2592 4734 2592 4735 2591 4735 2593 4735 2592 4736 2593 4736 2594 4736 2595 4737 2070 4737 2596 4737 2596 4738 2070 4738 2597 4738 2595 4739 2598 4739 2070 4739 2070 4740 2598 4740 2599 4740 2070 4741 2599 4741 2071 4741 2071 4742 2599 4742 2600 4742 2071 4743 2600 4743 2588 4743 2594 4744 2601 4744 2592 4744 2592 4745 2601 4745 2602 4745 2592 4746 2602 4746 2603 4746 2603 4747 2604 4747 2592 4747 2592 4748 2604 4748 2605 4748 2592 4749 2605 4749 2070 4749 2070 4750 2605 4750 2606 4750 2070 4751 2606 4751 2597 4751 2589 4752 2607 4752 2071 4752 2071 4753 2607 4753 2608 4753 2071 4754 2608 4754 2609 4754 2609 4755 2608 4755 2610 4755 2611 4756 2612 4756 2583 4756 2610 4757 2613 4757 2609 4757 2609 4758 2613 4758 2614 4758 2609 4759 2614 4759 2615 4759 2616 4760 2617 4760 2611 4760 2617 4761 2618 4761 2611 4761 2611 4762 2618 4762 2619 4762 2611 4763 2619 4763 2612 4763 2615 4764 2620 4764 2609 4764 2609 4765 2620 4765 2621 4765 2609 4766 2621 4766 2611 4766 2611 4767 2621 4767 2622 4767 2611 4768 2622 4768 2616 4768 2623 4769 2624 4769 2625 4769 2625 4770 2624 4770 2626 4770 2627 4771 2628 4771 2629 4771 2629 4772 2628 4772 2630 4772 2630 4773 2628 4773 2631 4773 2630 4774 2631 4774 2632 4774 2067 4775 2633 4775 2634 4775 2634 4776 2633 4776 2635 4776 2636 4777 2066 4777 2637 4777 2637 4778 2638 4778 2636 4778 2636 4779 2638 4779 2639 4779 2636 4780 2639 4780 2640 4780 2435 4781 2438 4781 2426 4781 2426 4782 2438 4782 2431 4782 2426 4783 2431 4783 2641 4783 2641 4784 2431 4784 2642 4784 2643 4785 2644 4785 2645 4785 2644 4786 2643 4786 2646 4786 2646 4787 2643 4787 2647 4787 2646 4788 2647 4788 2648 4788 1046 4789 1045 4789 2649 4789 1046 4790 2649 4790 1047 4790 1045 4791 1044 4791 2649 4791 2649 4792 1044 4792 1043 4792 2649 4793 1043 4793 1042 4793 1069 4794 2079 4794 1070 4794 1070 4795 2079 4795 2650 4795 1070 4796 2650 4796 1071 4796 1074 4797 1073 4797 2650 4797 2650 4798 1073 4798 1072 4798 2650 4799 1072 4799 1071 4799 1042 4800 1041 4800 2649 4800 2649 4801 1041 4801 1040 4801 2649 4802 1040 4802 2650 4802 2650 4803 1040 4803 1075 4803 2650 4804 1075 4804 1074 4804 2140 4805 2651 4805 2074 4805 2074 4806 2651 4806 2652 4806 2074 4807 2652 4807 2653 4807 2653 4808 2652 4808 2654 4808 2052 4809 2655 4809 2126 4809 2126 4810 2655 4810 2656 4810 2126 4811 2656 4811 2124 4811 2657 4812 2658 4812 2052 4812 2052 4813 2658 4813 2659 4813 2659 4814 2660 4814 2052 4814 2052 4815 2660 4815 2661 4815 2052 4816 2661 4816 2655 4816 2654 4817 2662 4817 2653 4817 2653 4818 2662 4818 2663 4818 2653 4819 2663 4819 2664 4819 2664 4820 2665 4820 2653 4820 2653 4821 2665 4821 2666 4821 2653 4822 2666 4822 2052 4822 2052 4823 2666 4823 2667 4823 2052 4824 2667 4824 2657 4824 1031 4825 1030 4825 2153 4825 2153 4826 1030 4826 1029 4826 2153 4827 1029 4827 2668 4827 2668 4828 1029 4828 1028 4828 2647 4829 1016 4829 2152 4829 2152 4830 1016 4830 1015 4830 2152 4831 1015 4831 1014 4831 1021 4832 1020 4832 2647 4832 2647 4833 1020 4833 1019 4833 1019 4834 1018 4834 2647 4834 2647 4835 1018 4835 1017 4835 2647 4836 1017 4836 1016 4836 1028 4837 1027 4837 2668 4837 2668 4838 1027 4838 1026 4838 2668 4839 1026 4839 1025 4839 1025 4840 1024 4840 2668 4840 2668 4841 1024 4841 1023 4841 2668 4842 1023 4842 2647 4842 2647 4843 1023 4843 1022 4843 2647 4844 1022 4844 1021 4844 2669 4845 2670 4845 2308 4845 2308 4846 2670 4846 2671 4846 2308 4847 2671 4847 2672 4847 2673 4848 2674 4848 2675 4848 2675 4849 2674 4849 2676 4849 2675 4850 2676 4850 2677 4850 2678 4851 2679 4851 2335 4851 2680 4852 2681 4852 2682 4852 2682 4853 2681 4853 2683 4853 2682 4854 2683 4854 2684 4854 2684 4855 2685 4855 2682 4855 2682 4856 2685 4856 2686 4856 2682 4857 2686 4857 2675 4857 2675 4858 2686 4858 2687 4858 2675 4859 2687 4859 2673 4859 2678 4860 2335 4860 2688 4860 2679 4861 2689 4861 2335 4861 2335 4862 2689 4862 2690 4862 2335 4863 2690 4863 2682 4863 2682 4864 2690 4864 2691 4864 2682 4865 2691 4865 2680 4865 2672 4866 2692 4866 2308 4866 2308 4867 2692 4867 2693 4867 2308 4868 2693 4868 2335 4868 2335 4869 2693 4869 2694 4869 2335 4870 2694 4870 2688 4870 2695 4871 2696 4871 2697 4871 2635 4872 2698 4872 2699 4872 2696 4873 2700 4873 2697 4873 2697 4874 2700 4874 2701 4874 2697 4875 2701 4875 2702 4875 2702 4876 2703 4876 2697 4876 2697 4877 2703 4877 2704 4877 2697 4878 2704 4878 2635 4878 2635 4879 2704 4879 2705 4879 2635 4880 2705 4880 2698 4880 2699 4881 2706 4881 2635 4881 2635 4882 2706 4882 2707 4882 2635 4883 2707 4883 2669 4883 2708 4884 2709 4884 2638 4884 2709 4885 2710 4885 2638 4885 2638 4886 2710 4886 2711 4886 2638 4887 2711 4887 2712 4887 2712 4888 2713 4888 2638 4888 2638 4889 2713 4889 2714 4889 2638 4890 2714 4890 2639 4890 2639 4891 2714 4891 2715 4891 2639 4892 2715 4892 2716 4892 2716 4893 2717 4893 2639 4893 2639 4894 2717 4894 2718 4894 2639 4895 2718 4895 2719 4895 2720 4896 2721 4896 2722 4896 2719 4897 2723 4897 2639 4897 2639 4898 2723 4898 2724 4898 2639 4899 2724 4899 2722 4899 2722 4900 2724 4900 2725 4900 2722 4901 2725 4901 2720 4901 2726 4902 2727 4902 2198 4902 2198 4903 2727 4903 2728 4903 2198 4904 2728 4904 2708 4904 2721 4905 2729 4905 2722 4905 2722 4906 2729 4906 2730 4906 2722 4907 2730 4907 2731 4907 2731 4908 2730 4908 2732 4908 2731 4909 2732 4909 2733 4909 2733 4910 2734 4910 2731 4910 2731 4911 2734 4911 2735 4911 2731 4912 2735 4912 2736 4912 2736 4913 2737 4913 2731 4913 2731 4914 2737 4914 2738 4914 2731 4915 2738 4915 2190 4915 2190 4916 2738 4916 2739 4916 2739 4917 2740 4917 2190 4917 2190 4918 2740 4918 2741 4918 2190 4919 2741 4919 2742 4919 2742 4920 2743 4920 2190 4920 2190 4921 2743 4921 2744 4921 2190 4922 2744 4922 2198 4922 2198 4923 2744 4923 2745 4923 2198 4924 2745 4924 2726 4924 2746 4925 2747 4925 2469 4925 2469 4926 2747 4926 2748 4926 2469 4927 2748 4927 2749 4927 2749 4928 2750 4928 2469 4928 2469 4929 2750 4929 2751 4929 2469 4930 2751 4930 2752 4930 2752 4931 2751 4931 2753 4931 2753 4932 2754 4932 2752 4932 2752 4933 2754 4933 2755 4933 2752 4934 2755 4934 2756 4934 2757 4935 2758 4935 2246 4935 2756 4936 2759 4936 2752 4936 2752 4937 2759 4937 2760 4937 2752 4938 2760 4938 2246 4938 2246 4939 2760 4939 2761 4939 2246 4940 2761 4940 2757 4940 2762 4941 2763 4941 2474 4941 2764 4942 2229 4942 2765 4942 2765 4943 2229 4943 2766 4943 2763 4944 2767 4944 2474 4944 2474 4945 2767 4945 2768 4945 2474 4946 2768 4946 2469 4946 2469 4947 2768 4947 2769 4947 2469 4948 2769 4948 2746 4948 2758 4949 2770 4949 2246 4949 2246 4950 2770 4950 2771 4950 2246 4951 2771 4951 2229 4951 2229 4952 2771 4952 2772 4952 2229 4953 2772 4953 2766 4953 2764 4954 2773 4954 2229 4954 2229 4955 2773 4955 2774 4955 2229 4956 2774 4956 2508 4956 2508 4957 2774 4957 2775 4957 2508 4958 2775 4958 2776 4958 2776 4959 2777 4959 2508 4959 2508 4960 2777 4960 2778 4960 2508 4961 2778 4961 2779 4961 2779 4962 2780 4962 2508 4962 2508 4963 2780 4963 2781 4963 2508 4964 2781 4964 2474 4964 2474 4965 2781 4965 2782 4965 2474 4966 2782 4966 2762 4966 2106 4967 2783 4967 2105 4967 2105 4968 2783 4968 2784 4968 2105 4969 2784 4969 2785 4969 2785 4970 2784 4970 2786 4970 2785 4971 2786 4971 2787 4971 2787 4972 2788 4972 2785 4972 2785 4973 2788 4973 2789 4973 2785 4974 2789 4974 2790 4974 2093 4975 2095 4975 2791 4975 2791 4976 2095 4976 2625 4976 2791 4977 2625 4977 2792 4977 2793 4978 2794 4978 2625 4978 2625 4979 2794 4979 2795 4979 2625 4980 2795 4980 2792 4980 2790 4981 2796 4981 2785 4981 2785 4982 2796 4982 2797 4982 2785 4983 2797 4983 2625 4983 2625 4984 2797 4984 2798 4984 2625 4985 2798 4985 2793 4985 2799 4986 2800 4986 2526 4986 2800 4987 2801 4987 2526 4987 2526 4988 2801 4988 2802 4988 2526 4989 2802 4989 2531 4989 2531 4990 2802 4990 2803 4990 2531 4991 2803 4991 2804 4991 2804 4992 2805 4992 2531 4992 2531 4993 2805 4993 2806 4993 2531 4994 2806 4994 2807 4994 2808 4995 2809 4995 2375 4995 2807 4996 2810 4996 2531 4996 2531 4997 2810 4997 2811 4997 2531 4998 2811 4998 2365 4998 2365 4999 2811 4999 2812 4999 2812 5000 2813 5000 2365 5000 2365 5001 2813 5001 2814 5001 2365 5002 2814 5002 2815 5002 2815 5003 2816 5003 2365 5003 2365 5004 2816 5004 2817 5004 2365 5005 2817 5005 2375 5005 2375 5006 2817 5006 2818 5006 2375 5007 2818 5007 2808 5007 2819 5008 2820 5008 2821 5008 2821 5009 2820 5009 2822 5009 2823 5010 2824 5010 2568 5010 2568 5011 2824 5011 2825 5011 2568 5012 2825 5012 2826 5012 2826 5013 2827 5013 2568 5013 2568 5014 2827 5014 2828 5014 2568 5015 2828 5015 2526 5015 2526 5016 2828 5016 2829 5016 2526 5017 2829 5017 2799 5017 2809 5018 2830 5018 2375 5018 2375 5019 2830 5019 2831 5019 2375 5020 2831 5020 2820 5020 2820 5021 2831 5021 2832 5021 2820 5022 2832 5022 2822 5022 2819 5023 2833 5023 2820 5023 2820 5024 2833 5024 2834 5024 2820 5025 2834 5025 2568 5025 2568 5026 2834 5026 2835 5026 2568 5027 2835 5027 2823 5027 2281 5028 2224 5028 2280 5028 2280 5029 2224 5029 2277 5029 2280 5030 2277 5030 2836 5030 2836 5031 2277 5031 2837 5031 2836 5032 2837 5032 2065 5032 2065 5033 2837 5033 2838 5033 2065 5034 2838 5034 2063 5034 2063 5035 2838 5035 2839 5035 2063 5036 2839 5036 2840 5036 2841 5037 2842 5037 2062 5037 2062 5038 2842 5038 2843 5038 2062 5039 2843 5039 2844 5039 2840 5040 2845 5040 2063 5040 2063 5041 2845 5041 2846 5041 2063 5042 2846 5042 2062 5042 2062 5043 2846 5043 2847 5043 2062 5044 2847 5044 2841 5044 2848 5045 2849 5045 2850 5045 2851 5046 2852 5046 2059 5046 2059 5047 2852 5047 2853 5047 2059 5048 2853 5048 2060 5048 2854 5049 2855 5049 2856 5049 2851 5050 2059 5050 2857 5050 2857 5051 2059 5051 2858 5051 2857 5052 2858 5052 2859 5052 2856 5053 2860 5053 2854 5053 2854 5054 2860 5054 2861 5054 2854 5055 2861 5055 2862 5055 2862 5056 2861 5056 2863 5056 2862 5057 2863 5057 2864 5057 2849 5058 2865 5058 2850 5058 2850 5059 2865 5059 2857 5059 2850 5060 2857 5060 2866 5060 2866 5061 2857 5061 2859 5061 2064 5062 2063 5062 2867 5062 2867 5063 2063 5063 2868 5063 2867 5064 2868 5064 2863 5064 2863 5065 2868 5065 2869 5065 2863 5066 2869 5066 2864 5066 2870 5067 2871 5067 2872 5067 2872 5068 2873 5068 2870 5068 2870 5069 2873 5069 2874 5069 2870 5070 2874 5070 2875 5070 2875 5071 2874 5071 2876 5071 2877 5072 2850 5072 2878 5072 2878 5073 2850 5073 2879 5073 2877 5074 2880 5074 2850 5074 2850 5075 2880 5075 2855 5075 2850 5076 2855 5076 2848 5076 2848 5077 2855 5077 2854 5077 2879 5078 2881 5078 2878 5078 2878 5079 2881 5079 2882 5079 2878 5080 2882 5080 2883 5080 2883 5081 2882 5081 2884 5081 2883 5082 2884 5082 2885 5082 2871 5083 2870 5083 2886 5083 2886 5084 2870 5084 2887 5084 2886 5085 2887 5085 2888 5085 2880 5086 2889 5086 2855 5086 2855 5087 2889 5087 2886 5087 2855 5088 2886 5088 2890 5088 2890 5089 2886 5089 2888 5089 2220 5090 2221 5090 2214 5090 2214 5091 2221 5091 2215 5091 2214 5092 2215 5092 2891 5092 2891 5093 2215 5093 2892 5093 2893 5094 2891 5094 2894 5094 2894 5095 2891 5095 2895 5095 2894 5096 2895 5096 2844 5096 2844 5097 2895 5097 2896 5097 2844 5098 2896 5098 2062 5098 2062 5099 2896 5099 2897 5099 2062 5100 2897 5100 2061 5100 2898 5101 2899 5101 2214 5101 2893 5102 2900 5102 2891 5102 2891 5103 2900 5103 2901 5103 2891 5104 2901 5104 2214 5104 2214 5105 2901 5105 2902 5105 2214 5106 2902 5106 2898 5106 2903 5107 2904 5107 2349 5107 2349 5108 2904 5108 2905 5108 2349 5109 2905 5109 2906 5109 2353 5110 2347 5110 2058 5110 2058 5111 2347 5111 2349 5111 2058 5112 2349 5112 2056 5112 2056 5113 2349 5113 2906 5113 2056 5114 2906 5114 2907 5114 2907 5115 2908 5115 2056 5115 2056 5116 2908 5116 2909 5116 2056 5117 2909 5117 2910 5117 2910 5118 2909 5118 2911 5118 2910 5119 2911 5119 2055 5119 2055 5120 2911 5120 2912 5120 2055 5121 2912 5121 2053 5121 2053 5122 2912 5122 2913 5122 2053 5123 2913 5123 2914 5123 2915 5124 2916 5124 2876 5124 2876 5125 2916 5125 2917 5125 2876 5126 2917 5126 2918 5126 2914 5127 2919 5127 2053 5127 2053 5128 2919 5128 2920 5128 2053 5129 2920 5129 2876 5129 2876 5130 2920 5130 2921 5130 2876 5131 2921 5131 2915 5131 2054 5132 2053 5132 2922 5132 2922 5133 2053 5133 2923 5133 2922 5134 2923 5134 2884 5134 2884 5135 2923 5135 2924 5135 2884 5136 2924 5136 2885 5136 2235 5137 2287 5137 2233 5137 2233 5138 2287 5138 2289 5138 2233 5139 2289 5139 2627 5139 2627 5140 2289 5140 2925 5140 2627 5141 2925 5141 2628 5141 2628 5142 2925 5142 2926 5142 2628 5143 2926 5143 2631 5143 2631 5144 2926 5144 2927 5144 2631 5145 2927 5145 2390 5145 2390 5146 2927 5146 2416 5146 2390 5147 2416 5147 2408 5147 2408 5148 2416 5148 2418 5148 2419 5149 2387 5149 2928 5149 2928 5150 2387 5150 2412 5150 2928 5151 2412 5151 2929 5151 2929 5152 2412 5152 2930 5152 2929 5153 2930 5153 2918 5153 2918 5154 2930 5154 2931 5154 2918 5155 2931 5155 2876 5155 2876 5156 2931 5156 2932 5156 2876 5157 2932 5157 2875 5157 2933 5158 2934 5158 2935 5158 2423 5159 2936 5159 2359 5159 2359 5160 2936 5160 2937 5160 2359 5161 2937 5161 2935 5161 2935 5162 2937 5162 2938 5162 2935 5163 2938 5163 2933 5163 2939 5164 2940 5164 2941 5164 2940 5165 2942 5165 2941 5165 2941 5166 2942 5166 2943 5166 2941 5167 2943 5167 2349 5167 2349 5168 2943 5168 2944 5168 2349 5169 2944 5169 2903 5169 2934 5170 2945 5170 2935 5170 2935 5171 2945 5171 2946 5171 2935 5172 2946 5172 2941 5172 2941 5173 2946 5173 2947 5173 2941 5174 2947 5174 2939 5174 2948 5175 2949 5175 2950 5175 2899 5176 2951 5176 2214 5176 2214 5177 2951 5177 2952 5177 2214 5178 2952 5178 2950 5178 2950 5179 2952 5179 2953 5179 2950 5180 2953 5180 2948 5180 2954 5181 2955 5181 2282 5181 2282 5182 2955 5182 2956 5182 2282 5183 2956 5183 2283 5183 2949 5184 2957 5184 2950 5184 2950 5185 2957 5185 2958 5185 2950 5186 2958 5186 2282 5186 2282 5187 2958 5187 2959 5187 2282 5188 2959 5188 2954 5188 2960 5189 2961 5189 2962 5189 2963 5190 2964 5190 2626 5190 2960 5191 2962 5191 2965 5191 2966 5192 2967 5192 2626 5192 2625 5193 2968 5193 2969 5193 2969 5194 2970 5194 2625 5194 2625 5195 2970 5195 2971 5195 2625 5196 2971 5196 2972 5196 2967 5197 2973 5197 2626 5197 2626 5198 2973 5198 2974 5198 2626 5199 2974 5199 2963 5199 2964 5200 2975 5200 2626 5200 2626 5201 2975 5201 2976 5201 2626 5202 2976 5202 2625 5202 2625 5203 2976 5203 2977 5203 2625 5204 2977 5204 2968 5204 2978 5205 2979 5205 2785 5205 2785 5206 2979 5206 2980 5206 2785 5207 2980 5207 2981 5207 2961 5208 2982 5208 2962 5208 2962 5209 2982 5209 2983 5209 2962 5210 2983 5210 2626 5210 2626 5211 2983 5211 2984 5211 2626 5212 2984 5212 2966 5212 2972 5213 2985 5213 2625 5213 2625 5214 2985 5214 2986 5214 2625 5215 2986 5215 2785 5215 2785 5216 2986 5216 2987 5216 2785 5217 2987 5217 2978 5217 2988 5218 2989 5218 2990 5218 2989 5219 2991 5219 2990 5219 2990 5220 2991 5220 2992 5220 2990 5221 2992 5221 2993 5221 2993 5222 2992 5222 2994 5222 2993 5223 2994 5223 2995 5223 2995 5224 2996 5224 2993 5224 2993 5225 2996 5225 2997 5225 2993 5226 2997 5226 2962 5226 2962 5227 2997 5227 2998 5227 2962 5228 2998 5228 2965 5228 2999 5229 3000 5229 2962 5229 3001 5230 3002 5230 2653 5230 2653 5231 3002 5231 3003 5231 3003 5232 3004 5232 2653 5232 2653 5233 3004 5233 3005 5233 2653 5234 3005 5234 3006 5234 2626 5235 3007 5235 3008 5235 3006 5236 3009 5236 2653 5236 2653 5237 3009 5237 3010 5237 2653 5238 3010 5238 2626 5238 2626 5239 3010 5239 3011 5239 2626 5240 3011 5240 3007 5240 2999 5241 2962 5241 3012 5241 2051 5242 3013 5242 2052 5242 2052 5243 3013 5243 3014 5243 2052 5244 3014 5244 3015 5244 3008 5245 3016 5245 2626 5245 2626 5246 3016 5246 3017 5246 2626 5247 3017 5247 3018 5247 3015 5248 3019 5248 2052 5248 2052 5249 3019 5249 3020 5249 2052 5250 3020 5250 2653 5250 2653 5251 3020 5251 3021 5251 2653 5252 3021 5252 3001 5252 3018 5253 3022 5253 2626 5253 2626 5254 3022 5254 3023 5254 2626 5255 3023 5255 2962 5255 2962 5256 3023 5256 3024 5256 2962 5257 3024 5257 3012 5257 2993 5258 3025 5258 3026 5258 3000 5259 3027 5259 2962 5259 2962 5260 3027 5260 3028 5260 2962 5261 3028 5261 2993 5261 2993 5262 3028 5262 3029 5262 2993 5263 3029 5263 3025 5263 3026 5264 3030 5264 2993 5264 2993 5265 3030 5265 3031 5265 2993 5266 3031 5266 3032 5266 3032 5267 3031 5267 3033 5267 2232 5268 3034 5268 2230 5268 2230 5269 3034 5269 3035 5269 2230 5270 3035 5270 2491 5270 2491 5271 3035 5271 3036 5271 2491 5272 3036 5272 2489 5272 3037 5273 3038 5273 2424 5273 2424 5274 3038 5274 3039 5274 2424 5275 3039 5275 3040 5275 3040 5276 3041 5276 2424 5276 2424 5277 3041 5277 3042 5277 2424 5278 3042 5278 3043 5278 2447 5279 3044 5279 3045 5279 3043 5280 3046 5280 2424 5280 2424 5281 3046 5281 3047 5281 2424 5282 3047 5282 2447 5282 2447 5283 3047 5283 3048 5283 2447 5284 3048 5284 3049 5284 3049 5285 3050 5285 2447 5285 2447 5286 3050 5286 3051 5286 2447 5287 3051 5287 3044 5287 3045 5288 3052 5288 2447 5288 2447 5289 3052 5289 3053 5289 2447 5290 3053 5290 3054 5290 3054 5291 3053 5291 3055 5291 3054 5292 3055 5292 3056 5292 3056 5293 3057 5293 3054 5293 3054 5294 3057 5294 2165 5294 3054 5295 2165 5295 3058 5295 3058 5296 2165 5296 2162 5296 3059 5297 3060 5297 2592 5297 3061 5298 3062 5298 2592 5298 3062 5299 3063 5299 2592 5299 2592 5300 3063 5300 3064 5300 2592 5301 3064 5301 3059 5301 3065 5302 3066 5302 2592 5302 2592 5303 3066 5303 3067 5303 2592 5304 3067 5304 3061 5304 3060 5305 3068 5305 2592 5305 2592 5306 3068 5306 3069 5306 2592 5307 3069 5307 2585 5307 2585 5308 3069 5308 3070 5308 2585 5309 3070 5309 3071 5309 3071 5310 3072 5310 2585 5310 2585 5311 3072 5311 3073 5311 2585 5312 3073 5312 3074 5312 3074 5313 3075 5313 2585 5313 2585 5314 3075 5314 3076 5314 2585 5315 3076 5315 2675 5315 2675 5316 3076 5316 3077 5316 2675 5317 3077 5317 2682 5317 2304 5318 3078 5318 2305 5318 2305 5319 3078 5319 3079 5319 2305 5320 3079 5320 3065 5320 3065 5321 3079 5321 3080 5321 3065 5322 3080 5322 3066 5322 2359 5323 3081 5323 2360 5323 2360 5324 3081 5324 2532 5324 2360 5325 2532 5325 3082 5325 3082 5326 2532 5326 2534 5326 3033 5327 2050 5327 3032 5327 3032 5328 2050 5328 2052 5328 3032 5329 2052 5329 3083 5329 3083 5330 2052 5330 2126 5330 3083 5331 2126 5331 2120 5331 2120 5332 2126 5332 2128 5332 2120 5333 2128 5333 2121 5333 2981 5334 2988 5334 2785 5334 2785 5335 2988 5335 2990 5335 2785 5336 2990 5336 2105 5336 2105 5337 2990 5337 3084 5337 2105 5338 3084 5338 2103 5338 2103 5339 3084 5339 3085 5339 2103 5340 3085 5340 3086 5340 3086 5341 3085 5341 3087 5341 3086 5342 3087 5342 3088 5342 2624 5343 3089 5343 2626 5343 2626 5344 3089 5344 3090 5344 2626 5345 3090 5345 2653 5345 2653 5346 3090 5346 2575 5346 2653 5347 2575 5347 2074 5347 2074 5348 2575 5348 2148 5348 2074 5349 2148 5349 2072 5349 2072 5350 2148 5350 2150 5350 2099 5351 2092 5351 2095 5351 2095 5352 2092 5352 2077 5352 2095 5353 2077 5353 2625 5353 2625 5354 2077 5354 2465 5354 2625 5355 2465 5355 2623 5355 2623 5356 2465 5356 2469 5356 2623 5357 2469 5357 3091 5357 3091 5358 2469 5358 2752 5358 3091 5359 2752 5359 3092 5359 3092 5360 2752 5360 3093 5360 3090 5361 3094 5361 2575 5361 2575 5362 3094 5362 3095 5362 2575 5363 3095 5363 2568 5363 2568 5364 3095 5364 2632 5364 2568 5365 2632 5365 2820 5365 2820 5366 2632 5366 2631 5366 2820 5367 2631 5367 2375 5367 2375 5368 2631 5368 2390 5368 2375 5369 2390 5369 2373 5369 2373 5370 2390 5370 2392 5370 2251 5371 2252 5371 2246 5371 2246 5372 2252 5372 2233 5372 2246 5373 2233 5373 2752 5373 2752 5374 2233 5374 2627 5374 2752 5375 2627 5375 3093 5375 3093 5376 2627 5376 2629 5376 2067 5377 2634 5377 2068 5377 2068 5378 2634 5378 3096 5378 2068 5379 3096 5379 3097 5379 3097 5380 3096 5380 3098 5380 3097 5381 3098 5381 3099 5381 2066 5382 2068 5382 2637 5382 2637 5383 2068 5383 3097 5383 2637 5384 3097 5384 3100 5384 3100 5385 3097 5385 3099 5385 3100 5386 3099 5386 3101 5386 2669 5387 2308 5387 2635 5387 2635 5388 2308 5388 2315 5388 2635 5389 2315 5389 2634 5389 2634 5390 2315 5390 2058 5390 2634 5391 2058 5391 3096 5391 3096 5392 2058 5392 2057 5392 3096 5393 2057 5393 3098 5393 2708 5394 2638 5394 2198 5394 2198 5395 2638 5395 2637 5395 2198 5396 2637 5396 2178 5396 2178 5397 2637 5397 3100 5397 2178 5398 3100 5398 2215 5398 2215 5399 3100 5399 3101 5399 2215 5400 3101 5400 2892 5400 2583 5401 2585 5401 2611 5401 2611 5402 2585 5402 2675 5402 2611 5403 2675 5403 2697 5403 2697 5404 2675 5404 2677 5404 2697 5405 2677 5405 2695 5405 2731 5406 3037 5406 2722 5406 2722 5407 3037 5407 2424 5407 2722 5408 2424 5408 2639 5408 2639 5409 2424 5409 2426 5409 2639 5410 2426 5410 2640 5410 2640 5411 2426 5411 2641 5411 2633 5412 3102 5412 2635 5412 2635 5413 3102 5413 3103 5413 2635 5414 3103 5414 2697 5414 2697 5415 3103 5415 3104 5415 2697 5416 3104 5416 2611 5416 2611 5417 3104 5417 2648 5417 2611 5418 2648 5418 2609 5418 2609 5419 2648 5419 2647 5419 2609 5420 2647 5420 2071 5420 2071 5421 2647 5421 2152 5421 2071 5422 2152 5422 2151 5422 2151 5423 2152 5423 2154 5423 1047 5424 2649 5424 2078 5424 2078 5425 2649 5425 2431 5425 2078 5426 2431 5426 2089 5426 2089 5427 2431 5427 2433 5427 2089 5428 2433 5428 2441 5428 3105 5429 3106 5429 2647 5429 3107 5430 3108 5430 2643 5430 2643 5431 3108 5431 3109 5431 2643 5432 3109 5432 3110 5432 3110 5433 3111 5433 2643 5433 2643 5434 3111 5434 3112 5434 2643 5435 3112 5435 3113 5435 3105 5436 2647 5436 3114 5436 3115 5437 3116 5437 3117 5437 3117 5438 3116 5438 2668 5438 3117 5439 2668 5439 3118 5439 3118 5440 2668 5440 3119 5440 3115 5441 3120 5441 3116 5441 3116 5442 3120 5442 3121 5442 3116 5443 3121 5443 3122 5443 3113 5444 3123 5444 2643 5444 2643 5445 3123 5445 3124 5445 2643 5446 3124 5446 2647 5446 2647 5447 3124 5447 3125 5447 2647 5448 3125 5448 3114 5448 3126 5449 3127 5449 2668 5449 3122 5450 3128 5450 3116 5450 3116 5451 3128 5451 3129 5451 3116 5452 3129 5452 3130 5452 3127 5453 3131 5453 2668 5453 2668 5454 3131 5454 3132 5454 2668 5455 3132 5455 3119 5455 3130 5456 3133 5456 3116 5456 3116 5457 3133 5457 3134 5457 3116 5458 3134 5458 2643 5458 2643 5459 3134 5459 3135 5459 2643 5460 3135 5460 3107 5460 3106 5461 3136 5461 2647 5461 2647 5462 3136 5462 3137 5462 2647 5463 3137 5463 3138 5463 3138 5464 3139 5464 2647 5464 2647 5465 3139 5465 3140 5465 2647 5466 3140 5466 2668 5466 2668 5467 3140 5467 3141 5467 2668 5468 3141 5468 3126 5468 3142 5469 3143 5469 2649 5469 2649 5470 3143 5470 3144 5470 3145 5471 3146 5471 2649 5471 2649 5472 3146 5472 3147 5472 2649 5473 3147 5473 3142 5473 2642 5474 2431 5474 2645 5474 2645 5475 2431 5475 2649 5475 2645 5476 2649 5476 2643 5476 2643 5477 2649 5477 3144 5477 2643 5478 3144 5478 3148 5478 3149 5479 3150 5479 3116 5479 3116 5480 3150 5480 3151 5480 3152 5481 3153 5481 2650 5481 2650 5482 3153 5482 3154 5482 2650 5483 3154 5483 3155 5483 3156 5484 3157 5484 2649 5484 2649 5485 3157 5485 3158 5485 2649 5486 3158 5486 3145 5486 3159 5487 3160 5487 3116 5487 3151 5488 3161 5488 3116 5488 3116 5489 3161 5489 3162 5489 3116 5490 3162 5490 2650 5490 2650 5491 3162 5491 3163 5491 2650 5492 3163 5492 3152 5492 3155 5493 3164 5493 2650 5493 2650 5494 3164 5494 3165 5494 2650 5495 3165 5495 2649 5495 2649 5496 3165 5496 3166 5496 2649 5497 3166 5497 3156 5497 3148 5498 3167 5498 2643 5498 2643 5499 3167 5499 3168 5499 2643 5500 3168 5500 3169 5500 3160 5501 3170 5501 3116 5501 3116 5502 3170 5502 3171 5502 3116 5503 3171 5503 3149 5503 3169 5504 3172 5504 2643 5504 2643 5505 3172 5505 3173 5505 2643 5506 3173 5506 3174 5506 3174 5507 3175 5507 2643 5507 2643 5508 3175 5508 3176 5508 2643 5509 3176 5509 3116 5509 3116 5510 3176 5510 3177 5510 3116 5511 3177 5511 3159 5511 3178 5512 3179 5512 3180 5512 3181 5513 3182 5513 3183 5513 3184 5514 3185 5514 3186 5514 3187 5515 3188 5515 3189 5515 3190 5516 3191 5516 3192 5516 3193 5517 3194 5517 3195 5517 3196 5518 3197 5518 3198 5518 3199 5519 3200 5519 3201 5519 3202 5520 3203 5520 3204 5520 3205 5521 3206 5521 3207 5521 3205 5522 3207 5522 3208 5522 3206 5523 3209 5523 3207 5523 3207 5524 3209 5524 3210 5524 3207 5525 3210 5525 3211 5525 3212 5526 3213 5526 3214 5526 3214 5527 3213 5527 3215 5527 3214 5528 3215 5528 3216 5528 3212 5529 3214 5529 3217 5529 3217 5530 3214 5530 3218 5530 3217 5531 3218 5531 3219 5531 3220 5532 3221 5532 3222 5532 3223 5533 3224 5533 3225 5533 3225 5534 3224 5534 3226 5534 3225 5535 3226 5535 3227 5535 3228 5536 3229 5536 3222 5536 3230 5537 3231 5537 3232 5537 3232 5538 3231 5538 3233 5538 3232 5539 3233 5539 3234 5539 3234 5540 3235 5540 3232 5540 3232 5541 3235 5541 3236 5541 3232 5542 3236 5542 3237 5542 3229 5543 3238 5543 3225 5543 3225 5544 3238 5544 3239 5544 3225 5545 3239 5545 3240 5545 3221 5546 3241 5546 3222 5546 3222 5547 3241 5547 3242 5547 3222 5548 3242 5548 3243 5548 3240 5549 3244 5549 3225 5549 3225 5550 3244 5550 3245 5550 3225 5551 3245 5551 3223 5551 3243 5552 3246 5552 3222 5552 3222 5553 3246 5553 3247 5553 3222 5554 3247 5554 3228 5554 3202 5555 3204 5555 3248 5555 3249 5556 3250 5556 3251 5556 3251 5557 3250 5557 3252 5557 3249 5558 3253 5558 3250 5558 3250 5559 3253 5559 3254 5559 3250 5560 3254 5560 3255 5560 3256 5561 3257 5561 3258 5561 3259 5562 3260 5562 3256 5562 3256 5563 3260 5563 3261 5563 3262 5564 3204 5564 3263 5564 3263 5565 3204 5565 3256 5565 3263 5566 3256 5566 3264 5566 3264 5567 3256 5567 3258 5567 3262 5568 3265 5568 3204 5568 3204 5569 3265 5569 3266 5569 3204 5570 3266 5570 3267 5570 3261 5571 3268 5571 3256 5571 3256 5572 3268 5572 3269 5572 3256 5573 3269 5573 3257 5573 3267 5574 3270 5574 3204 5574 3204 5575 3270 5575 3271 5575 3204 5576 3271 5576 3248 5576 3272 5577 3273 5577 3274 5577 3275 5578 3276 5578 3277 5578 3277 5579 3276 5579 3278 5579 3279 5580 3280 5580 3281 5580 3278 5581 3282 5581 3277 5581 3277 5582 3282 5582 3283 5582 3277 5583 3283 5583 3284 5583 3274 5584 3285 5584 3277 5584 3277 5585 3285 5585 3286 5585 3277 5586 3286 5586 3275 5586 3279 5587 3281 5587 3273 5587 3273 5588 3281 5588 3287 5588 3273 5589 3287 5589 3274 5589 3274 5590 3287 5590 3288 5590 3274 5591 3288 5591 3289 5591 3289 5592 3290 5592 3274 5592 3274 5593 3290 5593 3291 5593 3274 5594 3291 5594 3292 5594 3292 5595 3293 5595 3274 5595 3274 5596 3293 5596 3294 5596 3274 5597 3294 5597 3285 5597 3295 5598 3296 5598 3274 5598 3274 5599 3296 5599 3297 5599 3297 5600 3298 5600 3274 5600 3274 5601 3298 5601 3299 5601 3274 5602 3299 5602 3272 5602 3300 5603 3301 5603 3302 5603 3302 5604 3301 5604 3303 5604 3302 5605 3303 5605 3274 5605 3295 5606 3274 5606 3304 5606 3304 5607 3274 5607 3303 5607 3304 5608 3303 5608 3305 5608 3305 5609 3303 5609 3203 5609 3203 5610 3303 5610 3306 5610 3203 5611 3306 5611 3204 5611 3307 5612 3308 5612 3309 5612 3310 5613 3311 5613 3312 5613 3312 5614 3311 5614 3313 5614 3310 5615 3314 5615 3311 5615 3311 5616 3314 5616 3315 5616 3311 5617 3315 5617 3316 5617 3317 5618 3318 5618 3319 5618 3319 5619 3318 5619 3320 5619 3319 5620 3320 5620 3321 5620 3316 5621 3322 5621 3311 5621 3311 5622 3322 5622 3323 5622 3311 5623 3323 5623 3324 5623 3309 5624 3325 5624 3326 5624 3321 5625 3327 5625 3319 5625 3319 5626 3327 5626 3328 5626 3319 5627 3328 5627 3329 5627 3326 5628 3330 5628 3309 5628 3309 5629 3330 5629 3331 5629 3309 5630 3331 5630 3307 5630 3332 5631 3333 5631 3334 5631 3335 5632 3336 5632 3337 5632 3338 5633 3333 5633 3339 5633 3339 5634 3333 5634 3340 5634 3338 5635 3341 5635 3333 5635 3333 5636 3341 5636 3342 5636 3333 5637 3342 5637 3334 5637 3343 5638 3344 5638 3345 5638 3346 5639 3347 5639 3333 5639 3346 5640 3333 5640 3348 5640 3344 5641 3349 5641 3345 5641 3345 5642 3349 5642 3350 5642 3345 5643 3350 5643 3351 5643 3352 5644 3353 5644 3333 5644 3333 5645 3353 5645 3354 5645 3333 5646 3354 5646 3340 5646 3340 5647 3354 5647 3355 5647 3340 5648 3355 5648 3356 5648 3351 5649 3357 5649 3345 5649 3345 5650 3357 5650 3358 5650 3345 5651 3358 5651 3359 5651 3347 5652 3360 5652 3333 5652 3333 5653 3360 5653 3361 5653 3333 5654 3361 5654 3352 5654 3362 5655 3363 5655 3364 5655 3364 5656 3363 5656 3365 5656 3362 5657 3366 5657 3363 5657 3363 5658 3366 5658 3367 5658 3363 5659 3367 5659 3355 5659 3355 5660 3367 5660 3368 5660 3355 5661 3368 5661 3356 5661 3369 5662 3370 5662 3371 5662 3371 5663 3370 5663 3372 5663 3371 5664 3372 5664 3373 5664 3373 5665 3372 5665 3374 5665 3373 5666 3374 5666 3375 5666 3376 5667 3377 5667 3180 5667 3180 5668 3377 5668 3378 5668 3379 5669 3380 5669 3180 5669 3180 5670 3380 5670 3381 5670 3180 5671 3381 5671 3382 5671 3383 5672 3384 5672 3385 5672 3386 5673 3383 5673 3387 5673 3387 5674 3383 5674 3388 5674 3382 5675 3389 5675 3180 5675 3180 5676 3389 5676 3390 5676 3180 5677 3390 5677 3376 5677 3385 5678 3391 5678 3383 5678 3383 5679 3391 5679 3392 5679 3383 5680 3392 5680 3388 5680 3393 5681 3394 5681 3395 5681 3395 5682 3394 5682 3396 5682 3395 5683 3396 5683 3397 5683 3397 5684 3398 5684 3395 5684 3395 5685 3398 5685 3399 5685 3395 5686 3399 5686 3400 5686 3401 5687 3402 5687 3403 5687 3403 5688 3402 5688 3379 5688 3403 5689 3379 5689 3404 5689 3199 5690 3201 5690 3403 5690 3403 5691 3201 5691 3405 5691 3403 5692 3405 5692 3401 5692 3406 5693 3407 5693 3405 5693 3405 5694 3407 5694 3408 5694 3405 5695 3408 5695 3409 5695 3409 5696 3410 5696 3405 5696 3405 5697 3410 5697 3411 5697 3405 5698 3411 5698 3401 5698 3412 5699 3413 5699 3414 5699 3413 5700 3415 5700 3414 5700 3414 5701 3415 5701 3416 5701 3414 5702 3416 5702 3417 5702 3418 5703 3419 5703 3420 5703 3420 5704 3419 5704 3421 5704 3420 5705 3421 5705 3412 5705 3422 5706 3423 5706 3195 5706 3195 5707 3423 5707 3424 5707 3195 5708 3424 5708 3193 5708 3425 5709 3426 5709 3427 5709 3427 5710 3426 5710 3428 5710 3427 5711 3428 5711 3195 5711 3195 5712 3428 5712 3429 5712 3195 5713 3429 5713 3422 5713 3425 5714 3427 5714 3430 5714 3430 5715 3427 5715 3431 5715 3430 5716 3431 5716 3432 5716 3433 5717 3434 5717 3435 5717 3435 5718 3434 5718 3436 5718 3437 5719 3438 5719 3435 5719 3435 5720 3438 5720 3439 5720 3439 5721 3440 5721 3435 5721 3435 5722 3440 5722 3441 5722 3435 5723 3441 5723 3442 5723 3442 5724 3443 5724 3435 5724 3435 5725 3443 5725 3444 5725 3435 5726 3444 5726 3433 5726 3192 5727 3445 5727 3446 5727 3447 5728 3448 5728 3192 5728 3192 5729 3448 5729 3449 5729 3192 5730 3449 5730 3190 5730 3446 5731 3450 5731 3192 5731 3192 5732 3450 5732 3451 5732 3192 5733 3451 5733 3447 5733 3445 5734 3192 5734 3452 5734 3452 5735 3192 5735 3453 5735 3452 5736 3453 5736 3454 5736 3455 5737 3456 5737 3457 5737 3457 5738 3456 5738 3458 5738 3458 5739 3456 5739 3459 5739 3458 5740 3459 5740 3460 5740 3460 5741 3459 5741 3461 5741 3460 5742 3461 5742 3462 5742 3463 5743 3464 5743 3465 5743 3465 5744 3464 5744 3466 5744 3465 5745 3466 5745 3467 5745 3467 5746 3466 5746 3468 5746 3467 5747 3468 5747 3469 5747 3469 5748 3470 5748 3471 5748 3471 5749 3470 5749 3472 5749 3471 5750 3472 5750 3473 5750 3473 5751 3472 5751 3474 5751 3473 5752 3474 5752 3475 5752 3475 5753 3474 5753 3476 5753 3475 5754 3476 5754 3477 5754 3478 5755 3479 5755 3480 5755 3481 5756 3482 5756 3483 5756 3483 5757 3482 5757 3484 5757 3483 5758 3484 5758 3480 5758 3480 5759 3484 5759 3485 5759 3480 5760 3485 5760 3478 5760 3479 5761 3478 5761 3486 5761 3486 5762 3478 5762 3487 5762 3486 5763 3487 5763 3488 5763 3488 5764 3489 5764 3490 5764 3490 5765 3489 5765 3491 5765 3490 5766 3491 5766 3492 5766 3492 5767 3491 5767 3493 5767 3492 5768 3493 5768 3494 5768 3494 5769 3493 5769 3495 5769 3494 5770 3495 5770 3496 5770 3496 5771 3495 5771 3497 5771 3496 5772 3497 5772 3498 5772 3498 5773 3497 5773 3179 5773 3498 5774 3179 5774 3499 5774 3499 5775 3179 5775 3178 5775 3499 5776 3178 5776 3481 5776 3500 5777 3501 5777 3502 5777 3503 5778 3504 5778 3505 5778 3506 5779 3507 5779 3508 5779 3508 5780 3507 5780 3509 5780 3508 5781 3509 5781 3510 5781 3510 5782 3509 5782 3511 5782 3510 5783 3511 5783 3512 5783 3502 5784 3501 5784 3513 5784 3500 5785 3502 5785 3511 5785 3511 5786 3502 5786 3514 5786 3511 5787 3514 5787 3512 5787 3501 5788 3515 5788 3513 5788 3513 5789 3515 5789 3516 5789 3513 5790 3516 5790 3517 5790 3517 5791 3516 5791 3518 5791 3504 5792 3503 5792 3516 5792 3516 5793 3503 5793 3519 5793 3516 5794 3519 5794 3518 5794 3505 5795 3520 5795 3503 5795 3503 5796 3520 5796 3521 5796 3503 5797 3521 5797 3522 5797 3522 5798 3521 5798 3523 5798 3522 5799 3523 5799 3524 5799 3506 5800 3508 5800 3525 5800 3525 5801 3508 5801 3526 5801 3525 5802 3526 5802 3527 5802 3527 5803 3528 5803 3523 5803 3523 5804 3528 5804 3201 5804 3523 5805 3201 5805 3524 5805 3524 5806 3201 5806 3200 5806 3529 5807 3530 5807 3332 5807 3332 5808 3530 5808 3531 5808 3332 5809 3531 5809 3532 5809 3532 5810 3531 5810 3533 5810 3534 5811 3535 5811 3536 5811 3536 5812 3535 5812 3537 5812 3536 5813 3537 5813 3538 5813 3538 5814 3537 5814 3539 5814 3538 5815 3539 5815 3540 5815 3540 5816 3539 5816 3529 5816 3540 5817 3529 5817 3337 5817 3337 5818 3529 5818 3332 5818 3337 5819 3332 5819 3335 5819 3335 5820 3332 5820 3334 5820 3526 5821 3541 5821 3527 5821 3527 5822 3541 5822 3542 5822 3527 5823 3542 5823 3528 5823 3528 5824 3542 5824 3543 5824 3528 5825 3543 5825 3218 5825 3218 5826 3543 5826 3544 5826 3218 5827 3544 5827 3534 5827 3534 5828 3544 5828 3545 5828 3534 5829 3545 5829 3535 5829 3546 5830 3547 5830 3548 5830 3549 5831 3550 5831 3551 5831 3548 5832 3547 5832 3552 5832 3552 5833 3547 5833 3553 5833 3552 5834 3553 5834 3554 5834 3555 5835 3556 5835 3502 5835 3502 5836 3556 5836 3557 5836 3502 5837 3557 5837 3558 5837 3558 5838 3557 5838 3559 5838 3551 5839 3560 5839 3549 5839 3549 5840 3560 5840 3561 5840 3549 5841 3561 5841 3562 5841 3562 5842 3561 5842 3563 5842 3562 5843 3563 5843 3564 5843 3555 5844 3502 5844 3565 5844 3565 5845 3502 5845 3513 5845 3565 5846 3513 5846 3553 5846 3553 5847 3513 5847 3566 5847 3553 5848 3566 5848 3554 5848 3550 5849 3549 5849 3557 5849 3557 5850 3549 5850 3567 5850 3557 5851 3567 5851 3559 5851 3568 5852 3300 5852 3569 5852 3569 5853 3300 5853 3302 5853 3569 5854 3302 5854 3563 5854 3563 5855 3302 5855 3532 5855 3563 5856 3532 5856 3564 5856 3564 5857 3532 5857 3533 5857 3379 5858 3180 5858 3404 5858 3404 5859 3180 5859 3179 5859 3404 5860 3179 5860 3570 5860 3570 5861 3179 5861 3497 5861 3570 5862 3497 5862 3571 5862 3571 5863 3497 5863 3495 5863 3571 5864 3495 5864 3572 5864 3568 5865 3569 5865 3573 5865 3573 5866 3569 5866 3574 5866 3573 5867 3574 5867 3548 5867 3548 5868 3574 5868 3575 5868 3548 5869 3575 5869 3546 5869 3576 5870 3577 5870 3578 5870 3579 5871 3580 5871 3581 5871 3581 5872 3580 5872 3582 5872 3579 5873 3583 5873 3580 5873 3580 5874 3583 5874 3584 5874 3580 5875 3584 5875 3578 5875 3578 5876 3584 5876 3585 5876 3578 5877 3585 5877 3576 5877 3582 5878 3580 5878 3586 5878 3586 5879 3580 5879 3587 5879 3586 5880 3587 5880 3588 5880 3589 5881 3590 5881 3332 5881 3332 5882 3590 5882 3591 5882 3592 5883 3593 5883 3587 5883 3587 5884 3593 5884 3594 5884 3587 5885 3594 5885 3588 5885 3595 5886 3596 5886 3532 5886 3596 5887 3597 5887 3532 5887 3532 5888 3597 5888 3598 5888 3532 5889 3598 5889 3332 5889 3332 5890 3598 5890 3599 5890 3332 5891 3599 5891 3589 5891 3302 5892 3600 5892 3601 5892 3601 5893 3602 5893 3302 5893 3302 5894 3602 5894 3603 5894 3302 5895 3603 5895 3532 5895 3532 5896 3603 5896 3604 5896 3532 5897 3604 5897 3595 5897 3605 5898 3606 5898 3274 5898 3577 5899 3607 5899 3578 5899 3578 5900 3607 5900 3608 5900 3578 5901 3608 5901 3277 5901 3277 5902 3608 5902 3609 5902 3277 5903 3609 5903 3610 5903 3606 5904 3611 5904 3274 5904 3274 5905 3611 5905 3612 5905 3274 5906 3612 5906 3302 5906 3302 5907 3612 5907 3613 5907 3302 5908 3613 5908 3600 5908 3610 5909 3614 5909 3277 5909 3277 5910 3614 5910 3615 5910 3277 5911 3615 5911 3274 5911 3274 5912 3615 5912 3616 5912 3274 5913 3616 5913 3605 5913 3617 5914 3618 5914 3619 5914 3620 5915 3621 5915 3622 5915 3621 5916 3623 5916 3622 5916 3622 5917 3623 5917 3624 5917 3622 5918 3624 5918 3619 5918 3619 5919 3624 5919 3625 5919 3619 5920 3625 5920 3617 5920 3626 5921 3627 5921 3628 5921 3628 5922 3627 5922 3629 5922 3628 5923 3629 5923 3622 5923 3622 5924 3629 5924 3630 5924 3622 5925 3630 5925 3620 5925 3631 5926 3632 5926 3633 5926 3634 5927 3635 5927 3628 5927 3628 5928 3635 5928 3636 5928 3628 5929 3636 5929 3626 5929 3637 5930 3638 5930 3639 5930 3638 5931 3640 5931 3639 5931 3639 5932 3640 5932 3641 5932 3639 5933 3641 5933 3631 5933 3631 5934 3641 5934 3642 5934 3631 5935 3642 5935 3632 5935 3643 5936 3644 5936 3645 5936 3645 5937 3644 5937 3646 5937 3646 5938 3647 5938 3645 5938 3645 5939 3647 5939 3648 5939 3645 5940 3648 5940 3639 5940 3639 5941 3648 5941 3649 5941 3639 5942 3649 5942 3637 5942 3618 5943 3650 5943 3619 5943 3619 5944 3650 5944 3651 5944 3619 5945 3651 5945 3373 5945 3373 5946 3651 5946 3652 5946 3373 5947 3652 5947 3653 5947 3643 5948 3645 5948 3654 5948 3654 5949 3645 5949 3655 5949 3654 5950 3655 5950 3656 5950 3657 5951 3658 5951 3655 5951 3655 5952 3658 5952 3659 5952 3655 5953 3659 5953 3656 5953 3653 5954 3660 5954 3373 5954 3373 5955 3660 5955 3661 5955 3373 5956 3661 5956 3657 5956 3662 5957 3663 5957 3664 5957 3665 5958 3666 5958 3485 5958 3485 5959 3666 5959 3667 5959 3485 5960 3667 5960 3668 5960 3478 5961 3669 5961 3670 5961 3671 5962 3672 5962 3673 5962 3673 5963 3672 5963 3674 5963 3668 5964 3675 5964 3485 5964 3485 5965 3675 5965 3676 5965 3485 5966 3676 5966 3478 5966 3478 5967 3676 5967 3677 5967 3478 5968 3677 5968 3669 5968 3670 5969 3678 5969 3478 5969 3478 5970 3678 5970 3679 5970 3478 5971 3679 5971 3680 5971 3681 5972 3682 5972 3485 5972 3663 5973 3683 5973 3664 5973 3664 5974 3683 5974 3684 5974 3664 5975 3684 5975 3681 5975 3682 5976 3685 5976 3485 5976 3485 5977 3685 5977 3686 5977 3485 5978 3686 5978 3665 5978 3680 5979 3687 5979 3478 5979 3478 5980 3687 5980 3688 5980 3478 5981 3688 5981 3673 5981 3673 5982 3688 5982 3689 5982 3673 5983 3689 5983 3671 5983 3690 5984 3691 5984 3692 5984 3674 5985 3693 5985 3673 5985 3673 5986 3693 5986 3694 5986 3673 5987 3694 5987 3690 5987 3690 5988 3694 5988 3695 5988 3690 5989 3695 5989 3691 5989 3692 5990 3696 5990 3690 5990 3690 5991 3696 5991 3697 5991 3690 5992 3697 5992 3698 5992 3697 5993 3699 5993 3698 5993 3698 5994 3699 5994 3700 5994 3698 5995 3700 5995 3664 5995 3664 5996 3700 5996 3701 5996 3664 5997 3701 5997 3662 5997 3702 5998 3703 5998 3478 5998 3487 5999 3704 5999 3705 5999 3705 6000 3706 6000 3487 6000 3487 6001 3706 6001 3707 6001 3487 6002 3707 6002 3708 6002 3709 6003 3710 6003 3711 6003 3712 6004 3713 6004 3673 6004 3673 6005 3713 6005 3714 6005 3478 6006 3715 6006 3716 6006 3703 6007 3717 6007 3478 6007 3478 6008 3717 6008 3718 6008 3478 6009 3718 6009 3487 6009 3487 6010 3718 6010 3719 6010 3487 6011 3719 6011 3704 6011 3716 6012 3720 6012 3478 6012 3478 6013 3720 6013 3721 6013 3478 6014 3721 6014 3702 6014 3710 6015 3722 6015 3711 6015 3711 6016 3722 6016 3723 6016 3711 6017 3723 6017 3724 6017 3714 6018 3725 6018 3673 6018 3673 6019 3725 6019 3726 6019 3673 6020 3726 6020 3478 6020 3478 6021 3726 6021 3727 6021 3478 6022 3727 6022 3715 6022 3708 6023 3728 6023 3487 6023 3487 6024 3728 6024 3729 6024 3487 6025 3729 6025 3711 6025 3711 6026 3729 6026 3730 6026 3711 6027 3730 6027 3709 6027 3724 6028 3731 6028 3732 6028 3731 6029 3733 6029 3732 6029 3732 6030 3733 6030 3734 6030 3732 6031 3734 6031 3690 6031 3690 6032 3734 6032 3735 6032 3690 6033 3735 6033 3736 6033 3736 6034 3737 6034 3690 6034 3690 6035 3737 6035 3738 6035 3690 6036 3738 6036 3673 6036 3673 6037 3738 6037 3739 6037 3673 6038 3739 6038 3712 6038 3740 6039 3741 6039 3431 6039 3742 6040 3743 6040 3744 6040 3432 6041 3431 6041 3742 6041 3742 6042 3431 6042 3745 6042 3742 6043 3745 6043 3743 6043 3746 6044 3747 6044 3748 6044 3748 6045 3747 6045 3749 6045 3748 6046 3749 6046 3431 6046 3431 6047 3749 6047 3750 6047 3431 6048 3750 6048 3740 6048 3741 6049 3751 6049 3431 6049 3431 6050 3751 6050 3752 6050 3431 6051 3752 6051 3745 6051 3744 6052 3753 6052 3742 6052 3742 6053 3753 6053 3754 6053 3742 6054 3754 6054 3755 6054 3755 6055 3756 6055 3742 6055 3742 6056 3756 6056 3757 6056 3742 6057 3757 6057 3758 6057 3758 6058 3757 6058 3759 6058 3758 6059 3759 6059 3760 6059 3761 6060 3373 6060 3762 6060 3762 6061 3373 6061 3763 6061 3761 6062 3764 6062 3373 6062 3373 6063 3764 6063 3765 6063 3373 6064 3765 6064 3766 6064 3373 6065 3767 6065 3371 6065 3371 6066 3767 6066 3768 6066 3371 6067 3768 6067 3748 6067 3748 6068 3768 6068 3769 6068 3748 6069 3769 6069 3746 6069 3766 6070 3770 6070 3373 6070 3373 6071 3770 6071 3771 6071 3373 6072 3771 6072 3767 6072 3657 6073 3655 6073 3373 6073 3373 6074 3655 6074 3772 6074 3373 6075 3772 6075 3763 6075 3773 6076 3655 6076 3774 6076 3774 6077 3655 6077 3775 6077 3773 6078 3776 6078 3655 6078 3655 6079 3776 6079 3777 6079 3655 6080 3777 6080 3778 6080 3778 6081 3779 6081 3655 6081 3655 6082 3779 6082 3780 6082 3655 6083 3780 6083 3772 6083 3760 6084 3781 6084 3758 6084 3758 6085 3781 6085 3782 6085 3758 6086 3782 6086 3783 6086 3783 6087 3782 6087 3784 6087 3783 6088 3784 6088 3655 6088 3655 6089 3784 6089 3785 6089 3655 6090 3785 6090 3775 6090 3786 6091 3787 6091 3207 6091 3788 6092 3789 6092 3790 6092 3790 6093 3791 6093 3788 6093 3788 6094 3791 6094 3792 6094 3788 6095 3792 6095 3793 6095 3787 6096 3794 6096 3207 6096 3207 6097 3794 6097 3795 6097 3207 6098 3795 6098 3796 6098 3796 6099 3797 6099 3207 6099 3207 6100 3797 6100 3798 6100 3207 6101 3798 6101 3799 6101 3793 6102 3800 6102 3788 6102 3788 6103 3800 6103 3801 6103 3788 6104 3801 6104 3802 6104 3189 6105 3188 6105 3211 6105 3211 6106 3188 6106 3803 6106 3211 6107 3803 6107 3207 6107 3207 6108 3803 6108 3804 6108 3207 6109 3804 6109 3786 6109 3805 6110 3806 6110 3807 6110 3808 6111 3809 6111 3810 6111 3811 6112 3812 6112 3813 6112 3813 6113 3812 6113 3814 6113 3810 6114 3815 6114 3816 6114 3809 6115 3817 6115 3810 6115 3810 6116 3817 6116 3818 6116 3810 6117 3818 6117 3815 6117 3807 6118 3806 6118 3813 6118 3813 6119 3806 6119 3819 6119 3813 6120 3819 6120 3811 6120 3814 6121 3820 6121 3813 6121 3813 6122 3820 6122 3821 6122 3813 6123 3821 6123 3822 6123 3816 6124 3823 6124 3810 6124 3810 6125 3823 6125 3824 6125 3810 6126 3824 6126 3189 6126 3189 6127 3824 6127 3825 6127 3189 6128 3825 6128 3187 6128 3802 6129 3826 6129 3788 6129 3788 6130 3826 6130 3827 6130 3788 6131 3827 6131 3828 6131 3828 6132 3827 6132 3829 6132 3828 6133 3829 6133 3807 6133 3807 6134 3829 6134 3830 6134 3807 6135 3830 6135 3805 6135 3186 6136 3185 6136 3831 6136 3831 6137 3185 6137 3832 6137 3831 6138 3832 6138 3345 6138 3345 6139 3832 6139 3833 6139 3345 6140 3833 6140 3343 6140 3834 6141 3835 6141 3836 6141 3837 6142 3838 6142 3839 6142 3839 6143 3838 6143 3840 6143 3840 6144 3841 6144 3839 6144 3839 6145 3841 6145 3842 6145 3839 6146 3842 6146 3843 6146 3844 6147 3845 6147 3846 6147 3846 6148 3845 6148 3847 6148 3843 6149 3848 6149 3839 6149 3839 6150 3848 6150 3849 6150 3839 6151 3849 6151 3186 6151 3186 6152 3849 6152 3850 6152 3186 6153 3850 6153 3184 6153 3836 6154 3835 6154 3846 6154 3846 6155 3835 6155 3851 6155 3846 6156 3851 6156 3844 6156 3847 6157 3852 6157 3846 6157 3846 6158 3852 6158 3853 6158 3846 6159 3853 6159 3854 6159 3329 6160 3364 6160 3319 6160 3319 6161 3364 6161 3365 6161 3319 6162 3365 6162 3836 6162 3836 6163 3365 6163 3855 6163 3836 6164 3855 6164 3834 6164 3856 6165 3857 6165 3858 6165 3858 6166 3857 6166 3859 6166 3858 6167 3859 6167 3197 6167 3197 6168 3859 6168 3860 6168 3197 6169 3860 6169 3861 6169 3862 6170 3198 6170 3863 6170 3863 6171 3198 6171 3197 6171 3863 6172 3197 6172 3864 6172 3864 6173 3197 6173 3865 6173 3861 6174 3866 6174 3197 6174 3197 6175 3866 6175 3867 6175 3197 6176 3867 6176 3865 6176 3862 6177 3868 6177 3198 6177 3198 6178 3868 6178 3869 6178 3198 6179 3869 6179 3870 6179 3870 6180 3871 6180 3198 6180 3198 6181 3871 6181 3872 6181 3198 6182 3872 6182 3873 6182 3873 6183 3872 6183 3874 6183 3873 6184 3874 6184 3875 6184 3284 6185 3876 6185 3277 6185 3277 6186 3876 6186 3877 6186 3277 6187 3877 6187 3878 6187 3878 6188 3877 6188 3879 6188 3878 6189 3879 6189 3858 6189 3858 6190 3879 6190 3880 6190 3858 6191 3880 6191 3856 6191 3280 6192 3881 6192 3281 6192 3281 6193 3881 6193 3252 6193 3281 6194 3252 6194 3882 6194 3882 6195 3252 6195 3250 6195 3882 6196 3250 6196 3883 6196 3883 6197 3250 6197 3873 6197 3883 6198 3873 6198 3884 6198 3884 6199 3873 6199 3875 6199 3885 6200 3886 6200 3182 6200 3887 6201 3888 6201 3182 6201 3182 6202 3888 6202 3889 6202 3890 6203 3891 6203 3183 6203 3886 6204 3892 6204 3182 6204 3182 6205 3892 6205 3893 6205 3182 6206 3893 6206 3887 6206 3890 6207 3183 6207 3894 6207 3889 6208 3895 6208 3182 6208 3182 6209 3895 6209 3896 6209 3182 6210 3896 6210 3183 6210 3183 6211 3896 6211 3897 6211 3183 6212 3897 6212 3894 6212 3898 6213 3899 6213 3900 6213 3900 6214 3899 6214 3901 6214 3900 6215 3901 6215 3902 6215 3901 6216 3903 6216 3902 6216 3902 6217 3903 6217 3904 6217 3902 6218 3904 6218 3905 6218 3906 6219 3907 6219 3900 6219 3891 6220 3908 6220 3183 6220 3183 6221 3908 6221 3909 6221 3183 6222 3909 6222 3910 6222 3905 6223 3911 6223 3902 6223 3902 6224 3911 6224 3912 6224 3902 6225 3912 6225 3913 6225 3885 6226 3182 6226 3914 6226 3914 6227 3182 6227 3902 6227 3914 6228 3902 6228 3915 6228 3907 6229 3916 6229 3900 6229 3900 6230 3916 6230 3917 6230 3900 6231 3917 6231 3898 6231 3913 6232 3918 6232 3902 6232 3902 6233 3918 6233 3919 6233 3902 6234 3919 6234 3915 6234 3910 6235 3920 6235 3183 6235 3183 6236 3920 6236 3921 6236 3183 6237 3921 6237 3900 6237 3900 6238 3921 6238 3922 6238 3900 6239 3922 6239 3906 6239 3923 6240 3924 6240 3183 6240 3183 6241 3924 6241 3925 6241 3183 6242 3925 6242 3926 6242 3926 6243 3927 6243 3183 6243 3183 6244 3927 6244 3928 6244 3183 6245 3928 6245 3929 6245 3929 6246 3928 6246 3930 6246 3931 6247 3932 6247 3183 6247 3183 6248 3932 6248 3933 6248 3183 6249 3933 6249 3923 6249 3934 6250 3935 6250 3936 6250 3936 6251 3935 6251 3937 6251 3934 6252 3938 6252 3935 6252 3935 6253 3938 6253 3939 6253 3935 6254 3939 6254 3900 6254 3900 6255 3939 6255 3940 6255 3900 6256 3940 6256 3941 6256 3941 6257 3942 6257 3900 6257 3900 6258 3942 6258 3943 6258 3900 6259 3943 6259 3944 6259 3930 6260 3945 6260 3929 6260 3929 6261 3945 6261 3946 6261 3929 6262 3946 6262 3947 6262 3948 6263 3949 6263 3935 6263 3944 6264 3950 6264 3900 6264 3900 6265 3950 6265 3951 6265 3900 6266 3951 6266 3183 6266 3183 6267 3951 6267 3952 6267 3183 6268 3952 6268 3931 6268 3947 6269 3953 6269 3929 6269 3929 6270 3953 6270 3954 6270 3929 6271 3954 6271 3955 6271 3949 6272 3956 6272 3935 6272 3935 6273 3956 6273 3957 6273 3935 6274 3957 6274 3937 6274 3955 6275 3958 6275 3929 6275 3929 6276 3958 6276 3959 6276 3929 6277 3959 6277 3935 6277 3935 6278 3959 6278 3960 6278 3935 6279 3960 6279 3948 6279 3929 6280 3961 6280 3962 6280 3963 6281 3964 6281 3929 6281 3929 6282 3964 6282 3965 6282 3929 6283 3965 6283 3966 6283 3966 6284 3967 6284 3929 6284 3929 6285 3967 6285 3968 6285 3929 6286 3968 6286 3961 6286 3969 6287 3970 6287 3971 6287 3971 6288 3970 6288 3972 6288 3973 6289 3974 6289 3935 6289 3935 6290 3974 6290 3975 6290 3975 6291 3976 6291 3935 6291 3935 6292 3976 6292 3977 6292 3935 6293 3977 6293 3978 6293 3962 6294 3979 6294 3929 6294 3929 6295 3979 6295 3455 6295 3929 6296 3455 6296 3980 6296 3980 6297 3455 6297 3457 6297 3979 6298 3981 6298 3455 6298 3455 6299 3981 6299 3982 6299 3455 6300 3982 6300 3983 6300 3972 6301 3984 6301 3971 6301 3971 6302 3984 6302 3985 6302 3971 6303 3985 6303 3935 6303 3935 6304 3985 6304 3986 6304 3935 6305 3986 6305 3973 6305 3978 6306 3987 6306 3935 6306 3935 6307 3987 6307 3988 6307 3935 6308 3988 6308 3929 6308 3929 6309 3988 6309 3989 6309 3929 6310 3989 6310 3963 6310 3983 6311 3990 6311 3455 6311 3455 6312 3990 6312 3991 6312 3455 6313 3991 6313 3992 6313 3993 6314 3994 6314 3971 6314 3992 6315 3995 6315 3455 6315 3455 6316 3995 6316 3996 6316 3455 6317 3996 6317 3993 6317 3994 6318 3997 6318 3971 6318 3971 6319 3997 6319 3998 6319 3971 6320 3998 6320 3969 6320 3999 6321 4000 6321 4001 6321 4002 6322 4003 6322 3971 6322 3971 6323 4003 6323 4004 6323 3971 6324 4004 6324 4005 6324 4006 6325 3455 6325 4007 6325 4007 6326 3455 6326 4008 6326 4009 6327 4010 6327 3455 6327 3455 6328 4010 6328 4011 6328 3455 6329 4011 6329 4012 6329 4006 6330 4013 6330 3455 6330 3455 6331 4013 6331 4014 6331 3455 6332 4014 6332 4009 6332 4000 6333 4015 6333 4001 6333 4001 6334 4015 6334 4016 6334 4001 6335 4016 6335 4017 6335 4018 6336 4019 6336 4002 6336 4002 6337 4019 6337 4020 6337 4002 6338 4020 6338 4003 6338 4005 6339 4021 6339 3971 6339 3971 6340 4021 6340 4022 6340 3971 6341 4022 6341 4023 6341 3993 6342 3971 6342 3455 6342 3455 6343 3971 6343 4024 6343 3455 6344 4024 6344 4008 6344 4025 6345 4026 6345 4002 6345 4023 6346 4027 6346 3971 6346 3971 6347 4027 6347 4028 6347 3971 6348 4028 6348 4024 6348 4017 6349 4029 6349 4001 6349 4001 6350 4029 6350 4030 6350 4001 6351 4030 6351 4031 6351 4026 6352 4032 6352 4002 6352 4002 6353 4032 6353 4033 6353 4002 6354 4033 6354 4018 6354 4031 6355 4034 6355 4001 6355 4001 6356 4034 6356 4035 6356 4001 6357 4035 6357 4002 6357 4002 6358 4035 6358 4036 6358 4002 6359 4036 6359 4025 6359 3980 6360 4037 6360 3929 6360 3929 6361 4037 6361 3477 6361 3929 6362 3477 6362 3183 6362 3183 6363 3477 6363 3476 6363 3183 6364 3476 6364 3181 6364 4012 6365 3999 6365 3455 6365 3455 6366 3999 6366 4001 6366 3455 6367 4001 6367 3456 6367 3456 6368 4001 6368 4038 6368 3854 6369 3837 6369 3846 6369 3846 6370 3837 6370 3839 6370 3846 6371 3839 6371 3453 6371 3453 6372 3839 6372 4039 6372 3453 6373 4039 6373 3454 6373 4040 6374 4041 6374 3474 6374 4042 6375 4043 6375 4044 6375 4045 6376 4042 6376 4046 6376 4046 6377 4042 6377 4047 6377 4044 6378 4048 6378 4042 6378 4042 6379 4048 6379 4049 6379 4042 6380 4049 6380 4047 6380 4041 6381 4050 6381 3474 6381 3474 6382 4050 6382 4051 6382 3474 6383 4051 6383 4052 6383 3476 6384 4053 6384 4054 6384 4054 6385 4055 6385 3476 6385 3476 6386 4055 6386 4056 6386 3476 6387 4056 6387 4057 6387 4057 6388 4058 6388 3476 6388 3476 6389 4058 6389 4059 6389 3476 6390 4059 6390 3181 6390 3181 6391 4059 6391 4060 6391 3181 6392 4060 6392 4061 6392 4061 6393 4062 6393 3181 6393 3181 6394 4062 6394 4063 6394 3181 6395 4063 6395 4064 6395 4064 6396 4065 6396 3181 6396 3181 6397 4065 6397 4066 6397 3181 6398 4066 6398 4067 6398 4067 6399 4068 6399 3181 6399 3181 6400 4068 6400 4069 6400 3181 6401 4069 6401 4042 6401 4042 6402 4069 6402 4070 6402 4042 6403 4070 6403 4043 6403 4052 6404 4071 6404 3474 6404 3474 6405 4071 6405 4072 6405 3474 6406 4072 6406 4073 6406 4073 6407 4074 6407 3474 6407 3474 6408 4074 6408 4075 6408 3474 6409 4075 6409 3476 6409 3476 6410 4075 6410 4076 6410 3476 6411 4076 6411 4053 6411 4077 6412 4078 6412 4079 6412 4080 6413 4081 6413 3459 6413 3459 6414 4081 6414 4082 6414 3459 6415 4083 6415 4084 6415 4077 6416 4079 6416 4085 6416 4082 6417 4086 6417 3459 6417 3459 6418 4086 6418 4087 6418 3459 6419 4087 6419 4083 6419 4078 6420 4088 6420 4079 6420 4079 6421 4088 6421 4089 6421 4079 6422 4089 6422 4090 6422 4091 6423 4092 6423 3456 6423 4093 6424 4038 6424 4094 6424 4094 6425 4038 6425 4095 6425 4093 6426 4096 6426 4038 6426 4038 6427 4096 6427 4097 6427 4038 6428 4097 6428 4098 6428 4098 6429 4099 6429 4038 6429 4038 6430 4099 6430 4100 6430 4038 6431 4100 6431 3456 6431 3456 6432 4100 6432 4101 6432 3456 6433 4101 6433 4091 6433 4092 6434 4102 6434 3456 6434 3456 6435 4102 6435 4103 6435 3456 6436 4103 6436 4104 6436 4104 6437 4105 6437 3456 6437 3456 6438 4105 6438 4106 6438 3456 6439 4106 6439 3459 6439 3459 6440 4106 6440 4107 6440 3459 6441 4107 6441 4080 6441 4090 6442 4108 6442 4079 6442 4079 6443 4108 6443 4109 6443 4079 6444 4109 6444 4110 6444 4110 6445 4111 6445 4079 6445 4079 6446 4111 6446 4112 6446 4079 6447 4112 6447 4038 6447 4038 6448 4112 6448 4113 6448 4038 6449 4113 6449 4095 6449 3434 6450 4114 6450 3436 6450 3436 6451 4114 6451 4115 6451 3436 6452 4115 6452 3810 6452 3810 6453 4115 6453 3813 6453 3810 6454 3813 6454 3808 6454 3808 6455 3813 6455 3822 6455 4084 6456 4085 6456 3459 6456 3459 6457 4085 6457 4079 6457 3459 6458 4079 6458 3461 6458 3461 6459 4079 6459 4116 6459 3191 6460 3902 6460 3192 6460 3192 6461 3902 6461 3182 6461 3192 6462 3182 6462 3453 6462 3453 6463 3182 6463 3181 6463 3453 6464 3181 6464 3846 6464 3846 6465 3181 6465 4042 6465 3846 6466 4042 6466 3836 6466 3836 6467 4042 6467 4117 6467 3836 6468 4117 6468 3319 6468 3319 6469 4117 6469 3309 6469 3319 6470 3309 6470 3317 6470 3317 6471 3309 6471 3308 6471 4118 6472 4119 6472 3309 6472 3309 6473 4119 6473 4120 6473 4120 6474 4121 6474 3309 6474 3309 6475 4121 6475 4122 6475 3309 6476 4122 6476 4123 6476 4123 6477 4124 6477 3309 6477 3309 6478 4124 6478 4125 6478 3309 6479 4125 6479 3470 6479 3470 6480 4125 6480 4126 6480 3470 6481 4126 6481 4127 6481 4127 6482 4128 6482 3470 6482 3470 6483 4128 6483 4129 6483 3470 6484 4129 6484 4130 6484 3472 6485 4131 6485 4132 6485 4133 6486 4134 6486 3472 6486 3472 6487 4134 6487 4135 6487 3472 6488 4135 6488 4136 6488 4137 6489 4138 6489 4117 6489 4117 6490 4138 6490 4139 6490 4140 6491 4141 6491 4117 6491 4117 6492 4141 6492 4142 6492 4117 6493 4142 6493 3309 6493 3309 6494 4142 6494 4143 6494 3309 6495 4143 6495 4118 6495 4130 6496 4144 6496 3470 6496 3470 6497 4144 6497 4145 6497 3470 6498 4145 6498 3472 6498 3472 6499 4145 6499 4146 6499 3472 6500 4146 6500 4131 6500 4132 6501 4147 6501 3472 6501 3472 6502 4147 6502 4148 6502 3472 6503 4148 6503 4133 6503 4136 6504 4137 6504 3472 6504 3472 6505 4137 6505 4117 6505 3472 6506 4117 6506 3474 6506 3474 6507 4117 6507 4042 6507 3474 6508 4042 6508 4040 6508 4040 6509 4042 6509 4045 6509 4139 6510 4149 6510 4117 6510 4117 6511 4149 6511 4150 6511 4117 6512 4150 6512 4151 6512 4151 6513 4152 6513 4117 6513 4117 6514 4152 6514 4153 6514 4117 6515 4153 6515 4140 6515 4154 6516 4155 6516 4156 6516 3462 6517 3461 6517 4154 6517 4154 6518 3461 6518 4157 6518 4154 6519 4157 6519 4155 6519 4156 6520 4158 6520 4154 6520 4154 6521 4158 6521 4159 6521 4154 6522 4159 6522 4160 6522 4160 6523 4161 6523 4154 6523 4154 6524 4161 6524 4162 6524 4154 6525 4162 6525 3222 6525 3222 6526 4162 6526 4163 6526 3222 6527 4163 6527 4164 6527 4164 6528 4165 6528 3222 6528 3222 6529 4165 6529 4166 6529 3222 6530 4166 6530 4167 6530 4167 6531 4168 6531 3222 6531 3222 6532 4168 6532 4169 6532 3222 6533 4169 6533 4170 6533 4171 6534 4172 6534 4116 6534 4116 6535 4172 6535 4173 6535 4173 6536 4174 6536 4116 6536 4116 6537 4174 6537 4175 6537 4116 6538 4175 6538 4176 6538 4177 6539 4178 6539 3461 6539 3461 6540 4178 6540 4179 6540 3461 6541 4179 6541 4157 6541 4170 6542 4180 6542 3222 6542 3222 6543 4180 6543 4181 6543 3222 6544 4181 6544 4116 6544 4116 6545 4181 6545 4182 6545 4116 6546 4182 6546 4171 6546 4176 6547 4183 6547 4116 6547 4116 6548 4183 6548 4184 6548 4116 6549 4184 6549 3461 6549 3461 6550 4184 6550 4185 6550 4185 6551 4186 6551 3461 6551 3461 6552 4186 6552 4187 6552 3461 6553 4187 6553 4188 6553 4188 6554 4189 6554 3461 6554 3461 6555 4189 6555 4190 6555 3461 6556 4190 6556 4177 6556 4002 6557 4191 6557 4001 6557 4001 6558 4191 6558 4192 6558 4001 6559 4192 6559 4038 6559 4038 6560 4192 6560 4193 6560 4038 6561 4193 6561 4079 6561 4079 6562 4193 6562 4194 6562 4079 6563 4194 6563 4116 6563 4116 6564 4194 6564 4195 6564 4116 6565 4195 6565 3222 6565 3222 6566 4195 6566 3232 6566 3222 6567 3232 6567 3220 6567 3220 6568 3232 6568 3237 6568 4191 6569 3437 6569 4192 6569 4192 6570 3437 6570 3435 6570 4192 6571 3435 6571 4193 6571 4193 6572 3435 6572 3436 6572 4193 6573 3436 6573 4194 6573 4194 6574 3436 6574 3810 6574 4194 6575 3810 6575 4195 6575 4195 6576 3810 6576 3189 6576 4195 6577 3189 6577 3232 6577 3232 6578 3189 6578 3211 6578 3232 6579 3211 6579 3230 6579 3230 6580 3211 6580 3210 6580 3469 6581 3468 6581 3470 6581 3470 6582 3468 6582 3311 6582 3470 6583 3311 6583 3309 6583 3309 6584 3311 6584 3324 6584 3309 6585 3324 6585 3325 6585 3229 6586 3225 6586 3222 6586 3222 6587 3225 6587 3464 6587 3222 6588 3464 6588 4154 6588 4154 6589 3464 6589 3463 6589 4154 6590 3463 6590 3462 6590 3359 6591 3348 6591 3345 6591 3345 6592 3348 6592 3333 6592 3345 6593 3333 6593 3587 6593 3587 6594 3333 6594 3332 6594 3587 6595 3332 6595 3592 6595 3592 6596 3332 6596 3591 6596 3219 6597 3218 6597 3227 6597 3227 6598 3218 6598 3534 6598 3227 6599 3534 6599 3225 6599 3225 6600 3534 6600 3536 6600 3225 6601 3536 6601 3464 6601 3464 6602 3536 6602 3538 6602 3464 6603 3538 6603 3466 6603 3466 6604 3538 6604 3540 6604 3466 6605 3540 6605 3468 6605 3468 6606 3540 6606 3337 6606 3468 6607 3337 6607 3311 6607 3311 6608 3337 6608 3336 6608 3311 6609 3336 6609 3313 6609 3799 6610 3789 6610 3207 6610 3207 6611 3789 6611 3788 6611 3207 6612 3788 6612 3628 6612 3628 6613 3788 6613 3631 6613 3628 6614 3631 6614 3634 6614 3634 6615 3631 6615 3633 6615 3216 6616 3208 6616 3214 6616 3214 6617 3208 6617 3207 6617 3214 6618 3207 6618 3218 6618 3218 6619 3207 6619 3628 6619 3218 6620 3628 6620 3528 6620 3528 6621 3628 6621 3622 6621 3528 6622 3622 6622 3201 6622 3201 6623 3622 6623 3619 6623 3201 6624 3619 6624 3405 6624 3405 6625 3619 6625 3373 6625 3405 6626 3373 6626 3406 6626 3406 6627 3373 6627 3375 6627 4196 6628 4197 6628 4198 6628 4198 6629 4197 6629 4199 6629 4198 6630 4199 6630 4200 6630 4200 6631 4201 6631 4198 6631 4198 6632 4201 6632 4202 6632 4198 6633 4202 6633 3491 6633 3491 6634 4202 6634 4203 6634 4203 6635 4204 6635 3491 6635 3491 6636 4204 6636 4205 6636 3491 6637 4205 6637 4206 6637 4206 6638 4207 6638 3491 6638 3491 6639 4207 6639 4208 6639 3491 6640 4208 6640 4209 6640 4209 6641 4210 6641 3491 6641 3491 6642 4210 6642 4211 6642 3491 6643 4211 6643 4212 6643 3493 6644 4213 6644 4214 6644 4214 6645 4215 6645 3493 6645 3493 6646 4215 6646 4216 6646 3493 6647 4216 6647 4217 6647 4218 6648 4219 6648 3256 6648 3256 6649 4219 6649 4220 6649 4217 6650 4218 6650 3493 6650 3493 6651 4218 6651 3256 6651 3493 6652 3256 6652 3495 6652 3495 6653 3256 6653 3204 6653 3495 6654 3204 6654 3572 6654 3572 6655 3204 6655 3306 6655 4220 6656 4221 6656 3256 6656 3256 6657 4221 6657 4222 6657 3256 6658 4222 6658 4223 6658 4224 6659 4225 6659 3256 6659 3256 6660 4225 6660 4226 6660 3256 6661 4226 6661 4198 6661 4198 6662 4226 6662 4227 6662 4198 6663 4227 6663 4196 6663 4212 6664 4228 6664 3491 6664 3491 6665 4228 6665 4229 6665 3491 6666 4229 6666 3493 6666 3493 6667 4229 6667 4230 6667 3493 6668 4230 6668 4213 6668 4223 6669 4231 6669 3256 6669 3256 6670 4231 6670 4232 6670 3256 6671 4232 6671 4224 6671 4233 6672 4234 6672 3482 6672 3482 6673 4234 6673 4235 6673 3482 6674 4235 6674 4236 6674 4236 6675 4237 6675 3482 6675 3482 6676 4237 6676 4238 6676 3482 6677 4238 6677 4239 6677 4239 6678 4240 6678 3482 6678 3482 6679 4240 6679 4241 6679 3482 6680 4241 6680 4242 6680 4241 6681 4243 6681 4242 6681 4242 6682 4243 6682 4244 6682 4242 6683 4244 6683 4245 6683 4245 6684 4246 6684 4242 6684 4242 6685 4246 6685 4247 6685 4242 6686 4247 6686 4248 6686 4249 6687 4250 6687 3383 6687 4248 6688 4251 6688 4242 6688 4242 6689 4251 6689 4252 6689 4242 6690 4252 6690 4253 6690 4250 6691 4254 6691 3383 6691 3383 6692 4254 6692 4255 6692 3383 6693 4255 6693 4256 6693 4256 6694 4257 6694 3383 6694 3383 6695 4257 6695 4258 6695 3383 6696 4258 6696 4259 6696 4253 6697 4260 6697 4242 6697 4242 6698 4260 6698 4261 6698 4242 6699 4261 6699 3383 6699 3383 6700 4261 6700 4262 6700 3383 6701 4262 6701 4249 6701 3378 6702 3384 6702 3180 6702 3180 6703 3384 6703 3383 6703 3180 6704 3383 6704 3178 6704 3178 6705 3383 6705 4259 6705 3178 6706 4259 6706 4263 6706 4263 6707 4264 6707 3178 6707 3178 6708 4264 6708 4265 6708 3178 6709 4265 6709 4266 6709 3481 6710 3178 6710 3482 6710 3482 6711 3178 6711 4267 6711 3482 6712 4267 6712 4233 6712 4266 6713 4268 6713 3178 6713 3178 6714 4268 6714 4269 6714 3178 6715 4269 6715 4267 6715 3255 6716 3259 6716 3250 6716 3250 6717 3259 6717 3256 6717 3250 6718 3256 6718 3873 6718 3873 6719 3256 6719 4198 6719 3873 6720 4198 6720 3198 6720 3198 6721 4198 6721 4270 6721 4270 6722 4271 6722 4272 6722 4270 6723 4273 6723 4274 6723 4275 6724 4276 6724 3489 6724 4272 6725 4277 6725 4270 6725 4270 6726 4277 6726 4278 6726 4270 6727 4278 6727 4273 6727 4275 6728 3489 6728 4279 6728 4274 6729 4280 6729 4270 6729 4270 6730 4280 6730 4281 6730 4270 6731 4281 6731 3489 6731 3489 6732 4281 6732 4282 6732 3489 6733 4282 6733 4279 6733 3491 6734 4283 6734 4284 6734 4284 6735 4285 6735 3491 6735 3491 6736 4285 6736 4286 6736 3491 6737 4286 6737 4287 6737 4287 6738 4288 6738 3491 6738 3491 6739 4288 6739 4289 6739 3491 6740 4289 6740 4198 6740 4198 6741 4289 6741 4290 6741 4198 6742 4290 6742 4291 6742 4291 6743 4292 6743 4198 6743 4198 6744 4292 6744 4293 6744 4198 6745 4293 6745 4294 6745 4294 6746 4295 6746 4198 6746 4198 6747 4295 6747 4296 6747 4198 6748 4296 6748 4297 6748 4297 6749 4298 6749 4198 6749 4198 6750 4298 6750 4299 6750 4198 6751 4299 6751 4270 6751 4270 6752 4299 6752 4300 6752 4270 6753 4300 6753 4271 6753 4276 6754 4301 6754 3489 6754 3489 6755 4301 6755 4302 6755 3489 6756 4302 6756 4303 6756 4303 6757 4304 6757 3489 6757 3489 6758 4304 6758 4305 6758 3489 6759 4305 6759 3491 6759 3491 6760 4305 6760 4306 6760 3491 6761 4306 6761 4283 6761 4307 6762 4308 6762 4309 6762 4310 6763 4311 6763 3484 6763 3484 6764 4311 6764 4312 6764 3484 6765 4313 6765 4314 6765 4307 6766 4309 6766 4315 6766 4312 6767 4316 6767 3484 6767 3484 6768 4316 6768 4317 6768 3484 6769 4317 6769 4313 6769 4308 6770 4318 6770 4309 6770 4309 6771 4318 6771 4319 6771 4309 6772 4319 6772 4320 6772 4321 6773 4322 6773 3482 6773 4323 6774 4242 6774 4324 6774 4324 6775 4242 6775 4325 6775 4323 6776 4326 6776 4242 6776 4242 6777 4326 6777 4327 6777 4242 6778 4327 6778 4328 6778 4328 6779 4329 6779 4242 6779 4242 6780 4329 6780 4330 6780 4242 6781 4330 6781 3482 6781 3482 6782 4330 6782 4331 6782 3482 6783 4331 6783 4321 6783 4322 6784 4332 6784 3482 6784 3482 6785 4332 6785 4333 6785 3482 6786 4333 6786 4334 6786 4334 6787 4335 6787 3482 6787 3482 6788 4335 6788 4336 6788 3482 6789 4336 6789 3484 6789 3484 6790 4336 6790 4337 6790 3484 6791 4337 6791 4310 6791 4320 6792 4338 6792 4309 6792 4309 6793 4338 6793 4339 6793 4309 6794 4339 6794 4340 6794 4340 6795 4341 6795 4309 6795 4309 6796 4341 6796 4342 6796 4309 6797 4342 6797 4242 6797 4242 6798 4342 6798 4343 6798 4242 6799 4343 6799 4325 6799 3488 6800 3487 6800 3489 6800 3489 6801 3487 6801 4344 6801 3489 6802 4344 6802 4270 6802 4270 6803 4344 6803 3414 6803 4270 6804 3414 6804 3198 6804 3198 6805 3414 6805 3417 6805 3198 6806 3417 6806 3196 6806 4314 6807 4315 6807 3484 6807 3484 6808 4315 6808 4309 6808 3484 6809 4309 6809 3485 6809 3485 6810 4309 6810 4345 6810 4346 6811 4347 6811 4348 6811 4348 6812 4347 6812 4349 6812 4350 6813 4351 6813 4347 6813 4347 6814 4351 6814 4352 6814 4353 6815 4354 6815 3711 6815 4346 6816 4355 6816 4347 6816 4347 6817 4355 6817 4356 6817 4347 6818 4356 6818 4350 6818 4353 6819 3711 6819 4357 6819 4352 6820 4358 6820 4347 6820 4347 6821 4358 6821 4359 6821 4347 6822 4359 6822 3711 6822 3711 6823 4359 6823 4360 6823 3711 6824 4360 6824 4357 6824 3487 6825 4361 6825 4362 6825 4362 6826 4363 6826 3487 6826 3487 6827 4363 6827 4364 6827 3487 6828 4364 6828 4344 6828 4344 6829 4364 6829 4365 6829 4344 6830 4365 6830 4366 6830 4367 6831 4368 6831 3487 6831 4354 6832 4369 6832 3711 6832 3711 6833 4369 6833 4370 6833 3711 6834 4370 6834 4371 6834 4366 6835 4372 6835 4344 6835 4344 6836 4372 6836 4373 6836 4344 6837 4373 6837 4374 6837 3412 6838 3414 6838 3420 6838 3420 6839 3414 6839 4344 6839 3420 6840 4344 6840 4347 6840 4347 6841 4344 6841 4375 6841 4347 6842 4375 6842 4349 6842 4368 6843 4376 6843 3487 6843 3487 6844 4376 6844 4377 6844 3487 6845 4377 6845 4361 6845 4374 6846 4378 6846 4344 6846 4344 6847 4378 6847 4379 6847 4344 6848 4379 6848 4375 6848 4371 6849 4380 6849 3711 6849 3711 6850 4380 6850 4381 6850 3711 6851 4381 6851 3487 6851 3487 6852 4381 6852 4382 6852 3487 6853 4382 6853 4367 6853 4383 6854 4384 6854 4385 6854 4386 6855 3664 6855 4387 6855 4387 6856 3664 6856 4388 6856 4389 6857 4390 6857 3664 6857 3664 6858 4390 6858 4391 6858 3664 6859 4391 6859 4392 6859 4386 6860 4393 6860 3664 6860 3664 6861 4393 6861 4394 6861 3664 6862 4394 6862 4389 6862 4384 6863 4395 6863 4385 6863 4385 6864 4395 6864 4396 6864 4385 6865 4396 6865 4397 6865 4345 6866 4398 6866 4399 6866 4399 6867 4400 6867 4345 6867 4345 6868 4400 6868 4401 6868 4345 6869 4401 6869 3485 6869 3485 6870 4401 6870 4402 6870 3485 6871 4402 6871 4403 6871 4404 6872 4405 6872 4345 6872 4397 6873 4406 6873 4385 6873 4385 6874 4406 6874 4407 6874 4385 6875 4407 6875 4408 6875 4403 6876 4409 6876 3485 6876 3485 6877 4409 6877 4410 6877 3485 6878 4410 6878 4411 6878 3681 6879 3485 6879 3664 6879 3664 6880 3485 6880 4412 6880 3664 6881 4412 6881 4388 6881 4405 6882 4413 6882 4345 6882 4345 6883 4413 6883 4414 6883 4345 6884 4414 6884 4398 6884 4411 6885 4415 6885 3485 6885 3485 6886 4415 6886 4416 6886 3485 6887 4416 6887 4412 6887 4408 6888 4417 6888 4385 6888 4385 6889 4417 6889 4418 6889 4385 6890 4418 6890 4345 6890 4345 6891 4418 6891 4419 6891 4345 6892 4419 6892 4404 6892 3724 6893 3732 6893 3711 6893 3711 6894 3732 6894 4420 6894 3711 6895 4420 6895 4347 6895 4347 6896 4420 6896 4421 6896 4347 6897 4421 6897 3420 6897 3420 6898 4421 6898 4422 6898 3420 6899 4422 6899 3418 6899 4392 6900 4383 6900 3664 6900 3664 6901 4383 6901 4385 6901 3664 6902 4385 6902 3698 6902 3698 6903 4385 6903 4423 6903 3386 6904 3393 6904 3383 6904 3383 6905 3393 6905 3395 6905 3383 6906 3395 6906 4242 6906 4242 6907 3395 6907 4424 6907 4242 6908 4424 6908 4309 6908 4309 6909 4424 6909 4425 6909 4309 6910 4425 6910 4345 6910 4345 6911 4425 6911 4426 6911 4345 6912 4426 6912 4385 6912 4385 6913 4426 6913 4427 6913 4385 6914 4427 6914 4423 6914 4423 6915 4427 6915 4428 6915 3400 6916 3369 6916 3395 6916 3395 6917 3369 6917 3371 6917 3395 6918 3371 6918 4424 6918 4424 6919 3371 6919 3748 6919 4424 6920 3748 6920 4425 6920 4425 6921 3748 6921 3431 6921 4425 6922 3431 6922 4426 6922 4426 6923 3431 6923 3427 6923 4426 6924 3427 6924 4427 6924 4427 6925 3427 6925 3195 6925 4427 6926 3195 6926 4428 6926 4428 6927 3195 6927 3194 6927 3438 6928 3437 6928 2081 6928 2081 6929 3437 6929 4191 6929 2081 6930 4191 6930 2079 6930 2079 6931 4191 6931 4002 6931 2079 6932 4002 6932 2650 6932 2650 6933 4002 6933 3971 6933 2650 6934 3971 6934 3116 6934 3116 6935 3971 6935 3935 6935 3116 6936 3935 6936 2668 6936 2668 6937 3935 6937 3900 6937 2668 6938 3900 6938 2153 6938 3190 6939 2155 6939 3191 6939 3191 6940 2155 6940 2153 6940 3191 6941 2153 6941 3902 6941 3902 6942 2153 6942 3900 6942 3193 6943 3085 6943 3194 6943 3194 6944 3085 6944 4428 6944 4428 6945 3085 6945 4423 6945 4423 6946 3085 6946 3084 6946 4423 6947 3084 6947 3698 6947 3698 6948 3084 6948 2990 6948 3698 6949 2990 6949 3690 6949 3690 6950 2990 6950 2993 6950 3690 6951 2993 6951 3732 6951 3732 6952 2993 6952 3032 6952 3732 6953 3032 6953 4420 6953 4420 6954 3032 6954 3083 6954 4420 6955 3083 6955 4421 6955 4421 6956 3083 6956 2120 6956 4421 6957 2120 6957 4422 6957 4429 6958 3367 6958 4430 6958 4430 6959 3367 6959 3366 6959 4430 6960 3366 6960 4431 6960 4431 6961 3366 6961 3362 6961 4431 6962 3362 6962 4432 6962 4432 6963 3362 6963 3364 6963 4432 6964 3364 6964 4433 6964 4433 6965 3364 6965 3329 6965 4433 6966 3329 6966 4434 6966 4434 6967 3329 6967 3328 6967 4434 6968 3328 6968 4435 6968 4435 6969 3328 6969 3327 6969 4435 6970 3327 6970 4436 6970 4436 6971 3327 6971 3321 6971 4436 6972 3321 6972 4437 6972 4437 6973 3321 6973 3320 6973 4437 6974 3320 6974 4438 6974 4438 6975 3320 6975 3318 6975 4438 6976 3318 6976 4439 6976 4439 6977 3318 6977 3317 6977 4439 6978 3317 6978 4440 6978 4440 6979 3317 6979 3308 6979 4440 6980 3308 6980 4441 6980 4441 6981 3308 6981 3307 6981 4441 6982 3307 6982 4442 6982 4442 6983 3307 6983 3331 6983 4442 6984 3331 6984 4443 6984 4443 6985 3331 6985 3330 6985 4443 6986 3330 6986 4444 6986 4444 6987 3330 6987 3326 6987 4444 6988 3326 6988 4445 6988 4445 6989 3326 6989 3325 6989 4445 6990 3325 6990 4446 6990 4446 6991 3325 6991 3324 6991 4446 6992 3324 6992 4447 6992 4447 6993 3324 6993 3323 6993 4447 6994 3323 6994 4448 6994 4448 6995 3323 6995 3322 6995 4448 6996 3322 6996 4449 6996 4449 6997 3322 6997 3316 6997 4449 6998 3316 6998 4450 6998 4450 6999 3316 6999 3315 6999 4450 7000 3315 7000 4451 7000 4451 7001 3315 7001 3314 7001 4451 7002 3314 7002 4452 7002 4452 7003 3314 7003 3310 7003 4452 7004 3310 7004 4453 7004 4453 7005 3310 7005 3312 7005 4453 7006 3312 7006 4454 7006 4454 7007 3312 7007 3313 7007 4454 7008 3313 7008 4455 7008 4455 7009 3313 7009 3336 7009 4455 7010 3336 7010 4456 7010 4456 7011 3336 7011 3335 7011 4456 7012 3335 7012 4457 7012 4457 7013 3335 7013 3334 7013 4457 7014 3334 7014 4458 7014 4458 7015 3334 7015 3342 7015 4458 7016 3342 7016 4459 7016 4459 7017 3342 7017 3341 7017 4459 7018 3341 7018 4460 7018 4460 7019 3341 7019 3338 7019 4460 7020 3338 7020 4461 7020 4461 7021 3338 7021 3339 7021 4461 7022 3339 7022 4462 7022 4462 7023 3339 7023 3340 7023 4462 7024 3340 7024 4463 7024 4463 7025 3340 7025 3356 7025 4463 7026 3356 7026 4464 7026 4464 7027 3356 7027 3368 7027 4464 7028 3368 7028 4429 7028 4429 7029 3368 7029 3367 7029 4465 7030 3279 7030 4466 7030 4466 7031 3279 7031 3273 7031 4466 7032 3273 7032 4467 7032 4467 7033 3273 7033 3272 7033 4467 7034 3272 7034 4468 7034 4468 7035 3272 7035 3299 7035 4468 7036 3299 7036 4469 7036 4469 7037 3299 7037 3298 7037 4469 7038 3298 7038 4470 7038 4470 7039 3298 7039 3297 7039 4470 7040 3297 7040 4471 7040 4471 7041 3297 7041 3296 7041 4471 7042 3296 7042 4472 7042 4472 7043 3296 7043 3295 7043 4472 7044 3295 7044 4473 7044 4473 7045 3295 7045 3304 7045 4473 7046 3304 7046 4474 7046 4474 7047 3304 7047 3305 7047 4474 7048 3305 7048 4475 7048 4475 7049 3305 7049 3203 7049 4475 7050 3203 7050 4476 7050 4476 7051 3203 7051 3202 7051 4476 7052 3202 7052 4477 7052 4477 7053 3202 7053 3248 7053 4477 7054 3248 7054 4478 7054 4478 7055 3248 7055 3271 7055 4478 7056 3271 7056 4479 7056 4479 7057 3271 7057 3270 7057 4479 7058 3270 7058 4480 7058 4480 7059 3270 7059 3267 7059 4480 7060 3267 7060 4481 7060 4481 7061 3267 7061 3266 7061 4481 7062 3266 7062 4482 7062 4482 7063 3266 7063 3265 7063 4482 7064 3265 7064 4483 7064 4483 7065 3265 7065 3262 7065 4483 7066 3262 7066 4484 7066 4484 7067 3262 7067 3263 7067 4484 7068 3263 7068 4485 7068 4485 7069 3263 7069 3264 7069 4485 7070 3264 7070 4486 7070 4486 7071 3264 7071 3258 7071 4486 7072 3258 7072 4487 7072 4487 7073 3258 7073 3257 7073 4487 7074 3257 7074 4488 7074 4488 7075 3257 7075 3269 7075 4488 7076 3269 7076 4489 7076 4489 7077 3269 7077 3268 7077 4489 7078 3268 7078 4490 7078 4490 7079 3268 7079 3261 7079 4490 7080 3261 7080 4491 7080 4491 7081 3261 7081 3260 7081 4491 7082 3260 7082 4492 7082 4492 7083 3260 7083 3259 7083 4492 7084 3259 7084 4493 7084 4493 7085 3259 7085 3255 7085 4493 7086 3255 7086 4494 7086 4494 7087 3255 7087 3254 7087 4494 7088 3254 7088 4495 7088 4495 7089 3254 7089 3253 7089 4495 7090 3253 7090 4496 7090 4496 7091 3253 7091 3249 7091 4496 7092 3249 7092 4497 7092 4497 7093 3249 7093 3251 7093 4497 7094 3251 7094 4498 7094 4498 7095 3251 7095 3252 7095 4498 7096 3252 7096 4499 7096 4499 7097 3252 7097 3881 7097 4499 7098 3881 7098 4500 7098 4500 7099 3881 7099 3280 7099 4500 7100 3280 7100 4465 7100 4465 7101 3280 7101 3279 7101 4501 7102 3378 7102 4502 7102 4502 7103 3378 7103 3377 7103 4502 7104 3377 7104 4503 7104 4503 7105 3377 7105 3376 7105 4503 7106 3376 7106 4504 7106 4504 7107 3376 7107 3390 7107 4504 7108 3390 7108 4505 7108 4505 7109 3390 7109 3389 7109 4505 7110 3389 7110 4506 7110 4506 7111 3389 7111 3382 7111 4506 7112 3382 7112 4507 7112 4507 7113 3382 7113 3381 7113 4507 7114 3381 7114 4508 7114 4508 7115 3381 7115 3380 7115 4508 7116 3380 7116 4509 7116 4509 7117 3380 7117 3379 7117 4509 7118 3379 7118 4510 7118 4510 7119 3379 7119 3402 7119 4510 7120 3402 7120 4511 7120 4511 7121 3402 7121 3401 7121 4511 7122 3401 7122 4512 7122 4512 7123 3401 7123 3411 7123 4512 7124 3411 7124 4513 7124 4513 7125 3411 7125 3410 7125 4513 7126 3410 7126 4514 7126 4514 7127 3410 7127 3409 7127 4514 7128 3409 7128 4515 7128 4515 7129 3409 7129 3408 7129 4515 7130 3408 7130 4516 7130 4516 7131 3408 7131 3407 7131 4516 7132 3407 7132 4517 7132 4517 7133 3407 7133 3406 7133 4517 7134 3406 7134 4518 7134 4518 7135 3406 7135 3375 7135 4518 7136 3375 7136 4519 7136 4519 7137 3375 7137 3374 7137 4519 7138 3374 7138 4520 7138 4520 7139 3374 7139 3372 7139 4520 7140 3372 7140 4521 7140 4521 7141 3372 7141 3370 7141 4521 7142 3370 7142 4522 7142 4522 7143 3370 7143 3369 7143 4522 7144 3369 7144 4523 7144 4523 7145 3369 7145 3400 7145 4523 7146 3400 7146 4524 7146 4524 7147 3400 7147 3399 7147 4524 7148 3399 7148 4525 7148 4525 7149 3399 7149 3398 7149 4525 7150 3398 7150 4526 7150 4526 7151 3398 7151 3397 7151 4526 7152 3397 7152 4527 7152 4527 7153 3397 7153 3396 7153 4527 7154 3396 7154 4528 7154 4528 7155 3396 7155 3394 7155 4528 7156 3394 7156 4529 7156 4529 7157 3394 7157 3393 7157 4529 7158 3393 7158 4530 7158 4530 7159 3393 7159 3386 7159 4530 7160 3386 7160 4531 7160 4531 7161 3386 7161 3387 7161 4531 7162 3387 7162 4532 7162 4532 7163 3387 7163 3388 7163 4532 7164 3388 7164 4533 7164 4533 7165 3388 7165 3392 7165 4533 7166 3392 7166 4534 7166 4534 7167 3392 7167 3391 7167 4534 7168 3391 7168 4535 7168 4535 7169 3391 7169 3385 7169 4535 7170 3385 7170 4536 7170 4536 7171 3385 7171 3384 7171 4536 7172 3384 7172 4501 7172 4501 7173 3384 7173 3378 7173 4537 7174 3238 7174 4538 7174 4538 7175 3238 7175 3229 7175 4538 7176 3229 7176 4539 7176 4539 7177 3229 7177 3228 7177 4539 7178 3228 7178 4540 7178 4540 7179 3228 7179 3247 7179 4540 7180 3247 7180 4541 7180 4541 7181 3247 7181 3246 7181 4541 7182 3246 7182 4542 7182 4542 7183 3246 7183 3243 7183 4542 7184 3243 7184 4543 7184 4543 7185 3243 7185 3242 7185 4543 7186 3242 7186 4544 7186 4544 7187 3242 7187 3241 7187 4544 7188 3241 7188 4545 7188 4545 7189 3241 7189 3221 7189 4545 7190 3221 7190 4546 7190 4546 7191 3221 7191 3220 7191 4546 7192 3220 7192 4547 7192 4547 7193 3220 7193 3237 7193 4547 7194 3237 7194 4548 7194 4548 7195 3237 7195 3236 7195 4548 7196 3236 7196 4549 7196 4549 7197 3236 7197 3235 7197 4549 7198 3235 7198 4550 7198 4550 7199 3235 7199 3234 7199 4550 7200 3234 7200 4551 7200 4551 7201 3234 7201 3233 7201 4551 7202 3233 7202 4552 7202 4552 7203 3233 7203 3231 7203 4552 7204 3231 7204 4553 7204 4553 7205 3231 7205 3230 7205 4553 7206 3230 7206 4554 7206 4554 7207 3230 7207 3210 7207 4554 7208 3210 7208 4555 7208 4555 7209 3210 7209 3209 7209 4555 7210 3209 7210 4556 7210 4556 7211 3209 7211 3206 7211 4556 7212 3206 7212 4557 7212 4557 7213 3206 7213 3205 7213 4557 7214 3205 7214 4558 7214 4558 7215 3205 7215 3208 7215 4558 7216 3208 7216 4559 7216 4559 7217 3208 7217 3216 7217 4559 7218 3216 7218 4560 7218 4560 7219 3216 7219 3215 7219 4560 7220 3215 7220 4561 7220 4561 7221 3215 7221 3213 7221 4561 7222 3213 7222 4562 7222 4562 7223 3213 7223 3212 7223 4562 7224 3212 7224 4563 7224 4563 7225 3212 7225 3217 7225 4563 7226 3217 7226 4564 7226 4564 7227 3217 7227 3219 7227 4564 7228 3219 7228 4565 7228 4565 7229 3219 7229 3227 7229 4565 7230 3227 7230 4566 7230 4566 7231 3227 7231 3226 7231 4566 7232 3226 7232 4567 7232 4567 7233 3226 7233 3224 7233 4567 7234 3224 7234 4568 7234 4568 7235 3224 7235 3223 7235 4568 7236 3223 7236 4569 7236 4569 7237 3223 7237 3245 7237 4569 7238 3245 7238 4570 7238 4570 7239 3245 7239 3244 7239 4570 7240 3244 7240 4571 7240 4571 7241 3244 7241 3240 7241 4571 7242 3240 7242 4572 7242 4572 7243 3240 7243 3239 7243 4572 7244 3239 7244 4537 7244 4537 7245 3239 7245 3238 7245 4482 7246 2391 7246 4481 7246 4481 7247 2391 7247 2389 7247 4481 7248 2389 7248 4480 7248 4480 7249 2389 7249 2388 7249 4480 7250 2388 7250 4479 7250 4479 7251 2388 7251 2410 7251 4479 7252 2410 7252 4478 7252 4478 7253 2410 7253 2409 7253 4478 7254 2409 7254 4477 7254 4477 7255 2409 7255 2408 7255 4477 7256 2408 7256 4476 7256 4476 7257 2408 7257 2418 7257 4476 7258 2418 7258 4475 7258 4475 7259 2418 7259 2417 7259 4475 7260 2417 7260 4474 7260 4474 7261 2417 7261 2415 7261 4474 7262 2415 7262 4473 7262 4473 7263 2415 7263 2414 7263 4473 7264 2414 7264 4472 7264 4472 7265 2414 7265 2411 7265 4472 7266 2411 7266 4471 7266 4471 7267 2411 7267 2413 7267 4471 7268 2413 7268 4470 7268 4470 7269 2413 7269 2387 7269 4470 7270 2387 7270 4469 7270 4469 7271 2387 7271 2386 7271 4469 7272 2386 7272 4468 7272 4468 7273 2386 7273 2385 7273 4468 7274 2385 7274 4467 7274 4467 7275 2385 7275 2384 7275 4467 7276 2384 7276 4466 7276 4466 7277 2384 7277 2406 7277 4466 7278 2406 7278 4465 7278 4465 7279 2406 7279 2397 7279 4465 7280 2397 7280 4500 7280 4500 7281 2397 7281 2396 7281 4500 7282 2396 7282 4499 7282 4499 7283 2396 7283 2382 7283 4499 7284 2382 7284 4498 7284 4498 7285 2382 7285 2381 7285 4498 7286 2381 7286 4497 7286 4497 7287 2381 7287 2367 7287 4497 7288 2367 7288 4496 7288 4496 7289 2367 7289 2366 7289 4496 7290 2366 7290 4495 7290 4495 7291 2366 7291 2364 7291 4495 7292 2364 7292 4494 7292 4494 7293 2364 7293 2363 7293 4494 7294 2363 7294 4493 7294 4493 7295 2363 7295 2395 7295 4493 7296 2395 7296 4492 7296 4492 7297 2395 7297 2394 7297 4492 7298 2394 7298 4491 7298 4491 7299 2394 7299 2393 7299 4491 7300 2393 7300 4490 7300 4490 7301 2393 7301 2380 7301 4490 7302 2380 7302 4489 7302 4489 7303 2380 7303 2379 7303 4489 7304 2379 7304 4488 7304 4488 7305 2379 7305 2378 7305 4488 7306 2378 7306 4487 7306 4487 7307 2378 7307 2377 7307 4487 7308 2377 7308 4486 7308 4486 7309 2377 7309 2376 7309 4486 7310 2376 7310 4485 7310 4485 7311 2376 7311 2374 7311 4485 7312 2374 7312 4484 7312 4484 7313 2374 7313 2373 7313 4484 7314 2373 7314 4483 7314 4483 7315 2373 7315 2392 7315 4483 7316 2392 7316 4482 7316 4482 7317 2392 7317 2391 7317 4446 7318 2332 7318 4445 7318 4445 7319 2332 7319 2331 7319 4445 7320 2331 7320 4444 7320 4444 7321 2331 7321 2307 7321 4444 7322 2307 7322 4443 7322 4443 7323 2307 7323 2306 7323 4443 7324 2306 7324 4442 7324 4442 7325 2306 7325 2341 7325 4442 7326 2341 7326 4441 7326 4441 7327 2341 7327 2340 7327 4441 7328 2340 7328 4440 7328 4440 7329 2340 7329 2330 7329 4440 7330 2330 7330 4439 7330 4439 7331 2330 7331 2329 7331 4439 7332 2329 7332 4438 7332 4438 7333 2329 7333 2339 7333 4438 7334 2339 7334 4437 7334 4437 7335 2339 7335 2338 7335 4437 7336 2338 7336 4436 7336 4436 7337 2338 7337 2343 7337 4436 7338 2343 7338 4435 7338 4435 7339 2343 7339 2342 7339 4435 7340 2342 7340 4434 7340 4434 7341 2342 7341 2334 7341 4434 7342 2334 7342 4433 7342 4433 7343 2334 7343 2336 7343 4433 7344 2336 7344 4432 7344 4432 7345 2336 7345 2337 7345 4432 7346 2337 7346 4431 7346 4431 7347 2337 7347 2346 7347 4431 7348 2346 7348 4430 7348 4430 7349 2346 7349 2345 7349 4430 7350 2345 7350 4429 7350 4429 7351 2345 7351 2344 7351 4429 7352 2344 7352 4464 7352 4464 7353 2344 7353 2326 7353 4464 7354 2326 7354 4463 7354 4463 7355 2326 7355 2325 7355 4463 7356 2325 7356 4462 7356 4462 7357 2325 7357 2318 7357 4462 7358 2318 7358 4461 7358 4461 7359 2318 7359 2309 7359 4461 7360 2309 7360 4460 7360 4460 7361 2309 7361 2322 7361 4460 7362 2322 7362 4459 7362 4459 7363 2322 7363 2350 7363 4459 7364 2350 7364 4458 7364 4458 7365 2350 7365 2351 7365 4458 7366 2351 7366 4457 7366 4457 7367 2351 7367 2348 7367 4457 7368 2348 7368 4456 7368 4456 7369 2348 7369 2347 7369 4456 7370 2347 7370 4455 7370 4455 7371 2347 7371 2353 7371 4455 7372 2353 7372 4454 7372 4454 7373 2353 7373 2352 7373 4454 7374 2352 7374 4453 7374 4453 7375 2352 7375 2356 7375 4453 7376 2356 7376 4452 7376 4452 7377 2356 7377 2355 7377 4452 7378 2355 7378 4451 7378 4451 7379 2355 7379 2354 7379 4451 7380 2354 7380 4450 7380 4450 7381 2354 7381 2314 7381 4450 7382 2314 7382 4449 7382 4449 7383 2314 7383 2316 7383 4449 7384 2316 7384 4448 7384 4448 7385 2316 7385 2317 7385 4448 7386 2317 7386 4447 7386 4447 7387 2317 7387 2333 7387 4447 7388 2333 7388 4446 7388 4446 7389 2333 7389 2332 7389 4518 7390 2240 7390 4517 7390 4517 7391 2240 7391 2239 7391 4517 7392 2239 7392 4516 7392 4516 7393 2239 7393 2243 7393 4516 7394 2243 7394 4515 7394 4515 7395 2243 7395 2261 7395 4515 7396 2261 7396 4514 7396 4514 7397 2261 7397 2224 7397 4514 7398 2224 7398 4513 7398 4513 7399 2224 7399 2281 7399 4513 7400 2281 7400 4512 7400 4512 7401 2281 7401 2279 7401 4512 7402 2279 7402 4511 7402 4511 7403 2279 7403 2278 7403 4511 7404 2278 7404 4510 7404 4510 7405 2278 7405 2292 7405 4510 7406 2292 7406 4509 7406 4509 7407 2292 7407 2291 7407 4509 7408 2291 7408 4508 7408 4508 7409 2291 7409 2290 7409 4508 7410 2290 7410 4507 7410 4507 7411 2290 7411 2288 7411 4507 7412 2288 7412 4506 7412 4506 7413 2288 7413 2287 7413 4506 7414 2287 7414 4505 7414 4505 7415 2287 7415 2235 7415 4505 7416 2235 7416 4504 7416 4504 7417 2235 7417 2234 7417 4504 7418 2234 7418 4503 7418 4503 7419 2234 7419 2274 7419 4503 7420 2274 7420 4502 7420 4502 7421 2274 7421 2273 7421 4502 7422 2273 7422 4501 7422 4501 7423 2273 7423 2253 7423 4501 7424 2253 7424 4536 7424 4536 7425 2253 7425 2252 7425 4536 7426 2252 7426 4535 7426 4535 7427 2252 7427 2251 7427 4535 7428 2251 7428 4534 7428 4534 7429 2251 7429 2250 7429 4534 7430 2250 7430 4533 7430 4533 7431 2250 7431 2249 7431 4533 7432 2249 7432 4532 7432 4532 7433 2249 7433 2248 7433 4532 7434 2248 7434 4531 7434 4531 7435 2248 7435 2247 7435 4531 7436 2247 7436 4530 7436 4530 7437 2247 7437 2245 7437 4530 7438 2245 7438 4529 7438 4529 7439 2245 7439 2244 7439 4529 7440 2244 7440 4528 7440 4528 7441 2244 7441 2265 7441 4528 7442 2265 7442 4527 7442 4527 7443 2265 7443 2228 7443 4527 7444 2228 7444 4526 7444 4526 7445 2228 7445 2227 7445 4526 7446 2227 7446 4525 7446 4525 7447 2227 7447 2272 7447 4525 7448 2272 7448 4524 7448 4524 7449 2272 7449 2271 7449 4524 7450 2271 7450 4523 7450 4523 7451 2271 7451 2264 7451 4523 7452 2264 7452 4522 7452 4522 7453 2264 7453 2263 7453 4522 7454 2263 7454 4521 7454 4521 7455 2263 7455 2270 7455 4521 7456 2270 7456 4520 7456 4520 7457 2270 7457 2269 7457 4520 7458 2269 7458 4519 7458 4519 7459 2269 7459 2268 7459 4519 7460 2268 7460 4518 7460 4518 7461 2268 7461 2240 7461 4554 7462 2208 7462 4553 7462 4553 7463 2208 7463 2194 7463 4553 7464 2194 7464 4552 7464 4552 7465 2194 7465 2193 7465 4552 7466 2193 7466 4551 7466 4551 7467 2193 7467 2192 7467 4551 7468 2192 7468 4550 7468 4550 7469 2192 7469 2191 7469 4550 7470 2191 7470 4549 7470 4549 7471 2191 7471 2189 7471 4549 7472 2189 7472 4548 7472 4548 7473 2189 7473 2188 7473 4548 7474 2188 7474 4547 7474 4547 7475 2188 7475 2207 7475 4547 7476 2207 7476 4546 7476 4546 7477 2207 7477 2206 7477 4546 7478 2206 7478 4545 7478 4545 7479 2206 7479 2205 7479 4545 7480 2205 7480 4544 7480 4544 7481 2205 7481 2204 7481 4544 7482 2204 7482 4543 7482 4543 7483 2204 7483 2203 7483 4543 7484 2203 7484 4542 7484 4542 7485 2203 7485 2202 7485 4542 7486 2202 7486 4541 7486 4541 7487 2202 7487 2201 7487 4541 7488 2201 7488 4540 7488 4540 7489 2201 7489 2200 7489 4540 7490 2200 7490 4539 7490 4539 7491 2200 7491 2199 7491 4539 7492 2199 7492 4538 7492 4538 7493 2199 7493 2197 7493 4538 7494 2197 7494 4537 7494 4537 7495 2197 7495 2196 7495 4537 7496 2196 7496 4572 7496 4572 7497 2196 7497 2180 7497 4572 7498 2180 7498 4571 7498 4571 7499 2180 7499 2179 7499 4571 7500 2179 7500 4570 7500 4570 7501 2179 7501 2177 7501 4570 7502 2177 7502 4569 7502 4569 7503 2177 7503 2176 7503 4569 7504 2176 7504 4568 7504 4568 7505 2176 7505 2217 7505 4568 7506 2217 7506 4567 7506 4567 7507 2217 7507 2216 7507 4567 7508 2216 7508 4566 7508 4566 7509 2216 7509 2223 7509 4566 7510 2223 7510 4565 7510 4565 7511 2223 7511 2222 7511 4565 7512 2222 7512 4564 7512 4564 7513 2222 7513 2221 7513 4564 7514 2221 7514 4563 7514 4563 7515 2221 7515 2220 7515 4563 7516 2220 7516 4562 7516 4562 7517 2220 7517 2219 7517 4562 7518 2219 7518 4561 7518 4561 7519 2219 7519 2218 7519 4561 7520 2218 7520 4560 7520 4560 7521 2218 7521 2213 7521 4560 7522 2213 7522 4559 7522 4559 7523 2213 7523 2175 7523 4559 7524 2175 7524 4558 7524 4558 7525 2175 7525 2185 7525 4558 7526 2185 7526 4557 7526 4557 7527 2185 7527 2212 7527 4557 7528 2212 7528 4556 7528 4556 7529 2212 7529 2211 7529 4556 7530 2211 7530 4555 7530 4555 7531 2211 7531 2209 7531 4555 7532 2209 7532 4554 7532 4554 7533 2209 7533 2208 7533 2438 7534 4107 7534 2439 7534 2439 7535 4107 7535 4106 7535 2439 7536 4106 7536 2440 7536 2440 7537 4106 7537 4105 7537 2440 7538 4105 7538 2429 7538 2429 7539 4105 7539 4104 7539 2429 7540 4104 7540 2430 7540 2430 7541 4104 7541 4103 7541 2430 7542 4103 7542 2432 7542 2432 7543 4103 7543 4102 7543 2432 7544 4102 7544 2433 7544 2433 7545 4102 7545 4092 7545 2433 7546 4092 7546 2441 7546 2441 7547 4092 7547 4091 7547 2441 7548 4091 7548 2442 7548 2442 7549 4091 7549 4101 7549 2442 7550 4101 7550 2443 7550 2443 7551 4101 7551 4100 7551 2443 7552 4100 7552 2452 7552 2452 7553 4100 7553 4099 7553 2452 7554 4099 7554 2451 7554 2451 7555 4099 7555 4098 7555 2451 7556 4098 7556 2450 7556 2450 7557 4098 7557 4097 7557 2450 7558 4097 7558 2453 7558 2453 7559 4097 7559 4096 7559 2453 7560 4096 7560 2454 7560 2454 7561 4096 7561 4093 7561 2454 7562 4093 7562 2455 7562 2455 7563 4093 7563 4094 7563 2455 7564 4094 7564 2461 7564 2461 7565 4094 7565 4095 7565 2461 7566 4095 7566 2462 7566 2462 7567 4095 7567 4113 7567 2462 7568 4113 7568 2463 7568 2463 7569 4113 7569 4112 7569 2463 7570 4112 7570 2456 7570 2456 7571 4112 7571 4111 7571 2456 7572 4111 7572 2457 7572 2457 7573 4111 7573 4110 7573 2457 7574 4110 7574 2459 7574 2459 7575 4110 7575 4109 7575 2459 7576 4109 7576 2460 7576 2460 7577 4109 7577 4108 7577 2460 7578 4108 7578 2448 7578 2448 7579 4108 7579 4090 7579 2448 7580 4090 7580 2449 7580 2449 7581 4090 7581 4089 7581 2449 7582 4089 7582 2458 7582 2458 7583 4089 7583 4088 7583 2458 7584 4088 7584 2444 7584 2444 7585 4088 7585 4078 7585 2444 7586 4078 7586 2445 7586 2445 7587 4078 7587 4077 7587 2445 7588 4077 7588 2446 7588 2446 7589 4077 7589 4085 7589 2446 7590 4085 7590 2425 7590 2425 7591 4085 7591 4084 7591 2425 7592 4084 7592 2427 7592 2427 7593 4084 7593 4083 7593 2427 7594 4083 7594 2428 7594 2428 7595 4083 7595 4087 7595 2428 7596 4087 7596 2436 7596 2436 7597 4087 7597 4086 7597 2436 7598 4086 7598 2437 7598 2437 7599 4086 7599 4082 7599 2437 7600 4082 7600 2434 7600 2434 7601 4082 7601 4081 7601 2434 7602 4081 7602 2435 7602 2435 7603 4081 7603 4080 7603 2435 7604 4080 7604 2438 7604 2438 7605 4080 7605 4107 7605 2479 7606 4337 7606 2480 7606 2480 7607 4337 7607 4336 7607 2480 7608 4336 7608 2471 7608 2471 7609 4336 7609 4335 7609 2471 7610 4335 7610 2470 7610 2470 7611 4335 7611 4334 7611 2470 7612 4334 7612 2468 7612 2468 7613 4334 7613 4333 7613 2468 7614 4333 7614 2472 7614 2472 7615 4333 7615 4332 7615 2472 7616 4332 7616 2473 7616 2473 7617 4332 7617 4322 7617 2473 7618 4322 7618 2481 7618 2481 7619 4322 7619 4321 7619 2481 7620 4321 7620 2482 7620 2482 7621 4321 7621 4331 7621 2482 7622 4331 7622 2483 7622 2483 7623 4331 7623 4330 7623 2483 7624 4330 7624 2506 7624 2506 7625 4330 7625 4329 7625 2506 7626 4329 7626 2507 7626 2507 7627 4329 7627 4328 7627 2507 7628 4328 7628 2509 7628 2509 7629 4328 7629 4327 7629 2509 7630 4327 7630 2510 7630 2510 7631 4327 7631 4326 7631 2510 7632 4326 7632 2511 7632 2511 7633 4326 7633 4323 7633 2511 7634 4323 7634 2512 7634 2512 7635 4323 7635 4324 7635 2512 7636 4324 7636 2519 7636 2519 7637 4324 7637 4325 7637 2519 7638 4325 7638 2521 7638 2521 7639 4325 7639 4343 7639 2521 7640 4343 7640 2522 7640 2522 7641 4343 7641 4342 7641 2522 7642 4342 7642 2497 7642 2497 7643 4342 7643 4341 7643 2497 7644 4341 7644 2498 7644 2498 7645 4341 7645 4340 7645 2498 7646 4340 7646 2502 7646 2502 7647 4340 7647 4339 7647 2502 7648 4339 7648 2501 7648 2501 7649 4339 7649 4338 7649 2501 7650 4338 7650 2503 7650 2503 7651 4338 7651 4320 7651 2503 7652 4320 7652 2504 7652 2504 7653 4320 7653 4319 7653 2504 7654 4319 7654 2505 7654 2505 7655 4319 7655 4318 7655 2505 7656 4318 7656 2486 7656 2486 7657 4318 7657 4308 7657 2486 7658 4308 7658 2487 7658 2487 7659 4308 7659 4307 7659 2487 7660 4307 7660 2488 7660 2488 7661 4307 7661 4315 7661 2488 7662 4315 7662 2464 7662 2464 7663 4315 7663 4314 7663 2464 7664 4314 7664 2466 7664 2466 7665 4314 7665 4313 7665 2466 7666 4313 7666 2467 7666 2467 7667 4313 7667 4317 7667 2467 7668 4317 7668 2475 7668 2475 7669 4317 7669 4316 7669 2475 7670 4316 7670 2476 7670 2476 7671 4316 7671 4312 7671 2476 7672 4312 7672 2477 7672 2477 7673 4312 7673 4311 7673 2477 7674 4311 7674 2478 7674 2478 7675 4311 7675 4310 7675 2478 7676 4310 7676 2479 7676 2479 7677 4310 7677 4337 7677 2559 7678 4299 7678 2560 7678 2560 7679 4299 7679 4298 7679 2560 7680 4298 7680 2563 7680 2563 7681 4298 7681 4297 7681 2563 7682 4297 7682 2529 7682 2529 7683 4297 7683 4296 7683 2529 7684 4296 7684 2530 7684 2530 7685 4296 7685 4295 7685 2530 7686 4295 7686 2547 7686 2547 7687 4295 7687 4294 7687 2547 7688 4294 7688 2548 7688 2548 7689 4294 7689 4293 7689 2548 7690 4293 7690 2549 7690 2549 7691 4293 7691 4292 7691 2549 7692 4292 7692 2527 7692 2527 7693 4292 7693 4291 7693 2527 7694 4291 7694 2528 7694 2528 7695 4291 7695 4290 7695 2528 7696 4290 7696 2566 7696 2566 7697 4290 7697 4289 7697 2566 7698 4289 7698 2567 7698 2567 7699 4289 7699 4288 7699 2567 7700 4288 7700 2569 7700 2569 7701 4288 7701 4287 7701 2569 7702 4287 7702 2570 7702 2570 7703 4287 7703 4286 7703 2570 7704 4286 7704 2571 7704 2571 7705 4286 7705 4285 7705 2571 7706 4285 7706 2572 7706 2572 7707 4285 7707 4284 7707 2572 7708 4284 7708 2580 7708 2580 7709 4284 7709 4283 7709 2580 7710 4283 7710 2581 7710 2581 7711 4283 7711 4306 7711 2581 7712 4306 7712 2582 7712 2582 7713 4306 7713 4305 7713 2582 7714 4305 7714 2573 7714 2573 7715 4305 7715 4304 7715 2573 7716 4304 7716 2574 7716 2574 7717 4304 7717 4303 7717 2574 7718 4303 7718 2578 7718 2578 7719 4303 7719 4302 7719 2578 7720 4302 7720 2579 7720 2579 7721 4302 7721 4301 7721 2579 7722 4301 7722 2577 7722 2577 7723 4301 7723 4276 7723 2577 7724 4276 7724 2576 7724 2576 7725 4276 7725 4275 7725 2576 7726 4275 7726 2523 7726 2523 7727 4275 7727 4279 7727 2523 7728 4279 7728 2524 7728 2524 7729 4279 7729 4282 7729 2524 7730 4282 7730 2525 7730 2525 7731 4282 7731 4281 7731 2525 7732 4281 7732 2535 7732 2535 7733 4281 7733 4280 7733 2535 7734 4280 7734 2536 7734 2536 7735 4280 7735 4274 7735 2536 7736 4274 7736 2550 7736 2550 7737 4274 7737 4273 7737 2550 7738 4273 7738 2551 7738 2551 7739 4273 7739 4278 7739 2551 7740 4278 7740 2552 7740 2552 7741 4278 7741 4277 7741 2552 7742 4277 7742 2556 7742 2556 7743 4277 7743 4272 7743 2556 7744 4272 7744 2553 7744 2553 7745 4272 7745 4271 7745 2553 7746 4271 7746 2558 7746 2558 7747 4271 7747 4300 7747 2558 7748 4300 7748 2559 7748 2559 7749 4300 7749 4299 7749 2605 7750 4069 7750 2606 7750 2606 7751 4069 7751 4068 7751 2606 7752 4068 7752 2597 7752 2597 7753 4068 7753 4067 7753 2597 7754 4067 7754 2596 7754 2596 7755 4067 7755 4066 7755 2596 7756 4066 7756 2595 7756 2595 7757 4066 7757 4065 7757 2595 7758 4065 7758 2598 7758 2598 7759 4065 7759 4064 7759 2598 7760 4064 7760 2599 7760 2599 7761 4064 7761 4063 7761 2599 7762 4063 7762 2600 7762 2600 7763 4063 7763 4062 7763 2600 7764 4062 7764 2588 7764 2588 7765 4062 7765 4061 7765 2588 7766 4061 7766 2589 7766 2589 7767 4061 7767 4060 7767 2589 7768 4060 7768 2607 7768 2607 7769 4060 7769 4059 7769 2607 7770 4059 7770 2608 7770 2608 7771 4059 7771 4058 7771 2608 7772 4058 7772 2610 7772 2610 7773 4058 7773 4057 7773 2610 7774 4057 7774 2613 7774 2613 7775 4057 7775 4056 7775 2613 7776 4056 7776 2614 7776 2614 7777 4056 7777 4055 7777 2614 7778 4055 7778 2615 7778 2615 7779 4055 7779 4054 7779 2615 7780 4054 7780 2620 7780 2620 7781 4054 7781 4053 7781 2620 7782 4053 7782 2621 7782 2621 7783 4053 7783 4076 7783 2621 7784 4076 7784 2622 7784 2622 7785 4076 7785 4075 7785 2622 7786 4075 7786 2616 7786 2616 7787 4075 7787 4074 7787 2616 7788 4074 7788 2617 7788 2617 7789 4074 7789 4073 7789 2617 7790 4073 7790 2618 7790 2618 7791 4073 7791 4072 7791 2618 7792 4072 7792 2619 7792 2619 7793 4072 7793 4071 7793 2619 7794 4071 7794 2612 7794 2612 7795 4071 7795 4052 7795 2612 7796 4052 7796 2583 7796 2583 7797 4052 7797 4051 7797 2583 7798 4051 7798 2584 7798 2584 7799 4051 7799 4050 7799 2584 7800 4050 7800 2586 7800 2586 7801 4050 7801 4041 7801 2586 7802 4041 7802 2587 7802 2587 7803 4041 7803 4040 7803 2587 7804 4040 7804 2590 7804 2590 7805 4040 7805 4045 7805 2590 7806 4045 7806 2591 7806 2591 7807 4045 7807 4046 7807 2591 7808 4046 7808 2593 7808 2593 7809 4046 7809 4047 7809 2593 7810 4047 7810 2594 7810 2594 7811 4047 7811 4049 7811 2594 7812 4049 7812 2601 7812 2601 7813 4049 7813 4048 7813 2601 7814 4048 7814 2602 7814 2602 7815 4048 7815 4044 7815 2602 7816 4044 7816 2603 7816 2603 7817 4044 7817 4043 7817 2603 7818 4043 7818 2604 7818 2604 7819 4043 7819 4070 7819 2604 7820 4070 7820 2605 7820 2605 7821 4070 7821 4069 7821 3196 7822 2150 7822 3197 7822 3197 7823 2150 7823 2149 7823 3197 7824 2149 7824 3858 7824 3858 7825 2149 7825 2532 7825 3858 7826 2532 7826 3878 7826 3878 7827 2532 7827 3081 7827 3878 7828 3081 7828 3277 7828 3277 7829 3081 7829 2359 7829 3277 7830 2359 7830 3578 7830 3578 7831 2359 7831 2935 7831 3578 7832 2935 7832 3580 7832 3580 7833 2935 7833 2941 7833 3580 7834 2941 7834 3587 7834 2941 7835 2349 7835 3587 7835 3587 7836 2349 7836 2298 7836 3587 7837 2298 7837 3345 7837 3345 7838 2298 7838 2305 7838 2069 7839 3454 7839 2070 7839 2070 7840 3454 7840 4039 7840 2070 7841 4039 7841 2592 7841 2592 7842 4039 7842 3839 7842 2592 7843 3839 7843 3065 7843 3065 7844 3839 7844 3186 7844 3065 7845 3186 7845 2305 7845 2305 7846 3186 7846 3831 7846 2305 7847 3831 7847 3345 7847 4114 7848 2090 7848 4115 7848 4115 7849 2090 7849 2091 7849 4115 7850 2091 7850 3813 7850 3813 7851 2091 7851 2447 7851 3813 7852 2447 7852 3807 7852 3807 7853 2447 7853 3054 7853 3807 7854 3054 7854 3828 7854 3828 7855 3054 7855 3058 7855 3828 7856 3058 7856 3788 7856 3788 7857 3058 7857 2162 7857 3788 7858 2162 7858 3631 7858 3631 7859 2162 7859 2214 7859 3631 7860 2214 7860 3639 7860 3639 7861 2214 7861 2950 7861 3639 7862 2950 7862 3645 7862 3645 7863 2950 7863 2282 7863 3645 7864 2282 7864 3655 7864 3655 7865 2282 7865 2231 7865 3655 7866 2231 7866 3783 7866 3783 7867 2231 7867 2230 7867 3783 7868 2230 7868 3758 7868 3758 7869 2230 7869 2491 7869 3758 7870 2491 7870 3742 7870 3742 7871 2491 7871 2076 7871 3742 7872 2076 7872 3432 7872 3432 7873 2076 7873 2075 7873 3454 7874 2069 7874 2151 7874 3454 7875 2151 7875 3452 7875 3452 7876 2151 7876 2154 7876 3452 7877 2154 7877 3445 7877 3445 7878 2154 7878 2160 7878 3445 7879 2160 7879 3446 7879 3446 7880 2160 7880 2161 7880 3446 7881 2161 7881 3450 7881 3450 7882 2161 7882 2159 7882 3450 7883 2159 7883 3451 7883 3451 7884 2159 7884 2158 7884 3451 7885 2158 7885 3447 7885 3447 7886 2158 7886 2157 7886 3447 7887 2157 7887 3448 7887 3448 7888 2157 7888 2156 7888 3448 7889 2156 7889 3449 7889 3449 7890 2156 7890 2155 7890 3449 7891 2155 7891 3190 7891 2150 7892 3196 7892 3417 7892 2150 7893 3417 7893 2072 7893 2072 7894 3417 7894 3416 7894 2072 7895 3416 7895 2073 7895 2073 7896 3416 7896 3415 7896 2073 7897 3415 7897 2147 7897 2147 7898 3415 7898 3413 7898 2147 7899 3413 7899 2146 7899 2146 7900 3413 7900 3412 7900 2146 7901 3412 7901 2128 7901 2128 7902 3412 7902 3421 7902 2128 7903 3421 7903 2121 7903 2121 7904 3421 7904 3419 7904 2121 7905 3419 7905 2123 7905 2123 7906 3419 7906 3418 7906 2123 7907 3418 7907 2122 7907 2122 7908 3418 7908 4422 7908 2122 7909 4422 7909 2120 7909 2090 7910 4114 7910 3434 7910 2090 7911 3434 7911 2088 7911 2088 7912 3434 7912 3433 7912 2088 7913 3433 7913 2080 7913 2080 7914 3433 7914 3444 7914 2080 7915 3444 7915 2084 7915 2084 7916 3444 7916 3443 7916 2084 7917 3443 7917 2085 7917 2085 7918 3443 7918 3442 7918 2085 7919 3442 7919 2086 7919 2086 7920 3442 7920 3441 7920 2086 7921 3441 7921 2087 7921 2087 7922 3441 7922 3440 7922 2087 7923 3440 7923 2083 7923 2083 7924 3440 7924 3439 7924 2083 7925 3439 7925 2082 7925 2082 7926 3439 7926 3438 7926 2082 7927 3438 7927 2081 7927 3085 7928 3193 7928 3424 7928 3085 7929 3424 7929 3087 7929 3087 7930 3424 7930 3423 7930 3087 7931 3423 7931 3088 7931 3088 7932 3423 7932 3422 7932 3088 7933 3422 7933 3086 7933 3086 7934 3422 7934 3429 7934 3086 7935 3429 7935 2103 7935 2103 7936 3429 7936 3428 7936 2103 7937 3428 7937 2119 7937 2119 7938 3428 7938 3426 7938 2119 7939 3426 7939 2118 7939 2118 7940 3426 7940 3425 7940 2118 7941 3425 7941 2099 7941 2099 7942 3425 7942 3430 7942 2099 7943 3430 7943 2092 7943 2092 7944 3430 7944 3432 7944 2092 7945 3432 7945 2075 7945 2884 7946 3549 7946 2922 7946 2922 7947 3549 7947 3562 7947 2922 7948 3562 7948 2054 7948 2054 7949 3562 7949 3564 7949 2054 7950 3564 7950 2055 7950 2055 7951 3564 7951 3533 7951 2055 7952 3533 7952 2910 7952 2910 7953 3533 7953 3531 7953 2059 7954 3508 7954 2858 7954 2858 7955 3508 7955 3510 7955 2858 7956 3510 7956 2859 7956 2859 7957 3510 7957 3512 7957 2859 7958 3512 7958 2866 7958 2866 7959 3512 7959 3514 7959 2866 7960 3514 7960 2850 7960 2850 7961 3514 7961 3502 7961 2850 7962 3502 7962 2879 7962 2879 7963 3502 7963 3558 7963 2879 7964 3558 7964 2881 7964 2881 7965 3558 7965 3559 7965 2881 7966 3559 7966 2882 7966 2882 7967 3559 7967 3567 7967 2882 7968 3567 7968 2884 7968 2884 7969 3567 7969 3549 7969 3526 7970 3508 7970 2059 7970 2896 7971 2895 7971 3543 7971 3543 7972 3542 7972 2896 7972 2896 7973 3542 7973 3541 7973 2896 7974 3541 7974 2897 7974 2897 7975 3541 7975 3526 7975 2897 7976 3526 7976 2061 7976 2061 7977 3526 7977 2059 7977 2056 7978 3530 7978 2057 7978 2057 7979 3530 7979 3529 7979 2057 7980 3529 7980 3098 7980 3098 7981 3529 7981 3539 7981 3098 7982 3539 7982 3099 7982 3099 7983 3539 7983 3537 7983 3099 7984 3537 7984 3101 7984 3101 7985 3537 7985 3535 7985 3101 7986 3535 7986 2892 7986 2892 7987 3535 7987 3545 7987 2892 7988 3545 7988 2891 7988 2891 7989 3545 7989 3544 7989 3093 7990 3498 7990 3092 7990 3092 7991 3498 7991 3499 7991 3092 7992 3499 7992 3091 7992 3091 7993 3499 7993 3481 7993 3091 7994 3481 7994 2623 7994 2623 7995 3481 7995 3483 7995 2623 7996 3483 7996 2624 7996 2624 7997 3483 7997 3480 7997 2624 7998 3480 7998 3089 7998 3089 7999 3480 7999 3479 7999 3089 8000 3479 8000 3090 8000 3090 8001 3479 8001 3486 8001 2630 8002 3494 8002 2629 8002 2629 8003 3494 8003 3496 8003 2629 8004 3496 8004 3093 8004 3093 8005 3496 8005 3498 8005 2646 8006 3477 8006 2644 8006 2644 8007 3477 8007 4037 8007 2644 8008 4037 8008 2645 8008 2645 8009 4037 8009 3980 8009 2868 8010 3521 8010 2869 8010 2869 8011 3521 8011 3520 8011 2869 8012 3520 8012 2864 8012 2864 8013 3520 8013 3505 8013 2864 8014 3505 8014 2862 8014 2862 8015 3505 8015 3504 8015 2862 8016 3504 8016 2854 8016 2854 8017 3504 8017 3516 8017 2854 8018 3516 8018 2848 8018 2848 8019 3516 8019 3515 8019 2848 8020 3515 8020 2849 8020 2849 8021 3515 8021 3501 8021 2849 8022 3501 8022 2865 8022 2865 8023 3501 8023 3500 8023 2865 8024 3500 8024 2857 8024 2857 8025 3500 8025 3511 8025 2857 8026 3511 8026 2851 8026 2851 8027 3511 8027 3509 8027 2851 8028 3509 8028 2852 8028 2852 8029 3509 8029 3507 8029 2852 8030 3507 8030 2853 8030 2853 8031 3507 8031 3506 8031 2853 8032 3506 8032 2060 8032 2060 8033 3506 8033 3525 8033 3523 8034 3521 8034 2063 8034 2063 8035 3521 8035 2868 8035 2062 8036 2060 8036 3527 8036 3527 8037 2060 8037 3525 8037 2876 8038 2874 8038 3569 8038 3569 8039 2874 8039 3574 8039 2923 8040 3561 8040 2924 8040 2924 8041 3561 8041 3560 8041 2924 8042 3560 8042 2885 8042 2885 8043 3560 8043 3551 8043 2885 8044 3551 8044 2883 8044 2883 8045 3551 8045 3550 8045 2883 8046 3550 8046 2878 8046 2878 8047 3550 8047 3557 8047 2878 8048 3557 8048 2877 8048 2877 8049 3557 8049 3556 8049 2877 8050 3556 8050 2880 8050 2880 8051 3556 8051 3555 8051 2880 8052 3555 8052 2889 8052 2889 8053 3555 8053 3565 8053 2889 8054 3565 8054 2886 8054 2886 8055 3565 8055 3553 8055 2886 8056 3553 8056 2871 8056 2871 8057 3553 8057 3547 8057 2871 8058 3547 8058 2872 8058 2872 8059 3547 8059 3546 8059 2872 8060 3546 8060 2873 8060 2873 8061 3546 8061 3575 8061 2873 8062 3575 8062 2874 8062 2874 8063 3575 8063 3574 8063 3563 8064 3561 8064 2053 8064 2053 8065 3561 8065 2923 8065 3303 8066 2412 8066 3306 8066 3306 8067 2412 8067 2416 8067 3306 8068 2416 8068 3572 8068 3572 8069 2416 8069 2927 8069 3572 8070 2927 8070 3571 8070 3571 8071 2927 8071 2926 8071 3571 8072 2926 8072 3570 8072 3570 8073 2926 8073 2925 8073 3570 8074 2925 8074 3404 8074 3404 8075 2925 8075 2289 8075 3404 8076 2289 8076 3403 8076 3403 8077 2289 8077 2280 8077 2863 8078 3503 8078 2867 8078 2867 8079 3503 8079 3522 8079 2867 8080 3522 8080 2064 8080 2064 8081 3522 8081 3524 8081 2064 8082 3524 8082 2065 8082 2065 8083 3524 8083 3200 8083 2065 8084 3200 8084 2836 8084 2836 8085 3200 8085 3199 8085 2870 8086 3548 8086 2887 8086 2887 8087 3548 8087 3552 8087 2887 8088 3552 8088 2888 8088 2888 8089 3552 8089 3554 8089 2888 8090 3554 8090 2890 8090 2890 8091 3554 8091 3566 8091 2890 8092 3566 8092 2855 8092 2855 8093 3566 8093 3513 8093 2855 8094 3513 8094 2856 8094 2856 8095 3513 8095 3517 8095 2856 8096 3517 8096 2860 8096 2860 8097 3517 8097 3518 8097 2860 8098 3518 8098 2861 8098 2861 8099 3518 8099 3519 8099 2861 8100 3519 8100 2863 8100 2863 8101 3519 8101 3503 8101 3573 8102 3548 8102 2870 8102 2931 8103 2930 8103 3301 8103 3301 8104 3300 8104 2931 8104 2931 8105 3300 8105 3568 8105 2931 8106 3568 8106 2932 8106 2932 8107 3568 8107 3573 8107 2932 8108 3573 8108 2875 8108 2875 8109 3573 8109 2870 8109 3090 8110 3486 8110 3094 8110 3094 8111 3486 8111 3488 8111 3094 8112 3488 8112 3095 8112 3095 8113 3488 8113 3490 8113 3095 8114 3490 8114 2632 8114 2632 8115 3490 8115 3492 8115 2632 8116 3492 8116 2630 8116 2630 8117 3492 8117 3494 8117 2645 8118 3980 8118 2642 8118 2642 8119 3980 8119 3457 8119 2642 8120 3457 8120 2641 8120 2641 8121 3457 8121 3458 8121 2641 8122 3458 8122 2640 8122 2640 8123 3458 8123 3460 8123 2640 8124 3460 8124 2636 8124 2636 8125 3460 8125 3462 8125 2636 8126 3462 8126 2066 8126 2066 8127 3462 8127 3463 8127 2633 8128 3467 8128 3102 8128 3102 8129 3467 8129 3469 8129 3102 8130 3469 8130 3103 8130 3103 8131 3469 8131 3471 8131 3103 8132 3471 8132 3104 8132 3104 8133 3471 8133 3473 8133 3104 8134 3473 8134 2648 8134 2648 8135 3473 8135 3475 8135 2648 8136 3475 8136 2646 8136 2646 8137 3475 8137 3477 8137 2066 8138 3463 8138 2067 8138 2067 8139 3463 8139 3465 8139 2067 8140 3465 8140 2633 8140 2633 8141 3465 8141 3467 8141 1040 8142 4008 8142 1075 8142 1075 8143 4008 8143 4024 8143 1075 8144 4024 8144 1074 8144 1074 8145 4024 8145 4028 8145 1074 8146 4028 8146 1073 8146 1073 8147 4028 8147 4027 8147 1073 8148 4027 8148 1072 8148 1072 8149 4027 8149 4023 8149 1072 8150 4023 8150 1071 8150 1071 8151 4023 8151 4022 8151 1071 8152 4022 8152 1070 8152 1070 8153 4022 8153 4021 8153 1070 8154 4021 8154 1069 8154 1069 8155 4021 8155 4005 8155 1069 8156 4005 8156 1068 8156 1068 8157 4005 8157 4004 8157 1068 8158 4004 8158 1067 8158 1067 8159 4004 8159 4003 8159 1067 8160 4003 8160 1066 8160 1066 8161 4003 8161 4020 8161 1066 8162 4020 8162 1065 8162 1065 8163 4020 8163 4019 8163 1065 8164 4019 8164 1064 8164 1064 8165 4019 8165 4018 8165 1064 8166 4018 8166 1063 8166 1063 8167 4018 8167 4033 8167 1063 8168 4033 8168 1062 8168 1062 8169 4033 8169 4032 8169 1062 8170 4032 8170 1061 8170 1061 8171 4032 8171 4026 8171 1061 8172 4026 8172 1060 8172 1060 8173 4026 8173 4025 8173 1060 8174 4025 8174 1059 8174 1059 8175 4025 8175 4036 8175 1059 8176 4036 8176 1058 8176 1058 8177 4036 8177 4035 8177 1058 8178 4035 8178 1057 8178 1057 8179 4035 8179 4034 8179 1057 8180 4034 8180 1056 8180 1056 8181 4034 8181 4031 8181 1056 8182 4031 8182 1055 8182 1055 8183 4031 8183 4030 8183 1055 8184 4030 8184 1054 8184 1054 8185 4030 8185 4029 8185 1054 8186 4029 8186 1053 8186 1053 8187 4029 8187 4017 8187 1053 8188 4017 8188 1052 8188 1052 8189 4017 8189 4016 8189 1052 8190 4016 8190 1051 8190 1051 8191 4016 8191 4015 8191 1051 8192 4015 8192 1050 8192 1050 8193 4015 8193 4000 8193 1050 8194 4000 8194 1049 8194 1049 8195 4000 8195 3999 8195 1049 8196 3999 8196 1048 8196 1048 8197 3999 8197 4012 8197 1048 8198 4012 8198 1047 8198 1047 8199 4012 8199 4011 8199 1047 8200 4011 8200 1046 8200 1046 8201 4011 8201 4010 8201 1046 8202 4010 8202 1045 8202 1045 8203 4010 8203 4009 8203 1045 8204 4009 8204 1044 8204 1044 8205 4009 8205 4014 8205 1044 8206 4014 8206 1043 8206 1043 8207 4014 8207 4013 8207 1043 8208 4013 8208 1042 8208 1042 8209 4013 8209 4006 8209 1042 8210 4006 8210 1041 8210 1041 8211 4006 8211 4007 8211 1041 8212 4007 8212 1040 8212 1040 8213 4007 8213 4008 8213 2141 8214 4349 8214 2134 8214 2134 8215 4349 8215 4375 8215 2134 8216 4375 8216 2135 8216 2135 8217 4375 8217 4379 8217 2135 8218 4379 8218 2142 8218 2142 8219 4379 8219 4378 8219 2142 8220 4378 8220 2143 8220 2143 8221 4378 8221 4374 8221 2143 8222 4374 8222 2136 8222 2136 8223 4374 8223 4373 8223 2136 8224 4373 8224 2137 8224 2137 8225 4373 8225 4372 8225 2137 8226 4372 8226 2138 8226 2138 8227 4372 8227 4366 8227 2138 8228 4366 8228 2139 8228 2139 8229 4366 8229 4365 8229 2139 8230 4365 8230 2140 8230 2140 8231 4365 8231 4364 8231 2140 8232 4364 8232 2651 8232 2651 8233 4364 8233 4363 8233 2651 8234 4363 8234 2652 8234 2652 8235 4363 8235 4362 8235 2652 8236 4362 8236 2654 8236 2654 8237 4362 8237 4361 8237 2654 8238 4361 8238 2662 8238 2662 8239 4361 8239 4377 8239 2662 8240 4377 8240 2663 8240 2663 8241 4377 8241 4376 8241 2663 8242 4376 8242 2664 8242 2664 8243 4376 8243 4368 8243 2664 8244 4368 8244 2665 8244 2665 8245 4368 8245 4367 8245 2665 8246 4367 8246 2666 8246 2666 8247 4367 8247 4382 8247 2666 8248 4382 8248 2667 8248 2667 8249 4382 8249 4381 8249 2667 8250 4381 8250 2657 8250 2657 8251 4381 8251 4380 8251 2657 8252 4380 8252 2658 8252 2658 8253 4380 8253 4371 8253 2658 8254 4371 8254 2659 8254 2659 8255 4371 8255 4370 8255 2659 8256 4370 8256 2660 8256 2660 8257 4370 8257 4369 8257 2660 8258 4369 8258 2661 8258 2661 8259 4369 8259 4354 8259 2661 8260 4354 8260 2655 8260 2655 8261 4354 8261 4353 8261 2655 8262 4353 8262 2656 8262 2656 8263 4353 8263 4357 8263 2656 8264 4357 8264 2124 8264 2124 8265 4357 8265 4360 8265 2124 8266 4360 8266 2125 8266 2125 8267 4360 8267 4359 8267 2125 8268 4359 8268 2127 8268 2127 8269 4359 8269 4358 8269 2127 8270 4358 8270 2129 8270 2129 8271 4358 8271 4352 8271 2129 8272 4352 8272 2130 8272 2130 8273 4352 8273 4351 8273 2130 8274 4351 8274 2131 8274 2131 8275 4351 8275 4350 8275 2131 8276 4350 8276 2132 8276 2132 8277 4350 8277 4356 8277 2132 8278 4356 8278 2133 8278 2133 8279 4356 8279 4355 8279 2133 8280 4355 8280 2144 8280 2144 8281 4355 8281 4346 8281 2144 8282 4346 8282 2145 8282 2145 8283 4346 8283 4348 8283 2145 8284 4348 8284 2141 8284 2141 8285 4348 8285 4349 8285 1004 8286 3914 8286 1039 8286 1039 8287 3914 8287 3915 8287 1039 8288 3915 8288 1038 8288 1038 8289 3915 8289 3919 8289 1038 8290 3919 8290 1037 8290 1037 8291 3919 8291 3918 8291 1037 8292 3918 8292 1036 8292 1036 8293 3918 8293 3913 8293 1036 8294 3913 8294 1035 8294 1035 8295 3913 8295 3912 8295 1035 8296 3912 8296 1034 8296 1034 8297 3912 8297 3911 8297 1034 8298 3911 8298 1033 8298 1033 8299 3911 8299 3905 8299 1033 8300 3905 8300 1032 8300 1032 8301 3905 8301 3904 8301 1032 8302 3904 8302 1031 8302 1031 8303 3904 8303 3903 8303 1031 8304 3903 8304 1030 8304 1030 8305 3903 8305 3901 8305 1030 8306 3901 8306 1029 8306 1029 8307 3901 8307 3899 8307 1029 8308 3899 8308 1028 8308 1028 8309 3899 8309 3898 8309 1028 8310 3898 8310 1027 8310 1027 8311 3898 8311 3917 8311 1027 8312 3917 8312 1026 8312 1026 8313 3917 8313 3916 8313 1026 8314 3916 8314 1025 8314 1025 8315 3916 8315 3907 8315 1025 8316 3907 8316 1024 8316 1024 8317 3907 8317 3906 8317 1024 8318 3906 8318 1023 8318 1023 8319 3906 8319 3922 8319 1023 8320 3922 8320 1022 8320 1022 8321 3922 8321 3921 8321 1022 8322 3921 8322 1021 8322 1021 8323 3921 8323 3920 8323 1021 8324 3920 8324 1020 8324 1020 8325 3920 8325 3910 8325 1020 8326 3910 8326 1019 8326 1019 8327 3910 8327 3909 8327 1019 8328 3909 8328 1018 8328 1018 8329 3909 8329 3908 8329 1018 8330 3908 8330 1017 8330 1017 8331 3908 8331 3891 8331 1017 8332 3891 8332 1016 8332 1016 8333 3891 8333 3890 8333 1016 8334 3890 8334 1015 8334 1015 8335 3890 8335 3894 8335 1015 8336 3894 8336 1014 8336 1014 8337 3894 8337 3897 8337 1014 8338 3897 8338 1013 8338 1013 8339 3897 8339 3896 8339 1013 8340 3896 8340 1012 8340 1012 8341 3896 8341 3895 8341 1012 8342 3895 8342 1011 8342 1011 8343 3895 8343 3889 8343 1011 8344 3889 8344 1010 8344 1010 8345 3889 8345 3888 8345 1010 8346 3888 8346 1009 8346 1009 8347 3888 8347 3887 8347 1009 8348 3887 8348 1008 8348 1008 8349 3887 8349 3893 8349 1008 8350 3893 8350 1007 8350 1007 8351 3893 8351 3892 8351 1007 8352 3892 8352 1006 8352 1006 8353 3892 8353 3886 8353 1006 8354 3886 8354 1005 8354 1005 8355 3886 8355 3885 8355 1005 8356 3885 8356 1004 8356 1004 8357 3885 8357 3914 8357 2691 8358 4142 8358 2680 8358 2680 8359 4142 8359 4141 8359 2680 8360 4141 8360 2681 8360 2681 8361 4141 8361 4140 8361 2681 8362 4140 8362 2683 8362 2683 8363 4140 8363 4153 8363 2683 8364 4153 8364 2684 8364 2684 8365 4153 8365 4152 8365 2684 8366 4152 8366 2685 8366 2685 8367 4152 8367 4151 8367 2685 8368 4151 8368 2686 8368 2686 8369 4151 8369 4150 8369 2686 8370 4150 8370 2687 8370 2687 8371 4150 8371 4149 8371 2687 8372 4149 8372 2673 8372 2673 8373 4149 8373 4139 8373 2673 8374 4139 8374 2674 8374 2674 8375 4139 8375 4138 8375 2674 8376 4138 8376 2676 8376 2676 8377 4138 8377 4137 8377 2676 8378 4137 8378 2677 8378 2677 8379 4137 8379 4136 8379 2677 8380 4136 8380 2695 8380 2695 8381 4136 8381 4135 8381 2695 8382 4135 8382 2696 8382 2696 8383 4135 8383 4134 8383 2696 8384 4134 8384 2700 8384 2700 8385 4134 8385 4133 8385 2700 8386 4133 8386 2701 8386 2701 8387 4133 8387 4148 8387 2701 8388 4148 8388 2702 8388 2702 8389 4148 8389 4147 8389 2702 8390 4147 8390 2703 8390 2703 8391 4147 8391 4132 8391 2703 8392 4132 8392 2704 8392 2704 8393 4132 8393 4131 8393 2704 8394 4131 8394 2705 8394 2705 8395 4131 8395 4146 8395 2705 8396 4146 8396 2698 8396 2698 8397 4146 8397 4145 8397 2698 8398 4145 8398 2699 8398 2699 8399 4145 8399 4144 8399 2699 8400 4144 8400 2706 8400 2706 8401 4144 8401 4130 8401 2706 8402 4130 8402 2707 8402 2707 8403 4130 8403 4129 8403 2707 8404 4129 8404 2669 8404 2669 8405 4129 8405 4128 8405 2669 8406 4128 8406 2670 8406 2670 8407 4128 8407 4127 8407 2670 8408 4127 8408 2671 8408 2671 8409 4127 8409 4126 8409 2671 8410 4126 8410 2672 8410 2672 8411 4126 8411 4125 8411 2672 8412 4125 8412 2692 8412 2692 8413 4125 8413 4124 8413 2692 8414 4124 8414 2693 8414 2693 8415 4124 8415 4123 8415 2693 8416 4123 8416 2694 8416 2694 8417 4123 8417 4122 8417 2694 8418 4122 8418 2688 8418 2688 8419 4122 8419 4121 8419 2688 8420 4121 8420 2678 8420 2678 8421 4121 8421 4120 8421 2678 8422 4120 8422 2679 8422 2679 8423 4120 8423 4119 8423 2679 8424 4119 8424 2689 8424 2689 8425 4119 8425 4118 8425 2689 8426 4118 8426 2690 8426 2690 8427 4118 8427 4143 8427 2690 8428 4143 8428 2691 8428 2691 8429 4143 8429 4142 8429 2715 8430 4179 8430 2716 8430 2716 8431 4179 8431 4178 8431 2716 8432 4178 8432 2717 8432 2717 8433 4178 8433 4177 8433 2717 8434 4177 8434 2718 8434 2718 8435 4177 8435 4190 8435 2718 8436 4190 8436 2719 8436 2719 8437 4190 8437 4189 8437 2719 8438 4189 8438 2723 8438 2723 8439 4189 8439 4188 8439 2723 8440 4188 8440 2724 8440 2724 8441 4188 8441 4187 8441 2724 8442 4187 8442 2725 8442 2725 8443 4187 8443 4186 8443 2725 8444 4186 8444 2720 8444 2720 8445 4186 8445 4185 8445 2720 8446 4185 8446 2721 8446 2721 8447 4185 8447 4184 8447 2721 8448 4184 8448 2729 8448 2729 8449 4184 8449 4183 8449 2729 8450 4183 8450 2730 8450 2730 8451 4183 8451 4176 8451 2730 8452 4176 8452 2732 8452 2732 8453 4176 8453 4175 8453 2732 8454 4175 8454 2733 8454 2733 8455 4175 8455 4174 8455 2733 8456 4174 8456 2734 8456 2734 8457 4174 8457 4173 8457 2734 8458 4173 8458 2735 8458 2735 8459 4173 8459 4172 8459 2735 8460 4172 8460 2736 8460 2736 8461 4172 8461 4171 8461 2736 8462 4171 8462 2737 8462 2737 8463 4171 8463 4182 8463 2737 8464 4182 8464 2738 8464 2738 8465 4182 8465 4181 8465 2738 8466 4181 8466 2739 8466 2739 8467 4181 8467 4180 8467 2739 8468 4180 8468 2740 8468 2740 8469 4180 8469 4170 8469 2740 8470 4170 8470 2741 8470 2741 8471 4170 8471 4169 8471 2741 8472 4169 8472 2742 8472 2742 8473 4169 8473 4168 8473 2742 8474 4168 8474 2743 8474 2743 8475 4168 8475 4167 8475 2743 8476 4167 8476 2744 8476 2744 8477 4167 8477 4166 8477 2744 8478 4166 8478 2745 8478 2745 8479 4166 8479 4165 8479 2745 8480 4165 8480 2726 8480 2726 8481 4165 8481 4164 8481 2726 8482 4164 8482 2727 8482 2727 8483 4164 8483 4163 8483 2727 8484 4163 8484 2728 8484 2728 8485 4163 8485 4162 8485 2728 8486 4162 8486 2708 8486 2708 8487 4162 8487 4161 8487 2708 8488 4161 8488 2709 8488 2709 8489 4161 8489 4160 8489 2709 8490 4160 8490 2710 8490 2710 8491 4160 8491 4159 8491 2710 8492 4159 8492 2711 8492 2711 8493 4159 8493 4158 8493 2711 8494 4158 8494 2712 8494 2712 8495 4158 8495 4156 8495 2712 8496 4156 8496 2713 8496 2713 8497 4156 8497 4155 8497 2713 8498 4155 8498 2714 8498 2714 8499 4155 8499 4157 8499 2714 8500 4157 8500 2715 8500 2715 8501 4157 8501 4179 8501 2751 8502 4234 8502 2753 8502 2753 8503 4234 8503 4233 8503 2753 8504 4233 8504 2754 8504 2754 8505 4233 8505 4267 8505 2754 8506 4267 8506 2755 8506 2755 8507 4267 8507 4269 8507 2755 8508 4269 8508 2756 8508 2756 8509 4269 8509 4268 8509 2756 8510 4268 8510 2759 8510 2759 8511 4268 8511 4266 8511 2759 8512 4266 8512 2760 8512 2760 8513 4266 8513 4265 8513 2760 8514 4265 8514 2761 8514 2761 8515 4265 8515 4264 8515 2761 8516 4264 8516 2757 8516 2757 8517 4264 8517 4263 8517 2757 8518 4263 8518 2758 8518 2758 8519 4263 8519 4259 8519 2758 8520 4259 8520 2770 8520 2770 8521 4259 8521 4258 8521 2770 8522 4258 8522 2771 8522 2771 8523 4258 8523 4257 8523 2771 8524 4257 8524 2772 8524 2772 8525 4257 8525 4256 8525 2772 8526 4256 8526 2766 8526 2766 8527 4256 8527 4255 8527 2766 8528 4255 8528 2765 8528 2765 8529 4255 8529 4254 8529 2765 8530 4254 8530 2764 8530 2764 8531 4254 8531 4250 8531 2764 8532 4250 8532 2773 8532 2773 8533 4250 8533 4249 8533 2773 8534 4249 8534 2774 8534 2774 8535 4249 8535 4262 8535 2774 8536 4262 8536 2775 8536 2775 8537 4262 8537 4261 8537 2775 8538 4261 8538 2776 8538 2776 8539 4261 8539 4260 8539 2776 8540 4260 8540 2777 8540 2777 8541 4260 8541 4253 8541 2777 8542 4253 8542 2778 8542 2778 8543 4253 8543 4252 8543 2778 8544 4252 8544 2779 8544 2779 8545 4252 8545 4251 8545 2779 8546 4251 8546 2780 8546 2780 8547 4251 8547 4248 8547 2780 8548 4248 8548 2781 8548 2781 8549 4248 8549 4247 8549 2781 8550 4247 8550 2782 8550 2782 8551 4247 8551 4246 8551 2782 8552 4246 8552 2762 8552 2762 8553 4246 8553 4245 8553 2762 8554 4245 8554 2763 8554 2763 8555 4245 8555 4244 8555 2763 8556 4244 8556 2767 8556 2767 8557 4244 8557 4243 8557 2767 8558 4243 8558 2768 8558 2768 8559 4243 8559 4241 8559 2768 8560 4241 8560 2769 8560 2769 8561 4241 8561 4240 8561 2769 8562 4240 8562 2746 8562 2746 8563 4240 8563 4239 8563 2746 8564 4239 8564 2747 8564 2747 8565 4239 8565 4238 8565 2747 8566 4238 8566 2748 8566 2748 8567 4238 8567 4237 8567 2748 8568 4237 8568 2749 8568 2749 8569 4237 8569 4236 8569 2749 8570 4236 8570 2750 8570 2750 8571 4236 8571 4235 8571 2750 8572 4235 8572 2751 8572 2751 8573 4235 8573 4234 8573 2797 8574 4388 8574 2798 8574 2798 8575 4388 8575 4412 8575 2798 8576 4412 8576 2793 8576 2793 8577 4412 8577 4416 8577 2793 8578 4416 8578 2794 8578 2794 8579 4416 8579 4415 8579 2794 8580 4415 8580 2795 8580 2795 8581 4415 8581 4411 8581 2795 8582 4411 8582 2792 8582 2792 8583 4411 8583 4410 8583 2792 8584 4410 8584 2791 8584 2791 8585 4410 8585 4409 8585 2791 8586 4409 8586 2093 8586 2093 8587 4409 8587 4403 8587 2093 8588 4403 8588 2094 8588 2094 8589 4403 8589 4402 8589 2094 8590 4402 8590 2096 8590 2096 8591 4402 8591 4401 8591 2096 8592 4401 8592 2097 8592 2097 8593 4401 8593 4400 8593 2097 8594 4400 8594 2098 8594 2098 8595 4400 8595 4399 8595 2098 8596 4399 8596 2100 8596 2100 8597 4399 8597 4398 8597 2100 8598 4398 8598 2110 8598 2110 8599 4398 8599 4414 8599 2110 8600 4414 8600 2111 8600 2111 8601 4414 8601 4413 8601 2111 8602 4413 8602 2112 8602 2112 8603 4413 8603 4405 8603 2112 8604 4405 8604 2116 8604 2116 8605 4405 8605 4404 8605 2116 8606 4404 8606 2117 8606 2117 8607 4404 8607 4419 8607 2117 8608 4419 8608 2113 8608 2113 8609 4419 8609 4418 8609 2113 8610 4418 8610 2114 8610 2114 8611 4418 8611 4417 8611 2114 8612 4417 8612 2115 8612 2115 8613 4417 8613 4408 8613 2115 8614 4408 8614 2107 8614 2107 8615 4408 8615 4407 8615 2107 8616 4407 8616 2108 8616 2108 8617 4407 8617 4406 8617 2108 8618 4406 8618 2109 8618 2109 8619 4406 8619 4397 8619 2109 8620 4397 8620 2101 8620 2101 8621 4397 8621 4396 8621 2101 8622 4396 8622 2102 8622 2102 8623 4396 8623 4395 8623 2102 8624 4395 8624 2104 8624 2104 8625 4395 8625 4384 8625 2104 8626 4384 8626 2106 8626 2106 8627 4384 8627 4383 8627 2106 8628 4383 8628 2783 8628 2783 8629 4383 8629 4392 8629 2783 8630 4392 8630 2784 8630 2784 8631 4392 8631 4391 8631 2784 8632 4391 8632 2786 8632 2786 8633 4391 8633 4390 8633 2786 8634 4390 8634 2787 8634 2787 8635 4390 8635 4389 8635 2787 8636 4389 8636 2788 8636 2788 8637 4389 8637 4394 8637 2788 8638 4394 8638 2789 8638 2789 8639 4394 8639 4393 8639 2789 8640 4393 8640 2790 8640 2790 8641 4393 8641 4386 8641 2790 8642 4386 8642 2796 8642 2796 8643 4386 8643 4387 8643 2796 8644 4387 8644 2797 8644 2797 8645 4387 8645 4388 8645 2811 8646 4226 8646 2812 8646 2812 8647 4226 8647 4225 8647 2812 8648 4225 8648 2813 8648 2813 8649 4225 8649 4224 8649 2813 8650 4224 8650 2814 8650 2814 8651 4224 8651 4232 8651 2814 8652 4232 8652 2815 8652 2815 8653 4232 8653 4231 8653 2815 8654 4231 8654 2816 8654 2816 8655 4231 8655 4223 8655 2816 8656 4223 8656 2817 8656 2817 8657 4223 8657 4222 8657 2817 8658 4222 8658 2818 8658 2818 8659 4222 8659 4221 8659 2818 8660 4221 8660 2808 8660 2808 8661 4221 8661 4220 8661 2808 8662 4220 8662 2809 8662 2809 8663 4220 8663 4219 8663 2809 8664 4219 8664 2830 8664 2830 8665 4219 8665 4218 8665 2830 8666 4218 8666 2831 8666 2831 8667 4218 8667 4217 8667 2831 8668 4217 8668 2832 8668 2832 8669 4217 8669 4216 8669 2832 8670 4216 8670 2822 8670 2822 8671 4216 8671 4215 8671 2822 8672 4215 8672 2821 8672 2821 8673 4215 8673 4214 8673 2821 8674 4214 8674 2819 8674 2819 8675 4214 8675 4213 8675 2819 8676 4213 8676 2833 8676 2833 8677 4213 8677 4230 8677 2833 8678 4230 8678 2834 8678 2834 8679 4230 8679 4229 8679 2834 8680 4229 8680 2835 8680 2835 8681 4229 8681 4228 8681 2835 8682 4228 8682 2823 8682 2823 8683 4228 8683 4212 8683 2823 8684 4212 8684 2824 8684 2824 8685 4212 8685 4211 8685 2824 8686 4211 8686 2825 8686 2825 8687 4211 8687 4210 8687 2825 8688 4210 8688 2826 8688 2826 8689 4210 8689 4209 8689 2826 8690 4209 8690 2827 8690 2827 8691 4209 8691 4208 8691 2827 8692 4208 8692 2828 8692 2828 8693 4208 8693 4207 8693 2828 8694 4207 8694 2829 8694 2829 8695 4207 8695 4206 8695 2829 8696 4206 8696 2799 8696 2799 8697 4206 8697 4205 8697 2799 8698 4205 8698 2800 8698 2800 8699 4205 8699 4204 8699 2800 8700 4204 8700 2801 8700 2801 8701 4204 8701 4203 8701 2801 8702 4203 8702 2802 8702 2802 8703 4203 8703 4202 8703 2802 8704 4202 8704 2803 8704 2803 8705 4202 8705 4201 8705 2803 8706 4201 8706 2804 8706 2804 8707 4201 8707 4200 8707 2804 8708 4200 8708 2805 8708 2805 8709 4200 8709 4199 8709 2805 8710 4199 8710 2806 8710 2806 8711 4199 8711 4197 8711 2806 8712 4197 8712 2807 8712 2807 8713 4197 8713 4196 8713 2807 8714 4196 8714 2810 8714 2810 8715 4196 8715 4227 8715 2810 8716 4227 8716 2811 8716 2811 8717 4227 8717 4226 8717 3403 8718 2280 8718 3199 8718 3199 8719 2280 8719 2836 8719 2062 8720 3527 8720 2063 8720 2063 8721 3527 8721 3523 8721 2891 8722 3544 8722 2895 8722 2895 8723 3544 8723 3543 8723 2412 8724 3303 8724 2930 8724 2930 8725 3303 8725 3301 8725 3563 8726 2053 8726 3569 8726 3569 8727 2053 8727 2876 8727 3530 8728 2056 8728 3531 8728 3531 8729 2056 8729 2910 8729 3604 8730 3603 8730 2920 8730 2920 8731 3603 8731 2921 8731 2947 8732 3584 8732 2939 8732 2939 8733 3584 8733 3583 8733 2939 8734 3583 8734 2940 8734 2940 8735 3583 8735 3579 8735 2940 8736 3579 8736 2942 8736 2942 8737 3579 8737 3581 8737 2942 8738 3581 8738 2943 8738 2943 8739 3581 8739 3582 8739 2943 8740 3582 8740 2944 8740 2944 8741 3582 8741 3586 8741 2944 8742 3586 8742 2903 8742 2903 8743 3586 8743 3588 8743 2903 8744 3588 8744 2904 8744 2904 8745 3588 8745 3594 8745 2904 8746 3594 8746 2905 8746 2905 8747 3594 8747 3593 8747 2905 8748 3593 8748 2906 8748 2906 8749 3593 8749 3592 8749 2906 8750 3592 8750 2907 8750 2907 8751 3592 8751 3591 8751 2907 8752 3591 8752 2908 8752 2908 8753 3591 8753 3590 8753 2908 8754 3590 8754 2909 8754 2909 8755 3590 8755 3589 8755 2909 8756 3589 8756 2911 8756 2911 8757 3589 8757 3599 8757 2911 8758 3599 8758 2912 8758 2912 8759 3599 8759 3598 8759 2912 8760 3598 8760 2913 8760 2913 8761 3598 8761 3597 8761 2913 8762 3597 8762 2914 8762 2914 8763 3597 8763 3596 8763 2914 8764 3596 8764 2919 8764 2919 8765 3596 8765 3595 8765 2919 8766 3595 8766 2920 8766 2920 8767 3595 8767 3604 8767 3584 8768 2947 8768 3585 8768 3585 8769 2947 8769 2946 8769 2921 8770 3603 8770 2915 8770 2915 8771 3603 8771 3602 8771 2915 8772 3602 8772 2916 8772 2916 8773 3602 8773 3601 8773 2916 8774 3601 8774 2917 8774 2917 8775 3601 8775 3600 8775 2917 8776 3600 8776 2918 8776 2918 8777 3600 8777 3613 8777 2918 8778 3613 8778 2929 8778 2929 8779 3613 8779 3612 8779 2929 8780 3612 8780 2928 8780 2928 8781 3612 8781 3611 8781 2928 8782 3611 8782 2419 8782 2419 8783 3611 8783 3606 8783 2419 8784 3606 8784 2420 8784 2420 8785 3606 8785 3605 8785 2420 8786 3605 8786 2421 8786 2421 8787 3605 8787 3616 8787 2421 8788 3616 8788 2422 8788 2422 8789 3616 8789 3615 8789 2422 8790 3615 8790 2423 8790 2423 8791 3615 8791 3614 8791 2423 8792 3614 8792 2936 8792 2936 8793 3614 8793 3610 8793 2936 8794 3610 8794 2937 8794 2937 8795 3610 8795 3609 8795 2937 8796 3609 8796 2938 8796 2938 8797 3609 8797 3608 8797 2938 8798 3608 8798 2933 8798 2933 8799 3608 8799 3607 8799 2933 8800 3607 8800 2934 8800 2934 8801 3607 8801 3577 8801 2934 8802 3577 8802 2945 8802 2945 8803 3577 8803 3576 8803 2945 8804 3576 8804 2946 8804 2946 8805 3576 8805 3585 8805 3649 8806 3648 8806 2958 8806 2958 8807 3648 8807 2959 8807 2847 8808 3624 8808 2841 8808 2841 8809 3624 8809 3623 8809 2841 8810 3623 8810 2842 8810 2842 8811 3623 8811 3621 8811 2842 8812 3621 8812 2843 8812 2843 8813 3621 8813 3620 8813 2843 8814 3620 8814 2844 8814 2844 8815 3620 8815 3630 8815 2844 8816 3630 8816 2894 8816 2894 8817 3630 8817 3629 8817 2894 8818 3629 8818 2893 8818 2893 8819 3629 8819 3627 8819 2893 8820 3627 8820 2900 8820 2900 8821 3627 8821 3626 8821 2900 8822 3626 8822 2901 8822 2901 8823 3626 8823 3636 8823 2901 8824 3636 8824 2902 8824 2902 8825 3636 8825 3635 8825 2902 8826 3635 8826 2898 8826 2898 8827 3635 8827 3634 8827 2898 8828 3634 8828 2899 8828 2899 8829 3634 8829 3633 8829 2899 8830 3633 8830 2951 8830 2951 8831 3633 8831 3632 8831 2951 8832 3632 8832 2952 8832 2952 8833 3632 8833 3642 8833 2952 8834 3642 8834 2953 8834 2953 8835 3642 8835 3641 8835 2953 8836 3641 8836 2948 8836 2948 8837 3641 8837 3640 8837 2948 8838 3640 8838 2949 8838 2949 8839 3640 8839 3638 8839 2949 8840 3638 8840 2957 8840 2957 8841 3638 8841 3637 8841 2957 8842 3637 8842 2958 8842 2958 8843 3637 8843 3649 8843 3624 8844 2847 8844 3625 8844 3625 8845 2847 8845 2846 8845 2959 8846 3648 8846 2954 8846 2954 8847 3648 8847 3647 8847 2954 8848 3647 8848 2955 8848 2955 8849 3647 8849 3646 8849 2955 8850 3646 8850 2956 8850 2956 8851 3646 8851 3644 8851 2956 8852 3644 8852 2283 8852 2283 8853 3644 8853 3643 8853 2283 8854 3643 8854 2284 8854 2284 8855 3643 8855 3654 8855 2284 8856 3654 8856 2285 8856 2285 8857 3654 8857 3656 8857 2285 8858 3656 8858 2293 8858 2293 8859 3656 8859 3659 8859 2293 8860 3659 8860 2294 8860 2294 8861 3659 8861 3658 8861 2294 8862 3658 8862 2295 8862 2295 8863 3658 8863 3657 8863 2295 8864 3657 8864 2286 8864 2286 8865 3657 8865 3661 8865 2286 8866 3661 8866 2276 8866 2276 8867 3661 8867 3660 8867 2276 8868 3660 8868 2277 8868 2277 8869 3660 8869 3653 8869 2277 8870 3653 8870 2837 8870 2837 8871 3653 8871 3652 8871 2837 8872 3652 8872 2838 8872 2838 8873 3652 8873 3651 8873 2838 8874 3651 8874 2839 8874 2839 8875 3651 8875 3650 8875 2839 8876 3650 8876 2840 8876 2840 8877 3650 8877 3618 8877 2840 8878 3618 8878 2845 8878 2845 8879 3618 8879 3617 8879 2845 8880 3617 8880 2846 8880 2846 8881 3617 8881 3625 8881 2983 8882 3689 8882 2984 8882 2984 8883 3689 8883 3688 8883 2984 8884 3688 8884 2966 8884 2966 8885 3688 8885 3687 8885 2966 8886 3687 8886 2967 8886 2967 8887 3687 8887 3680 8887 2967 8888 3680 8888 2973 8888 2973 8889 3680 8889 3679 8889 2973 8890 3679 8890 2974 8890 2974 8891 3679 8891 3678 8891 2974 8892 3678 8892 2963 8892 2963 8893 3678 8893 3670 8893 2963 8894 3670 8894 2964 8894 2964 8895 3670 8895 3669 8895 2964 8896 3669 8896 2975 8896 2975 8897 3669 8897 3677 8897 2975 8898 3677 8898 2976 8898 2976 8899 3677 8899 3676 8899 2976 8900 3676 8900 2977 8900 2977 8901 3676 8901 3675 8901 2977 8902 3675 8902 2968 8902 2968 8903 3675 8903 3668 8903 2968 8904 3668 8904 2969 8904 2969 8905 3668 8905 3667 8905 2969 8906 3667 8906 2970 8906 2970 8907 3667 8907 3666 8907 2970 8908 3666 8908 2971 8908 2971 8909 3666 8909 3665 8909 2971 8910 3665 8910 2972 8910 2972 8911 3665 8911 3686 8911 2972 8912 3686 8912 2985 8912 2985 8913 3686 8913 3685 8913 2985 8914 3685 8914 2986 8914 2986 8915 3685 8915 3682 8915 2986 8916 3682 8916 2987 8916 2987 8917 3682 8917 3681 8917 2987 8918 3681 8918 2978 8918 2978 8919 3681 8919 3684 8919 2978 8920 3684 8920 2979 8920 2979 8921 3684 8921 3683 8921 2979 8922 3683 8922 2980 8922 2980 8923 3683 8923 3663 8923 2980 8924 3663 8924 2981 8924 2981 8925 3663 8925 3662 8925 2981 8926 3662 8926 2988 8926 2988 8927 3662 8927 3701 8927 2988 8928 3701 8928 2989 8928 2989 8929 3701 8929 3700 8929 2989 8930 3700 8930 2991 8930 2991 8931 3700 8931 3699 8931 2991 8932 3699 8932 2992 8932 2992 8933 3699 8933 3697 8933 2992 8934 3697 8934 2994 8934 2994 8935 3697 8935 3696 8935 2994 8936 3696 8936 2995 8936 2995 8937 3696 8937 3692 8937 2995 8938 3692 8938 2996 8938 2996 8939 3692 8939 3691 8939 2996 8940 3691 8940 2997 8940 2997 8941 3691 8941 3695 8941 2997 8942 3695 8942 2998 8942 2998 8943 3695 8943 3694 8943 2998 8944 3694 8944 2965 8944 2965 8945 3694 8945 3693 8945 2965 8946 3693 8946 2960 8946 2960 8947 3693 8947 3674 8947 2960 8948 3674 8948 2961 8948 2961 8949 3674 8949 3672 8949 2961 8950 3672 8950 2982 8950 2982 8951 3672 8951 3671 8951 2982 8952 3671 8952 2983 8952 2983 8953 3671 8953 3689 8953 3020 8954 3730 8954 3021 8954 3021 8955 3730 8955 3729 8955 3021 8956 3729 8956 3001 8956 3001 8957 3729 8957 3728 8957 3001 8958 3728 8958 3002 8958 3002 8959 3728 8959 3708 8959 3002 8960 3708 8960 3003 8960 3003 8961 3708 8961 3707 8961 3003 8962 3707 8962 3004 8962 3004 8963 3707 8963 3706 8963 3004 8964 3706 8964 3005 8964 3005 8965 3706 8965 3705 8965 3005 8966 3705 8966 3006 8966 3006 8967 3705 8967 3704 8967 3006 8968 3704 8968 3009 8968 3009 8969 3704 8969 3719 8969 3009 8970 3719 8970 3010 8970 3010 8971 3719 8971 3718 8971 3010 8972 3718 8972 3011 8972 3011 8973 3718 8973 3717 8973 3011 8974 3717 8974 3007 8974 3007 8975 3717 8975 3703 8975 3007 8976 3703 8976 3008 8976 3008 8977 3703 8977 3702 8977 3008 8978 3702 8978 3016 8978 3016 8979 3702 8979 3721 8979 3016 8980 3721 8980 3017 8980 3017 8981 3721 8981 3720 8981 3017 8982 3720 8982 3018 8982 3018 8983 3720 8983 3716 8983 3018 8984 3716 8984 3022 8984 3022 8985 3716 8985 3715 8985 3022 8986 3715 8986 3023 8986 3023 8987 3715 8987 3727 8987 3023 8988 3727 8988 3024 8988 3024 8989 3727 8989 3726 8989 3024 8990 3726 8990 3012 8990 3012 8991 3726 8991 3725 8991 3012 8992 3725 8992 2999 8992 2999 8993 3725 8993 3714 8993 2999 8994 3714 8994 3000 8994 3000 8995 3714 8995 3713 8995 3000 8996 3713 8996 3027 8996 3027 8997 3713 8997 3712 8997 3027 8998 3712 8998 3028 8998 3028 8999 3712 8999 3739 8999 3028 9000 3739 9000 3029 9000 3029 9001 3739 9001 3738 9001 3029 9002 3738 9002 3025 9002 3025 9003 3738 9003 3737 9003 3025 9004 3737 9004 3026 9004 3026 9005 3737 9005 3736 9005 3026 9006 3736 9006 3030 9006 3030 9007 3736 9007 3735 9007 3030 9008 3735 9008 3031 9008 3031 9009 3735 9009 3734 9009 3031 9010 3734 9010 3033 9010 3033 9011 3734 9011 3733 9011 3033 9012 3733 9012 2050 9012 2050 9013 3733 9013 3731 9013 2050 9014 3731 9014 2051 9014 2051 9015 3731 9015 3724 9015 2051 9016 3724 9016 3013 9016 3013 9017 3724 9017 3723 9017 3013 9018 3723 9018 3014 9018 3014 9019 3723 9019 3722 9019 3014 9020 3722 9020 3015 9020 3015 9021 3722 9021 3710 9021 3015 9022 3710 9022 3019 9022 3019 9023 3710 9023 3709 9023 3019 9024 3709 9024 3020 9024 3020 9025 3709 9025 3730 9025 3140 9026 3952 9026 3141 9026 3141 9027 3952 9027 3951 9027 3141 9028 3951 9028 3126 9028 3126 9029 3951 9029 3950 9029 3126 9030 3950 9030 3127 9030 3127 9031 3950 9031 3944 9031 3127 9032 3944 9032 3131 9032 3131 9033 3944 9033 3943 9033 3131 9034 3943 9034 3132 9034 3132 9035 3943 9035 3942 9035 3132 9036 3942 9036 3119 9036 3119 9037 3942 9037 3941 9037 3119 9038 3941 9038 3118 9038 3118 9039 3941 9039 3940 9039 3118 9040 3940 9040 3117 9040 3117 9041 3940 9041 3939 9041 3117 9042 3939 9042 3115 9042 3115 9043 3939 9043 3938 9043 3115 9044 3938 9044 3120 9044 3120 9045 3938 9045 3934 9045 3120 9046 3934 9046 3121 9046 3121 9047 3934 9047 3936 9047 3121 9048 3936 9048 3122 9048 3122 9049 3936 9049 3937 9049 3122 9050 3937 9050 3128 9050 3128 9051 3937 9051 3957 9051 3128 9052 3957 9052 3129 9052 3129 9053 3957 9053 3956 9053 3129 9054 3956 9054 3130 9054 3130 9055 3956 9055 3949 9055 3130 9056 3949 9056 3133 9056 3133 9057 3949 9057 3948 9057 3133 9058 3948 9058 3134 9058 3134 9059 3948 9059 3960 9059 3134 9060 3960 9060 3135 9060 3135 9061 3960 9061 3959 9061 3135 9062 3959 9062 3107 9062 3107 9063 3959 9063 3958 9063 3107 9064 3958 9064 3108 9064 3108 9065 3958 9065 3955 9065 3108 9066 3955 9066 3109 9066 3109 9067 3955 9067 3954 9067 3109 9068 3954 9068 3110 9068 3110 9069 3954 9069 3953 9069 3110 9070 3953 9070 3111 9070 3111 9071 3953 9071 3947 9071 3111 9072 3947 9072 3112 9072 3112 9073 3947 9073 3946 9073 3112 9074 3946 9074 3113 9074 3113 9075 3946 9075 3945 9075 3113 9076 3945 9076 3123 9076 3123 9077 3945 9077 3930 9077 3123 9078 3930 9078 3124 9078 3124 9079 3930 9079 3928 9079 3124 9080 3928 9080 3125 9080 3125 9081 3928 9081 3927 9081 3125 9082 3927 9082 3114 9082 3114 9083 3927 9083 3926 9083 3114 9084 3926 9084 3105 9084 3105 9085 3926 9085 3925 9085 3105 9086 3925 9086 3106 9086 3106 9087 3925 9087 3924 9087 3106 9088 3924 9088 3136 9088 3136 9089 3924 9089 3923 9089 3136 9090 3923 9090 3137 9090 3137 9091 3923 9091 3933 9091 3137 9092 3933 9092 3138 9092 3138 9093 3933 9093 3932 9093 3138 9094 3932 9094 3139 9094 3139 9095 3932 9095 3931 9095 3139 9096 3931 9096 3140 9096 3140 9097 3931 9097 3952 9097 3176 9098 3989 9098 3177 9098 3177 9099 3989 9099 3988 9099 3177 9100 3988 9100 3159 9100 3159 9101 3988 9101 3987 9101 3159 9102 3987 9102 3160 9102 3160 9103 3987 9103 3978 9103 3160 9104 3978 9104 3170 9104 3170 9105 3978 9105 3977 9105 3170 9106 3977 9106 3171 9106 3171 9107 3977 9107 3976 9107 3171 9108 3976 9108 3149 9108 3149 9109 3976 9109 3975 9109 3149 9110 3975 9110 3150 9110 3150 9111 3975 9111 3974 9111 3150 9112 3974 9112 3151 9112 3151 9113 3974 9113 3973 9113 3151 9114 3973 9114 3161 9114 3161 9115 3973 9115 3986 9115 3161 9116 3986 9116 3162 9116 3162 9117 3986 9117 3985 9117 3162 9118 3985 9118 3163 9118 3163 9119 3985 9119 3984 9119 3163 9120 3984 9120 3152 9120 3152 9121 3984 9121 3972 9121 3152 9122 3972 9122 3153 9122 3153 9123 3972 9123 3970 9123 3153 9124 3970 9124 3154 9124 3154 9125 3970 9125 3969 9125 3154 9126 3969 9126 3155 9126 3155 9127 3969 9127 3998 9127 3155 9128 3998 9128 3164 9128 3164 9129 3998 9129 3997 9129 3164 9130 3997 9130 3165 9130 3165 9131 3997 9131 3994 9131 3165 9132 3994 9132 3166 9132 3166 9133 3994 9133 3993 9133 3166 9134 3993 9134 3156 9134 3156 9135 3993 9135 3996 9135 3156 9136 3996 9136 3157 9136 3157 9137 3996 9137 3995 9137 3157 9138 3995 9138 3158 9138 3158 9139 3995 9139 3992 9139 3158 9140 3992 9140 3145 9140 3145 9141 3992 9141 3991 9141 3145 9142 3991 9142 3146 9142 3146 9143 3991 9143 3990 9143 3146 9144 3990 9144 3147 9144 3147 9145 3990 9145 3983 9145 3147 9146 3983 9146 3142 9146 3142 9147 3983 9147 3982 9147 3142 9148 3982 9148 3143 9148 3143 9149 3982 9149 3981 9149 3143 9150 3981 9150 3144 9150 3144 9151 3981 9151 3979 9151 3144 9152 3979 9152 3148 9152 3148 9153 3979 9153 3962 9153 3148 9154 3962 9154 3167 9154 3167 9155 3962 9155 3961 9155 3167 9156 3961 9156 3168 9156 3168 9157 3961 9157 3968 9157 3168 9158 3968 9158 3169 9158 3169 9159 3968 9159 3967 9159 3169 9160 3967 9160 3172 9160 3172 9161 3967 9161 3966 9161 3172 9162 3966 9162 3173 9162 3173 9163 3966 9163 3965 9163 3173 9164 3965 9164 3174 9164 3174 9165 3965 9165 3964 9165 3174 9166 3964 9166 3175 9166 3175 9167 3964 9167 3963 9167 3175 9168 3963 9168 3176 9168 3176 9169 3963 9169 3989 9169 3036 9170 3781 9170 2489 9170 2489 9171 3781 9171 3760 9171 2489 9172 3760 9172 2490 9172 2490 9173 3760 9173 3759 9173 2490 9174 3759 9174 2494 9174 2494 9175 3759 9175 3757 9175 2494 9176 3757 9176 2492 9176 2492 9177 3757 9177 3756 9177 2492 9178 3756 9178 2493 9178 2493 9179 3756 9179 3755 9179 2493 9180 3755 9180 2495 9180 2495 9181 3755 9181 3754 9181 2495 9182 3754 9182 2496 9182 2496 9183 3754 9183 3753 9183 2496 9184 3753 9184 2484 9184 2484 9185 3753 9185 3744 9185 2484 9186 3744 9186 2485 9186 2485 9187 3744 9187 3743 9187 2485 9188 3743 9188 2515 9188 2515 9189 3743 9189 3745 9189 2515 9190 3745 9190 2516 9190 2516 9191 3745 9191 3752 9191 2516 9192 3752 9192 2517 9192 2517 9193 3752 9193 3751 9193 2517 9194 3751 9194 2500 9194 2500 9195 3751 9195 3741 9195 2500 9196 3741 9196 2499 9196 2499 9197 3741 9197 3740 9197 2499 9198 3740 9198 2520 9198 2520 9199 3740 9199 3750 9199 2520 9200 3750 9200 2518 9200 2518 9201 3750 9201 3749 9201 2518 9202 3749 9202 2514 9202 2514 9203 3749 9203 3747 9203 2514 9204 3747 9204 2513 9204 2513 9205 3747 9205 3746 9205 3781 9206 3036 9206 3782 9206 3782 9207 3036 9207 3035 9207 3782 9208 3035 9208 3784 9208 3784 9209 3035 9209 3034 9209 3784 9210 3034 9210 3785 9210 3785 9211 3034 9211 2232 9211 2260 9212 3767 9212 2238 9212 2238 9213 3767 9213 3771 9213 2238 9214 3771 9214 2275 9214 2275 9215 3771 9215 3770 9215 2275 9216 3770 9216 2241 9216 2241 9217 3770 9217 3766 9217 2241 9218 3766 9218 2242 9218 2242 9219 3766 9219 3765 9219 2242 9220 3765 9220 2262 9220 2262 9221 3765 9221 3764 9221 2262 9222 3764 9222 2225 9222 2225 9223 3764 9223 3761 9223 2225 9224 3761 9224 2226 9224 2226 9225 3761 9225 3762 9225 2226 9226 3762 9226 2254 9226 2254 9227 3762 9227 3763 9227 2254 9228 3763 9228 2255 9228 2255 9229 3763 9229 3772 9229 2255 9230 3772 9230 2256 9230 2256 9231 3772 9231 3780 9231 2256 9232 3780 9232 2236 9232 2236 9233 3780 9233 3779 9233 2236 9234 3779 9234 2237 9234 2237 9235 3779 9235 3778 9235 2237 9236 3778 9236 2257 9236 2257 9237 3778 9237 3777 9237 2257 9238 3777 9238 2258 9238 2258 9239 3777 9239 3776 9239 2258 9240 3776 9240 2259 9240 2259 9241 3776 9241 3773 9241 2259 9242 3773 9242 2266 9242 2266 9243 3773 9243 3774 9243 2266 9244 3774 9244 2267 9244 2267 9245 3774 9245 3775 9245 2267 9246 3775 9246 2232 9246 2232 9247 3775 9247 3785 9247 3767 9248 2260 9248 3768 9248 3768 9249 2260 9249 2229 9249 3768 9250 2229 9250 3769 9250 3769 9251 2229 9251 2508 9251 3769 9252 2508 9252 3746 9252 3746 9253 2508 9253 2513 9253 2166 9254 3827 9254 2167 9254 2167 9255 3827 9255 3826 9255 2167 9256 3826 9256 2163 9256 2163 9257 3826 9257 3802 9257 2163 9258 3802 9258 2164 9258 2164 9259 3802 9259 3801 9259 2164 9260 3801 9260 2168 9260 2168 9261 3801 9261 3800 9261 2168 9262 3800 9262 2169 9262 2169 9263 3800 9263 3793 9263 2169 9264 3793 9264 2170 9264 2170 9265 3793 9265 3792 9265 2170 9266 3792 9266 2171 9266 2171 9267 3792 9267 3791 9267 2171 9268 3791 9268 2172 9268 2172 9269 3791 9269 3790 9269 2172 9270 3790 9270 2173 9270 2173 9271 3790 9271 3789 9271 2173 9272 3789 9272 2174 9272 2174 9273 3789 9273 3799 9273 2174 9274 3799 9274 2181 9274 2181 9275 3799 9275 3798 9275 2181 9276 3798 9276 2182 9276 2182 9277 3798 9277 3797 9277 2182 9278 3797 9278 2183 9278 2183 9279 3797 9279 3796 9279 2183 9280 3796 9280 2187 9280 2187 9281 3796 9281 3795 9281 2187 9282 3795 9282 2186 9282 2186 9283 3795 9283 3794 9283 2186 9284 3794 9284 2184 9284 2184 9285 3794 9285 3787 9285 2184 9286 3787 9286 2210 9286 2210 9287 3787 9287 3786 9287 2210 9288 3786 9288 2195 9288 2195 9289 3786 9289 3804 9289 3827 9290 2166 9290 3829 9290 3829 9291 2166 9291 2165 9291 3829 9292 2165 9292 3830 9292 3830 9293 2165 9293 3057 9293 3830 9294 3057 9294 3805 9294 3805 9295 3057 9295 3056 9295 3037 9296 3187 9296 3038 9296 3038 9297 3187 9297 3825 9297 3038 9298 3825 9298 3039 9298 3039 9299 3825 9299 3824 9299 3039 9300 3824 9300 3040 9300 3040 9301 3824 9301 3823 9301 3040 9302 3823 9302 3041 9302 3041 9303 3823 9303 3816 9303 3041 9304 3816 9304 3042 9304 3042 9305 3816 9305 3815 9305 3042 9306 3815 9306 3043 9306 3043 9307 3815 9307 3818 9307 3043 9308 3818 9308 3046 9308 3046 9309 3818 9309 3817 9309 3046 9310 3817 9310 3047 9310 3047 9311 3817 9311 3809 9311 3047 9312 3809 9312 3048 9312 3048 9313 3809 9313 3808 9313 3048 9314 3808 9314 3049 9314 3049 9315 3808 9315 3822 9315 3049 9316 3822 9316 3050 9316 3050 9317 3822 9317 3821 9317 3050 9318 3821 9318 3051 9318 3051 9319 3821 9319 3820 9319 3051 9320 3820 9320 3044 9320 3044 9321 3820 9321 3814 9321 3044 9322 3814 9322 3045 9322 3045 9323 3814 9323 3812 9323 3045 9324 3812 9324 3052 9324 3052 9325 3812 9325 3811 9325 3052 9326 3811 9326 3053 9326 3053 9327 3811 9327 3819 9327 3053 9328 3819 9328 3055 9328 3055 9329 3819 9329 3806 9329 3055 9330 3806 9330 3056 9330 3056 9331 3806 9331 3805 9331 3187 9332 3037 9332 3188 9332 3188 9333 3037 9333 2731 9333 3188 9334 2731 9334 3803 9334 3803 9335 2731 9335 2190 9335 3803 9336 2190 9336 3804 9336 3804 9337 2190 9337 2195 9337 2328 9338 3363 9338 2327 9338 2327 9339 3363 9339 3355 9339 2327 9340 3355 9340 2319 9340 2319 9341 3355 9341 3354 9341 2319 9342 3354 9342 2320 9342 2320 9343 3354 9343 3353 9343 2320 9344 3353 9344 2310 9344 2310 9345 3353 9345 3352 9345 2310 9346 3352 9346 2311 9346 2311 9347 3352 9347 3361 9347 2311 9348 3361 9348 2324 9348 2324 9349 3361 9349 3360 9349 2324 9350 3360 9350 2323 9350 2323 9351 3360 9351 3347 9351 2323 9352 3347 9352 2321 9352 2321 9353 3347 9353 3346 9353 2321 9354 3346 9354 2296 9354 2296 9355 3346 9355 3348 9355 2296 9356 3348 9356 2297 9356 2297 9357 3348 9357 3359 9357 2297 9358 3359 9358 2299 9358 2299 9359 3359 9359 3358 9359 2299 9360 3358 9360 2312 9360 2312 9361 3358 9361 3357 9361 2312 9362 3357 9362 2313 9362 2313 9363 3357 9363 3351 9363 2313 9364 3351 9364 2302 9364 2302 9365 3351 9365 3350 9365 2302 9366 3350 9366 2301 9366 2301 9367 3350 9367 3349 9367 2301 9368 3349 9368 2300 9368 2300 9369 3349 9369 3344 9369 2300 9370 3344 9370 2303 9370 2303 9371 3344 9371 3343 9371 2303 9372 3343 9372 2304 9372 2304 9373 3343 9373 3833 9373 3363 9374 2328 9374 3365 9374 3365 9375 2328 9375 2335 9375 3365 9376 2335 9376 3855 9376 3855 9377 2335 9377 2682 9377 3855 9378 2682 9378 3834 9378 3834 9379 2682 9379 3077 9379 3080 9380 3184 9380 3066 9380 3066 9381 3184 9381 3850 9381 3066 9382 3850 9382 3067 9382 3067 9383 3850 9383 3849 9383 3067 9384 3849 9384 3061 9384 3061 9385 3849 9385 3848 9385 3061 9386 3848 9386 3062 9386 3062 9387 3848 9387 3843 9387 3062 9388 3843 9388 3063 9388 3063 9389 3843 9389 3842 9389 3063 9390 3842 9390 3064 9390 3064 9391 3842 9391 3841 9391 3064 9392 3841 9392 3059 9392 3059 9393 3841 9393 3840 9393 3059 9394 3840 9394 3060 9394 3060 9395 3840 9395 3838 9395 3060 9396 3838 9396 3068 9396 3068 9397 3838 9397 3837 9397 3068 9398 3837 9398 3069 9398 3069 9399 3837 9399 3854 9399 3069 9400 3854 9400 3070 9400 3070 9401 3854 9401 3853 9401 3070 9402 3853 9402 3071 9402 3071 9403 3853 9403 3852 9403 3071 9404 3852 9404 3072 9404 3072 9405 3852 9405 3847 9405 3072 9406 3847 9406 3073 9406 3073 9407 3847 9407 3845 9407 3073 9408 3845 9408 3074 9408 3074 9409 3845 9409 3844 9409 3074 9410 3844 9410 3075 9410 3075 9411 3844 9411 3851 9411 3075 9412 3851 9412 3076 9412 3076 9413 3851 9413 3835 9413 3076 9414 3835 9414 3077 9414 3077 9415 3835 9415 3834 9415 3184 9416 3080 9416 3185 9416 3185 9417 3080 9417 3079 9417 3185 9418 3079 9418 3832 9418 3832 9419 3079 9419 3078 9419 3832 9420 3078 9420 3833 9420 3833 9421 3078 9421 2304 9421 2561 9422 3884 9422 2562 9422 2562 9423 3884 9423 3875 9423 2562 9424 3875 9424 2564 9424 2564 9425 3875 9425 3874 9425 2564 9426 3874 9426 2565 9426 2565 9427 3874 9427 3872 9427 2565 9428 3872 9428 2554 9428 2554 9429 3872 9429 3871 9429 2554 9430 3871 9430 2555 9430 2555 9431 3871 9431 3870 9431 2555 9432 3870 9432 2557 9432 2557 9433 3870 9433 3869 9433 2557 9434 3869 9434 2540 9434 2540 9435 3869 9435 3868 9435 2540 9436 3868 9436 2541 9436 2541 9437 3868 9437 3862 9437 2541 9438 3862 9438 2542 9438 2542 9439 3862 9439 3863 9439 2542 9440 3863 9440 2543 9440 2543 9441 3863 9441 3864 9441 2543 9442 3864 9442 2537 9442 2537 9443 3864 9443 3865 9443 2537 9444 3865 9444 2538 9444 2538 9445 3865 9445 3867 9445 2538 9446 3867 9446 2539 9446 2539 9447 3867 9447 3866 9447 2539 9448 3866 9448 2544 9448 2544 9449 3866 9449 3861 9449 2544 9450 3861 9450 2545 9450 2545 9451 3861 9451 3860 9451 2545 9452 3860 9452 2546 9452 2546 9453 3860 9453 3859 9453 2546 9454 3859 9454 2533 9454 2533 9455 3859 9455 3857 9455 2533 9456 3857 9456 2534 9456 2534 9457 3857 9457 3856 9457 3884 9458 2561 9458 3883 9458 3883 9459 2561 9459 2531 9459 3883 9460 2531 9460 3882 9460 3882 9461 2531 9461 2365 9461 3882 9462 2365 9462 3281 9462 3281 9463 2365 9463 2383 9463 2357 9464 3877 9464 2358 9464 2358 9465 3877 9465 3876 9465 2358 9466 3876 9466 2371 9466 2371 9467 3876 9467 3284 9467 2371 9468 3284 9468 2372 9468 2372 9469 3284 9469 3283 9469 2372 9470 3283 9470 2361 9470 2361 9471 3283 9471 3282 9471 2361 9472 3282 9472 2362 9472 2362 9473 3282 9473 3278 9473 2362 9474 3278 9474 2368 9474 2368 9475 3278 9475 3276 9475 2368 9476 3276 9476 2369 9476 2369 9477 3276 9477 3275 9477 2369 9478 3275 9478 2370 9478 2370 9479 3275 9479 3286 9479 2370 9480 3286 9480 2403 9480 2403 9481 3286 9481 3285 9481 2403 9482 3285 9482 2404 9482 2404 9483 3285 9483 3294 9483 2404 9484 3294 9484 2405 9484 2405 9485 3294 9485 3293 9485 2405 9486 3293 9486 2399 9486 2399 9487 3293 9487 3292 9487 2399 9488 3292 9488 2400 9488 2400 9489 3292 9489 3291 9489 2400 9490 3291 9490 2401 9490 2401 9491 3291 9491 3290 9491 2401 9492 3290 9492 2402 9492 2402 9493 3290 9493 3289 9493 2402 9494 3289 9494 2407 9494 2407 9495 3289 9495 3288 9495 2407 9496 3288 9496 2398 9496 2398 9497 3288 9497 3287 9497 2398 9498 3287 9498 2383 9498 2383 9499 3287 9499 3281 9499 3877 9500 2357 9500 3879 9500 3879 9501 2357 9501 2360 9501 3879 9502 2360 9502 3880 9502 3880 9503 2360 9503 3082 9503 3880 9504 3082 9504 3856 9504 3856 9505 3082 9505 2534 9505 4573 9506 4574 9506 4575 9506 4576 9507 4577 9507 4578 9507 4579 9508 4580 9508 4581 9508 4582 9509 4583 9509 4575 9509 4575 9510 4583 9510 4584 9510 4575 9511 4584 9511 4585 9511 4574 9512 4586 9512 4575 9512 4575 9513 4586 9513 4587 9513 4575 9514 4587 9514 4578 9514 4578 9515 4587 9515 4588 9515 4578 9516 4588 9516 4576 9516 4581 9517 4589 9517 4579 9517 4579 9518 4589 9518 4590 9518 4579 9519 4590 9519 4591 9519 4591 9520 4592 9520 4579 9520 4579 9521 4592 9521 4593 9521 4579 9522 4593 9522 4594 9522 4585 9523 4595 9523 4575 9523 4575 9524 4595 9524 4596 9524 4575 9525 4596 9525 4573 9525 4597 9526 4598 9526 4599 9526 4599 9527 4600 9527 4597 9527 4597 9528 4600 9528 4601 9528 4597 9529 4601 9529 4602 9529 4602 9530 4603 9530 4597 9530 4597 9531 4603 9531 4604 9531 4597 9532 4604 9532 4605 9532 4577 9533 4606 9533 4578 9533 4578 9534 4606 9534 4607 9534 4578 9535 4607 9535 4608 9535 4608 9536 4609 9536 4578 9536 4578 9537 4609 9537 4610 9537 4578 9538 4610 9538 4611 9538 4605 9539 4612 9539 4597 9539 4597 9540 4612 9540 4613 9540 4597 9541 4613 9541 4579 9541 4579 9542 4613 9542 4614 9542 4579 9543 4614 9543 4580 9543 4611 9544 4615 9544 4578 9544 4578 9545 4615 9545 4616 9545 4578 9546 4616 9546 4597 9546 4597 9547 4616 9547 4617 9547 4597 9548 4617 9548 4598 9548 4594 9549 4618 9549 4579 9549 4579 9550 4618 9550 4619 9550 4579 9551 4619 9551 4575 9551 4575 9552 4619 9552 4620 9552 4575 9553 4620 9553 4582 9553 4621 9554 4622 9554 4623 9554 4622 9555 4624 9555 4623 9555 4623 9556 4624 9556 4625 9556 4623 9557 4625 9557 4626 9557 4625 9558 4627 9558 4626 9558 4626 9559 4627 9559 4628 9559 4626 9560 4628 9560 4629 9560 4629 9561 4630 9561 4626 9561 4626 9562 4630 9562 4631 9562 4626 9563 4631 9563 4632 9563 4633 9564 4634 9564 4635 9564 4636 9565 4637 9565 4623 9565 4623 9566 4637 9566 4638 9566 4623 9567 4638 9567 4621 9567 4632 9568 4639 9568 4626 9568 4626 9569 4639 9569 4640 9569 4626 9570 4640 9570 4641 9570 4642 9571 4643 9571 4644 9571 4645 9572 4646 9572 4633 9572 4633 9573 4646 9573 4647 9573 4633 9574 4647 9574 4648 9574 4648 9575 4649 9575 4633 9575 4633 9576 4649 9576 4650 9576 4633 9577 4650 9577 4634 9577 4651 9578 4652 9578 4623 9578 4623 9579 4652 9579 4653 9579 4623 9580 4653 9580 4636 9580 4654 9581 4655 9581 4642 9581 4642 9582 4655 9582 4656 9582 4642 9583 4656 9583 4657 9583 4657 9584 4658 9584 4642 9584 4642 9585 4658 9585 4659 9585 4642 9586 4659 9586 4643 9586 4641 9587 4660 9587 4626 9587 4626 9588 4660 9588 4661 9588 4626 9589 4661 9589 4642 9589 4642 9590 4661 9590 4662 9590 4642 9591 4662 9591 4654 9591 4644 9592 4663 9592 4642 9592 4642 9593 4663 9593 4664 9593 4642 9594 4664 9594 4633 9594 4633 9595 4664 9595 4665 9595 4633 9596 4665 9596 4645 9596 4635 9597 4666 9597 4633 9597 4633 9598 4666 9598 4667 9598 4633 9599 4667 9599 4623 9599 4623 9600 4667 9600 4668 9600 4623 9601 4668 9601 4651 9601 4669 9602 4670 9602 4671 9602 4671 9603 4670 9603 4672 9603 4669 9604 4671 9604 4673 9604 4673 9605 4671 9605 4674 9605 4673 9606 4674 9606 4675 9606 4675 9607 4674 9607 4676 9607 4675 9608 4676 9608 4677 9608 4677 9609 4676 9609 4678 9609 4677 9610 4678 9610 4679 9610 4679 9611 4678 9611 4680 9611 4679 9612 4680 9612 4681 9612 4681 9613 4680 9613 4682 9613 4681 9614 4682 9614 4683 9614 4683 9615 4682 9615 4684 9615 4683 9616 4684 9616 4685 9616 4685 9617 4684 9617 4686 9617 4685 9618 4686 9618 4687 9618 4687 9619 4686 9619 4688 9619 4687 9620 4688 9620 4689 9620 4689 9621 4688 9621 4690 9621 4689 9622 4690 9622 4691 9622 4691 9623 4690 9623 4692 9623 4691 9624 4692 9624 4693 9624 4693 9625 4692 9625 4694 9625 4693 9626 4694 9626 4695 9626 4695 9627 4694 9627 4696 9627 4695 9628 4696 9628 4697 9628 4697 9629 4696 9629 4698 9629 4697 9630 4698 9630 4699 9630 4699 9631 4698 9631 4700 9631 4699 9632 4700 9632 4701 9632 4701 9633 4700 9633 4702 9633 4701 9634 4702 9634 4703 9634 4703 9635 4702 9635 4704 9635 4703 9636 4704 9636 4705 9636 4705 9637 4704 9637 4706 9637 4705 9638 4706 9638 4707 9638 4707 9639 4706 9639 4708 9639 4707 9640 4708 9640 4709 9640 4709 9641 4708 9641 4710 9641 4711 9642 4709 9642 4712 9642 4712 9643 4709 9643 4710 9643 4713 9644 4714 9644 4715 9644 4716 9645 4717 9645 4718 9645 4718 9646 4717 9646 4719 9646 4718 9647 4719 9647 4720 9647 4713 9648 4715 9648 4721 9648 4722 9649 4723 9649 4623 9649 4623 9650 4723 9650 4724 9650 4623 9651 4724 9651 4725 9651 4725 9652 4724 9652 4716 9652 4725 9653 4716 9653 4726 9653 4727 9654 4728 9654 4729 9654 4729 9655 4728 9655 4730 9655 4729 9656 4730 9656 4731 9656 4731 9657 4732 9657 4729 9657 4729 9658 4732 9658 4733 9658 4729 9659 4733 9659 4734 9659 4735 9660 4736 9660 4716 9660 4716 9661 4736 9661 4737 9661 4716 9662 4737 9662 4726 9662 4714 9663 4738 9663 4715 9663 4715 9664 4738 9664 4739 9664 4715 9665 4739 9665 4740 9665 4740 9666 4739 9666 4741 9666 4740 9667 4741 9667 4742 9667 4743 9668 4744 9668 4745 9668 4742 9669 4746 9669 4740 9669 4740 9670 4746 9670 4747 9670 4740 9671 4747 9671 4748 9671 4748 9672 4747 9672 4749 9672 4729 9673 4750 9673 4727 9673 4727 9674 4750 9674 4751 9674 4727 9675 4751 9675 4752 9675 4753 9676 4754 9676 4755 9676 4755 9677 4754 9677 4756 9677 4757 9678 4758 9678 4759 9678 4760 9679 4761 9679 4759 9679 4752 9680 4762 9680 4727 9680 4727 9681 4762 9681 4763 9681 4727 9682 4763 9682 4749 9682 4749 9683 4763 9683 4764 9683 4749 9684 4764 9684 4748 9684 4727 9685 4765 9685 4728 9685 4728 9686 4765 9686 4766 9686 4728 9687 4766 9687 4767 9687 4767 9688 4766 9688 4768 9688 4767 9689 4768 9689 4769 9689 4761 9690 4770 9690 4759 9690 4759 9691 4770 9691 4771 9691 4759 9692 4771 9692 4757 9692 4772 9693 4773 9693 4774 9693 4774 9694 4775 9694 4772 9694 4772 9695 4775 9695 4776 9695 4772 9696 4776 9696 4777 9696 4777 9697 4776 9697 4759 9697 4777 9698 4759 9698 4778 9698 4778 9699 4759 9699 4758 9699 4721 9700 4715 9700 4779 9700 4779 9701 4715 9701 4780 9701 4779 9702 4780 9702 4759 9702 4759 9703 4780 9703 4781 9703 4759 9704 4781 9704 4760 9704 4734 9705 4782 9705 4729 9705 4729 9706 4782 9706 4783 9706 4729 9707 4783 9707 4745 9707 4745 9708 4783 9708 4784 9708 4745 9709 4784 9709 4743 9709 4720 9710 4785 9710 4718 9710 4718 9711 4785 9711 4786 9711 4718 9712 4786 9712 4772 9712 4772 9713 4786 9713 4787 9713 4772 9714 4787 9714 4773 9714 4788 9715 4789 9715 4790 9715 4790 9716 4789 9716 4791 9716 4769 9717 4792 9717 4767 9717 4767 9718 4792 9718 4793 9718 4767 9719 4793 9719 4626 9719 4626 9720 4793 9720 4597 9720 4626 9721 4597 9721 4623 9721 4623 9722 4597 9722 4579 9722 4623 9723 4579 9723 4722 9723 4791 9724 4794 9724 4790 9724 4790 9725 4794 9725 4795 9725 4790 9726 4795 9726 4796 9726 4744 9727 4797 9727 4745 9727 4745 9728 4797 9728 4798 9728 4745 9729 4798 9729 4799 9729 4799 9730 4798 9730 4790 9730 4799 9731 4790 9731 4800 9731 4800 9732 4790 9732 4796 9732 4753 9733 4755 9733 4801 9733 4801 9734 4755 9734 4802 9734 4801 9735 4802 9735 4790 9735 4790 9736 4802 9736 4803 9736 4790 9737 4803 9737 4788 9737 4804 9738 4805 9738 4806 9738 4805 9739 4807 9739 4806 9739 4806 9740 4807 9740 4808 9740 4806 9741 4808 9741 4809 9741 4810 9742 4811 9742 4812 9742 4812 9743 4811 9743 4813 9743 4812 9744 4813 9744 4814 9744 4814 9745 4813 9745 4809 9745 4814 9746 4809 9746 4815 9746 4815 9747 4809 9747 4808 9747 4735 9748 4716 9748 4816 9748 4816 9749 4716 9749 4718 9749 4816 9750 4718 9750 4806 9750 4806 9751 4718 9751 4817 9751 4806 9752 4817 9752 4804 9752 4756 9753 4818 9753 4755 9753 4755 9754 4818 9754 4819 9754 4755 9755 4819 9755 4812 9755 4812 9756 4819 9756 4820 9756 4812 9757 4820 9757 4810 9757 4821 9758 4822 9758 4823 9758 4824 9759 4825 9759 4826 9759 4827 9760 4828 9760 4829 9760 4830 9761 4831 9761 4578 9761 4578 9762 4831 9762 4832 9762 4832 9763 4833 9763 4578 9763 4578 9764 4833 9764 4834 9764 4578 9765 4834 9765 4835 9765 4836 9766 4837 9766 4838 9766 4839 9767 4840 9767 4841 9767 4841 9768 4840 9768 4842 9768 4829 9769 4828 9769 4843 9769 4836 9770 4838 9770 4844 9770 4844 9771 4838 9771 4845 9771 4844 9772 4845 9772 4846 9772 4578 9773 4847 9773 4830 9773 4830 9774 4847 9774 4848 9774 4830 9775 4848 9775 4829 9775 4829 9776 4848 9776 4849 9776 4829 9777 4849 9777 4827 9777 4846 9778 4850 9778 4844 9778 4844 9779 4850 9779 4851 9779 4844 9780 4851 9780 4852 9780 4824 9781 4826 9781 4836 9781 4836 9782 4826 9782 4853 9782 4836 9783 4853 9783 4837 9783 4854 9784 4855 9784 4856 9784 4857 9785 4858 9785 4852 9785 4852 9786 4858 9786 4859 9786 4852 9787 4859 9787 4860 9787 4860 9788 4861 9788 4852 9788 4852 9789 4861 9789 4862 9789 4852 9790 4862 9790 4844 9790 4844 9791 4862 9791 4863 9791 4844 9792 4863 9792 4864 9792 4825 9793 4865 9793 4826 9793 4826 9794 4865 9794 4866 9794 4826 9795 4866 9795 4823 9795 4823 9796 4866 9796 4867 9796 4823 9797 4867 9797 4821 9797 4856 9798 4868 9798 4869 9798 4870 9799 4871 9799 4872 9799 4822 9800 4873 9800 4823 9800 4823 9801 4873 9801 4874 9801 4823 9802 4874 9802 4875 9802 4875 9803 4874 9803 4876 9803 4875 9804 4876 9804 4877 9804 4877 9805 4876 9805 4856 9805 4877 9806 4856 9806 4878 9806 4878 9807 4856 9807 4855 9807 4839 9808 4841 9808 4856 9808 4856 9809 4841 9809 4879 9809 4856 9810 4879 9810 4868 9810 4869 9811 4880 9811 4856 9811 4856 9812 4880 9812 4881 9812 4856 9813 4881 9813 4854 9813 4842 9814 4882 9814 4841 9814 4841 9815 4882 9815 4883 9815 4841 9816 4883 9816 4843 9816 4843 9817 4883 9817 4884 9817 4843 9818 4884 9818 4829 9818 4885 9819 4886 9819 4863 9819 4863 9820 4886 9820 4887 9820 4863 9821 4887 9821 4864 9821 4888 9822 4885 9822 4575 9822 4888 9823 4889 9823 4885 9823 4885 9824 4889 9824 4890 9824 4885 9825 4890 9825 4886 9825 4891 9826 4892 9826 4893 9826 4893 9827 4892 9827 4894 9827 4893 9828 4894 9828 4895 9828 4896 9829 4897 9829 4898 9829 4871 9830 4899 9830 4872 9830 4872 9831 4899 9831 4900 9831 4872 9832 4900 9832 4901 9832 4901 9833 4900 9833 4902 9833 4901 9834 4902 9834 4903 9834 4903 9835 4902 9835 4893 9835 4903 9836 4893 9836 4904 9836 4904 9837 4893 9837 4895 9837 4905 9838 4906 9838 4893 9838 4906 9839 4907 9839 4893 9839 4893 9840 4907 9840 4908 9840 4893 9841 4908 9841 4891 9841 4893 9842 4909 9842 4905 9842 4905 9843 4909 9843 4910 9843 4905 9844 4910 9844 4911 9844 4897 9845 4896 9845 4912 9845 4898 9846 4913 9846 4896 9846 4896 9847 4913 9847 4914 9847 4896 9848 4914 9848 4872 9848 4872 9849 4914 9849 4915 9849 4872 9850 4915 9850 4870 9850 4911 9851 4916 9851 4905 9851 4905 9852 4916 9852 4917 9852 4905 9853 4917 9853 4852 9853 4852 9854 4917 9854 4918 9854 4852 9855 4918 9855 4857 9855 4835 9856 4919 9856 4578 9856 4578 9857 4919 9857 4642 9857 4578 9858 4642 9858 4575 9858 4575 9859 4642 9859 4633 9859 4575 9860 4633 9860 4888 9860 4920 9861 4921 9861 4922 9861 4920 9862 4922 9862 4923 9862 4828 9863 4924 9863 4843 9863 4843 9864 4924 9864 4922 9864 4843 9865 4922 9865 4925 9865 4925 9866 4922 9866 4921 9866 4896 9867 4926 9867 4912 9867 4912 9868 4926 9868 4927 9868 4912 9869 4927 9869 4922 9869 4922 9870 4927 9870 4928 9870 4922 9871 4928 9871 4923 9871 4929 9872 4930 9872 4931 9872 4931 9873 4930 9873 4932 9873 4931 9874 4932 9874 4933 9874 4933 9875 4932 9875 4934 9875 4933 9876 4934 9876 4935 9876 4935 9877 4934 9877 4936 9877 4935 9878 4936 9878 4937 9878 4937 9879 4936 9879 4938 9879 4937 9880 4938 9880 4939 9880 4939 9881 4938 9881 4940 9881 4939 9882 4940 9882 4941 9882 4941 9883 4940 9883 4942 9883 4941 9884 4942 9884 4943 9884 4943 9885 4942 9885 4944 9885 4943 9886 4944 9886 4945 9886 4945 9887 4944 9887 4946 9887 4945 9888 4946 9888 4947 9888 4947 9889 4946 9889 4948 9889 4947 9890 4948 9890 4949 9890 4949 9891 4948 9891 4950 9891 4949 9892 4950 9892 4951 9892 4951 9893 4950 9893 4952 9893 4951 9894 4952 9894 4953 9894 4953 9895 4952 9895 4954 9895 4953 9896 4954 9896 4955 9896 4955 9897 4954 9897 4956 9897 4955 9898 4956 9898 4957 9898 4957 9899 4956 9899 4958 9899 4957 9900 4958 9900 4959 9900 4959 9901 4958 9901 4960 9901 4959 9902 4960 9902 4961 9902 4961 9903 4960 9903 4962 9903 4961 9904 4962 9904 4963 9904 4963 9905 4962 9905 4964 9905 4963 9906 4964 9906 4965 9906 4965 9907 4964 9907 4966 9907 4967 9908 4965 9908 4968 9908 4968 9909 4965 9909 4966 9909 4967 9910 4968 9910 4969 9910 4969 9911 4968 9911 4970 9911 4969 9912 4970 9912 4971 9912 4971 9913 4970 9913 4972 9913 4971 9914 4972 9914 4973 9914 4973 9915 4972 9915 4974 9915 4973 9916 4974 9916 4975 9916 4975 9917 4974 9917 4976 9917 4975 9918 4976 9918 4977 9918 4977 9919 4976 9919 4978 9919 4977 9920 4978 9920 4979 9920 4979 9921 4978 9921 4980 9921 4979 9922 4980 9922 4981 9922 4981 9923 4980 9923 4982 9923 4981 9924 4982 9924 4983 9924 4983 9925 4982 9925 4984 9925 4983 9926 4984 9926 4985 9926 4985 9927 4984 9927 4986 9927 4985 9928 4986 9928 4987 9928 4987 9929 4986 9929 4988 9929 4987 9930 4988 9930 4989 9930 4989 9931 4988 9931 4990 9931 4989 9932 4990 9932 4991 9932 4991 9933 4990 9933 4992 9933 4991 9934 4992 9934 4993 9934 4993 9935 4992 9935 4994 9935 4993 9936 4994 9936 4995 9936 4995 9937 4994 9937 4996 9937 4995 9938 4996 9938 4997 9938 4997 9939 4996 9939 4998 9939 4997 9940 4998 9940 4999 9940 4999 9941 4998 9941 5000 9941 4999 9942 5000 9942 5001 9942 5001 9943 5000 9943 5002 9943 5001 9944 5002 9944 5003 9944 5003 9945 5002 9945 5004 9945 4929 9946 5003 9946 4930 9946 4930 9947 5003 9947 5004 9947 4711 9948 4712 9948 5005 9948 5005 9949 4712 9949 5006 9949 5005 9950 5006 9950 5007 9950 5007 9951 5006 9951 5008 9951 5007 9952 5008 9952 5009 9952 5009 9953 5008 9953 5010 9953 5009 9954 5010 9954 5011 9954 5011 9955 5010 9955 5012 9955 5011 9956 5012 9956 5013 9956 5013 9957 5012 9957 5014 9957 5013 9958 5014 9958 5015 9958 5015 9959 5014 9959 5016 9959 5015 9960 5016 9960 5017 9960 5017 9961 5016 9961 5018 9961 5017 9962 5018 9962 5019 9962 5019 9963 5018 9963 5020 9963 5019 9964 5020 9964 5021 9964 5021 9965 5020 9965 5022 9965 5021 9966 5022 9966 5023 9966 5023 9967 5022 9967 5024 9967 5023 9968 5024 9968 5025 9968 5025 9969 5024 9969 5026 9969 5025 9970 5026 9970 5027 9970 5027 9971 5026 9971 5028 9971 5027 9972 5028 9972 5029 9972 5029 9973 5028 9973 5030 9973 5029 9974 5030 9974 5031 9974 5031 9975 5030 9975 5032 9975 5031 9976 5032 9976 5033 9976 5033 9977 5032 9977 5034 9977 5033 9978 5034 9978 5035 9978 5035 9979 5034 9979 5036 9979 5035 9980 5036 9980 5037 9980 5037 9981 5036 9981 5038 9981 5037 9982 5038 9982 4670 9982 4670 9983 5038 9983 4672 9983 5023 9984 5025 9984 4786 9984 4786 9985 5025 9985 5027 9985 4786 9986 5027 9986 5029 9986 5029 9987 5031 9987 4786 9987 4786 9988 5031 9988 5033 9988 4786 9989 5033 9989 5035 9989 5017 9990 5019 9990 4786 9990 4786 9991 5019 9991 5021 9991 4786 9992 5021 9992 5023 9992 4991 9993 4993 9993 4917 9993 4953 9994 4955 9994 4786 9994 4965 9995 5013 9995 5015 9995 4991 9996 4917 9996 4989 9996 5015 9997 5017 9997 4965 9997 4965 9998 5017 9998 4786 9998 4965 9999 4786 9999 4963 9999 4963 10000 4786 10000 4961 10000 4669 10001 4787 10001 4670 10001 4670 10002 4787 10002 4786 10002 4670 10003 4786 10003 5037 10003 5037 10004 4786 10004 5035 10004 5005 10005 5007 10005 4965 10005 4787 10006 4979 10006 4981 10006 5007 10007 5009 10007 4965 10007 4965 10008 5009 10008 5011 10008 4965 10009 5011 10009 5013 10009 4941 10010 4943 10010 4918 10010 4918 10011 4943 10011 4945 10011 4945 10012 4947 10012 4918 10012 4918 10013 4947 10013 4949 10013 4918 10014 4949 10014 4786 10014 4786 10015 4949 10015 4951 10015 4786 10016 4951 10016 4953 10016 4955 10017 4957 10017 4786 10017 4786 10018 4957 10018 4959 10018 4786 10019 4959 10019 4961 10019 4689 10020 4691 10020 4787 10020 4981 10021 4983 10021 4787 10021 4787 10022 4983 10022 4985 10022 4787 10023 4985 10023 4917 10023 4917 10024 4985 10024 4987 10024 4917 10025 4987 10025 4989 10025 4993 10026 4995 10026 4917 10026 4917 10027 4995 10027 4997 10027 4917 10028 4997 10028 4999 10028 4931 10029 4933 10029 4918 10029 4918 10030 4933 10030 4935 10030 4973 10031 4975 10031 4787 10031 4787 10032 4975 10032 4977 10032 4787 10033 4977 10033 4979 10033 4999 10034 5001 10034 4917 10034 4917 10035 5001 10035 5003 10035 4917 10036 5003 10036 4918 10036 4918 10037 5003 10037 4929 10037 4918 10038 4929 10038 4931 10038 4935 10039 4937 10039 4918 10039 4918 10040 4937 10040 4939 10040 4918 10041 4939 10041 4941 10041 4691 10042 4969 10042 4787 10042 4787 10043 4969 10043 4971 10043 4787 10044 4971 10044 4973 10044 4691 10045 4693 10045 4969 10045 4969 10046 4693 10046 4695 10046 4969 10047 4695 10047 4697 10047 4683 10048 4685 10048 4787 10048 4787 10049 4685 10049 4687 10049 4787 10050 4687 10050 4689 10050 4669 10051 4673 10051 4787 10051 4787 10052 4673 10052 4675 10052 4787 10053 4675 10053 4677 10053 4677 10054 4679 10054 4787 10054 4787 10055 4679 10055 4681 10055 4787 10056 4681 10056 4683 10056 4697 10057 4699 10057 4969 10057 4969 10058 4699 10058 4701 10058 4969 10059 4701 10059 4703 10059 4703 10060 4705 10060 4969 10060 4969 10061 4705 10061 4707 10061 4969 10062 4707 10062 4967 10062 4967 10063 4707 10063 4709 10063 4967 10064 4709 10064 4965 10064 4965 10065 4709 10065 4711 10065 4965 10066 4711 10066 5005 10066 5006 10067 4712 10067 4852 10067 5028 10068 5026 10068 4718 10068 4718 10069 5026 10069 5024 10069 5018 10070 4852 10070 5020 10070 5020 10071 4852 10071 4718 10071 5020 10072 4718 10072 5022 10072 5022 10073 4718 10073 5024 10073 5004 10074 4905 10074 4930 10074 4930 10075 4905 10075 4852 10075 4930 10076 4852 10076 4932 10076 4932 10077 4852 10077 4934 10077 5004 10078 5002 10078 4905 10078 4905 10079 5002 10079 5000 10079 4905 10080 5000 10080 4998 10080 4992 10081 4990 10081 4905 10081 4905 10082 4990 10082 4988 10082 4946 10083 4944 10083 4852 10083 4852 10084 4944 10084 4942 10084 4852 10085 4942 10085 4940 10085 5018 10086 5016 10086 4852 10086 4852 10087 5016 10087 5014 10087 4852 10088 5014 10088 5012 10088 4998 10089 4996 10089 4905 10089 4905 10090 4996 10090 4994 10090 4905 10091 4994 10091 4992 10091 4852 10092 4954 10092 4952 10092 5012 10093 5010 10093 4852 10093 4852 10094 5010 10094 5008 10094 4852 10095 5008 10095 5006 10095 5036 10096 5034 10096 4718 10096 5034 10097 5032 10097 4718 10097 4718 10098 5032 10098 5030 10098 4718 10099 5030 10099 5028 10099 4952 10100 4950 10100 4852 10100 4852 10101 4950 10101 4948 10101 4852 10102 4948 10102 4946 10102 4940 10103 4938 10103 4852 10103 4852 10104 4938 10104 4936 10104 4852 10105 4936 10105 4934 10105 4988 10106 4986 10106 4905 10106 4905 10107 4986 10107 4984 10107 4905 10108 4984 10108 4772 10108 4772 10109 4984 10109 4982 10109 4772 10110 4982 10110 4980 10110 4702 10111 4700 10111 4970 10111 4980 10112 4978 10112 4772 10112 4772 10113 4978 10113 4976 10113 4772 10114 4976 10114 4974 10114 4702 10115 4970 10115 4704 10115 4700 10116 4698 10116 4970 10116 4970 10117 4698 10117 4696 10117 4970 10118 4696 10118 4694 10118 4962 10119 4960 10119 4712 10119 4712 10120 4960 10120 4958 10120 4712 10121 4958 10121 4852 10121 4852 10122 4958 10122 4956 10122 4852 10123 4956 10123 4954 10123 4694 10124 4692 10124 4970 10124 4970 10125 4692 10125 4772 10125 4970 10126 4772 10126 4972 10126 4972 10127 4772 10127 4974 10127 4692 10128 4690 10128 4772 10128 4772 10129 4690 10129 4688 10129 4772 10130 4688 10130 4686 10130 4686 10131 4684 10131 4772 10131 4772 10132 4684 10132 4682 10132 4772 10133 4682 10133 4680 10133 4680 10134 4678 10134 4772 10134 4772 10135 4678 10135 4676 10135 4772 10136 4676 10136 4674 10136 4968 10137 4966 10137 4712 10137 4712 10138 4966 10138 4964 10138 4712 10139 4964 10139 4962 10139 4674 10140 4671 10140 4772 10140 4772 10141 4671 10141 4672 10141 4772 10142 4672 10142 4718 10142 4718 10143 4672 10143 5038 10143 4718 10144 5038 10144 5036 10144 4712 10145 4710 10145 4968 10145 4968 10146 4710 10146 4708 10146 4968 10147 4708 10147 4970 10147 4970 10148 4708 10148 4706 10148 4970 10149 4706 10149 4704 10149 5039 10150 5040 10150 4783 10150 4884 10151 5041 10151 5042 10151 5043 10152 5044 10152 5045 10152 5046 10153 5047 10153 4783 10153 4783 10154 5047 10154 5048 10154 4783 10155 5048 10155 5039 10155 5040 10156 5049 10156 4783 10156 4783 10157 5049 10157 5050 10157 4783 10158 5050 10158 5051 10158 5052 10159 5053 10159 4884 10159 4884 10160 5053 10160 5054 10160 4884 10161 5054 10161 5055 10161 5045 10162 5044 10162 5056 10162 5057 10163 5058 10163 5059 10163 5055 10164 5060 10164 4884 10164 4884 10165 5060 10165 5061 10165 4884 10166 5061 10166 5041 10166 5042 10167 5062 10167 4884 10167 4884 10168 5062 10168 5063 10168 4884 10169 5063 10169 5064 10169 5046 10170 4783 10170 5065 10170 5065 10171 4783 10171 4884 10171 5065 10172 4884 10172 5044 10172 5044 10173 4884 10173 5064 10173 5044 10174 5064 10174 5056 10174 5066 10175 5067 10175 5045 10175 5057 10176 5059 10176 5068 10176 5068 10177 5059 10177 5069 10177 5068 10178 5069 10178 5070 10178 4883 10179 5071 10179 4884 10179 4884 10180 5071 10180 5072 10180 4884 10181 5072 10181 5052 10181 5067 10182 5073 10182 5045 10182 5045 10183 5073 10183 5074 10183 5045 10184 5074 10184 5043 10184 4883 10185 4784 10185 5075 10185 5075 10186 4784 10186 5076 10186 5070 10187 5077 10187 5068 10187 5068 10188 5077 10188 5078 10188 5068 10189 5078 10189 5045 10189 5045 10190 5078 10190 5079 10190 5045 10191 5079 10191 5066 10191 5075 10192 5080 10192 5081 10192 5081 10193 5080 10193 5082 10193 5081 10194 5082 10194 5083 10194 5084 10195 4883 10195 5085 10195 5085 10196 4883 10196 5075 10196 5085 10197 5075 10197 5086 10197 5086 10198 5075 10198 5081 10198 5084 10199 5087 10199 4883 10199 4883 10200 5087 10200 5088 10200 4883 10201 5088 10201 5089 10201 5051 10202 5090 10202 4783 10202 4783 10203 5090 10203 5091 10203 4783 10204 5091 10204 4784 10204 4784 10205 5091 10205 5092 10205 5092 10206 5093 10206 4784 10206 4784 10207 5093 10207 5094 10207 4784 10208 5094 10208 5095 10208 5095 10209 5096 10209 4784 10209 4784 10210 5096 10210 5097 10210 4784 10211 5097 10211 5098 10211 5098 10212 5099 10212 4784 10212 4784 10213 5099 10213 5100 10213 4784 10214 5100 10214 5076 10214 5101 10215 5102 10215 5082 10215 5082 10216 5102 10216 5103 10216 5082 10217 5103 10217 5083 10217 5104 10218 5105 10218 4883 10218 4883 10219 5105 10219 5106 10219 4883 10220 5106 10220 5071 10220 5107 10221 5108 10221 5109 10221 5109 10222 5108 10222 5110 10222 5089 10223 5111 10223 4883 10223 4883 10224 5111 10224 5112 10224 4883 10225 5112 10225 5104 10225 5110 10226 5108 10226 5082 10226 5082 10227 5108 10227 5113 10227 5082 10228 5113 10228 5101 10228 5057 10229 5114 10229 5058 10229 5058 10230 5114 10230 5115 10230 5058 10231 5115 10231 5109 10231 5109 10232 5115 10232 5116 10232 5109 10233 5116 10233 5107 10233 5117 10234 5118 10234 4729 10234 5119 10235 5120 10235 4729 10235 4729 10236 5120 10236 5121 10236 5121 10237 5122 10237 4729 10237 4729 10238 5122 10238 5123 10238 4729 10239 5123 10239 5117 10239 5119 10240 4729 10240 5124 10240 5124 10241 4729 10241 4745 10241 5124 10242 4745 10242 5125 10242 5126 10243 5127 10243 5128 10243 5129 10244 5130 10244 4729 10244 4729 10245 5130 10245 5131 10245 4729 10246 5131 10246 4843 10246 4843 10247 5131 10247 5132 10247 4843 10248 5132 10248 5133 10248 5126 10249 5134 10249 5127 10249 5127 10250 5134 10250 5135 10250 5127 10251 5135 10251 5136 10251 5133 10252 5137 10252 4843 10252 4843 10253 5137 10253 5138 10253 4843 10254 5138 10254 5139 10254 5118 10255 5140 10255 4729 10255 4729 10256 5140 10256 5141 10256 4729 10257 5141 10257 5126 10257 4843 10258 5142 10258 5143 10258 5128 10259 5144 10259 5126 10259 5126 10260 5144 10260 5145 10260 5126 10261 5145 10261 4729 10261 4729 10262 5145 10262 5146 10262 4729 10263 5146 10263 5129 10263 5139 10264 5147 10264 4843 10264 4843 10265 5147 10265 5148 10265 4843 10266 5148 10266 5142 10266 5149 10267 5150 10267 5151 10267 5151 10268 5150 10268 5152 10268 5151 10269 5152 10269 5153 10269 5136 10270 5154 10270 5127 10270 5127 10271 5154 10271 5151 10271 5127 10272 5151 10272 5155 10272 5155 10273 5151 10273 5153 10273 5156 10274 5157 10274 4841 10274 4841 10275 5157 10275 5158 10275 5159 10276 5160 10276 4745 10276 5160 10277 5161 10277 4745 10277 4745 10278 5161 10278 5162 10278 4745 10279 5162 10279 5163 10279 5163 10280 5164 10280 4745 10280 4745 10281 5164 10281 5165 10281 4745 10282 5165 10282 5166 10282 5166 10283 5167 10283 4745 10283 4745 10284 5167 10284 5168 10284 4745 10285 5168 10285 5169 10285 5169 10286 5170 10286 4745 10286 4745 10287 5170 10287 5171 10287 4745 10288 5171 10288 5125 10288 5143 10289 5172 10289 4843 10289 4843 10290 5172 10290 5173 10290 4843 10291 5173 10291 4841 10291 4841 10292 5173 10292 5174 10292 4841 10293 5174 10293 5175 10293 5176 10294 5177 10294 5178 10294 5178 10295 5177 10295 5179 10295 5178 10296 5179 10296 5180 10296 5180 10297 5159 10297 5178 10297 5178 10298 5159 10298 4745 10298 5178 10299 4745 10299 5181 10299 5181 10300 4745 10300 4841 10300 5181 10301 4841 10301 5182 10301 5182 10302 4841 10302 5158 10302 5175 10303 5183 10303 4841 10303 4841 10304 5183 10304 5184 10304 4841 10305 5184 10305 5185 10305 5186 10306 5187 10306 5188 10306 5185 10307 5189 10307 4841 10307 4841 10308 5189 10308 5190 10308 4841 10309 5190 10309 5156 10309 5176 10310 5178 10310 5187 10310 5187 10311 5178 10311 5191 10311 5187 10312 5191 10312 5188 10312 5151 10313 5192 10313 5149 10313 5149 10314 5192 10314 5193 10314 5149 10315 5193 10315 5188 10315 5188 10316 5193 10316 5194 10316 5188 10317 5194 10317 5186 10317 5186 10318 5077 10318 5187 10318 5187 10319 5077 10319 5070 10319 5187 10320 5070 10320 5176 10320 5176 10321 5070 10321 5069 10321 5176 10322 5069 10322 5177 10322 5177 10323 5069 10323 5059 10323 5177 10324 5059 10324 5179 10324 5179 10325 5059 10325 5058 10325 5179 10326 5058 10326 5180 10326 5180 10327 5058 10327 5109 10327 5180 10328 5109 10328 5159 10328 5159 10329 5109 10329 5110 10329 5159 10330 5110 10330 5160 10330 5160 10331 5110 10331 5082 10331 5160 10332 5082 10332 5161 10332 5161 10333 5082 10333 5080 10333 5161 10334 5080 10334 5162 10334 5162 10335 5080 10335 5075 10335 5162 10336 5075 10336 5163 10336 5163 10337 5075 10337 5076 10337 5163 10338 5076 10338 5164 10338 5164 10339 5076 10339 5100 10339 5164 10340 5100 10340 5165 10340 5165 10341 5100 10341 5099 10341 5165 10342 5099 10342 5166 10342 5166 10343 5099 10343 5098 10343 5166 10344 5098 10344 5167 10344 5167 10345 5098 10345 5097 10345 5167 10346 5097 10346 5168 10346 5168 10347 5097 10347 5096 10347 5168 10348 5096 10348 5169 10348 5169 10349 5096 10349 5095 10349 5169 10350 5095 10350 5170 10350 5170 10351 5095 10351 5094 10351 5170 10352 5094 10352 5171 10352 5171 10353 5094 10353 5093 10353 5171 10354 5093 10354 5125 10354 5125 10355 5093 10355 5092 10355 5186 10356 5194 10356 5077 10356 5077 10357 5194 10357 5078 10357 5124 10358 5091 10358 5119 10358 5119 10359 5091 10359 5090 10359 5119 10360 5090 10360 5120 10360 5120 10361 5090 10361 5051 10361 5120 10362 5051 10362 5121 10362 5121 10363 5051 10363 5050 10363 5121 10364 5050 10364 5122 10364 5122 10365 5050 10365 5049 10365 5122 10366 5049 10366 5123 10366 5123 10367 5049 10367 5040 10367 5123 10368 5040 10368 5117 10368 5117 10369 5040 10369 5039 10369 5117 10370 5039 10370 5118 10370 5118 10371 5039 10371 5048 10371 5118 10372 5048 10372 5140 10372 5140 10373 5048 10373 5047 10373 5140 10374 5047 10374 5141 10374 5141 10375 5047 10375 5046 10375 5141 10376 5046 10376 5126 10376 5126 10377 5046 10377 5065 10377 5126 10378 5065 10378 5134 10378 5134 10379 5065 10379 5044 10379 5134 10380 5044 10380 5135 10380 5135 10381 5044 10381 5043 10381 5135 10382 5043 10382 5136 10382 5136 10383 5043 10383 5074 10383 5136 10384 5074 10384 5154 10384 5154 10385 5074 10385 5073 10385 5154 10386 5073 10386 5151 10386 5151 10387 5073 10387 5067 10387 5151 10388 5067 10388 5192 10388 5192 10389 5067 10389 5066 10389 5192 10390 5066 10390 5193 10390 5193 10391 5066 10391 5079 10391 5193 10392 5079 10392 5194 10392 5194 10393 5079 10393 5078 10393 5124 10394 5125 10394 5091 10394 5091 10395 5125 10395 5092 10395 5127 10396 5116 10396 5128 10396 5128 10397 5116 10397 5115 10397 5128 10398 5115 10398 5144 10398 5144 10399 5115 10399 5114 10399 5144 10400 5114 10400 5145 10400 5145 10401 5114 10401 5057 10401 5145 10402 5057 10402 5146 10402 5146 10403 5057 10403 5068 10403 5146 10404 5068 10404 5129 10404 5129 10405 5068 10405 5045 10405 5129 10406 5045 10406 5130 10406 5130 10407 5045 10407 5056 10407 5130 10408 5056 10408 5131 10408 5131 10409 5056 10409 5064 10409 5131 10410 5064 10410 5132 10410 5132 10411 5064 10411 5063 10411 5132 10412 5063 10412 5133 10412 5133 10413 5063 10413 5062 10413 5133 10414 5062 10414 5137 10414 5137 10415 5062 10415 5042 10415 5137 10416 5042 10416 5138 10416 5138 10417 5042 10417 5041 10417 5138 10418 5041 10418 5139 10418 5139 10419 5041 10419 5061 10419 5139 10420 5061 10420 5147 10420 5147 10421 5061 10421 5060 10421 5147 10422 5060 10422 5148 10422 5148 10423 5060 10423 5055 10423 5148 10424 5055 10424 5142 10424 5142 10425 5055 10425 5054 10425 5142 10426 5054 10426 5143 10426 5143 10427 5054 10427 5053 10427 5143 10428 5053 10428 5172 10428 5172 10429 5053 10429 5052 10429 5172 10430 5052 10430 5173 10430 5173 10431 5052 10431 5072 10431 5127 10432 5155 10432 5116 10432 5116 10433 5155 10433 5107 10433 5174 10434 5071 10434 5175 10434 5175 10435 5071 10435 5106 10435 5175 10436 5106 10436 5183 10436 5183 10437 5106 10437 5105 10437 5183 10438 5105 10438 5184 10438 5184 10439 5105 10439 5104 10439 5184 10440 5104 10440 5185 10440 5185 10441 5104 10441 5112 10441 5185 10442 5112 10442 5189 10442 5189 10443 5112 10443 5111 10443 5189 10444 5111 10444 5190 10444 5190 10445 5111 10445 5089 10445 5190 10446 5089 10446 5156 10446 5156 10447 5089 10447 5088 10447 5156 10448 5088 10448 5157 10448 5157 10449 5088 10449 5087 10449 5157 10450 5087 10450 5158 10450 5158 10451 5087 10451 5084 10451 5158 10452 5084 10452 5182 10452 5182 10453 5084 10453 5085 10453 5182 10454 5085 10454 5181 10454 5181 10455 5085 10455 5086 10455 5181 10456 5086 10456 5178 10456 5178 10457 5086 10457 5081 10457 5178 10458 5081 10458 5191 10458 5191 10459 5081 10459 5083 10459 5191 10460 5083 10460 5188 10460 5188 10461 5083 10461 5103 10461 5188 10462 5103 10462 5149 10462 5149 10463 5103 10463 5102 10463 5149 10464 5102 10464 5150 10464 5150 10465 5102 10465 5101 10465 5150 10466 5101 10466 5152 10466 5152 10467 5101 10467 5113 10467 5152 10468 5113 10468 5153 10468 5153 10469 5113 10469 5108 10469 5153 10470 5108 10470 5155 10470 5155 10471 5108 10471 5107 10471 5174 10472 5173 10472 5071 10472 5071 10473 5173 10473 5072 10473 4819 10474 4867 10474 5195 10474 5196 10475 5197 10475 4820 10475 5195 10476 5198 10476 4819 10476 4819 10477 5198 10477 5199 10477 4819 10478 5199 10478 5200 10478 4866 10479 5201 10479 5202 10479 5203 10480 5204 10480 4867 10480 4867 10481 5204 10481 5205 10481 4867 10482 5205 10482 5195 10482 5197 10483 5206 10483 4820 10483 4820 10484 5206 10484 5207 10484 4820 10485 5207 10485 4866 10485 4866 10486 5207 10486 5208 10486 4866 10487 5208 10487 5201 10487 5209 10488 5210 10488 4820 10488 4820 10489 5210 10489 5211 10489 4820 10490 5211 10490 5196 10490 5200 10491 5212 10491 4819 10491 4819 10492 5212 10492 5213 10492 4819 10493 5213 10493 5214 10493 5202 10494 5215 10494 4866 10494 4866 10495 5215 10495 5216 10495 4866 10496 5216 10496 5217 10496 5218 10497 5219 10497 4867 10497 4867 10498 5219 10498 5220 10498 4867 10499 5220 10499 5203 10499 5214 10500 5221 10500 4819 10500 4819 10501 5221 10501 5222 10501 4819 10502 5222 10502 5223 10502 5224 10503 5225 10503 4820 10503 4820 10504 5225 10504 5226 10504 4820 10505 5226 10505 5209 10505 5217 10506 5227 10506 4866 10506 4866 10507 5227 10507 5228 10507 4866 10508 5228 10508 5229 10508 5230 10509 5231 10509 4867 10509 4867 10510 5231 10510 5232 10510 4867 10511 5232 10511 5218 10511 5223 10512 5233 10512 4819 10512 4819 10513 5233 10513 5234 10513 4819 10514 5234 10514 4820 10514 4820 10515 5234 10515 5235 10515 4820 10516 5235 10516 5224 10516 5229 10517 5236 10517 4866 10517 4866 10518 5236 10518 5237 10518 4866 10519 5237 10519 4867 10519 4867 10520 5237 10520 5238 10520 4867 10521 5238 10521 5230 10521 5239 10522 5240 10522 4826 10522 4826 10523 5240 10523 5241 10523 4826 10524 5241 10524 4812 10524 5242 10525 5243 10525 4755 10525 5241 10526 5244 10526 4812 10526 4812 10527 5244 10527 5245 10527 4812 10528 5245 10528 5246 10528 5243 10529 5247 10529 4755 10529 4755 10530 5247 10530 5248 10530 4755 10531 5248 10531 4823 10531 4823 10532 5248 10532 5249 10532 5249 10533 5250 10533 4823 10533 4823 10534 5250 10534 5251 10534 4823 10535 5251 10535 5252 10535 5253 10536 5254 10536 4826 10536 4826 10537 5254 10537 5255 10537 4826 10538 5255 10538 5239 10538 5246 10539 5256 10539 4812 10539 4812 10540 5256 10540 5257 10540 4812 10541 5257 10541 5258 10541 5259 10542 5260 10542 4755 10542 4755 10543 5260 10543 5261 10543 4755 10544 5261 10544 5242 10544 5252 10545 5262 10545 4823 10545 4823 10546 5262 10546 5263 10546 4823 10547 5263 10547 5264 10547 5265 10548 5266 10548 4826 10548 4826 10549 5266 10549 5267 10549 4826 10550 5267 10550 5253 10550 5268 10551 5269 10551 4755 10551 4755 10552 5269 10552 5270 10552 4755 10553 5270 10553 5259 10553 5258 10554 5271 10554 4812 10554 4812 10555 5271 10555 5272 10555 4812 10556 5272 10556 5273 10556 5264 10557 5274 10557 4823 10557 4823 10558 5274 10558 5275 10558 4823 10559 5275 10559 5276 10559 5276 10560 5277 10560 4823 10560 4823 10561 5277 10561 5278 10561 4823 10562 5278 10562 4826 10562 4826 10563 5278 10563 5279 10563 4826 10564 5279 10564 5265 10564 5273 10565 5280 10565 4812 10565 4812 10566 5280 10566 5281 10566 4812 10567 5281 10567 4755 10567 4755 10568 5281 10568 5282 10568 4755 10569 5282 10569 5268 10569 4740 10570 5283 10570 5284 10570 5285 10571 5286 10571 4896 10571 4896 10572 5286 10572 5287 10572 4896 10573 5287 10573 4740 10573 4740 10574 5287 10574 5288 10574 4740 10575 5288 10575 5283 10575 5289 10576 5290 10576 4715 10576 5291 10577 4872 10577 5292 10577 5292 10578 4872 10578 4715 10578 5292 10579 4715 10579 5293 10579 5293 10580 4715 10580 5290 10580 5291 10581 5294 10581 4872 10581 4872 10582 5294 10582 5295 10582 4872 10583 5295 10583 5296 10583 5297 10584 5298 10584 4896 10584 4896 10585 5298 10585 5299 10585 4896 10586 5299 10586 5285 10586 5284 10587 5300 10587 4740 10587 4740 10588 5300 10588 5301 10588 4740 10589 5301 10589 5302 10589 5303 10590 5304 10590 4715 10590 4715 10591 5304 10591 5305 10591 4715 10592 5305 10592 5289 10592 5296 10593 5306 10593 4872 10593 4872 10594 5306 10594 5307 10594 4872 10595 5307 10595 5308 10595 5302 10596 5309 10596 4740 10596 4740 10597 5309 10597 5310 10597 4740 10598 5310 10598 5311 10598 5312 10599 5313 10599 4896 10599 4896 10600 5313 10600 5314 10600 4896 10601 5314 10601 5297 10601 5315 10602 5316 10602 4715 10602 4715 10603 5316 10603 5317 10603 4715 10604 5317 10604 5303 10604 5308 10605 5318 10605 4872 10605 4872 10606 5318 10606 5319 10606 4872 10607 5319 10607 5320 10607 5311 10608 5321 10608 4740 10608 4740 10609 5321 10609 5322 10609 4740 10610 5322 10610 4715 10610 4715 10611 5322 10611 5323 10611 4715 10612 5323 10612 5315 10612 5320 10613 5324 10613 4872 10613 4872 10614 5324 10614 5325 10614 4872 10615 5325 10615 4896 10615 4896 10616 5325 10616 5326 10616 4896 10617 5326 10617 5312 10617 5327 10618 5328 10618 4915 10618 4739 10619 5329 10619 5330 10619 4914 10620 5331 10620 5332 10620 5328 10621 5333 10621 4915 10621 4915 10622 5333 10622 5334 10622 4915 10623 5334 10623 4739 10623 4739 10624 5334 10624 5335 10624 4739 10625 5335 10625 5329 10625 5336 10626 5337 10626 4741 10626 5337 10627 5338 10627 4741 10627 4741 10628 5338 10628 5339 10628 4741 10629 5339 10629 4914 10629 4914 10630 5339 10630 5340 10630 4914 10631 5340 10631 5331 10631 5341 10632 5342 10632 4915 10632 4915 10633 5342 10633 5343 10633 4915 10634 5343 10634 5327 10634 5330 10635 5344 10635 4739 10635 4739 10636 5344 10636 5345 10636 4739 10637 5345 10637 5346 10637 5332 10638 5347 10638 4914 10638 4914 10639 5347 10639 5348 10639 4914 10640 5348 10640 5349 10640 5350 10641 5351 10641 4741 10641 4741 10642 5351 10642 5352 10642 4741 10643 5352 10643 5336 10643 5353 10644 5354 10644 4915 10644 4915 10645 5354 10645 5355 10645 4915 10646 5355 10646 5341 10646 5356 10647 5357 10647 4741 10647 4741 10648 5357 10648 5358 10648 4741 10649 5358 10649 5350 10649 5349 10650 5359 10650 4914 10650 4914 10651 5359 10651 5360 10651 4914 10652 5360 10652 5361 10652 5346 10653 5362 10653 4739 10653 4739 10654 5362 10654 5363 10654 4739 10655 5363 10655 5364 10655 5361 10656 5365 10656 4914 10656 4914 10657 5365 10657 5366 10657 4914 10658 5366 10658 4915 10658 4915 10659 5366 10659 5367 10659 4915 10660 5367 10660 5353 10660 5364 10661 5368 10661 4739 10661 4739 10662 5368 10662 5369 10662 4739 10663 5369 10663 4741 10663 4741 10664 5369 10664 5370 10664 4741 10665 5370 10665 5356 10665 4718 10666 4852 10666 4851 10666 4718 10667 4851 10667 4817 10667 4817 10668 4851 10668 4850 10668 4817 10669 4850 10669 4804 10669 4804 10670 4850 10670 4846 10670 4804 10671 4846 10671 4805 10671 4805 10672 4846 10672 4845 10672 4805 10673 4845 10673 4807 10673 4807 10674 4845 10674 4838 10674 4807 10675 4838 10675 4808 10675 4808 10676 4838 10676 4837 10676 4808 10677 4837 10677 4815 10677 4815 10678 4837 10678 4853 10678 4815 10679 4853 10679 4814 10679 4814 10680 4853 10680 4826 10680 4814 10681 4826 10681 4812 10681 4896 10682 4740 10682 4748 10682 4896 10683 4748 10683 4926 10683 4926 10684 4748 10684 4764 10684 4926 10685 4764 10685 4927 10685 4927 10686 4764 10686 4763 10686 4927 10687 4763 10687 4928 10687 4928 10688 4763 10688 4762 10688 4928 10689 4762 10689 4923 10689 4923 10690 4762 10690 4752 10690 4923 10691 4752 10691 4920 10691 4920 10692 4752 10692 4751 10692 4920 10693 4751 10693 4921 10693 4921 10694 4751 10694 4750 10694 4921 10695 4750 10695 4925 10695 4925 10696 4750 10696 4729 10696 4925 10697 4729 10697 4843 10697 4841 10698 4745 10698 4799 10698 4841 10699 4799 10699 4879 10699 4879 10700 4799 10700 4800 10700 4879 10701 4800 10701 4868 10701 4868 10702 4800 10702 4796 10702 4868 10703 4796 10703 4869 10703 4869 10704 4796 10704 4795 10704 4869 10705 4795 10705 4880 10705 4880 10706 4795 10706 4794 10706 4880 10707 4794 10707 4881 10707 4881 10708 4794 10708 4791 10708 4881 10709 4791 10709 4854 10709 4854 10710 4791 10710 4789 10710 4854 10711 4789 10711 4855 10711 4855 10712 4789 10712 4788 10712 4855 10713 4788 10713 4878 10713 4878 10714 4788 10714 4803 10714 4878 10715 4803 10715 4877 10715 4877 10716 4803 10716 4802 10716 4877 10717 4802 10717 4875 10717 4875 10718 4802 10718 4755 10718 4875 10719 4755 10719 4823 10719 4715 10720 4872 10720 4901 10720 4715 10721 4901 10721 4780 10721 4780 10722 4901 10722 4903 10722 4780 10723 4903 10723 4781 10723 4781 10724 4903 10724 4904 10724 4781 10725 4904 10725 4760 10725 4760 10726 4904 10726 4895 10726 4760 10727 4895 10727 4761 10727 4761 10728 4895 10728 4894 10728 4761 10729 4894 10729 4770 10729 4770 10730 4894 10730 4892 10730 4770 10731 4892 10731 4771 10731 4771 10732 4892 10732 4891 10732 4771 10733 4891 10733 4757 10733 4757 10734 4891 10734 4908 10734 4757 10735 4908 10735 4758 10735 4758 10736 4908 10736 4907 10736 4758 10737 4907 10737 4778 10737 4778 10738 4907 10738 4906 10738 4778 10739 4906 10739 4777 10739 4777 10740 4906 10740 4905 10740 4777 10741 4905 10741 4772 10741 4915 10742 4739 10742 4870 10742 4870 10743 4739 10743 4738 10743 4870 10744 4738 10744 4871 10744 4871 10745 4738 10745 4714 10745 4871 10746 4714 10746 4899 10746 4899 10747 4714 10747 4713 10747 4899 10748 4713 10748 4900 10748 4900 10749 4713 10749 4721 10749 4900 10750 4721 10750 4902 10750 4902 10751 4721 10751 4779 10751 4902 10752 4779 10752 4893 10752 4893 10753 4779 10753 4759 10753 4893 10754 4759 10754 4909 10754 4909 10755 4759 10755 4776 10755 4909 10756 4776 10756 4910 10756 4910 10757 4776 10757 4775 10757 4910 10758 4775 10758 4911 10758 4911 10759 4775 10759 4774 10759 4911 10760 4774 10760 4916 10760 4916 10761 4774 10761 4773 10761 4916 10762 4773 10762 4917 10762 4917 10763 4773 10763 4787 10763 4918 10764 4786 10764 4857 10764 4857 10765 4786 10765 4785 10765 4857 10766 4785 10766 4858 10766 4858 10767 4785 10767 4720 10767 4858 10768 4720 10768 4859 10768 4859 10769 4720 10769 4719 10769 4859 10770 4719 10770 4860 10770 4860 10771 4719 10771 4717 10771 4860 10772 4717 10772 4861 10772 4861 10773 4717 10773 4716 10773 4861 10774 4716 10774 4862 10774 4862 10775 4716 10775 4724 10775 4862 10776 4724 10776 4863 10776 4863 10777 4724 10777 4723 10777 4863 10778 4723 10778 4885 10778 4885 10779 4723 10779 4722 10779 4885 10780 4722 10780 4575 10780 4575 10781 4722 10781 4579 10781 4820 10782 4866 10782 4810 10782 4810 10783 4866 10783 4865 10783 4810 10784 4865 10784 4811 10784 4811 10785 4865 10785 4825 10785 4811 10786 4825 10786 4813 10786 4813 10787 4825 10787 4824 10787 4813 10788 4824 10788 4809 10788 4809 10789 4824 10789 4836 10789 4809 10790 4836 10790 4806 10790 4806 10791 4836 10791 4844 10791 4806 10792 4844 10792 4816 10792 4816 10793 4844 10793 4864 10793 4816 10794 4864 10794 4735 10794 4735 10795 4864 10795 4887 10795 4735 10796 4887 10796 4736 10796 4736 10797 4887 10797 4886 10797 4736 10798 4886 10798 4737 10798 4737 10799 4886 10799 4890 10799 4737 10800 4890 10800 4726 10800 4726 10801 4890 10801 4889 10801 4726 10802 4889 10802 4725 10802 4725 10803 4889 10803 4888 10803 4725 10804 4888 10804 4623 10804 4623 10805 4888 10805 4633 10805 4727 10806 4922 10806 4765 10806 4765 10807 4922 10807 4924 10807 4765 10808 4924 10808 4766 10808 4766 10809 4924 10809 4828 10809 4766 10810 4828 10810 4768 10810 4768 10811 4828 10811 4827 10811 4768 10812 4827 10812 4769 10812 4769 10813 4827 10813 4849 10813 4769 10814 4849 10814 4792 10814 4792 10815 4849 10815 4848 10815 4792 10816 4848 10816 4793 10816 4793 10817 4848 10817 4847 10817 4793 10818 4847 10818 4597 10818 4597 10819 4847 10819 4578 10819 4741 10820 4914 10820 4742 10820 4742 10821 4914 10821 4913 10821 4742 10822 4913 10822 4746 10822 4746 10823 4913 10823 4898 10823 4746 10824 4898 10824 4747 10824 4747 10825 4898 10825 4897 10825 4747 10826 4897 10826 4749 10826 4749 10827 4897 10827 4912 10827 4749 10828 4912 10828 4727 10828 4727 10829 4912 10829 4922 10829 4884 10830 4783 10830 4829 10830 4829 10831 4783 10831 4782 10831 4829 10832 4782 10832 4830 10832 4830 10833 4782 10833 4734 10833 4830 10834 4734 10834 4831 10834 4831 10835 4734 10835 4733 10835 4831 10836 4733 10836 4832 10836 4832 10837 4733 10837 4732 10837 4832 10838 4732 10838 4833 10838 4833 10839 4732 10839 4731 10839 4833 10840 4731 10840 4834 10840 4834 10841 4731 10841 4730 10841 4834 10842 4730 10842 4835 10842 4835 10843 4730 10843 4728 10843 4835 10844 4728 10844 4919 10844 4919 10845 4728 10845 4767 10845 4919 10846 4767 10846 4642 10846 4642 10847 4767 10847 4626 10847 4867 10848 4819 10848 4821 10848 4821 10849 4819 10849 4818 10849 4821 10850 4818 10850 4822 10850 4822 10851 4818 10851 4756 10851 4822 10852 4756 10852 4873 10852 4873 10853 4756 10853 4754 10853 4873 10854 4754 10854 4874 10854 4874 10855 4754 10855 4753 10855 4874 10856 4753 10856 4876 10856 4876 10857 4753 10857 4801 10857 4876 10858 4801 10858 4856 10858 4856 10859 4801 10859 4790 10859 4856 10860 4790 10860 4839 10860 4839 10861 4790 10861 4798 10861 4839 10862 4798 10862 4840 10862 4840 10863 4798 10863 4797 10863 4840 10864 4797 10864 4842 10864 4842 10865 4797 10865 4744 10865 4842 10866 4744 10866 4882 10866 4882 10867 4744 10867 4743 10867 4882 10868 4743 10868 4883 10868 4883 10869 4743 10869 4784 10869 5367 10870 5366 10870 5324 10870 5324 10871 5366 10871 5325 10871 5367 10872 5324 10872 5320 10872 5367 10873 5320 10873 5353 10873 5353 10874 5320 10874 5319 10874 5353 10875 5319 10875 5354 10875 5354 10876 5319 10876 5318 10876 5354 10877 5318 10877 5355 10877 5355 10878 5318 10878 5308 10878 5355 10879 5308 10879 5341 10879 5341 10880 5308 10880 5307 10880 5341 10881 5307 10881 5342 10881 5342 10882 5307 10882 5306 10882 5342 10883 5306 10883 5343 10883 5343 10884 5306 10884 5296 10884 5343 10885 5296 10885 5327 10885 5327 10886 5296 10886 5295 10886 5327 10887 5295 10887 5328 10887 5328 10888 5295 10888 5294 10888 5328 10889 5294 10889 5333 10889 5333 10890 5294 10890 5291 10890 5333 10891 5291 10891 5334 10891 5335 10892 5334 10892 5292 10892 5292 10893 5334 10893 5291 10893 5335 10894 5292 10894 5293 10894 5335 10895 5293 10895 5329 10895 5329 10896 5293 10896 5290 10896 5329 10897 5290 10897 5330 10897 5330 10898 5290 10898 5289 10898 5330 10899 5289 10899 5344 10899 5344 10900 5289 10900 5305 10900 5344 10901 5305 10901 5345 10901 5345 10902 5305 10902 5304 10902 5345 10903 5304 10903 5346 10903 5346 10904 5304 10904 5303 10904 5346 10905 5303 10905 5362 10905 5362 10906 5303 10906 5317 10906 5362 10907 5317 10907 5363 10907 5363 10908 5317 10908 5316 10908 5363 10909 5316 10909 5364 10909 5364 10910 5316 10910 5315 10910 5364 10911 5315 10911 5368 10911 5368 10912 5315 10912 5323 10912 5368 10913 5323 10913 5369 10913 5370 10914 5369 10914 5322 10914 5322 10915 5369 10915 5323 10915 5370 10916 5322 10916 5321 10916 5370 10917 5321 10917 5356 10917 5356 10918 5321 10918 5311 10918 5356 10919 5311 10919 5357 10919 5357 10920 5311 10920 5310 10920 5357 10921 5310 10921 5358 10921 5358 10922 5310 10922 5309 10922 5358 10923 5309 10923 5350 10923 5350 10924 5309 10924 5302 10924 5350 10925 5302 10925 5351 10925 5351 10926 5302 10926 5301 10926 5351 10927 5301 10927 5352 10927 5352 10928 5301 10928 5300 10928 5352 10929 5300 10929 5336 10929 5336 10930 5300 10930 5284 10930 5336 10931 5284 10931 5337 10931 5337 10932 5284 10932 5283 10932 5337 10933 5283 10933 5338 10933 5338 10934 5283 10934 5288 10934 5338 10935 5288 10935 5339 10935 5340 10936 5339 10936 5287 10936 5287 10937 5339 10937 5288 10937 5340 10938 5287 10938 5286 10938 5340 10939 5286 10939 5331 10939 5331 10940 5286 10940 5285 10940 5331 10941 5285 10941 5332 10941 5332 10942 5285 10942 5299 10942 5332 10943 5299 10943 5347 10943 5347 10944 5299 10944 5298 10944 5347 10945 5298 10945 5348 10945 5348 10946 5298 10946 5297 10946 5348 10947 5297 10947 5349 10947 5349 10948 5297 10948 5314 10948 5349 10949 5314 10949 5359 10949 5359 10950 5314 10950 5313 10950 5359 10951 5313 10951 5360 10951 5360 10952 5313 10952 5312 10952 5360 10953 5312 10953 5361 10953 5361 10954 5312 10954 5326 10954 5361 10955 5326 10955 5365 10955 5365 10956 5326 10956 5325 10956 5365 10957 5325 10957 5366 10957 5277 10958 5238 10958 5278 10958 5278 10959 5238 10959 5237 10959 5208 10960 5241 10960 5240 10960 5208 10961 5240 10961 5201 10961 5201 10962 5240 10962 5239 10962 5201 10963 5239 10963 5202 10963 5202 10964 5239 10964 5255 10964 5202 10965 5255 10965 5215 10965 5215 10966 5255 10966 5254 10966 5215 10967 5254 10967 5216 10967 5216 10968 5254 10968 5253 10968 5216 10969 5253 10969 5217 10969 5217 10970 5253 10970 5267 10970 5217 10971 5267 10971 5227 10971 5227 10972 5267 10972 5266 10972 5227 10973 5266 10973 5228 10973 5228 10974 5266 10974 5265 10974 5228 10975 5265 10975 5229 10975 5229 10976 5265 10976 5279 10976 5229 10977 5279 10977 5236 10977 5236 10978 5279 10978 5278 10978 5236 10979 5278 10979 5237 10979 5241 10980 5208 10980 5244 10980 5244 10981 5208 10981 5207 10981 5235 10982 5281 10982 5280 10982 5235 10983 5280 10983 5224 10983 5224 10984 5280 10984 5273 10984 5224 10985 5273 10985 5225 10985 5225 10986 5273 10986 5272 10986 5225 10987 5272 10987 5226 10987 5226 10988 5272 10988 5271 10988 5226 10989 5271 10989 5209 10989 5209 10990 5271 10990 5258 10990 5209 10991 5258 10991 5210 10991 5210 10992 5258 10992 5257 10992 5210 10993 5257 10993 5211 10993 5211 10994 5257 10994 5256 10994 5211 10995 5256 10995 5196 10995 5196 10996 5256 10996 5246 10996 5196 10997 5246 10997 5197 10997 5197 10998 5246 10998 5245 10998 5197 10999 5245 10999 5206 10999 5206 11000 5245 11000 5244 11000 5206 11001 5244 11001 5207 11001 5281 11002 5235 11002 5282 11002 5282 11003 5235 11003 5234 11003 5198 11004 5248 11004 5247 11004 5198 11005 5247 11005 5199 11005 5199 11006 5247 11006 5243 11006 5199 11007 5243 11007 5200 11007 5200 11008 5243 11008 5242 11008 5200 11009 5242 11009 5212 11009 5212 11010 5242 11010 5261 11010 5212 11011 5261 11011 5213 11011 5213 11012 5261 11012 5260 11012 5213 11013 5260 11013 5214 11013 5214 11014 5260 11014 5259 11014 5214 11015 5259 11015 5221 11015 5221 11016 5259 11016 5270 11016 5221 11017 5270 11017 5222 11017 5222 11018 5270 11018 5269 11018 5222 11019 5269 11019 5223 11019 5223 11020 5269 11020 5268 11020 5223 11021 5268 11021 5233 11021 5233 11022 5268 11022 5282 11022 5233 11023 5282 11023 5234 11023 5248 11024 5198 11024 5249 11024 5249 11025 5198 11025 5195 11025 5238 11026 5277 11026 5276 11026 5238 11027 5276 11027 5230 11027 5230 11028 5276 11028 5275 11028 5230 11029 5275 11029 5231 11029 5231 11030 5275 11030 5274 11030 5231 11031 5274 11031 5232 11031 5232 11032 5274 11032 5264 11032 5232 11033 5264 11033 5218 11033 5218 11034 5264 11034 5263 11034 5218 11035 5263 11035 5219 11035 5219 11036 5263 11036 5262 11036 5219 11037 5262 11037 5220 11037 5220 11038 5262 11038 5252 11038 5220 11039 5252 11039 5203 11039 5203 11040 5252 11040 5251 11040 5203 11041 5251 11041 5204 11041 5204 11042 5251 11042 5250 11042 5204 11043 5250 11043 5205 11043 5205 11044 5250 11044 5249 11044 5205 11045 5249 11045 5195 11045 4662 11046 4616 11046 4654 11046 4654 11047 4616 11047 4615 11047 4654 11048 4615 11048 4655 11048 4655 11049 4615 11049 4611 11049 4655 11050 4611 11050 4656 11050 4656 11051 4611 11051 4610 11051 4656 11052 4610 11052 4657 11052 4657 11053 4610 11053 4609 11053 4657 11054 4609 11054 4658 11054 4658 11055 4609 11055 4608 11055 4658 11056 4608 11056 4659 11056 4659 11057 4608 11057 4607 11057 4659 11058 4607 11058 4643 11058 4643 11059 4607 11059 4606 11059 4643 11060 4606 11060 4644 11060 4644 11061 4606 11061 4577 11061 4644 11062 4577 11062 4663 11062 4663 11063 4577 11063 4576 11063 4663 11064 4576 11064 4664 11064 4664 11065 4576 11065 4588 11065 4661 11066 4617 11066 4662 11066 4662 11067 4617 11067 4616 11067 4627 11068 4613 11068 4628 11068 4628 11069 4613 11069 4612 11069 4628 11070 4612 11070 4629 11070 4629 11071 4612 11071 4605 11071 4629 11072 4605 11072 4630 11072 4630 11073 4605 11073 4604 11073 4630 11074 4604 11074 4631 11074 4631 11075 4604 11075 4603 11075 4631 11076 4603 11076 4632 11076 4632 11077 4603 11077 4602 11077 4632 11078 4602 11078 4639 11078 4639 11079 4602 11079 4601 11079 4639 11080 4601 11080 4640 11080 4640 11081 4601 11081 4600 11081 4640 11082 4600 11082 4641 11082 4641 11083 4600 11083 4599 11083 4641 11084 4599 11084 4660 11084 4660 11085 4599 11085 4598 11085 4660 11086 4598 11086 4661 11086 4661 11087 4598 11087 4617 11087 4625 11088 4614 11088 4627 11088 4627 11089 4614 11089 4613 11089 4668 11090 4619 11090 4651 11090 4651 11091 4619 11091 4618 11091 4651 11092 4618 11092 4652 11092 4652 11093 4618 11093 4594 11093 4652 11094 4594 11094 4653 11094 4653 11095 4594 11095 4593 11095 4653 11096 4593 11096 4636 11096 4636 11097 4593 11097 4592 11097 4636 11098 4592 11098 4637 11098 4637 11099 4592 11099 4591 11099 4637 11100 4591 11100 4638 11100 4638 11101 4591 11101 4590 11101 4638 11102 4590 11102 4621 11102 4621 11103 4590 11103 4589 11103 4621 11104 4589 11104 4622 11104 4622 11105 4589 11105 4581 11105 4622 11106 4581 11106 4624 11106 4624 11107 4581 11107 4580 11107 4624 11108 4580 11108 4625 11108 4625 11109 4580 11109 4614 11109 4667 11110 4620 11110 4668 11110 4668 11111 4620 11111 4619 11111 4665 11112 4587 11112 4645 11112 4645 11113 4587 11113 4586 11113 4645 11114 4586 11114 4646 11114 4646 11115 4586 11115 4574 11115 4646 11116 4574 11116 4647 11116 4647 11117 4574 11117 4573 11117 4647 11118 4573 11118 4648 11118 4648 11119 4573 11119 4596 11119 4648 11120 4596 11120 4649 11120 4649 11121 4596 11121 4595 11121 4649 11122 4595 11122 4650 11122 4650 11123 4595 11123 4585 11123 4650 11124 4585 11124 4634 11124 4634 11125 4585 11125 4584 11125 4634 11126 4584 11126 4635 11126 4635 11127 4584 11127 4583 11127 4635 11128 4583 11128 4666 11128 4666 11129 4583 11129 4582 11129 4666 11130 4582 11130 4667 11130 4667 11131 4582 11131 4620 11131 4664 11132 4588 11132 4665 11132 4665 11133 4588 11133 4587 11133 5371 11134 5372 11134 5373 11134 5373 11135 5372 11135 5374 11135 5375 11136 5376 11136 5377 11136 5377 11137 5376 11137 5378 11137 5379 11138 5380 11138 5381 11138 5381 11139 5380 11139 5382 11139 5383 11140 5384 11140 5385 11140 5385 11141 5384 11141 5386 11141 5386 11142 5387 11142 5388 11142 5388 11143 5387 11143 5389 11143 5390 11144 5385 11144 5391 11144 5384 11145 5392 11145 5386 11145 5386 11146 5392 11146 5393 11146 5386 11147 5393 11147 5387 11147 5387 11148 5393 11148 5394 11148 5393 11149 5383 11149 5394 11149 5394 11150 5383 11150 5385 11150 5394 11151 5385 11151 5395 11151 5395 11152 5385 11152 5390 11152 5395 11153 5390 11153 5389 11153 5389 11154 5390 11154 5396 11154 5389 11155 5396 11155 5388 11155 5388 11156 5396 11156 5397 11156 5388 11157 5397 11157 5391 11157 5391 11158 5397 11158 5398 11158 5391 11159 5398 11159 5390 11159 5399 11160 5400 11160 5401 11160 5401 11161 5400 11161 5402 11161 5403 11162 5404 11162 5405 11162 5405 11163 5404 11163 5406 11163 5407 11164 5408 11164 5409 11164 5409 11165 5408 11165 5410 11165 5410 11166 5411 11166 5409 11166 5409 11167 5411 11167 5412 11167 5409 11168 5412 11168 5413 11168 5414 11169 5415 11169 5409 11169 5409 11170 5415 11170 5416 11170 5409 11171 5416 11171 5417 11171 5417 11172 5416 11172 5418 11172 5413 11173 5419 11173 5409 11173 5409 11174 5419 11174 5420 11174 5409 11175 5420 11175 5421 11175 5421 11176 5422 11176 5409 11176 5409 11177 5422 11177 5423 11177 5409 11178 5423 11178 5424 11178 5425 11179 5426 11179 5427 11179 5427 11180 5426 11180 5428 11180 5427 11181 5428 11181 5429 11181 5430 11182 5431 11182 5432 11182 5425 11183 5427 11183 5433 11183 5433 11184 5427 11184 5434 11184 5433 11185 5434 11185 5435 11185 5435 11186 5434 11186 5436 11186 5435 11187 5436 11187 5437 11187 5424 11188 5438 11188 5409 11188 5409 11189 5438 11189 5439 11189 5409 11190 5439 11190 5414 11190 5440 11191 5427 11191 5441 11191 5442 11192 5443 11192 5441 11192 5441 11193 5443 11193 5444 11193 5441 11194 5444 11194 5445 11194 5446 11195 5447 11195 5448 11195 5449 11196 5450 11196 5444 11196 5449 11197 5444 11197 5451 11197 5450 11198 5452 11198 5444 11198 5444 11199 5452 11199 5453 11199 5444 11200 5453 11200 5445 11200 5454 11201 5455 11201 5403 11201 5403 11202 5455 11202 5435 11202 5403 11203 5435 11203 5404 11203 5404 11204 5435 11204 5437 11204 5456 11205 5457 11205 5458 11205 5458 11206 5457 11206 5459 11206 5458 11207 5459 11207 5460 11207 5429 11208 5461 11208 5427 11208 5427 11209 5461 11209 5462 11209 5427 11210 5462 11210 5441 11210 5441 11211 5462 11211 5463 11211 5441 11212 5463 11212 5442 11212 5446 11213 5448 11213 5444 11213 5444 11214 5448 11214 5464 11214 5444 11215 5464 11215 5451 11215 5431 11216 5430 11216 5465 11216 5465 11217 5430 11217 5466 11217 5465 11218 5466 11218 5403 11218 5403 11219 5466 11219 5467 11219 5403 11220 5467 11220 5454 11220 5418 11221 5468 11221 5417 11221 5417 11222 5468 11222 5469 11222 5417 11223 5469 11223 5470 11223 5470 11224 5471 11224 5417 11224 5417 11225 5471 11225 5472 11225 5417 11226 5472 11226 5473 11226 5460 11227 5474 11227 5458 11227 5458 11228 5474 11228 5475 11228 5458 11229 5475 11229 5476 11229 5476 11230 5475 11230 5477 11230 5477 11231 5478 11231 5476 11231 5476 11232 5478 11232 5479 11232 5476 11233 5479 11233 5480 11233 5481 11234 5482 11234 5409 11234 5409 11235 5482 11235 5483 11235 5409 11236 5483 11236 5407 11236 5407 11237 5483 11237 5484 11237 5407 11238 5484 11238 5441 11238 5441 11239 5484 11239 5485 11239 5441 11240 5485 11240 5440 11240 5473 11241 5486 11241 5417 11241 5417 11242 5486 11242 5487 11242 5417 11243 5487 11243 5447 11243 5480 11244 5488 11244 5476 11244 5476 11245 5488 11245 5489 11245 5476 11246 5489 11246 5490 11246 5446 11247 5491 11247 5447 11247 5447 11248 5491 11248 5492 11248 5447 11249 5492 11249 5417 11249 5417 11250 5492 11250 5493 11250 5417 11251 5493 11251 5494 11251 5494 11252 5495 11252 5417 11252 5417 11253 5495 11253 5496 11253 5417 11254 5496 11254 5458 11254 5458 11255 5496 11255 5497 11255 5497 11256 5498 11256 5458 11256 5458 11257 5498 11257 5499 11257 5458 11258 5499 11258 5500 11258 5490 11259 5501 11259 5476 11259 5476 11260 5501 11260 5502 11260 5476 11261 5502 11261 5503 11261 5500 11262 5504 11262 5458 11262 5458 11263 5504 11263 5505 11263 5458 11264 5505 11264 5506 11264 5432 11265 5507 11265 5430 11265 5430 11266 5507 11266 5508 11266 5430 11267 5508 11267 5509 11267 5510 11268 5511 11268 5409 11268 5512 11269 5513 11269 5514 11269 5513 11270 5515 11270 5514 11270 5514 11271 5515 11271 5516 11271 5514 11272 5516 11272 5517 11272 5506 11273 5518 11273 5458 11273 5458 11274 5518 11274 5519 11274 5458 11275 5519 11275 5520 11275 5503 11276 5521 11276 5476 11276 5476 11277 5521 11277 5522 11277 5476 11278 5522 11278 5409 11278 5409 11279 5522 11279 5523 11279 5409 11280 5523 11280 5510 11280 5406 11281 5404 11281 5524 11281 5524 11282 5404 11282 5525 11282 5524 11283 5525 11283 5514 11283 5514 11284 5525 11284 5526 11284 5514 11285 5526 11285 5512 11285 5517 11286 5527 11286 5514 11286 5514 11287 5527 11287 5528 11287 5514 11288 5528 11288 5529 11288 5520 11289 5530 11289 5458 11289 5458 11290 5530 11290 5531 11290 5458 11291 5531 11291 5430 11291 5529 11292 5532 11292 5514 11292 5514 11293 5532 11293 5533 11293 5514 11294 5533 11294 5534 11294 5509 11295 5535 11295 5430 11295 5430 11296 5535 11296 5536 11296 5430 11297 5536 11297 5458 11297 5458 11298 5536 11298 5537 11298 5458 11299 5537 11299 5456 11299 5511 11300 5538 11300 5409 11300 5409 11301 5538 11301 5514 11301 5409 11302 5514 11302 5539 11302 5539 11303 5514 11303 5534 11303 5539 11304 5540 11304 5409 11304 5409 11305 5540 11305 5541 11305 5409 11306 5541 11306 5542 11306 5542 11307 5543 11307 5409 11307 5409 11308 5543 11308 5544 11308 5409 11309 5544 11309 5545 11309 5545 11310 5546 11310 5409 11310 5409 11311 5546 11311 5547 11311 5409 11312 5547 11312 5548 11312 5548 11313 5549 11313 5409 11313 5409 11314 5549 11314 5550 11314 5409 11315 5550 11315 5481 11315 5551 11316 5552 11316 5390 11316 5390 11317 5552 11317 5396 11317 5552 11318 5553 11318 5396 11318 5396 11319 5553 11319 5397 11319 5553 11320 5554 11320 5397 11320 5397 11321 5554 11321 5398 11321 5554 11322 5551 11322 5398 11322 5398 11323 5551 11323 5390 11323 5554 11324 5553 11324 5551 11324 5551 11325 5553 11325 5552 11325 5555 11326 5556 11326 5394 11326 5394 11327 5556 11327 5387 11327 5556 11328 5557 11328 5387 11328 5387 11329 5557 11329 5389 11329 5557 11330 5558 11330 5389 11330 5389 11331 5558 11331 5395 11331 5558 11332 5555 11332 5395 11332 5395 11333 5555 11333 5394 11333 5558 11334 5557 11334 5555 11334 5555 11335 5557 11335 5556 11335 5559 11336 5560 11336 5384 11336 5384 11337 5560 11337 5392 11337 5560 11338 5561 11338 5392 11338 5392 11339 5561 11339 5393 11339 5561 11340 5562 11340 5393 11340 5393 11341 5562 11341 5383 11341 5562 11342 5559 11342 5383 11342 5383 11343 5559 11343 5384 11343 5562 11344 5561 11344 5559 11344 5559 11345 5561 11345 5560 11345 5375 11346 5379 11346 5376 11346 5376 11347 5379 11347 5381 11347 5376 11348 5381 11348 5402 11348 5379 11349 5375 11349 5417 11349 5382 11350 5401 11350 5381 11350 5381 11351 5401 11351 5402 11351 5400 11352 5378 11352 5402 11352 5402 11353 5378 11353 5376 11353 5378 11354 5372 11354 5377 11354 5377 11355 5372 11355 5371 11355 5377 11356 5409 11356 5375 11356 5375 11357 5409 11357 5417 11357 5458 11358 5380 11358 5417 11358 5417 11359 5380 11359 5379 11359 5380 11360 5388 11360 5382 11360 5382 11361 5388 11361 5391 11361 5382 11362 5391 11362 5401 11362 5378 11363 5400 11363 5372 11363 5377 11364 5371 11364 5409 11364 5380 11365 5458 11365 5388 11365 5385 11366 5399 11366 5391 11366 5391 11367 5399 11367 5401 11367 5399 11368 5374 11368 5400 11368 5400 11369 5374 11369 5372 11369 5373 11370 5476 11370 5371 11370 5371 11371 5476 11371 5409 11371 5476 11372 5386 11372 5458 11372 5458 11373 5386 11373 5388 11373 5399 11374 5385 11374 5374 11374 5476 11375 5373 11375 5386 11375 5386 11376 5373 11376 5385 11376 5385 11377 5373 11377 5374 11377 5563 11378 5406 11378 5564 11378 5564 11379 5406 11379 5524 11379 5564 11380 5524 11380 5565 11380 5565 11381 5524 11381 5514 11381 5565 11382 5514 11382 5566 11382 5566 11383 5514 11383 5538 11383 5566 11384 5538 11384 5567 11384 5567 11385 5538 11385 5511 11385 5567 11386 5511 11386 5568 11386 5568 11387 5511 11387 5510 11387 5568 11388 5510 11388 5569 11388 5569 11389 5510 11389 5523 11389 5569 11390 5523 11390 5570 11390 5570 11391 5523 11391 5522 11391 5570 11392 5522 11392 5571 11392 5571 11393 5522 11393 5521 11393 5571 11394 5521 11394 5572 11394 5572 11395 5521 11395 5503 11395 5572 11396 5503 11396 5573 11396 5573 11397 5503 11397 5502 11397 5573 11398 5502 11398 5574 11398 5574 11399 5502 11399 5501 11399 5574 11400 5501 11400 5575 11400 5575 11401 5501 11401 5490 11401 5575 11402 5490 11402 5576 11402 5576 11403 5490 11403 5489 11403 5576 11404 5489 11404 5577 11404 5577 11405 5489 11405 5488 11405 5577 11406 5488 11406 5578 11406 5578 11407 5488 11407 5480 11407 5578 11408 5480 11408 5579 11408 5579 11409 5480 11409 5479 11409 5579 11410 5479 11410 5580 11410 5580 11411 5479 11411 5478 11411 5580 11412 5478 11412 5581 11412 5581 11413 5478 11413 5477 11413 5581 11414 5477 11414 5582 11414 5582 11415 5477 11415 5475 11415 5582 11416 5475 11416 5583 11416 5583 11417 5475 11417 5474 11417 5583 11418 5474 11418 5584 11418 5584 11419 5474 11419 5460 11419 5584 11420 5460 11420 5585 11420 5585 11421 5460 11421 5459 11421 5585 11422 5459 11422 5586 11422 5586 11423 5459 11423 5457 11423 5586 11424 5457 11424 5587 11424 5587 11425 5457 11425 5456 11425 5587 11426 5456 11426 5588 11426 5588 11427 5456 11427 5537 11427 5588 11428 5537 11428 5589 11428 5589 11429 5537 11429 5536 11429 5589 11430 5536 11430 5590 11430 5590 11431 5536 11431 5535 11431 5590 11432 5535 11432 5591 11432 5591 11433 5535 11433 5509 11433 5591 11434 5509 11434 5592 11434 5592 11435 5509 11435 5508 11435 5592 11436 5508 11436 5593 11436 5593 11437 5508 11437 5507 11437 5593 11438 5507 11438 5594 11438 5594 11439 5507 11439 5432 11439 5594 11440 5432 11440 5595 11440 5595 11441 5432 11441 5431 11441 5595 11442 5431 11442 5596 11442 5596 11443 5431 11443 5465 11443 5596 11444 5465 11444 5597 11444 5597 11445 5465 11445 5403 11445 5597 11446 5403 11446 5598 11446 5598 11447 5403 11447 5405 11447 5598 11448 5405 11448 5563 11448 5563 11449 5405 11449 5406 11449 5597 11450 5598 11450 5599 11450 5599 11451 5598 11451 5563 11451 5599 11452 5563 11452 5564 11452 5594 11453 5595 11453 5599 11453 5599 11454 5595 11454 5596 11454 5599 11455 5596 11455 5597 11455 5591 11456 5592 11456 5599 11456 5599 11457 5592 11457 5593 11457 5599 11458 5593 11458 5594 11458 5588 11459 5589 11459 5599 11459 5599 11460 5589 11460 5590 11460 5599 11461 5590 11461 5591 11461 5585 11462 5586 11462 5599 11462 5599 11463 5586 11463 5587 11463 5599 11464 5587 11464 5588 11464 5582 11465 5583 11465 5599 11465 5599 11466 5583 11466 5584 11466 5599 11467 5584 11467 5585 11467 5579 11468 5580 11468 5599 11468 5599 11469 5580 11469 5581 11469 5599 11470 5581 11470 5582 11470 5576 11471 5577 11471 5599 11471 5599 11472 5577 11472 5578 11472 5599 11473 5578 11473 5579 11473 5573 11474 5574 11474 5599 11474 5599 11475 5574 11475 5575 11475 5599 11476 5575 11476 5576 11476 5570 11477 5571 11477 5599 11477 5599 11478 5571 11478 5572 11478 5599 11479 5572 11479 5573 11479 5567 11480 5568 11480 5599 11480 5599 11481 5568 11481 5569 11481 5599 11482 5569 11482 5570 11482 5564 11483 5565 11483 5599 11483 5599 11484 5565 11484 5566 11484 5599 11485 5566 11485 5567 11485 5600 11486 5491 11486 5601 11486 5601 11487 5491 11487 5446 11487 5601 11488 5446 11488 5602 11488 5602 11489 5446 11489 5444 11489 5602 11490 5444 11490 5603 11490 5603 11491 5444 11491 5443 11491 5603 11492 5443 11492 5604 11492 5604 11493 5443 11493 5442 11493 5604 11494 5442 11494 5605 11494 5605 11495 5442 11495 5463 11495 5605 11496 5463 11496 5606 11496 5606 11497 5463 11497 5462 11497 5606 11498 5462 11498 5607 11498 5607 11499 5462 11499 5461 11499 5607 11500 5461 11500 5608 11500 5608 11501 5461 11501 5429 11501 5608 11502 5429 11502 5609 11502 5609 11503 5429 11503 5428 11503 5609 11504 5428 11504 5610 11504 5610 11505 5428 11505 5426 11505 5610 11506 5426 11506 5611 11506 5611 11507 5426 11507 5425 11507 5611 11508 5425 11508 5612 11508 5612 11509 5425 11509 5433 11509 5612 11510 5433 11510 5613 11510 5613 11511 5433 11511 5435 11511 5613 11512 5435 11512 5614 11512 5614 11513 5435 11513 5455 11513 5614 11514 5455 11514 5615 11514 5615 11515 5455 11515 5454 11515 5615 11516 5454 11516 5616 11516 5616 11517 5454 11517 5467 11517 5616 11518 5467 11518 5617 11518 5617 11519 5467 11519 5466 11519 5617 11520 5466 11520 5618 11520 5618 11521 5466 11521 5430 11521 5618 11522 5430 11522 5619 11522 5619 11523 5430 11523 5531 11523 5619 11524 5531 11524 5620 11524 5620 11525 5531 11525 5530 11525 5620 11526 5530 11526 5621 11526 5621 11527 5530 11527 5520 11527 5621 11528 5520 11528 5622 11528 5622 11529 5520 11529 5519 11529 5622 11530 5519 11530 5623 11530 5623 11531 5519 11531 5518 11531 5623 11532 5518 11532 5624 11532 5624 11533 5518 11533 5506 11533 5624 11534 5506 11534 5625 11534 5625 11535 5506 11535 5505 11535 5625 11536 5505 11536 5626 11536 5626 11537 5505 11537 5504 11537 5626 11538 5504 11538 5627 11538 5627 11539 5504 11539 5500 11539 5627 11540 5500 11540 5628 11540 5628 11541 5500 11541 5499 11541 5628 11542 5499 11542 5629 11542 5629 11543 5499 11543 5498 11543 5629 11544 5498 11544 5630 11544 5630 11545 5498 11545 5497 11545 5630 11546 5497 11546 5631 11546 5631 11547 5497 11547 5496 11547 5631 11548 5496 11548 5632 11548 5632 11549 5496 11549 5495 11549 5632 11550 5495 11550 5633 11550 5633 11551 5495 11551 5494 11551 5633 11552 5494 11552 5634 11552 5634 11553 5494 11553 5493 11553 5634 11554 5493 11554 5635 11554 5635 11555 5493 11555 5492 11555 5635 11556 5492 11556 5600 11556 5600 11557 5492 11557 5491 11557 5634 11558 5635 11558 5636 11558 5636 11559 5635 11559 5600 11559 5636 11560 5600 11560 5601 11560 5631 11561 5632 11561 5636 11561 5636 11562 5632 11562 5633 11562 5636 11563 5633 11563 5634 11563 5628 11564 5629 11564 5636 11564 5636 11565 5629 11565 5630 11565 5636 11566 5630 11566 5631 11566 5625 11567 5626 11567 5636 11567 5636 11568 5626 11568 5627 11568 5636 11569 5627 11569 5628 11569 5622 11570 5623 11570 5636 11570 5636 11571 5623 11571 5624 11571 5636 11572 5624 11572 5625 11572 5619 11573 5620 11573 5636 11573 5636 11574 5620 11574 5621 11574 5636 11575 5621 11575 5622 11575 5616 11576 5617 11576 5636 11576 5636 11577 5617 11577 5618 11577 5636 11578 5618 11578 5619 11578 5613 11579 5614 11579 5636 11579 5636 11580 5614 11580 5615 11580 5636 11581 5615 11581 5616 11581 5610 11582 5611 11582 5636 11582 5636 11583 5611 11583 5612 11583 5636 11584 5612 11584 5613 11584 5607 11585 5608 11585 5636 11585 5636 11586 5608 11586 5609 11586 5636 11587 5609 11587 5610 11587 5604 11588 5605 11588 5636 11588 5636 11589 5605 11589 5606 11589 5636 11590 5606 11590 5607 11590 5601 11591 5602 11591 5636 11591 5636 11592 5602 11592 5603 11592 5636 11593 5603 11593 5604 11593 5637 11594 5418 11594 5638 11594 5638 11595 5418 11595 5416 11595 5638 11596 5416 11596 5639 11596 5639 11597 5416 11597 5415 11597 5639 11598 5415 11598 5640 11598 5640 11599 5415 11599 5414 11599 5640 11600 5414 11600 5641 11600 5641 11601 5414 11601 5439 11601 5641 11602 5439 11602 5642 11602 5642 11603 5439 11603 5438 11603 5642 11604 5438 11604 5643 11604 5643 11605 5438 11605 5424 11605 5643 11606 5424 11606 5644 11606 5644 11607 5424 11607 5423 11607 5644 11608 5423 11608 5645 11608 5645 11609 5423 11609 5422 11609 5645 11610 5422 11610 5646 11610 5646 11611 5422 11611 5421 11611 5646 11612 5421 11612 5647 11612 5647 11613 5421 11613 5420 11613 5647 11614 5420 11614 5648 11614 5648 11615 5420 11615 5419 11615 5648 11616 5419 11616 5649 11616 5649 11617 5419 11617 5413 11617 5649 11618 5413 11618 5650 11618 5650 11619 5413 11619 5412 11619 5650 11620 5412 11620 5651 11620 5651 11621 5412 11621 5411 11621 5651 11622 5411 11622 5652 11622 5652 11623 5411 11623 5410 11623 5652 11624 5410 11624 5653 11624 5653 11625 5410 11625 5408 11625 5653 11626 5408 11626 5654 11626 5654 11627 5408 11627 5407 11627 5654 11628 5407 11628 5655 11628 5655 11629 5407 11629 5441 11629 5655 11630 5441 11630 5656 11630 5656 11631 5441 11631 5445 11631 5656 11632 5445 11632 5657 11632 5657 11633 5445 11633 5453 11633 5657 11634 5453 11634 5658 11634 5658 11635 5453 11635 5452 11635 5658 11636 5452 11636 5659 11636 5659 11637 5452 11637 5450 11637 5659 11638 5450 11638 5660 11638 5660 11639 5450 11639 5449 11639 5660 11640 5449 11640 5661 11640 5661 11641 5449 11641 5451 11641 5661 11642 5451 11642 5662 11642 5662 11643 5451 11643 5464 11643 5662 11644 5464 11644 5663 11644 5663 11645 5464 11645 5448 11645 5663 11646 5448 11646 5664 11646 5664 11647 5448 11647 5447 11647 5664 11648 5447 11648 5665 11648 5665 11649 5447 11649 5487 11649 5665 11650 5487 11650 5666 11650 5666 11651 5487 11651 5486 11651 5666 11652 5486 11652 5667 11652 5667 11653 5486 11653 5473 11653 5667 11654 5473 11654 5668 11654 5668 11655 5473 11655 5472 11655 5668 11656 5472 11656 5669 11656 5669 11657 5472 11657 5471 11657 5669 11658 5471 11658 5670 11658 5670 11659 5471 11659 5470 11659 5670 11660 5470 11660 5671 11660 5671 11661 5470 11661 5469 11661 5671 11662 5469 11662 5672 11662 5672 11663 5469 11663 5468 11663 5672 11664 5468 11664 5637 11664 5637 11665 5468 11665 5418 11665 5671 11666 5672 11666 5673 11666 5673 11667 5672 11667 5637 11667 5673 11668 5637 11668 5638 11668 5668 11669 5669 11669 5673 11669 5673 11670 5669 11670 5670 11670 5673 11671 5670 11671 5671 11671 5665 11672 5666 11672 5673 11672 5673 11673 5666 11673 5667 11673 5673 11674 5667 11674 5668 11674 5662 11675 5663 11675 5673 11675 5673 11676 5663 11676 5664 11676 5673 11677 5664 11677 5665 11677 5659 11678 5660 11678 5673 11678 5673 11679 5660 11679 5661 11679 5673 11680 5661 11680 5662 11680 5656 11681 5657 11681 5673 11681 5673 11682 5657 11682 5658 11682 5673 11683 5658 11683 5659 11683 5653 11684 5654 11684 5673 11684 5673 11685 5654 11685 5655 11685 5673 11686 5655 11686 5656 11686 5650 11687 5651 11687 5673 11687 5673 11688 5651 11688 5652 11688 5673 11689 5652 11689 5653 11689 5647 11690 5648 11690 5673 11690 5673 11691 5648 11691 5649 11691 5673 11692 5649 11692 5650 11692 5644 11693 5645 11693 5673 11693 5673 11694 5645 11694 5646 11694 5673 11695 5646 11695 5647 11695 5641 11696 5642 11696 5673 11696 5673 11697 5642 11697 5643 11697 5673 11698 5643 11698 5644 11698 5638 11699 5639 11699 5673 11699 5673 11700 5639 11700 5640 11700 5673 11701 5640 11701 5641 11701 5674 11702 5482 11702 5675 11702 5675 11703 5482 11703 5481 11703 5675 11704 5481 11704 5676 11704 5676 11705 5481 11705 5550 11705 5676 11706 5550 11706 5677 11706 5677 11707 5550 11707 5549 11707 5677 11708 5549 11708 5678 11708 5678 11709 5549 11709 5548 11709 5678 11710 5548 11710 5679 11710 5679 11711 5548 11711 5547 11711 5679 11712 5547 11712 5680 11712 5680 11713 5547 11713 5546 11713 5680 11714 5546 11714 5681 11714 5681 11715 5546 11715 5545 11715 5681 11716 5545 11716 5682 11716 5682 11717 5545 11717 5544 11717 5682 11718 5544 11718 5683 11718 5683 11719 5544 11719 5543 11719 5683 11720 5543 11720 5684 11720 5684 11721 5543 11721 5542 11721 5684 11722 5542 11722 5685 11722 5685 11723 5542 11723 5541 11723 5685 11724 5541 11724 5686 11724 5686 11725 5541 11725 5540 11725 5686 11726 5540 11726 5687 11726 5687 11727 5540 11727 5539 11727 5687 11728 5539 11728 5688 11728 5688 11729 5539 11729 5534 11729 5688 11730 5534 11730 5689 11730 5689 11731 5534 11731 5533 11731 5689 11732 5533 11732 5690 11732 5690 11733 5533 11733 5532 11733 5690 11734 5532 11734 5691 11734 5691 11735 5532 11735 5529 11735 5691 11736 5529 11736 5692 11736 5692 11737 5529 11737 5528 11737 5692 11738 5528 11738 5693 11738 5693 11739 5528 11739 5527 11739 5693 11740 5527 11740 5694 11740 5694 11741 5527 11741 5517 11741 5694 11742 5517 11742 5695 11742 5695 11743 5517 11743 5516 11743 5695 11744 5516 11744 5696 11744 5696 11745 5516 11745 5515 11745 5696 11746 5515 11746 5697 11746 5697 11747 5515 11747 5513 11747 5697 11748 5513 11748 5698 11748 5698 11749 5513 11749 5512 11749 5698 11750 5512 11750 5699 11750 5699 11751 5512 11751 5526 11751 5699 11752 5526 11752 5700 11752 5700 11753 5526 11753 5525 11753 5700 11754 5525 11754 5701 11754 5701 11755 5525 11755 5404 11755 5701 11756 5404 11756 5702 11756 5702 11757 5404 11757 5437 11757 5702 11758 5437 11758 5703 11758 5703 11759 5437 11759 5436 11759 5703 11760 5436 11760 5704 11760 5704 11761 5436 11761 5434 11761 5704 11762 5434 11762 5705 11762 5705 11763 5434 11763 5427 11763 5705 11764 5427 11764 5706 11764 5706 11765 5427 11765 5440 11765 5706 11766 5440 11766 5707 11766 5707 11767 5440 11767 5485 11767 5707 11768 5485 11768 5708 11768 5708 11769 5485 11769 5484 11769 5708 11770 5484 11770 5709 11770 5709 11771 5484 11771 5483 11771 5709 11772 5483 11772 5674 11772 5674 11773 5483 11773 5482 11773 5708 11774 5709 11774 5710 11774 5710 11775 5709 11775 5674 11775 5710 11776 5674 11776 5675 11776 5705 11777 5706 11777 5710 11777 5710 11778 5706 11778 5707 11778 5710 11779 5707 11779 5708 11779 5702 11780 5703 11780 5710 11780 5710 11781 5703 11781 5704 11781 5710 11782 5704 11782 5705 11782 5699 11783 5700 11783 5710 11783 5710 11784 5700 11784 5701 11784 5710 11785 5701 11785 5702 11785 5696 11786 5697 11786 5710 11786 5710 11787 5697 11787 5698 11787 5710 11788 5698 11788 5699 11788 5693 11789 5694 11789 5710 11789 5710 11790 5694 11790 5695 11790 5710 11791 5695 11791 5696 11791 5690 11792 5691 11792 5710 11792 5710 11793 5691 11793 5692 11793 5710 11794 5692 11794 5693 11794 5687 11795 5688 11795 5710 11795 5710 11796 5688 11796 5689 11796 5710 11797 5689 11797 5690 11797 5684 11798 5685 11798 5710 11798 5710 11799 5685 11799 5686 11799 5710 11800 5686 11800 5687 11800 5681 11801 5682 11801 5710 11801 5710 11802 5682 11802 5683 11802 5710 11803 5683 11803 5684 11803 5678 11804 5679 11804 5710 11804 5710 11805 5679 11805 5680 11805 5710 11806 5680 11806 5681 11806 5675 11807 5676 11807 5710 11807 5710 11808 5676 11808 5677 11808 5710 11809 5677 11809 5678 11809 5711 11810 5712 11810 5713 11810 5713 11811 5712 11811 5714 11811 5715 11812 5716 11812 5717 11812 5717 11813 5716 11813 5718 11813 5719 11814 5720 11814 5721 11814 5721 11815 5720 11815 5722 11815 5723 11816 5724 11816 5725 11816 5725 11817 5724 11817 5726 11817 5727 11818 5728 11818 5729 11818 5730 11819 5729 11819 5731 11819 5731 11820 5729 11820 5732 11820 5733 11821 5734 11821 5735 11821 5735 11822 5734 11822 5736 11822 5737 11823 5738 11823 5739 11823 5739 11824 5738 11824 5740 11824 5738 11825 5741 11825 5742 11825 5743 11826 5744 11826 5745 11826 5745 11827 5744 11827 5746 11827 5745 11828 5746 11828 5747 11828 5733 11829 5748 11829 5734 11829 5734 11830 5748 11830 5749 11830 5734 11831 5749 11831 5729 11831 5729 11832 5749 11832 5750 11832 5729 11833 5750 11833 5732 11833 5729 11834 5751 11834 5752 11834 5742 11835 5753 11835 5738 11835 5738 11836 5753 11836 5754 11836 5738 11837 5754 11837 5745 11837 5745 11838 5754 11838 5755 11838 5745 11839 5755 11839 5743 11839 5756 11840 5757 11840 5758 11840 5730 11841 5759 11841 5729 11841 5729 11842 5759 11842 5760 11842 5729 11843 5760 11843 5751 11843 5752 11844 5761 11844 5729 11844 5729 11845 5761 11845 5762 11845 5729 11846 5762 11846 5727 11846 5741 11847 5738 11847 5763 11847 5763 11848 5738 11848 5737 11848 5763 11849 5737 11849 5758 11849 5758 11850 5737 11850 5764 11850 5758 11851 5764 11851 5756 11851 5730 11852 5765 11852 5759 11852 5759 11853 5765 11853 5766 11853 5759 11854 5766 11854 5767 11854 5767 11855 5766 11855 5768 11855 5757 11856 5769 11856 5758 11856 5758 11857 5769 11857 5770 11857 5758 11858 5770 11858 5771 11858 5771 11859 5772 11859 5758 11859 5758 11860 5772 11860 5773 11860 5758 11861 5773 11861 5774 11861 5774 11862 5773 11862 5775 11862 5774 11863 5775 11863 5766 11863 5766 11864 5775 11864 5776 11864 5766 11865 5776 11865 5768 11865 5777 11866 5778 11866 5779 11866 5779 11867 5778 11867 5780 11867 5781 11868 5782 11868 5783 11868 5784 11869 5785 11869 5786 11869 5786 11870 5785 11870 5787 11870 5786 11871 5787 11871 5788 11871 5777 11872 5789 11872 5778 11872 5778 11873 5789 11873 5790 11873 5778 11874 5790 11874 5791 11874 5791 11875 5790 11875 5792 11875 5791 11876 5792 11876 5793 11876 5794 11877 5781 11877 5795 11877 5795 11878 5781 11878 5796 11878 5797 11879 5791 11879 5798 11879 5798 11880 5791 11880 5799 11880 5800 11881 5793 11881 5801 11881 5800 11882 5802 11882 5793 11882 5793 11883 5802 11883 5803 11883 5793 11884 5803 11884 5791 11884 5791 11885 5803 11885 5804 11885 5791 11886 5804 11886 5799 11886 5797 11887 5805 11887 5791 11887 5791 11888 5805 11888 5806 11888 5791 11889 5806 11889 5807 11889 5783 11890 5808 11890 5781 11890 5781 11891 5808 11891 5809 11891 5781 11892 5809 11892 5810 11892 5811 11893 5812 11893 5796 11893 5796 11894 5812 11894 5813 11894 5796 11895 5813 11895 5814 11895 5810 11896 5815 11896 5781 11896 5781 11897 5815 11897 5816 11897 5781 11898 5816 11898 5796 11898 5796 11899 5816 11899 5817 11899 5796 11900 5817 11900 5811 11900 5801 11901 5818 11901 5800 11901 5800 11902 5818 11902 5819 11902 5800 11903 5819 11903 5820 11903 5794 11904 5821 11904 5781 11904 5781 11905 5821 11905 5822 11905 5781 11906 5822 11906 5786 11906 5786 11907 5822 11907 5823 11907 5786 11908 5823 11908 5784 11908 5814 11909 5813 11909 5824 11909 5824 11910 5813 11910 5825 11910 5824 11911 5825 11911 5820 11911 5820 11912 5825 11912 5826 11912 5820 11913 5826 11913 5800 11913 5827 11914 5828 11914 5829 11914 5829 11915 5828 11915 5830 11915 5829 11916 5830 11916 5831 11916 5831 11917 5830 11917 5832 11917 5831 11918 5832 11918 5833 11918 5833 11919 5832 11919 5834 11919 5833 11920 5834 11920 5835 11920 5835 11921 5834 11921 5836 11921 5835 11922 5836 11922 5837 11922 5837 11923 5836 11923 5838 11923 5837 11924 5838 11924 5839 11924 5839 11925 5838 11925 5840 11925 5839 11926 5840 11926 5841 11926 5841 11927 5840 11927 5842 11927 5841 11928 5842 11928 5843 11928 5843 11929 5842 11929 5844 11929 5843 11930 5844 11930 5845 11930 5845 11931 5844 11931 5846 11931 5845 11932 5846 11932 5847 11932 5847 11933 5846 11933 5848 11933 5847 11934 5848 11934 5849 11934 5849 11935 5848 11935 5850 11935 5849 11936 5850 11936 5851 11936 5851 11937 5850 11937 5852 11937 5851 11938 5852 11938 5853 11938 5853 11939 5852 11939 5854 11939 5853 11940 5854 11940 5855 11940 5855 11941 5854 11941 5856 11941 5855 11942 5856 11942 5857 11942 5857 11943 5856 11943 5858 11943 5857 11944 5858 11944 5859 11944 5859 11945 5858 11945 5860 11945 5859 11946 5860 11946 5861 11946 5861 11947 5860 11947 5862 11947 5861 11948 5862 11948 5863 11948 5863 11949 5862 11949 5864 11949 5863 11950 5864 11950 5865 11950 5865 11951 5864 11951 5866 11951 5865 11952 5866 11952 5867 11952 5867 11953 5866 11953 5868 11953 5867 11954 5868 11954 5869 11954 5869 11955 5868 11955 5870 11955 5869 11956 5870 11956 5871 11956 5871 11957 5870 11957 5872 11957 5871 11958 5872 11958 5873 11958 5873 11959 5872 11959 5874 11959 5873 11960 5874 11960 5875 11960 5875 11961 5874 11961 5876 11961 5875 11962 5876 11962 5877 11962 5877 11963 5876 11963 5878 11963 5877 11964 5878 11964 5879 11964 5879 11965 5878 11965 5880 11965 5879 11966 5880 11966 5881 11966 5881 11967 5880 11967 5882 11967 5881 11968 5882 11968 5883 11968 5883 11969 5882 11969 5884 11969 5883 11970 5884 11970 5885 11970 5885 11971 5884 11971 5886 11971 5885 11972 5886 11972 5887 11972 5887 11973 5886 11973 5888 11973 5887 11974 5888 11974 5889 11974 5889 11975 5888 11975 5890 11975 5889 11976 5890 11976 5891 11976 5891 11977 5890 11977 5892 11977 5891 11978 5892 11978 5893 11978 5893 11979 5892 11979 5894 11979 5893 11980 5894 11980 5895 11980 5895 11981 5894 11981 5896 11981 5895 11982 5896 11982 5897 11982 5897 11983 5896 11983 5898 11983 5897 11984 5898 11984 5827 11984 5827 11985 5898 11985 5828 11985 5899 11986 5900 11986 5901 11986 5901 11987 5900 11987 5902 11987 5901 11988 5902 11988 5903 11988 5903 11989 5902 11989 5904 11989 5903 11990 5904 11990 5905 11990 5905 11991 5904 11991 5906 11991 5905 11992 5906 11992 5907 11992 5907 11993 5906 11993 5908 11993 5907 11994 5908 11994 5909 11994 5909 11995 5908 11995 5910 11995 5909 11996 5910 11996 5911 11996 5911 11997 5910 11997 5912 11997 5911 11998 5912 11998 5913 11998 5913 11999 5912 11999 5914 11999 5913 12000 5914 12000 5915 12000 5915 12001 5914 12001 5916 12001 5915 12002 5916 12002 5917 12002 5917 12003 5916 12003 5918 12003 5917 12004 5918 12004 5919 12004 5919 12005 5918 12005 5920 12005 5919 12006 5920 12006 5921 12006 5921 12007 5920 12007 5922 12007 5921 12008 5922 12008 5923 12008 5923 12009 5922 12009 5924 12009 5923 12010 5924 12010 5925 12010 5925 12011 5924 12011 5926 12011 5925 12012 5926 12012 5927 12012 5927 12013 5926 12013 5928 12013 5927 12014 5928 12014 5929 12014 5929 12015 5928 12015 5930 12015 5929 12016 5930 12016 5931 12016 5931 12017 5930 12017 5932 12017 5931 12018 5932 12018 5933 12018 5933 12019 5932 12019 5934 12019 5933 12020 5934 12020 5935 12020 5935 12021 5934 12021 5936 12021 5935 12022 5936 12022 5937 12022 5937 12023 5936 12023 5938 12023 5937 12024 5938 12024 5939 12024 5939 12025 5938 12025 5940 12025 5939 12026 5940 12026 5941 12026 5941 12027 5940 12027 5942 12027 5941 12028 5942 12028 5943 12028 5943 12029 5942 12029 5944 12029 5943 12030 5944 12030 5945 12030 5945 12031 5944 12031 5946 12031 5945 12032 5946 12032 5947 12032 5947 12033 5946 12033 5948 12033 5947 12034 5948 12034 5949 12034 5949 12035 5948 12035 5950 12035 5949 12036 5950 12036 5951 12036 5951 12037 5950 12037 5952 12037 5951 12038 5952 12038 5953 12038 5953 12039 5952 12039 5954 12039 5953 12040 5954 12040 5955 12040 5955 12041 5954 12041 5956 12041 5955 12042 5956 12042 5957 12042 5957 12043 5956 12043 5958 12043 5957 12044 5958 12044 5959 12044 5959 12045 5958 12045 5960 12045 5959 12046 5960 12046 5961 12046 5961 12047 5960 12047 5962 12047 5961 12048 5962 12048 5963 12048 5963 12049 5962 12049 5964 12049 5963 12050 5964 12050 5965 12050 5965 12051 5964 12051 5966 12051 5965 12052 5966 12052 5967 12052 5967 12053 5966 12053 5968 12053 5967 12054 5968 12054 5969 12054 5969 12055 5968 12055 5970 12055 5969 12056 5970 12056 5899 12056 5899 12057 5970 12057 5900 12057 5902 12058 5736 12058 5904 12058 5904 12059 5736 12059 5971 12059 5904 12060 5971 12060 5906 12060 5906 12061 5971 12061 5972 12061 5906 12062 5972 12062 5908 12062 5908 12063 5972 12063 5973 12063 5908 12064 5973 12064 5910 12064 5910 12065 5973 12065 5974 12065 5910 12066 5974 12066 5912 12066 5912 12067 5974 12067 5975 12067 5912 12068 5975 12068 5914 12068 5914 12069 5975 12069 5976 12069 5914 12070 5976 12070 5916 12070 5916 12071 5976 12071 5977 12071 5916 12072 5977 12072 5918 12072 5918 12073 5977 12073 5978 12073 5918 12074 5978 12074 5920 12074 5920 12075 5978 12075 5979 12075 5920 12076 5979 12076 5922 12076 5922 12077 5979 12077 5980 12077 5922 12078 5980 12078 5924 12078 5924 12079 5980 12079 5981 12079 5924 12080 5981 12080 5926 12080 5926 12081 5981 12081 5982 12081 5926 12082 5982 12082 5928 12082 5928 12083 5982 12083 5983 12083 5928 12084 5983 12084 5930 12084 5930 12085 5983 12085 5747 12085 5930 12086 5747 12086 5932 12086 5932 12087 5747 12087 5934 12087 5934 12088 5747 12088 5746 12088 5934 12089 5746 12089 5936 12089 5936 12090 5746 12090 5744 12090 5936 12091 5744 12091 5938 12091 5938 12092 5744 12092 5743 12092 5938 12093 5743 12093 5940 12093 5940 12094 5743 12094 5755 12094 5940 12095 5755 12095 5942 12095 5942 12096 5755 12096 5754 12096 5942 12097 5754 12097 5944 12097 5944 12098 5754 12098 5753 12098 5944 12099 5753 12099 5946 12099 5946 12100 5753 12100 5742 12100 5946 12101 5742 12101 5948 12101 5948 12102 5742 12102 5741 12102 5948 12103 5741 12103 5950 12103 5950 12104 5741 12104 5763 12104 5950 12105 5763 12105 5952 12105 5952 12106 5763 12106 5758 12106 5952 12107 5758 12107 5954 12107 5954 12108 5758 12108 5774 12108 5954 12109 5774 12109 5956 12109 5956 12110 5774 12110 5766 12110 5956 12111 5766 12111 5958 12111 5958 12112 5766 12112 5765 12112 5958 12113 5765 12113 5960 12113 5960 12114 5765 12114 5730 12114 5960 12115 5730 12115 5962 12115 5962 12116 5730 12116 5731 12116 5962 12117 5731 12117 5964 12117 5964 12118 5731 12118 5732 12118 5964 12119 5732 12119 5966 12119 5966 12120 5732 12120 5750 12120 5966 12121 5750 12121 5968 12121 5968 12122 5750 12122 5749 12122 5968 12123 5749 12123 5970 12123 5970 12124 5749 12124 5748 12124 5970 12125 5748 12125 5900 12125 5900 12126 5748 12126 5733 12126 5900 12127 5733 12127 5902 12127 5902 12128 5733 12128 5735 12128 5902 12129 5735 12129 5736 12129 5980 12130 5979 12130 5711 12130 5979 12131 5978 12131 5711 12131 5711 12132 5978 12132 5977 12132 5711 12133 5977 12133 5712 12133 5712 12134 5977 12134 5976 12134 5712 12135 5976 12135 5734 12135 5976 12136 5975 12136 5734 12136 5734 12137 5975 12137 5974 12137 5734 12138 5974 12138 5973 12138 5745 12139 5747 12139 5711 12139 5711 12140 5747 12140 5983 12140 5973 12141 5972 12141 5734 12141 5734 12142 5972 12142 5971 12142 5734 12143 5971 12143 5736 12143 5983 12144 5982 12144 5711 12144 5711 12145 5982 12145 5981 12145 5711 12146 5981 12146 5980 12146 5745 12147 5711 12147 5718 12147 5866 12148 5740 12148 5868 12148 5868 12149 5740 12149 5984 12149 5868 12150 5984 12150 5870 12150 5870 12151 5984 12151 5985 12151 5870 12152 5985 12152 5872 12152 5872 12153 5985 12153 5986 12153 5872 12154 5986 12154 5874 12154 5874 12155 5986 12155 5987 12155 5874 12156 5987 12156 5876 12156 5876 12157 5987 12157 5988 12157 5876 12158 5988 12158 5878 12158 5878 12159 5988 12159 5989 12159 5878 12160 5989 12160 5880 12160 5880 12161 5989 12161 5990 12161 5880 12162 5990 12162 5882 12162 5882 12163 5990 12163 5991 12163 5882 12164 5991 12164 5884 12164 5884 12165 5991 12165 5992 12165 5884 12166 5992 12166 5886 12166 5886 12167 5992 12167 5993 12167 5886 12168 5993 12168 5888 12168 5888 12169 5993 12169 5994 12169 5888 12170 5994 12170 5890 12170 5890 12171 5994 12171 5995 12171 5890 12172 5995 12172 5892 12172 5892 12173 5995 12173 5996 12173 5892 12174 5996 12174 5894 12174 5894 12175 5996 12175 5728 12175 5894 12176 5728 12176 5896 12176 5896 12177 5728 12177 5898 12177 5898 12178 5728 12178 5727 12178 5898 12179 5727 12179 5828 12179 5828 12180 5727 12180 5762 12180 5828 12181 5762 12181 5830 12181 5830 12182 5762 12182 5761 12182 5830 12183 5761 12183 5832 12183 5832 12184 5761 12184 5752 12184 5832 12185 5752 12185 5834 12185 5834 12186 5752 12186 5751 12186 5834 12187 5751 12187 5836 12187 5836 12188 5751 12188 5760 12188 5836 12189 5760 12189 5838 12189 5838 12190 5760 12190 5759 12190 5838 12191 5759 12191 5840 12191 5840 12192 5759 12192 5767 12192 5840 12193 5767 12193 5842 12193 5842 12194 5767 12194 5768 12194 5842 12195 5768 12195 5844 12195 5844 12196 5768 12196 5776 12196 5844 12197 5776 12197 5846 12197 5846 12198 5776 12198 5775 12198 5846 12199 5775 12199 5848 12199 5848 12200 5775 12200 5773 12200 5848 12201 5773 12201 5850 12201 5850 12202 5773 12202 5772 12202 5850 12203 5772 12203 5852 12203 5852 12204 5772 12204 5771 12204 5852 12205 5771 12205 5854 12205 5854 12206 5771 12206 5770 12206 5854 12207 5770 12207 5856 12207 5856 12208 5770 12208 5769 12208 5856 12209 5769 12209 5858 12209 5858 12210 5769 12210 5757 12210 5858 12211 5757 12211 5860 12211 5860 12212 5757 12212 5756 12212 5860 12213 5756 12213 5862 12213 5862 12214 5756 12214 5764 12214 5862 12215 5764 12215 5864 12215 5864 12216 5764 12216 5737 12216 5864 12217 5737 12217 5866 12217 5866 12218 5737 12218 5739 12218 5866 12219 5739 12219 5740 12219 5712 12220 5734 12220 5726 12220 5713 12221 5717 12221 5711 12221 5711 12222 5717 12222 5718 12222 5716 12223 5738 12223 5718 12223 5718 12224 5738 12224 5745 12224 5993 12225 5992 12225 5720 12225 5992 12226 5991 12226 5720 12226 5720 12227 5991 12227 5990 12227 5720 12228 5990 12228 5722 12228 5990 12229 5989 12229 5722 12229 5722 12230 5989 12230 5988 12230 5722 12231 5988 12231 5738 12231 5738 12232 5988 12232 5987 12232 5738 12233 5987 12233 5986 12233 5729 12234 5728 12234 5720 12234 5720 12235 5728 12235 5996 12235 5986 12236 5985 12236 5738 12236 5738 12237 5985 12237 5984 12237 5738 12238 5984 12238 5740 12238 5996 12239 5995 12239 5720 12239 5720 12240 5995 12240 5994 12240 5720 12241 5994 12241 5993 12241 5729 12242 5725 12242 5734 12242 5734 12243 5725 12243 5726 12243 5724 12244 5714 12244 5726 12244 5726 12245 5714 12245 5712 12245 5933 12246 5782 12246 5931 12246 5931 12247 5782 12247 5997 12247 5931 12248 5997 12248 5929 12248 5929 12249 5997 12249 5998 12249 5929 12250 5998 12250 5927 12250 5927 12251 5998 12251 5999 12251 5927 12252 5999 12252 5925 12252 5925 12253 5999 12253 6000 12253 5925 12254 6000 12254 5923 12254 5923 12255 6000 12255 6001 12255 5923 12256 6001 12256 5921 12256 5921 12257 6001 12257 6002 12257 5921 12258 6002 12258 5919 12258 5919 12259 6002 12259 6003 12259 5919 12260 6003 12260 5917 12260 5917 12261 6003 12261 6004 12261 5917 12262 6004 12262 5915 12262 5915 12263 6004 12263 6005 12263 5915 12264 6005 12264 5913 12264 5913 12265 6005 12265 6006 12265 5913 12266 6006 12266 5911 12266 5911 12267 6006 12267 6007 12267 5911 12268 6007 12268 5909 12268 5909 12269 6007 12269 6008 12269 5909 12270 6008 12270 5907 12270 5907 12271 6008 12271 6009 12271 5907 12272 6009 12272 5905 12272 5905 12273 6009 12273 5807 12273 5905 12274 5807 12274 5903 12274 5903 12275 5807 12275 5901 12275 5901 12276 5807 12276 5806 12276 5901 12277 5806 12277 5899 12277 5899 12278 5806 12278 5805 12278 5899 12279 5805 12279 5969 12279 5969 12280 5805 12280 5797 12280 5969 12281 5797 12281 5967 12281 5967 12282 5797 12282 5798 12282 5967 12283 5798 12283 5965 12283 5965 12284 5798 12284 5799 12284 5965 12285 5799 12285 5963 12285 5963 12286 5799 12286 5804 12286 5963 12287 5804 12287 5961 12287 5961 12288 5804 12288 5803 12288 5961 12289 5803 12289 5959 12289 5959 12290 5803 12290 5802 12290 5959 12291 5802 12291 5957 12291 5957 12292 5802 12292 5800 12292 5957 12293 5800 12293 5955 12293 5955 12294 5800 12294 5826 12294 5955 12295 5826 12295 5953 12295 5953 12296 5826 12296 5825 12296 5953 12297 5825 12297 5951 12297 5951 12298 5825 12298 5813 12298 5951 12299 5813 12299 5949 12299 5949 12300 5813 12300 5812 12300 5949 12301 5812 12301 5947 12301 5947 12302 5812 12302 5811 12302 5947 12303 5811 12303 5945 12303 5945 12304 5811 12304 5817 12304 5945 12305 5817 12305 5943 12305 5943 12306 5817 12306 5816 12306 5943 12307 5816 12307 5941 12307 5941 12308 5816 12308 5815 12308 5941 12309 5815 12309 5939 12309 5939 12310 5815 12310 5810 12310 5939 12311 5810 12311 5937 12311 5937 12312 5810 12312 5809 12312 5937 12313 5809 12313 5935 12313 5935 12314 5809 12314 5808 12314 5935 12315 5808 12315 5933 12315 5933 12316 5808 12316 5783 12316 5933 12317 5783 12317 5782 12317 6006 12318 6005 12318 5714 12318 6005 12319 6004 12319 5714 12319 5714 12320 6004 12320 6003 12320 5714 12321 6003 12321 5713 12321 6003 12322 6002 12322 5713 12322 5713 12323 6002 12323 6001 12323 5713 12324 6001 12324 5781 12324 5781 12325 6001 12325 6000 12325 5781 12326 6000 12326 5999 12326 5791 12327 5807 12327 5714 12327 5714 12328 5807 12328 6009 12328 5999 12329 5998 12329 5781 12329 5781 12330 5998 12330 5997 12330 5781 12331 5997 12331 5782 12331 6009 12332 6008 12332 5714 12332 5714 12333 6008 12333 6007 12333 5714 12334 6007 12334 6006 12334 5713 12335 5781 12335 5717 12335 5738 12336 5716 12336 5722 12336 5729 12337 5720 12337 5725 12337 5714 12338 5724 12338 5791 12338 5786 12339 5715 12339 5781 12339 5781 12340 5715 12340 5717 12340 5715 12341 5721 12341 5716 12341 5716 12342 5721 12342 5722 12342 5719 12343 5723 12343 5720 12343 5720 12344 5723 12344 5725 12344 5723 12345 5778 12345 5724 12345 5724 12346 5778 12346 5791 12346 5715 12347 5786 12347 5721 12347 5723 12348 5719 12348 5778 12348 6010 12349 6011 12349 5719 12349 6012 12350 6013 12350 5721 12350 6013 12351 6014 12351 5721 12351 5721 12352 6014 12352 6015 12352 5721 12353 6015 12353 6016 12353 6016 12354 6017 12354 5721 12354 5721 12355 6017 12355 6018 12355 5721 12356 6018 12356 6019 12356 6010 12357 5719 12357 6020 12357 5786 12358 5788 12358 5721 12358 5721 12359 5788 12359 6021 12359 5721 12360 6021 12360 6012 12360 6019 12361 6022 12361 5721 12361 5721 12362 6022 12362 6023 12362 5721 12363 6023 12363 5719 12363 5719 12364 6023 12364 6024 12364 5719 12365 6024 12365 6020 12365 6011 12366 6025 12366 5719 12366 5719 12367 6025 12367 6026 12367 5719 12368 6026 12368 6027 12368 5780 12369 5778 12369 6028 12369 6028 12370 5778 12370 5719 12370 6028 12371 5719 12371 6029 12371 6029 12372 5719 12372 6027 12372 6021 12373 5788 12373 5787 12373 5873 12374 6014 12374 5871 12374 5871 12375 6014 12375 6013 12375 5871 12376 6013 12376 5869 12376 5869 12377 6013 12377 5867 12377 5877 12378 6017 12378 5875 12378 5875 12379 6017 12379 6016 12379 5875 12380 6016 12380 5873 12380 5873 12381 6016 12381 6015 12381 5873 12382 6015 12382 6014 12382 5883 12383 6023 12383 5881 12383 5881 12384 6023 12384 6022 12384 5881 12385 6022 12385 5879 12385 5879 12386 6022 12386 6019 12386 5879 12387 6019 12387 5877 12387 5877 12388 6019 12388 6018 12388 5877 12389 6018 12389 6017 12389 5891 12390 6025 12390 5889 12390 5889 12391 6025 12391 6011 12391 5889 12392 6011 12392 5887 12392 5887 12393 6011 12393 6010 12393 5887 12394 6010 12394 5885 12394 5885 12395 6010 12395 6020 12395 5885 12396 6020 12396 5883 12396 5883 12397 6020 12397 6024 12397 5883 12398 6024 12398 6023 12398 5893 12399 6027 12399 5891 12399 5891 12400 6027 12400 6026 12400 5891 12401 6026 12401 6025 12401 5897 12402 5780 12402 5895 12402 5895 12403 5780 12403 6028 12403 5895 12404 6028 12404 5893 12404 5893 12405 6028 12405 6029 12405 5893 12406 6029 12406 6027 12406 6013 12407 6012 12407 5867 12407 5867 12408 6012 12408 6021 12408 5867 12409 6021 12409 5865 12409 5865 12410 6021 12410 5787 12410 5865 12411 5787 12411 5863 12411 5863 12412 5787 12412 5785 12412 5863 12413 5785 12413 5861 12413 5861 12414 5785 12414 5784 12414 5861 12415 5784 12415 5859 12415 5859 12416 5784 12416 5823 12416 5859 12417 5823 12417 5857 12417 5857 12418 5823 12418 5822 12418 5857 12419 5822 12419 5855 12419 5855 12420 5822 12420 5821 12420 5855 12421 5821 12421 5853 12421 5853 12422 5821 12422 5794 12422 5853 12423 5794 12423 5851 12423 5851 12424 5794 12424 5795 12424 5851 12425 5795 12425 5849 12425 5849 12426 5795 12426 5796 12426 5849 12427 5796 12427 5847 12427 5847 12428 5796 12428 5814 12428 5847 12429 5814 12429 5845 12429 5845 12430 5814 12430 5824 12430 5845 12431 5824 12431 5843 12431 5843 12432 5824 12432 5820 12432 5843 12433 5820 12433 5841 12433 5841 12434 5820 12434 5819 12434 5841 12435 5819 12435 5839 12435 5839 12436 5819 12436 5818 12436 5839 12437 5818 12437 5837 12437 5837 12438 5818 12438 5801 12438 5837 12439 5801 12439 5835 12439 5835 12440 5801 12440 5793 12440 5835 12441 5793 12441 5833 12441 5833 12442 5793 12442 5792 12442 5833 12443 5792 12443 5831 12443 5831 12444 5792 12444 5790 12444 5831 12445 5790 12445 5829 12445 5829 12446 5790 12446 5789 12446 5829 12447 5789 12447 5827 12447 5827 12448 5789 12448 5777 12448 5827 12449 5777 12449 5897 12449 5897 12450 5777 12450 5779 12450 5897 12451 5779 12451 5780 12451</p>
        </triangles>
      </mesh>
    </geometry>
  </library_geometries>
  <library_visual_scenes>
    <visual_scene id="Scene" name="Scene">
      <node id="nuc_支撑架_降压模块" name="nuc+支撑架+降压模块" type="NODE">
        <matrix sid="transform">1 0 0 0 0 1 0 0 0 0 1 0 0 0 0 1</matrix>
        <instance_geometry url="#nuc_支撑架_降压模块-mesh" name="nuc+支撑架+降压模块"/>
      </node>
      <node id="Camera" name="Camera" type="NODE">
        <matrix sid="transform">0.6859207 -0.3240135 0.6515582 7.358891 0.7276763 0.3054208 -0.6141704 -6.925791 0 0.8953956 0.4452714 4.958309 0 0 0 1</matrix>
        <instance_camera url="#Camera-camera"/>
      </node>
      <node id="Light" name="Light" type="NODE">
        <matrix sid="transform">-0.2908646 -0.7711008 0.5663932 4.076245 0.9551712 -0.1998834 0.2183912 1.005454 -0.05518906 0.6045247 0.7946723 5.903862 0 0 0 1</matrix>
        <instance_light url="#Light-light"/>
      </node>
    </visual_scene>
  </library_visual_scenes>
  <scene>
    <instance_visual_scene url="#Scene"/>
  </scene>
</COLLADA>