<?xml version="1.0" encoding="utf-8"?>
<COLLADA xmlns="http://www.collada.org/2005/11/COLLADASchema" version="1.4.1" xmlns:xsi="http://www.w3.org/2001/XMLSchema-instance">
  <asset>
    <contributor>
      <author>Blender User</author>
      <authoring_tool>Blender 4.4.3 commit date:2025-04-29, commit time:14:09, hash:802179c51ccc</authoring_tool>
    </contributor>
    <created>2026-02-05T00:48:46</created>
    <modified>2026-02-05T00:48:46</modified>
    <unit name="meter" meter="1"/>
    <up_axis>Z_UP</up_axis>
  </asset>
  <library_cameras>
    <camera id="Camera-camera" name="Camera">
      <optics>
        <technique_common>
          <perspective>
            <xfov sid="xfov">39.59775</xfov>
            <aspect_ratio>1.777778</aspect_ratio>
            <znear sid="znear">0.1</znear>
            <zfar sid="zfar">100</zfar>
          </perspective>
        </technique_common>
      </optics>
      <extra>
        <technique profile="blender">
          <shiftx sid="shiftx" type="float">0</shiftx>
          <shifty sid="shifty" type="float">0</shifty>
          <dof_distance sid="dof_distance" type="float">10</dof_distance>
        </technique>
      </extra>
    </camera>
  </library_cameras>
  <library_lights>
    <light id="Light-light" name="Light">
      <technique_common>
        <point>
          <color sid="color">1000 1000 1000</color>
          <constant_attenuation>1</constant_attenuation>
          <linear_attenuation>0</linear_attenuation>
          <quadratic_attenuation>0</quadratic_attenuation>
        </point>
      </technique_common>
      <extra>
        <technique profile="blender">
          <type sid="type" type="int">0</type>
          <flag sid="flag" type="int">0</flag>
          <mode sid="mode" type="int">2097153</mode>
          <red sid="red" type="float">1</red>
          <green sid="green" type="float">1</green>
          <blue sid="blue" type="float">1</blue>
          <energy sid="blender_energy" type="float">1000</energy>
          <spotsize sid="spotsize" type="float">75</spotsize>
          <spotblend sid="spotblend" type="float">0.15</spotblend>
          <clipsta sid="clipsta" type="float">0.04999995</clipsta>
          <clipend sid="clipend" type="float">40</clipend>
          <radius sid="radius" type="float">0.1</radius>
          <area_shape sid="area_shape" type="int">1</area_shape>
          <area_size sid="area_size" type="float">0.1</area_size>
          <area_sizey sid="area_sizey" type="float">0.1</area_sizey>
          <area_sizez sid="area_sizez" type="float">1</area_sizez>
        </technique>
      </extra>
    </light>
  </library_lights>
  <library_images/>
  <library_geometries>
    <geometry id="nuc_支撑架_降压模块_降低高度-mesh" name="nuc+支撑架+降压模块_降低高度">
      <mesh>
        <source id="nuc_支撑架_降压模块_降低高度-mesh-positions">
          <float_array id="nuc_支撑架_降压模块_降低高度-mesh-positions-array" count="12102">-0.05968362 0.03707897 0.08034461 -0.1276836 0.03707897 0.08034461 -0.05968362 0.03707897 0.1063446 -0.1276836 0.03707897 0.1063446 -0.05668359 -0.033921 0.1063446 -0.05668359 -0.033921 0.08034461 -0.05668359 0.03407895 0.1063446 -0.05668359 0.03407895 0.08034461 -0.1276836 -0.03692102 0.1063446 -0.1276836 -0.03692102 0.08034461 -0.05968362 -0.03692102 0.1063446 -0.05968362 -0.03692102 0.08034461 -0.1306836 -0.033921 0.1063446 -0.1306836 0.03407895 0.1063446 -0.1306836 -0.033921 0.08034461 -0.1306836 0.03407895 0.08034461 -0.09875768 -0.03328925 0.07734459 -0.0986033 -0.033921 0.07734459 -0.1276836 -0.033921 0.07734459 -0.09633362 0.02824884 0.07734459 -0.09704756 0.02874875 0.07734459 -0.09766381 0.029365 0.07734459 -0.09883362 0.03257894 0.07734459 -0.1276836 0.03407895 0.07734459 -0.09875768 0.0334472 0.07734459 -0.0986033 0.03407895 0.07734459 -0.08883363 -0.03242099 0.07734459 -0.05968362 -0.033921 0.07734459 -0.08890956 -0.03328925 0.07734459 -0.08906394 -0.033921 0.07734459 -0.09133362 0.02824884 0.07734459 -0.09061968 0.02874875 0.07734459 -0.08890956 0.03171068 0.07734459 -0.08883363 0.03257894 0.07734459 -0.05968362 0.03407895 0.07734459 -0.08890956 0.0334472 0.07734459 -0.08906394 0.03407895 0.07734459 -0.09875768 0.03171068 0.07734459 -0.09853208 0.03086882 0.07734459 -0.09816372 0.03007894 0.07734459 -0.09816372 -0.02992099 0.07734459 -0.09853208 -0.03071087 0.07734459 -0.09000337 0.029365 0.07734459 -0.08950346 0.03007894 0.07734459 -0.08913516 0.03086882 0.07734459 -0.08913516 -0.03071087 0.07734459 -0.08950346 -0.02992099 0.07734459 -0.09296536 0.02765488 0.07734459 -0.09704756 -0.02859079 0.07734459 -0.09766381 -0.02920705 0.07734459 -0.09875768 -0.03155273 0.07734459 -0.09883362 -0.03242099 0.07734459 -0.0921235 0.02788048 0.07734459 -0.08890956 -0.03155273 0.07734459 -0.09554374 0.02788048 0.07734459 -0.09470188 0.02765488 0.07734459 -0.09633362 -0.02809089 0.07734459 -0.09554374 -0.02772253 0.07734459 -0.09000337 -0.02920705 0.07734459 -0.09061968 -0.02859079 0.07734459 -0.09133362 -0.02809089 0.07734459 -0.0921235 -0.02772253 0.07734459 -0.09296536 -0.02749693 0.07734459 -0.09383362 0.02757894 0.07734459 -0.09383362 -0.02742099 0.07734459 -0.09470188 -0.02749693 0.07734459 -0.09883362 -0.03242099 0.1093446 -0.1276836 -0.033921 0.1093446 -0.09875768 -0.03328925 0.1093446 -0.0986033 -0.033921 0.1093446 -0.05968362 0.03407895 0.1093446 -0.08906394 0.03407895 0.1093446 -0.08890956 0.0334472 0.1093446 -0.08890956 -0.03155273 0.1093446 -0.08883363 -0.03242099 0.1093446 -0.05968362 -0.033921 0.1093446 -0.08890956 -0.03328925 0.1093446 -0.08906394 -0.033921 0.1093446 -0.09875768 -0.03155273 0.1093446 -0.09853208 -0.03071087 0.1093446 -0.1276836 0.03407895 0.1093446 -0.09816372 -0.02992099 0.1093446 -0.09766381 -0.02920705 0.1093446 -0.09061968 -0.02859079 0.1093446 -0.09133362 -0.02809089 0.1093446 -0.0921235 -0.02772253 0.1093446 -0.09875768 0.03171068 0.1093446 -0.09853208 0.03086882 0.1093446 -0.09816372 0.03007894 0.1093446 -0.09554374 0.02788048 0.1093446 -0.09704756 -0.02859079 0.1093446 -0.09633362 0.02824884 0.1093446 -0.09704756 0.02874875 0.1093446 -0.09766381 0.029365 0.1093446 -0.09883362 0.03257894 0.1093446 -0.09875768 0.0334472 0.1093446 -0.0986033 0.03407895 0.1093446 -0.08883363 0.03257894 0.1093446 -0.08890956 0.03171068 0.1093446 -0.08913516 0.03086882 0.1093446 -0.09133362 0.02824884 0.1093446 -0.0921235 0.02788048 0.1093446 -0.09296536 0.02765488 0.1093446 -0.09296536 -0.02749693 0.1093446 -0.08950346 0.03007894 0.1093446 -0.09000337 0.029365 0.1093446 -0.09061968 0.02874875 0.1093446 -0.09633362 -0.02809089 0.1093446 -0.09554374 -0.02772253 0.1093446 -0.09470188 -0.02749693 0.1093446 -0.09000337 -0.02920705 0.1093446 -0.08950346 -0.02992099 0.1093446 -0.08913516 -0.03071087 0.1093446 -0.09383362 -0.02742099 0.1093446 -0.09383362 0.02757894 0.1093446 -0.09470188 0.02765488 0.1093446 -0.09583359 -0.03242099 0.1063446 -0.09583359 -0.03242099 0.08034461 -0.09580326 -0.03207367 0.1063446 -0.09580326 -0.03207367 0.08034461 -0.09571301 -0.03173696 0.1063446 -0.09571301 -0.03173696 0.08034461 -0.09556567 -0.031421 0.1063446 -0.09556567 -0.031421 0.08034461 -0.0953657 -0.03113543 0.1063446 -0.0953657 -0.03113543 0.08034461 -0.09511917 -0.03088891 0.1063446 -0.09511917 -0.03088891 0.08034461 -0.09483361 -0.03068894 0.1063446 -0.09483361 -0.03068894 0.08034461 -0.09451764 -0.03054159 0.1063446 -0.09451764 -0.03054159 0.08034461 -0.09418094 -0.03045135 0.1063446 -0.09418094 -0.03045135 0.08034461 -0.09383362 -0.03042101 0.1063446 -0.09383362 -0.03042101 0.08034461 -0.0934863 -0.03045135 0.1063446 -0.0934863 -0.03045135 0.08034461 -0.0931496 -0.03054159 0.1063446 -0.0931496 -0.03054159 0.08034461 -0.09283363 -0.03068894 0.1063446 -0.09283363 -0.03068894 0.08034461 -0.09254807 -0.03088891 0.1063446 -0.09254807 -0.03088891 0.08034461 -0.09230154 -0.03113543 0.1063446 -0.09230154 -0.03113543 0.08034461 -0.09210157 -0.031421 0.1063446 -0.09210157 -0.031421 0.08034461 -0.09195423 -0.03173696 0.1063446 -0.09195423 -0.03173696 0.08034461 -0.09186398 -0.03207367 0.1063446 -0.09186398 -0.03207367 0.08034461 -0.09183365 -0.03242099 0.1063446 -0.09183365 -0.03242099 0.08034461 -0.09186398 -0.0327683 0.1063446 -0.09186398 -0.0327683 0.08034461 -0.09195423 -0.03310501 0.1063446 -0.09195423 -0.03310501 0.08034461 -0.09210157 -0.03342097 0.1063446 -0.09210157 -0.03342097 0.08034461 -0.09230154 -0.03370654 0.1063446 -0.09230154 -0.03370654 0.08034461 -0.09254807 -0.03395307 0.1063446 -0.09254807 -0.03395307 0.08034461 -0.09283363 -0.03415304 0.1063446 -0.09283363 -0.03415304 0.08034461 -0.0931496 -0.03430038 0.1063446 -0.0931496 -0.03430038 0.08034461 -0.0934863 -0.03439062 0.1063446 -0.0934863 -0.03439062 0.08034461 -0.09383362 -0.03442102 0.1063446 -0.09383362 -0.03442102 0.08034461 -0.09418094 -0.03439062 0.1063446 -0.09418094 -0.03439062 0.08034461 -0.09451764 -0.03430038 0.1063446 -0.09451764 -0.03430038 0.08034461 -0.09483361 -0.03415304 0.1063446 -0.09483361 -0.03415304 0.08034461 -0.09511917 -0.03395307 0.1063446 -0.09511917 -0.03395307 0.08034461 -0.0953657 -0.03370654 0.1063446 -0.0953657 -0.03370654 0.08034461 -0.09556567 -0.03342097 0.1063446 -0.09556567 -0.03342097 0.08034461 -0.09571301 -0.03310501 0.1063446 -0.09571301 -0.03310501 0.08034461 -0.09580326 -0.0327683 0.1063446 -0.09580326 -0.0327683 0.08034461 -0.09583359 0.03257894 0.1063446 -0.09583359 0.03257894 0.08034461 -0.09580326 0.03292626 0.1063446 -0.09580326 0.03292626 0.08034461 -0.09571301 0.03326296 0.1063446 -0.09571301 0.03326296 0.08034461 -0.09556567 0.03357893 0.1063446 -0.09556567 0.03357893 0.08034461 -0.0953657 0.03386449 0.1063446 -0.0953657 0.03386449 0.08034461 -0.09511917 0.03411102 0.1063446 -0.09511917 0.03411102 0.08034461 -0.09483361 0.03431099 0.1063446 -0.09483361 0.03431099 0.08034461 -0.09451764 0.03445833 0.1063446 -0.09451764 0.03445833 0.08034461 -0.09418094 0.03454858 0.1063446 -0.09418094 0.03454858 0.08034461 -0.09383362 0.03457897 0.1063446 -0.09383362 0.03457897 0.08034461 -0.0934863 0.03454858 0.1063446 -0.0934863 0.03454858 0.08034461 -0.0931496 0.03445833 0.1063446 -0.0931496 0.03445833 0.08034461 -0.09283363 0.03431099 0.1063446 -0.09283363 0.03431099 0.08034461 -0.09254807 0.03411102 0.1063446 -0.09254807 0.03411102 0.08034461 -0.09230154 0.03386449 0.1063446 -0.09230154 0.03386449 0.08034461 -0.09210157 0.03357893 0.1063446 -0.09210157 0.03357893 0.08034461 -0.09195423 0.03326296 0.1063446 -0.09195423 0.03326296 0.08034461 -0.09186398 0.03292626 0.1063446 -0.09186398 0.03292626 0.08034461 -0.09183365 0.03257894 0.1063446 -0.09183365 0.03257894 0.08034461 -0.09186398 0.03223162 0.1063446 -0.09186398 0.03223162 0.08034461 -0.09195423 0.03189492 0.1063446 -0.09195423 0.03189492 0.08034461 -0.09210157 0.03157895 0.1063446 -0.09210157 0.03157895 0.08034461 -0.09230154 0.03129339 0.1063446 -0.09230154 0.03129339 0.08034461 -0.09254807 0.03104686 0.1063446 -0.09254807 0.03104686 0.08034461 -0.09283363 0.03084689 0.1063446 -0.09283363 0.03084689 0.08034461 -0.0931496 0.03069955 0.1063446 -0.0931496 0.03069955 0.08034461 -0.0934863 0.0306093 0.1063446 -0.0934863 0.0306093 0.08034461 -0.09383362 0.03057897 0.1063446 -0.09383362 0.03057897 0.08034461 -0.09418094 0.0306093 0.1063446 -0.09418094 0.0306093 0.08034461 -0.09451764 0.03069955 0.1063446 -0.09451764 0.03069955 0.08034461 -0.09483361 0.03084689 0.1063446 -0.09483361 0.03084689 0.08034461 -0.09511917 0.03104686 0.1063446 -0.09511917 0.03104686 0.08034461 -0.0953657 0.03129339 0.1063446 -0.0953657 0.03129339 0.08034461 -0.09556567 0.03157895 0.1063446 -0.09556567 0.03157895 0.08034461 -0.09571301 0.03189492 0.1063446 -0.09571301 0.03189492 0.08034461 -0.09580326 0.03223162 0.1063446 -0.09580326 0.03223162 0.08034461 -0.09758639 0.03474563 0.07801127 -0.09686464 0.03512227 0.07838791 -0.09619945 0.03539842 0.07866406 -0.09557527 0.03559559 0.07886129 -0.09497976 0.03572791 0.07899355 -0.09440231 0.03580409 0.07906973 -0.09383362 0.03582894 0.07909464 -0.09326493 0.03580409 0.07906973 -0.09268748 0.03572791 0.07899355 -0.09209197 0.03559559 0.07886129 -0.09146779 0.03539842 0.07866406 -0.0908026 0.03512227 0.07838791 -0.09008085 0.03474563 0.07801127 -0.09008085 -0.03458768 0.07801127 -0.0908026 -0.03496432 0.07838791 -0.09146779 -0.03524047 0.07866406 -0.09209197 -0.03543764 0.07886129 -0.09268748 -0.03556996 0.07899355 -0.09326493 -0.03564614 0.07906973 -0.09383362 -0.03567099 0.07909464 -0.09440231 -0.03564614 0.07906973 -0.09497976 -0.03556996 0.07899355 -0.09557527 -0.03543764 0.07886129 -0.09619945 -0.03524047 0.07866406 -0.09686464 -0.03496432 0.07838791 -0.09758639 -0.03458768 0.07801127 -0.09008085 0.03474563 0.1086779 -0.0908026 0.03512227 0.1083013 -0.09146779 0.03539842 0.1080251 -0.09209197 0.03559559 0.107828 -0.09268748 0.03572791 0.1076956 -0.09326493 0.03580409 0.1076195 -0.09383362 0.03582894 0.1075946 -0.09440231 0.03580409 0.1076195 -0.09497976 0.03572791 0.1076956 -0.09557527 0.03559559 0.107828 -0.09619945 0.03539842 0.1080251 -0.09686464 0.03512227 0.1083013 -0.09758639 0.03474563 0.1086779 -0.09507203 -0.03555303 0.1077126 -0.09568059 -0.03540861 0.107857 -0.08936923 -0.03413784 0.1091278 -0.09006804 -0.03458029 0.1086853 -0.09076672 -0.03494745 0.1083181 -0.09147024 -0.03524136 0.1080242 -0.09167695 -0.03531318 0.1079524 -0.09230977 -0.03549236 0.1077733 -0.09268486 -0.03556948 0.1076961 -0.09294587 -0.03561037 0.1076552 -0.09466665 -0.03561764 0.107648 -0.08928954 -0.03408265 0.109183 -0.09343624 -0.03565883 0.1076068 -0.09404897 -0.03566741 0.1075982 -0.09440356 -0.03564602 0.1076196 -0.09627699 -0.03521174 0.1080539 -0.09675782 -0.03501325 0.1082524 -0.09739214 -0.03469693 0.1085687 -0.0980063 -0.03433167 0.1089339 -0.097593 -0.03458386 0.1086817 0.06571191 -0.03510528 5.30752e-5 0.06584292 -0.03501075 5.7091e-5 0.06655722 -0.03600609 1.6599e-5 0.06711602 -0.03501075 5.81956e-5 0.06556516 -0.03519695 0.02834463 0.06558734 -0.03518396 4.97149e-5 0.07057005 -0.0360158 4.40823e-5 0.06556487 -0.03519636 4.91841e-5 0.06860882 -0.03501075 5.94882e-5 0.06545835 -0.03525519 4.66639e-5 0.07010161 -0.03501075 6.07846e-5 0.06517022 -0.03538107 0.02834463 0.06532537 -0.03531867 4.39277e-5 0.07159435 -0.03501075 6.20792e-5 0.07457995 -0.03213798 6.46664e-5 0.06518888 -0.03537422 4.15119e-5 0.07308715 -0.03501075 6.33719e-5 0.06517004 -0.0353806 4.12325e-5 0.07457995 -0.03602486 8.08397e-5 0.0650494 -0.0354216 3.9435e-5 0.07057791 -0.03701514 9.46848e-5 0.06490731 -0.03546071 3.76934e-5 0.0647493 -0.03549391 0.02834463 0.07457983 -0.03706222 1.91695e-4 0.06476318 -0.0354914 3.63039e-5 0.06509661 -0.03746348 0.0303446 0.07058537 -0.03798514 2.89057e-4 0.07674378 -0.03629851 1.9827e-4 0.06474924 -0.03549349 3.62033e-5 0.07457959 -0.0380662 4.6876e-4 0.07673633 -0.03722828 3.20536e-4 0.06461751 -0.03551352 3.52645e-5 0.07059246 -0.03889536 6.45318e-4 0.07782167 -0.03632235 3.47932e-4 0.06438702 -0.03553086 3.32473e-5 0.06431519 -0.03553187 0.02834463 0.07457917 -0.03899729 9.36258e-4 0.07672882 -0.03813284 6.15752e-4 0.07780897 -0.03724652 4.92492e-4 0.07059919 -0.03972393 0.001139879 0.07672083 -0.03897809 0.001068472 0.07889354 -0.03635406 5.5311e-4 0.07457864 -0.03983086 0.001562595 0.07671099 -0.03980386 0.001712262 0.07779616 -0.03814482 8.05779e-4 0.07887488 -0.0372672 7.31132e-4 0.07060557 -0.04047381 0.001731753 0.07778346 -0.03898501 0.001271724 0.08048593 -0.03641706 9.21399e-4 0.07457798 -0.04057335 0.002295255 0.07885611 -0.03815287 0.001063883 0.08045893 -0.03731232 0.001148819 0.07457733 -0.04125052 0.00308901 0.08206003 -0.03649735 0.001360177 0.07668918 -0.04118782 0.00326693 0.08202636 -0.03737771 0.001618266 0.08258283 -0.03616678 0.001452207 0.07616156 -0.04252099 0.005020558 0.07529288 -0.04252099 0.004864931 0.07719939 -0.04252099 0.005227625 0.06592112 -0.03494578 5.71599e-5 0.06598097 -0.03489601 5.72121e-5 0.06592214 -0.03494697 0.02834463 0.0661664 -0.03471201 5.73723e-5 0.06656515 -0.03692901 0.0303446 0.06720769 -0.03647905 0.0303446 0.06623029 -0.03463882 0.02834463 0.06776237 -0.03592443 0.0303446 0.06648021 -0.03428184 0.02834463 0.06431519 -0.03552955 3.29884e-5 0.0625416 -0.03599458 -1.06448e-6 0.06415599 -0.03552681 3.24184e-5 0.06657022 -0.03699475 2.53888e-5 0.06392627 -0.03550142 3.27891e-5 0.06255704 -0.03697121 -2.06837e-5 0.06388103 -0.03549391 0.02834463 0.06388139 -0.03549224 3.30964e-5 0.06658273 -0.03795588 1.64651e-4 0.06369984 -0.03545498 3.435e-5 0.0634787 -0.03538781 3.70937e-5 0.06659471 -0.03886413 4.47259e-4 0.06346046 -0.0353803 3.74271e-5 0.06326472 -0.03530049 4.0994e-5 0.06346011 -0.03538107 0.02834463 0.06660616 -0.03970021 8.52735e-4 0.06306529 -0.03519666 4.58798e-5 0.06305974 -0.0351938 4.60176e-5 0.06661713 -0.0404666 0.001346886 0.06286543 -0.03506863 5.21215e-5 0.06306517 -0.03519695 0.02834463 0.06663781 -0.04186016 0.002492308 0.07061749 -0.04181909 0.003074228 0.07061851 -0.04194027 0.003206849 0.07176893 -0.04252099 0.004094481 0.06892287 -0.04252099 0.003512382 0.06598681 -0.04252099 0.002993941 -0.006298422 -0.04252099 1.53339e-4 0.005325078 -0.04252099 2.0047e-4 -0.00754863 -0.04252099 1.52369e-4 0.003352403 -0.04252099 1.88557e-4 0.06854379 -0.03457099 0.0303446 0.08264172 -0.03636008 0.0303446 0.0687468 -0.03381329 0.0303446 0.08259636 -0.03584188 0.0303446 0.06821227 -0.03528189 0.0303446 0.06677716 -0.03346598 0.02834463 0.06881517 -0.03303188 0.0303446 0.06666439 -0.0338869 0.02834463 0.06681519 -0.03303188 0.02834463 0.06677716 -0.03259778 0.02834463 0.06585425 -0.03726047 0.0303446 0.08268225 -0.03523385 -4.32832e-5 0.08258002 -0.03601026 -4.32832e-5 0.08259111 -0.03573864 0.001400887 0.08408004 -0.03601026 -4.32832e-5 0.08266025 -0.0353161 0.001384377 0.08207768 -0.03560334 0.001239478 0.08260852 -0.03643369 0.001509368 0.08268225 -0.03678673 -4.32832e-5 0.08413118 -0.03562206 -4.32832e-5 0.0828368 -0.03479313 0.001393496 0.08413118 -0.03562206 0.005400657 0.082982 -0.03451031 -4.32832e-5 0.08067733 -0.03519207 8.47765e-4 0.08259844 -0.03289026 0.001182556 0.08050042 -0.03551191 8.24268e-4 0.08267426 -0.03676199 0.001609385 0.08428102 -0.03526031 0.005400657 0.08428102 -0.03526031 -4.32832e-5 0.08310562 -0.03431218 0.001432478 0.0827946 -0.03712832 0.001760721 0.08428102 -0.03526031 0.01084458 0.08345872 -0.03388899 -4.32832e-5 0.07890444 -0.03543782 4.86557e-4 0.07996767 -0.03273004 5.78902e-4 0.08345502 -0.03389132 0.001500308 0.082982 -0.03751027 -4.32832e-5 0.08451938 -0.03494966 0.01084458 0.08451938 -0.03494966 0.005400657 0.08451938 -0.03494966 -4.32832e-5 0.08387279 -0.03354251 0.001595973 0.08296263 -0.0374794 0.00194633 0.08345872 -0.03388899 0.01084458 0.07783001 -0.03539943 3.07514e-4 0.08483004 -0.03471124 0.01084458 0.0786643 -0.03509563 4.32068e-4 0.08408004 -0.03341221 0.01084458 0.07662814 -0.0350328 1.61956e-4 0.0767495 -0.03537106 1.74453e-4 0.07457995 -0.03501069 6.46664e-5 0.07593578 -0.0325846 9.86578e-5 0.06206518 -0.03692901 0.0303446 0.06277608 -0.03726047 0.0303446 0.06353378 -0.03746348 0.0303446 0.06431519 -0.03753185 0.0303446 0.08342844 -0.03810304 0.002386331 0.08403837 -0.03858536 0.002862095 0.08199244 -0.03822976 0.002002656 0.08196419 -0.03903418 0.002494394 0.08345872 -0.03813159 -4.32832e-5 0.08040839 -0.03899383 0.001998305 0.08043169 -0.03817844 0.001513957 0.08038389 -0.0398035 0.002653658 0.08428102 -0.03676027 -4.32832e-5 0.07883876 -0.0389831 0.001538336 0.07881993 -0.03980112 0.002193868 0.08193469 -0.03983646 0.003150999 0.08413118 -0.03639853 -4.32832e-5 0.07880067 -0.04053002 0.002948462 0.08035916 -0.04053235 0.003403723 0.08413118 -0.03639853 0.005400657 0.07776904 -0.03980809 0.00192523 0.07775384 -0.0405361 0.002680659 0.07773816 -0.04119408 0.003493189 0.07670038 -0.04053181 0.002460479 0.07878106 -0.04119288 0.003759682 0.07842373 -0.04252099 0.005501329 0.06419068 -0.03053498 5.56586e-5 0.06400716 -0.03055089 5.55003e-5 0.07457995 -0.02926564 6.46664e-5 0.02681082 -0.03501075 2.32486e-5 0.06431519 -0.03053337 5.57685e-5 0.02531802 -0.03501075 2.19559e-5 0.06437486 -0.03053259 5.58188e-5 0.02382528 -0.03501075 2.06614e-5 0.03440499 -0.03585797 2.80561e-5 0.06459081 -0.03054714 5.6007e-5 0.02233248 -0.03501075 1.93669e-5 0.06475067 -0.03057008 5.61448e-5 0.02190071 -0.03581297 5.42207e-5 0.02083969 -0.03501075 1.80723e-5 0.06494063 -0.03061139 5.63087e-5 0.0647493 -0.03056985 0.02834463 0.01934689 -0.03501075 1.67797e-5 0.06512677 -0.0306673 5.64708e-5 0.01785415 -0.03501075 1.54851e-5 0.06516975 -0.03068393 5.6508e-5 0.06517022 -0.03068262 0.02834463 0.01636135 -0.03501075 1.41887e-5 0.06530809 -0.03073751 5.66272e-5 0.01486855 -0.03501075 1.2896e-5 0.06548333 -0.03082156 5.678e-5 0.01188302 -0.03501075 1.0307e-5 0.06556421 -0.03086847 5.68507e-5 0.06556516 -0.0308668 0.02834463 0.008897423 -0.03501075 7.71975e-6 0.06565153 -0.03091901 5.69252e-5 0.01475715 -0.0357964 6.23083e-5 0.06581169 -0.03102922 5.70649e-5 0.06592214 -0.03111678 0.02834463 0.00292629 -0.03501075 2.5416e-6 0.06592118 -0.03111791 5.71599e-5 4.6966e-4 -0.03578466 5.55134e-5 0.06596273 -0.03115159 5.71953e-5 -5.92568e-5 -0.03501075 0 0.06610387 -0.03128528 5.73183e-5 0.06623029 -0.03142488 0.02834463 -0.003044784 -0.03501075 -2.63656e-6 0.06623011 -0.03142505 5.74263e-5 -0.04992491 -0.023521 -4.32832e-5 -0.004537582 -0.03501075 -3.93109e-6 0.06623417 -0.03142952 5.743e-5 -0.00603038 -0.03501075 -5.22563e-6 0.06635284 -0.03158348 5.75343e-5 -0.01381587 -0.03580522 7.85759e-6 0.06645923 -0.0317462 5.76275e-5 -0.01381593 -0.0358445 9.24526e-6 0.06647914 -0.0317825 5.76424e-5 0.06648021 -0.03178185 0.02834463 -0.02095824 -0.03501075 -1.81673e-5 0.06655263 -0.03191667 5.77076e-5 -0.02095824 -0.03688961 -1.7873e-5 0.06663256 -0.03209388 5.77765e-5 -0.02195012 -0.03549492 -1.85566e-5 0.06666266 -0.03217744 5.78026e-5 0.06666439 -0.03217679 0.02834463 -0.02195072 -0.03646332 -1.75228e-5 0.06669843 -0.0322768 5.78324e-5 -0.03335464 -0.03549969 -2.18442e-5 0.06674987 -0.03246426 5.78771e-5 -0.03336632 -0.03647857 -9.74255e-6 -0.04476767 -0.03552043 -2.62176e-5 -0.02195161 -0.0379166 -1.79177e-5 -0.04478865 -0.03654164 -4.48616e-6 -0.03338378 -0.03795468 -2.45655e-5 -0.05270284 -0.03554433 -3.02875e-5 -0.02195185 -0.03840142 -1.74092e-5 -0.05272823 -0.03661406 -3.74483e-6 -0.04482012 -0.03808665 -2.81324e-5 -0.03338962 -0.03845137 -3.65665e-5 -0.06320273 -0.03673863 -6.68595e-6 -0.04048943 -0.03851073 -4.32832e-5 -0.03215914 -0.03878569 -4.32832e-5 -0.05276626 -0.03823441 -3.16547e-5 -0.04309535 -0.0384882 -4.32832e-5 -0.03328174 -0.0387144 -4.32832e-5 -0.03930783 -0.03852701 -4.32832e-5 -0.06323885 -0.03848582 -3.81144e-5 -0.04583919 -0.0384804 -4.32832e-5 -0.03551924 -0.04252099 -4.32832e-5 -0.03280836 -0.04202902 -4.32832e-5 -0.03464341 -0.03864967 -4.32832e-5 -0.03821462 -0.03854632 -4.32832e-5 -0.07230055 -0.03868949 -4.32832e-5 -0.05453598 -0.03852307 -4.32832e-5 -0.04867333 -0.03848516 -4.32832e-5 -0.03412324 -0.0422843 -4.32832e-5 -0.03542411 -0.03862029 -4.32832e-5 -0.03720563 -0.03856843 -4.32832e-5 -0.06650274 -0.03864449 -4.32832e-5 -0.0736581 -0.03688895 -1.4211e-5 -0.03343629 -0.04247534 -2.39955e-5 -0.03627681 -0.03859317 -4.32832e-5 -0.07508605 -0.03869962 -4.32832e-5 -0.07777047 -0.03869831 -4.32832e-5 -0.02803045 -0.04252099 4.56879e-5 -0.0803346 -0.03868311 -4.32832e-5 -0.1256836 -0.04252099 0.01434463 -0.1256836 -0.04252099 -4.32832e-5 -0.02439939 -0.04252099 9.87249e-5 -0.08275932 -0.0386517 -4.32832e-5 -0.02095836 -0.04252099 1.57642e-4 -0.02195429 -0.04227936 1.17264e-4 -0.08502542 -0.03860157 -4.32832e-5 0.0815019 -0.04252099 0.006309807 -0.02195399 -0.04179519 7.8761e-5 -0.08411657 -0.03705835 -2.65064e-5 -0.08611124 -0.03856807 -4.32832e-5 0.08241522 -0.04252099 0.006577432 -0.01909226 -0.04252099 1.78645e-4 -0.08731126 -0.03852194 -4.32832e-5 -0.02095824 -0.04064679 2.89129e-5 0.0818755 -0.04123276 0.004700362 -0.01381957 -0.04148787 9.37069e-5 0.0798521 -0.04252099 0.00585699 -0.0899198 -0.03837555 -4.32832e-5 0.0803343 -0.04120111 0.004209339 -0.01715391 -0.04252099 1.7951e-4 -0.09119731 -0.03826922 -4.32832e-5 -0.01381862 -0.03983724 4.76232e-5 -0.01605272 -0.04252099 1.75235e-4 0.0745759 -0.04252099 0.004744887 -0.09236967 -0.03813666 -4.32832e-5 4.69675e-4 -0.03977084 1.06216e-4 -0.01480758 -0.04252099 1.69341e-4 -0.09348577 -0.03795099 -4.32832e-5 4.69645e-4 -0.0389474 1.28194e-4 -0.01337659 -0.04252099 1.62967e-4 -0.09402227 -0.0378139 -4.32832e-5 0.01475733 -0.03899419 1.42728e-4 -0.01171773 -0.04252099 1.57257e-4 -0.09424787 -0.03773236 -4.32832e-5 0.01475727 -0.03817927 1.50952e-4 -0.01078975 -0.04252099 1.55003e-4 -0.09418737 -0.03713071 -4.32832e-5 -0.09446078 -0.03761833 -4.32832e-5 0.02189952 -0.03823524 1.29578e-4 -0.09453159 -0.03755438 -4.32832e-5 -0.009789049 -0.04252099 1.53341e-4 -0.09442788 -0.03725159 -4.32832e-5 -0.0945236 -0.03733098 -4.32832e-5 -0.09374487 -0.02070921 -4.32813e-5 -0.09425419 -0.02004539 -4.32813e-5 -0.09425419 -0.02004539 -0.00224328 0.06677561 -0.03259807 5.78994e-5 0.06678664 -0.03265511 5.79106e-5 0.07593637 -0.03014606 9.07528e-5 0.06678932 -0.03267341 5.79143e-5 0.07593667 -0.02892577 8.7644e-5 0.06679213 -0.03269308 5.79143e-5 0.07728773 -0.03261816 1.97544e-4 0.07728862 -0.03018158 1.6966e-4 0.06679493 -0.03271418 5.7918e-5 0.07728904 -0.02896136 1.58676e-4 0.06679773 -0.03273701 5.79199e-5 0.07863283 -0.03266721 3.58549e-4 0.0786336 -0.03023153 3.0288e-4 0.06680053 -0.03276175 5.79218e-5 0.07863408 -0.02901071 2.80921e-4 0.06680333 -0.03278863 5.79255e-5 0.07996839 -0.03029412 4.91899e-4 0.06680601 -0.03281801 5.79273e-5 0.07996875 -0.02907222 4.57535e-4 0.06680858 -0.03285014 5.79292e-5 0.08259886 -0.03045135 0.001033723 0.0668109 -0.03288555 5.79311e-5 0.0825991 -0.029226 9.748e-4 0.06681436 -0.03296822 5.79348e-5 0.08517587 -0.03064274 0.001759469 0.06681466 -0.03303188 5.79348e-5 0.08517599 -0.0294125 0.001677155 0.06681483 -0.03307193 5.79348e-5 0.08770072 -0.03085899 0.002625882 0.06680911 -0.03320616 5.79292e-5 0.08770078 -0.02962285 0.002521812 0.0667898 -0.0333873 5.79143e-5 0.09018075 -0.03109353 0.003598809 0.0667743 -0.03346544 5.78994e-5 0.09018087 -0.02985084 0.003473758 0.0667383 -0.03364706 5.78677e-5 0.09377062 -0.03146111 0.005165636 0.06667536 -0.03385615 5.78137e-5 0.09377074 -0.03020775 0.005009829 0.06666326 -0.03388649 5.78026e-5 0.09554415 -0.03165107 0.00599128 0.06659448 -0.03405892 5.77429e-5 0.09554433 -0.03039216 0.005820155 0.06647974 -0.03428161 5.76442e-5 0.09730756 -0.03184306 0.006835877 0.06647485 -0.03429114 5.76386e-5 0.09730774 -0.03057855 0.006649374 0.06633162 -0.03450965 5.75138e-5 0.09906351 -0.03203588 0.007693648 0.06622779 -0.03463679 5.74244e-5 0.09906369 -0.03076565 0.007491767 0.1008149 -0.03222811 0.008558928 0.1008151 -0.03095227 0.008341729 0.1025651 -0.03241866 0.009426653 0.1025653 -0.03113722 0.009194076 0.1043163 -0.03223824 0.0102145 0.1043163 -0.03055065 0.009915053 0.06290996 -0.04252099 0.002534806 0.0666415 -0.04211175 0.002722859 0.06264501 -0.04227733 0.002308368 0.01816368 -0.04252099 3.22907e-4 0.06263828 -0.04188716 0.00200808 0.01374018 -0.04252099 2.7066e-4 0.05862659 -0.0418958 0.001613795 0.009441852 -0.04252099 2.30541e-4 0.06261324 -0.04044961 0.001036107 0.05860006 -0.04041892 7.93301e-4 0.06260001 -0.03966879 6.26855e-4 0.058586 -0.03962606 4.56962e-4 0.06258624 -0.03882694 2.97497e-4 0.05857139 -0.03878068 1.91695e-4 0.06257188 -0.03792214 7.58814e-5 0.05855631 -0.03788137 1.93985e-5 0.05865341 -0.03705531 -4.32832e-5 0.06183028 -0.03330636 5.36116e-5 0.06183731 -0.03336411 5.36172e-5 0.04472422 -0.03501075 3.87812e-5 0.04770982 -0.03501075 4.13684e-5 0.06185311 -0.03346598 0.02834463 0.04512774 -0.03591233 1.58234e-6 0.05048733 -0.03594225 -8.46664e-6 0.04513388 -0.03632366 -1.71074e-5 0.05049496 -0.03640109 -3.57805e-5 0.05000931 -0.03663921 -4.32832e-5 0.05086982 -0.03657233 -4.32832e-5 0.05764675 -0.03718769 -4.32832e-5 0.05164843 -0.03653049 -4.32832e-5 0.04916632 -0.03674548 -4.32832e-5 0.05335223 -0.03647768 -4.32832e-5 0.05818462 -0.03712528 -4.32832e-5 0.05451506 -0.03645783 -4.29218e-5 0.05450642 -0.03596276 -1.18958e-5 0.05511409 -0.036466 -4.32832e-5 0.059138 -0.0369473 -4.32832e-5 0.05923163 -0.03691393 -4.32832e-5 0.05931109 -0.03687226 -4.32832e-5 0.05676364 -0.03649556 -4.32832e-5 0.05932754 -0.03685891 -4.32832e-5 0.05852437 -0.03598028 -1.00219e-5 0.05934107 -0.03684318 -4.32832e-5 0.05749297 -0.0365259 -4.32832e-5 0.0593459 -0.03683412 -4.32832e-5 0.05875289 -0.03663033 -4.32832e-5 0.05813032 -0.03656655 -4.32832e-5 0.05934876 -0.03682434 -4.32832e-5 0.05905038 -0.03668022 -4.32832e-5 0.05934923 -0.03681927 -4.32832e-5 0.05927985 -0.03674918 -4.32832e-5 0.059349 -0.03681421 -4.32832e-5 0.05931979 -0.03677284 -4.32832e-5 0.05934649 -0.03680443 -4.32832e-5 0.05933552 -0.03678715 -4.32832e-5 0.05934178 -0.03679531 -4.32832e-5 0.06278741 -0.03501075 5.44405e-5 0.06263768 -0.03501075 5.4312e-5 0.06275236 -0.03498315 5.44125e-5 0.05965209 -0.03501075 5.17247e-5 0.06270819 -0.03494697 0.02834463 0.06270903 -0.03494602 5.43753e-5 0.06262582 -0.03487473 5.43026e-5 0.05666655 -0.03501075 4.91357e-5 0.05368095 -0.03501075 4.65466e-5 0.05069535 -0.03501075 4.39594e-5 0.06185901 -0.03349804 5.36377e-5 0.06189626 -0.03366357 5.36693e-5 0.06185382 -0.03346586 5.36339e-5 -0.004954516 -0.04252099 1.55474e-4 4.6969e-4 -0.04144352 1.08321e-4 -0.003484845 -0.04252099 1.60155e-4 0.01475733 -0.03982043 1.35246e-4 -0.008710443 -0.04252099 1.52417e-4 -0.001937448 -0.04252099 1.65085e-4 -3.0833e-4 -0.04252099 1.70273e-4 0.001462697 -0.04252099 1.78481e-4 0.01475739 -0.0414924 1.81443e-4 0.02189886 -0.03988116 1.48271e-4 0.02189826 -0.04154282 2.46198e-4 0.02189922 -0.03905493 1.35488e-4 0.08856475 -0.03586632 0.01434463 0.08856374 -0.03584194 0.01434463 0.08847784 -0.03523385 0.01434463 0.08855211 -0.0355665 0.01434463 0.08851951 -0.03636008 0.0303446 0.08856481 -0.03584188 0.0303446 0.08856445 -0.03589159 0.01434463 0.08851951 -0.03636008 0.01434463 0.08838486 -0.03686255 0.0303446 0.09684342 -0.04252099 0.0303446 0.08838486 -0.03686255 0.01434463 0.08816504 -0.03733402 0.0303446 0.08847784 -0.03678673 0.01434463 0.08786666 -0.03776007 0.0303446 0.08816504 -0.03733402 0.01434463 0.08749884 -0.03812795 0.0303446 0.08817809 -0.03751027 0.01434463 0.08707273 -0.03842628 0.0303446 0.08786666 -0.03776007 0.01434463 0.08749884 -0.03812795 0.01434463 0.08660125 -0.03864616 0.0303446 0.08707273 -0.03842628 0.01434463 0.08609879 -0.03878074 0.0303446 0.08770138 -0.03813159 0.01434463 0.08558058 -0.0388261 0.0303446 0.08660125 -0.03864616 0.01434463 0.08609879 -0.03878074 0.01434463 0.08506238 -0.03878074 0.0303446 0.08708006 -0.03860837 0.01434463 0.08558058 -0.0388261 0.01434463 0.08635652 -0.03890806 0.01434463 0.08506238 -0.03878074 0.01434463 0.08455991 -0.03864616 0.0303446 0.08455991 -0.03864616 0.01434463 0.0840885 -0.03842628 0.0303446 0.08480358 -0.03890806 0.01434463 0.0840885 -0.03842628 0.01434463 0.08366239 -0.03812795 0.0303446 0.08408004 -0.03860837 0.01434463 0.00531435 -0.04252099 0.0303446 0.08366239 -0.03812795 0.01434463 0.08329457 -0.03776007 0.0303446 0.08299618 -0.03733402 0.0303446 0.08329457 -0.03776007 0.01434463 0.08277636 -0.03686255 0.0303446 0.08299618 -0.03733402 0.01434463 0.08277636 -0.03686255 0.01434463 0.082982 -0.03751027 0.01434463 0.08264172 -0.03636008 0.01434463 0.08259665 -0.03588408 0.01434463 0.08258002 -0.03601026 0.01434463 0.08259838 -0.03584194 0.01434463 0.08264172 -0.03532367 0.0303446 0.08261001 -0.03555685 0.01434463 0.08277636 -0.03482121 0.0303446 0.08299618 -0.03434973 0.0303446 0.08329457 -0.03392362 0.0303446 0.0687468 -0.03225046 0.0303446 0.09684342 -0.023521 0.0303446 0.08455991 -0.0330376 0.0303446 0.06854379 -0.03149276 0.0303446 0.0840885 -0.03325748 0.0303446 0.08366239 -0.0335558 0.0303446 -0.0421856 -0.05042099 0.0303446 0.003314375 -0.053321 0.0303446 -0.007185578 -0.05042099 0.0303446 0.003661632 -0.0532906 0.0303446 0.003998398 -0.05320036 0.0303446 0.004314363 -0.05305302 0.0303446 0.004599928 -0.0528531 0.0303446 0.004846453 -0.05260658 0.0303446 0.005046427 -0.05232101 0.0303446 0.005193769 -0.05200505 0.0303446 0.005283951 -0.05166828 0.0303446 0.00531435 -0.05132097 0.0303446 -0.007185578 -0.045421 0.0303446 -0.08018559 -0.03301614 0.0303446 -0.08025395 -0.03223472 0.0303446 -0.08045697 -0.03147709 0.0303446 -0.08078849 -0.03076618 0.0303446 0.08408004 -0.03601026 0.005400657 0.08413118 -0.03562206 0.01084458 0.08408004 -0.03601026 0.01084458 0.08268225 -0.03523385 0.01084458 0.082982 -0.03451031 0.01084458 0.08258002 -0.03601026 0.01084458 0.08483004 -0.03471124 -4.32832e-5 0.08519184 -0.03456139 -4.32832e-5 0.08519184 -0.03456139 0.005400657 0.08558005 -0.03451031 0.005400657 0.08480358 -0.03311252 -4.32832e-5 0.08483004 -0.03471124 0.005400657 0.08558005 -0.03451031 0.01084458 0.08408004 -0.03341221 -4.32832e-5 0.08519184 -0.03456139 0.01084458 0.08434075 -0.03327757 0.001716732 0.08484494 -0.03310132 0.001860439 0.08480358 -0.03311252 0.01084458 0.08268225 -0.03678673 0.01084458 0.08268225 -0.03523385 0.01434463 0.08268225 -0.03678673 0.01434463 0.082982 -0.03751027 0.01084458 0.082982 -0.03451031 0.01434463 0.08345872 -0.03813159 0.01084458 0.08345872 -0.03388899 0.01434463 0.08345872 -0.03813159 0.01434463 0.08408004 -0.03860837 0.01084458 0.08408004 -0.03341221 0.01434463 0.08480358 -0.03890806 0.01084458 0.08480358 -0.03311252 0.01434463 0.08558005 -0.03901028 0.01084458 0.08558005 -0.0330103 0.01434463 0.08558005 -0.03901028 0.01434463 0.08558005 -0.0330103 0.01084458 0.08635652 -0.03890806 0.01084458 0.08635652 -0.03311252 0.01434463 0.08596831 -0.03745919 0.01084458 0.08635652 -0.03311252 0.01084458 0.08708006 -0.03860837 0.01084458 0.08708006 -0.03341221 0.01434463 0.08633005 -0.03730934 0.01084458 0.08708006 -0.03341221 0.01084458 0.08770138 -0.03813159 0.01084458 0.08770138 -0.03388899 0.01434463 0.08770138 -0.03388899 0.01084458 0.08817809 -0.03751027 0.01084458 0.08817809 -0.03451031 0.01434463 0.08817809 -0.03451031 0.01084458 0.08847784 -0.03678673 0.01084458 0.08847784 -0.03523385 0.01084458 0.08858007 -0.03601026 0.01084458 0.08858007 -0.03601026 0.01434463 -0.08123838 -0.03012365 0.0303446 0.06142258 -0.03647905 0.0303446 -0.08277046 -0.0314092 0.02834463 -0.08307862 -0.03110104 0.02834463 0.08476066 -0.03889703 0.003312647 0.08408004 -0.03860837 -4.32832e-5 0.08451938 -0.03707093 -4.32832e-5 0.08502858 -0.03917008 0.003601431 0.08428102 -0.03676027 0.005400657 0.08499163 -0.03995776 0.004259407 0.08190512 -0.0405628 0.003898799 0.08704036 -0.03927958 0.004430174 0.08413118 -0.03639853 0.01084458 0.08495461 -0.04067492 0.00500214 0.08700007 -0.04005599 0.005084276 0.09001165 -0.03946256 0.005774617 0.08491754 -0.04133981 0.005794942 0.09005254 -0.03871184 0.005275666 0.08996897 -0.04022043 0.006417393 0.08339053 -0.04252099 0.006875038 0.08695971 -0.04076546 0.005818903 0.08551353 -0.04252099 0.007561206 0.08992624 -0.04091656 0.007134318 0.0869193 -0.04142534 0.006601035 0.0898835 -0.04156708 0.007894992 0.08982157 -0.04252099 0.009104251 0.0638253 -0.03058034 5.5342e-5 0.06364613 -0.03062307 5.51874e-5 0.02830362 -0.03501075 2.4545e-5 0.06388127 -0.03057128 5.53923e-5 0.02979642 -0.03501075 2.58396e-5 0.06388103 -0.03056985 0.02834463 0.06431519 -0.03053188 0.02834463 0.06431519 -0.02853184 0.0303446 0.06509661 -0.02860021 0.0303446 0.06181567 -0.03308272 5.36004e-5 0.06181675 -0.03312045 5.36004e-5 0.03726035 -0.03501075 3.23085e-5 0.03875309 -0.03501075 3.36049e-5 0.06181514 -0.03303188 0.02834463 0.03976684 -0.03588348 1.45892e-5 0.03440713 -0.03618246 2.83187e-5 0.02190059 -0.03605091 6.82781e-5 0.03977102 -0.03624975 5.73976e-6 0.02190029 -0.03661632 9.57931e-5 0.03441059 -0.03670424 3.1746e-5 0.01475715 -0.03658384 1.18752e-4 0.01475715 -0.03599065 7.86623e-5 0.03977674 -0.03675353 6.60326e-7 0.02189987 -0.03742295 1.19113e-4 0.01475721 -0.03737676 1.46286e-4 0.03441596 -0.03754729 4.77722e-5 4.69615e-4 -0.0373435 1.46172e-4 4.69615e-4 -0.03656065 1.1796e-4 4.6966e-4 -0.03589946 6.66222e-5 0.03978615 -0.03761678 1.63382e-5 4.69615e-4 -0.03813791 1.4614e-4 0.03442102 -0.03838479 7.99196e-5 -0.0138176 -0.03820526 4.70458e-5 -0.01381707 -0.03740024 4.42034e-5 -0.01381647 -0.03660106 3.18652e-5 0.03979521 -0.038468 6.48285e-5 0.03442591 -0.03921514 1.3112e-4 -0.02095824 -0.03876847 -1.22534e-5 0.0398038 -0.03930348 1.45868e-4 0.0344305 -0.04003787 2.05581e-4 0.03981202 -0.04012316 2.59261e-4 0.03443896 -0.04166346 4.51184e-4 0.03982722 -0.04172575 5.94507e-4 0.0316224 -0.04252099 5.73172e-4 0.03598362 -0.04252099 6.94689e-4 0.0401979 -0.04252099 8.38927e-4 0.0579195 -0.04252099 0.001947283 0.05613118 -0.04252099 0.001776397 0.04434955 -0.04252099 0.001012325 0.06585425 -0.02880322 0.0303446 0.06656515 -0.02913475 0.0303446 0.06720769 -0.02958464 0.0303446 0.06776237 -0.03013932 0.0303446 0.06821227 -0.03078186 0.0303446 0.07457995 -0.02639329 6.46664e-5 0.07593703 -0.02770501 8.50903e-5 0.07593733 -0.02648377 8.31029e-5 0.07728946 -0.02774 1.49664e-4 -0.0549978 -0.023521 0.01434463 0.09581702 -0.023521 0.005516886 0.1000481 -0.023521 0.007443428 -0.0549978 -0.023521 -4.32832e-5 0.09161323 -0.023521 0.003730952 0.09730809 -0.02501475 0.006215155 -0.05215805 -0.03516954 -4.32832e-5 0.09377104 -0.02470642 0.004647135 0.09554469 -0.02485978 0.005421698 0.09906411 -0.02517032 0.007021844 -0.05148506 -0.0351426 -4.32832e-5 0.09730803 -0.0267359 0.006288051 0.09906405 -0.02690196 0.007100701 -0.05089575 -0.03511393 -4.32832e-5 0.09554463 -0.02657049 0.005488574 0.1008155 -0.0270676 0.00792092 -0.04992491 -0.03501075 -4.32832e-5 0.09906399 -0.02819651 0.007195949 0.09730798 -0.02802294 0.006376028 0.1008154 -0.02836966 0.008023381 -0.04630404 -0.03501075 -4.01428e-5 -0.05030232 -0.03507429 -4.32832e-5 0.1025656 -0.02854126 0.008853256 -0.04268324 -0.03501075 -3.70042e-5 -0.0499286 -0.03501689 -4.32832e-5 -0.04994785 -0.03502613 -4.32832e-5 0.1008152 -0.02966535 0.008163213 0.09906387 -0.02948516 0.007325887 0.1025655 -0.02984392 0.009002923 -0.03906238 -0.03501075 -3.38638e-5 0.1043163 -0.02886372 0.009695589 -0.03725194 -0.03501075 -3.22955e-5 -0.03544157 -0.03501075 -3.07252e-5 -0.03363114 -0.03501075 -2.9155e-5 -0.03182071 -0.03501075 -2.75848e-5 -0.03001028 -0.03501075 -2.60165e-5 -0.02819991 -0.03501075 -2.44463e-5 -0.02638947 -0.03501075 -2.28761e-5 -0.02457904 -0.03501075 -2.13058e-5 -0.02276861 -0.03501075 -1.97375e-5 -0.01797264 -0.03501075 -1.55782e-5 -0.01647984 -0.03501075 -1.42837e-5 -0.01498705 -0.03501075 -1.2991e-5 -0.01349425 -0.03501075 -1.16965e-5 -0.01200151 -0.03501075 -1.04019e-5 -0.01050871 -0.03501075 -9.10739e-6 -0.009015917 -0.03501075 -7.81285e-6 -0.007523119 -0.03501075 -6.51831e-6 -0.02924251 -0.03914147 -4.32832e-5 -0.02195245 -0.03937178 -1.14562e-5 -0.02868252 -0.03928095 -4.32832e-5 -0.02820974 -0.03946024 -4.32832e-5 -0.02910131 -0.04098045 -4.32832e-5 -0.02803516 -0.04037946 -4.32832e-5 -0.02802062 -0.03957062 -4.32832e-5 -0.03050071 -0.03894209 -4.32832e-5 -0.02195274 -0.03985708 -4.11363e-6 -0.02836751 -0.04061836 -4.32832e-5 -0.02794241 -0.03963196 -4.32832e-5 -0.02993267 -0.04128646 -4.32832e-5 -0.02195334 -0.04082655 2.46084e-5 -0.02195304 -0.04034227 7.5577e-6 -0.02789688 -0.04023504 -4.32832e-5 -0.03124302 -0.0388621 -4.32832e-5 -0.02787333 -0.03970253 -4.32832e-5 -0.0307852 -0.04154402 -4.32832e-5 -0.0219537 -0.0413109 4.80665e-5 -0.02784121 -0.0401538 -4.32832e-5 -0.0278185 -0.03978377 -4.32832e-5 -0.02779978 -0.04006516 -4.32832e-5 -0.03155875 -0.04174631 -4.32832e-5 -0.02779889 -0.03982788 -4.32832e-5 -0.02777922 -0.03997039 -4.32832e-5 -0.02778542 -0.03987407 -4.32832e-5 -0.02777874 -0.03992223 -4.32832e-5 -0.06612145 -0.03550499 -4.32832e-5 -0.06317853 -0.03558558 -3.70079e-5 -0.06317555 -0.03544157 -4.32832e-5 -0.07221758 -0.03564816 -4.32832e-5 -0.06036776 -0.03538173 -4.32832e-5 -0.05775082 -0.03532391 -4.32832e-5 -0.05653029 -0.0352953 -4.32832e-5 -0.05591481 -0.03528028 -4.32832e-5 -0.05521595 -0.03526252 -4.32832e-5 -0.08381247 -0.03535878 -4.32832e-5 -0.08355963 -0.03524827 -4.32832e-5 -0.0837537 -0.03604125 -4.32832e-5 -0.08108317 -0.03592598 -4.32832e-5 -0.08383083 -0.03536444 -4.32832e-5 -0.08407598 -0.03544074 -4.32832e-5 -0.0842517 -0.03547722 -4.32832e-5 -0.08383053 -0.0353654 0.02834463 -0.08427858 -0.03548282 -4.32832e-5 -0.08425146 -0.03547817 0.02834463 -0.08448392 -0.03550803 -4.32832e-5 -0.0839042 -0.03744781 0.0303446 -0.08468562 -0.03551596 -4.32832e-5 -0.08469069 -0.03551614 -4.32832e-5 -0.08468562 -0.0355162 0.02834463 -0.01381814 -0.03901779 4.57103e-5 -0.08711141 -0.03362065 -4.32813e-5 -0.08705312 -0.03381919 -4.32832e-5 -0.09147852 -0.02164793 -4.32813e-5 -0.0862807 -0.03617453 -4.32832e-5 -0.08703482 -0.03387123 0.02834463 -0.08714652 -0.03345006 -4.32813e-5 -0.08866816 -0.03633403 -4.32832e-5 -0.08714759 -0.0334503 0.02834463 -0.08715307 -0.03341799 -4.32813e-5 -0.08977371 -0.03642511 -4.32832e-5 -0.08717787 -0.0332126 -4.32813e-5 -0.09080147 -0.03652441 -4.32832e-5 -0.0871852 -0.03301614 -4.32813e-5 -0.09173709 -0.03663265 -4.32832e-5 -0.08718556 -0.03300583 -4.32813e-5 -0.08718562 -0.03301614 0.02834463 -0.09230804 -0.02153873 -4.32813e-5 -0.08717614 -0.03279918 -4.32813e-5 -0.09256613 -0.03675031 -4.32832e-5 -0.08714967 -0.03259396 -4.32813e-5 -0.09327441 -0.03687798 -4.32832e-5 -0.08714717 -0.03258216 -4.32813e-5 -0.08714759 -0.03258204 0.02834463 -0.09389686 -0.03703075 -4.32832e-5 -0.08710634 -0.03239166 -4.32813e-5 -0.09308105 -0.02121853 -4.32813e-5 -0.08704638 -0.0321936 -4.32813e-5 -0.08703374 -0.03216153 -4.32813e-5 -0.08703482 -0.03216111 0.02834463 -0.08697032 -0.03200119 -4.32813e-5 -0.08687853 -0.03181576 -4.32813e-5 -0.08684921 -0.03176707 -4.32813e-5 -0.08685064 -0.03176617 0.02834463 -0.08677178 -0.03163856 -4.32813e-5 -0.08665072 -0.03147077 -4.32813e-5 -0.08659917 -0.03141051 -4.32813e-5 -0.08660072 -0.0314092 0.02834463 -0.0865162 -0.03131353 -4.32813e-5 -0.08636915 -0.03116804 -4.32813e-5 -0.08629256 -0.03110104 0.02834463 -0.08629137 -0.03110241 -4.32813e-5 -0.08622348 -0.03104513 -4.32813e-5 -0.08606886 -0.03093373 -4.32813e-5 -0.08593559 -0.03085112 0.02834463 -0.08593505 -0.03085201 -4.32813e-5 -0.0859062 -0.03083443 -4.32813e-5 -0.08573645 -0.03074777 -4.32813e-5 -0.08554065 -0.03066694 0.02834463 -0.08556061 -0.03067433 -4.32813e-5 -0.08554041 -0.0306676 -4.32813e-5 -0.08537971 -0.03061443 -4.32813e-5 -0.0851947 -0.03056854 -4.32813e-5 -0.08511942 -0.0305559 -4.32813e-5 -0.08500677 -0.03053689 -4.32813e-5 -0.08484035 -0.03052097 -4.32813e-5 -0.08468556 -0.03051656 -4.32813e-5 -0.08467322 -0.0305162 -4.32813e-5 -0.08468562 -0.03051614 0.02834463 -0.08450615 -0.03052264 -4.32813e-5 -0.08433985 -0.03054016 -4.32813e-5 -0.0842517 -0.03055554 -4.32813e-5 -0.08425146 -0.03055417 0.02834463 -0.0841751 -0.03056883 -4.32813e-5 -0.08401268 -0.03060841 -4.32813e-5 -0.08385324 -0.03065878 -4.32813e-5 -0.08383077 -0.0306676 -4.32813e-5 -0.08369749 -0.03071969 -4.32813e-5 -0.08354622 -0.03079092 -4.32813e-5 -0.08343607 -0.03085201 -4.32813e-5 -0.08340001 -0.03087204 -4.32813e-5 -0.08325958 -0.03096276 -4.32813e-5 -0.08343559 -0.03085112 0.02834463 -0.08312547 -0.03106266 -4.32813e-5 -0.08307945 -0.03110206 -4.32813e-5 -0.08299839 -0.03117132 -4.32813e-5 -0.08287888 -0.03128826 -4.32813e-5 -0.09456533 -0.03739452 -4.32832e-5 -0.09456032 -0.03751176 -4.32832e-5 -0.09456998 -0.0374881 -4.32832e-5 -0.09454917 -0.03736406 -4.32832e-5 -0.09457582 -0.03745931 -4.32832e-5 -0.0945751 -0.03742992 -4.32832e-5 -0.09468364 -0.01844286 -4.32813e-5 -0.09468364 0.01855707 -4.32813e-5 -0.09468364 -0.01844286 -0.00224328 -0.09468364 0.01855707 -0.00224328 -0.09457439 -0.01927238 -4.32813e-5 -0.09268361 0.01160007 -0.00224328 -0.09457439 0.01938664 -0.00224328 -0.09457439 -0.01927238 -0.00224328 -0.09261548 0.01211774 -0.00224328 -0.09162062 -0.01736563 -0.00224328 -0.09261548 0.01211774 -7.43284e-4 -0.09241569 0.01260006 -0.00224328 -0.09241569 0.01260006 -7.43284e-4 -0.09374487 -0.02070921 -0.00224328 -0.09253162 0.01249003 -3.55056e-4 -0.09209781 0.01301431 -7.43284e-4 -0.09268331 0.01205652 -3.55056e-4 -0.09228724 0.01287895 -3.55056e-4 -0.09266662 0.01255506 6.71579e-6 -0.09268361 0.01160007 -7.43284e-4 -0.09240442 0.01297235 6.71579e-6 -0.09196245 0.01320374 -3.55056e-4 -0.09205591 0.01332086 6.71579e-6 -0.09259074 0.013121 3.17375e-4 -0.09220451 0.01350724 3.17375e-4 -0.09163856 0.01358312 6.71579e-6 -0.09200775 0.01360011 2.73013e-4 -0.09283363 0.01331466 5.55755e-4 -0.09274178 0.01360011 6.14342e-4 0.07457995 -0.023521 6.46664e-5 0.08953028 -0.023521 0.002922832 0.09018111 -0.02440935 0.00318253 0.0759375 -0.02526223 8.16537e-5 0.09377098 -0.02640682 0.004708051 0.07728987 -0.02651786 1.42627e-4 0.07729017 -0.02529507 1.37492e-4 0.09554457 -0.02785009 0.005569279 0.0786345 -0.02778828 2.62904e-4 0.07863485 -0.02656459 2.48824e-4 0.09730786 -0.0293045 0.006496071 0.07618939 -0.023521 8.75173e-5 0.07775104 -0.023521 1.62997e-4 0.07929086 -0.023521 3.00131e-4 0.07593768 -0.02363324 8.04616e-5 0.07729047 -0.02366417 1.33266e-4 0.07863539 -0.02370631 2.30069e-4 0.07863515 -0.02534002 2.38541e-4 0.07996958 -0.02539551 3.9116e-4 0.07996934 -0.02662247 4.07278e-4 0.07996904 -0.02784818 4.29329e-4 0.08259928 -0.02799743 9.2636e-4 0.08558005 -0.0330103 -4.32832e-5 0.08558005 -0.03451031 -4.32832e-5 0.08536618 -0.03301781 0.002022981 0.08596831 -0.03456139 -4.32832e-5 0.08596831 -0.03456139 0.005400657 0.08633005 -0.03471124 0.005400657 0.08596831 -0.03456139 0.01084458 0.08633005 -0.03471124 0.01084458 0.08633005 -0.03471124 -4.32832e-5 0.08664071 -0.03494966 0.01084458 0.08635652 -0.03311252 -4.32832e-5 0.08589011 -0.03302657 0.002200782 0.08640134 -0.03312551 0.00238949 0.08688539 -0.03331029 0.002584099 0.08708006 -0.03341221 -4.32832e-5 0.08770048 -0.03331136 0.002887904 0.09018051 -0.0335552 0.00391364 0.09377026 -0.03393822 0.005557775 0.09258735 -0.03624027 0.005451977 0.0955438 -0.03413641 0.006422102 0.09652853 -0.03668808 0.007472515 0.09730714 -0.0343368 0.007305324 0.09906309 -0.03453803 0.008201718 0.100427 -0.0371437 0.009571075 0.1008145 -0.03473865 0.009105682 0.1025646 -0.03493744 0.01001203 0.1043163 -0.03395509 0.01060342 0.08240944 -0.023521 7.95445e-4 0.0840401 -0.023521 0.001171648 0.08259969 -0.02388775 8.37772e-4 0.08517628 -0.02569985 0.001517832 0.08083498 -0.023521 5.07941e-4 0.08259958 -0.02553337 8.60711e-4 0.08517634 -0.02404385 0.001485764 0.08517622 -0.02694016 0.001556634 0.08259946 -0.0267663 8.88455e-4 0.08770096 -0.02713584 0.002369225 0.07996982 -0.02375847 3.77866e-4 0.08517611 -0.02817797 0.001609563 0.0877009 -0.02838146 0.00243622 0.08757454 -0.023521 0.002226293 0.08770102 -0.02421939 0.00227946 0.08575314 -0.023521 0.001645624 0.09018105 -0.02608984 0.003231406 0.08770102 -0.02588719 0.00232011 0.09018105 -0.02734762 0.003290414 0.09377092 -0.02767896 0.004781544 0.09018093 -0.02860176 0.00337094 0.09377086 -0.02894651 0.004881799 0.09554445 -0.02912455 0.005679488 0.09684342 -0.023521 0.01434463 0.1043163 -0.023521 0.009421944 0.1043163 -0.023521 0.01434463 0.1043163 -0.02537751 0.009458601 0.09684342 -0.02485722 0.01434463 -0.1054687 -0.023521 0.0303446 0.1008155 -0.02532553 0.007836043 0.1025658 -0.02547931 0.008652627 0.1043163 -0.0271489 0.009546637 0.1025657 -0.02723175 0.008743524 0.1043163 -0.03572982 0.01109141 0.1043163 -0.03759098 0.01168787 0.1043163 -0.03856331 0.01206231 0.1026659 -0.03765839 0.01087492 0.1026467 -0.03835207 0.011128 0.02265608 -0.04252099 3.89355e-4 0.05964148 -0.04252099 0.002130389 0.05863606 -0.04243165 0.001961588 0.05460888 -0.04188454 0.001297056 0.05237442 -0.04252099 0.001474618 0.050583 -0.04185396 0.001044273 0.05458241 -0.04037308 6.0841e-4 0.04842782 -0.04252099 0.001222074 0.05055844 -0.04031258 4.70436e-4 0.05456835 -0.03957074 3.34448e-4 0.05054533 -0.03950333 2.49785e-4 0.05455374 -0.03872436 1.22731e-4 0.05053168 -0.0386582 8.27136e-5 0.05453854 -0.03783273 -1.03088e-5 0.06182503 -0.03325372 5.36079e-5 0.04323148 -0.03501075 3.74867e-5 0.06182122 -0.0332055 5.36041e-5 0.05981516 -0.03303188 0.0303446 0.05988353 -0.03381329 0.0303446 0.04173868 -0.03501075 3.61921e-5 0.04514098 -0.03680914 -2.80505e-5 0.04881364 -0.03682267 -4.32832e-5 0.04515361 -0.03769516 -8.83544e-6 0.04905939 -0.03716194 -4.32832e-5 0.04516577 -0.03856164 6.21742e-5 0.05051743 -0.03777652 -1.93687e-5 0.0451774 -0.03940242 1.81123e-4 0.04518848 -0.04021787 3.42595e-4 0.0452091 -0.04179275 7.86184e-4 0.04968035 -0.03725314 -4.32832e-5 0.05636256 -0.03729331 -4.32832e-5 0.05071502 -0.03733789 -4.32832e-5 0.05337136 -0.03739744 -4.32832e-5 0.05196321 -0.03738683 -4.32832e-5 0.048774 -0.03709107 -4.32832e-5 0.04864752 -0.03703814 -4.32832e-5 0.04862236 -0.03702199 -4.32832e-5 0.0485996 -0.03700202 -4.32832e-5 0.0485906 -0.03699034 -4.32832e-5 0.04858416 -0.03697717 -4.32832e-5 0.04858231 -0.03697013 -4.32832e-5 0.04858165 -0.03696286 -4.32832e-5 0.04858213 -0.03695559 -4.32832e-5 0.0485838 -0.03694856 -4.32832e-5 0.04859006 -0.03693526 -4.32832e-5 0.04859894 -0.03692352 -4.32832e-5 0.04862135 -0.03690367 -4.32832e-5 0.0486766 -0.03687208 -4.32832e-5 0.06250685 -0.03475815 5.42002e-5 0.06240004 -0.03463882 0.02834463 0.06240022 -0.0346387 5.41071e-5 0.06239587 -0.03463387 5.41033e-5 0.06229341 -0.03450244 5.40139e-5 0.06217706 -0.03432744 5.39133e-5 0.06215155 -0.03428107 5.3891e-5 0.06215012 -0.03428184 0.02834463 0.06207579 -0.03414326 5.38258e-5 0.06196594 -0.0338869 0.02834463 0.06201428 -0.03400963 5.37718e-5 0.06008654 -0.03457099 0.0303446 0.0619663 -0.03388679 5.37308e-5 0.06041806 -0.03528189 0.0303446 0.06086796 -0.03592443 0.0303446 0.06196075 -0.0338726 5.37271e-5 0.08851623 -0.03532415 0.01434463 0.08851951 -0.03532367 0.0303446 0.08850449 -0.03524476 0.01434463 -0.05468559 -0.04252099 0.0303446 -0.1054687 -0.04252099 0.0303446 -0.05468559 -0.04252099 0.02534461 -0.1054687 -0.04252099 0.01434463 -0.05468559 -0.05132097 0.02534461 0.00531435 -0.04252099 0.02534461 0.09684342 -0.04252099 0.01434463 0.08265912 -0.03523308 0.01434463 0.08264529 -0.03532421 0.01434463 0.08283042 -0.03468334 0.01434463 0.08277738 -0.03482162 0.01434463 0.08276164 -0.03486257 0.01434463 0.08291059 -0.03450894 0.01434463 0.08291178 -0.03450655 0.01434463 0.0829131 -0.03450399 0.01434463 0.08332985 -0.03388231 0.01434463 0.08329552 -0.0339244 0.01434463 0.08321124 -0.03402763 0.01434463 0.08300238 -0.03433907 0.01434463 0.08299648 -0.03434991 0.01434463 0.08310192 -0.03418004 0.01434463 0.0846706 -0.03299981 0.01434463 0.08456063 -0.03303956 0.01434463 0.08446258 -0.03307503 0.01434463 0.08488363 -0.0329402 0.01434463 0.08506238 -0.03290301 0.0303446 0.08490091 -0.03293609 0.01434463 0.08558058 -0.03285765 0.0303446 0.08414512 -0.03322559 0.01434463 0.08408993 -0.0332598 0.01434463 0.08387368 -0.03339403 0.01434463 0.08443301 -0.03308713 0.01434463 0.08445096 -0.03307974 0.01434463 0.08372175 -0.03350728 0.01434463 0.08366322 -0.03355681 0.01434463 0.08358502 -0.03362303 0.01434463 0.08386516 -0.03339999 0.01434463 -0.0421856 -0.045421 0.0303446 -0.05468559 -0.05132097 0.0303446 -0.05465519 -0.05166828 0.0303446 -0.05303287 -0.0532906 0.0303446 -0.05465519 -0.05166828 0.02534461 -0.05456495 -0.05200505 0.0303446 -0.05268561 -0.053321 0.0303446 -0.05441766 -0.05232101 0.0303446 -0.05336964 -0.05320036 0.0303446 -0.007185578 -0.05042099 0.02534461 0.003314375 -0.053321 0.02534461 -0.0421856 -0.05042099 0.02534461 -0.05268561 -0.053321 0.02534461 -0.05303287 -0.0532906 0.02534461 -0.05336964 -0.05320036 0.02534461 -0.0536856 -0.05305302 0.02534461 -0.05456495 -0.05200505 0.02534461 0.004314363 -0.05305302 0.02534461 0.004599928 -0.0528531 0.02534461 0.004846453 -0.05260658 0.02534461 0.003998398 -0.05320036 0.02534461 0.005046427 -0.05232101 0.02534461 0.003661632 -0.0532906 0.02534461 0.00531435 -0.05132097 0.02534461 0.005283951 -0.05166828 0.02534461 0.005193769 -0.05200505 0.02534461 -0.007185578 -0.045421 0.02534461 -0.0421856 -0.045421 0.02534461 -0.08025395 -0.03379756 0.0303446 -0.08045697 -0.03455525 0.0303446 -0.08218556 -0.03301614 0.02834463 -0.08222359 -0.0334503 0.02834463 -0.08078849 -0.03526616 0.0303446 -0.08222359 -0.03258204 0.02834463 -0.08123838 -0.03590869 0.0303446 -0.08179306 -0.03646337 0.0303446 -0.08277046 -0.03462314 0.02834463 -0.0824356 -0.03691327 0.0303446 -0.08252054 -0.03176617 0.02834463 -0.08252167 -0.03176689 -4.32813e-5 -0.08233636 -0.03216111 0.02834463 -0.08248627 -0.03182744 -4.32813e-5 -0.08257067 -0.03168308 -4.32813e-5 -0.08241176 -0.03197711 -4.32813e-5 -0.08234739 -0.03213143 -4.32813e-5 -0.0823372 -0.03216141 -4.32813e-5 -0.08229345 -0.03228968 -4.32813e-5 -0.08225023 -0.03245121 -4.32813e-5 0.08480358 -0.03890806 -4.32832e-5 0.08483004 -0.03730934 -4.32832e-5 0.08519184 -0.03745919 -4.32832e-5 0.08451938 -0.03707093 0.005400657 0.08515882 -0.03898102 0.003511846 0.08483004 -0.03730934 0.005400657 0.08558005 -0.03901028 -4.32832e-5 0.08519184 -0.03745919 0.005400657 0.08451938 -0.03707093 0.01084458 0.08428102 -0.03676027 0.01084458 0.08557683 -0.03901028 0.003683567 0.08483004 -0.03730934 0.01084458 0.08616906 -0.03895121 0.003861963 0.08519184 -0.03745919 0.01084458 0.08558005 -0.03751027 0.01084458 0.08558005 -0.03751027 0.005400657 0.08558005 -0.03751027 -4.32832e-5 0.08805543 -0.03431951 0.003154933 0.08831322 -0.03477984 0.003322064 0.08817809 -0.03451031 -4.32832e-5 0.08847784 -0.03523385 -4.32832e-5 0.08702892 -0.03562206 -4.32832e-5 0.08848792 -0.03528469 0.003467142 0.0877242 -0.03391468 0.002972245 0.08708006 -0.03601026 -4.32832e-5 0.08857083 -0.03581917 0.003582835 0.08858007 -0.03601026 -4.32832e-5 0.08733081 -0.03357589 0.002780318 0.08847784 -0.03678673 -4.32832e-5 0.08854681 -0.03643363 0.00367856 0.09017688 -0.03628593 0.004355907 0.08702892 -0.03639853 -4.32832e-5 0.09310573 -0.03659164 0.005771756 0.08702892 -0.03639853 0.005400657 0.08817809 -0.03751027 -4.32832e-5 0.08839809 -0.0370301 0.003774225 0.09015113 -0.0371139 0.004551112 0.08687907 -0.03676027 0.005400657 0.08687907 -0.03676027 -4.32832e-5 0.09695327 -0.03701663 0.007770061 0.08687907 -0.03676027 0.01084458 0.08770138 -0.03813159 -4.32832e-5 0.08813303 -0.03758031 0.00387603 0.08664071 -0.03707093 0.01084458 0.08664071 -0.03707093 0.005400657 0.08664071 -0.03707093 -4.32832e-5 0.09010171 -0.03792381 0.004864752 0.1007643 -0.03744637 0.009834945 0.08708006 -0.03860837 -4.32832e-5 0.08775973 -0.03806793 0.003956258 0.08633005 -0.03730934 0.005400657 0.08633005 -0.03730934 -4.32832e-5 0.08729237 -0.03847122 0.003991305 0.100743 -0.03816217 0.01008236 0.08635652 -0.03890806 -4.32832e-5 0.08675163 -0.03877061 0.003963708 0.08596831 -0.03745919 0.005400657 0.08596831 -0.03745919 -4.32832e-5 0.1007058 -0.03886252 0.01040673 0.1026142 -0.0390315 0.01144999 0.1006687 -0.03954726 0.01079881 0.1025816 -0.03969657 0.01183432 0.1006372 -0.04020678 0.01125389 0.1025538 -0.04033833 0.01227736 0.1006042 -0.04088437 0.01181876 0.1025246 -0.04099988 0.01282364 0.1005711 -0.04151958 0.01243466 0.1024954 -0.04162257 0.01341664 0.100538 -0.04212355 0.01308023 0.1024661 -0.04221677 0.01403689 0.1023968 -0.04252099 0.01434463 0.08770138 -0.03388899 -4.32832e-5 0.08687907 -0.03526031 -4.32832e-5 0.08702892 -0.03562206 0.005400657 0.08708006 -0.03601026 0.005400657 0.08708006 -0.03601026 0.01084458 0.08702892 -0.03639853 0.01084458 0.08664071 -0.03494966 -4.32832e-5 0.08687907 -0.03526031 0.005400657 0.08664071 -0.03494966 0.005400657 0.08687907 -0.03526031 0.01084458 0.08702892 -0.03562206 0.01084458 -0.08314651 -0.02878755 0.0303446 -0.0824356 -0.02911907 0.0303446 -0.08179306 -0.02956897 0.0303446 -0.0839042 -0.02858453 0.0303446 0.09826701 -0.04252099 0.01255369 0.09407401 -0.04252099 0.01078766 -0.1054687 -0.03899681 0.01434463 -0.1054687 -0.03890365 0.01434463 0.09281337 -0.04171848 0.009263217 -0.1054687 -0.038733 0.01434463 -0.1054687 -0.03849422 0.01434463 0.09285598 -0.04107904 0.008529186 -0.1054687 -0.03820317 0.01434463 -0.1054687 -0.03788119 0.01434463 0.09289854 -0.04039788 0.00783497 -0.1054687 -0.03755342 0.01434463 -0.1054687 -0.02796769 0.01434463 0.0929411 -0.03966027 0.007208645 -0.1216836 -0.023521 0.01434463 -0.1054687 -0.02767348 0.01434463 0.09298181 -0.03893303 0.006717145 -0.1054687 -0.02738273 0.01434463 -0.1054687 -0.02711862 0.01434463 0.09303075 -0.03817206 0.006306469 -0.1054687 -0.0269007 0.01434463 -0.1054687 -0.02674347 0.01434463 0.09307974 -0.03739094 0.005985081 -0.1054687 -0.02613359 0.01434463 -0.1216835 -0.022421 0.01434463 -0.1054687 -0.023521 0.01434463 0.06346011 -0.03068262 0.02834463 0.06346064 -0.03068417 5.50253e-5 0.06353378 -0.02860021 0.0303446 0.06277608 -0.02880322 0.0303446 0.06306517 -0.0308668 0.02834463 0.06206518 -0.02913475 0.0303446 0.06270819 -0.03111678 0.02834463 0.06342124 -0.03069716 5.49937e-5 0.03128921 -0.03501075 2.71322e-5 0.06008654 -0.03149276 0.0303446 0.06041806 -0.03078186 0.0303446 0.06196594 -0.03217679 0.02834463 0.06086796 -0.03013932 0.0303446 0.06185311 -0.03259778 0.02834463 0.06215012 -0.03178185 0.02834463 0.06142258 -0.02958464 0.0303446 0.06240004 -0.03142488 0.02834463 0.0618152 -0.03304779 5.35986e-5 0.03576755 -0.03501075 3.10159e-5 0.06181848 -0.03316128 5.36023e-5 0.04024589 -0.03501075 3.48995e-5 0.09162014 0.02367895 0.003735959 0.09582161 0.02367895 0.005521118 -0.04992491 0.02367895 -4.32832e-5 -0.0549978 0.02367895 0.01434463 0.09377104 0.0246858 0.004647195 0.08953809 0.02367895 0.002927958 -0.0549978 0.02367895 -4.32832e-5 0.09018111 0.02438873 0.00318259 0.07457995 0.02367895 6.46664e-5 -0.0524497 0.03515887 -4.32832e-5 0.07457995 0.02650666 6.46664e-5 0.08770185 0.02419888 0.002279818 -0.05315613 0.03518229 -4.32832e-5 -0.06527346 0.01855707 -4.32813e-5 0.07457995 0.02933436 6.46664e-5 0.08758252 0.02367895 0.00223118 -0.04476773 0.03550225 -2.61189e-5 -0.06538265 0.01938664 -4.32813e-5 -0.06527346 -0.01844286 -4.32813e-5 -0.06497859 -0.018471 0.01434463 0.07593733 0.02646321 8.31029e-5 0.08576089 0.02367895 0.001649916 -0.0527029 0.03552728 -3.01255e-5 -0.06527346 0.01855707 -0.00224328 -0.06570285 0.0201596 -4.32813e-5 -0.06538265 -0.01927238 -4.32813e-5 -0.06497859 0.01862895 0.01434463 0.07593661 0.02931201 8.862e-5 0.08517634 0.02402323 0.001485764 -0.04478865 0.0365206 -4.48616e-6 -0.06538265 0.01938664 -0.00224328 -0.06621217 0.02082341 -4.32813e-5 -0.06527346 -0.01844286 -0.00224328 -0.06538265 -0.01927238 -0.00224328 -0.06497859 0.002108931 0.01328206 -0.0650776 0.01950788 0.01434463 0.07728987 0.0264973 1.42633e-4 -0.05272823 0.03659301 -3.74483e-6 -0.06727343 0.01855707 -0.00224328 -0.06570285 0.0201596 -0.00224328 -0.06570285 -0.02004539 -0.00224328 -0.06497859 -0.00275439 0.01328963 -0.06497859 0.01708227 0.01325887 -0.06536972 0.02034282 0.01434463 -0.06502121 0.01920801 0.01325887 0.07728892 0.02934765 1.62122e-4 -0.04482012 0.03806561 -2.81324e-5 -0.0673145 0.01886898 -0.00224328 -0.06727343 -0.01844286 -0.00224328 -0.0673145 -0.01875478 -0.00224328 -0.0649411 -0.002744853 0.01300489 -0.06497859 -0.01693111 0.01331156 -0.06497859 0.001989483 0.01000803 -0.06584036 0.02109175 0.01434463 -0.06514835 0.01977449 0.01325887 0.07863485 0.02654403 2.48832e-4 -0.03338378 0.03793364 -2.45655e-5 -0.05276626 0.03821331 -3.16547e-5 -0.0673145 0.01886898 0.003256678 -0.06727343 0.01855707 0.008756697 -0.0649411 0.0020985 0.01299738 -0.06497859 -0.002645134 0.01001524 -0.06497859 -0.01693111 0.01005989 -0.06497859 0.01708227 0.009997963 -0.06646579 0.02171719 0.01434463 -0.06584036 0.02109175 0.008756697 -0.06535708 0.02031624 0.01325887 -0.06511247 0.01978534 0.0129742 0.0786339 0.02939724 2.87809e-4 -0.04213166 0.03847336 -4.32832e-5 -0.03336632 0.03645753 -9.74255e-6 -0.0484777 0.03846412 -4.32832e-5 -0.06319534 0.03671747 -6.68222e-6 -0.0674349 0.01915961 -0.00224328 -0.06727343 -0.01844286 0.008756697 -0.0673145 -0.01875478 0.003256678 -0.06483119 -0.002736032 0.01273959 -0.06483119 0.002088844 0.01273208 -0.06497859 0.01862895 0.008756697 -0.06721472 0.02218776 0.01434463 -0.06646579 0.02171719 0.008756697 -0.06536972 0.02034282 0.008756697 -0.06533062 0.02031624 0.01303642 -0.06535708 0.02031624 0.009997963 -0.04521 0.03846001 -4.32832e-5 -0.05183804 0.03848117 -4.32832e-5 -0.06323856 0.03846478 -3.81144e-5 -0.0673145 0.01886898 0.008756697 -0.06497859 -0.018471 0.008756697 -0.0674349 -0.01904541 0.003256678 -0.06465637 -0.002728402 0.01251178 -0.06465637 0.002080559 0.01250433 -0.06497859 0.01862895 0.009997963 -0.0680496 0.02247995 0.01434463 -0.06721472 0.02218776 0.008756697 -0.0674349 0.01915961 0.008756697 -0.06525921 0.02031624 0.01282626 -0.03669893 0.04267895 -4.32832e-5 -0.05509608 0.03850597 -4.32832e-5 -0.07074457 0.03865438 -4.32832e-5 -0.06330424 0.03858667 -4.32832e-5 -0.0650776 0.01950788 0.008756697 -0.0674349 -0.01904541 0.008756697 -0.06497859 -0.018471 0.01005989 -0.06442856 -0.002722561 0.01233696 -0.06442856 0.002074182 0.01232951 -0.06502121 0.01920801 0.009997963 -0.0680496 0.02247995 0.008756697 -0.06787598 0.01960068 0.008756697 -0.06514835 0.01977449 0.009997963 -0.06762641 0.01940917 0.008756697 -0.0566259 0.03851962 -4.32832e-5 -0.06832808 0.03863519 -4.32832e-5 -0.05805701 0.03853332 -4.32832e-5 -0.06762641 -0.01929497 0.003256678 -0.06259155 -0.01693111 0.01005989 -0.06502199 -0.01905506 0.01005989 -0.06259155 0.001989483 0.01000803 -0.06416326 -0.002718925 0.01222705 -0.06416326 0.002070128 0.0122196 -0.06892859 0.02257895 0.008756697 -0.06816661 0.01972109 0.008756697 -0.06762641 0.01940917 0.003256678 -0.06514102 0.02031624 0.01263368 -0.06762641 -0.01929497 0.008756697 -0.06387859 -0.01693111 0.01221162 -0.06259155 -0.02017211 0.01005989 -0.06387859 0.002068758 0.01218211 -0.06259155 -0.002645134 0.01001524 -0.06387859 -0.002717673 0.01218956 -0.06847852 0.01976215 0.008756697 -0.06787598 0.01960068 0.003256678 -0.06816661 0.01972109 0.003256678 -0.06499165 0.02031624 0.01247024 -0.06500726 0.01981723 0.0127089 -0.06787598 -0.01948648 0.003256678 -0.06259155 -0.01693111 0.01221162 -0.06259155 0.002068758 0.01218211 -0.08453327 0.01976215 0.008756697 -0.06787598 0.01960068 -0.00224328 -0.06484001 0.01986795 0.01248103 -0.06787598 -0.01948648 0.008756697 -0.06259155 -0.002717673 0.01218956 -0.06847852 0.01976215 -0.00224328 -0.06816661 0.01972109 -0.00224328 -0.0648086 0.02031624 0.01233702 -0.06487548 0.01922959 0.0127089 -0.06816661 -0.01960688 0.003256678 -0.08453327 0.01976215 -0.00224328 -0.06462198 0.01993399 0.01230627 -0.06470251 0.01925522 0.01248103 -0.06816661 -0.01960688 0.008756697 -0.08505094 0.01969403 -0.00224328 -0.06460911 0.02031624 0.01223927 -0.06483119 0.01862895 0.0127089 -0.06847852 -0.01964795 0.008756697 -0.06436806 0.02001094 0.01219636 -0.06465637 0.01862895 0.01248103 -0.06439149 0.02031624 0.01218032 -0.06483119 0.01822894 0.01270711 -0.06400823 0.01976603 0.01215887 -0.06465578 0.01822894 0.01248043 -0.06416881 0.02031624 0.01215887 -0.08242475 -0.0340833 -4.32832e-5 -0.08235853 -0.03392976 -4.32832e-5 -0.0782352 -0.03582304 -4.32832e-5 -0.08252304 -0.0342648 -4.32832e-5 -0.08233761 -0.03387081 -4.32832e-5 -0.08255618 -0.03432595 -4.32832e-5 -0.07526248 -0.03573095 -4.32832e-5 -0.08271348 -0.03455263 -4.32832e-5 -0.08277302 -0.03462094 -4.32832e-5 -0.06847852 -0.02164793 -4.32813e-5 -0.08289486 -0.03476065 -4.32832e-5 -0.08307945 -0.03493034 -4.32832e-5 -0.067649 -0.02153873 -4.32813e-5 -0.08309799 -0.03494739 -4.32832e-5 -0.08307862 -0.0349313 0.02834463 -0.06847852 -0.02164793 -0.00224328 -0.08332049 -0.03511059 -4.32832e-5 -0.06687599 -0.02121853 -4.32813e-5 -0.067649 -0.02153873 -0.00224328 -0.0834375 -0.03517794 -4.32832e-5 -0.06816661 -0.01960688 -0.00224328 -0.08343559 -0.03518122 0.02834463 -0.06621217 -0.02070921 -4.32813e-5 -0.06687599 -0.02121853 -0.00224328 -0.06787598 -0.01948648 -0.00224328 -0.06847852 -0.01964795 -0.00224328 -0.06570285 -0.02004539 -4.32813e-5 -0.06621217 -0.02070921 -0.00224328 -0.06762641 -0.01929497 -0.00224328 -0.0674349 -0.01904541 -0.00224328 -0.08453327 -0.01964795 -0.00224328 -0.08453327 -0.01964795 0.008756697 -0.08505094 -0.01957982 0.008756697 -0.08314651 -0.03724479 0.0303446 -0.08489739 -0.0355072 -4.32832e-5 -0.08510261 -0.03548115 -4.32832e-5 -0.08511972 -0.03547817 0.02834463 -0.0851196 -0.03547757 -4.32832e-5 -0.08530503 -0.03543823 -4.32832e-5 -0.08550316 -0.03537869 -4.32832e-5 -0.08554017 -0.03536415 -4.32832e-5 -0.08554065 -0.0353654 0.02834463 -0.08569574 -0.03530299 -4.32832e-5 -0.08588141 -0.03521162 -4.32832e-5 -0.08593469 -0.03517967 -4.32832e-5 -0.08593559 -0.03518122 0.02834463 -0.08605885 -0.03510522 -4.32832e-5 -0.08622688 -0.03498452 -4.32832e-5 -0.08629119 -0.03492969 -4.32832e-5 -0.08629256 -0.0349313 0.02834463 -0.08638435 -0.03485035 -4.32832e-5 -0.0865302 -0.03470361 -4.32832e-5 -0.08659905 -0.03462177 -4.32832e-5 -0.08666342 -0.0345453 -4.32832e-5 -0.08660072 -0.03462314 0.02834463 -0.08678311 -0.0343765 -4.32832e-5 -0.08684891 -0.03426516 -4.32832e-5 -0.08688837 -0.0341984 -4.32832e-5 -0.08685064 -0.03426617 0.02834463 -0.08697861 -0.03401219 -4.32832e-5 -0.08703327 -0.03387063 -4.32832e-5 -0.08468562 -0.03751617 0.0303446 -0.08546704 -0.03744781 0.0303446 -0.08622467 -0.03724479 0.0303446 -0.08693557 -0.03691327 0.0303446 -0.08757811 -0.03646337 0.0303446 -0.08813279 -0.03590869 0.0303446 -0.08858269 -0.03526616 0.0303446 -0.08891421 -0.03455525 0.0303446 -0.08911722 -0.03379756 0.0303446 -0.08918559 -0.03301614 0.0303446 -0.08858269 -0.03076618 0.0303446 -0.08891421 -0.03147709 0.0303446 -0.08911722 -0.03223472 0.0303446 -0.08813279 -0.03012365 0.0303446 -0.08757811 -0.02956897 0.0303446 -0.08693557 -0.02911907 0.0303446 -0.08622467 -0.02878755 0.0303446 -0.08546704 -0.02858453 0.0303446 -0.08468562 -0.02851617 0.0303446 -0.08277058 -0.03140932 -4.32813e-5 -0.08276742 -0.03141289 -4.32813e-5 -0.08266448 -0.03154468 -4.32813e-5 -0.09147852 -0.02164793 -0.00224328 -0.09230804 -0.02153873 -0.00224328 -0.08505094 -0.01957982 -0.00224328 -0.09118068 -0.01812767 -0.00224328 -0.08553332 -0.01938003 -0.00224328 -0.09145081 -0.01777559 -0.00224328 -0.09308105 -0.02121853 -0.00224328 -0.08594751 -0.01906216 -0.00224328 -0.09145081 -0.01777559 0.003256678 -0.08222442 -0.03258222 -4.32813e-5 -0.08221793 -0.0326153 -4.32813e-5 -0.08219665 -0.03278112 -4.32813e-5 -0.08218652 -0.03294801 -4.32813e-5 -0.08218693 -0.03301614 -4.32813e-5 -0.08218753 -0.0331152 -4.32813e-5 -0.08219975 -0.03328198 -4.32813e-5 -0.08222311 -0.03344756 -4.32813e-5 -0.08222365 -0.0334503 -4.32813e-5 -0.08225744 -0.03361117 -4.32832e-5 -0.08230262 -0.03377217 -4.32832e-5 -0.08233636 -0.03387123 0.02834463 -0.08252054 -0.03426617 0.02834463 -0.09162062 -0.01736563 0.003256678 -0.09167855 -0.01692563 0.003256678 -0.09167855 -0.01692563 0.008756697 -0.09162062 -0.01736563 0.008756697 -0.09162062 -0.01648563 0.008756697 -0.08511972 -0.03055417 0.02834463 -0.08383053 -0.03066694 0.02834463 -0.08714681 0.03360813 -4.32813e-5 -0.08716458 0.03349751 -4.32813e-5 -0.08728951 0.03621613 -4.32832e-5 -0.09147852 0.02176219 -4.32813e-5 -0.08714091 0.03364461 -4.32813e-5 -0.08948516 0.03637886 -4.32832e-5 -0.08710855 0.03379005 -4.32832e-5 -0.08714759 0.03360825 0.02834463 -0.09166288 0.03660202 -4.32832e-5 -0.08706754 0.03393334 -4.32832e-5 -0.07365846 0.03686791 -1.4211e-5 -0.08703392 0.03402882 -4.32832e-5 -0.08703482 0.03402918 0.02834463 -0.09263467 0.03674024 -4.32832e-5 -0.08701807 0.03407388 -4.32832e-5 -0.09351277 0.03690904 -4.32832e-5 -0.08696031 0.03421127 -4.32832e-5 -0.09394091 0.03702306 -4.32832e-5 -0.09230804 0.02165293 -4.32813e-5 -0.08689445 0.03434497 -4.32832e-5 -0.09430336 0.03716081 -4.32832e-5 -0.08684974 0.03442358 -4.32832e-5 -0.08685064 0.03442412 0.02834463 -0.09308105 0.0213328 -4.32813e-5 -0.09446525 0.03725707 -4.32832e-5 -0.08682078 0.03447449 -4.32832e-5 -0.09453511 0.03732353 -4.32832e-5 -0.08673954 0.03459942 -4.32832e-5 -0.09374487 0.02082341 -4.32813e-5 -0.0945608 0.03736346 -4.32832e-5 -0.08665096 0.03471922 -4.32832e-5 -0.09308105 0.0213328 -0.00224328 -0.09425419 0.0201596 -4.32813e-5 -0.08659988 0.03478038 -4.32832e-5 -0.08660072 0.03478109 0.02834463 -0.09374487 0.02082341 -0.00224328 -0.1256836 0.04267895 -4.32832e-5 -0.08655542 0.03483361 -4.32832e-5 -0.09145081 0.01788985 -0.00224328 -0.09457439 0.01938664 -4.32813e-5 -0.09425419 0.0201596 -0.00224328 -0.08645319 0.03494203 -4.32832e-5 -0.09230804 0.02165293 -0.00224328 -0.09162062 0.01747989 -0.00224328 -0.08634471 0.03504425 -4.32832e-5 -0.09145081 0.01788985 0.003256678 -0.08629184 0.03508836 -4.32832e-5 -0.08629256 0.03508925 0.02834463 -0.09118068 0.01824194 0.003256678 -0.08623033 0.03513973 -4.32832e-5 -0.09118068 0.01824194 0.008756697 -0.08611047 0.03522831 -4.32832e-5 -0.09082859 0.01851212 0.008756697 -0.0859856 0.03530955 -4.32832e-5 -0.08593505 0.03533828 -4.32832e-5 -0.08593559 0.03533917 0.02834463 -0.08585602 0.03538322 -4.32832e-5 -0.08572232 0.03544902 -4.32832e-5 -0.08558493 0.03550672 -4.32832e-5 -0.08554035 0.03552246 -4.32832e-5 -0.08554065 0.03552335 0.02834463 -0.08544439 0.03555619 -4.32832e-5 -0.08511972 0.03563612 0.02834463 -0.09268361 -0.01164662 -0.00224328 -0.09268361 -0.01164662 -7.43284e-4 -0.09261548 -0.01216423 -0.00224328 -0.09273475 -0.003897666 -3.55056e-4 -0.09261548 -0.01216423 -7.43284e-4 -0.09273475 0.003851175 -3.55056e-4 -0.09241569 -0.01264661 -0.00224328 -0.0928846 -0.003897666 6.71579e-6 -0.09273475 0.01160007 -3.55056e-4 -0.0928846 0.003851175 6.71579e-6 -0.09312295 -0.003897666 3.17375e-4 -0.0928846 0.01160007 6.71579e-6 -0.0928294 0.01208984 6.71579e-6 -0.09312295 0.003851175 3.17375e-4 -0.09343361 -0.003897666 5.55755e-4 -0.0930618 0.01214289 3.17375e-4 -0.09288138 0.01265847 3.17375e-4 -0.09343361 0.003851175 5.55755e-4 -0.09379541 -0.003897666 7.05604e-4 -0.09316128 0.01279324 5.55755e-4 -0.09379541 0.003851175 7.05604e-4 -0.09068363 -0.0136466 -0.00224328 -0.0890333 -0.0136466 -0.00224328 -0.08997857 -0.01522564 -0.00224328 -0.08953857 -0.01528352 -0.00224328 -0.09068363 -0.0136466 -7.43284e-4 -0.09041857 -0.01528352 -0.00224328 -0.08912855 -0.01545339 -0.00224328 -0.09120124 -0.01357847 -7.43284e-4 -0.09082859 -0.01545339 -0.00224328 -0.09120124 -0.01357847 -0.00224328 -0.09168362 -0.01337867 -7.43284e-4 -0.09118068 -0.01572352 -0.00224328 -0.09168362 -0.01337867 -0.00224328 -0.09082859 -0.01545339 0.003256678 -0.09209781 -0.0130608 -7.43284e-4 -0.09145081 -0.01607561 -0.00224328 -0.09118068 -0.01572352 0.003256678 -0.09041857 -0.01528352 0.003256678 -0.09209781 -0.0130608 -0.00224328 -0.09162062 -0.01648563 -0.00224328 -0.09145081 -0.01607561 0.003256678 -0.09118068 -0.01572352 0.008756697 -0.09167855 -0.01692563 -0.00224328 -0.09162062 -0.01648563 0.003256678 -0.09145081 -0.01607561 0.008756697 -0.09867858 -0.0136466 0.008756697 -0.09167855 0.01703989 -0.00224328 -0.09162062 0.01747989 0.003256678 -0.09167855 0.01703989 0.003256678 -0.09145081 0.01788985 0.008756697 -0.09162062 0.01659989 -0.00224328 -0.09162062 0.01747989 0.008756697 -0.09209781 0.01301431 -0.00224328 -0.09167855 0.01703989 0.008756697 -0.09162062 0.01659989 0.003256678 -0.09867858 0.02257895 0.008756697 -0.09145081 0.01618987 -0.00224328 -0.09168362 0.01333212 -0.00224328 -0.09145081 0.01618987 0.003256678 -0.09168362 0.01333212 -7.43284e-4 -0.09118068 0.01583778 -0.00224328 -0.09162062 0.01659989 0.008756697 -0.09120124 0.01353192 -7.43284e-4 -0.09120124 0.01353192 -0.00224328 -0.09157359 0.01344805 -3.55056e-4 -0.09082859 0.0155676 -0.00224328 -0.09068363 0.01360011 -7.43284e-4 -0.09068363 0.01360011 -0.00224328 -0.0890333 0.01360011 -0.00224328 -0.0890333 0.01360011 0.008756697 -0.08997857 0.01533985 -0.00224328 -0.09131759 0.01360011 -2.13881e-4 -0.08953857 0.01539778 -0.00224328 -0.09041857 0.01539778 -0.00224328 -0.08997857 0.01533985 0.003256678 -0.09041857 0.01539778 0.003256678 -0.09082859 0.0155676 0.003256678 -0.1216836 0.02367895 0.01434463 -0.1216836 0.02367895 7.56253e-4 -0.1216835 0.02257895 7.56253e-4 -0.1216836 0.01360011 7.56715e-4 -0.1216835 0.02257895 0.01434463 -0.09867858 0.01360011 7.56715e-4 -0.09867858 0.02257895 7.56253e-4 -0.06892859 0.02257895 0.01434463 -0.09867858 0.01360011 0.008756697 -0.09355592 0.01360011 7.56715e-4 -0.08505094 0.01969403 0.008756697 -0.09082859 0.0155676 0.008756697 -0.09315162 0.01360011 7.18088e-4 -0.09145081 0.01618987 0.008756697 -0.08553332 0.01949423 -0.00224328 -0.09118068 0.01583778 0.008756697 -0.09311652 0.01354026 7.05604e-4 -0.09118068 0.01583778 0.003256678 -0.09348726 0.01295024 7.05604e-4 -0.09336465 0.01221203 5.55755e-4 -0.09312295 0.01160007 3.17375e-4 0.09684342 -0.02818417 0.01434463 0.09684342 -0.02860963 0.01434463 0.1043163 -0.04172474 0.01434463 0.09684342 -0.02780938 0.01434463 0.1043163 -0.04120016 0.0138393 0.09684342 -0.02751195 0.01434463 0.09684342 -0.02730578 0.01434463 0.09684342 -0.02489304 0.01434463 -0.07066255 -0.023521 0.01434463 -0.06892859 -0.022421 0.01434463 -0.0680496 -0.02232193 0.01434463 -0.07080066 -0.023521 0.01434463 -0.0680496 -0.02232193 0.008756697 -0.07092821 -0.023521 0.01434463 -0.06892859 -0.022421 0.008756697 -0.06721472 -0.02202981 0.008756697 -0.0710287 -0.023521 0.01434463 -0.09867858 -0.022421 0.008756697 -0.07108879 -0.023521 0.01434463 0.1043163 -0.04069906 0.01340365 0.1043163 -0.0396623 0.01266026 0.06181561 -0.03298503 5.36004e-5 0.0618152 -0.03301531 5.35986e-5 0.03278195 -0.03501075 2.84268e-5 0.03427475 -0.03501075 2.97213e-5 0.06182491 -0.0328114 5.36079e-5 0.05988353 -0.03225046 0.0303446 0.06184625 -0.03263878 5.36265e-5 0.06185424 -0.03259795 5.36339e-5 0.08846235 -0.0350666 0.01434463 0.08840942 -0.0348913 0.01434463 0.08838361 -0.03482168 0.01434463 0.08834576 -0.03471958 0.01434463 0.08838486 -0.03482121 0.0303446 0.09684342 -0.0423088 0.01434463 0.09684342 -0.04230576 0.01434463 0.09684342 -0.04138058 0.01434463 0.09668445 -0.04192453 0.01115709 0.09684342 -0.04136168 0.01434463 0.09684342 -0.04127013 0.01434463 0.09672373 -0.04130184 0.01046448 0.09684342 -0.0411024 0.01434463 0.09684342 -0.04086226 0.01434463 0.09676289 -0.04064279 0.009806632 0.09684342 -0.04010868 0.01434463 0.09680205 -0.03993433 0.009208261 0.09683948 -0.03924012 0.008732438 0.09688413 -0.03851664 0.008328318 0.09692877 -0.03777533 0.008002698 0.08270454 -0.0350458 0.01434463 0.08333361 -0.03387802 0.01434463 0.0834555 -0.03374677 0.01434463 0.08537596 -0.03286468 0.01434463 0.085137 -0.03289079 0.01434463 0.0850628 -0.03290504 0.01434463 0.08561623 -0.03285783 0.01434463 0.08558064 -0.03285884 0.01434463 0.08609879 -0.03290301 0.0303446 0.08660125 -0.0330376 0.0303446 -0.05421769 -0.05260658 0.02534461 -0.05441766 -0.05232101 0.02534461 -0.05397117 -0.0528531 0.02534461 -0.05421769 -0.05260658 0.0303446 -0.05397117 -0.0528531 0.0303446 -0.0536856 -0.05305302 0.0303446 0.09684342 -0.03977322 0.01434463 0.09684342 -0.03939491 0.01434463 0.09684342 -0.03901106 0.01434463 0.09684342 -0.03866225 0.01434463 0.09684342 -0.03838407 0.01434463 -0.1054687 0.02782934 0.01434463 -0.1054687 0.02812355 0.01434463 -0.1256836 0.04267895 0.01434463 -0.1054687 0.02753859 0.01434463 -0.1054687 0.02727448 0.01434463 -0.1054687 0.02367895 0.0303446 -0.1054687 0.02705663 0.01434463 -0.1054687 0.02689945 0.01434463 -0.1216836 -0.0136466 7.56715e-4 -0.1054687 0.02628952 0.01434463 -0.1216836 -0.023521 7.56253e-4 -0.09867858 -0.0136466 7.56715e-4 -0.1216835 -0.022421 7.56253e-4 -0.09418362 0.01160007 7.56715e-4 -0.09411191 0.01230484 7.56715e-4 -0.09418362 -0.01164662 7.56715e-4 0.06187957 -0.03246814 5.36563e-5 0.06192463 -0.03230023 5.36936e-5 0.06196701 -0.0321772 5.37327e-5 0.06198126 -0.03213578 5.37438e-5 0.06204921 -0.03197574 5.38035e-5 0.06212806 -0.03182077 5.38724e-5 0.06215107 -0.03178244 5.3891e-5 0.06221759 -0.0316717 5.39487e-5 0.06231719 -0.03152918 5.40363e-5 0.06240087 -0.03142559 5.41089e-5 0.0624265 -0.03139388 5.41313e-5 0.06254494 -0.03126657 5.42319e-5 0.06267189 -0.03114777 5.43436e-5 0.06270897 -0.03111767 5.43753e-5 0.06280684 -0.03103816 5.44591e-5 0.06294912 -0.03093808 5.45839e-5 0.0630657 -0.03086769 5.46845e-5 0.06309795 -0.0308482 5.47124e-5 0.06325268 -0.03076887 5.48465e-5 0.0618152 -0.03303188 5.35986e-5 0.09684342 0.02367895 0.01434463 0.1043163 0.02367895 0.009423553 0.09684342 0.02367895 0.0303446 0.1043163 0.02367895 0.01434463 0.09730809 0.02499413 0.006215274 0.1043163 0.02552223 0.009464263 0.08404725 0.02367895 0.001175224 0.08517622 0.0269196 0.001556634 0.08259946 0.02674573 8.88475e-4 0.08241564 0.02367895 7.98245e-4 0.08770656 0.0271157 0.002371251 0.08259969 0.02386718 8.37796e-4 0.08084017 0.02367895 5.09928e-4 0.0792948 0.02367895 3.01362e-4 0.09018105 0.02732706 0.003290474 0.07996934 0.02660191 4.07291e-4 0.07996982 0.0237379 3.7788e-4 0.07996863 0.02945917 4.68318e-4 0.09377092 0.0276584 0.004781544 0.09730792 0.02800238 0.006376087 0.1043163 0.02727985 0.009557127 0.01475715 0.03577548 6.23195e-5 0.01188302 0.03498971 1.0307e-5 0.008897423 0.03498971 7.71975e-6 0.00292629 0.03498971 2.5416e-6 -5.92568e-5 0.03498971 0 -0.003044784 0.03498971 -2.63656e-6 4.6966e-4 0.03576368 5.55208e-5 -0.004537582 0.03498971 -3.93109e-6 -0.00603038 0.03498971 -5.22563e-6 -0.007523119 0.03498971 -6.51831e-6 -0.009015917 0.03498971 -7.81285e-6 -0.01380944 0.03578418 7.88925e-6 -0.01050871 0.03498971 -9.10739e-6 -0.01200151 0.03498971 -1.04019e-5 -0.01349425 0.03498971 -1.16965e-5 -0.01498705 0.03498971 -1.2991e-5 -0.01647984 0.03498971 -1.42837e-5 -0.01797264 0.03498971 -1.55782e-5 -0.02095824 0.03498971 -1.81673e-5 -0.02095824 0.03883737 -1.14729e-5 -0.02276861 0.03498971 -1.97375e-5 -0.02195185 0.03838038 -1.74092e-5 -0.02195012 0.035474 -1.85566e-5 -0.02457904 0.03498971 -2.13058e-5 -0.02195161 0.03789556 -1.79177e-5 -0.02195072 0.03644227 -1.75228e-5 -0.02638947 0.03498971 -2.28761e-5 -0.03335464 0.03548008 -2.18162e-5 -0.02819991 0.03498971 -2.44463e-5 -0.03363114 0.03498971 -2.9155e-5 -0.03001028 0.03498971 -2.60165e-5 -0.03182071 0.03498971 -2.75848e-5 -0.03544157 0.03498971 -3.07252e-5 -0.03725194 0.03498971 -3.22955e-5 -0.04630404 0.03498971 -4.01428e-5 -0.03906238 0.03498971 -3.38638e-5 -0.04268324 0.03498971 -3.70042e-5 -0.05181854 0.03513532 -4.32832e-5 -0.04992491 0.03498971 -4.32832e-5 -0.0512681 0.0351116 -4.32832e-5 -0.04992872 0.03499591 -4.32832e-5 -0.05080366 0.03508764 -4.32832e-5 -0.04993861 0.03500157 -4.32832e-5 -0.05043053 0.0350635 -4.32832e-5 -0.04994511 0.03500413 -4.32832e-5 -0.0501151 0.03503453 -4.32832e-5 -0.04998767 0.03501528 -4.32832e-5 0.07619065 0.02367895 8.76794e-5 0.0777536 0.02367895 1.63593e-4 -0.05763113 0.03529936 -4.32832e-5 -0.05567401 0.03525239 -4.32832e-5 -0.05976122 0.03534704 -4.32832e-5 -0.0539326 0.03520566 -4.32832e-5 -0.0650776 -0.01934993 0.01434463 -0.06502199 -0.01905506 0.01331156 -0.06497859 -0.018471 0.01331156 -0.06515133 -0.01962631 0.01331156 -0.0649411 -0.018471 0.01302689 -0.06536972 -0.02018481 0.01434463 -0.06498491 -0.01906061 0.01302689 -0.06584036 -0.0209338 0.01434463 -0.06483119 -0.018471 0.01276159 -0.0649411 -0.01693111 0.01302689 -0.06536972 -0.02018481 0.008756697 -0.06536364 -0.02017211 0.01005989 -0.06483119 -0.01693111 0.01276159 -0.06515133 -0.01962631 0.01005989 -0.06465637 -0.01693111 0.01253378 -0.0650776 -0.01934993 0.008756697 -0.06442856 -0.01693111 0.01235896 -0.06465637 -0.018471 0.01253378 -0.0673145 -0.01875478 0.008756697 -0.06416326 -0.01693111 0.01224905 -0.06442856 -0.018471 0.01235896 -0.06416326 -0.018471 0.01224905 -0.06470334 -0.01910269 0.01253378 -0.06387859 -0.018471 0.01221162 -0.06447803 -0.01913636 0.01235896 -0.06391167 -0.01904809 0.01221162 -0.06421566 -0.01917564 0.01224905 -0.06484323 -0.01972055 0.01253378 -0.06259155 -0.02017211 0.01221162 -0.06462532 -0.01978719 0.01235896 -0.06437164 -0.01986473 0.01224905 -0.06481409 -0.02017211 0.0123896 -0.06461441 -0.02017211 0.0122919 -0.06439661 -0.02017211 0.01223301 0.0667057 0.03245806 5.78398e-5 0.06676113 0.0326727 5.78882e-5 0.07457995 0.03216201 6.46664e-5 0.06666213 0.03233557 5.78026e-5 0.06663143 0.03224915 5.77765e-5 0.06666439 0.03233474 0.02834463 0.07593584 0.03215777 9.71789e-5 0.06653898 0.03204762 5.76964e-5 0.06648021 0.0319398 0.02834463 0.07457995 0.03498971 6.46664e-5 0.06647813 0.03194099 5.76424e-5 0.07728785 0.03219187 1.92358e-4 0.0766294 0.03501218 1.62062e-4 0.06642907 0.0318551 5.76014e-5 0.06630253 0.03167307 5.74896e-5 0.06623029 0.03158283 0.02834463 0.07863289 0.03224128 3.48224e-4 0.06622838 0.03158444 5.74263e-5 0.06616032 0.03150296 5.73686e-5 0.07996779 0.03230428 5.62792e-4 0.06600362 0.03134614 5.72326e-5 0.06592214 0.03127473 0.02834463 0.08259898 0.02961426 9.93305e-4 0.06592059 0.03127658 5.71581e-5 0.0825985 0.03246438 0.001155078 0.06583362 0.0312038 5.70836e-5 0.08517593 0.0298025 0.001703023 0.06565171 0.03107708 5.69252e-5 0.06556516 0.03102475 0.02834463 0.08517563 0.03266096 0.001928448 0.06556397 0.03102689 5.68489e-5 0.08771109 0.03001588 0.002558231 0.06545931 0.03096699 5.67595e-5 0.08639895 0.0331248 0.002390801 0.06525784 0.03087437 5.65844e-5 0.06517022 0.03084057 0.02834463 0.08771562 0.03288549 0.002845466 0.06516939 0.03084284 5.6508e-5 0.08688092 0.03330808 0.002584576 0.06504905 0.03079998 5.64018e-5 0.08732473 0.03357154 0.00278002 0.06483441 0.03074437 5.62174e-5 0.0647493 0.0307278 0.02834463 0.06474888 0.03073012 5.61429e-5 0.06509661 0.02875822 0.0303446 0.06461572 0.03070795 5.60293e-5 0.06439465 0.03069108 5.58356e-5 0.06431519 0.03068983 0.02834463 0.06431519 0.0306921 5.57685e-5 0.06417298 0.03069388 5.56437e-5 0.0639913 0.03071087 5.54873e-5 0.06388103 0.0307278 0.02834463 0.06388133 0.03072935 5.53923e-5 -0.06687599 0.0213328 -4.32813e-5 -0.06621217 0.02082341 -0.00224328 -0.06202155 0.03539568 -4.32832e-5 -0.06316667 0.0355702 -3.67509e-5 -0.074301 0.03568136 -4.32832e-5 -0.07308989 0.03866845 -4.32832e-5 -0.0649411 0.01708227 0.0129742 -0.06497859 0.01822894 0.01325887 -0.0649411 0.01822894 0.01297241 -0.06497859 0.01862895 0.01325887 -0.06483119 0.01708227 0.0127089 -0.0649411 0.01862895 0.0129742 -0.06465637 0.01708227 0.01248103 -0.06498414 0.01921349 0.0129742 -0.03301495 0.04267895 -2.59558e-6 -0.02906787 0.04267895 4.67459e-5 -0.03343629 0.04245424 -2.39955e-5 -0.02195429 0.04225832 1.17264e-4 -0.03411674 0.04226189 -4.32832e-5 -0.03507786 0.03861105 -4.32832e-5 -0.03636407 0.03856897 -4.32832e-5 -0.03388094 0.03866165 -4.32832e-5 -0.03915041 0.03850799 -4.32832e-5 -0.03338962 0.03843027 -3.65665e-5 -0.0327869 0.03872156 -4.32832e-5 -0.06762641 0.01940917 -0.00224328 -0.0674349 0.01915961 0.003256678 -0.06687599 0.0213328 -0.00224328 -0.06646579 -0.02155923 0.01434463 -0.06584036 -0.0209338 0.008756697 -0.06646579 -0.02155923 0.008756697 -0.06721472 -0.02202981 0.01434463 -0.08997857 -0.01862561 0.008756697 -0.08553332 -0.01938003 0.008756697 -0.08953857 -0.01856768 0.008756697 -0.08953857 -0.01856768 0.003256678 -0.08594751 -0.01906216 0.008756697 -0.08912855 -0.01839786 0.003256678 -0.08912855 -0.01839786 0.008756697 -0.08912855 -0.01839786 -0.00224328 -0.08626538 -0.01864796 0.008756697 -0.08877646 -0.01812767 -0.00224328 -0.06259155 0.01708227 0.009997963 -0.06387859 0.01708227 0.01215887 -0.06416326 0.01708227 0.01219636 -0.06259155 0.01708227 0.01215887 -0.06416296 0.01822894 0.0121963 -0.06259155 0.02031624 0.009997963 -0.06387859 0.01822894 0.01215887 -0.06259155 0.01822894 0.01215887 -0.06442809 0.01822894 0.01230597 -0.06387859 0.01862895 0.01215887 -0.06416326 0.01862895 0.01219636 -0.06259155 0.02031624 0.01215887 -0.06391108 0.01920121 0.01215887 -0.07108998 0.02367895 0.01434463 -0.1054687 0.02367895 0.01434463 -0.07102984 0.02367895 0.01434463 -0.07092928 0.02367895 0.01434463 -0.07080161 0.02367895 0.01434463 -0.07066345 0.02367895 0.01434463 -0.07964092 0.03866666 -4.32832e-5 -0.08164393 0.03864705 -4.32832e-5 -0.07754379 0.0386759 -4.32832e-5 -0.07535815 0.03867608 -4.32832e-5 -0.08354705 0.0386157 -4.32832e-5 -0.06417369 -0.02017211 0.01221162 -0.06401044 -0.01961761 0.01221162 -0.067649 0.02165293 -0.00224328 -0.067649 0.02165293 -4.32813e-5 -0.06847852 0.02176219 -4.32813e-5 -0.06676167 0.0354976 -4.32832e-5 -0.06915706 0.0355516 -4.32832e-5 -0.06847852 0.02176219 -0.00224328 -0.09147852 0.02176219 -0.00224328 -0.08594751 0.01917636 -0.00224328 -0.06442856 0.01708227 0.01230627 -0.06442856 0.01862895 0.01230627 -0.06421476 0.01932752 0.01219636 -0.0644772 0.01928859 0.01230627 -0.09082859 -0.01839786 -0.00224328 -0.09118068 -0.01812767 0.003256678 -0.09082859 -0.01839786 0.003256678 -0.09145081 -0.01777559 0.008756697 -0.09041857 -0.01856768 -0.00224328 -0.09118068 -0.01812767 0.008756697 -0.08997857 -0.01862561 -0.00224328 -0.09041857 -0.01856768 0.003256678 -0.08626538 -0.01864796 -0.00224328 -0.08953857 -0.01856768 -0.00224328 -0.08646517 -0.01816558 0.008756697 -0.08850634 -0.01777559 -0.00224328 -0.08646517 -0.01816558 -0.00224328 -0.09867858 -0.022421 7.56253e-4 -0.08553981 0.0308271 -4.32813e-5 -0.08545625 0.03079587 -4.32813e-5 -0.08554065 0.03082489 0.02834463 -0.08566164 0.03087252 -4.32813e-5 -0.08593559 0.03100907 0.02834463 -0.0858435 0.03095841 -4.32813e-5 -0.08593457 0.0310108 -4.32813e-5 -0.08601778 0.03105866 -4.32813e-5 -0.08618348 0.03117257 -4.32813e-5 -0.08629256 0.031259 0.02834463 -0.08629149 0.03126037 -4.32813e-5 -0.08633953 0.03129941 -4.32813e-5 -0.08648484 0.03143841 -4.32813e-5 -0.08660072 0.03156715 0.02834463 -0.0866 0.03156781 -4.32813e-5 -0.08661854 0.03158861 -4.32813e-5 -0.08673971 0.03174906 -4.32813e-5 -0.08685064 0.03192412 0.02834463 -0.08684754 0.03191876 -4.32813e-5 -0.08685052 0.03192418 -4.32813e-5 -0.08691853 0.03204983 -4.32813e-5 -0.08698153 0.03218489 -4.32813e-5 -0.0870347 0.03231912 -4.32813e-5 -0.08703643 0.03232342 -4.32813e-5 -0.08708292 0.03246498 -4.32813e-5 -0.08703482 0.03231906 0.02834463 -0.08712089 0.0326091 -4.32813e-5 -0.08714723 0.03274005 -4.32813e-5 -0.08714759 0.03273999 0.02834463 -0.08715021 0.03275519 -4.32813e-5 -0.08717083 0.03290277 -4.32813e-5 -0.08718258 0.03305131 -4.32813e-5 -0.08718496 0.03317415 -4.32813e-5 -0.08718562 0.03317409 0.02834463 -0.08718544 0.03320032 -4.32813e-5 -0.08717948 0.03334921 -4.32813e-5 -0.08891421 0.0347132 0.0303446 -0.08858269 0.03542411 0.0303446 -0.1054687 0.04267895 0.0303446 -0.08813279 0.03606665 0.0303446 -0.08911722 0.03395551 0.0303446 -0.08918559 0.03317409 0.0303446 -0.08911722 0.03239268 0.0303446 -0.08891421 0.03163504 0.0303446 -0.09118068 0.01824194 -0.00224328 -0.09082859 0.01851212 -0.00224328 -0.09082859 0.01851212 0.003256678 -0.09041857 0.01868194 0.008756697 -0.09457325 0.03739845 -4.32832e-5 -0.09457635 0.03742796 -4.32832e-5 -0.09457266 0.0374574 -4.32832e-5 -0.09456813 0.03747266 -4.32832e-5 -0.0945518 0.03750586 -4.32832e-5 -0.09450912 0.03755724 -4.32832e-5 -0.09444195 0.03761047 -4.32832e-5 -0.09434592 0.03766614 -4.32832e-5 -0.0939241 0.03782242 -4.32832e-5 -0.09345293 0.03793686 -4.32832e-5 -0.092413 0.03810954 -4.32832e-5 -0.09118288 0.03824883 -4.32832e-5 -0.08985537 0.03835839 -4.32832e-5 -0.08852338 0.03844165 -4.32832e-5 -0.08727973 0.03850209 -4.32832e-5 -0.08621722 0.0385434 -4.32832e-5 -0.08534455 0.03857141 -4.32832e-5 -0.08757811 0.03662133 0.0303446 -0.08693557 0.03707122 0.0303446 -0.08622467 0.03740274 0.0303446 -0.08546704 0.03760576 0.0303446 -0.05468559 0.04267895 0.0303446 -0.08468562 0.03767412 0.0303446 -0.0839042 0.03760576 0.0303446 -0.08314651 0.03740274 0.0303446 -0.0824356 0.03707122 0.0303446 -0.08179306 0.03662133 0.0303446 -0.08123838 0.03606665 0.0303446 -0.08078849 0.03542411 0.0303446 -0.08553332 0.01949423 0.008756697 -0.08997857 0.01873987 0.008756697 -0.09041857 0.01868194 0.003256678 -0.08468562 0.03567409 0.02834463 -0.08458065 0.03567188 -4.32832e-5 -0.08425146 0.03563612 0.02834463 -0.0842933 0.03564316 -4.32832e-5 -0.0846855 0.03567028 -4.32832e-5 -0.08425194 0.0356341 -4.32832e-5 -0.0853011 0.03559714 -4.32832e-5 -0.08495014 0.03608018 -4.32832e-5 -0.08515566 0.03562951 -4.32832e-5 -0.08241337 0.03595995 -4.32832e-5 -0.08511948 0.03563433 -4.32832e-5 -0.08486938 0.03566735 -4.32832e-5 -0.07702052 0.03576177 -4.32832e-5 -0.08300101 0.03132688 -4.32813e-5 -0.08838623 -0.01373177 0.008756697 -0.0890333 -0.0136466 0.008756697 -0.08912855 -0.01545339 0.008756697 -0.08953857 -0.01528352 0.008756697 -0.08838623 -0.01373177 -0.00224328 -0.08953857 -0.01528352 0.003256678 -0.08997857 -0.01522564 0.008756697 -0.08778327 -0.01398158 -0.00224328 -0.08997857 -0.01522564 0.003256678 -0.08877646 -0.01572352 -0.00224328 -0.09131759 -0.0136466 -2.13881e-4 -0.09157359 -0.01349461 -3.55056e-4 -0.09196245 -0.01325023 -3.55056e-4 -0.09205591 -0.01336741 6.71579e-6 -0.09228724 -0.01292544 -3.55056e-4 -0.09240442 -0.0130189 6.71579e-6 -0.09241569 -0.01264661 -7.43284e-4 -0.09253162 -0.01253652 -3.55056e-4 -0.09268331 -0.01210302 -3.55056e-4 -0.09273475 -0.01164662 -3.55056e-4 -0.0928846 -0.01164662 6.71579e-6 -0.09312295 -0.01164662 3.17375e-4 -0.09343361 -0.01164662 5.55755e-4 -0.09379541 -0.01164662 7.05604e-4 -0.09336465 -0.01225852 5.55755e-4 -0.09379541 0.01160007 7.05604e-4 -0.09371739 0.0122925 7.05604e-4 -0.09389978 0.01298075 7.56715e-4 -0.09343361 0.01160007 5.55755e-4 -0.08877646 -0.01572352 0.008756697 -0.08912855 -0.01545339 0.003256678 -0.08877646 -0.01572352 0.003256678 -0.08778327 -0.01398158 0.008756697 -0.08850634 -0.01607561 0.008756697 -0.08850634 -0.01607561 0.003256678 -0.08726555 -0.01437884 -0.00224328 -0.08726555 -0.01437884 0.008756697 -0.08686822 -0.01489663 -0.00224328 -0.08686822 -0.01489663 0.008756697 -0.09355592 -0.0136466 7.56715e-4 -0.09315162 -0.0136466 7.18088e-4 -0.09082859 -0.01545339 0.008756697 -0.09348726 -0.01299673 7.05604e-4 -0.09274178 -0.0136466 6.14342e-4 -0.09041857 -0.01528352 0.008756697 -0.09389978 -0.01302725 7.56715e-4 -0.09311652 -0.01358675 7.05604e-4 -0.09200775 -0.0136466 2.73013e-4 -0.09371739 -0.01233905 7.05604e-4 -0.09283363 -0.01336121 5.55755e-4 -0.09220451 -0.01355373 3.17375e-4 -0.09316128 -0.01283979 5.55755e-4 -0.09163856 -0.01362961 6.71579e-6 -0.09259074 -0.0131675 3.17375e-4 -0.09288138 -0.01270502 3.17375e-4 -0.0930618 -0.01218938 3.17375e-4 -0.09266662 -0.01260155 6.71579e-6 -0.0928294 -0.01213639 6.71579e-6 -0.08838623 0.01368528 0.008756697 -0.08912855 0.0155676 0.008756697 -0.08877646 0.01583778 0.008756697 -0.08877646 0.01583778 0.003256678 -0.08912855 0.0155676 0.003256678 -0.08850634 0.01618987 0.003256678 -0.08877646 0.01583778 -0.00224328 -0.08850634 0.01618987 -0.00224328 -0.08833652 0.01659989 -0.00224328 -0.08778327 0.01393502 -0.00224328 -0.08912855 0.0155676 -0.00224328 -0.08838623 0.01368528 -0.00224328 -0.08953857 0.01539778 0.003256678 -0.08778327 0.01393502 0.008756697 -0.08997857 0.01533985 0.008756697 -0.09041857 0.01539778 0.008756697 0.08823251 -0.03447324 0.01434463 0.08816391 -0.03435039 0.01434463 0.08813744 -0.034303 0.01434463 0.08816504 -0.03434973 0.0303446 0.08827173 -0.03455215 0.01434463 0.08803153 -0.03413933 0.01434463 0.08791512 -0.03398293 0.01434463 0.08786553 -0.03392463 0.01434463 0.08778876 -0.03383445 0.01434463 0.08786666 -0.03392362 0.0303446 0.08620148 -0.03292298 0.01434463 0.08609861 -0.0329042 0.01434463 0.08602964 -0.03289163 0.01434463 0.08637124 -0.03296428 0.01434463 0.08585625 -0.03287041 0.01434463 0.08653825 -0.03301548 0.01434463 0.08704745 -0.03324306 0.01434463 0.08707273 -0.03325748 0.0303446 0.08688259 -0.03315663 0.01434463 0.08671259 -0.03308069 0.01434463 0.08749884 -0.0335558 0.0303446 -0.1054687 0.03915256 0.01434463 -0.1054687 0.04267895 0.01434463 -0.1054687 0.0390594 0.01434463 -0.1054687 0.03888869 0.01434463 -0.05468559 0.04267895 0.02534461 -0.1054687 0.03864991 0.01434463 0.00531435 0.04267895 0.02534461 -0.1054687 0.0383588 0.01434463 -0.1054687 0.03803676 0.01434463 -0.1054687 0.03770905 0.01434463 -0.09411191 -0.01235139 7.56715e-4 0.09684342 0.02501434 0.01434463 0.09684342 0.02505016 0.01434463 0.09684342 0.02740073 0.01434463 0.09684342 0.02760416 0.01434463 0.09684342 0.0278989 0.01434463 0.09684342 0.02827113 0.01434463 0.09684342 0.02869451 0.01434463 0.09684342 0.04267895 0.0303446 0.09684342 0.03837299 0.01434463 0.09684342 0.03865134 0.01434463 0.09684342 0.03900027 0.01434463 0.09684342 0.03938406 0.01434463 0.09684342 0.03976219 0.01434463 0.09684342 0.04009735 0.01434463 0.09684342 0.04105311 0.01434463 0.09684342 0.04128444 0.01434463 0.09684342 0.04144716 0.01434463 0.09684342 0.04153746 0.01434463 0.09684342 0.0415588 0.01434463 0.1043163 0.03064829 0.00993359 0.1043163 0.02897936 0.009710729 0.09730768 0.03098058 0.006707906 0.0973072 0.03390413 0.007218718 0.09377068 0.03060591 0.005058765 0.1043163 0.03231424 0.01023417 0.09377032 0.0335077 0.005485475 0.1043163 0.03400486 0.01062107 0.09018051 0.03312671 0.003855586 0.09018081 0.03024524 0.003513038 0.1043163 0.03574776 0.01110279 0.02979642 0.03498971 2.58396e-5 0.06381142 0.03074109 5.53308e-5 0.02830362 0.03498971 2.4545e-5 0.02681082 0.03498971 2.32486e-5 0.03440499 0.03583711 2.80561e-5 0.02531802 0.03498971 2.19559e-5 0.02382528 0.03498971 2.06614e-5 0.02233248 0.03498971 1.93669e-5 0.02083969 0.03498971 1.80723e-5 0.02190071 0.03579199 5.423e-5 0.01934689 0.03498971 1.67797e-5 0.01785415 0.03498971 1.54851e-5 0.01636135 0.03498971 1.41887e-5 0.01486855 0.03498971 1.2896e-5 0.01475715 0.03656274 1.18752e-4 4.69615e-4 0.03653961 1.1796e-4 4.69615e-4 0.0373224 1.46172e-4 -0.01379776 0.03737902 4.44232e-5 -0.0138036 0.0365799 3.19882e-5 -0.01379185 0.03818398 4.73233e-5 4.69615e-4 0.03811687 1.4614e-4 -0.01378589 0.03899645 4.59766e-5 -0.01377999 0.03981584 4.78057e-5 4.69645e-4 0.0389263 1.28194e-4 -0.02095824 0.04076057 3.46499e-5 4.69675e-4 0.03974974 1.06216e-4 -0.01376807 0.04146641 9.35765e-5 0.01475733 0.03897315 1.42728e-4 0.01475733 0.03979939 1.35246e-4 4.6969e-4 0.04142248 1.08321e-4 0.02189922 0.03903388 1.35488e-4 0.02189886 0.03986012 1.48271e-4 0.01475739 0.04147136 1.81443e-4 0.03442591 0.03919404 1.3112e-4 0.0344305 0.04001682 2.05581e-4 0.02189826 0.04152172 2.46198e-4 0.0398038 0.03928244 1.45868e-4 0.03981202 0.04010212 2.59261e-4 0.03443896 0.04164236 4.51184e-4 0.0451774 0.03938138 1.81123e-4 0.04518848 0.04019683 3.42595e-4 0.03982722 0.04170471 5.94507e-4 0.05054533 0.03948229 2.49785e-4 0.08272629 0.04267895 0.006910562 0.08114618 0.04267895 0.006451785 -0.02095836 0.04267895 1.75868e-4 0.08183819 0.04200994 0.005746006 0.08447021 0.04267895 0.007455646 0.08487087 0.04211395 0.006826698 0.08638751 0.04267895 0.008096694 0.08491754 0.04131919 0.005794942 0.08848762 0.04267895 0.008843243 -0.02195399 0.04177409 7.8761e-5 0.0869193 0.04140472 0.006601035 0.09302908 0.04267895 0.01059234 0.0868684 0.04219532 0.007617533 0.0975691 0.04267895 0.01247286 0.08982962 0.04232853 0.008881628 -0.0317465 0.04177081 -4.32832e-5 -0.0219537 0.0412898 4.80665e-5 0.0966351 0.04265856 0.01205158 0.09275972 0.04246932 0.01021367 0.0898835 0.04154646 0.007894992 -0.02195334 0.04080551 2.46084e-5 0.09668445 0.04190391 0.01115709 0.09281337 0.04169785 0.009263217 -0.03177452 0.03879386 -4.32832e-5 -0.03100949 0.04158413 -4.32832e-5 -0.02195304 0.0403217 7.56888e-6 -0.03021067 0.04135423 -4.32832e-5 0.09861183 0.04200506 0.01211816 -0.02870571 0.04078096 -4.32832e-5 -0.02195274 0.03983604 -4.11363e-6 -0.02942007 0.04108542 -4.32832e-5 0.09978276 0.04267895 0.01341837 -0.03078508 0.03888779 -4.32832e-5 -0.02805078 0.04037207 -4.32832e-5 -0.02791619 0.04023772 -4.32832e-5 -0.0298618 0.03900891 -4.32832e-5 -0.02849024 0.03932237 -4.32832e-5 -0.02905988 0.0391606 -4.32832e-5 -0.02786028 0.04016339 -4.32832e-5 -0.02195245 0.03935068 -1.14562e-5 -0.02811783 0.03948795 -4.32832e-5 -0.02796041 0.03959554 -4.32832e-5 -0.0278151 0.04008227 -4.32832e-5 -0.02778422 0.03985875 -4.32832e-5 -0.02789288 0.03965914 -4.32832e-5 -0.02778595 0.03999483 -4.32832e-5 -0.02779603 0.03981477 -4.32832e-5 -0.02777856 0.03990429 -4.32832e-5 -0.02783602 0.03973239 -4.32832e-5 -0.02777928 0.03994977 -4.32832e-5 -0.06533706 -0.02017211 0.013089 -0.06536364 -0.02017211 0.01331156 -0.06511545 -0.01963728 0.01302689 -0.06526547 -0.02017211 0.01287877 -0.06514704 -0.02017211 0.01268613 -0.06487625 -0.01907688 0.01276159 -0.06501036 -0.01966941 0.01276159 -0.06499737 -0.02017211 0.01252275 0.06677716 0.03275567 0.02834463 0.06677716 0.03275567 5.79013e-5 0.06678092 0.03277754 5.7905e-5 0.06854379 0.03165072 0.0303446 0.06677675 0.03275322 5.79013e-5 0.0687468 0.03240841 0.0303446 0.06677269 0.03273081 5.78975e-5 0.06681519 0.03318983 0.02834463 0.0667687 0.03271001 5.78938e-5 0.06676483 0.0326907 5.78901e-5 0.06623017 0.03479671 5.74263e-5 0.0662288 0.03479856 5.74263e-5 0.06711602 0.03498971 5.81956e-5 0.06636351 0.03462308 5.75436e-5 0.06860882 0.03498971 5.94882e-5 0.0664801 0.03443974 5.76442e-5 0.06623029 0.03479677 0.02834463 0.07010161 0.03498971 6.07846e-5 0.07057005 0.03599512 4.40804e-5 0.06648218 0.03443646 5.76461e-5 0.06648021 0.0344398 0.02834463 0.07159435 0.03498971 6.20792e-5 0.06658387 0.03424006 5.77336e-5 0.07308715 0.03498971 6.33719e-5 0.06666404 0.03404468 5.78044e-5 0.06666779 0.03403544 5.78063e-5 0.06666439 0.03404486 0.02834463 0.07457995 0.03600412 8.08528e-5 0.06672906 0.03384023 5.78603e-5 0.06677716 0.03362393 0.02834463 0.06677418 0.03364062 5.78994e-5 0.0767495 0.0353505 1.74454e-4 0.06677639 0.03362381 5.79013e-5 0.07783001 0.03537887 3.07518e-4 0.06680721 0.03338897 5.79292e-5 0.07674378 0.03627794 1.98274e-4 0.06681507 0.0332126 5.79348e-5 0.07782173 0.03630179 3.47936e-4 0.06681466 0.03318983 5.79348e-5 0.07673633 0.03720772 3.20542e-4 0.06681281 0.03308159 5.79329e-5 0.07780897 0.03722596 4.92499e-4 0.06680637 0.03298008 5.79273e-5 0.07672882 0.03811228 6.1576e-4 0.06679821 0.03289902 5.79199e-5 0.07779616 0.0381242 8.05785e-4 0.06679391 0.03286433 5.79162e-5 0.07672083 0.03895753 0.001068472 0.06678956 0.0328328 5.79143e-5 0.07778352 0.03896445 0.001271724 0.06678521 0.03280395 5.79087e-5 0.07671105 0.03978329 0.001712262 0.07776904 0.03978753 0.00192523 0.07670038 0.04051119 0.002460479 0.07775384 0.04051554 0.002680659 0.07668924 0.04116719 0.00326693 0.07773816 0.04117345 0.003493189 0.07667458 0.04193592 0.004319846 0.07771784 0.04194599 0.00455302 0.07729423 0.04267895 0.00549817 0.07843965 0.04267895 0.005755186 0.06821227 0.03093981 0.0303446 0.06776237 0.03029727 0.0303446 0.06720769 0.02974265 0.0303446 0.06656515 0.0292927 0.0303446 0.06585425 0.02896124 0.0303446 0.06431519 0.02868986 0.0303446 0.08258002 0.03601026 -4.32832e-5 0.08268225 0.03523385 -4.32832e-5 0.08266514 0.03529584 0.001385927 0.08284425 0.0347765 0.001396 0.08408004 0.03601026 -4.32832e-5 0.08257889 0.03598493 0.001427769 0.08068096 0.03517162 8.48609e-4 0.07866722 0.03507506 4.32585e-4 0.07890444 0.03541725 4.86559e-4 0.0834642 0.03388214 0.001504004 0.08388125 0.03353667 0.001599788 0.08345872 0.03388899 -4.32832e-5 0.0831145 0.03429931 0.001435756 0.0829885 0.03450179 0.01434463 0.0830388 0.03443628 0.01434463 0.08345872 0.03388899 0.01084458 0.082982 0.03451031 0.01434463 0.082982 0.03451031 0.01084458 0.08428102 0.03526031 0.01084458 0.08451938 0.0349496 0.01084458 0.08451938 0.0349496 0.005400657 0.08483004 0.03471124 0.005400657 0.08483004 0.03471124 -4.32832e-5 0.08519184 0.03456139 -4.32832e-5 0.08480358 0.03311252 -4.32832e-5 0.08558005 0.0330103 -4.32832e-5 0.08536869 0.03301763 0.002025783 0.08484989 0.03310006 0.001863837 0.08589011 0.03302657 0.002202868 0.08475941 0.03313082 0.01434463 0.08480358 0.03311252 0.01434463 0.08480358 0.03311252 0.01084458 0.08558005 0.0330103 0.01084458 0.08558005 0.03451031 0.01084458 0.08519184 0.03456139 0.01084458 0.08596831 0.03456139 0.01084458 0.08596831 0.03456139 0.005400657 0.08558005 0.03451031 0.005400657 0.08633005 0.03471124 0.005400657 0.08633005 0.03471124 -4.32832e-5 0.08664071 0.0349496 -4.32832e-5 0.08708006 0.03341221 -4.32832e-5 0.08770138 0.03388899 -4.32832e-5 0.08771717 0.03390759 0.002971291 0.08804827 0.03430908 0.003153502 0.08341246 0.03394925 0.01434463 0.08345872 0.03388899 0.01434463 0.08408004 0.03341221 0.01084458 0.08483004 0.03471124 0.01084458 0.08519184 0.03456139 0.005400657 0.08558005 0.03451031 -4.32832e-5 0.08596831 0.03456139 -4.32832e-5 0.08635652 0.03311252 -4.32832e-5 -0.007185578 0.04557895 0.0303446 -0.0421856 0.04557895 0.0303446 0.06353378 0.02875822 0.0303446 -0.08018559 0.03317409 0.0303446 0.00531435 0.04267895 0.0303446 0.06277608 0.02896124 0.0303446 -0.08025395 0.03239268 0.0303446 -0.08218556 0.03317409 0.02834463 -0.08045697 0.03163504 0.0303446 -0.08222359 0.03360825 0.02834463 -0.08222359 0.03273999 0.02834463 -0.08078849 0.03092414 0.0303446 -0.08233636 0.03231906 0.02834463 -0.07165712 0.03561168 -4.32832e-5 -0.09041857 -0.01856768 0.008756697 -0.08997857 -0.01862561 0.003256678 -0.09082859 -0.01839786 0.008756697 -0.08833652 -0.01736563 -0.00224328 -0.08827859 -0.01692563 -0.00224328 -0.0865333 -0.01764798 -0.00224328 -0.0865333 -0.0161466 -0.00224328 -0.08833652 -0.01736563 0.003256678 -0.0865333 -0.01764798 0.008756697 -0.08850634 -0.01777559 0.003256678 -0.0865333 -0.0161466 0.008756697 -0.08850634 -0.01777559 0.008756697 -0.08877646 -0.01812767 0.008756697 -0.08877646 -0.01812767 0.003256678 -0.08953857 0.01868194 0.008756697 -0.08997857 0.01873987 0.003256678 -0.09041857 0.01868194 -0.00224328 -0.08594751 0.01917636 0.008756697 -0.08626538 0.01876217 -0.00224328 -0.08912855 0.01851212 -0.00224328 -0.08877646 0.01824194 -0.00224328 -0.08850634 0.01788985 -0.00224328 -0.08833652 -0.01648563 -0.00224328 -0.08827859 -0.01692563 0.003256678 -0.08833652 -0.01736563 0.008756697 -0.08661848 -0.01549959 -0.00224328 -0.08661848 -0.01549959 0.008756697 -0.08833652 -0.01648563 0.008756697 -0.08827859 -0.01692563 0.008756697 -0.08833652 -0.01648563 0.003256678 -0.08850634 -0.01607561 -0.00224328 -0.08308017 0.03126084 -4.32813e-5 -0.08307862 0.031259 0.02834463 -0.08316934 0.0311864 -4.32813e-5 -0.08343559 0.03100907 0.02834463 -0.08334934 0.03106123 -4.32813e-5 -0.08343678 0.03101116 -4.32813e-5 -0.0835396 0.03095227 -4.32813e-5 -0.08373868 0.03086042 -4.32813e-5 -0.08383053 0.03082489 0.02834463 -0.08383136 0.03082716 -4.32813e-5 -0.08394503 0.03078633 -4.32813e-5 -0.0841571 0.03073066 -4.32813e-5 -0.08425146 0.03071212 0.02834463 -0.08425188 0.03071445 -4.32813e-5 -0.0839042 0.02874249 0.0303446 -0.08437323 0.0306937 -4.32813e-5 -0.08459174 0.03067588 -4.32813e-5 -0.08468562 0.03067415 0.02834463 -0.08468556 0.03067648 -4.32813e-5 -0.08481097 0.03067725 -4.32813e-5 -0.0850293 0.03069788 -4.32813e-5 -0.08511972 0.03071212 0.02834463 -0.0851193 0.03071439 -4.32813e-5 -0.08524489 0.03073751 -4.32813e-5 -0.08858269 0.03092414 0.0303446 -0.08813279 0.0302816 0.0303446 -0.08757811 0.02972692 0.0303446 -0.08693557 0.02927702 0.0303446 -0.08622467 0.0289455 0.0303446 -0.08546704 0.02874249 0.0303446 -0.08468562 0.02867412 0.0303446 -0.08123838 0.0302816 0.0303446 -0.08179306 0.02972692 0.0303446 -0.08252054 0.03192412 0.02834463 -0.0824356 0.02927702 0.0303446 -0.08277046 0.03156715 0.02834463 -0.08314651 0.0289455 0.0303446 -0.08912855 0.01851212 0.008756697 -0.08953857 0.01868194 0.003256678 -0.08997857 0.01873987 -0.00224328 -0.08626538 0.01876217 0.008756697 -0.08646517 0.01827979 -0.00224328 -0.08307862 0.03508925 0.02834463 -0.0830084 0.03502804 -4.32832e-5 -0.08277046 0.03478109 0.02834463 -0.08285242 0.03487396 -4.32832e-5 -0.08308088 0.03508639 -4.32832e-5 -0.08277231 0.03477954 -4.32832e-5 -0.08343559 0.03533917 0.02834463 -0.08383053 0.03552335 0.02834463 -0.08045697 0.0347132 0.0303446 -0.08025395 0.03395551 0.0303446 -0.08233636 0.03402918 0.02834463 -0.08252054 0.03442412 0.02834463 -0.08401125 0.03558146 -4.32832e-5 -0.08383178 0.03551977 -4.32832e-5 -0.08373814 0.03548765 -4.32832e-5 -0.08347773 0.03536295 -4.32832e-5 -0.08343684 0.0353372 -4.32832e-5 -0.08323335 0.03520905 -4.32832e-5 -0.08271056 0.03470683 -4.32832e-5 -0.08258384 0.03452789 -4.32832e-5 -0.08252257 0.03442293 -4.32832e-5 -0.08247333 0.03433853 -4.32832e-5 -0.08237981 0.03414022 -4.32832e-5 -0.08233863 0.03402835 -4.32832e-5 -0.082304 0.03393447 -4.32832e-5 -0.08224654 0.03372287 -4.32832e-5 -0.08222591 0.03360784 -4.32832e-5 -0.08220785 0.0335071 -4.32832e-5 -0.08218824 0.03328871 -4.32813e-5 -0.08218801 0.03317409 -4.32813e-5 -0.08218777 0.03306949 -4.32813e-5 -0.08220654 0.03285104 -4.32813e-5 -0.08222591 0.03274041 -4.32813e-5 -0.08224439 0.03263509 -4.32813e-5 -0.08230102 0.03242325 -4.32813e-5 -0.08233863 0.0323199 -4.32813e-5 -0.082376 0.0322172 -4.32813e-5 -0.08246868 0.03201854 -4.32813e-5 -0.08252263 0.03192532 -4.32813e-5 -0.08257848 0.03182876 -4.32813e-5 -0.08270442 0.03164929 -4.32813e-5 -0.08277231 0.0315687 -4.32813e-5 -0.08284568 0.03148156 -4.32813e-5 -0.08953857 0.01539778 0.008756697 -0.08726555 0.01433235 0.008756697 -0.08850634 0.01618987 0.008756697 -0.08686822 0.01485008 0.008756697 -0.0865333 0.01776218 0.008756697 -0.0865333 0.0161001 0.008756697 -0.0865333 0.01776218 -0.00224328 -0.0865333 0.0161001 -0.00224328 -0.08827859 0.01703989 0.008756697 -0.08827859 0.01703989 -0.00224328 -0.08833652 0.01747989 0.008756697 -0.08833652 0.01659989 0.003256678 -0.08661848 0.01545304 0.008756697 -0.08833652 0.01659989 0.008756697 -0.08661848 0.01545304 -0.00224328 -0.08686822 0.01485008 -0.00224328 -0.08726555 0.01433235 -0.00224328 0.08751362 -0.03356832 0.01434463 0.08749848 -0.03355628 0.01434463 0.08736377 -0.03344899 0.01434463 0.08765542 -0.03369694 0.01434463 0.08660078 -0.03303885 0.01434463 0.08720666 -0.03333956 0.01434463 0.08707231 -0.03325814 0.01434463 0.09684342 0.04267895 0.01434463 0.1019311 0.04267895 0.01434463 0.100538 0.04210299 0.01308023 0.09684342 0.04248398 0.01434463 0.1015016 0.04215025 0.01355963 0.1024661 0.04219615 0.01403689 -0.05468559 0.05147892 0.02534461 -0.05468559 0.05147892 0.0303446 -0.0421856 0.05057895 0.02534461 -0.05465519 0.05182623 0.0303446 -0.05465519 0.05182623 0.02534461 0.08455991 0.03880411 0.0303446 0.00531435 0.05147892 0.02534461 0.08506238 0.0389387 0.0303446 -0.007185578 0.04557895 0.02534461 0.08558058 0.03898406 0.0303446 0.08480358 0.03890806 0.01434463 -0.0421856 0.04557895 0.02534461 0.08558005 0.03901028 0.01434463 0.08506196 0.03894209 0.01434463 0.1043163 0.04170417 0.01434463 0.1043163 0.0406993 0.01342135 0.1025246 0.04097932 0.01282364 0.1043163 0.0396651 0.01267498 0.1024954 0.04160195 0.01341664 0.1025538 0.04031771 0.01227736 0.1015641 0.04092216 0.01232194 0.1025816 0.03967601 0.01183432 0.1015952 0.04025256 0.01176625 0.1006042 0.04086381 0.01181876 0.1016249 0.03960186 0.01131707 0.1005711 0.04149895 0.01243466 0.1006372 0.04018622 0.01125389 0.0986483 0.04139155 0.01144844 0.09868472 0.04074424 0.01081097 0.1006687 0.0395267 0.01079881 0.09872108 0.04005098 0.01022869 0.09676289 0.04062223 0.009806632 0.09875583 0.03937399 0.009762644 0.09680205 0.03991371 0.009208261 0.09289854 0.04037731 0.00783497 0.09683948 0.03921955 0.008732438 0.0929411 0.03963971 0.007208645 0.08996897 0.04019981 0.006417393 0.09298181 0.03891247 0.006717145 0.09001165 0.03944194 0.005774617 0.08700007 0.04003542 0.005084276 0.08704036 0.03925895 0.004430174 0.08499163 0.03993713 0.004259407 0.08502858 0.03914946 0.003601431 0.08193469 0.03981584 0.003150999 0.08196419 0.03901356 0.002494394 0.08038389 0.03978288 0.002653658 0.08040839 0.03897327 0.001998305 0.07881993 0.03978049 0.002193868 0.07883876 0.03896254 0.001538336 0.08609879 0.0389387 0.0303446 0.08660125 0.03880411 0.0303446 0.08707273 0.03858423 0.0303446 0.08749884 0.03828591 0.0303446 0.08786666 0.03791803 0.0303446 0.08816504 0.03749191 0.0303446 0.08838486 0.0370205 0.0303446 0.08803862 0.03769212 0.01434463 0.08851951 0.03651803 0.0303446 0.08856481 0.03599983 0.0303446 0.08851951 0.03548163 0.0303446 0.1015328 0.04155111 0.01292657 0.09684342 0.04248112 0.01434463 0.09672373 0.04128128 0.01046448 0.09285598 0.04105842 0.008529186 0.08992624 0.04089599 0.007134318 0.08695971 0.0407449 0.005818903 0.08495461 0.0406543 0.00500214 0.0818755 0.0412122 0.004700362 0.08190512 0.04054218 0.003898799 0.0803343 0.04118055 0.004209339 0.08035916 0.04051172 0.003403723 0.07878106 0.04117232 0.003759682 0.07880067 0.0405094 0.002948462 0.08558005 0.0330103 0.01434463 0.0856226 0.0330159 0.01434463 0.08635652 0.03311252 0.01084458 0.08631235 0.03310668 0.01434463 0.08635652 0.03311252 0.01434463 0.08614218 0.03306889 0.01434463 0.08708006 0.03341221 0.01084458 0.08609879 0.0330609 0.0303446 0.08633005 0.03471124 0.01084458 0.08664071 0.0349496 0.01084458 0.08664071 0.0349496 0.005400657 0.08687907 0.03526031 0.005400657 0.08687907 0.03526031 -4.32832e-5 0.08702892 0.03562206 -4.32832e-5 0.08817809 0.03451031 -4.32832e-5 0.08847784 0.03523385 -4.32832e-5 0.0883069 0.03476595 0.003320455 0.08848357 0.03526729 0.003465771 0.0885694 0.03579837 0.003582239 0.09258687 0.03621959 0.005451738 0.09017688 0.03626543 0.004355907 0.09652823 0.0366674 0.007472395 0.09310573 0.03657108 0.005771756 0.1043163 0.03757035 0.01168787 0.09695327 0.03699612 0.007770061 0.1007643 0.03742581 0.009834945 0.09886139 0.03721129 0.008797764 0.06361585 0.03078961 5.51613e-5 0.03128921 0.03498971 2.71322e-5 0.06346052 0.03084176 5.50253e-5 0.06346011 0.03084057 0.02834463 0.06342482 0.03085374 5.49955e-5 0.06323957 0.03093308 5.48354e-5 0.06306523 0.03102493 5.46845e-5 0.06306129 0.03102701 5.46808e-5 0.06306517 0.03102475 0.02834463 0.06289118 0.03113502 5.45336e-5 0.06273031 0.03125637 5.4392e-5 0.06270885 0.03127545 5.43753e-5 0.06270819 0.03127473 0.02834463 0.06257975 0.0313903 5.42635e-5 0.06244045 0.03153592 5.41425e-5 0.06240141 0.03158396 5.41089e-5 0.06240004 0.03158283 0.02834463 0.06231331 0.03169226 5.40326e-5 0.06219923 0.03185838 5.3932e-5 0.06215184 0.03194081 5.38929e-5 0.06215012 0.0319398 0.02834463 0.06209886 0.03203308 5.38463e-5 0.06201291 0.03221535 5.37718e-5 0.06196767 0.03233546 5.37327e-5 0.06196594 0.03233474 0.02834463 0.06194186 0.03240394 5.37103e-5 0.06188631 0.03259766 5.36619e-5 0.06185442 0.03275597 5.36339e-5 0.06184649 0.03279519 5.36284e-5 0.06185311 0.03275567 0.02834463 0.06182271 0.03299528 5.3606e-5 0.06181591 0.03312915 5.36004e-5 0.0618171 0.03309184 5.36004e-5 0.03726035 0.03498971 3.23085e-5 0.03576755 0.03498971 3.10159e-5 0.03976684 0.03586262 1.45817e-5 0.03441059 0.0366832 3.1746e-5 0.02190029 0.03659528 9.57931e-5 0.02189987 0.03740185 1.19113e-4 0.01475721 0.03735572 1.46286e-4 0.01475727 0.03815823 1.50952e-4 0.07972049 0.04267895 0.006069898 0.07875597 0.04195386 0.004818141 0.08030295 0.04197388 0.005260825 -0.01865953 0.04267895 1.98645e-4 -0.01746958 0.04267895 1.98117e-4 0.07627475 0.04267895 0.005289256 -0.01615005 0.04267895 1.92654e-4 0.07457572 0.04267895 0.004977583 0.07537174 0.04267895 0.005118906 -0.01462382 0.04267895 1.84507e-4 0.07035833 0.04267895 0.003992199 0.07457602 0.04236036 0.004561603 0.07061749 0.04179805 0.003074228 0.07457745 0.0411207 0.00295484 0.0745781 0.04045444 0.002189755 0.07060557 0.04045277 0.001731753 0.0745787 0.03972268 0.001487374 0.07059919 0.03970289 0.001139879 0.07457923 0.03890287 8.90949e-4 0.07457959 0.03799152 4.48518e-4 0.07059246 0.03887432 6.45318e-4 0.07457983 0.03701305 1.8669e-4 0.07058537 0.0379641 2.89057e-4 0.07057791 0.03699374 9.46438e-5 0.06181615 0.033261 5.36004e-5 0.06181526 0.03321331 5.35986e-5 0.04173868 0.03498971 3.61921e-5 0.04024589 0.03498971 3.48995e-5 0.06181514 0.03318983 0.02834463 0.04512774 0.03589147 1.57116e-6 0.03977674 0.03673243 6.60326e-7 0.04514098 0.0367881 -2.80505e-5 0.03441596 0.03752624 4.77722e-5 0.02189952 0.0382142 1.29578e-4 -0.008036077 0.04267895 1.66549e-4 -0.006544113 0.04267895 1.67464e-4 -0.009399473 0.04267895 1.67224e-4 -0.01064383 0.04267895 1.692e-4 0.03442102 0.03836375 7.99196e-5 0.03979521 0.03844696 6.48285e-5 0.04516577 0.03854054 6.21742e-5 0.05053168 0.03863716 8.27136e-5 0.05455374 0.03870332 1.22731e-4 0.06605023 0.03498971 5.72717e-5 0.06655722 0.03598535 1.65859e-5 0.06657022 0.03697305 2.53422e-5 0.06658273 0.03793483 1.64651e-4 0.06659471 0.03884303 4.47259e-4 0.06660616 0.03967916 8.52735e-4 0.06661713 0.04044556 0.001346886 0.06663781 0.04183912 0.002492308 0.06820982 0.04267895 0.003558158 0.06600654 0.04267895 0.003160595 0.06372725 0.04267895 0.002797365 0.003283858 0.04267895 2.06125e-4 0.01353853 0.04267895 2.91134e-4 9.50774e-4 0.04267895 1.92816e-4 0.005755841 0.04267895 2.22548e-4 -0.01375925 0.04267895 1.80136e-4 -0.004913866 0.04267895 1.70243e-4 0.008320093 0.04267895 2.42147e-4 0.01609945 0.04267895 3.20652e-4 -0.001196801 0.04267895 1.82551e-4 -0.01281416 0.04267895 1.75939e-4 -0.00313574 0.04267895 1.75175e-4 -0.01177889 0.04267895 1.72199e-4 0.06135094 0.04267895 0.002466619 0.06263828 0.04186606 0.00200808 0.01857405 0.04267895 3.53576e-4 0.0588563 0.04267895 0.002166211 0.02333587 0.04267895 4.29508e-4 0.02786856 0.04267895 5.19753e-4 0.03217488 0.04267895 6.25449e-4 0.06453937 0.03567975 2.445e-5 0.06438046 0.03568899 2.32114e-5 0.0625416 0.03597384 -1.08683e-6 0.06469738 0.03566044 2.62512e-5 0.06255704 0.03694909 -2.0721e-5 0.06474906 0.03565073 2.70279e-5 0.0591737 0.03668951 -4.32832e-5 0.06485384 0.03563112 2.86037e-5 0.05929023 0.03673332 -4.32832e-5 0.06500816 0.03559184 3.14964e-5 0.05931282 0.03674674 -4.32832e-5 0.05753344 0.03650707 -4.32832e-5 0.06516963 0.03553724 3.38918e-5 0.0647493 0.03565186 0.02834463 0.05933135 0.0367617 -4.32832e-5 0.06522202 0.03551954 3.46685e-5 0.06517022 0.03553903 0.02834463 0.05679577 0.03647589 -4.32832e-5 0.05933898 0.03677028 -4.32832e-5 0.06542855 0.03542822 3.8621e-5 0.05934476 0.03677946 -4.32832e-5 0.06556409 0.03535294 4.18453e-5 0.05934828 0.03678917 -4.32832e-5 0.06562596 0.03531861 4.33205e-5 0.06556516 0.03535491 0.02834463 0.05934906 0.03679406 -4.32832e-5 0.0658127 0.03519165 4.8724e-5 0.05934917 0.03679889 -4.32832e-5 0.06592184 0.03510457 5.24158e-5 0.05934762 0.03680819 -4.32832e-5 0.06593459 0.03509438 5.28479e-5 0.06592214 0.03510493 0.02834463 0.05934423 0.03681665 -4.32832e-5 0.05933403 0.0368312 -4.32832e-5 0.05930745 0.03685379 -4.32832e-5 0.05597835 0.03645521 -4.32832e-5 0.05923396 0.03689193 -4.32832e-5 0.05903798 0.0369547 -4.32832e-5 0.06257188 0.03790104 7.58814e-5 0.05855631 0.03786027 1.93985e-5 0.05857139 0.03875964 1.91695e-4 0.05456835 0.0395497 3.34448e-4 0.05055844 0.04029154 4.70436e-4 0.0452091 0.0417717 7.86184e-4 0.04011988 0.04267895 8.8778e-4 0.03625774 0.04267895 7.47745e-4 0.0562222 0.04267895 0.001894176 0.05862659 0.0418747 0.001613795 0.06261324 0.04042857 0.001036107 0.04376429 0.04267895 0.001046657 0.06881517 0.03318983 0.0303446 0.08558058 0.0330156 0.0303446 0.08506238 0.0330609 0.0303446 0.08455991 0.03319555 0.0303446 0.0859701 0.03304111 0.01434463 0.08660125 0.03319555 0.0303446 0.0687468 0.03397125 0.0303446 0.0840885 0.03341543 0.0303446 0.08366239 0.03371375 0.0303446 0.08329457 0.03408157 0.0303446 0.08299618 0.03450769 0.0303446 0.08259636 0.03599983 0.0303446 0.06585425 0.03741842 0.0303446 0.06656515 0.03708696 0.0303446 0.06509661 0.03762143 0.0303446 0.06720769 0.036637 0.0303446 0.08264172 0.03651803 0.0303446 0.06776237 0.03608238 0.0303446 0.06431519 0.0376898 0.0303446 0.06821227 0.03543984 0.0303446 0.06854379 0.03472888 0.0303446 0.08264172 0.03548163 0.0303446 0.08277636 0.03497916 0.0303446 0.08207768 0.03558278 0.001239478 0.08048593 0.0363965 9.21407e-4 0.08050042 0.0354914 8.24272e-4 0.07889354 0.0363335 5.53115e-4 0.07887488 0.03724664 7.31138e-4 0.0844078 0.03874415 0.01434463 0.08408004 0.03860837 0.01434463 0.08408004 0.03860837 0.01084458 0.08345872 0.03813159 0.01084458 0.08443939 0.0387572 0.01434463 0.08451938 0.03707093 0.01084458 0.08428102 0.03676027 0.01084458 0.08428102 0.03676027 0.005400657 0.08413118 0.03639853 0.005400657 0.08413118 0.03639853 -4.32832e-5 0.08268225 0.03678673 -4.32832e-5 0.08259505 0.03632402 0.001487255 0.08206003 0.03647679 0.001360177 0.08264857 0.03665417 0.001578032 0.08045893 0.03729176 0.001148819 0.07885611 0.0381323 0.001063883 0.08345872 0.03813159 0.01434463 0.08329796 0.03792208 0.01434463 0.082982 0.03751027 0.01084458 0.08366239 0.03828591 0.0303446 0.08413118 0.03639853 0.01084458 0.08408004 0.03601026 0.005400657 0.08413118 0.03562206 -4.32832e-5 0.082982 0.03451031 -4.32832e-5 0.0826655 0.03536123 0.01434463 0.08268225 0.03523385 0.01434463 0.08268225 0.03523385 0.01084458 0.08413118 0.03562206 0.01084458 0.08408004 0.03601026 0.01084458 0.08413118 0.03562206 0.005400657 0.08428102 0.03526031 0.005400657 0.08428102 0.03526031 -4.32832e-5 0.08451938 0.0349496 -4.32832e-5 0.08408004 0.03341221 -4.32832e-5 0.08434772 0.03327441 0.001720428 0.08268225 0.03678673 0.01434463 0.08265829 0.03660452 0.01434463 0.08258002 0.03601026 0.01084458 0.08264678 0.03651738 0.01434463 0.08268225 0.03678673 0.01084458 0.08321309 0.03418314 0.01434463 0.08329749 0.03408414 0.01434463 0.08272784 0.03512376 0.01434463 0.08294391 0.0346021 0.01434463 0.08277946 0.03498029 0.01434463 0.08282351 0.0348578 0.01434463 0.08485013 0.03310638 0.01434463 0.08553737 0.0330159 0.01434463 0.08413255 0.03339046 0.01434463 0.08443862 0.03324276 0.01434463 0.08456146 0.0331999 0.01434463 0.08408612 0.03340971 0.01434463 0.08408004 0.03341221 0.01434463 0.08351618 0.03384488 0.01434463 0.08403342 0.03344798 0.01434463 0.08366519 0.03371703 0.01434463 0.08376389 0.03363227 0.01434463 -0.0421856 0.05057895 0.0303446 -0.007185578 0.05057895 0.02534461 -0.007185578 0.05057895 0.0303446 0.00531435 0.05147892 0.0303446 0.005283951 0.05182623 0.0303446 0.005193769 0.052163 0.0303446 0.005283951 0.05182623 0.02534461 0.005193769 0.052163 0.02534461 0.005046427 0.05247896 0.0303446 0.004846453 0.05276453 0.0303446 0.005046427 0.05247896 0.02534461 0.004599928 0.05301105 0.0303446 0.004846453 0.05276453 0.02534461 0.004599928 0.05301105 0.02534461 0.004314363 0.05321097 0.0303446 0.003998398 0.05335831 0.0303446 0.004314363 0.05321097 0.02534461 0.003661632 0.05344855 0.0303446 0.003314375 0.05347895 0.0303446 0.003314375 0.05347895 0.02534461 -0.05268561 0.05347895 0.0303446 -0.05268561 0.05347895 0.02534461 0.06206518 0.0292927 0.0303446 0.06142258 0.02974265 0.0303446 0.06086796 0.03029727 0.0303446 0.06041806 0.03093981 0.0303446 0.06008654 0.03165072 0.0303446 0.05988353 0.03240841 0.0303446 0.05981516 0.03318983 0.0303446 0.05988353 0.03397125 0.0303446 0.06008654 0.03472888 0.0303446 0.06041806 0.03543984 0.0303446 0.06086796 0.03608238 0.0303446 0.06196594 0.03404486 0.02834463 0.06142258 0.036637 0.0303446 0.06215012 0.0344398 0.02834463 0.06206518 0.03708696 0.0303446 0.06277608 0.03741842 0.0303446 0.06353378 0.03762143 0.0303446 0.06388103 0.03565186 0.02834463 0.06182056 0.0330252 5.36041e-5 -0.08953857 0.01868194 -0.00224328 -0.08912855 0.01851212 0.003256678 -0.08877646 0.01824194 0.003256678 -0.08877646 0.01824194 0.008756697 -0.08850634 0.01788985 0.008756697 -0.08833652 0.01747989 -0.00224328 -0.08833652 0.01747989 0.003256678 -0.08827859 0.01703989 0.003256678 -0.08850634 0.01788985 0.003256678 -0.08646517 0.01827979 0.008756697 -0.05441766 0.05247896 0.0303446 -0.05421769 0.05276453 0.0303446 -0.05397117 0.05301105 0.0303446 -0.05456495 0.052163 0.0303446 -0.05441766 0.05247896 0.02534461 -0.05421769 0.05276453 0.02534461 -0.05456495 0.052163 0.02534461 0.08277636 0.0370205 0.0303446 0.08299618 0.03749191 0.0303446 0.08329457 0.03791803 0.0303446 0.08297759 0.03749966 0.01434463 0.0840885 0.03858423 0.0303446 0.082982 0.03751027 0.01434463 0.003661632 0.05344855 0.02534461 0.003998398 0.05335831 0.02534461 0.08455884 0.03880667 0.01434463 0.08609926 0.03894191 0.01434463 0.08558005 0.03901028 0.01084458 0.08480358 0.03890806 0.01084458 0.08635652 0.03890806 0.01434463 0.08483004 0.03730934 0.01084458 0.08451938 0.03707093 0.005400657 0.08428102 0.03676027 -4.32832e-5 0.082982 0.03751027 -4.32832e-5 0.08285498 0.0372684 0.001837551 0.0831713 0.0378012 0.002163589 0.08202636 0.03735715 0.001618266 0.08043169 0.03815788 0.001513957 0.08708006 0.03341221 0.01434463 0.08712261 0.03344488 0.01434463 0.08770138 0.03388899 0.01084458 0.08764952 0.03384917 0.01434463 0.08770138 0.03388899 0.01434463 0.08817809 0.03451031 0.01084458 0.08687907 0.03526031 0.01084458 0.08702892 0.03562206 0.01084458 0.08702892 0.03562206 0.005400657 0.08708006 0.03601026 0.005400657 0.08708006 0.03601026 -4.32832e-5 0.08702892 0.03639853 -4.32832e-5 0.08847784 0.03678673 -4.32832e-5 0.08817809 0.03751027 -4.32832e-5 0.08841723 0.03697544 0.003770828 0.08855491 0.03637349 0.003674149 0.08813947 0.03756982 0.003883183 0.09015113 0.03709334 0.004551112 0.09010171 0.03790324 0.004864752 0.09307974 0.03737044 0.005985081 0.09303075 0.0381515 0.006306529 0.09692877 0.03775477 0.008002698 0.09688413 0.03849607 0.008328318 0.09883826 0.03794878 0.009038329 0.09879708 0.0386697 0.009363889 0.100743 0.0381416 0.01008236 0.1007058 0.0388419 0.01040673 0.1016947 0.03823703 0.01060539 0.1016598 0.03892695 0.01092869 0.1026467 0.0383315 0.01112806 0.1026142 0.03901094 0.01144999 0.1043163 0.0385555 0.01206821 0.08817201 0.03450232 0.01434463 0.08817809 0.03451031 0.01434463 0.08847784 0.03523385 0.01084458 0.08812689 0.03444349 0.01434463 0.08708006 0.03601026 0.01084458 0.08702892 0.03639853 0.005400657 0.08687907 0.03676027 -4.32832e-5 0.08770138 0.03813159 -4.32832e-5 0.08771687 0.03811246 0.003972887 0.08717483 0.03854912 0.004003405 0.09005254 0.03869128 0.005275666 0.08687055 0.03871691 0.003988444 0.08847784 0.03678673 0.01434463 0.08840656 0.03695875 0.01434463 0.08817809 0.03751027 0.01084458 0.08838158 0.03701913 0.01434463 0.08847784 0.03678673 0.01084458 0.08702892 0.03639853 0.01084458 0.08687907 0.03676027 0.01084458 0.08687907 0.03676027 0.005400657 0.08770138 0.03813159 0.01084458 0.08664071 0.03707093 0.005400657 0.08664071 0.03707093 0.01084458 0.08664071 0.03707093 -4.32832e-5 0.08633005 0.03730934 -4.32832e-5 0.08633005 0.03730934 0.005400657 0.08596831 0.03745919 -4.32832e-5 0.08635652 0.03890806 -4.32832e-5 0.08558005 0.03901028 -4.32832e-5 0.08588516 0.03899437 0.003800272 0.08621954 0.0389406 0.003887712 0.08522862 0.03899002 0.003557562 0.08406317 0.03860008 0.002892136 0.08357906 0.0382474 0.002524018 0.08199244 0.03820919 0.002002656 0.08408004 0.03860837 -4.32832e-5 0.08708006 0.03860837 0.01434463 0.08676981 0.03873687 0.01434463 0.08635652 0.03890806 0.01084458 0.0866751 0.03877609 0.01434463 0.08708006 0.03860837 0.01084458 0.08708709 0.03860294 0.01434463 0.08731091 0.03843122 0.01434463 0.08748131 0.03830045 0.01434463 0.08786576 0.03791737 0.01434463 0.0878514 0.03793609 0.01434463 0.08770138 0.03813159 0.01434463 0.08825695 0.03731995 0.01434463 0.08818268 0.03749924 0.01434463 0.08817809 0.03751027 0.01434463 0.08851331 0.0365172 0.01434463 0.0884999 0.03661888 0.01434463 0.08856064 0.03615754 0.01434463 0.08858007 0.03601026 0.01434463 0.08858007 0.03601026 0.01084458 0.08786666 0.03408157 0.0303446 0.08816504 0.03450769 0.0303446 0.08838486 0.03497916 0.0303446 0.08749884 0.03371375 0.0303446 0.08707273 0.03341543 0.0303446 0.08707493 0.03341007 0.01434463 0.0870319 0.03339225 0.01434463 0.08672261 0.03324276 0.01434463 0.08857846 0.03599804 0.01434463 0.08856225 0.03587484 0.01434463 0.0885393 0.03561025 0.01434463 0.08851659 0.03548216 0.01434463 0.08579671 0.03302341 0.01434463 0.08609867 0.03306186 0.01434463 0.08639818 0.03312975 0.01434463 0.08659976 0.03319996 0.01434463 0.08858007 0.03601026 -4.32832e-5 0.101715 0.03753226 0.01035499 0.1026659 0.03763782 0.01087492 0.03278195 0.03498971 2.84268e-5 0.06181865 0.03305733 5.36023e-5 0.03427475 0.03498971 2.97213e-5 0.06181526 0.0331695 5.35986e-5 0.03875309 0.03498971 3.36049e-5 0.06181818 0.03331315 5.36023e-5 0.04323148 0.03498971 3.74867e-5 0.06181526 0.03318983 5.35986e-5 0.03978615 0.03759574 1.63382e-5 0.04515361 0.03767412 -8.83544e-6 0.0487287 0.03705406 -4.32832e-5 0.05051743 0.03775542 -1.93687e-5 0.05453854 0.03781169 -1.03088e-5 0.05196738 0.03736627 -4.32832e-5 0.06183487 0.03350323 5.36172e-5 0.06182169 0.03337037 5.36041e-5 0.04770982 0.03498971 4.13684e-5 0.04472422 0.03498971 3.87812e-5 0.05048733 0.03592145 -8.48526e-6 0.04998356 0.03662049 -4.32832e-5 0.04939055 0.0366894 -4.32832e-5 0.05742686 0.03718841 -4.32832e-5 0.05069243 0.03656291 -4.32832e-5 0.05673521 0.03724634 -4.32832e-5 0.04891604 0.03677463 -4.32832e-5 0.04871541 0.03683447 -4.32832e-5 0.05518758 0.03733348 -4.32832e-5 0.04863679 0.0368722 -4.32832e-5 0.04860514 0.03698664 -4.32832e-5 0.04860568 0.03689557 -4.32832e-5 0.05352967 0.03737521 -4.32832e-5 0.04858988 0.03696811 -4.32832e-5 0.04862517 0.03700292 -4.32832e-5 0.0485928 0.03690999 -4.32832e-5 0.04858481 0.03695797 -4.32832e-5 0.04858762 0.0369184 -4.32832e-5 0.05127489 0.03734457 -4.32832e-5 0.04858207 0.03694754 -4.32832e-5 0.04898869 0.03712618 -4.32832e-5 0.0485838 0.03692746 -4.32832e-5 0.05064904 0.03731304 -4.32832e-5 0.04858183 0.03693717 -4.32832e-5 0.04959428 0.03722196 -4.32832e-5 0.05341899 0.04267895 0.001648187 0.05460888 0.0418635 0.001297056 0.050583 0.04183292 0.001044273 0.05860006 0.04039782 7.93301e-4 0.05041098 0.04267895 0.001425743 0.05458241 0.04035204 6.0841e-4 0.0471937 0.04267895 0.00122565 0.058586 0.03960496 4.56962e-4 0.06260001 0.03964769 6.26855e-4 0.06258624 0.03880584 2.97497e-4 0.06329643 0.03547281 3.03379e-5 0.0631532 0.03540337 3.35621e-5 0.06306576 0.03535383 3.59295e-5 0.06344377 0.03553307 2.76463e-5 0.06301468 0.03532493 3.73116e-5 0.06346029 0.03553861 2.74116e-5 0.06306517 0.03535491 0.02834463 0.06359469 0.03558373 2.55024e-5 0.06374853 0.03562474 2.39155e-5 0.06388115 0.0356512 2.30419e-5 0.06390464 0.03565585 2.28891e-5 0.06406241 0.03567701 2.24291e-5 0.06422126 0.03568804 2.25352e-5 0.06431519 0.03568857 2.29338e-5 0.06431519 0.03568983 0.02834463 0.06263285 0.03503906 5.15329e-5 0.0625801 0.03498971 5.42561e-5 0.05965209 0.03498971 5.17247e-5 0.06270819 0.03510493 0.02834463 0.06270897 0.03510403 4.82546e-5 0.05949002 0.03596323 -8.61192e-6 0.06275397 0.03514242 4.63156e-5 0.05888193 0.03662836 -4.32832e-5 0.05852437 0.03595948 -1.00443e-5 0.06288141 0.03523784 4.15696e-5 0.06209111 0.03433161 5.38388e-5 0.06200563 0.0341469 5.37643e-5 0.05666655 0.03498971 4.91357e-5 0.06215178 0.03443884 5.3891e-5 0.06219136 0.0345087 5.39245e-5 0.05450642 0.03594195 -1.19163e-5 0.06227713 0.03463774 5.3999e-5 0.06240004 0.03479677 0.02834463 0.06237077 0.03476125 5.4081e-5 0.05419474 0.03644627 -4.32832e-5 0.06240081 0.03479611 5.41071e-5 0.06247192 0.03487873 5.41685e-5 0.06191122 0.03387612 5.36824e-5 0.06186127 0.0336678 5.36395e-5 0.05368095 0.03498971 4.65466e-5 0.05069535 0.03498971 4.39594e-5 0.05236381 0.03648179 -4.32832e-5 0.05149364 0.03651666 -4.32832e-5 0.05804216 0.0371223 -4.32832e-5 0.08501964 0.03306877 0.01434463 0.08506256 0.03306186 0.01434463 0.08519113 0.03304111 0.01434463 0.08536386 0.03302347 0.01434463 0.08258169 0.03599786 0.01434463 0.08259958 0.0358622 0.01434463 0.08258002 0.03601026 0.01434463 0.08260136 0.03617203 0.01434463 0.08262193 0.03561031 0.01434463 0.08264434 0.0354821 0.01434463 0.08407372 0.03860348 0.01434463 0.08383345 0.03841912 0.01434463 0.08369594 0.03831362 0.01434463 0.08329474 0.03791791 0.01434463 0.08313304 0.03770714 0.01434463 0.08366143 0.03828716 0.01434463 0.08275997 0.03697437 0.01434463 0.082897 0.03730517 0.01434463 0.08277869 0.03701955 0.01434463 -0.05303287 0.05344855 0.0303446 -0.05336964 0.05335831 0.0303446 -0.0536856 0.05321097 0.0303446 -0.05336964 0.05335831 0.02534461 -0.0536856 0.05321097 0.02534461 -0.05303287 0.05344855 0.02534461 -0.05397117 0.05301105 0.02534461 0.06185311 0.03362393 0.02834463 0.06196957 0.03404361 5.37345e-5 0.06346011 0.03553903 0.02834463 0.08519184 0.03745919 0.01084458 0.08558005 0.03751027 0.01084458 0.08483004 0.03730934 0.005400657 0.08519184 0.03745919 0.005400657 0.08483004 0.03730934 -4.32832e-5 0.08451938 0.03707093 -4.32832e-5 0.08345872 0.03813159 -4.32832e-5 0.08660221 0.03880631 0.01434463 0.08739733 0.03363233 0.01434463 0.08749598 0.03371715 0.01434463 0.08774292 0.03394311 0.01434463 0.08786356 0.03408426 0.01434463 0.08794814 0.03418314 0.01434463 0.08821225 0.03459262 0.01434463 0.08833765 0.0348578 0.01434463 0.08838152 0.03498035 0.01434463 0.08843648 0.03513401 0.01434463 0.08847784 0.03523385 0.01434463 0.08708006 0.03860837 -4.32832e-5 0.08655077 0.03884768 0.003950476 0.08749938 0.03828662 0.01434463 0.08633005 0.03730934 0.01084458 0.08596831 0.03745919 0.005400657 0.08558005 0.03751027 -4.32832e-5 0.08519184 0.03745919 -4.32832e-5 0.08480358 0.03890806 -4.32832e-5 0.0846163 0.03885227 0.003245651 0.08596831 0.03745919 0.01084458 0.08558005 0.03751027 0.005400657 0.08849298 0.03534877 0.01434463 0.06185424 0.03362375 5.36339e-5 0.09675544 -0.04062515 0.009823381 0.09284859 -0.04106152 0.008545756 0.09289222 -0.0403828 0.007849276 0.08993422 -0.04093551 0.007116377 0.0899766 -0.04023855 0.006400227 0.09282112 -0.0417369 0.009245753 0.0966835 -0.04192215 0.0111593 0.1005368 -0.04212081 0.01308286 0.1006061 -0.0408889 0.01181447 0.1023992 -0.0425266 0.01433932 0.102532 -0.04101753 0.01280689 0.1043159 -0.0417239 0.0143454 0.1043252 -0.0412212 0.01381933 -0.01668363 -0.05842101 0.03334462 -0.01668363 -0.05842101 0.07434463 -0.1226836 -0.05842101 0.03334462 -0.1226836 -0.05842101 0.07434463 -0.01368361 0.05557894 0.03334462 -0.01368361 0.05557894 0.07434463 -0.01368361 -0.05542099 0.03334462 -0.01368361 -0.05542099 0.07434463 -0.01668363 0.05857896 0.03334462 -0.1226836 0.05857896 0.03334462 -0.01668363 0.05857896 0.07434463 -0.1226836 0.05857896 0.07434463 -0.1256836 -0.02397543 0.05734235 -0.1256836 -0.03782492 0.05734235 -0.1256836 -0.05542099 0.07434463 -0.1256836 -0.05542099 0.03334462 -0.1256836 -0.008303582 0.05272585 -0.1256836 0.05557894 0.03334462 -0.1256836 0.006517767 0.05272585 -0.1256836 0.02461934 0.05734235 -0.1256836 0.05557894 0.07434463 -0.1256836 -0.03782492 0.05272585 -0.1256836 -0.02397543 0.05272585 -0.1256836 -0.008303582 0.05734235 -0.1256836 0.006517767 0.05734235 -0.1256836 0.02461934 0.05272585 -0.1256836 0.04114156 0.05272585 -0.1256836 0.04114156 0.05734235 -0.1226836 -0.05542099 0.07734459 -0.01668363 -0.05542099 0.07734459 -0.1226836 0.05557894 0.07734459 -0.01668363 0.05557894 0.07734459 -0.1136801 -0.04487377 0.0303446 -0.02418363 -0.04382097 0.0303446 -0.113608 -0.04514318 0.0303446 -0.1135836 -0.045421 0.0303446 -0.02575927 0.04530113 0.0303446 -0.02568709 0.04503172 0.0303446 -0.01668363 -0.05542099 0.0303446 -0.02556926 0.04477894 0.0303446 -0.02540928 0.04455047 0.0303446 -0.02521204 0.0443533 0.0303446 -0.02498364 0.04419332 0.0303446 -0.022798 0.04477894 0.0303446 -0.0226801 0.04503172 0.0303446 -0.02260792 0.04530113 0.0303446 -0.01668363 0.05557894 0.0303446 -0.0225836 0.04557895 0.0303446 -0.02473086 0.04407542 0.0303446 -0.02446144 0.04400324 0.0303446 -0.02418363 0.04397892 0.0303446 -0.02390575 0.04400324 0.0303446 -0.0236364 0.04407542 0.0303446 -0.02338361 0.04419332 0.0303446 -0.1157308 0.04407542 0.0303446 -0.1154615 0.04400324 0.0303446 -0.02315515 -0.04419535 0.0303446 -0.1151836 0.04397892 0.0303446 -0.1149058 0.04400324 0.0303446 -0.1167836 0.04557895 0.0303446 -0.113958 -0.04439252 0.0303446 -0.1141552 -0.04419535 0.0303446 -0.1159836 0.04419332 0.0303446 -0.02338361 -0.04403537 0.0303446 -0.1162121 0.0443533 0.0303446 -0.0236364 -0.04391747 0.0303446 -0.02390575 -0.04384529 0.0303446 -0.02315515 0.0443533 0.0303446 -0.02295792 0.04455047 0.0303446 -0.02295792 -0.04439252 0.0303446 -0.02578359 0.04557895 0.0303446 -0.113958 0.04455047 0.0303446 -0.113798 0.04477894 0.0303446 -0.1136801 0.04503172 0.0303446 -0.02575927 0.04585677 0.0303446 -0.113608 0.04530113 0.0303446 -0.02418363 0.04717892 0.0303446 -0.02446144 0.04715466 0.0303446 -0.02521204 0.0468046 0.0303446 -0.02540928 0.04660743 0.0303446 -0.02498364 0.04696458 0.0303446 -0.02556926 0.04637897 0.0303446 -0.02568709 0.04612618 0.0303446 -0.1165692 0.04477894 0.0303446 -0.1164093 0.04455047 0.0303446 -0.1159836 -0.04403537 0.0303446 -0.1162121 -0.04419535 0.0303446 -0.1226836 0.05557894 0.0303446 -0.1164093 -0.04439252 0.0303446 -0.1165692 -0.04462099 0.0303446 -0.1146364 0.04407542 0.0303446 -0.1143836 0.04419332 0.0303446 -0.1141552 0.0443533 0.0303446 -0.02473086 0.04708248 0.0303446 -0.113798 -0.04462099 0.0303446 -0.1167593 0.04530113 0.0303446 -0.1166871 0.04503172 0.0303446 -0.02260792 0.04585677 0.0303446 -0.0226801 0.04612618 0.0303446 -0.022798 0.04637897 0.0303446 -0.02295792 0.04660743 0.0303446 -0.02315515 0.0468046 0.0303446 -0.02338361 0.04696458 0.0303446 -0.1166871 -0.04487377 0.0303446 -0.1167593 -0.04514318 0.0303446 -0.1226836 -0.05542099 0.0303446 -0.1167836 -0.045421 0.0303446 -0.1167593 -0.04569882 0.0303446 -0.1166871 -0.04596823 0.0303446 -0.1165692 -0.04622101 0.0303446 -0.02260792 -0.04569882 0.0303446 -0.0225836 -0.045421 0.0303446 -0.02260792 -0.04514318 0.0303446 -0.0226801 -0.04487377 0.0303446 -0.022798 -0.04462099 0.0303446 -0.0236364 0.04708248 0.0303446 -0.02390575 0.04715466 0.0303446 -0.1164093 -0.04644948 0.0303446 -0.1162121 -0.04664665 0.0303446 -0.1159836 -0.04680663 0.0303446 -0.1135836 0.04557895 0.0303446 -0.113608 0.04585677 0.0303446 -0.1136801 0.04612618 0.0303446 -0.113798 0.04637897 0.0303446 -0.113958 0.04660743 0.0303446 -0.1141552 0.0468046 0.0303446 -0.1143836 0.04696458 0.0303446 -0.1146364 0.04708248 0.0303446 -0.1149058 0.04715466 0.0303446 -0.1151836 0.04717892 0.0303446 -0.1157308 -0.04692453 0.0303446 -0.1154615 -0.04699671 0.0303446 -0.1151836 -0.04702097 0.0303446 -0.1154615 0.04715466 0.0303446 -0.1157308 0.04708248 0.0303446 -0.1159836 0.04696458 0.0303446 -0.1143836 -0.04403537 0.0303446 -0.1146364 -0.04391747 0.0303446 -0.1149058 -0.04384529 0.0303446 -0.1141552 -0.04664665 0.0303446 -0.113958 -0.04644948 0.0303446 -0.02498364 -0.04403537 0.0303446 -0.02521204 -0.04419535 0.0303446 -0.1136801 -0.04596823 0.0303446 -0.02540928 -0.04439252 0.0303446 -0.02556926 -0.04462099 0.0303446 -0.02568709 -0.04487377 0.0303446 -0.1162121 0.0468046 0.0303446 -0.1164093 0.04660743 0.0303446 -0.1165692 0.04637897 0.0303446 -0.1149058 -0.04699671 0.0303446 -0.1146364 -0.04692453 0.0303446 -0.1143836 -0.04680663 0.0303446 -0.113608 -0.04569882 0.0303446 -0.02446144 -0.04384529 0.0303446 -0.02473086 -0.04391747 0.0303446 -0.02575927 -0.04514318 0.0303446 -0.02578359 -0.045421 0.0303446 -0.02575927 -0.04569882 0.0303446 -0.1166871 0.04612618 0.0303446 -0.1167593 0.04585677 0.0303446 -0.02568709 -0.04596823 0.0303446 -0.02556926 -0.04622101 0.0303446 -0.02540928 -0.04644948 0.0303446 -0.1151836 -0.04382097 0.0303446 -0.1154615 -0.04384529 0.0303446 -0.1157308 -0.04391747 0.0303446 -0.113798 -0.04622101 0.0303446 -0.02521204 -0.04664665 0.0303446 -0.02498364 -0.04680663 0.0303446 -0.02473086 -0.04692453 0.0303446 -0.02446144 -0.04699671 0.0303446 -0.02418363 -0.04702097 0.0303446 -0.02390575 -0.04699671 0.0303446 -0.0236364 -0.04692453 0.0303446 -0.02338361 -0.04680663 0.0303446 -0.02315515 -0.04664665 0.0303446 -0.02295792 -0.04644948 0.0303446 -0.022798 -0.04622101 0.0303446 -0.0226801 -0.04596823 0.0303446 -0.1216836 0.02461934 0.05734235 -0.1216836 0.02461934 0.05272585 -0.1216836 0.04114156 0.05272585 -0.1216836 0.04114156 0.05734235 -0.1216836 -0.008303582 0.05734235 -0.1216836 -0.008303582 0.05272585 -0.1216836 0.006517767 0.05272585 -0.1216836 0.006517767 0.05734235 -0.1216836 -0.03782492 0.05734235 -0.1216836 -0.03782492 0.05272585 -0.1216836 -0.02397543 0.05272585 -0.1216836 -0.02397543 0.05734235 -0.1135836 -0.045421 0.03334462 -0.113608 -0.04569882 0.03334462 -0.1136801 -0.04596823 0.03334462 -0.113798 -0.04622101 0.03334462 -0.113958 -0.04644948 0.03334462 -0.1141552 -0.04664665 0.03334462 -0.1143836 -0.04680663 0.03334462 -0.1146364 -0.04692453 0.03334462 -0.1149058 -0.04699671 0.03334462 -0.1151836 -0.04702097 0.03334462 -0.1154615 -0.04699671 0.03334462 -0.1157308 -0.04692453 0.03334462 -0.1159836 -0.04680663 0.03334462 -0.1162121 -0.04664665 0.03334462 -0.1164093 -0.04644948 0.03334462 -0.1165692 -0.04622101 0.03334462 -0.1166871 -0.04596823 0.03334462 -0.1167593 -0.04569882 0.03334462 -0.1167836 -0.045421 0.03334462 -0.1167593 -0.04514318 0.03334462 -0.1166871 -0.04487377 0.03334462 -0.1165692 -0.04462099 0.03334462 -0.1164093 -0.04439252 0.03334462 -0.1162121 -0.04419535 0.03334462 -0.1159836 -0.04403537 0.03334462 -0.1157308 -0.04391747 0.03334462 -0.1154615 -0.04384529 0.03334462 -0.1151836 -0.04382097 0.03334462 -0.1149058 -0.04384529 0.03334462 -0.1146364 -0.04391747 0.03334462 -0.1143836 -0.04403537 0.03334462 -0.1141552 -0.04419535 0.03334462 -0.113958 -0.04439252 0.03334462 -0.113798 -0.04462099 0.03334462 -0.1136801 -0.04487377 0.03334462 -0.113608 -0.04514318 0.03334462 -0.1151836 -0.045421 0.03334462 -0.1135836 0.04557895 0.03334462 -0.113608 0.04530113 0.03334462 -0.1136801 0.04503172 0.03334462 -0.113798 0.04477894 0.03334462 -0.113958 0.04455047 0.03334462 -0.1141552 0.0443533 0.03334462 -0.1143836 0.04419332 0.03334462 -0.1146364 0.04407542 0.03334462 -0.1149058 0.04400324 0.03334462 -0.1151836 0.04397892 0.03334462 -0.1154615 0.04400324 0.03334462 -0.1157308 0.04407542 0.03334462 -0.1159836 0.04419332 0.03334462 -0.1162121 0.0443533 0.03334462 -0.1164093 0.04455047 0.03334462 -0.1165692 0.04477894 0.03334462 -0.1166871 0.04503172 0.03334462 -0.1167593 0.04530113 0.03334462 -0.1167836 0.04557895 0.03334462 -0.1167593 0.04585677 0.03334462 -0.1166871 0.04612618 0.03334462 -0.1165692 0.04637897 0.03334462 -0.1164093 0.04660743 0.03334462 -0.1162121 0.0468046 0.03334462 -0.1159836 0.04696458 0.03334462 -0.1157308 0.04708248 0.03334462 -0.1154615 0.04715466 0.03334462 -0.1151836 0.04717892 0.03334462 -0.1149058 0.04715466 0.03334462 -0.1146364 0.04708248 0.03334462 -0.1143836 0.04696458 0.03334462 -0.1141552 0.0468046 0.03334462 -0.113958 0.04660743 0.03334462 -0.113798 0.04637897 0.03334462 -0.1136801 0.04612618 0.03334462 -0.113608 0.04585677 0.03334462 -0.1151836 0.04557895 0.03334462 -0.0225836 0.04557895 0.03334462 -0.02260792 0.04530113 0.03334462 -0.0226801 0.04503172 0.03334462 -0.022798 0.04477894 0.03334462 -0.02295792 0.04455047 0.03334462 -0.02315515 0.0443533 0.03334462 -0.02338361 0.04419332 0.03334462 -0.0236364 0.04407542 0.03334462 -0.02390575 0.04400324 0.03334462 -0.02418363 0.04397892 0.03334462 -0.02446144 0.04400324 0.03334462 -0.02473086 0.04407542 0.03334462 -0.02498364 0.04419332 0.03334462 -0.02521204 0.0443533 0.03334462 -0.02540928 0.04455047 0.03334462 -0.02556926 0.04477894 0.03334462 -0.02568709 0.04503172 0.03334462 -0.02575927 0.04530113 0.03334462 -0.02578359 0.04557895 0.03334462 -0.02575927 0.04585677 0.03334462 -0.02568709 0.04612618 0.03334462 -0.02556926 0.04637897 0.03334462 -0.02540928 0.04660743 0.03334462 -0.02521204 0.0468046 0.03334462 -0.02498364 0.04696458 0.03334462 -0.02473086 0.04708248 0.03334462 -0.02446144 0.04715466 0.03334462 -0.02418363 0.04717892 0.03334462 -0.02390575 0.04715466 0.03334462 -0.0236364 0.04708248 0.03334462 -0.02338361 0.04696458 0.03334462 -0.02315515 0.0468046 0.03334462 -0.02295792 0.04660743 0.03334462 -0.022798 0.04637897 0.03334462 -0.0226801 0.04612618 0.03334462 -0.02260792 0.04585677 0.03334462 -0.02418363 0.04557895 0.03334462 -0.0225836 -0.045421 0.03334462 -0.02260792 -0.04569882 0.03334462 -0.0226801 -0.04596823 0.03334462 -0.022798 -0.04622101 0.03334462 -0.02295792 -0.04644948 0.03334462 -0.02315515 -0.04664665 0.03334462 -0.02338361 -0.04680663 0.03334462 -0.0236364 -0.04692453 0.03334462 -0.02390575 -0.04699671 0.03334462 -0.02418363 -0.04702097 0.03334462 -0.02446144 -0.04699671 0.03334462 -0.02473086 -0.04692453 0.03334462 -0.02498364 -0.04680663 0.03334462 -0.02521204 -0.04664665 0.03334462 -0.02540928 -0.04644948 0.03334462 -0.02556926 -0.04622101 0.03334462 -0.02568709 -0.04596823 0.03334462 -0.02575927 -0.04569882 0.03334462 -0.02578359 -0.045421 0.03334462 -0.02575927 -0.04514318 0.03334462 -0.02568709 -0.04487377 0.03334462 -0.02556926 -0.04462099 0.03334462 -0.02540928 -0.04439252 0.03334462 -0.02521204 -0.04419535 0.03334462 -0.02498364 -0.04403537 0.03334462 -0.02473086 -0.04391747 0.03334462 -0.02446144 -0.04384529 0.03334462 -0.02418363 -0.04382097 0.03334462 -0.02390575 -0.04384529 0.03334462 -0.0236364 -0.04391747 0.03334462 -0.02338361 -0.04403537 0.03334462 -0.02315515 -0.04419535 0.03334462 -0.02295792 -0.04439252 0.03334462 -0.022798 -0.04462099 0.03334462 -0.0226801 -0.04487377 0.03334462 -0.02260792 -0.04514318 0.03334462 -0.02418363 -0.045421 0.03334462</float_array>
          <technique_common>
            <accessor source="#nuc_支撑架_降压模块_降低高度-mesh-positions-array" count="4034" stride="3">
              <param name="X" type="float"/>
              <param name="Y" type="float"/>
              <param name="Z" type="float"/>
            </accessor>
          </technique_common>
        </source>
        <source id="nuc_支撑架_降压模块_降低高度-mesh-normals">
          <float_array id="nuc_支撑架_降压模块_降低高度-mesh-normals-array" count="24360">0 1 0 0 1 0 1 0 0 1 0 0 0 -1 0 0 -1 0 -1 0 0 -1 0 0 0 0 -1 0 0 -1 0 0 -1 0 0 -1 0 0 -1 0 0 -1 0 0 -1 0 0 -1 0 0 -1 0 0 -1 0 0 -1 0 0 -1 0 0 -1 0 0 -1 0 0 -1 0 0 -1 0 0 -1 0 0 -1 0 0 -1 0 0 -1 0 0 -1 0 0 -1 0 0 -1 0 0 -1 0 0 -1 0 0 -1 0 0 -1 0 0 -1 0 0 -1 0 0 -1 0 0 -1 0 0 -1 0 0 -1 0 0 -1 0 0 -1 0 0 -1 0 0 -1 0 0 -1 0 0 -1 0 0 -1 0 0 -1 0 0 -1 0 0 -1 0 0 -1 0 0 -1 0 0 -1 0 0 -1 0 0 -1 0 0 1 0 0 1 0 0 1 0 0 1 0 0 1 0 0 1 0 0 1 0 0 1 0 0 1 0 0 1 0 0 1 0 0 1 0 0 1 0 0 1 0 0 1 0 0 1 0 0 1 0 0 1 0 0 1 0 0 1 0 0 1 0 0 1 0 0 1 0 0 1 0 0 1 0 0 1 0 0 1 0 0 1 0 0 1 0 0 1 0 0 1 0 0 1 0 0 1 0 0 1 0 0 1 0 0 1 0 0 1 0 0 1 0 0 1 0 0 1 0 0 1 0 0 1 0 0 1 0 0 1 0 0 1 0 0 1 0 0 1 0 0 1 0.996193 -0.08717459 0 0.996193 -0.08717459 0 0.9659285 -0.2588091 0 0.9659285 -0.2588091 0 0.9063073 -0.4226193 0 0.9063073 -0.4226193 0 0.8191564 -0.5735703 0 0.8191564 -0.5735703 0 0.7071014 -0.7071121 0 0.7071014 -0.7071121 0 0.57358 -0.8191496 0 0.57358 -0.8191496 0 0.4226233 -0.9063054 0 0.4226233 -0.9063054 0 0.2588137 -0.9659273 0 0.2588137 -0.9659273 0 0.08715343 -0.9961949 0 0.08715343 -0.9961949 0 -0.08715343 -0.9961949 0 -0.08715343 -0.9961949 0 -0.2588191 -0.9659258 0 -0.2588191 -0.9659258 0 -0.4226152 -0.9063093 0 -0.4226152 -0.9063093 0 -0.57358 -0.8191496 0 -0.57358 -0.8191496 0 -0.7071121 -0.7071014 0 -0.7071121 -0.7071014 0 -0.8191463 -0.5735846 0 -0.8191463 -0.5735846 0 -0.9063073 -0.4226193 0 -0.9063073 -0.4226193 0 -0.9659285 -0.2588091 0 -0.9659285 -0.2588091 0 -0.9961949 -0.08715343 0 -0.9961949 -0.08715343 0 -0.996195 0.08715248 0 -0.996195 0.08715248 0 -0.9659285 0.2588091 0 -0.9659285 0.2588091 0 -0.9063073 0.4226193 0 -0.9063073 0.4226193 0 -0.8191446 0.5735871 0 -0.8191446 0.5735871 0 -0.7071121 0.7071014 0 -0.7071121 0.7071014 0 -0.57358 0.8191496 0 -0.57358 0.8191496 0 -0.4226152 0.9063093 0 -0.4226152 0.9063093 0 -0.2588191 0.9659258 0 -0.2588191 0.9659258 0 -0.08715343 0.9961949 0 -0.08715343 0.9961949 0 0.08715343 0.9961949 0 0.08715343 0.9961949 0 0.2588137 0.9659273 0 0.2588137 0.9659273 0 0.4226233 0.9063054 0 0.4226233 0.9063054 0 0.57358 0.8191496 0 0.57358 0.8191496 0 0.7071014 0.7071121 0 0.7071014 0.7071121 0 0.8191546 0.5735728 0 0.8191546 0.5735728 0 0.9063073 0.4226193 0 0.9063073 0.4226193 0 0.9659285 0.2588091 0 0.9659285 0.2588091 0 0.9961932 0.0871737 0 0.9961932 0.0871737 0 0.9961932 -0.0871737 0 0.9961932 -0.0871737 0 0.9659285 -0.2588091 0 0.9659285 -0.2588091 0 0.9063073 -0.4226193 0 0.9063073 -0.4226193 0 0.8191546 -0.5735728 0 0.8191546 -0.5735728 0 0.7071014 -0.7071121 0 0.7071014 -0.7071121 0 0.57358 -0.8191496 0 0.57358 -0.8191496 0 0.4226233 -0.9063054 0 0.4226233 -0.9063054 0 0.2588137 -0.9659273 0 0.2588137 -0.9659273 0 0.08715343 -0.9961949 0 0.08715343 -0.9961949 0 -0.08715343 -0.9961949 0 -0.08715343 -0.9961949 0 -0.2588191 -0.9659258 0 -0.2588191 -0.9659258 0 -0.4226152 -0.9063093 0 -0.4226152 -0.9063093 0 -0.57358 -0.8191496 0 -0.57358 -0.8191496 0 -0.7071121 -0.7071014 0 -0.7071121 -0.7071014 0 -0.8191446 -0.5735871 0 -0.8191446 -0.5735871 0 -0.9063073 -0.4226193 0 -0.9063073 -0.4226193 0 -0.9659285 -0.2588091 0 -0.9659285 -0.2588091 0 -0.996195 -0.08715248 0 -0.996195 -0.08715248 0 -0.9961949 0.08715343 0 -0.9961949 0.08715343 0 -0.9659285 0.2588091 0 -0.9659285 0.2588091 0 -0.9063073 0.4226193 0 -0.9063073 0.4226193 0 -0.8191481 0.5735821 0 -0.8191481 0.5735821 0 -0.7071095 0.7071042 0 -0.7071095 0.7071042 0 -0.57358 0.8191496 0 -0.57358 0.8191496 0 -0.4226152 0.9063093 0 -0.4226152 0.9063093 0 -0.2588191 0.9659258 0 -0.2588191 0.9659258 0 -0.08715343 0.9961949 0 -0.08715343 0.9961949 0 0.08715343 0.9961949 0 0.08715343 0.9961949 0 0.2588137 0.9659273 0 0.2588137 0.9659273 0 0.4226233 0.9063054 0 0.4226233 0.9063054 0 0.57358 0.8191496 0 0.57358 0.8191496 0 0.7070987 0.7071148 0 0.7070987 0.7071148 0 0.8191581 0.5735678 0 0.8191581 0.5735678 0 0.9063073 0.4226193 0 0.9063073 0.4226193 0 0.9659285 0.2588091 0 0.9659285 0.2588091 0 0.996193 0.08717459 0 0.996193 0.08717459 0 0.6826725 -0.182914 -0.7074609 0.6496587 -0.2870094 -0.7039668 0.6420773 -0.2994065 -0.7057568 0.5803313 -0.4063534 -0.7057567 0.5803341 -0.4063504 -0.7057561 0.5009522 -0.500954 -0.7057564 0.500949 -0.5009564 -0.7057569 0.4063529 -0.5803315 -0.7057568 0.4063553 -0.5803303 -0.7057564 0.2994062 -0.6420774 -0.7057566 0.2994097 -0.6420766 -0.705756 0.1833676 -0.6843129 -0.7057565 0.1833572 -0.6843138 -0.7057583 0.06174808 -0.7057569 -0.705758 0.06174415 -0.7057566 -0.7057587 -0.06174892 -0.7057563 -0.7057584 -0.06174409 -0.7057576 -0.7057576 -0.1833676 -0.6843121 -0.7057574 -0.1833616 -0.6843147 -0.7057562 -0.2994029 -0.6420794 -0.7057564 -0.2994036 -0.6420788 -0.7057565 -0.4063529 -0.5803319 -0.7057565 -0.4063549 -0.58033 -0.705757 -0.5009521 -0.5009534 -0.7057568 -0.5009559 -0.5009484 -0.7057577 -0.5803312 -0.4063524 -0.7057575 -0.5803267 -0.4063604 -0.7057564 -0.6492681 -0.2853994 -0.7049809 -0.6446757 -0.3006178 -0.7028672 -0.6826725 -0.182914 -0.7074609 -0.6876338 -0.1679885 -0.7063566 -0.7057585 -0.06174343 -0.7057568 -0.7057586 -0.06174367 -0.7057568 -0.7057585 0.06174409 -0.7057568 -0.7057585 0.06174391 -0.7057568 -0.6843158 0.1833543 -0.7057572 -0.6843149 0.1833597 -0.7057567 -0.6420774 0.2994062 -0.7057567 -0.642078 0.2994044 -0.7057569 -0.5803288 0.4063569 -0.7057567 -0.5803313 0.4063524 -0.7057573 -0.5009544 0.5009504 -0.7057573 -0.5009505 0.5009551 -0.7057567 -0.406355 0.5803301 -0.7057567 -0.4063538 0.5803312 -0.7057566 -0.2994034 0.6420788 -0.7057566 -0.2994068 0.6420768 -0.705757 -0.1833612 0.6843141 -0.705757 -0.1833606 0.6843143 -0.7057569 -0.06174409 0.7057585 -0.7057568 -0.0617454 0.7057583 -0.705757 0.06174409 0.7057583 -0.705757 0.0617454 0.7057583 -0.7057569 0.183358 0.6843149 -0.705757 0.1833606 0.6843144 -0.7057567 0.2994092 0.6420762 -0.7057566 0.2994069 0.642077 -0.7057567 0.4063551 0.5803303 -0.7057566 0.4063507 0.5803328 -0.705757 0.5009467 0.500958 -0.7057574 0.5009537 0.5009521 -0.7057566 0.5803364 0.4063468 -0.7057563 0.5803315 0.4063525 -0.705757 0.6420772 0.2994061 -0.705757 0.6420781 0.2994045 -0.7057568 0.6843166 0.1833545 -0.7057564 0.6843146 0.1833596 -0.7057569 0.7057565 0.06175869 -0.7057574 0.7057583 0.06174993 -0.7057566 0.7057579 -0.06175881 -0.7057561 0.7057577 -0.06174963 -0.705757 0.6876338 -0.1679885 -0.7063566 0 0.7071069 -0.7071067 -1.01884e-6 0.7071202 -0.7070934 0 0.7071068 -0.7071068 0 0.7071068 -0.7071068 0 0.7071068 -0.7071068 0 0.7071077 -0.7071059 -2.69667e-6 0.7071343 -0.7070793 0 0.7071065 -0.707107 0 0.7071067 -0.707107 0 0.7071076 -0.7071059 -5.46871e-7 0.7071104 -0.7071033 0 0.7071067 -0.7071069 3.44373e-7 0.707103 -0.7071107 0 0.7071108 -0.7071028 4.68264e-7 0.7071037 -0.7071099 0 0.7071069 -0.7071067 0 0.7071069 -0.7071067 0.5773507 0.5773507 -0.5773494 -0.6826725 0.182914 -0.7074609 -0.6496587 0.2870094 -0.7039668 -0.6420773 0.2994065 -0.7057568 -0.5803313 0.4063534 -0.7057567 -0.5803256 0.4063596 -0.7057577 -0.5009521 0.5009527 -0.7057573 -0.5009569 0.5009492 -0.7057564 -0.4063529 0.5803315 -0.7057568 -0.4063553 0.5803303 -0.7057564 -0.2994028 0.6420792 -0.7057565 -0.2994038 0.642079 -0.7057563 -0.1833676 0.6843129 -0.7057565 -0.1833612 0.6843134 -0.7057576 -0.06174892 0.705757 -0.7057577 -0.06174415 0.7057566 -0.7057587 0.06174808 0.7057564 -0.7057585 0.06174409 0.7057574 -0.7057578 0.1833676 0.6843115 -0.7057579 0.1833578 0.684316 -0.705756 0.2994063 0.642078 -0.7057562 0.2994093 0.6420759 -0.7057568 0.4063529 0.5803319 -0.7057565 0.4063549 0.58033 -0.705757 0.5009521 0.5009534 -0.7057568 0.5009494 0.500957 -0.7057562 0.5803314 0.4063539 -0.7057564 0.5803334 0.40635 -0.7057569 0.6492681 0.2853994 -0.7049809 0.6446757 0.3006178 -0.7028672 0.6826725 0.182914 -0.7074609 0.6876338 0.1679885 -0.7063566 0.7057566 0.06175804 -0.7057574 0.7057582 0.06174969 -0.7057565 0.7057578 -0.06175947 -0.7057561 0.7057577 -0.06174993 -0.705757 0.6843158 -0.1833543 -0.7057572 0.6843149 -0.1833597 -0.7057567 0.6420774 -0.2994062 -0.7057567 0.642078 -0.2994044 -0.7057569 0.5803343 -0.4063481 -0.7057574 0.5803318 -0.4063528 -0.7057567 0.5009493 -0.5009567 -0.7057566 0.5009533 -0.5009518 -0.7057572 0.4063547 -0.5803294 -0.7057576 0.4063509 -0.5803331 -0.7057568 0.299409 -0.6420758 -0.705757 0.299407 -0.6420772 -0.7057566 0.1833575 -0.6843155 -0.7057565 0.1833606 -0.6843143 -0.7057569 0.06174409 -0.7057585 -0.7057568 0.0617454 -0.7057583 -0.705757 -0.06174409 -0.7057583 -0.705757 -0.0617454 -0.7057583 -0.7057569 -0.1833618 -0.6843141 -0.7057567 -0.1833606 -0.6843143 -0.705757 -0.2994031 -0.6420782 -0.7057573 -0.2994069 -0.642077 -0.7057567 -0.4063551 -0.5803303 -0.7057566 -0.4063538 -0.580331 -0.7057567 -0.500957 -0.5009493 -0.7057563 -0.5009502 -0.5009548 -0.7057572 -0.580327 -0.4063579 -0.7057577 -0.5803315 -0.4063525 -0.705757 -0.6420772 -0.2994061 -0.705757 -0.6420781 -0.2994045 -0.7057568 -0.6843166 -0.1833545 -0.7057564 -0.6843146 -0.1833596 -0.7057569 -0.7057585 -0.06174409 -0.7057568 -0.7057585 -0.06174391 -0.7057568 -0.7057585 0.06174343 -0.7057567 -0.7057586 0.06174367 -0.7057568 -0.6876338 0.1679885 -0.7063566 -0.5773497 0.5773512 -0.5773497 0.7071068 0.7071068 0 0.7071068 0.7071068 0 0.7071077 0 -0.7071059 0.7071077 0 -0.7071059 0 -0.707107 -0.7071067 1.02596e-6 -0.7071202 -0.7070934 0 -0.7071068 -0.7071068 0 -0.7071068 -0.7071068 0 -0.7071068 -0.7071068 -1.01884e-6 -0.7071202 -0.7070934 0 -0.7071077 -0.7071059 0 -0.7071066 -0.707107 0 -0.7071066 -0.7071069 0 -0.7071077 -0.7071059 5.51745e-7 -0.7071104 -0.7071032 0 -0.7071067 -0.7071069 -3.40825e-7 -0.707103 -0.7071107 0 -0.7071108 -0.7071028 -4.72328e-7 -0.7071037 -0.7071098 0 -0.7071068 -0.7071067 0 -0.707107 -0.7071067 -0.7071068 0 -0.7071068 -0.7071068 0 -0.7071068 -0.7071059 0.7071076 0 -0.7071059 0.7071076 0 -0.6826716 -0.1829136 0.7074617 -0.6496583 -0.2870079 0.7039677 -0.6420761 -0.2994058 0.705758 -0.580331 -0.4063517 0.7057579 -0.5803245 -0.4063588 0.7057592 -0.5009519 -0.5009509 0.7057588 -0.5009557 -0.5009481 0.705758 -0.4063528 -0.5803296 0.7057585 -0.4063544 -0.5803288 0.7057581 -0.2994028 -0.6420773 0.7057583 -0.2994027 -0.6420773 0.7057582 -0.1833588 -0.6843136 0.705758 -0.1833612 -0.6843134 0.7057576 -0.06174892 -0.705757 0.7057577 -0.06174415 -0.7057566 0.7057587 0.06174808 -0.7057564 0.7057585 0.06174409 -0.7057574 0.7057578 0.1833589 -0.6843134 0.7057583 0.1833574 -0.684314 0.705758 0.2994062 -0.6420758 0.7057581 0.2994084 -0.6420744 0.7057585 0.4063528 -0.5803298 0.7057582 0.406354 -0.5803286 0.7057585 0.500952 -0.5009515 0.7057583 0.5009485 -0.500956 0.7057576 0.5803311 -0.406352 0.7057577 0.5803325 -0.4063494 0.705758 0.6492677 -0.2853978 0.704982 0.6446748 -0.3006176 0.7028681 0.6826716 -0.1829136 0.7074617 0.687633 -0.1679883 0.7063575 0.7057557 -0.06175816 0.7057583 0.7057574 -0.06174963 0.7057574 0.705757 0.06175893 0.705757 0.7057569 0.06174981 0.7057579 0.6843148 0.1833544 0.705758 0.684314 0.1833595 0.7057576 0.6420765 0.2994059 0.7057576 0.6420772 0.299404 0.7057578 0.5803349 0.4063454 0.7057583 0.5803312 0.4063523 0.7057574 0.5009469 0.500958 0.7057572 0.5009527 0.5009511 0.705758 0.4063545 0.5803287 0.7057582 0.4063504 0.5803323 0.7057576 0.299409 0.642075 0.7057578 0.2994066 0.6420764 0.7057575 0.1833572 0.6843148 0.7057573 0.1833604 0.6843135 0.7057578 0.06174421 0.7057576 0.7057576 0.06174534 0.7057574 0.7057578 -0.06174415 0.7057574 0.7057578 -0.06174534 0.7057574 0.7057577 -0.1833615 0.6843133 0.7057577 -0.1833604 0.6843134 0.7057578 -0.2994028 0.6420775 0.7057581 -0.2994065 0.6420763 0.7057576 -0.4063549 0.5803293 0.7057574 -0.4063532 0.5803304 0.7057576 -0.500954 0.5009506 0.7057574 -0.5009497 0.5009543 0.7057579 -0.5803277 0.4063557 0.7057583 -0.5803308 0.4063521 0.7057579 -0.6420761 0.2994062 0.7057579 -0.6420773 0.2994041 0.7057577 -0.6843157 0.1833541 0.7057574 -0.6843137 0.1833593 0.7057579 -0.7057576 0.06174421 0.7057576 -0.7057577 0.06174385 0.7057577 -0.7057577 -0.0617429 0.7057577 -0.7057577 -0.06174361 0.7057576 -0.6876329 -0.1679883 0.7063575 0 0.7071067 0.707107 -1.02753e-6 0.7070934 0.7071202 0 0.7071068 0.7071068 0 0.7071068 0.7071068 0 0.7071068 0.7071068 1.02041e-6 0.7070934 0.7071202 0 0.7071068 0.7071068 0 0.7071066 0.707107 0 0.7071066 0.7071069 0 0.7071068 0.7071068 7.09387e-7 0.7071102 0.7071034 0 0.7071067 0.7071069 -3.40825e-7 0.707103 0.7071107 0 0.7071108 0.7071028 -3.21059e-7 0.7071036 0.7071099 0 0.7071067 0.7071069 0 0.7071067 0.7071069 0.5773503 0.5773503 0.5773503 0.5773507 -0.5773507 -0.5773494 -0.5773497 -0.5773512 -0.5773497 -0.5773494 0.5773507 0.5773507 0.7071068 0 0.7071068 0.7071068 0 0.7071068 0.7071068 -0.7071068 0 0.7071068 -0.7071068 0 -0.7071059 -0.7071076 0 -0.7071059 -0.7071076 0 -0.7071059 0 0.7071077 -0.7071059 0 0.7071077 0.5773503 -0.5773503 0.5773503 -0.5773494 -0.5773507 0.5773507 -1.30176e-6 -0.7070913 0.7071223 4.1053e-7 -0.7071042 0.7071095 -9.64563e-7 -0.7071131 0.7071006 8.40364e-7 -0.7070989 0.7071148 -3.36382e-6 -0.7071386 0.7070749 4.88358e-7 -0.7071003 0.7071133 0 -0.7071066 0.707107 -2.15451e-6 -0.7071321 0.7070814 1.35925e-6 -0.7071228 0.7070909 0 -0.7071068 0.7071068 -1.4595e-6 -0.7071139 0.7070996 0 -0.7071067 0.7071068 1.41925e-6 -0.7070868 0.7071267 3.10677e-6 -0.7070642 0.7071494 0 -0.7071068 0.7071068 -5.66995e-6 -0.7070307 0.7071828 2.74109e-6 -0.7071405 0.7070731 6.97715e-7 -0.7071124 0.7071012 7.14793e-7 -0.7071126 0.707101 -4.57067e-7 -0.7071031 0.7071105 0 -0.7071101 0.7071036 0 -0.7071068 0.7071068 0 -0.7071068 0.7071068 0 -0.7071061 0.7071074 -0.6474372 0.1581684 0.7455253 -0.5013735 0.501366 0.7051643 -0.5826196 0.4024131 0.706129 -0.5804668 0.4064584 0.7055847 -0.6419262 0.2993358 0.7059241 -0.298144 0.6393777 0.7087358 -0.3708034 0.6058139 0.7039136 -0.4048253 0.5781454 0.7084239 -0.4386959 0.5547386 0.7069733 -0.5031595 0.4989885 0.7055785 0.06145751 0.7024821 0.7090429 -0.01979196 0.7106809 0.7032361 -0.06148928 0.7028453 0.7086802 -0.1384592 0.6958537 0.7047104 -0.1824926 0.6810716 0.7091107 -0.2162522 0.6735292 0.7068192 -0.2789604 0.6503191 0.7065876 0.5000736 0.500081 0.7069975 0.4210069 0.5704266 0.7052423 0.4053304 0.5788665 0.7075457 0.3178032 0.6344134 0.7046423 0.2986662 0.6404822 0.7075175 0.2197778 0.6734881 0.7057701 0.1824806 0.6810424 0.7091419 0.1508693 0.691104 0.7068336 0.08511179 0.7025021 0.7065739 0.5787203 0.4052206 0.7077281 0.5651152 0.427842 0.7054049 0.4988606 0.5010274 0.7071843 0.6826716 0.1829136 0.7074617 0.6608477 0.2547311 0.7059691 0.6399278 0.2984042 0.7081295 0.6289126 0.3239992 0.7067486 0.6045548 0.366968 0.7069993 -0.6393705 0.3034777 0.7064749 -0.6620854 0.2483051 0.7070979 -0.6843926 0.1833748 0.7056773 -0.6841984 0.1838788 0.7057345 -0.7057577 0.06174355 0.7057577 -0.7057577 0.06174361 0.7057576 -0.7057577 -0.06174355 0.7057577 -0.7057576 -0.06174385 0.7057577 -0.6843148 -0.1833544 0.705758 -0.684314 -0.1833595 0.7057576 -0.6420765 -0.2994059 0.7057576 -0.6420772 -0.299404 0.7057578 -0.5803271 -0.4063581 0.7057575 -0.5803304 -0.4063518 0.7057583 -0.5009555 -0.5009475 0.7057585 -0.5009499 -0.5009545 0.7057576 -0.4063549 -0.5803292 0.7057576 -0.4063533 -0.5803304 0.7057574 -0.2994034 -0.642078 0.7057574 -0.2994064 -0.6420761 0.7057579 -0.1833608 -0.6843134 0.7057578 -0.1833604 -0.6843135 0.7057578 -0.06174421 -0.7057576 0.7057576 -0.06174534 -0.7057574 0.7057578 0.06174415 -0.7057574 0.7057578 0.06174534 -0.7057574 0.7057577 0.1833576 -0.6843141 0.7057579 0.1833605 -0.6843136 0.7057576 0.299409 -0.6420754 0.7057573 0.2994065 -0.6420763 0.7057576 0.4063549 -0.5803293 0.7057574 0.4063502 -0.5803321 0.7057579 0.5009477 -0.5009557 0.7057583 0.5009529 -0.5009514 0.7057576 0.5803345 -0.4063477 0.7057573 0.5803308 -0.4063521 0.7057579 0.6420761 -0.2994062 0.7057579 0.6420773 -0.2994041 0.7057577 0.6843157 -0.1833541 0.7057574 0.6843137 -0.1833593 0.7057579 0.7057557 -0.06175881 0.7057583 0.7057574 -0.06174987 0.7057574 0.705757 0.06175827 0.705757 0.7057569 0.06174957 0.7057579 0.6876329 0.1679883 0.7063575 8.56117e-4 0.04126203 -0.999148 8.66839e-4 0.04126971 -0.9991477 -0.5852329 0.8108651 -4.09319e-4 8.76053e-4 0.04128074 -0.9991472 0.006935596 0.03786712 -0.9992586 -0.5339829 0.8454954 -3.12867e-5 8.30552e-4 0.04122716 -0.9991495 8.65824e-4 0.01701587 -0.9998549 -0.4835227 0.8753318 2.19183e-5 8.60683e-4 0.04126399 -0.9991479 8.68319e-4 0.01702076 -0.9998548 -0.4226187 0.9063076 2.18722e-5 8.5958e-4 0.04126238 -0.999148 -0.4832204 0.8754981 -0.001024484 8.67083e-4 0.01702016 -0.9998548 8.68445e-4 -2.58762e-6 -0.9999996 8.79045e-4 0.04129719 -0.9991465 -0.4308712 0.9024134 -3.7173e-4 8.67209e-4 -6.59855e-7 -0.9999996 8.65824e-4 0.01702141 -0.9998548 8.26587e-4 0.04118382 -0.9991512 -0.3769544 0.9262318 -2.35769e-5 8.6595e-4 6.48458e-7 -0.9999996 0.009157717 -0.003743767 -0.9999511 8.6116e-4 0.04126036 -0.999148 -0.3215003 0.9469094 1.80641e-5 0.009040474 -0.05049848 -0.9986833 8.78163e-4 0.04130417 -0.9991463 -0.3217509 0.9468238 -9.93993e-4 -0.2588181 0.9659261 1.80264e-5 0.02284711 -0.1062315 -0.9940789 8.57585e-4 0.041242 -0.9991488 -0.2654016 0.9641379 -3.52369e-4 -0.1833606 0.6843139 0.7057574 0.02145391 -0.1962684 -0.9803155 0.04049164 -0.1061735 -0.9935228 9.16469e-4 0.04144692 -0.9991403 -0.2081198 0.9781033 -1.62299e-5 0.03794515 -0.2658446 -0.9632688 0.04910331 -0.130602 -0.9902181 8.57674e-4 0.04123985 -0.9991489 -0.1498367 0.9887108 1.33266e-5 0.03449004 -0.3640366 -0.9307458 0.03707933 -0.2658531 -0.9633002 0.1335232 -0.1302554 -0.9824485 0.004550337 0.05575466 -0.9984342 -0.1501381 0.9886646 -9.62524e-4 -0.08716225 0.9961941 1.32931e-5 0.05366814 -0.4480865 -0.8923779 0.05528998 -0.3102084 -0.9490594 0.1538155 -0.1547639 -0.9759042 0.04952085 -0.5115994 -0.8577959 0.05910009 -0.4479507 -0.8921027 0.1454817 -0.3080587 -0.9401782 0.04557752 -0.472014 -0.8804121 0.1813526 -0.15441 -0.9712203 0.06862694 -0.599359 -0.7975332 0.05411148 -0.6143503 -0.7871757 0.1620912 -0.3270263 -0.9310104 0.1498212 -0.4679433 -0.8709665 0.2109088 -0.191181 -0.9586278 0.0666356 -0.6178534 -0.7834647 0.06357693 -0.5995579 -0.7978022 0.1451197 -0.609413 -0.7794589 0.2005864 -0.325178 -0.9241344 0.161742 -0.4804867 -0.8619583 0.2139952 -0.1911132 -0.9579571 0.08308017 -0.6999626 -0.7093307 0.2193883 -0.347237 -0.9117539 0.2045084 -0.4771143 -0.8547153 0.2406051 -0.2457815 -0.9389891 0.07280623 -0.7587628 -0.6472855 0.2299324 -0.346578 -0.9094036 0.2486614 -0.2455086 -0.9369595 0.07705599 -0.7585216 -0.647076 0.2646253 -0.2805854 -0.9226295 0.2589368 -0.1435514 -0.9551674 0.07356578 -0.8044482 -0.58945 0.1087448 -0.7872386 -0.6069843 0.1154968 -0.8071734 -0.5789055 0 -1 0 8.66984e-4 5.18874e-6 -0.9999997 8.66562e-4 1.00872e-6 -0.9999997 -0.639167 0.769068 5.59133e-5 8.67578e-4 1.6097e-5 -0.9999997 8.6595e-4 2.5988e-6 -0.9999997 -0.5735725 0.8191549 5.57141e-5 -0.7043777 0.7098253 -1.86471e-4 -0.6390585 0.7691571 -0.001212239 -0.4063493 0.5803326 0.7057579 -0.4063528 0.5803309 0.7057573 -0.5009399 0.5009642 0.7057579 -0.5009578 0.5009511 0.7057545 -0.5803442 0.4063414 0.705753 0.00457412 0.05567044 -0.9984387 0.004551529 0.05576002 -0.9984339 0.01752448 0.9998464 8.10602e-5 0.004547178 0.05577272 -0.9984332 0.004373133 -0.008832395 -0.9999514 -0.07491999 0.9971895 -1.53707e-4 0.01744979 0.9998478 8.10603e-5 0.004548013 0.05576997 -0.9984333 0.01159614 0.02026617 -0.9997274 0.01724362 -0.008662045 -0.9998139 0.08715927 0.9961944 -3.11582e-4 0.004579901 0.05568081 -0.9984381 0.1097697 0.9939571 -8.94227e-5 0.01638293 -0.1431723 -0.9895622 0.006717622 -0.05051761 -0.9987005 0.004550337 0.05575925 -0.998434 0.2009004 0.9796116 5.99211e-5 0.02902847 -0.1961747 -0.9801391 0.00455141 0.05575692 -0.998434 0.2010701 0.9795769 5.99211e-5 0.02749902 -0.2966703 -0.954584 0.004542291 0.05577099 -0.9984332 0.290682 0.9568196 -5.44874e-4 0.04325264 -0.3638531 -0.9304516 0.004551291 0.05575758 -0.9984339 0.3776928 0.925931 2.97198e-5 0.2588182 0.9659261 -5.78801e-5 0.04114592 -0.4355272 -0.8992347 0.004556298 0.05575239 -0.9984343 0.05861973 -0.5112925 -0.8574053 0.004421114 0.0558409 -0.9984299 0.05715352 -0.5404611 -0.8394256 0.004554688 0.05575472 -0.9984341 0.07444691 -0.6174702 -0.7830634 0.5416206 0.840623 -1.07638e-5 0.07325416 -0.6326244 -0.7709865 0.1101825 -0.7015779 -0.704023 0.1057131 -0.7337085 -0.6711904 0.103437 -0.7021196 -0.704506 0.1469504 -0.7296666 -0.6678265 0.110937 -0.7558952 -0.6452251 0.1347623 -0.7400998 -0.6588562 0.1213743 -0.7160396 -0.6874268 0 -1 0 0 -1 0 0 -1 0 0 -1 0 0 0 1 0 0 1 0 0 1 -0.6843112 0.1833685 0.7057579 0 0 1 -0.6420803 0.2993988 0.7057572 0 0 1 -0.7057563 0.06174916 0.7057585 -0.6843144 0.1833609 0.7057567 -0.7057568 0.06174695 0.7057582 -0.6420822 0.299396 0.7057567 0 0 1 -0.5803274 0.406359 0.7057567 -0.7057567 -0.06175059 0.705758 0 0 1 0 0 1 0 0 1 -0.2994045 0.6420771 0.7057577 -0.1833594 0.684314 0.7057576 -0.2994056 0.6420767 0.7057576 -0.9913025 0.1305071 -0.01694864 -0.9997953 0.01985126 0.003930509 0 0 -1 -0.9869034 0.1612032 -0.005941808 0.2689031 -0.1197088 -0.9556992 -0.9951801 -0.09770476 -0.008381426 0 0 -1 0 0 -1 0.2788959 -0.08300817 -0.956727 -0.9474666 0.3198322 0.003810822 0.2578984 -0.1302012 -0.9573588 -0.991295 -0.1305049 -0.01739668 0.2773688 -0.1756569 -0.9445694 0.9914499 -0.1304885 0 0 0 -1 0.2588371 -0.03806352 -0.9651707 -0.9237268 0.3826287 -0.01800268 0.2663239 -0.07317847 -0.9611017 0.2473167 -0.1073058 -0.9629745 -0.9804359 -0.1968308 -0.001799285 0.2801478 -0.2278403 -0.9325267 0.9238698 -0.3827069 0 0 0 -1 0.2503666 -0.06749951 -0.9657953 0.2562397 -0.07366001 -0.9638026 -0.8731493 0.4873915 0.007730901 0.2693192 -0.07271456 -0.9603019 0.2199834 -0.1075736 -0.9695541 -0.9500649 -0.3120524 7.3342e-5 0.2543463 -0.2810012 -0.9253898 0.9238698 -0.3827069 0 0.9238698 -0.3827069 0 0 0 -1 0.2049896 -0.04151904 -0.9778831 0.22099 -0.04270684 -0.9743406 -0.793269 0.6086805 -0.01524627 0.2723855 -0.07148492 -0.9595291 0.2031955 -0.07333844 -0.9763877 -0.9237736 -0.3826481 -0.01492959 0.2653124 -0.2924449 -0.9187411 0.7933576 -0.6087558 0 0.7933576 -0.6087558 0 0 0 -1 -0.7693172 0.6388664 -8.59916e-4 0.2762132 -0.06794369 -0.9586917 0.1854122 -0.07338339 -0.9799169 -0.9015913 -0.4325843 -0.002052009 0.2774818 -0.3418604 -0.8978504 -9.9366e-7 7.62451e-7 1 0.7933576 -0.6087558 0 0.7933576 -0.6087558 0 -0.6409302 0.7675989 -3.57453e-4 0.1626579 -0.04462856 -0.9856728 0.6087558 -0.7933576 0 0.1627355 -0.04277956 -0.9857419 0.1364194 -0.04456669 -0.9896483 -7.62456e-7 9.93666e-7 1 0.1326546 0.04168498 -0.9902853 0.1215039 -0.02623087 -0.9922442 0.1224095 0.00724107 -0.9924533 0.0508989 -0.02595245 -0.9983666 0.04722183 -0.01995909 -0.9986851 0.04789334 -0.01592803 -0.9987255 0.04730844 -0.01244407 -0.9988028 8.67565e-4 -0.01594561 -0.9998725 0.02506297 0 -0.9996858 8.67197e-4 0 -0.9999997 0.4226318 0.9063015 -3.35893e-4 0.4616565 0.8870587 9.65181e-6 0.3777575 0.9259046 2.97198e-5 0.2994144 0.6420716 0.7057585 0.4623231 0.8867115 9.6516e-6 0.2994037 0.6420788 0.7057565 0.1833607 0.6843143 0.7057569 0.1833596 0.6843147 0.7057567 0.06174862 0.7057579 0.705757 0.06174707 0.7057582 0.7057569 -0.06175035 0.705758 0.7057567 -0.06174707 0.7057578 0.7057572 0.2654005 -0.4857734 -0.8328185 0.2559975 -0.5107141 -0.8207536 -0.6209806 -0.7838246 0.001478552 0.2689412 -0.4130638 -0.8700857 0.2489967 -0.5114891 -0.822423 -0.7933582 -0.608749 -0.002732217 0.2627541 -0.4054731 -0.8755295 -0.8016908 -0.5977371 0.001485228 0.2436872 -0.5004342 -0.8307721 0.2244725 -0.6171987 -0.7541073 0 0 -1 0.2609664 -0.4056138 -0.8759989 0.2402622 -0.5007984 -0.8315498 0.2209381 -0.6176423 -0.7547876 0.2271713 -0.6217914 -0.7495123 0 0 -1 0.2503698 -0.3827822 -0.8892653 0.2182447 -0.613373 -0.7590408 0.2327141 -0.4861823 -0.842301 0.1983283 -0.7074705 -0.6783447 0.2027596 -0.7056274 -0.678954 0.9238698 0.3827069 0 0.2479742 -0.3829579 -0.8898607 0.1990181 -0.6156694 -0.7624585 0.2145982 -0.4879611 -0.8460742 0.17842 -0.709964 -0.6812617 0.1975262 -0.7063084 -0.6797881 0.1787933 -0.7102459 -0.6808698 0.1947236 -0.6120008 -0.7665101 0.1628308 -0.7683337 -0.6189906 0.1403818 -0.7143328 -0.6855813 0.1530516 -0.6161289 -0.7726322 0.1296808 -0.7718313 -0.6224622 0.1598489 -0.7662807 -0.622304 0.1274502 -0.7703021 -0.6248129 0.1360132 -0.7110483 -0.6898627 0.120189 -0.8061237 -0.5794127 0.06414282 -0.7746022 -0.6291878 0.05788427 -0.7159525 -0.6957452 0.1289885 -0.8065116 -0.5769759 0.0689947 -0.7007109 -0.7101014 8.52048e-4 1.22594e-4 -0.9999997 8.75439e-4 -6.98084e-5 -0.9999997 8.8456e-4 -1.43512e-4 -0.9999996 8.65941e-4 9.14824e-6 -0.9999997 8.39626e-4 2.20318e-4 -0.9999996 8.672e-4 -1.64375e-6 -0.9999996 8.65939e-4 0.002087473 -0.9999975 8.69736e-4 -2.22108e-5 -0.9999996 8.67195e-4 0.002100944 -0.9999974 8.67199e-4 -1.64375e-6 -0.9999996 8.64766e-4 1.65269e-5 -0.9999996 -0.002222418 -0.03647494 -0.9993321 8.66364e-4 -0.04387325 -0.9990367 8.67197e-4 -1.62469e-6 -0.9999996 8.65413e-4 1.16551e-5 -0.9999997 -0.1422998 -0.9898236 1.52122e-6 8.66362e-4 -0.04387325 -0.9990367 8.6595e-4 1.00464e-5 -0.9999996 8.6809e-4 -7.51956e-6 -0.9999997 -0.2123342 -0.9771971 -1.94229e-6 8.65116e-4 -0.04387485 -0.9990367 8.67197e-4 -1.94947e-6 -0.9999996 8.6719e-4 -1.45484e-6 -0.9999996 -0.2876291 -0.9577419 -7.83833e-5 -0.2588182 -0.9659261 -3.32858e-4 8.66363e-4 -0.04387092 -0.9990369 8.68446e-4 -1.42635e-5 -0.9999996 8.65494e-4 9.80287e-6 -0.9999996 -0.361212 -0.9324837 4.82765e-5 8.6761e-4 -0.04386466 -0.9990371 8.65958e-4 1.09322e-5 -0.9999996 8.68144e-4 -6.89151e-6 -0.9999997 -0.361142 -0.9325109 4.82765e-5 8.65125e-4 -0.04388177 -0.9990364 8.67193e-4 -1.90223e-6 -0.9999996 8.68817e-4 -1.08293e-5 -0.9999997 -0.432559 -0.9016057 -1.90037e-4 -0.4226046 -0.9063141 -3.02033e-4 8.66574e-4 4.85917e-6 -0.9999996 8.63687e-4 1.80308e-5 -0.9999997 -0.5013316 -0.8652553 6.70385e-5 8.64858e-4 -0.06289339 -0.9980199 8.68169e-4 -6.17235e-6 -0.9999997 -0.5012417 -0.8653064 -0.001253724 -0.573584 -0.8191468 6.68026e-5 8.65481e-4 -0.0628888 -0.9980202 8.67011e-4 -4.15034e-7 -0.9999995 -0.5670034 -0.8237153 -3.33931e-4 4.17264e-4 -0.06960439 -0.9975746 8.63711e-4 1.50092e-5 -0.9999997 -0.6292941 -0.7771673 5.33531e-5 8.65004e-4 -0.07101881 -0.9974746 8.67779e-4 -3.58037e-6 -0.9999996 -0.6292371 -0.7772117 -0.001558244 -0.7070918 -0.7071218 5.30796e-5 8.65007e-4 -0.07101881 -0.9974746 8.64949e-4 8.29946e-6 -0.9999996 -0.6877866 -0.7259128 -5.08834e-4 8.67197e-4 6.68215e-7 -0.9999997 8.65008e-4 -0.07101881 -0.9974746 8.7695e-4 -3.81049e-5 -0.9999997 -0.7421128 -0.670275 8.61281e-6 8.67197e-4 6.68215e-7 -0.9999997 8.65008e-4 -0.07101881 -0.9974746 8.69013e-4 -7.49526e-6 -0.9999997 -0.7419444 -0.6704614 8.61281e-6 8.67197e-4 6.68008e-7 -0.9999997 0.003403365 -0.04979956 -0.9987535 8.68235e-4 -4.73207e-6 -0.9999996 -0.791931 -0.6106106 -8.01246e-6 0.00338459 -0.03530842 -0.9993707 8.49993e-4 5.49862e-5 -0.9999997 -0.8369818 -0.5472308 -6.88838e-5 -0.8191652 -0.5735576 -3.33742e-4 -2.8574e-4 -0.03530585 -0.9993765 8.69906e-4 -9.10681e-6 -0.9999997 -0.8770132 -0.4804663 4.5027e-5 0.003819704 -1.56634e-4 -0.9999927 8.66356e-4 1.64274e-6 -0.9999997 -0.876956 -0.4805706 4.5027e-5 4.68918e-4 -1.56635e-4 -0.9999999 8.66872e-4 1.92999e-7 -0.9999997 -0.9116589 -0.4109479 -1.77948e-4 -0.9063111 -0.4226112 -3.06336e-4 -8.11154e-4 -0.001066982 -0.9999991 8.62971e-4 1.08002e-5 -0.9999997 -0.9408275 -0.3388858 6.61591e-5 2.88717e-4 -0.001067638 -0.9999994 8.6726e-4 -4.25351e-7 -0.9999997 -0.9408308 -0.3388745 -0.001225233 -0.9659272 -0.2588139 6.59056e-5 -6.64989e-4 -0.01235401 -0.9999235 4.05625e-4 -0.01236677 -0.9999235 -6.8191e-4 2.72126e-4 -0.9999998 -3.42608e-4 -0.02126771 -0.9997738 5.48015e-4 0.01003468 -0.9999496 5.76932e-4 -0.0212866 -0.9997732 -5.15658e-4 0.01004725 -0.9999494 5.84992e-4 -0.00104916 -0.9999993 1.32895e-4 -0.0248081 -0.9996923 1.35319e-4 0.01530039 -0.9998829 0.001569032 0.02413892 -0.9997074 5.75836e-4 -0.02481865 -0.9996918 -2.32962e-4 0.0153079 -0.9998828 -8.96907e-5 0.03478801 -0.9993947 0.001561582 0.025828 -0.9996652 7.43715e-4 0.02414858 -0.9997081 7.59673e-5 0.01722043 -0.9998518 1.23069e-4 0.01721936 -0.9998518 3.38284e-4 0.03915262 -0.9992331 0.001664936 0.02620804 -0.9996551 5.88165e-4 0.04266965 -0.9990891 1.8501e-4 0.01798105 -0.9998383 -2.85664e-4 0.03918951 -0.9992318 0 0 -1 1.09035e-4 0.03816944 -0.9992713 0 0 -1 0.001236915 0.02603262 -0.9996603 6.57636e-4 0.03725695 -0.9993055 0 0 -1 1.6618e-4 0.01798146 -0.9998383 -4.1041e-4 0.04276186 -0.9990851 -7.61945e-5 0.04507607 -0.9989836 0 0 -1 0 0 -1 0.001029014 0.02734577 -0.9996255 0 0 -1 7.32927e-4 0.03344196 -0.9994404 0 0 -1 -3.0061e-4 0.0387358 -0.9992495 4.82255e-4 0.01650792 -0.9998636 -4.1741e-4 0.04113531 -0.9991534 -2.70763e-4 0.04190719 -0.9991215 0 0 -1 0.01152265 -0.05934798 -0.9981709 0 0 -1 9.14692e-4 0.02872079 -0.9995871 8.17031e-4 0.03070628 -0.9995281 0 0 -1 0 0 -1 -5.86107e-5 0.01610022 -0.9998704 0 0 -1 0 0 -1 0.01061373 -0.06259763 -0.9979825 0 0 -1 0 0 -1 0 0 -1 0 0 -1 7.83925e-6 0.01604783 -0.9998713 0.01179569 -0.1186664 -0.9928641 0 0 -1 9.38296e-5 0.01585245 -0.9998744 0 -1 0 0 0 -1 0 0 -1 0 -1 0 0 -1 0 0 0 -1 0 -1 0 0.01456826 -0.07089722 -0.9973772 0 0 -1 0.01704025 -0.09607702 -0.9952281 0 -1 0 0.01489371 -0.07926952 -0.996742 2.37403e-4 0.01073086 -0.9999424 0 0 -1 0.02117574 -0.07926476 -0.9966287 0 -1 0 0 -1 0 3.2888e-4 0.01067698 -0.999943 0 0 -1 0.02907311 -0.06849682 -0.9972276 0.1730673 -0.78814 -0.5906631 0.01114618 -0.1383046 -0.990327 0 -1 0 4.06911e-4 0.01057386 -0.999944 0 0 -1 9.81898e-4 -0.068524 -0.997649 0.1720778 -0.7881678 -0.5909151 4.4429e-4 -0.08418983 -0.9964496 0.161342 -0.7927396 -0.5878203 0 -1 0 5.72889e-4 0.01021164 -0.9999477 0 0 -1 0.005784332 -0.02791136 -0.9995937 -0.003872334 -0.07034689 -0.9975151 0 -1 0 0.1656138 -0.792768 -0.5865927 0 -1 0 0.1446758 -0.8009039 -0.5810523 7.75749e-4 0.009318053 -0.9999563 0 0 -1 0.004228889 -0.0279107 -0.9996015 -0.004721999 -0.06852018 -0.9976386 0 -1 0 0 -1 0 0 -1 0 0.1770278 -0.7599391 -0.625423 0.1490957 -0.8008053 -0.5800702 9.43128e-4 0.008339405 -0.9999648 0 0 -1 0.003975152 0.02668011 -0.9996361 -0.004443526 -0.06878519 -0.9976215 0 -1 0 0 -1 0 0.1396421 -0.7856731 -0.6026757 0.1799231 -0.7638378 -0.6198222 0.001138508 0.006844162 -0.9999759 0 0 -1 0.001104235 0.02668023 -0.9996434 -0.003434538 -0.06835478 -0.9976551 0 -1 0 0.1013852 -0.7893425 -0.6055241 0 0 -1 0.001050233 0.01009112 -0.9999485 -0.002423346 -0.06630623 -0.9977963 0 -1 0 0 0 -1 0 0 -1 -0.002913296 0.01009082 -0.9999449 0 -1 0 0 0 -1 0 0 -1 0 -1 0 0 0 -1 0 0 -1 0 0 -1 0 0 -1 1.37635e-7 0 -1 -0.7933511 -0.6087645 0 8.6709e-4 0 -0.9999997 8.67086e-4 0 -0.9999996 -0.9819623 -0.1890765 5.579e-5 8.68773e-4 -2.86385e-5 -0.9999997 0.01922816 0 -0.9998152 -0.9643326 -0.2646933 -3.18127e-4 -0.9961941 -0.08716225 5.54959e-5 8.71765e-4 -7.37302e-5 -0.9999996 -0.9819925 -0.188914 -0.001524806 0.02399396 -0.003246724 -0.9997068 0.01757228 -0.002551913 -0.9998424 8.58416e-4 1.20491e-4 -0.9999997 -0.9890596 -0.1475127 -9.66333e-4 0.07286512 -0.003251314 -0.9973365 0.05818682 -0.002558887 -0.9983025 8.71335e-4 -6.07606e-5 -0.9999997 -0.9902918 -0.1390014 -8.57353e-4 0.07281666 -0.005191624 -0.9973319 0.05795049 -0.01144409 -0.9982539 0.05221408 -0.009007871 -0.9985953 8.64979e-4 2.511e-5 -0.9999996 -0.9913311 -0.1313856 -7.65285e-4 0.1181996 -0.01765477 -0.9928329 0.1184353 -0.01140385 -0.9928963 0.09823089 -0.008993446 -0.995123 8.65127e-4 2.31912e-5 -0.9999997 -0.9924806 -0.1224006 -6.63557e-4 0.1305948 -0.02830845 -0.9910316 0.09770292 -0.02277213 -0.9949551 0.08984744 -0.01794403 -0.9957939 8.70899e-4 -4.87875e-5 -0.9999996 -0.9935845 -0.1130909 -5.65841e-4 0.1615343 -0.02776902 -0.9864763 0.1617922 -0.02260154 -0.986566 0.1393705 -0.01785939 -0.9900792 8.65472e-4 1.60744e-5 -0.9999997 -0.9947267 -0.1025606 -4.64703e-4 0.1997284 -0.04930132 -0.9786102 0.1384987 -0.03538846 -0.9897302 0.1298687 -0.0279119 -0.9911383 8.65942e-4 1.06982e-5 -0.9999997 -0.9958014 -0.0915389 -3.69488e-4 0.2015516 -0.01453089 -0.9793701 0.2215117 -0.03486907 -0.9745341 0.2000987 -0.02760195 -0.9793869 8.66529e-4 4.28575e-6 -0.9999997 -0.9968723 -0.07902884 -2.74555e-4 0.1979714 -0.05974179 -0.9783856 0.1900828 -0.04722332 -0.9806317 8.67756e-4 -8.45933e-6 -0.9999996 -0.9978498 -0.06554293 -1.87687e-4 0.2675833 -0.04636007 -0.9624188 8.66418e-4 4.05674e-6 -0.9999997 -0.9991121 -0.0421285 -6.63645e-5 0.2580876 -0.06448811 -0.9639668 8.6644e-4 3.8666e-6 -0.9999997 -0.999989 -0.004682123 1.79119e-5 0.3190858 -0.0632674 -0.9456117 8.66363e-4 4.50581e-6 -0.9999997 -0.9999901 -0.00446254 1.79119e-5 0.3102532 -0.07979106 -0.9472995 8.68391e-4 -1.02477e-5 -0.9999996 -0.999083 0.04281622 -4.90834e-5 0.3576472 -0.07838499 -0.9305613 8.63633e-4 1.94205e-5 -0.9999997 -0.9943729 0.1059366 -1.48415e-4 -0.9961942 0.08716076 -3.22938e-4 0.3492314 -0.0938667 -0.9323232 8.66495e-4 2.58789e-6 -0.9999997 -0.9808889 0.1945688 1.0419e-4 0.3903639 -0.09223073 -0.9160292 8.67509e-4 -2.68165e-6 -0.9999997 -0.9809196 0.1944136 1.0419e-4 0.3812226 -0.1140689 -0.917419 8.61641e-4 2.43173e-5 -0.9999996 -0.9575874 0.288143 -5.82535e-5 -0.9659261 0.2588181 -3.28696e-4 0.4094199 -0.1125749 -0.9053741 8.67092e-4 -3.65855e-7 -0.9999997 -0.928634 0.3709973 4.31395e-5 0.4017311 -0.1234033 -0.9074049 8.67892e-4 -3.69189e-6 -0.9999997 -0.9288029 0.3705742 4.31395e-5 0.4178411 -0.1224305 -0.9002331 8.24415e-4 1.60598e-4 -0.9999997 -0.8890091 0.4578896 1.90867e-5 -0.9063141 0.4226046 -3.28878e-4 0.4102079 -0.1331024 -0.9022269 8.66149e-4 3.49874e-6 -0.9999996 -0.8890929 0.4577223 -0.002060472 -0.8191653 0.5735576 1.89451e-5 0.4233018 -0.1322281 -0.8962876 8.6902e-4 -6.48428e-6 -0.9999996 -0.8363685 0.5481675 -4.9311e-4 0.4156923 -0.1427859 -0.8982272 8.72758e-4 -1.89783e-5 -0.9999996 -0.7745777 0.6324787 1.13287e-4 0.4258787 -0.1420458 -0.8935605 8.68325e-4 -4.49017e-6 -0.9999996 -0.7745985 0.6324517 -0.001435518 -0.7070897 0.7071239 1.12678e-4 0.4182865 -0.1524953 -0.8954226 0.4257199 -0.1519158 -0.8920113 0.4181435 -0.1622596 -0.8937717 0.4186865 -0.1622151 -0.8935256 0.4208364 -0.1584808 -0.8931856 0.1101826 -0.6653667 -0.7383406 0.1066202 -0.6121152 -0.7835477 0 -1 0 0.117908 -0.6725787 -0.7305721 0.1068819 -0.6052848 -0.7888007 0 -1 0 0.1180859 -0.6699308 -0.7329723 0.09348922 -0.6718962 -0.7347213 0.07901537 -0.607174 -0.7906303 0 -1 0 0.09743243 -0.631095 -0.7695622 0.08241015 -0.5572229 -0.8262634 0 -1 0 0.06184464 -0.558302 -0.8273296 0.0491501 -0.4843908 -0.8734701 0.06284093 -0.5402181 -0.8391754 0.05000776 -0.463012 -0.8849402 0.04626744 -0.4631455 -0.8850737 0.03480249 -0.389769 -0.9202548 0.04727226 -0.435341 -0.8990237 0.03553038 -0.3636066 -0.9308747 0.03140795 -0.3637155 -0.9309804 0.02169924 -0.2989891 -0.9540098 0.03290784 -0.2965567 -0.9544482 0.02285802 -0.2374958 -0.9711196 0.01949417 -0.237563 -0.9711765 0.01190668 -0.1879519 -0.982106 0.02069491 -0.1431059 -0.989491 0.01296979 -0.1008233 -0.9948198 0.01082897 -0.1008589 -0.9948418 0.007420539 -0.07652813 -0.9970398 8.66055e-4 9.16507e-6 -0.9999995 8.66573e-4 3.77223e-6 -0.9999997 0.9925996 0.121433 -1.16823e-4 8.65823e-4 0.04161244 -0.9991335 -0.001601159 0.04866385 -0.9988139 -0.001619875 0.04536795 -0.998969 -0.002619028 0.05937552 -0.9982323 -0.002938985 0.03748512 -0.9992929 -0.002905547 0.03741699 -0.9992954 0 0 -1 -0.002106785 0.03916239 -0.9992306 0 0 -1 0 0 -1 -0.001406311 0.04539203 -0.9989683 0 0 -1 -8.30362e-4 0.0667622 -0.9977686 0 0 -1 -8.90529e-4 0.06253296 -0.9980425 -1.96867e-4 0.02970892 -0.9995585 0 0 -1 0 0 -1 0 0 -1 0 0 -1 0.00640583 -0.02873754 -0.9995666 0 0 -1 0.00648117 -0.01820653 -0.9998133 0 0 -1 0.006579279 -0.01254445 -0.9998997 0 0 -1 0.0010885 0.06070476 -0.9981552 0.006710886 -0.008238255 -0.9999435 0 0 -1 0.002344369 0.05642992 -0.9984038 0.006794452 -0.005838513 -0.9999599 0 0 -1 0 0 -1 0.003465592 0.05431741 -0.9985177 0.006879568 -0.003703057 -0.9999695 0 0 -1 0 0 -1 0 0 -1 0.00695151 -0.002017974 -0.9999738 0 0 -1 0.004220008 0.04120242 -0.9991419 0 0 -1 0.005566596 0.0331968 -0.9994333 0.007013678 -6.60114e-4 -0.9999752 0 0 -1 0 0 -1 0.008898138 0.02959954 -0.9995223 0.008120596 0.02021199 -0.9997627 0.00706166 3.53085e-4 -0.999975 0 0 -1 0.00778526 0.01313662 -0.9998834 0 0 -1 0.007132112 0.00179249 -0.9999729 0 0 -1 0.007485568 0.008240342 -0.999938 0 0 -1 0.007233262 0.003741025 -0.9999669 0.007335841 0.005617201 -0.9999573 8.57479e-4 0.04121643 -0.9991499 0.004556059 0.05575424 -0.9984341 0.5955854 0.8032918 -5.61063e-4 8.58209e-4 7.84569e-5 -0.9999996 8.65206e-4 0.05611401 -0.998424 0.5735725 0.8191548 -2.40559e-4 8.73271e-4 1.58331e-5 -0.9999996 0.6181165 0.7860865 -4.1252e-5 0.002442181 0.06073117 -0.9981513 8.80286e-4 8.10111e-6 -0.9999996 8.65499e-4 0.06255817 -0.9980409 0.002422571 0.05501639 -0.9984825 7.36762e-4 0.06231242 -0.9980564 8.65524e-4 0.06202143 -0.9980744 7.40336e-4 0.06313902 -0.9980044 -5.40964e-4 0.06080645 -0.9981495 2.52986e-4 0.06255286 -0.9980416 8.65214e-4 0.05600178 -0.9984303 -5.48169e-4 0.05941021 -0.9982335 8.66459e-4 0.05600154 -0.9984304 8.67821e-4 -6.43066e-6 -0.9999996 8.66438e-4 3.77765e-6 -0.9999996 8.64568e-4 2.3995e-5 -0.9999997 8.69809e-4 -2.39878e-5 -0.9999996 0.9871677 0.1596868 2.39866e-5 0.001586198 -0.05168956 -0.9986619 0.001173794 -0.04910475 -0.998793 0 -1 0 0.00102663 -0.001258254 -0.9999987 7.75153e-4 -0.05199879 -0.9986469 0 -1 0 0.002027392 -0.001258254 -0.9999971 -4.16167e-5 -0.05694121 -0.9983776 0 -1 0 -8.54938e-4 -0.0609498 -0.9981405 0 -1 0 -0.001656889 -0.06406724 -0.9979442 0 -1 0 0 -1 0 0 -1 0 0.004626274 -0.06073129 -0.9981435 0 -1 0 0.00532186 -0.06009256 -0.9981786 0.003178417 -0.05968976 -0.9982119 0.006028711 -0.0582093 -0.9982861 0.003180563 -0.05969446 -0.9982116 0.007294058 -0.05253338 -0.9985926 0.003179311 -0.05968987 -0.9982119 0.004855513 -0.07269775 -0.9973422 0.005021274 -0.02761965 -0.9996059 0.001588284 -0.02761995 -0.9996172 0.008636772 -0.05883294 -0.9982305 0.001692056 -0.01547092 -0.999879 0 0 1 0 0 1 -0.9991022 -0.0421639 -0.004126191 -0.9991129 -0.04211282 6.99245e-5 -0.9999204 0.01237744 -0.00244522 -0.996196 0.08714008 6.92994e-5 -0.9954338 0.09545451 0 -0.9659267 0.2588161 0 0 0 1 -0.9659267 0.2588161 0 0 0 1 -0.9063109 0.4226118 0 0 0 -1 0 0 1 -0.9063109 0.4226118 0 0 0 -1 0 0 1 -0.8191357 0.5735998 0 0 0 -1 0 0 1 -0.7071139 0.7070996 0 -0.8191357 0.5735998 0 0 0 -1 -0.5735738 0.8191539 0 0 0 1 -0.7071139 0.7070996 0 -0.5735738 0.8191539 0 0 0 1 -0.4226291 0.9063027 0 0 0 -1 0 0 1 -0.2588124 0.9659276 0 -0.4226291 0.9063027 0 -0.08715558 0.9961947 0 0 0 1 -0.2588124 0.9659276 0 0 0 -1 -0.08715558 0.9961947 0 0.08715558 0.9961947 0 0 0 -1 0.08715558 0.9961947 0 0.2588124 0.9659276 0 0.2588124 0.9659276 0 0.4226291 0.9063027 0 0 0 -1 0.4226291 0.9063027 0 0 0 -1 0.5735738 0.8191539 0 0 0 -1 0 0 1 0.5735738 0.8191539 0 0 0 -1 0 0 1 0.7071139 0.7070996 0 0 0 1 0.7071139 0.7070996 0 0 0 1 0.8191491 0.5735805 0 0.9062998 0.4226353 0 0 0 1 0.8191491 0.5735805 0 0.9062998 0.4226353 0 0.9659267 0.2588161 0 0 0 -1 0 0 -1 0.9659267 0.2588161 0 0.996196 0.08714008 0 0.9955555 0.09417665 -2.29716e-4 0 0 -1 0.996196 -0.08714133 1.25697e-4 0.9991691 -0.04073232 -0.001385629 0 0 1 0 0 1 0 0 1 0 0 1 0 0 1 0 0 1 -0.7057565 -0.06174695 0.7057586 0 0 1 0 0 1 -0.6843133 -0.1833572 0.7057588 -0.6843119 -0.1833705 0.7057568 0 0 1 -0.6420801 -0.2994008 0.7057566 0 0 1 0 0 1 0 0 1 0 0 1 0 0 1 0 0 1 0 0 1 0 0 1 0 0 1 0 0 1 0 0 1 0 0 1 0 0 1 0 0 1 0 0 1 0 0 1 0 0 1 0 0 1 0 0 1 0 0 1 0 0 1 0.9914501 0.130486 0 0.9914499 -0.1304885 0 0 0 -1 0.9914501 0.130486 0 0.9914499 -0.1304885 0 0 0 -1 0.9914501 0.130486 0 0.9914499 -0.1304885 0 0.9238698 -0.3827069 0 -1.24178e-6 1.63435e-7 1 -1.15712e-6 4.79331e-7 1 -1.24175e-6 1.6348e-7 1 -1.15714e-6 4.79314e-7 1 -9.93667e-7 7.62447e-7 1 0.3826907 -0.9238765 0 0.1305234 -0.9914452 0 0 0 -1 0.3826907 -0.9238765 0 0.1305234 -0.9914453 0 0 0 -1 0.3826907 -0.9238765 0 0.6087558 -0.7933576 0 0.1305234 -0.9914452 0 -0.382645 0.9237892 -0.0140106 0 0 -1 0.3826907 -0.9238765 0 0.6087558 -0.7933576 0 -0.3303301 0.943864 0.001629233 -0.4939461 0.8694673 0.006632149 0 0 -1 -4.79315e-7 1.15714e-6 1 0.6087558 -0.7933576 0 0.2855801 -0.0360251 -0.9576776 0.2805817 -0.05897998 -0.9580163 -0.6086876 0.7932877 -0.01393091 -4.79303e-7 1.15714e-6 1 0.2833387 -0.05846625 -0.9572361 0.9914342 -0.1306074 0 0.9914451 0.1305246 0 0.991447 -0.13051 -3.57221e-6 0.9914451 0.1305246 0 0.9914449 -0.1305258 0 0 0 -1 0.9238766 0.3826907 0 0.9238766 -0.3826907 0 0 0 -1 0.9238766 0.3826907 0 0.9238766 -0.3826907 0 0 0 -1 0.7933611 0.6087512 0 0.7933611 -0.6087512 0 0.7933611 0.6087512 0 0.7933611 -0.6087512 0 0 0 -1 0.6087467 0.7933647 0 0.6087467 -0.7933647 0 0 0 -1 0.6087467 0.7933647 0 0.6087467 -0.7933647 0 0 0 -1 0.3826907 0.9238766 0 -7.62441e-7 9.9367e-7 1 0.3826826 -0.9238799 0 0.3826907 0.9238766 0 0.3826826 -0.9238799 0 0.1305258 0.9914449 0 0.1305352 -0.9914436 0 0.1305258 0.9914449 0 0.1305352 -0.9914436 0 0 0 -1 -0.1305283 0.9914445 0 -0.1305376 -0.9914433 0 0 0 -1 1.63484e-7 -1.24176e-6 1 -0.1305283 0.9914445 0 -0.1305376 -0.9914433 0 0 0 -1 -0.3826839 0.9238793 0 -0.3826758 -0.9238827 0 4.79307e-7 -1.15715e-6 1 -0.3826839 0.9238793 0 -0.3826758 -0.9238827 0 0 0 -1 -0.6087558 0.7933576 0 -0.6087558 -0.7933576 0 0 0 -1 -0.6087558 0.7933576 0 -0.6087558 -0.7933576 0 0 0 -1 -0.7933611 0.6087512 0 -0.7933611 -0.6087512 0 -0.7933611 0.6087512 0 -0.7933611 -0.6087512 0 0 0 -1 -0.9238766 0.3826907 0 -0.9238766 -0.3826907 0 0 0 -1 -0.9238766 0.3826907 0 -0.9238766 -0.3826907 0 -0.9914426 0.1305433 0 -0.9914424 -0.1305451 0 -0.9914426 0.1305433 0 -0.9914429 -0.1305414 7.12072e-7 0 0 -1 -0.9914424 -0.1305446 0 0 0 -1 0 0 1 0 0 1 -0.5803325 -0.4063492 0.7057582 0.4063458 0.5803344 0.7057585 0 0 1 -0.5009531 -0.5009502 0.7057584 -0.397036 -0.9178016 0.001569986 -0.6087449 -0.7933623 -0.002452075 0.2595381 -0.5480332 -0.7951727 0 0 -1 0.2559609 -0.5726416 -0.7788233 0 0 -1 0.2421688 -0.6198266 -0.7464378 0.7933576 0.6087558 0 0.2429459 -0.6285777 -0.7388284 0.9238698 0.3827069 0 0.2170515 -0.7044817 -0.6757175 0.2680087 -0.6250184 -0.7331598 0.9238698 0.3827069 0 0.2032172 -0.7063431 -0.6780724 0.2172721 -0.7075901 -0.6723906 0.2689245 -0.6286543 -0.7297077 0.9914501 0.130486 0 0.1849758 -0.7589334 -0.624343 0.1980997 -0.7556596 -0.6242877 0.239923 -0.7043228 -0.6681066 0.2893689 -0.6254392 -0.7246319 -1.24178e-6 -1.63432e-7 1 0.1839995 -0.7575105 -0.6263562 0.1980931 -0.7555512 -0.6244209 0.3202697 -0.5364377 -0.7808085 0.2893642 -0.6285514 -0.721936 -1.15714e-6 -4.79314e-7 1 -1.24175e-6 -1.63478e-7 1 0.1859776 -0.7830952 -0.5934427 0.2590903 -0.7018328 -0.6635533 0.1804596 -0.7859911 -0.591314 0.1904653 -0.7851271 -0.5893202 0.259123 -0.7006075 -0.6648341 0 -1 0 0 -1 0 0.2365154 -0.7486293 -0.6193664 0.2366675 -0.7449285 -0.6237547 0.2235699 -0.7707821 -0.5965831 8.71347e-4 -3.59017e-5 -0.9999996 8.68445e-4 -1.15424e-5 -0.9999997 7.77342e-4 7.49468e-4 -0.9999994 8.68443e-4 0.002109885 -0.9999974 8.92494e-4 -2.12071e-4 -0.9999996 8.67195e-4 0.002100884 -0.9999974 0.1596787 -0.987169 5.10043e-5 0.08655303 -0.9962472 -2.81095e-4 0.08715927 -0.9961944 -2.74394e-4 0.06174826 -0.7057581 0.7057568 0.01292526 -0.9999165 5.26774e-5 -0.06174039 -0.7057585 0.7057572 -0.08716225 -0.9961941 5.24286e-5 -0.06175017 -0.7057561 0.7057587 0.01298063 -0.9999147 -0.001489043 -0.06713098 -0.9977441 -4.25944e-4 8.65192e-4 2.42705e-5 -0.9999997 8.68445e-4 -1.79889e-5 -0.9999996 0.9996068 0.02804112 -3.25295e-5 8.6822e-4 0.02279216 -0.9997398 -0.00244832 0.01327008 -0.999909 -0.002515494 -8.2616e-4 -0.9999965 -0.003203749 -8.30746e-4 -0.9999945 -0.003905653 0.02410638 -0.9997017 -0.003702521 -0.04860144 -0.9988114 -0.002301216 -0.05896943 -0.9982572 -0.00429207 -0.006596505 -0.9999691 -0.005165696 -0.006602168 -0.9999649 -0.003431558 -0.04860162 -0.9988124 -0.001948714 -0.05896967 -0.9982579 -0.005700528 0.01001846 -0.9999337 -0.00532031 -0.02889764 -0.9995683 -0.003370106 -0.03470331 -0.999392 -0.002019286 -0.06742811 -0.997722 -0.001322269 -0.08390915 -0.9964725 -0.005966603 -0.01904433 -0.9998009 -0.005888044 -0.0190438 -0.9998013 -0.003989338 -0.02889841 -0.9995744 -7.28908e-5 -0.03470337 -0.9993977 -5.40382e-5 -0.06742823 -0.9977241 -0.001274704 -0.06258881 -0.9980386 3.04239e-4 -0.08390909 -0.9964734 -0.006088197 -0.01822406 -0.9998154 -0.005827307 -0.012878 -0.9999001 -0.003841698 -0.005814075 -0.9999758 8.04528e-6 3.98571e-5 -1 -3.02048e-6 -0.0360158 -0.9993513 3.46164e-4 -0.07740908 -0.9969994 8.65478e-4 -0.06289112 -0.9980201 3.94244e-4 -0.0963428 -0.9953481 -0.006345987 -0.03839367 -0.9992425 -0.004421234 -0.03838235 -0.9992533 -0.003093242 -0.01287937 -0.9999123 3.19907e-4 -0.005813837 -0.999983 0.006935477 3.98561e-5 -0.999976 0.007275521 -0.03601491 -0.9993247 0.006227016 -0.07740801 -0.9969801 0.003627181 -0.09634214 -0.9953417 -0.003684878 -0.05691146 -0.9983724 -0.004051744 -0.007208347 -0.9999658 0.007151067 -0.003535449 -0.9999682 0.006069242 -0.0154407 -0.9998624 0.003899633 -0.02988886 -0.9995456 -0.003756225 -0.06156784 -0.9980958 -0.001134991 -0.06155294 -0.9981032 -0.001075029 -0.007209539 -0.9999734 0.008583068 -0.003536403 -0.9999569 0.007587373 -0.01544159 -0.999852 0.008168995 -0.02989125 -0.9995198 0.001143038 -0.09653341 -0.995329 -5.46444e-4 -0.01547002 -0.9998801 -9.36652e-4 0.009055137 -0.9999585 0.008478581 -0.002990841 -0.9999596 0.001249969 -0.0901286 -0.9959294 0.003427803 -0.09011608 -0.9959254 0.002063095 0.009055316 -0.9999569 0.003137052 -0.002990961 -0.9999907 0.007709264 -0.1369542 -0.9905474 0.003829658 -0.05883288 -0.9982605 -2.36049e-4 2.71858e-4 -1 0.007494926 -0.1493483 -0.9887563 0.01472449 -0.1492996 -0.9886823 0.02366364 -0.2044841 -0.9785838 0.01426208 -0.1865816 -0.9823359 0.02314078 -0.2342891 -0.9718915 0.02712142 -0.2275444 -0.9733899 0.03284138 -0.2796208 -0.9595487 0 -1 0 0 -1 0 0 -1 0 0 -1 0 0 0 1 0 0 1 -0.1833655 -0.6843115 0.7057584 0 0 1 -0.2994045 -0.6420772 0.7057576 0 0 1 -0.1833605 -0.6843137 0.7057576 -0.2993963 -0.6420827 0.7057561 0 0 1 -0.4063531 -0.5803315 0.7057567 0 0 1 -0.5009561 -0.5009494 0.7057569 -0.4063576 -0.5803273 0.7057576 -0.580327 -0.4063635 0.7057545 0 0 1 -0.5009441 -0.5009654 0.7057539 -0.5803395 -0.4063382 0.7057587 -0.6420816 -0.2993955 0.7057574 8.67025e-4 -1.23884e-7 -0.9999996 8.67031e-4 0 -0.9999996 8.67193e-4 6.49156e-7 -0.9999997 8.67196e-4 -2.26678e-6 -0.9999996 0.01504814 0 -0.9998868 0.0174582 -0.002096176 -0.9998455 0.01347261 -0.001630365 -0.999908 0.05239707 -0.002102971 -0.9986242 0.04764902 -0.001636624 -0.9988628 0.04749917 -0.007386744 -0.998844 0.09024405 -0.007380127 -0.9958924 0 1 0 0 1 0 0 1 0 0 1 0 0.4143688 -0.01179254 -0.9100327 0 0 -1 0.3910194 4.03533e-4 -0.9203824 0.4089324 -0.01831698 -0.9123808 0.416211 -0.01591503 -0.9091288 0 0 -1 0.398995 -0.01598018 -0.9168139 0.4072064 -0.03865677 -0.9125177 0.4140354 -0.041444 -0.9093168 0.00147587 -0.03679794 -0.9993216 0 0 -1 0.3973433 -0.03586566 -0.9169689 0.4166814 -0.03847587 -0.908238 0.4098776 -0.03565007 -0.9114437 0.4205293 -0.04130858 -0.9063381 0.00184226 -0.03790718 -0.9992796 0 0 -1 0.413844 -0.06679928 -0.9078937 0.4072601 -0.06230479 -0.9111846 0.4174803 -0.07130479 -0.905884 6.11307e-4 -0.0327444 -0.9994636 8.67319e-4 0 -0.9999997 0 0 -1 0.4208266 -0.06656455 -0.9046956 0.4172154 -0.06199836 -0.9066904 0.4216512 -0.07115381 -0.903962 0.001396596 -0.02091813 -0.9997802 8.66801e-4 -1.63235e-7 -0.9999997 8.67319e-4 -5.24597e-4 -0.9999995 0 0 -1 0.4172247 -0.09754592 -0.9035532 0.4138686 -0.09136766 -0.9057399 0.4178043 -0.1037648 -0.902592 0.001163542 -0.02380698 -0.9997159 8.66537e-4 -0.02470189 -0.9996945 8.67319e-4 1.63278e-7 -0.9999997 8.69499e-4 -0.001810491 -0.999998 0 0 -1 8.8948e-4 -0.006546676 -0.9999782 0.4224532 -0.09728688 -0.9011484 0.4218952 -0.09099799 -0.9020664 0.41562 -0.1038789 -0.9035868 8.67055e-4 -0.02470403 -0.9996944 8.66291e-4 -8.09389e-7 -0.9999997 0.4176984 -0.1329036 -0.8988129 0.4174526 -0.124915 -0.900072 0.4212867 -0.1169955 -0.8993495 4.18872e-4 -0.0196886 -0.9998061 8.67319e-4 3.25873e-7 -0.9999997 8.662e-4 -0.01446878 -0.999895 0.4151239 -0.1330757 -0.8999795 0.4237846 -0.1245123 -0.897164 8.67229e-4 -0.01446056 -0.9998951 8.67319e-4 3.25873e-7 -0.9999997 8.67229e-4 -0.01446056 -0.9998951 8.67319e-4 3.25361e-7 -0.9999997 8.67229e-4 -0.01446056 -0.9998951 8.66286e-4 -1.3028e-6 -0.9999997 8.66195e-4 -0.01445734 -0.9998951 8.67322e-4 4.94619e-7 -0.9999997 8.67232e-4 -0.01446443 -0.999895 8.67316e-4 4.80951e-7 -0.9999996 2.91781e-4 -0.008397936 -0.9999647 8.67315e-4 -9.69052e-4 -0.9999992 8.67319e-4 4.88127e-7 -0.9999997 8.67319e-4 -9.69019e-4 -0.9999992 8.66291e-4 -1.78137e-6 -0.9999997 8.6629e-4 -9.74606e-4 -0.9999992 8.6732e-4 6.50381e-7 -0.9999997 8.67319e-4 -9.72867e-4 -0.9999992 8.67193e-4 3.3307e-7 -0.9999997 8.66923e-4 -0.0249536 -0.9996883 8.67197e-4 3.43843e-7 -0.9999997 8.66927e-4 -0.0249536 -0.9996883 8.6595e-4 -3.28826e-6 -0.9999997 8.6568e-4 -0.02495777 -0.9996881 8.67197e-4 5.03751e-7 -0.9999997 8.66927e-4 -0.02495592 -0.9996882 8.67206e-4 5.36898e-7 -0.9999996 8.66936e-4 -0.02495592 -0.9996882 8.67189e-4 4.76197e-7 -0.9999996 8.66919e-4 -0.02495592 -0.9996882 8.67197e-4 5.05822e-7 -0.9999997 8.66927e-4 -0.02495592 -0.9996882 8.67197e-4 5.03751e-7 -0.9999997 8.66928e-4 -0.02495592 -0.9996882 8.65951e-4 -4.10292e-6 -0.9999997 8.6568e-4 -0.02494609 -0.9996885 0.004998683 0.02006429 -0.9997862 0.004903078 0.01293396 -0.9999043 0.004109919 -0.008094847 -0.9999588 0 0 -1 0 0 -1 0.004965901 0.00850588 -0.9999515 0.002916336 0.01840376 -0.9998264 0.008379876 -0.01513189 -0.9998503 0 0 -1 0 0 -1 0 0 -1 0 0 -1 0.005034506 0.006414353 -0.9999668 0.003342568 -0.004997313 -0.9999819 0.01579934 -0.0219087 -0.9996352 0.005969941 -0.01513075 -0.9998677 0 0 -1 0.009928822 -0.02012246 -0.9997483 0.008429944 -0.01172751 -0.9998957 0 0 -1 0 0 -1 0.00480014 -0.001051664 -0.9999879 0.001906573 0.01770186 -0.9998415 0.01409447 -0.0240547 -0.9996113 0.006789147 0.006650805 -0.9999548 0 0 -1 0.01134824 -0.03082859 -0.9994602 0.01052796 -0.0483821 -0.9987735 0.009435415 -0.03519022 -0.9993361 0.008407771 -0.008050739 -0.9999322 0 0 -1 0.001746177 0.02093344 -0.9997794 0 0 -1 0.01067936 -0.03519058 -0.9993236 0.007861733 -0.02405244 -0.9996799 0.006734251 0.004545092 -0.999967 0 0 -1 0.01132529 -0.03748816 -0.999233 0.01305967 -0.04838228 -0.9987435 0.00844866 -0.005788385 -0.9999476 0 0 -1 0 0 -1 0 0 -1 0.006812095 -0.003182947 -0.9999718 0.00671482 0.002986729 -0.9999729 0 0 -1 0.01199203 -0.06325697 -0.9979252 0.02299898 -0.06325191 -0.9977326 0 0 -1 0 0 -1 0.01244908 -0.0476042 -0.9987887 0.006751 -0.001465976 -0.9999761 0.006709635 0.001951336 -0.9999756 0 0 -1 0 0 -1 0.0143097 -0.06325715 -0.9978947 0.01238793 -0.05822408 -0.9982267 0.006723761 -6.4442e-5 -0.9999774 0.006712675 9.30252e-4 -0.999977 0 0 -1 0.01237493 -0.05828291 -0.9982234 0.001354515 -0.02837395 -0.9995965 9.37499e-4 -0.04356396 -0.9990502 5.65693e-4 -0.02408045 -0.9997099 0.001097798 -0.02631068 -0.9996532 9.28957e-4 -0.04356378 -0.9990503 7.44791e-4 -0.02630329 -0.9996536 8.05683e-4 -0.04186624 -0.9991229 0 0 -1 8.64152e-4 -0.03911948 -0.9992341 0 0 -1 8.98272e-4 -0.03833991 -0.9992644 0 0 -1 9.26131e-4 -0.0379126 -0.9992806 0 0 -1 9.55078e-4 -0.03756117 -0.9992939 0 0 -1 0.001101791 -0.03625494 -0.999342 0 0 -1 0 0 -1 0 0 -1 0 0 -1 7.22927e-4 -0.01675087 -0.9998594 0 0 -1 0.001479446 -0.01877713 -0.9998226 0 0 -1 -0.2970107 0.9548742 3.48679e-5 9.71721e-4 0.01258635 -0.9999203 0 0 -1 -0.2034651 0.9790822 3.48474e-5 -0.2588181 0.965926 -3.24678e-4 1.38117e-4 0.01064628 -0.9999434 0 0 -1 -0.2036727 0.9790391 3.48474e-5 -0.1833607 0.6843143 0.705757 0 0 -1 -0.1218228 0.9925519 -4.5485e-5 0 0 -1 -0.03935176 0.9992254 7.3534e-6 -0.08716076 0.9961943 -3.33147e-4 -0.03967458 0.9992126 7.3534e-6 0.008036077 -0.002339303 -0.999965 0.008174955 0.001638293 -0.9999653 0.005104362 -0.02191096 -0.9997469 0.005784392 -0.002337932 -0.9999805 0.006927967 0.001639127 -0.9999747 0.005662202 0.02216583 -0.9997383 4.00808e-4 0.02216595 -0.9997543 1.3193e-4 4.81225e-5 -1 -4.2922e-6 -1.40759e-6 -1 0.9594899 0.2817432 -1.01868e-4 0 0 -1 0 1.25229e-7 -1 0.9659261 0.2588181 -3.21566e-4 0 0 -1 0.9795035 0.2014272 4.02003e-5 0 1.24863e-7 -1 0.00108987 -0.01631116 -0.9998664 0 0 -1 0.9794796 0.2015436 4.02003e-5 0 1.24659e-7 -1 0.001256823 -0.01526224 -0.9998827 0 0 -1 0.9928017 0.1197699 -5.5343e-5 0.001374125 -0.01421469 -0.999898 0 1.24552e-7 -1 0 0 -1 0.9993059 0.03725552 1.41823e-5 0.9961943 0.08716076 -3.31991e-4 0.001484453 -0.01283419 -0.9999165 0 1.24021e-7 -1 0 0 -1 0.9993218 0.0368247 1.41823e-5 0.001579642 -0.0111308 -0.9999368 0 1.22745e-7 -1 0 0 -1 0.9989635 -0.04551708 -1.57709e-5 0.001718461 -0.007324278 -0.9999717 0 1.22825e-7 -1 0 0 -1 0.991781 -0.1279473 -1.87014e-5 0.9961941 -0.08716225 -3.35051e-4 0.001655697 0.001416206 -0.9999977 0 0 -1 0 1.23337e-7 -1 0 0 -1 0.9778836 -0.2091498 1.63693e-5 0 0 -1 0 0 -1 0 0 -1 0 0 -1 0.977803 -0.2095264 1.63693e-5 0 1.19927e-7 -1 0 0 -1 0.9571267 -0.2896695 -5.87472e-5 0.9659272 -0.2588139 -3.31485e-4 0 0 -1 0.9299006 -0.367811 4.18161e-5 0 0 -1 0.9299002 -0.3678119 4.18161e-5 0 0 -1 0.8962919 -0.4434646 -1.05568e-4 0.906311 -0.4226112 -3.2046e-4 0 0 -1 0.8565322 -0.5160937 6.04048e-5 0 0 -1 0.8565889 -0.5159994 6.04048e-5 0 0 -1 0.8109431 -0.585125 -1.5977e-4 0.8191491 -0.5735805 -3.02488e-4 0 0 -1 0.7598069 -0.6501489 7.13109e-5 0 0 -1 0.7597752 -0.6501849 -0.001118361 0.7071004 -0.7071132 7.10788e-5 0 0 -1 0.7034467 -0.710748 -2.21313e-4 0 0 -1 0.6447626 -0.7643828 6.35127e-5 0 0 -1 0.6447495 -0.7643928 -0.001313269 0.573592 -0.8191412 6.32574e-5 0 0 -1 0.5846538 -0.8112829 -3.83396e-4 0 0 -1 0.521154 -0.8534627 3.74492e-5 0 0 -1 0.5211281 -0.8534768 -0.001675903 0.4226112 -0.9063111 3.72276e-5 0 0 -1 0.4546418 -0.8906742 -6.0032e-4 0 0 -1 0.3854424 -0.9227318 -3.17019e-5 0 0 -1 0.3140214 -0.9494159 2.54795e-5 0 0 -1 0 0 -1 0 0 -1 0 0 -1 0 0 -1 0 0 -1 0.02848696 -0.9995942 1.36571e-5 0 0 -1 0.02890354 -0.9995822 1.36572e-5 0 0 -1 -0.03841084 -0.999262 -1.57058e-5 0 0 -1 -0.1050698 -0.9944649 -1.62011e-4 -0.08716076 -0.9961943 -3.24589e-4 0 0 -1 0 0 -1 0 0 -1 0 0 -1 0 0 -1 0 0 -1 0 0 -1 0 0 -1 0 0 -1 -0.4851523 -0.8744297 3.68869e-5 0 0 -1 -0.5426322 -0.8399704 -6.05622e-5 0 0 -1 -0.5975589 -0.8018251 -9.736e-5 -0.573592 -0.8191411 -3.34473e-4 0 0 -1 0 0 -1 0 0 -1 0 0 -1 0 0 -1 0 0 -1 0 0 -1 0 0 -1 0 0 -1 0 0 -1 0 0 -1 0 0 -1 0 0 -1 0 0 -1 0 0 -1 -1.42115e-7 0 -1 -1 0 0 -1 0 0 0 0 -1 -0.9914461 -0.1305169 0 0 0 -1 -0.991446 0.1305181 0 0 0 -1 -0.9914461 -0.1305169 0 0 0 -1 0 0 -1 0 0 -1 -0.9238753 -0.3826937 0 0.9914442 -0.1305305 0 0 0 -1 0 0 -1 -0.9238753 -0.3826937 0 0.9238754 -0.3826934 0 0.9238754 -0.3826934 0 0 0 -1 0.9111949 -0.3774407 0.1651131 0.7933623 -0.6087496 0 -0.7933511 -0.6087645 0 0.9379268 -0.3282083 0.1121271 0.8423519 -0.529282 0.1015082 0.7815138 -0.5996581 0.1721813 -0.60877 -0.7933467 0 0.8728283 -0.3054284 0.3806369 0.9800903 -0.1290357 0.1509069 0.7829889 -0.4919818 0.3806339 0.703715 -0.7036988 0.09794527 0 0 -1 0.7829833 -0.4919856 0.3806408 0.6538709 -0.6538849 0.3806408 0.6538921 -0.6538771 0.3806177 0 1.21298e-7 -1 0.6733116 -0.4230737 0.6063498 0.5622847 -0.5622967 0.6063485 0.492007 -0.7829812 0.3806176 0.5622857 -0.5622966 0.6063476 0.4468439 -0.6565602 0.607667 0.4171584 -0.6638669 0.6206929 0.4321674 -0.4321758 0.7914894 0.3830316 -0.4181243 0.8236862 0.4183536 -0.3099441 0.8537651 0 1 0 0 1 0 8.67031e-4 0 -0.9999996 0.3616915 -0.007578969 -0.932267 0.0125119 0 -0.9999217 0.3752009 -0.03300762 -0.9263556 0.01350206 -0.001188635 -0.9999082 0.3751863 -0.03318232 -0.9263553 0.04393559 -0.001193165 -0.9990337 0.4000514 -0.03280901 -0.9159052 0.04381978 -0.005766749 -0.9990229 0.04114311 -0.00420612 -0.9991444 0.3976607 -0.05778861 -0.9157109 0.08368885 -0.005765199 -0.9964753 0.07856798 -0.004205822 -0.9968999 0.4106686 -0.05742734 -0.9099744 0.08336228 -0.01471567 -0.9964106 0.07831192 -0.01149284 -0.9968627 0.4075832 -0.08520638 -0.9091842 0.1305063 -0.01465761 -0.9913392 0.4185656 -0.08474266 -0.9042242 0.4144449 -0.1169865 -0.9025239 0.4235511 -0.1164475 -0.8983566 0 1 0 0 1 0 0.01418989 0.03100228 -0.9994186 0.04821187 0.0520541 -0.9974798 0.0885297 0.06267768 -0.9940996 0.01157182 -7.33021e-4 -0.9999328 0.03845953 -0.02343022 -0.9989855 0.06714379 -0.008799314 -0.9977045 0.07454359 -0.005181849 -0.9972043 0.1087583 -0.008892595 -0.9940285 0.04122763 -7.35703e-4 -0.9991495 0.03894537 -0.002596139 -0.999238 0.07483339 -0.002597033 -0.9971928 0.1134136 -0.005168497 -0.9935345 0.0746386 -0.008391976 -0.9971753 0.1130807 -0.01307415 -0.9934998 0.1175456 -0.008367657 -0.9930322 0.1171236 -0.01789128 -0.9929562 0.1232298 -0.01145362 -0.9923121 0.1846839 -0.01772123 -0.9826382 0.1226994 -0.02289766 -0.9921796 0.183421 -0.03875774 -0.9822701 0.1916311 -0.02266407 -0.9812053 0.2602252 -0.03808087 -0.9647967 0 0 -1 0 0 -1 -0.1305288 0.9913949 -0.009913563 0.1305234 -0.9914452 0 0 0 -1 -0.1575372 0.9875102 -0.002381801 -0.1305234 -0.9914452 0 -0.1305234 -0.9914452 0 0.3084593 -0.08044719 -0.9478297 -0.1305234 -0.9914453 0 -0.3826907 -0.9238765 0 0.2651234 -0.07516694 -0.9612801 -0.1305234 -0.9914452 0 -0.3826907 -0.9238765 0 -0.3826907 -0.9238765 0 -4.79773e-6 0 1 -0.3826907 -0.9238765 0 -0.6087742 -0.7933435 0 4.79773e-6 0 1 1.63496e-7 1.24177e-6 1 4.79317e-7 1.15715e-6 1 7.62481e-7 9.93652e-7 1 -1.63493e-7 1.24176e-6 1 4.79295e-7 1.15715e-6 1 7.62451e-7 9.9366e-7 1 0.1305275 0.9913854 -0.01084709 0.01499187 0.9998742 0.00517863 0 0 -1 0.1893968 0.981899 0.001750707 0.3190817 -0.08134186 -0.94423 0 0 -1 0.3293632 -0.09079331 -0.9398279 0.357174 0.9340365 -0.001596927 0.3174724 -0.07940405 -0.9449372 0 0 -1 0.3439496 -0.09979766 -0.9336698 0.3482964 -0.07196152 -0.9346182 0.3826718 0.9238539 -0.00749588 0.3720358 -0.09865629 -0.9229606 0.3528676 -0.118744 -0.9281079 0.4033161 -0.1161343 -0.9076612 0.3965266 -0.1622298 -0.9035751 0.3833579 -0.1444655 -0.9122316 0.4158443 -0.1726471 -0.8928978 0.4207879 -0.1418999 -0.8959922 0.4294407 -0.1970884 -0.8813267 0.4030331 -0.1563621 -0.9017291 0.4201579 -0.2020477 -0.8846717 0.4283959 -0.1543856 -0.8903045 0.4264882 -0.2038979 -0.8812114 0.4107661 -0.1687399 -0.8959899 0.4412146 -0.2255358 -0.8685985 0.4330726 -0.1668229 -0.8857868 0.4239108 -0.2374449 -0.8740249 0.4155368 -0.1810759 -0.8913701 0.4349218 -0.1792666 -0.8824435 0.4174307 -0.1934383 -0.8878812 0.43408 -0.1917742 -0.8802257 0.416603 -0.2058736 -0.8854705 0.4147678 -0.2060632 -0.8862876 0.4190431 -0.200608 -0.8855277 0.2248027 0.004164874 -0.9743955 0.233567 -0.0326249 -0.9717932 0 1 0 0.1796031 -0.02033603 -0.983529 0.2462901 -0.01352399 -0.9691018 0.2583863 -0.01874047 -0.9658599 0 1 0 0.1809535 -0.01371908 -0.9833959 0.2451807 -0.030308 -0.9690036 0 1 0 0.1747437 -0.01934444 -0.9844239 0.2495792 -0.02180904 -0.9681088 0.304151 -0.0297842 -0.9521581 0.1331636 0.0568071 -0.9894647 0.1745899 -0.02216821 -0.9843917 0.1508222 -0.008045136 -0.9885281 0.2481839 -0.04141008 -0.9678274 0.1109622 -0.008083164 -0.9937918 0.1792622 -0.0129593 -0.983716 0.2542247 -0.02980101 -0.966686 0.3079509 -0.04067474 -0.9505324 0.1782763 -0.03030812 -0.9835136 0.2524631 -0.05293691 -0.9661574 0.3057323 -0.06548643 -0.9498628 0.3129246 -0.05196696 -0.9483552 0.3524397 -0.06436955 -0.9336181 0.3354663 -0.01092541 -0.9419889 0.3403156 -0.02549058 -0.9399657 0 1 0 0.3037204 -0.01748287 -0.9526008 0.3401729 -0.02735131 -0.939965 0 1 0 0.2974076 -0.03641039 -0.9540561 0.3431527 -0.02290922 -0.9390001 0.3782277 -0.02692633 -0.9253208 0 1 0 0.2983567 -0.02327847 -0.9541705 0.2666616 4.86479e-4 -0.9637901 0.3413848 -0.04405105 -0.9388907 0.3758152 -0.05345672 -0.9251515 0.3015499 -0.01849788 -0.953271 0.34518 -0.03688931 -0.9378113 0.37981 -0.04335618 -0.924048 0.4011011 -0.05284315 -0.9145084 0.3001081 -0.03749096 -0.9531681 0.3430333 -0.06020426 -0.9373919 0.3767998 -0.07308453 -0.923407 0.398284 -0.079023 -0.9138518 0.3823934 -0.05922478 -0.9220997 0.3482962 -0.05037009 -0.9360303 0.4030621 -0.07220917 -0.9123194 0.4123195 -0.07848805 -0.907652 0.3785675 -0.09352487 -0.9208365 0.3456213 -0.07700127 -0.9352095 0.3023781 -0.05121678 -0.9518111 0.3996041 -0.1011492 -0.9110902 0.4085276 -0.1090797 -0.9062047 0.4058146 -0.09235352 -0.9092774 0.3858979 -0.07570481 -0.91943 0.4146885 -0.1004089 -0.9044067 0.4205679 -0.1084256 -0.9007589 0 1 0 0 1 0 0 1 0 0 1 0 1 0 0 0 0 1 0 1 0 1 0 0 0.420489 -0.0185194 -0.9071087 0.4189786 -0.0179004 -0.9078196 1 0 0 0.4201132 -0.01871615 -0.9072787 0.4212683 -0.02038425 -0.906707 0.4199232 -0.04504925 -0.9064409 1 0 0 0.4179135 -0.04423093 -0.9074095 0.4189609 -0.0470491 -0.9067845 0.4183261 -0.04706424 -0.9070767 1 0 0 0.4187296 -0.07860195 -0.9047029 0.4215685 -0.0441488 -0.9057213 1 0 0 0.4209577 -0.07575035 -0.9039118 0.4183164 -0.07585203 -0.9051287 1 0 0 1 0 0 1 0 0 0.4284598 -0.2395445 -0.8712294 1 0 0 0.4093852 -0.2784497 -0.8688323 0.4285589 -0.3247236 -0.8431441 0.4396948 -0.2538305 -0.8615327 0.4330036 -0.2837599 -0.8555631 0.4315868 -0.3196957 -0.8435209 0.4253069 -0.2375339 -0.8733223 0 -1 0 0 -1 0 0.02032434 -0.1293436 -0.9913915 0 -1 0 0.08707493 -0.5672026 -0.8189622 0.01465678 -0.1336653 -0.9909182 0.0964207 -0.6192287 -0.7792682 0 -1 0 0.09321349 -0.5360365 -0.8390328 0.08144462 -0.5167077 -0.8522793 0.008241057 -0.1094096 -0.9939625 0.09313058 -0.540925 -0.8358988 0.08175468 -0.4674054 -0.8802548 0.01175367 -0.09793692 -0.9951232 0.06450629 -0.5425145 -0.8375662 0.06989258 -0.4880595 -0.8700075 0.009290695 -0.09552389 -0.9953837 0.0674389 -0.4836208 -0.8726757 0.05306726 -0.4367969 -0.8979935 0.03713995 -0.4138055 -0.9096074 0.05393844 -0.4132443 -0.9090213 0.05774384 -0.4270641 -0.9023757 0.03790128 -0.3896784 -0.9201707 0.02689045 -0.3484181 -0.9369534 0.02441322 -0.3226673 -0.9461975 0.02759337 -0.3225907 -0.9461363 0.02497655 -0.2989147 -0.9539529 0.01589787 -0.2627795 -0.9647249 0.0132516 -0.2424215 -0.9700805 0.01635211 -0.2423599 -0.9700486 0.0142222 -0.1879087 -0.9820836 0.006573498 -0.1938306 -0.981013 0.005527913 -0.1474818 -0.9890493 0.007416009 -0.1474485 -0.9890419 0.006447315 -0.07641488 -0.9970552 0.02960187 -0.1982343 -0.9797075 0.01334309 -0.1150686 -0.9932679 8.65547e-4 1.57176e-5 -0.9999997 8.67207e-4 -2.39056e-6 -0.9999997 0.9950469 0.09940606 -2.43084e-4 8.66455e-4 0.04161274 -0.9991335 0.9968816 0.07891201 -3.98685e-4 0.9961972 0.08712685 -3.22279e-4 0.7057579 0.06172525 0.7057591 0.7057592 0.06174719 0.7057558 8.67797e-4 -8.6097e-6 -0.9999995 8.67196e-4 -1.74459e-6 -0.9999997 8.66446e-4 0.04161268 -0.9991335 -0.00226444 0.02985924 -0.9995515 -0.002295672 0.02412497 -0.9997063 -0.003631472 0.04533791 -0.9989652 -0.00412178 0.01003634 -0.9999412 -0.005117893 0.02245831 -0.9997347 -0.005540192 -0.0182181 -0.9998186 -0.004063844 0.02247381 -0.9997392 -0.005006551 -0.02175265 -0.9997509 -0.004391252 0.02006179 -0.9997891 -0.005513846 -0.05693042 -0.998363 -0.005845963 -0.02176451 -0.999746 -0.003546237 0.02812796 -0.9995981 -0.001916646 -0.08170866 -0.9966543 -0.002174913 -0.09656709 -0.9953241 -0.003196001 -0.08172619 -0.9966498 0.003918349 -0.140022 -0.9901407 0.001732468 -0.1149798 -0.9933663 0.003976881 -0.1369939 -0.9905639 0.001268684 -0.1400588 -0.9901424 6.30064e-4 -0.1149975 -0.9933655 0.01178485 -0.1940718 -0.9809166 0.008904933 -0.1937909 -0.9810025 0.01156544 -0.2046376 -0.9787695 0.00889796 -0.1941154 -0.9809383 0.03090137 -0.2706167 -0.9621911 0.01833224 -0.2627319 -0.9646947 0.02954506 -0.3280838 -0.9441865 0.01813548 -0.2708567 -0.9624488 0.04010665 -0.2764329 -0.960196 0.04815876 -0.3476337 -0.9363929 0.04102241 -0.3480529 -0.9365769 0 -1 0 0.04016965 -0.3764603 -0.9255614 0 -1 0 0 0 -1 0 0 -1 0 0 -1 -0.00346744 -0.04235106 -0.9990968 0 0 -1 0.002407193 -0.06911963 -0.9976055 -0.004568874 -0.03110331 -0.9995058 0 0 -1 -0.002767324 -0.05319768 -0.9985802 -0.002098083 -0.05349838 -0.9985657 -4.49942e-4 -0.05959224 -0.9982228 0.001236975 -0.07224106 -0.9973864 0.006938099 -0.08436667 -0.9964106 0 0 -1 -0.006097078 -0.02455639 -0.9996799 0 0 -1 -0.005147039 -0.01230126 -0.9999111 0 0 -1 -0.004835486 -0.007528364 -0.99996 0 0 -1 -0.004702448 -0.005350708 -0.9999746 0 0 -1 -0.00460267 -0.003560841 -0.9999831 0 0 -1 -0.004532217 -0.002218663 -0.9999873 0 0 -1 -0.004480421 -0.001156806 -0.9999893 0 0 -1 -0.00444591 -4.19951e-4 -0.99999 0 0 -1 -0.004413366 3.08543e-4 -0.9999902 0 0 -1 -0.00438255 0.001032233 -0.9999898 0 0 -1 -0.004341781 0.002039194 -0.9999886 0 0 -1 -0.004297077 0.003262221 -0.9999854 0 0 -1 -0.004246294 0.004796862 -0.9999795 0 0 -1 -0.004178285 0.007299423 -0.9999647 0 0 -1 -0.004105329 0.01138806 -0.9999268 0 0 -1 8.66625e-4 5.75048e-6 -0.9999996 8.66572e-4 6.90828e-6 -0.9999997 0.6999834 0.714159 -3.68644e-4 8.67582e-4 -5.05331e-6 -0.9999997 0.7458708 0.6660907 7.26165e-6 0.7071025 0.707111 -2.53056e-4 8.66055e-4 6.22181e-6 -0.9999997 0.7450014 0.6670629 7.26193e-6 0.6507466 0.759295 4.42481e-5 8.67485e-4 -4.18558e-6 -0.9999996 0.7886775 0.6148071 -8.40942e-6 0.6508558 0.7592013 4.42482e-5 8.66407e-4 1.41656e-6 -0.9999997 0.8327042 0.5537179 -4.68829e-4 8.68071e-4 -4.73336e-6 -0.9999997 0.8191492 0.5735805 -1.43355e-4 8.65815e-4 2.9926e-6 -0.9999997 0.8762873 0.4817891 5.89356e-5 0.9063141 0.4226046 -3.1031e-4 0.9084331 0.41803 -2.60629e-4 0.8762499 0.4818569 5.89356e-5 0.6420794 0.2993946 0.7057598 0.9314842 0.3637816 1.40858e-5 0.642075 0.2994098 0.7057574 0.5803295 0.4063556 0.7057568 0.5803326 0.4063493 0.7057579 0.500949 0.5009551 0.7057579 0.5009545 0.5009477 0.7057592 0.4063485 0.5803319 0.7057591 8.67835e-4 -4.84406e-6 -0.9999997 8.67197e-4 -8.68995e-7 -0.9999997 8.6605e-4 4.6915e-6 -0.9999997 8.52099e-4 7.04693e-5 -0.9999997 0.9312211 0.3644548 1.40858e-5 8.68372e-4 -8.31651e-6 -0.9999997 8.67193e-4 2.59288e-7 -0.9999996 0.9555696 0.2947654 -2.56024e-5 8.66574e-4 2.64981e-6 -0.9999995 0.9659175 0.25885 -3.34658e-4 0.6843104 0.1833837 0.7057548 0.9755778 0.2196543 -4.6229e-5 0.6843135 0.1833556 0.705759 0.9871562 0.1597577 2.39866e-5 0 0 1 -0.9892273 -0.1463877 2.06193e-4 0 0 1 -0.9961957 -0.08714133 -7.0729e-4 -0.9892124 -0.1464881 2.06193e-4 0 0 1 0 0 1 0 -1 0 0 -1 0 -1 0 0 0 -1 0 0 -1 0 0 -1 0 0 -1 0 0 0 1 0 0 1 0 0 1 0 0 1 0 0 1 0.9991725 -0.04067426 1.25833e-4 0 0 1 0 0 1 0.9886853 -0.150004 2.27929e-4 0.9886814 -0.1500295 2.27929e-4 0.9659266 -0.258816 -4.13011e-4 0 0 1 0 0 1 0.933584 -0.3583586 6.86707e-5 0.9335162 -0.3585354 6.86706e-5 0.9062997 -0.4226352 -5.77356e-4 0.9086102 -0.4176447 -7.05344e-4 0.8949772 -0.4461117 -3.49188e-4 0.8933675 -0.4493268 -3.09196e-4 0 0 1 0 0 1 0.7744845 -0.6325848 -0.003186285 0.7745001 -0.6325737 7.57828e-5 0.7071068 -0.7071068 7.54033e-5 0 0 1 0 0 1 0 0 1 0.8793596 -0.476144 -0.00369513 0.8793573 -0.4761626 2.2298e-5 0.847689 -0.5304908 -0.001705825 0.8191539 -0.5735738 2.21639e-5 0.8126612 -0.5827362 -4.46807e-4 0 0 1 0 0 1 0.3400234 -0.940417 1.27866e-4 0.3400447 -0.9404093 1.27866e-4 0.2694362 -0.9630182 -4.13758e-4 0.2588124 -0.9659274 -6.46386e-4 0 0 1 0.2306959 -0.9730259 -3.15682e-4 0 0 1 0 0 1 0 0 1 0.5272079 -0.8497283 -0.003685593 0.5272543 -0.8497075 1.73156e-4 0.4334277 -0.9011881 -6.4982e-4 0.4226291 -0.9063027 1.71935e-4 0.38129 -0.9244555 -1.64215e-4 0.3768241 -0.9262849 -1.28985e-4 0 0 1 0 0 1 0.646031 -0.7633057 -0.002889156 0 0 1 0.6461019 -0.7632511 8.19243e-5 0.5991074 -0.8006677 -0.001230299 0.5735739 -0.8191539 8.15624e-5 0.573751 -0.8190295 -7.12874e-4 0 0 1 0 0 1 0 0 1 -1 0 0 0 0 1 -0.9961951 -0.08715152 0 0 0 1 0 0 1 0 0 1 0 0 1 0 0 1 0 0 -1 0 0 -1 0 1 0 0 0 -1 0 1 0 0 0 -1 0 0 -1 -0.9961951 -0.08715152 0 0 0 -1 0 0 -1 0 0 -1 0 0 -1 0 0 -1 0 0 -1 0.5735628 -0.8191617 0 0.7071175 -0.7070961 0 0 0 -1 0.4226152 -0.9063092 0 0 0 -1 0.5735628 -0.8191617 0 0.4226152 -0.9063092 0 0.7071175 -0.7070961 0 0.8191617 -0.5735628 0 0.2588344 -0.9659217 0 0 0 -1 0.2588344 -0.9659217 0 0.08715152 -0.9961951 0 1 0 0 1 0 0 0 0 -1 0.9961951 -0.08715152 0 0 0 -1 0.9961951 -0.08715152 0 0 0 -1 0.9659284 -0.2588091 0 0.9659284 -0.2588091 0 0 0 -1 0.9062934 -0.4226491 0 0.9062934 -0.4226491 0 0.8191617 -0.5735628 0 0 0 -1 0 -1 0 0 0 -1 0 -1 0 -1 0 0 -1 0 0 0 0 1 0 0 1 0 0 1 -0.7057582 0.06174707 0.7057569 0 0 1 -0.6843152 0.1833561 0.7057572 0 0 1 -0.705758 -0.06175035 0.7057567 -0.7057576 0.06174963 0.7057572 0 0 1 -0.7057578 -0.06174707 0.7057572 0 0 1 -0.500952 0.500952 0.705758 0 0 1 -0.9063046 -0.4226252 4.76604e-5 -0.8633387 -0.5046231 -0.001371622 -0.8633303 -0.5046394 4.78914e-5 -0.6420748 -0.2994103 0.7057573 -0.89513 -0.4458049 -5.12373e-4 -0.6843146 -0.1833577 0.7057575 -0.6420752 -0.2994091 0.7057574 -0.9229187 -0.3849951 -4.44098e-5 -0.6843145 -0.1833575 0.7057575 -0.5803294 -0.4063556 0.705757 -0.9466163 -0.3223625 3.02955e-5 -0.9659272 -0.2588139 3.02142e-5 -0.9465903 -0.3224377 -9.89943e-4 -0.9660357 -0.2584086 -2.8268e-4 0 0 -1 0 0 -1 -0.38269 -0.9238749 -0.00186187 0 0 -1 0.6087679 0.7933484 0 -0.2065998 -0.9784253 5.69819e-4 0.3826744 0.9238832 0 0.6087679 0.7933484 0 0.7933576 0.6087558 0 0.2735226 -0.5593218 -0.7825244 -0.1305224 -0.9914185 -0.007298707 0.3826744 0.9238832 0 0.6087679 0.7933484 0 0.7933576 0.6087558 0 0.280394 -0.5619905 -0.7781683 -0.06985741 -0.997557 -6.06101e-5 0.3826744 0.9238832 0 0.6087679 0.7933484 0 0.7933576 0.6087558 0 0.9238698 0.3827069 0 0.2857622 -0.5937694 -0.752182 0.09923011 -0.9950645 8.60947e-5 -7.62475e-7 -9.9366e-7 1 -9.9366e-7 -7.62451e-7 1 -1.15712e-6 -4.79331e-7 1 0.2854366 -0.5725993 -0.7685415 -7.62441e-7 -9.9367e-7 1 -9.93667e-7 -7.62447e-7 1 -4.79291e-7 -1.15714e-6 1 -4.79315e-7 -1.15714e-6 1 0.3826744 0.9238832 0 -1.63478e-7 -1.24176e-6 1 0.1305234 0.9914452 0 -1.63481e-7 -1.24176e-6 1 0.1305234 0.9914452 0 0.8718656 0.489727 0.004232704 0.9238574 0.3826827 -0.00642842 0.3731195 -0.124802 -0.9193511 0 0 -1 0.9448101 0.3276123 0.002025187 0.3774023 -0.132714 -0.9164903 0.3699936 -0.1133933 -0.9220883 0 0 -1 0.9882124 0.1530876 -6.29413e-4 0.3824664 -0.1384316 -0.9135405 0.3700736 -0.1143252 -0.9219411 0 0 -1 0.991433 0.1305433 -0.00435096 0.403408 -0.1550385 -0.9017899 0.353198 -0.1158838 -0.9283438 0 0 -1 0.999255 -0.03832489 0.004570126 0.4139 -0.07798516 -0.9069758 0.3471897 -0.1060912 -0.9317747 0 0 -1 0.9914249 -0.130541 -0.005989253 0.3910535 -0.1565556 -0.9069551 0.4082221 -0.2069636 -0.8891123 -0.9914452 0.1305234 0 0 0 -1 0.970466 -0.2411885 0.00489664 0.3912236 -0.2227426 -0.8929333 0.4055487 -0.2217357 -0.8867714 0.4352898 -0.1635687 -0.8853068 -0.9238832 0.3826744 0 0 0 -1 0.9238646 -0.3826857 -0.00509566 0.3838903 -0.2387971 -0.8919664 0.4267794 -0.2382327 -0.872413 -0.9238832 0.3826744 0 -0.9238832 0.3826744 0 0 0 -1 0.9011226 -0.4335564 0.002613782 0.3678674 -0.3375156 -0.8664622 0.44334 -0.214843 -0.8702253 -0.7933393 0.6087797 0 -0.7933393 0.6087797 0 0 0 -1 0.79336 -0.6087504 -0.001755356 0.3693554 -0.3550783 -0.8587759 0.4363951 -0.2636167 -0.8602706 -0.7933393 0.6087797 0 -0.7933393 0.6087797 0 0 0 -1 0.793841 -0.6081225 -0.001896619 0.3519067 -0.4080218 -0.842425 0.4413957 -0.2574486 -0.8595871 -0.6087862 0.7933343 0 -0.6087862 0.7933343 0 0 0 -1 0.608748 -0.7933475 -0.005060911 0.6533911 -0.7570163 0.002522587 0.3468383 -0.4505787 -0.8226069 0.430248 -0.3062904 -0.8491601 7.62501e-7 -9.93646e-7 1 -0.6087862 0.7933343 0 -0.6087862 0.7933343 0 0 0 -1 0.4842558 -0.874916 0.00426346 0.3398749 -0.4649314 -0.8175108 0.4314637 -0.3197128 -0.8435774 -0.3826744 0.9238832 0 -0.3826744 0.9238832 0 0 0 -1 0.3826836 -0.9238597 -0.006043314 0.3321892 -0.5279328 -0.7816248 0.3202859 -0.5271839 -0.7870795 0.4099335 -0.4011484 -0.819167 4.79293e-7 -1.15715e-6 1 -0.3826744 0.9238832 0 -0.3826744 0.9238832 0 0 0 -1 0.2955306 -0.9553264 0.003629922 0.3051056 -0.5435854 -0.7819371 0.410292 -0.406503 -0.8163428 -0.1305234 0.9914452 0 -0.1305234 0.9914452 0 0 0 -1 0.1305244 -0.991434 -0.004688799 0.3898778 -0.4734334 -0.7898457 1.63477e-7 -1.24176e-6 1 -0.1305234 0.9914452 0 -0.1305234 0.9914452 0 0 0 -1 0.3899639 -0.4750002 -0.7888619 0.1305234 0.9914452 0 0.1305234 0.9914452 0 0 0 -1 0.3677073 -0.5399693 -0.7571159 0.3676663 -0.5390267 -0.7578071 0.3394178 -0.6120364 -0.7142878 0.3391165 -0.607838 -0.7180062 0.3122895 -0.6696395 -0.6738384 0.3118577 -0.6629185 -0.6806495 0.2916231 -0.7058876 -0.6455065 0.2910843 -0.697646 -0.6546449 0.2836315 -0.7130975 -0.6411281 0 0 -1 0 0 -1 0.7933475 0.6087408 -0.005879282 -0.9238832 -0.3826744 0 0.7740138 0.6331686 -4.50734e-4 -0.9914449 -0.1305258 0 0.6521663 0.7580745 0.001537263 -0.9914449 -0.1305258 0 -0.9914449 -0.1305258 0 -0.9914452 0.1305234 0 -0.9914452 0.1305234 0 1.24177e-6 -1.63478e-7 1 -0.9914452 0.1305234 0 1.24175e-6 -1.63502e-7 1 1.15714e-6 -4.79314e-7 1 -0.9238832 0.3826744 0 1.15716e-6 -4.79297e-7 1 9.93675e-7 -7.62453e-7 1 9.93633e-7 -7.62478e-7 1 7.62451e-7 -9.9366e-7 1 0 0 -1 0 0 -1 0.608736 0.7933318 -0.008071362 0 0 -1 -0.7933393 -0.6087797 0 0.5107378 0.8597249 0.004480183 -0.6087742 -0.7933435 0 -0.7933393 -0.6087797 0 -0.9238832 -0.3826744 0 -0.6087742 -0.7933435 0 -0.7933393 -0.6087797 0 -0.9238832 -0.3826744 0 -0.6087742 -0.7933435 0 -0.7933393 -0.6087797 0 -0.9238832 -0.3826744 0 -0.9914449 -0.1305258 0 9.93633e-7 7.62478e-7 1 1.15716e-6 4.79297e-7 1 1.24177e-6 1.63481e-7 1 9.93675e-7 7.62453e-7 1 1.15714e-6 4.79314e-7 1 1.24175e-6 1.63504e-7 1 0 0 1 0 0 1 0 0 1 0 0 1 -0.4063503 -0.5803341 0.7057561 -0.1833621 -0.6843125 0.7057582 -0.500952 -0.500952 0.705758 -0.4063627 -0.5803225 0.7057586 -0.06174916 -0.7057563 0.7057585 -0.7071089 -0.7071046 4.5097e-5 -0.6498699 -0.7600446 -0.001150667 -0.6497777 -0.7601243 4.52347e-5 -0.6991815 -0.7149441 -3.76915e-4 0 -1 0 0 -1 0 0 -1 0 0 0 1 0 -1 0 -1 0 0 0 0 1 0.2370377 -0.7650393 -0.5987721 0 -1 0 -1 0 0 0 0 1 0.2377147 -0.7684974 -0.5940568 0.2098633 -0.7827241 -0.5859184 -1 0 0 0 0 1 0.2546327 -0.7364519 -0.6267382 0.2046139 -0.7803605 -0.5909067 -1 0 0 0 0 1 0.2541764 -0.7420396 -0.6202996 0.2186182 -0.7513754 -0.6226084 -1 0 0 0 0 1 0.2776734 -0.6941865 -0.6640803 0.2189491 -0.7526198 -0.6209869 -1 0 0 0 0 1 0.277454 -0.6974837 -0.6607086 0.2400568 -0.7048445 -0.6675081 -1 0 0 0 0 1 0.3086369 -0.6259447 -0.7161959 -1 0 0 0 0 1 0.3086638 -0.6252639 -0.7167788 -1 0 0 0 0 1 0.340532 -0.5394964 -0.770053 -1 0 0 0 0 1 0.3407636 -0.5332304 -0.7743032 -1 0 0 0 0 1 0.3637257 -0.4603797 -0.8097864 -1 0 0 0 0 1 0.3638519 -0.4484135 -0.8164173 -1 0 0 0 0 1 0.3844005 -0.3718262 -0.8449743 -1 0 0 0 0 1 0.384119 -0.353685 -0.8528537 -1 0 0 0 0 1 0.4070152 -0.2478218 -0.8791604 0 0 1 0.2588181 -0.965926 -3.32598e-4 0.2319577 -0.9727259 -9.67602e-5 0.3129185 -0.94978 5.71333e-5 0.1833605 -0.6843133 0.7057579 0.1596662 -0.9871711 5.10043e-5 0.1833658 -0.6843127 0.7057572 0.2994056 -0.642078 0.7057564 0.2994036 -0.6420786 0.7057567 0.406358 -0.580328 0.7057567 9.06998e-4 -3.11471e-4 -0.9999995 8.65954e-4 8.49217e-6 -0.9999997 0.3130986 -0.9497206 5.71333e-5 8.62749e-4 3.28253e-5 -0.9999997 8.65949e-4 0.002094149 -0.9999974 8.67197e-4 -1.49216e-6 -0.9999997 0 0 1 0.6420753 -0.299406 0.7057587 0 0 1 0.6843063 -0.1833797 0.7057597 0.6420791 -0.2994003 0.7057576 0.5803304 -0.4063524 0.705758 0 0 1 0.5803284 -0.4063546 0.7057584 0 0 1 0.500955 -0.5009483 0.7057585 0 0 1 0.4063456 -0.5803341 0.7057589 0.5009494 -0.5009524 0.7057595 0 0 1 0 0 1 0 0 1 0.06174027 -0.7057576 0.705758 8.70125e-4 -4.17843e-5 -0.9999997 8.6595e-4 1.46349e-5 -0.9999996 0.9999127 0.0132128 -5.85605e-6 8.65948e-4 0.002100706 -0.9999974 8.67622e-4 -7.94626e-6 -0.9999997 8.67197e-4 -2.64563e-6 -0.9999996 0.9990566 0.04342925 -8.07488e-5 8.66972e-4 0.02279072 -0.9997398 0 -1 0 0 -1 0 0.3910487 -0.002432107 -0.9203668 0 -1 0 0 -1 0 0.3748139 0.03765165 -0.9263352 0 -1 0 0.3617972 0.006663024 -0.932233 0 0 -1 1 0 0 8.67031e-4 0 -0.9999996 0.340042 0.02914357 -0.9399586 0 0 -1 -1.81267e-7 0 -1 1 0 0 8.67031e-4 0 -0.9999996 0.3356266 0.01109158 -0.9419298 9.5152e-4 0.02867835 -0.9995882 -1.70105e-7 0 -1 -1.81267e-7 0 -1 0 0 1 0.01358127 0 -0.9999077 0.3039279 0.01935565 -0.9524983 6.2235e-4 0.03729349 -0.9993042 0.9914448 0.1305268 0 -1.53142e-7 0 -1 1 0 0 -1.70194e-7 0 -1 0 0 1 0.01768559 0.001940727 -0.9998416 0.2964806 0.048729 -0.9537949 5.71911e-4 0.02124935 -0.999774 0.9914448 0.1305268 0 -1.38946e-7 0 -1 0.9238785 0.382686 0 1 0 0 0.9914449 -0.1305257 0 -1 0 0 0 0 1 0.04392069 0.001945734 -0.9990331 1.32316e-4 0.02474981 -0.9996937 0 0 -1 0.7933586 0.6087545 0 0.9238785 0.382686 0 0 0 -1 0.9914449 -0.1305257 0 0.9238785 -0.382686 0 -1 0 0 -1 0 0 0 0 1 -0.9935011 -0.111932 -0.02065616 0.05409163 0.006845831 -0.9985125 -2.32934e-4 -0.01530796 -0.9998828 0 0 -1 0 0 -1 0 0 -1 0 0 -1 0 0 -1 -0.9914438 -2.02327e-4 -0.1305344 -1 0 0 -1 0 0 0 0 1 -0.9437014 -0.3302171 -0.01960724 -0.9757003 -0.2188897 0.00981307 0.07847726 0.006843209 -0.9968925 1.35328e-4 -0.01530051 -0.9998829 1.23071e-4 -0.01721924 -0.9998518 -0.9914448 -0.1305268 0 -1 0 0 0 0 -1 -0.9914438 -2.02354e-4 -0.130534 2.12243e-4 0.9994438 0.03334814 -1 0 0 -6.41085e-5 -0.9993354 0.03645014 -1 0 0 0 0 1 -0.8467286 -0.5320251 0 -0.9331238 -0.3595492 -0.00209707 -0.9674431 -0.2170372 -0.1301871 0.09253495 0.01363134 -0.9956161 -1.08448e-4 -0.03641414 -0.9993368 -5.15658e-4 -0.01004725 -0.9999494 -3.17495e-4 -0.04089999 -0.9991632 7.58128e-5 -0.01722037 -0.9998517 -0.9238988 -0.382637 0 -0.9914448 -0.1305268 0 -1 0 0 -0.9914456 0.1305207 0 -0.9238737 -5.93256e-4 -0.3826971 -1 0 0 -1.12822e-4 0.9994437 0.03335225 4.40569e-5 -0.9993355 0.03644877 -1 0 0 0 0 1 -0.7071026 -0.707111 0 -0.8467286 -0.5320251 0 -0.7071026 -0.707111 0 -0.9274247 -0.3573533 -0.1103714 -0.9024855 -0.4307202 0 -0.9223646 -0.363753 -0.1301049 1.66146e-4 -0.03822195 -0.9992693 -4.83723e-5 -0.03843373 -0.9992612 -2.16251e-4 -0.04262799 -0.999091 1.85017e-4 -0.01798152 -0.9998383 -0.9914448 -0.1305268 0 0 0 1 -0.9238919 0.3826537 0 -0.9238722 -5.9303e-4 -0.3827007 -1 0 0 9.66721e-6 0.9994438 0.03334563 4.99136e-5 -0.9993355 0.03644847 -1 0 0 -1 0 0 0 0 1 -0.5320191 -0.8467324 0 -0.5320191 -0.8467324 0 0 0 1 -0.9024856 -0.4307202 0 0 0 1 0 -1 0 -0.8933119 -0.3314788 -0.3035058 0 0 -1 0 0 -1 0 0 -1 -3.21646e-4 -0.04226338 -0.9991064 2.34259e-4 -0.01798027 -0.9998384 -4.05902e-4 -0.042575 -0.9990932 0 0 1 0 0 1 -0.9238919 0.3826537 0 -0.7933592 -9.43319e-4 -0.6087531 -1 0 0 -1 0 0 2.63696e-5 0.999444 0.03334343 -4.27731e-6 -0.9993353 0.03645545 -0.7933622 -9.43602e-4 -0.6087492 -0.9972968 -0.07347935 0 -0.330296 -0.9438774 0 -0.330296 -0.9438774 0 0 0 1 0 0 1 -0.9331243 -0.3595494 0.001834273 0 0 1 0 -1 0 0 0 -1 -3.81775e-4 -0.04274129 -0.9990861 -3.1514e-4 -0.03970956 -0.9992113 -4.11325e-4 -0.04257792 -0.9990931 -4.44015e-4 -0.04364931 -0.9990469 0 0 1 0 0 1 -0.793341 0.6087775 0 0 0 1 -0.9972489 0.07412612 0 0 0.001549243 0.9999988 -0.6087522 -0.001229703 -0.7933595 4.65777e-6 0.9994438 0.03334861 -5.11883e-5 -0.9993349 0.03646653 -0.6087529 -0.001229763 -0.793359 -0.1119624 -0.9937125 0 0 0 1 0 0 1 0 0 1 -0.943744 -0.330232 0.01715111 -0.7933234 -0.6088004 0 0 -1 0 0 0 -1 -4.12193e-4 -0.04312396 -0.9990696 0 0 -1 0 0 -1 0 0 -1 -0.793341 0.6087775 0 0 -1 0 0 0 1 0 -0.9993356 0.03644591 0 0.001549243 0.9999988 -3.01146e-6 0.9994437 0.03335142 -0.3826905 -0.00143212 -0.9238755 -1.31637e-5 -0.9993354 0.03645253 -0.3826871 -0.001431882 -0.9238769 0 0 1 0 0 1 -0.6087626 -0.7933524 0 -0.3827143 -0.9238668 0 -0.6087626 -0.7933524 0 0 -1 0 -0.814769 -0.2936975 -0.4998933 0 0 -1 -0.6087626 0.7933524 0 0 -1 0 0 -0.9993357 0.03644591 -1 0 0 0 0.9994438 0.03334987 -0.1305235 -0.001536607 -0.9914441 -0.1305247 -0.001536667 -0.9914438 0 0 1 -0.1304973 -0.9914487 0 -0.3827143 -0.9238668 0 -0.6087626 -0.7933524 0 -0.7132722 -0.2569747 -0.6520789 -0.7395318 -0.2897612 -0.6075615 -0.6087626 0.7933524 0 0 -0.001549959 -0.9999988 -1 0 0 0 0.9994438 0.03334993 0 -0.001549959 -0.9999988 0 -1 0 -0.1304973 -0.9914487 0 -0.3827143 -0.9238668 0 -0.3827143 -0.9238668 0 -0.5749462 -0.2135107 -0.7898418 -0.7748893 -0.1738372 -0.6077231 -0.3826941 0.9238751 0 0 -1 0 -0.1304973 -0.9914487 0 -0.5705056 -0.2147468 -0.7927213 -0.7748834 -0.1738399 -0.6077297 -0.3826941 0.9238751 0 0.1305165 -0.9914461 0 -0.4356181 -0.1411356 -0.8889982 -0.7919932 -0.05836594 -0.6077337 -0.1305207 0.9914456 0 -0.3541312 -0.149855 -0.9231114 -0.7920108 -0.05835437 -0.6077119 -0.2608715 -0.07065403 -0.9627845 -0.7933598 0.002707183 -0.608747 -0.1458021 -0.06310886 -0.9872988 -0.7908004 -2.91525e-4 -0.6120741 -0.09573024 -0.02793091 -0.9950154 0 0 -1 0 0 -1 0 0 -1 8.53238e-4 -0.02360284 -0.9997211 0 0 -1 0 0 -1 7.45652e-4 -0.02406454 -0.9997102 0 0 -1 6.57335e-4 -0.02418678 -0.9997073 0 0 -1 0 1.34017e-7 -1 0 0 -1 0 1.33884e-7 -1 0 0 -1 -0.7537136 0.6572031 1.18314e-4 0 1.31475e-7 -1 0 0 -1 -0.6766967 0.7362619 4.45789e-5 -0.7071068 0.7071068 -3.27556e-4 0 1.33055e-7 -1 0.1305268 -0.9914448 0 0 0 -1 -0.676864 0.7361081 4.45789e-5 0 0 -1 0.1305268 -0.9914448 0 0 0 -1 -0.5914339 0.8063535 -5.35398e-5 -1.38407e-7 0 -1 0.3826721 -0.9238842 0 0 0 -1 0 0 -1 -0.4989657 0.8666218 1.34154e-4 -0.5735806 0.8191491 -2.86479e-4 -1.25188e-7 1.63145e-7 -1 0.3826721 -0.9238842 0 0 0 -1 0 0 -1 -1.39295e-7 0 -1 0.60877 -0.7933467 0 0 0 -1 -0.3826941 0.9238751 0 -0.1305207 0.9914456 0 -1.53371e-7 0 -1 0.7933553 -0.6087588 0 0.60877 -0.7933467 0 0 0 -1 -0.3826941 0.9238751 0 -0.6087626 0.7933524 0 -0.1305207 0.9914456 0 0.9238785 -0.382686 0 0.7933553 -0.6087588 0 0 0 -1 -0.6087626 0.7933524 0 0 0 -1 0 1 0 0 0 -1 0 0 -1 -0.793341 0.6087775 0 -0.793341 0.6087775 0 0 1 0 -0.9238919 0.3826537 0 0.1305165 0.9914461 0 -0.4226187 0.9063076 -2.9317e-4 -0.4004236 0.9163301 -4.0014e-5 -0.4989596 0.8666253 1.34154e-4 -0.2994053 0.6420763 0.7057581 -0.2968385 0.9549277 3.48679e-5 -0.2994098 0.642075 0.7057574 -0.4063556 0.5803295 0.7057568 -0.4063493 0.5803326 0.7057579 -0.5009519 0.5009519 0.705758 0 0 -1 0 0 -1 0.04339188 0.9990581 -7.49334e-6 0 0 -1 8.86424e-4 -0.01680916 -0.9998583 0.08716225 0.9961941 -3.3494e-4 0 0 -1 0.1258915 0.992044 -2.73757e-5 0 0 -1 0.2073544 0.9782658 2.30602e-5 0 0 -1 0.20747 0.9782414 2.30602e-5 0 0 -1 0.2876518 0.9577351 -6.90899e-5 0.2588138 0.9659272 -3.29455e-4 0 0 -1 0.3659192 0.9306465 4.68846e-5 0 0 -1 0.365844 0.9306762 4.68846e-5 0 0 -1 0.4415583 0.8972326 -1.18033e-4 0.4226253 0.9063045 -3.16913e-4 0 0 -1 0.5143018 0.8576093 6.33303e-5 0 0 -1 0.5142536 0.8576382 6.33303e-5 0 0 -1 0.583406 0.8121807 -1.73635e-4 0.5735805 0.8191491 -2.97236e-4 0 0 -1 0.6485459 0.7611756 7.27912e-5 0 0 -1 0.648537 0.7611832 7.27911e-5 0 0 -1 0.7093 0.7049067 -2.84132e-4 0 0 -1 0.7651405 0.6438633 7.54418e-5 0.7070983 0.7071153 -2.47986e-4 0 0 -1 0.7651451 0.643858 7.54418e-5 0 0 -1 0.8157505 0.578404 -2.15851e-4 0 0 -1 0.8608085 0.5089291 7.08473e-5 0.8191491 0.5735805 -2.79592e-4 0 0 -1 0.8608156 0.5089171 7.08473e-5 0 0 -1 0.8999251 0.4360447 -1.55101e-4 0 0 -1 0.9329047 0.3601236 5.88287e-5 0.9063141 0.4226046 -3.04136e-4 0.93292 0.3600839 5.88287e-5 0 0 1 0 0 1 -0.183356 0.6843147 0.7057577 0 0 1 0 0 1 -0.06174707 0.7057579 0.7057571 0 0 1 -0.06174927 0.705758 0.7057567 0 0 1 0.06174707 0.7057582 0.7057569 0.1833577 0.6843146 0.7057575 0.06175065 0.7057574 0.7057573 0 0 1 0 0 1 0.2994072 0.6420761 0.7057574 0.4063525 0.5803306 0.7057578 0 0 1 0.1833575 0.6843145 0.7057575 0.29941 0.6420743 0.7057579 0.4063547 0.5803285 0.7057582 0 0 1 0.500952 0.500952 0.705758 0 0 1 0.5803302 0.4063543 0.7057571 0.5009468 0.5009589 0.7057567 0.6420778 0.2994044 0.7057572 0 0 1 0.5803295 0.4063556 0.7057568 0.6420804 0.2993955 0.7057585 0 0 1 0.6843128 0.1833622 0.705758 0 0 1 0.6843129 0.1833603 0.7057583 0.7057566 0.06174695 0.7057585 0 0 1 0 0 1 0 0 1 0.6420777 -0.2994036 0.7057576 0.6843119 -0.1833637 0.7057585 0 0 1 0.5803301 -0.4063543 0.7057571 0 0 1 0.6843145 -0.1833575 0.7057575 0.6420797 -0.2994005 0.705757 0.7057561 -0.06175017 0.7057587 0.7057568 -0.06174695 0.7057582 0.5803292 -0.4063552 0.7057573 0 0 1 0.5009524 -0.5009524 0.7057573 0.7057568 0.06174957 0.7057581 0 0 1 0.4063523 -0.5803303 0.705758 0.5009472 -0.5009563 0.7057582 0.2994076 -0.6420769 0.7057566 0 0 1 0.4063641 -0.5803245 0.7057561 0.2994004 -0.6420789 0.7057577 0 0 1 0.1833639 -0.6843126 0.7057578 -3.16753e-6 -2.8328e-6 -1 -3.11302e-6 -2.77698e-6 -1 -0.7453937 -0.6666246 5.38393e-6 -3.15391e-6 -2.81881e-6 -1 0 1.31403e-7 -1 -0.7456069 -0.6663861 5.38389e-6 -1.70925e-6 -1.33419e-6 -1 0 1.34266e-7 -1 0 -1 0 -0.7882857 -0.6153094 -5.87573e-6 -1.2189e-6 -8.26534e-7 -1 0 -1 0 -0.8191491 -0.5735805 -3.20248e-4 -9.72396e-7 -5.68391e-7 -1 -0.8276576 -0.5612334 -1.80763e-4 0 0 -1 -0.1305268 -0.9914448 0 -9.72346e-7 -5.68338e-7 -1 0 0 -1 0 0 -1 0 0 -1 -0.1305268 -0.9914448 0 -8.23773e-7 -4.10267e-7 -1 0.1305165 0.9914461 0 0 0 -1 0 0 -1 -0.3826753 -0.9238829 0 -7.24148e-7 -3.02078e-7 -1 0 0 -1 0.7933517 0.6087635 0 -6.52416e-7 -2.22175e-7 -1 -6.5249e-7 -2.22258e-7 -1 -5.98327e-7 -1.60049e-7 -1 -5.55895e-7 0 -1 -5.55874e-7 0 -1 -0.981139 -0.1933037 3.15526e-5 -5.21582e-7 0 -1 -0.9811464 -0.1932661 3.15526e-5 -4.93206e-7 0 -1 -0.9918696 -0.1272587 -4.78403e-5 -4.69311e-7 0 -1 -0.9981592 -0.06064707 -1.12832e-4 -0.9961941 -0.08716225 -3.33129e-4 -4.69272e-7 0 -1 -0.9999813 0.006123423 4.75053e-5 -4.48777e-7 0 -1 -0.9999805 0.006241858 4.75053e-5 -4.30915e-7 0 -1 -0.9973328 0.07298856 -1.85599e-4 -4.14809e-7 0 -1 -0.9902203 0.1395122 -3.49136e-6 -0.9961943 0.08716076 -3.18874e-4 5.70641e-6 1.0377e-5 -1 -0.9783498 0.2069585 3.18992e-6 0 0 -1 -0.9786789 0.2053961 3.19014e-6 0 0 -1 -0.9627666 0.2703339 -2.0057e-4 -0.965926 0.2588181 -3.14832e-4 -0.9425161 0.3341609 4.615e-5 -0.9425258 0.3341336 4.615e-5 -0.9180977 0.396354 -1.01266e-4 -0.9063076 0.4226187 -3.34201e-4 -0.8793839 0.4761133 1.01233e-4 0.9238806 0.382681 0 0.9914464 0.130514 0 0 0 -1 0.9238806 0.382681 0 0.9914464 0.130514 0 0 0 -1 0.9238806 0.382681 0 0.9914464 -0.130514 0 -0.60877 -0.7933467 0 0 0 -1 -0.3826753 -0.9238829 0 0.2588139 -0.9659272 -3.18316e-4 0.3140616 -0.9494026 2.54795e-5 0.1833572 -0.6843133 0.7057588 0.2408242 -0.9705687 -1.43705e-4 0.06174027 -0.7057574 0.7057582 0.1661549 -0.9860997 6.14853e-5 0.06175035 -0.705758 0.7057567 0.08716225 -0.9961942 6.12888e-5 0.1662181 -0.9860883 -0.001160979 0.0952233 -0.9954558 -3.50854e-4 -0.2588181 -0.9659261 4.88201e-5 -0.1713572 -0.9852081 -0.001324415 -0.1713904 -0.9852032 4.90168e-5 -0.2367858 -0.9715617 -4.83105e-4 -0.3012167 -0.9535557 -3.26441e-5 -0.364341 -0.9312657 2.41754e-5 -0.4226046 -0.9063141 -2.95447e-4 -0.4257326 -0.904849 -2.59806e-4 -0.3643071 -0.9312789 2.41754e-5 -0.2993965 -0.6420832 0.7057555 -0.4852762 -0.8743609 3.68869e-5 -0.2994096 -0.6420746 0.7057579 -0.1833605 -0.6843133 0.705758 3.31316e-6 -5.32926e-7 -1 1.65675e-6 -6.09026e-7 -1 3.31056e-6 -5.33068e-7 -1 0 -1.26158e-7 -1 -4.30722e-5 -3.21289e-6 -1 0.987283 -0.1589727 2.89949e-5 0 -1.25676e-7 -1 0 0 -1 0.9760835 -0.2173963 -4.85034e-5 0.001411139 0.01377081 -0.9999042 0 0 -1 0.9614089 -0.2751239 -1.78727e-4 0.965926 -0.2588181 -3.27794e-4 0.001462697 0.01028406 -0.9999461 0 0 -1 0.9432902 -0.3319693 3.40374e-5 0.001480162 0.007698059 -0.9999693 0 0 -1 0.9432635 -0.332045 3.40374e-5 0.001475691 0.005541086 -0.9999835 0 -1.23974e-7 -1 0 0 -1 0.9218564 -0.3875316 -6.60448e-5 0 -1.24714e-7 -1 0.001462757 0.003850221 -0.9999915 0 0 -1 0.8971106 -0.441806 -1.52553e-4 0.906308 -0.4226177 -3.31936e-4 0 0 -1 0 -1.21237e-7 -1 0.001442551 0.002425074 -0.999996 0 0 -1 0.8692249 -0.494417 3.71438e-5 0 -1.23346e-7 -1 0.001425266 0.001498937 -0.9999979 0 0 -1 0.8691733 -0.4945077 3.71438e-5 0 0 -1 0.001412391 9.08417e-4 -0.9999986 0 0 -1 0 0 -1 0.8381831 -0.545389 -8.57722e-5 -0.6087645 0.7933511 0 -1.73132e-7 0 -1 1.38474e-7 0 -1 0 0 -1 0.8042156 -0.5943377 -1.28346e-4 0.8191548 -0.5735725 -3.34294e-4 -0.6087645 0.7933511 0 0 0 -1 -0.7933543 0.6087602 0 0 0 -1 0.7674081 -0.6411589 3.87788e-5 0 0 -1 0 0 -1 -0.7933543 0.6087602 0 0 0 -1 0.7673575 -0.6412194 3.87788e-5 0 0 -1 0 0 -1 0 0 -1 -0.9238753 0.3826937 0 0 0 -1 0 0 -1 0.7277698 -0.6858215 -1.06918e-4 0.9238756 -0.3826928 0 0 0 -1 -0.991446 0.1305181 0 -0.9238753 0.3826937 0 0 0 -1 0 0 -1 0.6856672 -0.7279152 -1.05966e-4 0.7070983 -0.7071153 -3.35073e-4 0.7933517 -0.6087635 0 0 0 -1 0 0 -1 0.6409927 -0.767547 3.8947e-5 0.7933517 -0.6087635 0 0 0 -1 0.6411533 -0.7674129 3.89471e-5 0.608753 -0.7933599 0 0 0 -1 0.5941844 -0.8043289 -1.29683e-4 0 0 -1 0.5451799 -0.8383191 -8.4572e-5 0.5735805 -0.8191492 -3.34428e-4 0 0 -1 0.4944808 -0.8691885 3.69157e-5 0 0 -1 0.494267 -0.8693101 3.69156e-5 0 0 -1 0.4416048 -0.8972098 -1.5396e-4 0 0 -1 0.3873863 -0.9219174 -6.55495e-5 0.4226112 -0.906311 -3.31859e-4 0 0 -1 0.3319633 -0.9432923 3.34551e-5 0.331701 -0.9433845 3.34551e-5 0.2588458 -0.9659186 -2.39681e-4 1 0 0 1 0 0 0 0 -1 0.9914442 0.1305305 0 0.9914449 0 0.1305258 0.9914442 -0.1305305 0 0 0 -1 0.9914442 0.1305305 0 0.9914449 0 0.1305258 0 0 -1 0.9238796 0.3826833 0 0.9238839 0 0.3826727 0.9914449 0 0.1305258 0.9238839 0 0.3826727 0.9238839 0 0.3826727 0.9853163 -0.1110165 0.129719 0.7933484 0 0.6087678 0.9238839 0 0.3826727 0.9189167 -0.1035352 0.3806213 0.7933484 0 0.6087678 0.9189192 -0.1035311 0.3806164 0.7933484 0 0.6087678 0.8728373 -0.305419 0.3806235 0.6087648 0 0.7933508 0.7902076 -0.08902966 0.6063379 0.7505783 -0.2626387 0.6063441 0.6087648 0 0.7933508 0.7505875 -0.262633 0.6063351 0.6733179 -0.4230716 0.6063445 0.3826826 0 0.9238799 0.576896 -0.2018577 0.7914825 0.5175017 -0.3251662 0.7914916 0.3826826 0 0.9238799 0.5175175 -0.325164 0.7914823 0 0 -1 0 0 -1 0 1 0 0 0 -1 0 0 -1 0.1305287 0.9914445 0 0 0 -1 0.1305287 0.9914445 0 0 0 -1 0.3826761 0.9238826 0 0 0 -1 0.3826761 0.9238826 0 0 0 -1 0.6087622 -0.7933528 0 0.6087566 0.7933571 0 0 0 -1 0.6087622 -0.7933528 0 0.382681 -0.9238806 0 0.6087566 0.7933571 0 0 0 -1 0.7933455 -0.6087716 0 0 0 -1 0.7933455 -0.6087716 0 0 0 -1 0.9238806 -0.382681 0 0.7933455 -0.6087716 0 0 0 -1 0.9238806 -0.382681 0 0.7933455 -0.6087716 0 0 0 -1 0.9914464 -0.130514 0 0.9238806 -0.382681 0 0.9914464 0.130514 0 0.9914464 -0.130514 0 0.9238806 -0.382681 0 0.9914464 -0.130514 0 0 0 1 0.9914468 -0.1305118 0 0.9238756 -0.3826928 0 0 0 -1 0.9914468 -0.1305118 0 0.9238756 -0.3826928 0 0 0 -1 0.9914468 -0.1305118 0 0.9914462 0.1305162 0 0.9238756 -0.3826928 0 0.7933517 -0.6087635 0 0 0 -1 0.9914468 -0.1305118 0 0.9914462 0.1305162 0 0 0 1 0 0 1 0 0 -1 0 0 -1 0.9914462 0.1305162 0 0.9238806 0.382681 0 0.7933623 -0.6087496 0 0 0 -1 0.9238806 0.382681 0 0.6087655 -0.7933502 0 0.6087655 -0.7933502 0 0 0 -1 0.9238806 0.382681 0 0.7933517 0.6087635 0 0.5996738 -0.7815017 0.1721815 0.3826761 -0.9238826 0 0 0 -1 0.5292897 -0.8423481 0.1014988 0.377424 -0.9112024 0.1651098 0.3826761 -0.9238826 0 0 0 -1 0.4919879 -0.7829836 0.3806372 0.1305146 -0.9914463 0 0 0 -1 0 -1 0 0 -1 0 0 0 -1 0.1305146 -0.9914463 0 0 -1 0 0 0 -1 0 0 -1 0.1289492 -0.9795544 0.1544191 0 -1 0 -0.130514 0.9914464 0 0 0 -1 0.4136486 -0.887041 0.2050682 0.5549029 -0.27085 0.7865895 0 -1 0 0.130514 0.9914464 0 0.382681 0.9238806 0 0.3078015 -0.871949 0.3807405 -1 -4.74126e-5 0 0.6950217 3.29528e-5 0.7189888 1 0 0 -1 -4.74126e-5 0 0 5.14471e-5 1 0 -1 0 0 5.14471e-5 1 0 -1 0 0 -1 0 -1 0 0 0 -1 0 -1 0 0 0 0 1 0 -1 0 0 0 1 0 0 1 0 -1 0 0 0 1 0 0 1 0.1305165 -0.9914461 0 0 0 1 0 -1 0 0.9914462 0.1305162 0 0 0 1 0.3826711 -0.9238846 0 0 0 1 0 -1 0 0 0 1 0.9238806 0.382681 0 0.6087754 0.7933427 0 0.2449926 -0.05818611 0.9677774 0.7933517 0.6087635 0 0.7933517 0.6087635 0 0.6087754 0.7933427 0 0.2688214 -0.2759774 0.9228063 0.1682816 -0.1057397 0.9800512 0.7933517 0.6087635 0 0.6087754 0.7933427 0 0.3257822 -0.2046938 0.9230203 0.3257645 -0.204694 0.9230264 0.6087754 0.7933427 0 0.3631431 -0.1270759 0.923027 0.5768722 -0.2018668 0.7914974 0.6073314 -0.06843435 0.7914957 0.7901973 -0.0890398 0.6063498 0.7933484 0 0.6087678 0 0 1 0 0 1 1 0 0 0 0 1 1 0 0 1 0 0 0 0 1 0.3117453 -0.6591508 -0.68435 1 0 0 0 0 1 1 0 0 0 0 1 1 0 0 0 0 1 1 0 0 0 0 1 0 0 1 0 1 0 0 0 1 -0.1119624 0.9937125 0 0 1 0 0 0 1 -0.1119624 0.9937125 0 -0.330281 0.9438827 0 0 1 0 0 0 1 0 1 0 0 1 0 0 0 1 0 1 0 0 1 0 0 0 1 0 0 1 0 1 0 -1 0 0 0.3341087 -0.6184051 -0.7112993 0.3117699 -0.6629363 -0.6806725 1 0 0 0.3350375 -0.6086621 -0.719222 1 0 0 0.3714483 -0.5410173 -0.7545372 1 0 0 0.3709061 -0.5383893 -0.7566806 0.4084351 -0.4362465 -0.8017916 0.3857629 -0.4757322 -0.7904846 0.40627 -0.4071173 -0.8180465 8.66054e-4 1.06904e-5 -0.9999997 8.6594e-4 1.20442e-5 -0.9999996 0.9981488 0.06081968 -1.60389e-4 8.65716e-4 0.02279138 -0.9997398 8.6353e-4 5.04666e-5 -0.9999996 8.67197e-4 -2.88148e-6 -0.9999997 0.9999181 -0.01279419 -5.91359e-6 8.67195e-4 0.002098739 -0.9999974 0.9985692 -0.05347406 -7.32991e-5 0.9961971 -0.08712834 -3.36398e-4 0.7057618 -0.06172668 0.705755 0.9924314 -0.1228006 -6.32717e-5 0.7057568 -0.06174695 0.7057582 0.9814857 -0.1915356 3.91504e-5 0 0 1 0 0 1 0 0 1 0 0 1 0 0 1 0 0 1 0 0 1 0 0 1 0.6843158 -0.1833581 0.7057562 0 0 1 -0.06174039 -0.7057585 0.7057572 -0.9731925 -0.2299918 -2.20671e-4 -0.9572356 -0.2893069 -0.001230716 0 0 1 0 0 1 -0.9376382 -0.3476004 -0.002940893 -0.9377058 -0.3474302 8.52969e-5 -0.9659267 -0.258816 8.49575e-5 0 0 1 0 0 1 0 0 -1 0 0 -1 1 0 0 0 0 -1 1 0 0 0 0 1 0 -1 0 1 0 0 0 0 1 0.2732964 -0.7267283 -0.6302182 1 0 0 0 0 1 0.2726923 -0.7337054 -0.6223466 1 0 0 0 0 1 0.2862597 -0.7069341 -0.6467608 0.2574942 -0.7482922 -0.6113555 1 0 0 0 0 1 0.2829936 -0.7211788 -0.6323099 0.2576211 -0.7507557 -0.6082739 1 0 0 0 0 1 0.3077322 -0.6705532 -0.6750254 0.2720491 -0.723226 -0.6347705 1 0 0 0 0 1 0.3053737 -0.6817326 -0.6648215 0.2697249 -0.733788 -0.6235414 1 0 0 0 0 1 0.3361418 -0.6126961 -0.7152707 0.2946198 -0.6838058 -0.6675394 1 0 0 0.3350733 -0.6186773 -0.7106084 0.29312 -0.6913703 -0.6603695 0.3658 -0.5403354 -0.7577784 0.3247819 -0.6206705 -0.713642 0.3659271 -0.5395462 -0.7582792 0.3243938 -0.6230624 -0.7117316 0.3885304 -0.4736619 -0.7903724 0.3560634 -0.5413479 -0.7616832 0.3893607 -0.4673525 -0.7937127 0.3567193 -0.5367394 -0.764632 0.4093281 -0.4012365 -0.8194265 0.3793531 -0.4689204 -0.7976245 0.4107626 -0.3872766 -0.8254034 0.3805613 -0.4580007 -0.8033732 0.4316059 -0.3061144 -0.8485342 0.4006167 -0.3885816 -0.8297654 0.4334232 -0.2769863 -0.857568 0.4021033 -0.3698833 -0.8375555 0.4240451 -0.2780156 -0.8619125 0.4251542 -0.2462305 -0.8709848 0.9547035 -0.2975588 -1.08422e-4 0.9718726 -0.2355047 -0.001056611 0.7328639 -0.6803739 -0.001357316 0.690721 -0.7231213 -3.02323e-4 0.7538706 -0.6570191 -0.002259314 0 0 1 0 0 1 0.1086997 -0.9940742 -9.5394e-4 0.1883708 -0.9820929 -0.003187716 0 0 1 0.08715558 -0.9961947 1.2968e-4 0 0 1 0.1883645 -0.9820992 1.30326e-4 0 0 1 0 0 1 0 0 1 0.02847588 -0.9995878 -0.003678202 0.02834266 -0.9995983 7.63905e-5 -0.08715558 -0.9961947 7.59155e-5 0 0 1 0 0 1 0 0 -1 0 0 -1 0 0 -1 0 0 -1 -0.8191617 -0.5735628 0 -0.7071068 -0.7071068 0 -0.5735728 -0.8191546 0 0 0 -1 -0.9063016 -0.4226316 0 -0.7071068 -0.7071068 0 -0.9063016 -0.4226316 0 -0.9659232 -0.258829 0 -0.9659232 -0.258829 0 0 -1 0 0 -1 0 -0.08715152 -0.9961951 0 0.08715152 -0.9961951 0 -0.08715152 -0.9961951 0 -0.258829 -0.9659232 0 -0.258829 -0.9659232 0 0 0 1 0 0 1 -0.5735728 -0.8191546 0 -0.8191617 -0.5735628 0 0 0 1 -0.4226233 -0.9063054 0 -0.4226233 -0.9063054 0 -0.8191492 0.5735805 -1.79694e-4 -0.8215541 0.5701307 -2.33967e-4 -0.8794023 0.4760795 1.01233e-4 -0.5803285 0.4063547 0.7057582 -0.7537372 0.6571759 1.18314e-4 -0.5803333 0.4063497 0.7057572 -0.6420771 0.2994057 0.7057572 -0.6420746 0.2994096 0.7057579 -0.6843133 0.1833605 0.705758 0 0 1 0 0 1 1 0 0 0 0 1 0.2952762 -0.7118372 -0.6372596 1 0 0 0 0 1 0.2941157 -0.6970469 -0.6539278 1 0 0 0 0 1 1 0 0 0 0 1 1 0 0 0 0 1 1 0 0 1 0 0 0 0 1 0 0 1 0 0 1 0 0 1 0 0 1 -1 0 0 0 0 1 0 0 1 -1 0 0 1 0 0 0 0 1 -1 0 0 1 0 0 0 0 1 0 0 1 1 0 0 0 0 1 -1 4.74126e-5 0 0.7023512 -3.33003e-5 0.7118306 0 0 1 -1 4.74126e-5 0 0 0 1 0 0 1 8.67293e-4 -3.53496e-6 -0.9999997 8.67198e-4 -2.08651e-6 -0.9999997 8.66991e-4 6.56332e-7 -0.9999996 8.67195e-4 0.002098739 -0.9999974 8.66003e-4 1.33824e-5 -0.9999997 8.66821e-4 3.03081e-6 -0.9999995 8.68e-4 -1.11535e-5 -0.9999997 0.9814885 -0.1915209 3.91504e-5 8.65253e-4 1.98922e-5 -0.9999997 0.9658141 -0.2592357 -2.85711e-4 8.69831e-4 -2.96773e-5 -0.9999997 0.9454691 -0.3257118 4.01442e-5 0.9659187 -0.2588458 -2.81345e-4 8.66624e-4 4.5673e-6 -0.9999997 0.9454525 -0.3257599 4.01442e-5 8.66727e-4 3.51411e-6 -0.9999996 0.9205266 -0.3906796 -6.74844e-5 8.70862e-4 -3.6461e-5 -0.9999996 0.8911644 -0.4536805 -6.9363e-5 0.906311 -0.4226112 -3.36286e-4 8.66955e-4 8.93877e-7 -0.9999997 0.8574341 -0.5145938 4.06489e-5 8.66101e-4 8.80859e-6 -0.9999997 0.8574268 -0.514606 4.06489e-5 8.67008e-4 7.21354e-7 -0.9999997 0.8196001 -0.5729358 -2.7675e-4 8.66421e-4 5.81228e-6 -0.9999997 0.7777918 -0.6285221 3.84146e-5 0.8191491 -0.5735805 -2.85172e-4 8.69246e-4 -1.85052e-5 -0.9999997 0.7778965 -0.6283925 3.84147e-5 8.65128e-4 1.58701e-5 -0.9999997 0.7322348 -0.6810524 -6.19446e-5 8.69276e-4 -1.78278e-5 -0.9999997 0.6830885 -0.7303357 -7.48111e-5 0.7071046 -0.7071089 -3.36437e-4 8.69005e-4 -1.56386e-5 -0.9999997 0.6307101 -0.7760185 4.24894e-5 8.64785e-4 1.78416e-5 -0.9999997 0.6307127 -0.7760164 4.24895e-5 8.68287e-4 -9.38262e-6 -0.9999996 0.5752038 -0.8180101 -2.67777e-4 8.67232e-4 -1.29462e-6 -0.9999997 0.5170271 -0.8559691 3.61325e-5 0.573584 -0.8191468 -2.88748e-4 8.67181e-4 -9.04161e-7 -0.9999997 0.5168499 -0.856076 3.61327e-5 8.6442e-4 1.99033e-5 -0.9999996 0.4562062 -0.8898741 -5.63183e-5 0.3915526 -0.9201556 -5.89643e-4 0.4226178 -0.9063081 -1.15588e-4 8.66988e-4 0 -0.9999996 8.67197e-4 -2.92917e-6 -0.9999996 1 0 1.58013e-6 8.66988e-4 0 -0.9999997 8.67195e-4 0.002098739 -0.9999974 1 0 1.58013e-6 0 -1 0 0 -1 0 0 -1 0 0 -1 0 0.417438 0.007767736 -0.9086721 0.4192686 0.02003741 -0.9076411 0.4031527 0.02711123 -0.914731 0.2669361 -0.006156027 -0.9636946 0.2584125 0.02364683 -0.9657452 0 -1 0 0.2983614 0.02336508 -0.9541669 0.2492137 0.02712488 -0.9680685 0 -1 0 0 -1 0 0.3042385 0.02935868 -0.9521434 0.2291157 0.01715236 -0.973248 0 -1 0 0.2251121 -0.01536756 -0.9742117 0 -1 0 0.3400594 0.02891927 -0.9399592 0.1813666 0.01732498 -0.9832629 0 -1 0 0.1799244 0.0307002 -0.9832013 0.345439 0.03444069 -0.937809 0.1789407 0.01876825 -0.9836808 0.1298977 -0.2382513 -0.9624775 0.3751209 0.03402096 -0.9263514 0.1788114 0.02105599 -0.983658 0.1506682 0.01017498 -0.988532 0.1119781 0.007573664 -0.9936818 0.3799626 0.04178005 -0.9240578 0.1330268 0.02119845 -0.9908857 0.1174686 0.01021593 -0.9930241 0.4019156 0.04135978 -0.9147422 0.1173189 0.0136038 -0.9930011 0.4065431 0.04880321 -0.9123272 0.4170867 0.04854935 -0.9075691 0.4169276 0.04797023 -0.907673 8.64858e-4 0.06289863 -0.9980196 8.66574e-4 -4.93628e-6 -0.9999996 8.67197e-4 2.30276e-6 -0.9999996 8.67025e-4 1.25436e-7 -0.9999997 8.67192e-4 -6.53116e-7 -0.9999997 8.67197e-4 -6.7332e-7 -0.9999996 8.65007e-4 0.07102155 -0.9974744 8.67197e-4 -6.7858e-7 -0.9999996 8.65007e-4 0.07102155 -0.9974744 8.67197e-4 -6.7858e-7 -0.9999996 8.65007e-4 0.07102155 -0.9974744 8.65951e-4 4.16785e-6 -0.9999996 8.67196e-4 -5.11724e-7 -0.9999996 8.66927e-4 0.02498829 -0.9996873 8.67197e-4 -5.13827e-7 -0.9999996 8.66927e-4 0.02498829 -0.9996873 8.67189e-4 -4.83734e-7 -0.9999997 8.66918e-4 0.02498823 -0.9996874 8.67207e-4 -5.45395e-7 -0.9999997 8.66935e-4 0.02498829 -0.9996874 8.67198e-4 -5.11724e-7 -0.9999996 8.66927e-4 0.02498829 -0.9996873 8.6595e-4 3.3403e-6 -0.9999996 8.65679e-4 0.02499014 -0.9996873 8.67197e-4 -3.49285e-7 -0.9999996 8.66927e-4 0.0249859 -0.9996874 8.67194e-4 -3.38342e-7 -0.9999997 8.67192e-4 0.001739799 -0.9999981 8.67318e-4 -6.60673e-7 -0.9999997 0.005173802 0.001739799 -0.9999852 8.67319e-4 9.72627e-4 -0.9999992 8.6629e-4 1.80957e-6 -0.9999997 0.002821624 0.001050472 -0.9999955 9.13971e-4 0.001068174 -0.9999991 8.6629e-4 9.74366e-4 -0.9999992 8.67319e-4 -4.95852e-7 -0.9999997 -0.001047909 -2.72345e-4 -0.9999995 2.86389e-4 0.001067757 -0.9999994 8.67319e-4 9.68781e-4 -0.9999992 8.67316e-4 -4.88563e-7 -0.9999997 -6.8191e-4 -2.72126e-4 -0.9999998 2.93696e-4 0.0147987 -0.9998905 -6.64995e-4 0.0123434 -0.9999235 8.67315e-4 9.68813e-4 -0.9999992 8.67323e-4 -5.02447e-7 -0.9999997 8.67319e-4 9.64919e-4 -0.9999992 8.67228e-4 0.0144754 -0.9998949 4.00959e-4 0.0123561 -0.9999235 8.67322e-4 9.68722e-4 -0.9999992 8.66286e-4 1.32342e-6 -0.9999997 8.66286e-4 9.85979e-4 -0.9999992 8.67319e-4 -3.3051e-7 -0.9999997 8.67228e-4 0.0144754 -0.9998949 8.67319e-4 -3.31031e-7 -0.9999997 4.27487e-4 0.02607148 -0.99966 -3.42813e-4 0.02123057 -0.9997745 8.67319e-4 -3.31031e-7 -0.9999997 8.662e-4 0.01448357 -0.9998947 8.6671e-4 0.01448142 -0.9998947 0.001167356 0.02385497 -0.9997147 8.6629e-4 8.22285e-7 -0.9999997 8.67228e-4 0.01447159 -0.9998949 8.66801e-4 1.65818e-7 -0.9999997 0.001946091 0.05216938 -0.9986363 8.67319e-4 -1.65862e-7 -0.9999997 8.67319e-4 0 -0.9999997 0.001470863 0.03415232 -0.9994156 0 0 -1 8.67319e-4 5.3165e-4 -0.9999995 0 0 -1 0.001208245 0.02345001 -0.9997242 0 0 -1 8.6901e-4 0.001520752 -0.9999985 0 0 -1 0 0 -1 0 0 -1 0.001051068 0.01622498 -0.9998679 8.71271e-4 0.002213835 -0.9999972 0 0 -1 0 0 -1 9.4514e-4 0.01029729 -0.9999465 8.75744e-4 0.003344893 -0.999994 0 0 -1 0 0 -1 8.93498e-4 0.005905389 -0.9999822 0.01428622 -3.43741e-4 -0.9998979 0.01358127 0 -0.9999077 0 -1 0 0.04391038 0.002352952 -0.9990327 0 -1 0 0.04851365 5.53462e-4 -0.9988223 0.08903545 0.002246141 -0.996026 0.07852411 0.005505263 -0.996897 0 0 -1 9.11819e-4 0.03797072 -0.9992784 0 0 -1 0 0 -1 9.94399e-4 0.03707987 -0.9993118 8.69764e-4 0.03887802 -0.9992436 0 0 -1 0.001103937 0.03666168 -0.9993271 -0.993483 0.1119281 -0.02153164 -0.9972489 0.07412612 0 0 0 1 -0.9752677 0.2207769 0.01052099 -0.9887627 0.07349532 -0.1301798 -1 0 0 0 0 1 -0.9670217 0.2189102 -0.1301821 -0.9436727 0.330213 -0.02100825 -0.9887621 0.0734924 -0.1301856 -0.991444 0 -0.1305329 0 0 1 -0.9217017 0.06850796 -0.3818017 -0.991444 0 -0.1305329 -0.8467262 0.5320289 0 -0.9238724 0 -0.3827008 0 -1 0 -0.9017044 0.432353 0 -0.9238724 0 -0.3827008 0 -1 0 -0.9319571 0.3625677 8.22135e-4 0 -1 0 -0.9437501 0.3302401 0.01665431 0 -1 0 -0.7933627 0 -0.6087492 0 0 1 0 -1 0 -0.608748 0 -0.7933636 -0.608748 0 -0.7933636 0 0 1 0 -1 0 -0.3826911 0 -0.9238763 -0.3826911 0 -0.9238763 -0.6081256 0.04520756 -0.7925525 0 0 1 -0.1305239 0 -0.9914451 -0.1305239 0 -0.9914451 -0.3825363 0.0284413 -0.9235026 -0.6081362 0.04521459 -0.792544 -0.1305203 0.007483482 -0.9914174 -0.3825324 0.02843922 -0.9235042 -0.5947672 0.134637 -0.7925433 -0.1262389 0.009385168 -0.9919555 0 0 -1 -0.3741234 0.08468478 -0.9235042 -0.5947546 0.1346258 -0.7925546 -0.3741272 0.08468765 -0.9235025 -0.569909 0.2163057 -0.7927266 -0.3537721 0.15069 -0.9231131 -0.4349255 0.1424607 -0.8891258 -0.2604708 0.07147318 -0.9628326 8.67573e-4 1.57063e-6 -0.9999997 8.66903e-4 0 -0.9999996 8.65581e-4 -3.45061e-6 -0.9999997 0.0176537 0 -0.9998441 8.64827e-4 -5.43972e-6 -0.9999997 -0.942275 0.33484 8.44783e-5 0.02398109 0.003013074 -0.9997079 8.66758e-4 -1.75123e-7 -0.9999997 -0.9423094 0.3347404 -0.001376807 -0.9063081 0.4226177 8.41143e-5 0.05419319 0.003017544 -0.9985259 0.02397185 0 -0.9997127 8.70106e-4 9.74651e-6 -0.9999997 -0.908913 0.4169857 -2.98922e-4 0.06995236 0.01062935 -0.9974938 0.04734396 0.0112006 -0.9988158 8.62064e-4 -1.52497e-5 -0.9999997 -0.8684074 0.4958514 8.58564e-5 0.09264856 0.01061785 -0.9956423 0.07008016 0.005646765 -0.9975254 8.69664e-4 9.32761e-6 -0.9999997 -0.8683904 0.4958794 -0.001329183 -0.8191709 0.5735495 8.54478e-5 0.1143199 0.0211386 -0.993219 8.64624e-4 -8.51013e-6 -0.9999997 -0.8210434 0.5708657 -2.74777e-4 0.1330319 0.02109569 -0.9908872 8.63494e-4 -1.27066e-5 -0.9999996 -0.7672799 0.6413124 8.72084e-5 0.1571071 0.03282046 -0.987036 8.66963e-4 7.6156e-7 -0.9999996 -0.7672642 0.6413299 -0.001285016 -0.7070897 0.7071239 8.679e-5 0.193771 0.03261417 -0.9805045 8.73401e-4 2.82055e-5 -0.9999997 -0.707409 0.7068043 -2.52691e-4 0.2161082 0.05537617 -0.9747978 8.64986e-4 -9.30795e-6 -0.9999996 -0.6420496 0.7666631 8.67372e-5 0.2614116 0.05475246 -0.9636733 8.67747e-4 3.60716e-6 -0.9999996 -0.6420463 0.7666649 -0.001241207 -0.5735697 0.8191568 8.63976e-5 0.2813189 0.07547545 -0.9566416 8.67863e-4 4.20007e-6 -0.9999997 -0.5715073 0.8205969 -2.30398e-4 0.313108 0.07470065 -0.9467752 8.63897e-4 -1.69238e-5 -0.9999996 -0.4966785 0.8679346 8.61151e-5 0.3236084 0.08583378 -0.9422899 8.67567e-4 3.57582e-6 -0.9999996 -0.4966301 0.8679615 -0.001196622 -0.4226327 0.9063011 8.58256e-5 0.3400571 0.09312659 -0.9357824 8.65836e-4 -6.90392e-6 -0.9999996 -0.417779 0.9085487 -2.09492e-4 0.3402334 0.09447526 -0.9355831 8.71589e-4 2.89883e-5 -0.9999996 -0.3356327 0.9419929 8.49707e-5 0.3460752 0.1082618 -0.9319396 8.64176e-4 -1.92167e-5 -0.9999996 -0.3355743 0.942013 -0.001152455 -0.2588181 0.9659261 8.4702e-5 8.69015e-4 1.42287e-5 -0.9999997 -0.250892 0.968015 -1.88895e-4 -0.1833609 0.6843151 0.7057561 8.60597e-4 -4.50672e-5 -0.9999997 -0.164176 0.986431 8.2788e-5 8.72922e-4 4.43422e-5 -0.9999996 -0.1641116 0.9864411 -0.001111686 -0.08712834 0.9961971 8.25301e-5 8.41559e-4 -1.91102e-4 -0.9999997 -0.07608467 0.9971014 -1.69656e-4 8.78534e-4 8.84315e-5 -0.9999996 0.01256453 0.9999211 7.95462e-5 8.47113e-4 -1.52088e-4 -0.9999996 0.01257091 0.999921 7.95462e-5 0.09327507 0.9956403 -2.31622e-4 0.08712536 0.9961973 -2.95752e-4 0.1656334 0.9861873 5.61145e-5 0.6087645 0.7933511 0 0.7933586 0.6087545 0 -1.2471e-7 -1.62524e-7 -1 0 0 -1 -1.4021e-7 0 -1 0 0 -1 0 0 -1 9.38209e-4 0.0435611 -0.9990504 8.02706e-4 0.04149585 -0.9991383 7.34482e-4 0.02476406 -0.9996931 5.9226e-4 0.0262143 -0.9996562 8.48258e-4 0.02622073 -0.9996559 0.001063227 0.02391827 -0.9997133 4.85132e-4 -0.01629739 -0.9998671 9.86523e-4 0.02395981 -0.9997124 0.001296103 0.01749098 -0.9998462 -0.9914439 -2.12032e-7 -0.1305337 -1 0 0 0 1 0 -0.9915482 -2.01046e-4 -0.1297385 -1 0 0 0 1 0 -0.9915481 5.76361e-4 -0.1297385 -0.9238721 -5.93043e-4 -0.3827008 -0.9914438 0 -0.1305345 -0.9972968 -0.07347935 0 0 1 0 -0.923871 0.001700103 -0.3827003 -0.9238731 -5.93662e-4 -0.3826985 -0.9888084 -0.07286363 -0.1301875 -0.9888117 -0.07285416 -0.130168 -0.7933624 -9.44323e-4 -0.608749 -0.9217384 -0.06792753 -0.3818169 -0.923872 0.001701891 -0.382698 -0.9217437 -0.06792175 -0.3818052 -0.9674488 -0.2170262 -0.130163 -0.9018255 -0.2023138 -0.3818113 -0.901834 -0.202307 -0.3817949 -0.8581988 -0.3434873 -0.3814595 0.01246768 0.07161396 -0.9973546 0.01324957 0.05670964 -0.9983028 0.01101326 0.07432413 -0.9971733 0.01319605 0.05344277 -0.9984837 0.01028496 0.06368422 -0.9979171 0 0 -1 0 0 -1 0 0 -1 0 0 -1 9.30371e-4 -0.02845752 -0.9995946 0.001126706 -0.02662545 -0.9996448 0 0 -1 0 0 -1 7.21163e-4 -0.03293788 -0.9994572 0.00142306 -0.02599668 -0.999661 5.38623e-4 -0.04642874 -0.9989215 0.001559615 -0.02627909 -0.9996534 6.49053e-4 -0.02414971 -0.9997082 0.001569032 -0.02413892 -0.9997073 5.84993e-4 0.001049101 -0.9999993 5.48008e-4 -0.01003468 -0.9999495 -0.7933234 -0.6088004 0 -0.9238988 -0.382637 0 0 0 -1 -0.7933234 -0.6088004 0 -0.9238988 -0.382637 0 -0.7933234 -0.6088004 0 -0.9238988 -0.382637 0 -0.7071026 0.707111 0 -0.8467262 0.5320289 0 0 0 1 -0.7071026 0.707111 0 0 0 1 0 0 1 0 0 1 -0.5320371 0.846721 0 0 0 1 0 0 1 0 0 1 -0.5320371 0.846721 0 -0.9238919 0.3826537 0 -0.330281 0.9438827 0 0 0 1 0 0 1 -0.9914456 0.1305207 0 0 0 1 -0.9914456 0.1305207 0 0 0 1 0 0 1 0 0 1 0 0 1 0 0 1 0 0 1 0 0 1 0 0 1 0 0 1 0.3826954 0.9238746 0 -0.130514 0.9914464 0 0 0 1 0.3826954 0.9238746 0 -0.3826869 0.9238781 0 0 0 1 0.6087566 0.7933571 0 -0.3826869 0.9238781 0 -0.3826869 0.9238781 0 0 0 1 0.6087566 0.7933571 0 -0.6087635 0.7933517 0 0.7933502 0.6087656 0 0 1 0 0 1 0 0 0 1 0 1 0 -0.1305239 -3.13435e-5 -0.9914452 0 0 1 0 0 -1 -1 0 0 -0.1303997 0 -0.9914615 -0.3823035 3.68367e-5 -0.9240369 0 0 1 -1 0 0 0 0 -1 -0.1303997 0 -0.9914615 -0.3823034 -1.05604e-4 -0.9240368 0 0 1 -1 0 0 0 0 -1 -0.1305239 8.98587e-5 -0.9914451 -0.9757114 -0.2188921 -0.008583486 0 0 1 0 0 -1 0 -1 0 0 0 -1 -0.1305204 -0.007421255 -0.9914178 -0.993551 -0.1119377 0.01806867 0 -1 0 0 0 -1 0 -1 0 0 -1 0 0 -1 0 0 -1 0 0 0 1 0 0 1 0 0 1 0 0 1 0 0 1 0 0 1 0 -1 0 0 0 1 0 -1 0 0 0 1 0 -1 0 -0.1119624 -0.9937125 0 0 1 0 0 1 0 0 0 -1 0 1 0 0 0 -1 0 0 -1 1.53336e-4 -0.01565021 -0.9998775 7.00512e-5 -0.01592713 -0.9998731 0 0 -1 2.5052e-4 -0.01521408 -0.9998842 1.09599e-6 -0.01607525 -0.9998708 0 0 -1 -5.41375e-5 -0.01612716 -0.99987 0 0 -1 -1.15905e-4 -0.01934456 -0.9998129 0 1 0 0 1 0 0 0 1 0 1 0 -0.09559208 0.02814394 -0.9950227 0 0 1 0 0 -1 -1 0 0 -0.1458688 0.06345307 -0.9872669 -0.9752877 0.2207814 -0.008340001 0 0 1 0 0 -1 -1 0 0 -0.1218305 0.02757757 -0.9921678 -0.9935686 0.1119377 0.01706928 -0.1317768 0.02286237 -0.9910157 0 0 -1 0 0 -1 0 0 -1 0 0 -1 0.3826721 0.9238842 0 -0.6087626 -0.7933524 0 0.1305268 0.9914448 0 0 -1.33413e-7 -1 0 -1.35228e-7 -1 0 0 -1 0 0 -1 0.1305268 0.9914448 0 0 0 -1 0 1 0 0 0 -1 0 1 0 0 0 -1 -0.1305268 0.9914448 0 0 0 -1 0 -1.25312e-7 -1 0 0 -1 0 -1.23839e-7 -1 0 0 -1 -0.6087479 -9.80931e-5 -0.7933637 -0.7908005 1.01689e-4 -0.6120741 0 1 0 -0.6082336 6.37264e-5 -0.7937581 0 1 0 -0.6082336 -1.82711e-4 -0.7937581 -0.3826966 -6.95261e-5 -0.9238741 -0.3826966 1.99319e-4 -0.923874 -0.6087479 2.81215e-4 -0.7933636 -0.3825446 -0.02819019 -0.9235069 -0.6081362 -0.04481893 -0.7925664 -0.1263165 -0.009308397 -0.9919463 -0.3825381 -0.02819257 -0.9235095 -0.6081587 -0.04480838 -0.7925498 -0.1317565 -0.02266097 -0.9910231 -0.3742735 -0.08395975 -0.9235097 -0.5950194 -0.1334782 -0.7925501 0 0 -1 -0.121977 -0.02736276 -0.9921557 -0.3742749 -0.08395951 -0.9235092 -0.5949994 -0.1334841 -0.792564 0.6087635 0.7933517 0 0.7933517 0.6087635 0 0 0 -1 0.6087635 0.7933517 0 0.7933517 0.6087635 0 0 0 -1 0.6087635 0.7933517 0 0.382681 0.9238806 0 0.7933517 0.6087635 0 0.9238806 0.382681 0 0 0 -1 0.382681 0.9238806 0 0.130514 0.9914464 0 0 0 -1 0 0 -1 0.7933502 0.6087656 0 0 0 -1 0 0 -1 0.9238825 0.3826761 0 0 0 -1 0 0 -1 0 0 -1 0 0 1 0 0 1 -1 0 0 0 0 1 0.9914464 0.130514 0 0 0 1 -1 0 0 0 0 1 0 -5.2646e-5 1 0 1 0 0 -5.2646e-5 1 0 1 0 0 0 -1 0.3497229 0.9368532 8.18025e-5 0 0 -1 0.4226112 0.9063111 8.1547e-5 0 0 -1 0.3496346 0.9368855 -0.001131832 0 0 -1 0.4271384 0.9041863 -2.26686e-4 0 0 -1 0.4984884 0.8668963 7.13575e-5 0 0 -1 0.4983438 0.8669786 -0.001295745 0.5735777 0.8191512 7.10607e-5 0 0 -1 0.5665288 0.8240419 -3.32806e-4 0 0 -1 0.6308445 0.7759093 6.08286e-5 0 0 -1 0.6308364 0.7759144 -0.001513719 0.7070983 0.7071154 6.05006e-5 0 0 -1 0.6911839 0.7226788 -4.56487e-4 0 0 -1 0.7470342 0.6647856 3.40232e-5 0 0 -1 0.747187 0.6646116 -0.001744389 0.8191548 0.5735725 3.38005e-5 0 0 -1 0.7980303 0.602617 -5.95989e-4 0 0 -1 0.8439101 0.5364847 -8.89734e-6 0 0 -1 0.8794605 0.4759718 6.34627e-6 0 0 -1 0 0 -1 0 0 -1 0 0 -1 0.9298066 0.3680484 4.48411e-6 0 0 -1 0.9500491 0.3121004 -5.18822e-6 0 0 -1 0.9669572 0.2549387 -2.66051e-4 0.965926 0.2588181 -3.05982e-4 0 0 -1 0.9804303 0.1968668 1.4412e-5 0 0 -1 0.9804503 0.1967669 1.4412e-5 0 0 -1 0.990413 0.1381378 -1.78708e-5 0 0 -1 0.9968866 0.07884889 -2.3508e-4 0.9961941 0.08716225 -3.149e-4 0 0 -1 0.9998128 0.01935082 2.25771e-5 0 0 -1 0.9998131 0.01933652 2.25771e-5 0 0 -1 0.9991876 -0.04029947 -3.2489e-5 0.9950134 -0.09974128 -2.06049e-4 0.9961944 -0.08715927 -3.22179e-4 0.9873092 -0.15881 2.89949e-5 0 0 1 0 0 1 0.6420774 -0.2994042 0.7057576 0 0 1 0.5803318 -0.4063507 0.7057579 0.6843137 -0.1833605 0.7057576 0.6420769 -0.2994049 0.7057578 0.6843129 -0.1833623 0.7057579 0.7057566 -0.06174808 0.7057583 0.7057568 -0.06174695 0.7057582 0.7057567 0.06175059 0.705758 0.7057565 0.06174695 0.7057586 0.6843126 0.1833602 0.7057586 0.684312 0.1833656 0.7057578 0 0 -1 0 0 -1 -0.1305268 0.9914448 0 0 0 -1 -0.3826753 0.9238829 0 0.7933517 -0.6087635 0 -0.3826753 0.9238829 0 0.608753 -0.7933599 0 0.608753 -0.7933599 0 0.382681 -0.9238806 0 0.001393735 1.46413e-4 -0.999999 0 0 -1 0.001402616 4.97668e-4 -0.9999989 0.001385211 -1.72189e-4 -0.9999991 0 0 -1 0 0 -1 0.001378417 -4.12988e-4 -0.9999989 0 0 -1 0.001370847 -6.73756e-4 -0.9999989 0 0 -1 0.001357018 -0.0011276 -0.9999985 0 0 -1 0.001338481 -0.001687884 -0.9999977 0 0 -1 0.00131756 -0.002272546 -0.9999966 0 0 -1 0.001272678 -0.003436148 -0.9999933 0 0 -1 0.00120157 -0.004946291 -0.999987 0 0 -1 0.001108169 -0.006674766 -0.9999771 0 0 -1 9.78272e-4 -0.008637189 -0.9999622 0 0 -1 8.48538e-4 -0.01028323 -0.9999468 0 0 -1 7.25966e-4 -0.01161491 -0.9999323 0 0 -1 6.15576e-4 -0.0126574 -0.9999197 0 0 -1 5.22007e-4 -0.01343715 -0.9999096 0 0 -1 4.48741e-4 -0.01398617 -0.9999021 0 0 -1 3.59953e-4 -0.01459509 -0.9998934 0 0 -1 0 0 -1 0 0 1 0 0 1 0.4063523 -0.5803303 0.705758 0 0 1 0 0 1 0.5009456 -0.5009577 0.7057584 0.5009487 -0.5009554 0.7057577 0 0 1 0.5803329 -0.4063494 0.7057577 0 0 1 0 0 1 0 0 1 0 0 1 0 0 1 0 0 1 0 0 1 0 0 1 0 0 1 0.3826711 -0.9238846 0 0 0 1 0.6087656 -0.7933502 0 0.130514 -0.9914464 0 0 0 1 0.382681 -0.9238806 0 0 0 1 0.382681 -0.9238806 0 0.608753 -0.7933599 0 -0.08712685 -0.9961972 -2.4469e-4 -0.09959566 -0.995028 -9.86303e-5 0.01576954 -0.9998756 1.35973e-4 -0.06172561 -0.705762 0.7057548 -0.2137283 -0.9768931 7.41297e-5 -0.06174695 -0.7057568 0.7057582 0.06172633 -0.7057577 0.7057591 0.06174719 -0.7057591 0.7057559 0.1833806 -0.6843107 0.7057552 0.1833574 -0.6843132 0.7057588 0.2993996 -0.6420779 0.705759 0.299407 -0.6420758 0.7057579 0.4063552 -0.580329 0.7057576 0 0 -1 0 0 -1 0.2749852 -0.9614483 -4.36856e-4 0 0 -1 0 0 -1 0.2171845 -0.9761306 -4.73628e-5 0 0 -1 0 0 -1 0.1311202 -0.9913665 6.5108e-5 0 0 -1 0 0 -1 0.1309526 -0.9913886 6.5108e-5 0 0 -1 0 -1.35495e-7 -1 0.08712834 -0.9961971 -3.26642e-4 0 0 -1 0.01580345 -0.9998751 1.35973e-4 0 -1.3305e-7 -1 0 0 -1 -9.08734e-7 8.05437e-7 -1 0 0 1 0 0 1 0.1305221 0.9914454 0 -0.3826869 -0.9238781 0 0 0 1 0.1305221 0.9914454 0 0.3826926 0.9238758 0 -0.1305305 -0.9914443 0 -0.1305305 -0.9914443 0 0 0 -1 0 1 0 0 0 -1 -0.1305305 -0.9914443 0 0.1305305 -0.9914443 0 0 0 -1 0 1 0 0.1305305 -0.9914443 0 0.1305305 -0.9914443 0 0.1289627 0.9795501 0.1544353 0.382681 -0.9238806 0 0.4136613 0.8870319 0.2050822 0.377424 0.9112024 0.1651098 0.5292778 0.842355 0.1015042 0.4919817 0.7829976 0.3806164 0.5996643 0.7815077 0.1721878 0.7037064 0.7037064 0.09795194 0.6538845 0.6538845 0.3806182 0.7815077 0.5996643 0.1721877 0.842357 0.529275 0.1015015 0.9111995 0.377431 0.1651099 0.9379262 0.3282081 0.1121333 0.9800899 0.1290357 0.1509093 0.9853165 0.1110147 0.129719 0.9914449 0 0.1305258 0.9238839 0 0.3826727 0.9238839 0 0.3826727 0.7933484 0 0.6087678 0.7933484 0 0.6087678 0.6087648 0 0.7933508 0.6087648 0 0.7933508 0.3826825 0 0.9238799 0.3823273 0.04307764 0.9230223 0.3826825 0 0.9238799 0.1305258 0 0.9914449 0.1305258 0 0.9914449 0.1305258 0 0.9914449 0.1305258 0 0.9914449 0.1305143 -0.01327604 0.9913575 0.1280111 -0.01442283 0.9916679 0.1271384 -0.03990346 0.991082 0 0 1 0.119785 -0.0419144 0.9919146 0 0 1 0.1179122 -0.06547117 0.9908635 0.0948866 -0.06808471 0.9931571 0.7933571 0.6087566 0 0.9238796 0.3826833 0 0 0 -1 0.7933571 0.6087566 0 0.3823252 -0.04307746 0.9230232 0.3823273 -0.04307639 0.9230223 0.363155 -0.127073 0.9230226 0.6073378 -0.06843012 0.7914912 0.3826825 0 0.9238799 0.6087648 0 0.7933508 0.3826825 0 0.9238799 0.6087648 0 0.7933508 -0.6087622 -0.7933528 0 -0.3826869 -0.9238781 0 0 0 1 -0.6087622 -0.7933528 0 -0.3826869 -0.9238781 0 0 0 1 -0.6087622 -0.7933528 0 -0.7933455 -0.6087716 0 -0.3826869 -0.9238781 0 -0.1305305 -0.9914443 0 0.3826926 0.9238758 0 0 0 1 -0.6087622 -0.7933528 0 -0.7933455 -0.6087716 0 0.608757 0.7933568 0 0 0 1 0.608757 0.7933568 0 0.7933568 0.608757 0 0.7933568 0.608757 0 0 1 0 0 1 0 0 0 1 0 1 0 0.0948866 0.06808471 0.9931571 0 1 0 0 0 1 0 0 1 0 0 1 0.1179122 0.06547117 0.9908635 0.1682816 0.1057397 0.9800512 0 1 0 0.2449926 0.05818611 0.9677774 0.382681 -0.9238806 0 0 0 1 0.6087622 -0.7933528 0 0 0 1 0.119785 0.0419144 0.9919146 0.3257763 0.2047014 0.9230207 0 1 0 0.3830316 0.4181241 0.8236862 0.2688214 0.2759774 0.9228063 0.6087622 -0.7933528 0 0.382681 -0.9238806 0 0.1305305 -0.9914443 0 0.3631458 0.1270698 0.9230267 0.3257688 0.2046855 0.9230268 0.5549386 0.2706295 0.7866402 0.4468439 0.6565602 0.607667 0.4183536 0.3099441 0.8537651 0.3631517 0.1270772 0.9230234 0.5175036 0.3251553 0.7914949 0.4171378 0.6638717 0.6207017 0.3078319 0.8719443 0.3807263 0.5622909 0.5622909 0.606348 0.4321667 0.4321667 0.7914947 0.5768876 0.2018696 0.7914856 0.5175084 0.3251705 0.7914855 0.4919856 0.7829916 0.3806236 0.5622909 0.5622909 0.606348 0.5768787 0.2018546 0.7914958 0.6733145 0.4230694 0.6063496 0.6538845 0.6538845 0.3806182 0.6073334 0.06842964 0.7914945 0.7505801 0.2626342 0.6063438 0.6733153 0.423076 0.6063442 0.6073377 0.06843417 0.7914909 0.750584 0.2626449 0.6063345 0.7829917 0.4919908 0.3806168 0.790206 0.08903956 0.6063386 0.8728328 0.3054223 0.3806312 0.7829936 0.4919754 0.3806326 0.7901982 0.08902722 0.6063505 0.8728336 0.3054302 0.3806231 0.9189174 0.1035293 0.380621 0.9189189 0.1035338 0.3806163 0 0 1 0 0 1 0.1305333 -0.9914439 0 -0.6087754 0.7933427 0 -0.6087754 0.7933427 0 -0.7933517 0.6087635 0 -0.6087754 0.7933427 0 -0.7933517 0.6087635 0 -0.7933517 0.6087635 0 -0.9238806 0.382681 0 0 0 -1 0 0 -1 0 0 -1 -0.3826869 0.9238781 0 0.1305333 -0.9914439 0 -0.130514 0.9914464 0 0.3826731 -0.9238838 0 -0.130514 0.9914464 0 0 0 1 0.130514 0.9914464 0 0 0 1 0.130514 0.9914464 0 0 0 1 0.382681 0.9238806 0 0.382681 0.9238806 0 0.382681 0.9238806 0 0.130514 0.9914464 0 0 0 1 0 0 1 -1 0 0 0 -1 0 -1 0 0 0 -1 0 -1 0 0 0 -1 0 0 -1 0 0 0 1 0 0 1 -0.8732166 -0.4873324 8.00559e-5 -0.8730019 -0.4877167 8.00558e-5 -0.895288 -0.4454876 -3.35991e-4 -0.839522 -0.5433258 -1.40125e-4 -0.9063106 -0.4226117 -6.98854e-4 -0.8022089 -0.5970424 -0.001157939 -0.9146218 -0.4043103 -3.32316e-4 0 0 1 0 0 1 -0.7615299 -0.648123 -0.002964496 -0.7615076 -0.6481559 9.47512e-5 -0.8191404 -0.5735931 9.42664e-5 0 0 1 0 0 1 0 0 -1 0 0 -1 0 0 1 0 0 1 -0.1793743 -0.9837809 7.65524e-5 -0.1793063 -0.9837933 7.65524e-5 -0.2365899 -0.9716095 -3.05832e-4 -0.1214829 -0.9925936 -1.79679e-4 -0.2588124 -0.9659274 -7.05949e-4 -0.05219435 -0.9986362 -0.00124228 -0.2930247 -0.9561049 -1.69e-4 -0.4641341 -0.885765 -6.58567e-5 -0.4226289 -0.9063025 -6.88553e-4 -0.4080202 -0.9129728 -3.82107e-4 0 0 1 0 0 1 0 0 1 0 0 1 -1 0 0 0 0 1 0 1 0 -1 0 0 0 0 1 0 1 0 -1 0 0 0 0 1 0 1 0 -1 0 0 0 0 1 -1 0 0 0 0 1 -1 0 0 0 0 1 -1 0 0 0 0 1 -1 0 0 -1 0 0 -1 0 0 0.1280114 0.01442271 0.9916678 0.1305143 0.01327604 0.9913575 0.3823248 0.04307562 0.9230234 0.1271392 0.03990328 0.9910819 0 0 1 0 0 1 0 0 1 1 0 0 0 0 1 1 0 0 0 0 1 1 0 0 0 0 1 1 0 0 0 0 1 1 0 0 0 0 1 1 0 0 0 0 1 1 0 0 1 0 0 1 0 0 1 0 0 1 0 0 1 0 0 1 0 0 1 0 0 1 0 0 1 0 0 1 0 0 1 0 0 1 0 0 0.4197509 0.1201259 -0.8996549 0.4159798 0.1007332 -0.9037774 1 0 0 0.4190505 0.1563372 -0.8944023 0.4116241 0.100952 -0.9057452 0.4188989 0.08173638 -0.9043467 1 0 0 1 0 0 0.4204787 0.1562238 -0.8937516 0.4206442 0.1610975 -0.892808 0.4072362 0.1329246 -0.9035981 0.4025262 0.085738 -0.9113845 1 0 0 1 0 0 0.425345 0.2018967 -0.8822241 0.397925 0.1335191 -0.9076499 0.3866688 0.08637446 -0.9181649 1 0 0 1 0 0 0.4209324 0.2416527 -0.8743111 0.383858 0.1090557 -0.9169296 0.3770825 0.07045614 -0.9234959 0.3539136 0.07114636 -0.9325681 0.3431062 0.05990737 -0.9373843 0.3144817 0.06059378 -0.9473277 0.3026775 0.04834705 -0.951866 0.2618858 0.04895216 -0.9638566 0.2486245 0.0354126 -0.9679523 0.1935652 0.03586006 -0.9804318 8.77399e-4 8.2936e-5 -0.9999997 8.70517e-4 2.7933e-5 -0.9999997 8.3124e-4 -2.86357e-4 -0.9999996 8.672e-4 1.65637e-6 -0.9999997 0.1656602 0.9861829 5.61145e-5 8.68444e-4 1.18504e-5 -0.9999996 8.68443e-4 -0.002109467 -0.9999974 8.65941e-4 -9.29341e-6 -0.9999996 8.65939e-4 -0.002086997 -0.9999975 8.67197e-4 1.65048e-6 -0.9999996 8.67195e-4 -0.002100467 -0.9999974 8.67195e-4 1.66983e-6 -0.9999996 8.67201e-4 1.66984e-6 -0.9999997 8.66362e-4 0.04387789 -0.9990365 8.6595e-4 -1.02059e-5 -0.9999996 8.65116e-4 0.04387956 -0.9990364 8.67197e-4 1.9804e-6 -0.9999996 8.66362e-4 0.04387557 -0.9990366 8.68444e-4 1.44898e-5 -0.9999996 8.67609e-4 0.04386931 -0.9990369 8.65955e-4 -1.10964e-5 -0.9999996 8.65124e-4 0.04388642 -0.9990361 8.67193e-4 1.93158e-6 -0.9999996 -0.001275122 0.06259405 -0.9980383 8.65476e-4 0.06289637 -0.9980197 -0.00129503 0.07149618 -0.99744 -6.06119e-5 0.07149624 -0.9974409 -3.00172e-6 0.0360158 -0.9993513 4.08221e-4 0.08021408 -0.9967775 0.00726962 0.03601485 -0.9993248 4.1734e-4 0.06960755 -0.9975744 0.006230294 0.08021289 -0.9967583 0.007145404 0.003550469 -0.9999682 0.006066262 0.01551431 -0.9998613 8.65003e-4 0.07102155 -0.9974744 8.6548e-4 0.06289404 -0.9980199 0.003377556 0.03024673 -0.9995368 0.006928563 -3.9855e-5 -0.999976 0.008526921 0.003540277 -0.9999574 0.01095712 0.01547765 -0.9998201 0.003403007 0.04980736 -0.9987531 -1.4281e-4 0.03027272 -0.9995417 0.008047699 -0.001716196 -0.9999662 0.008489251 0.007654011 -0.9999346 8.65679e-4 0.02497839 -0.9996876 0.007961392 0.002174556 -0.999966 0.005778014 0.002190351 -0.9999809 0.004987537 0.02397537 -0.9997001 0.003973841 -0.02668017 -0.9996361 0.005474805 0.02767932 -0.9996019 0.001104235 -0.02668023 -0.9996434 0.00422585 0.02768856 -0.9996077 0.002063095 -0.009055495 -0.9999569 0.001039445 0.001258254 -0.9999987 -9.3666e-4 -0.009055316 -0.9999585 0.002027392 0.001258254 -0.9999971 0.001692056 0.01547074 -0.9998789 0.005021274 0.02761954 -0.9996059 -5.46433e-4 0.0154699 -0.9998801 0.001588225 0.02761983 -0.9996172 0.003427803 0.09011447 -0.9959255 0.008636772 0.05883318 -0.9982305 0.001249849 0.09012699 -0.9959295 0.003829598 0.05883312 -0.9982605 0.007709443 0.1369542 -0.9905474 0.01472455 0.149301 -0.9886822 0.003976643 0.1369939 -0.9905639 0.007495105 0.1493496 -0.988756 0.01178485 0.1940735 -0.9809162 0.02366334 0.2044841 -0.9785838 0.008898198 0.1941171 -0.980938 0 1 0 0 1 0 0.1698596 0.7929955 -0.5850692 0 1 0 0 1 0 0.1837694 0.7852773 -0.591243 0 1 0 0.184201 0.7866286 -0.5893093 0.01583874 0.1010919 -0.994751 0.1849949 0.7825844 -0.5944228 0 1 0 0.195163 0.7881628 -0.5837044 0.0251643 0.07926011 -0.9965363 0.2048519 0.779888 -0.5914477 0 1 0 0.2075529 0.7848754 -0.5838599 0.2010937 0.7830725 -0.5885225 0.01318103 0.07927024 -0.996766 0.03053528 0.07338249 -0.9968363 0.2037466 0.7777218 -0.594673 0 1 0 0.2218748 0.7866868 -0.5761036 0.2190003 0.7736557 -0.5945552 0.01241928 0.05993723 -0.9981249 0.02018117 0.06325203 -0.9977935 0.2064411 0.8420108 -0.4983972 0.2321997 0.7715266 -0.5923089 0.2208045 0.7701604 -0.5984132 0 0 -1 0.01241564 0.06325501 -0.9979202 0.01226347 0.04838448 -0.9987535 0.2461237 0.7631167 -0.5975583 0.2607347 0.7449285 -0.6140838 0.2380222 0.760638 -0.6039664 0 0 -1 0.01155948 0.04563915 -0.9988911 0.01167374 0.03520238 -0.999312 0.01142716 0.04838442 -0.9987635 0.2553276 0.7458872 -0.6151911 0.2686008 0.7400993 -0.6165279 0.2536434 0.7579872 -0.6009331 0.001656591 -0.02320599 -0.9997294 0 0 -1 0.01136201 0.03948175 -0.9991557 0.009919643 0.03520196 -0.9993309 0.01659893 0.0240544 -0.9995729 0.01021385 0.03003579 -0.9994966 0.2653068 0.7374284 -0.6211374 0.001824796 -0.01921486 -0.9998137 0 0 -1 0 0 -1 0.008450329 0.0135371 -0.9998726 0.009966135 0.02338397 -0.9996768 0.00818634 0.0240516 -0.9996772 0.01667499 0.02397263 -0.9995735 0 0 -1 0.00203675 -0.01552796 -0.9998773 0 0 -1 0 0 -1 0.008408546 0.008422493 -0.9999292 0 0 -1 0.006918609 0.005204916 -0.9999625 0.007795214 0.01513141 -0.9998551 0 0 -1 0.003669202 0.00501126 -0.9999807 0 0 -1 0 0 -1 0 0 -1 0 0 -1 0.006841361 0.003810226 -0.9999694 0.004827201 0.009382605 -0.9999444 0.006775021 0.01513087 -0.9998626 0.003241956 -0.01713955 -0.9998478 0.004915654 -0.01105529 -0.9999269 0.003442466 -0.01212131 -0.9999206 0 0 -1 0 0 -1 0.006776273 0.002259314 -0.9999745 0 0 -1 0.005332827 -0.001429796 -0.9999848 0.006713449 -8.35891e-4 -0.9999771 0.004999101 -0.007317185 -0.9999607 0.005077838 -0.005385756 -0.9999727 0 0 -1 0.00674194 9.98358e-4 -0.9999768 0 0 -1 0.005244135 -0.002546191 -0.9999831 0 0 -1 0 0 -1 0.006724476 1.02495e-4 -0.9999774 0.005149841 -0.003999948 -0.9999788 0 0 -1 0 0 -1 -0.9262441 0.3603451 -0.1105592 -0.9319569 0.3625676 -0.00103712 0 1 0 -0.9212346 0.3666079 -0.1300981 -0.9017044 0.432353 0 0 1 0 -0.9670218 0.2189127 -0.1301771 -0.8921309 0.3343762 -0.303801 0 1 0 -0.9014513 0.204069 -0.3817608 -0.8571676 0.3460674 -0.3814458 -0.8135898 0.2962416 -0.5003125 -0.9217172 0.06853055 -0.3817605 -0.9014461 0.2040579 -0.3817793 -0.712182 0.2590005 -0.6524688 -0.738672 0.2919761 -0.6075472 0 1 0 -0.5740223 0.2151885 -0.7900584 -0.7745631 0.1753373 -0.6077079 0 1 0 -0.7745615 0.1753354 -0.6077104 0 1 0 -0.7919746 0.05887472 -0.6077089 0 1 0 -0.7919861 0.05888491 -0.6076929 -0.7933627 0 -0.6087492 -0.9659261 0.2588182 5.0884e-7 -0.9854717 0.1698395 5.19136e-7 -0.6843149 0.183361 0.7057563 -0.9857354 0.1682962 -0.001425445 -0.6843114 0.1833686 0.7057576 -0.9838482 0.1790004 -0.001259624 -0.7057566 0.06174808 0.7057583 -0.9821711 0.1879856 -0.001127362 -0.9807544 0.195243 -0.001025915 -0.9790542 0.2035979 -9.14749e-4 -0.9682395 0.2500244 -3.23091e-4 0.001140773 8.67388e-4 -0.999999 8.67023e-4 1.91487e-7 -0.9999997 8.62923e-4 -1.3252e-5 -0.9999997 8.6595e-4 -2.64068e-6 -0.9999996 8.67846e-4 3.18226e-6 -0.9999997 -0.7931779 -0.6089901 4.20803e-6 8.68445e-4 2.62889e-6 -0.9999996 8.65824e-4 -0.01701182 -0.9998549 8.61304e-4 -2.00789e-5 -0.9999996 -0.843893 -0.5365116 6.14126e-6 -0.8191708 -0.5735496 -3.35835e-4 8.67208e-4 6.70381e-7 -0.9999997 8.68319e-4 -0.01701664 -0.9998548 8.67967e-4 3.64259e-6 -0.9999997 -0.8436615 -0.5368755 6.14119e-6 8.67083e-4 -0.01701611 -0.9998549 8.6595e-4 -6.58696e-7 -0.9999996 8.65105e-4 -7.36809e-6 -0.9999996 -0.8880317 -0.4597821 -6.0756e-6 8.65824e-4 -0.01701736 -0.9998548 8.67197e-4 0 -0.9999996 9.07625e-4 1.71408e-4 -0.9999996 -0.9251553 -0.3795889 1.48711e-5 -0.9063141 -0.4226046 -3.356e-4 0.009161531 0.003749966 -0.999951 8.67087e-4 0.01595461 -0.9998723 8.65873e-4 -4.92523e-6 -0.9999996 -0.925046 -0.3798502 -0.001949131 -0.9659261 -0.2588181 1.47296e-5 0.04728913 0.01593744 -0.9987541 8.66912e-4 0 -0.9999997 -0.9541136 -0.2994441 -6.67049e-4 0.04887396 0.01922285 -0.9986199 8.67494e-4 3.00992e-6 -0.9999997 -0.9754047 -0.2204218 -2.66533e-5 0.1224114 -0.007114291 -0.9924539 8.65939e-4 -5.28935e-6 -0.9999997 -0.9914723 -0.1303178 2.81623e-5 0.1215088 0.02623522 -0.9922435 8.67861e-4 6.88653e-6 -0.9999997 -0.9914942 -0.1301486 -6.37859e-4 -0.9961941 -0.08716225 2.8135e-5 0.1364194 0.0445652 -0.9896484 8.64941e-4 -1.46983e-5 -0.9999997 -0.9990137 -0.04440432 -3.21055e-5 0.1335231 0.1302583 -0.9824482 8.67205e-4 2.40421e-6 -0.9999997 -0.9998556 0.01699095 1.73816e-5 0.1538189 0.1547714 -0.9759024 8.66883e-4 -3.07514e-7 -0.9999997 -0.9998539 0.01706564 -0.001063287 -0.9961944 0.08715927 1.73179e-5 0.1454851 0.3080603 -0.9401771 8.6741e-4 4.69412e-6 -0.9999997 -0.9979666 0.06373739 -5.23241e-4 0.162096 0.3270292 -0.9310085 8.66943e-4 -2.34608e-7 -0.9999996 -0.994979 0.1000834 -2.3185e-4 0.1498277 0.4679463 -0.8709638 8.61571e-4 -5.97916e-5 -0.9999997 -0.9923954 0.1230911 -1.13334e-4 0.1617439 0.4804847 -0.861959 8.72157e-4 6.31528e-5 -0.9999997 -0.9906212 0.1366374 -6.02646e-5 0.1451227 0.6094117 -0.7794594 8.6701e-4 6.592e-7 -0.9999996 -0.9889326 0.1483654 -2.75672e-5 0.1530485 0.6161223 -0.772638 8.68584e-4 2.0605e-5 -0.9999996 -0.9871364 0.1598804 -7.40344e-6 0.1360083 0.7110489 -0.6898633 8.55898e-4 -1.46129e-4 -0.9999997 0.1403768 0.7143332 -0.6855818 8.67588e-4 8.15461e-6 -0.9999996 0.1274457 0.7702991 -0.6248176 8.67947e-4 1.30882e-5 -0.9999997 0.1296896 0.7718375 -0.6224527 8.68433e-4 2.00186e-5 -0.9999997 0.1212534 0.8025053 -0.5841942 8.61959e-4 -7.5685e-5 -0.9999996 0.1225919 0.803133 -0.5830512 0.1205196 0.8098862 -0.5740725 0.1281844 0.8106947 -0.5712642 0 0 1 0 0 1 0 0 1 -0.6420805 0.2993997 0.7057566 -0.580329 0.4063554 0.7057574 0 0 1 -0.642077 0.2994049 0.7057576 -0.580348 0.4063355 0.7057533 0 0 1 -0.500954 0.500954 0.7057549 0 0 1 -0.4063529 0.5803312 0.7057571 -0.50094 0.5009644 0.7057576 -0.2994045 0.6420771 0.7057577 0 0 1 -0.4063473 0.580334 0.7057581 -0.2994161 0.6420736 0.7057559 0 0 1 -0.1833598 0.6843152 0.7057562 -0.06174719 0.7057591 0.7057559 -0.9914256 -0.1305233 -0.006235003 -0.9453604 -0.3260151 0.002798736 0 0 -1 -0.9922757 -0.1240172 -0.002932071 0.2636358 0.07221585 -0.9619153 0.2564687 0.07254028 -0.9638266 0.2169424 0.0432527 -0.9752257 0.1998881 0.04783582 -0.9786503 0.2016217 0.01470601 -0.9793531 0.1573782 0.02748245 -0.9871559 0.1627388 0.04266738 -0.9857463 0.1140446 0.02818328 -0.9930758 0.1327499 -0.04182809 -0.9902665 0.1309658 0.01993054 -0.9911865 0.2760782 0.06739795 -0.9587692 0.2828131 0.05876213 -0.9573734 -0.6378408 -0.7701674 -0.001129031 0.2714927 0.07046568 -0.9598574 0.2677547 0.07166373 -0.9608182 0.7933276 0.6087951 -9.65196e-6 0.7936064 0.6084315 9.14517e-5 0.7933576 0.6087558 0 -9.9366e-7 -7.62451e-7 1 -9.93687e-7 -7.62435e-7 1 0.7933717 0.6087375 0 0.6087558 0.7933576 0 0.6087558 0.7933576 0 0.3826744 0.9238832 0 0 0 -1 0 0 -1 -0.1305196 -0.9913971 -0.009826779 -0.1561915 -0.9877233 -0.002647042 0.01540952 -0.9998682 0.005109608 0.3191298 0.08493399 -0.9438974 0.3386425 0.04379951 -0.9398951 0.3824895 0.9239599 0 0.1305258 0.9914449 0 -1.63481e-7 -1.24177e-6 1 -1.63478e-7 -1.24177e-6 1 1.63478e-7 -1.24177e-6 1 -0.1305234 0.9914452 0 -0.1305234 0.9914452 0 -0.3826744 0.9238832 0 -0.3826744 0.9238832 0 -0.6087742 0.7933435 0 0 0 -1 0 0 -1 0.6087484 -0.7933231 -0.007986724 0.5089752 -0.8607696 0.004466772 0.6500234 -0.7599132 0.001275479 0.354956 0.1137024 -0.9279429 0.3704436 0.1129419 -0.9219629 0.3671598 0.1139662 -0.9231497 0.3676847 0.1098285 -0.9234424 0.3515298 0.09268778 -0.931577 0.7933886 0.6087155 0 0.6087587 0.7933555 0 -7.6246e-7 -9.93665e-7 1 -7.62456e-7 -9.93666e-7 1 0.6087558 0.7933576 0 0.3826744 0.9238832 0 0.3826744 0.9238832 0 0.1305234 0.9914452 0 0 0 -1 0 0 -1 0 0 -1 0.1305182 -0.9913867 -0.01084041 0 0 -1 0.1890053 -0.9819747 0.001664102 0 0 -1 0.3559738 -0.9344947 -0.001486659 0.3826634 -0.9238566 -0.00760436 0 0 1 0 0 1 0 0 1 0 0 1 0 0 1 0.06174695 0.7057568 0.7057582 0 0 1 0.1833599 0.684316 0.7057554 -0.06172633 0.7057577 0.7057591 0.0617246 0.7057623 0.7057546 0 0 1 -0.7057582 0.06174707 0.7057569 0 0 1 -0.7057581 -0.06174826 0.7057568 -0.7057574 0.06175065 0.7057573 0 0 1 -0.6843141 0.1833595 0.7057574 -0.6420769 0.2994052 0.7057575 -0.6843137 0.1833605 0.7057576 0.3826721 0.9238842 0 0.6087645 0.7933511 0 0 0 -1 0 0 -1 0 -1.34354e-7 -1 9.36101e-4 0.04354727 -0.9990509 9.57698e-4 0.04248172 -0.9990968 9.65075e-4 0.04013758 -0.9991937 9.44238e-4 0.03585195 -0.9993567 0 -1.35238e-7 -1 0 -1.35309e-7 -1 0.130514 0.9914464 0 -0.130514 0.9914464 0 0 0 1 0.130514 0.9914464 0 -0.130514 0.9914464 0 0 0 1 0.130514 0.9914464 0 0.382681 0.9238806 0 -0.130514 0.9914464 0 -0.3826869 0.9238781 0 0 0 1 0.382681 0.9238806 0 0.6087635 0.7933517 0 0 0 -1 0 0 -1 -0.9914443 0.1305305 0 0 0 -1 1 0 0 -0.9238806 0.382681 0 0.9914444 0.1305305 0 0 0 -1 1 0 0 -0.9238806 0.382681 0 -0.9238806 0.382681 0 -0.7933517 0.6087635 0 -0.7933517 0.6087635 0 0 0 1 -0.7933517 0.6087635 0 -0.7933517 0.6087635 0 0 0 1 -0.6087635 0.7933517 0 -0.6087635 0.7933517 0 -0.6087635 0.7933517 0 -0.130514 -0.9914464 0 0.130514 -0.9914464 0 0 0 1 0.130514 -0.9914464 0 0 0 1 0.382681 -0.9238806 0 0.6087656 -0.7933502 0 0.7933554 -0.6087586 0 0 0 -1 0 0 -1 0 0 -1 0 0 -1 -0.9914443 -0.1305305 0 -0.9914443 0.1305305 0 0 0 -1 -0.9914443 0.1305305 0 0 0 -1 -0.9238806 0.382681 0 0.9914441 0.130532 0 0 0 -1 0 0 1 0.9914441 0.130532 0 0.9238821 0.3826771 0 0 0 -1 0.9238821 0.3826771 0 0 0 1 0 0 1 0 0 1 0 0 1 -0.9238806 -0.382681 0 0 0 1 0 0 1 0 0 1 -0.9914443 0.1305305 0 0 0 1 0.9914444 0.1305305 0 -0.9914443 -0.1305305 0 0 0 1 0.9238825 0.3826761 0 -0.9914443 -0.1305305 0 -0.9914443 -0.1305305 0 -0.9238806 -0.382681 0 -0.9238806 -0.382681 0 0 0 -1 -0.9238806 -0.382681 0 0 0 -1 -0.7933455 -0.6087716 0 0 0 -1 -0.7933455 -0.6087716 0 0 0 -1 -0.6407815 0.7677233 8.46149e-5 0 0 -1 -0.5735777 0.8191512 8.43291e-5 0 0 -1 -0.6407545 0.7677449 -0.001212716 0 0 -1 -0.5710904 0.8208872 -2.27385e-4 0 0 -1 -0.4969032 0.867806 8.4184e-5 0 0 -1 -0.4968833 0.8678166 -0.001198947 -0.4226046 0.9063142 8.38736e-5 0 0 -1 -0.4189935 0.9079892 -2.20492e-4 0 0 -1 -0.337851 0.9411996 8.35949e-5 0 0 -1 -0.3377384 0.9412392 -0.001184642 -0.2588181 0.9659261 8.3322e-5 0 0 -1 -0.2540484 0.9671915 -2.13466e-4 -0.1833603 0.6843129 0.7057583 0 0 -1 -0.1683313 0.9857305 8.35767e-5 0 0 -1 -0.1683623 0.9857245 -0.001172184 -0.08716076 0.9961943 8.331e-5 0 0 -1 -0.08135235 0.9966855 -2.07208e-4 0 0 -1 0.006352066 0.9999799 8.29378e-5 0 0 -1 0.006296992 0.9999795 -0.001158714 0.08716225 0.9961942 8.26663e-5 0 0 -1 0.09392702 0.9955791 -2.00375e-4 0 0 -1 0.180719 0.9835348 8.21616e-5 0 0 -1 0.1808356 0.9835126 -0.001143932 0.2588138 0.9659272 8.18861e-5 0.2662186 0.9639126 -1.94133e-4 0.9063141 0.4226046 -2.95154e-4 0.9061805 0.4228909 -2.98416e-4 0.8793702 0.4761387 6.3463e-6 0.6420809 0.2993957 0.705758 0.9297558 0.3681767 4.48418e-6 0.6420797 0.2993998 0.7057574 0.5803328 0.4063494 0.7057577 0.5803286 0.4063579 0.7057563 0.5009475 0.5009598 0.7057556 0.5009499 0.5009566 0.7057561 0.4063542 0.5803321 0.7057557 0.4063618 0.5803247 0.7057573 0.2994003 0.6420794 0.7057574 0.2994067 0.642075 0.7057586 0.1833572 0.6843133 0.7057588 0.1833574 0.6843132 0.7057588 0.06175017 0.7057561 0.7057587 0.06174695 0.7057568 0.7057582 -0.06174957 0.7057568 0.7057581 -0.06174695 0.7057566 0.7057585 0 0 1 0 0 1 -0.5803307 0.4063526 0.7057576 0 0 1 -0.5009495 0.5009562 0.7057566 -0.6420767 0.2994055 0.7057576 -0.5803335 0.4063497 0.705757 0 0 1 -0.4063594 0.5803279 0.705756 -0.5009534 0.5009534 0.7057559 -0.2994098 0.642075 0.7057574 0 0 1 -0.4063535 0.5803309 0.705757 -0.2993946 0.6420794 0.7057598 0 0 1 -0.1833556 0.6843135 0.705759 0 0 1 0 0 1 0 0 1 0 0 1 0 0 1 0 0 1 0 0 1 0 0 1 0 0 1 0 0 1 0 0 1 0 0 1 -0.3826869 -0.9238781 0 -0.130514 -0.9914464 0 0 0 1 -0.130514 -0.9914464 0 0 0 1 0.130514 -0.9914464 0 0.7933554 -0.6087586 0 0 0 -1 0.9238805 -0.3826811 0 0 0 -1 -0.7071068 -0.7071068 -2.24743e-4 -0.7027263 -0.7114602 -2.99326e-4 -0.6270545 -0.7789754 1.28214e-4 -0.5009514 -0.5009512 0.7057589 -0.7623904 -0.6471174 8.34097e-5 -0.5009484 -0.5009552 0.7057582 -0.4063547 -0.5803285 0.7057582 -0.4063497 -0.5803333 0.7057572 -0.299396 -0.6420822 0.7057567 -0.2994091 -0.6420735 0.7057591 -0.1833826 -0.684305 0.7057603 -0.1833565 -0.6843164 0.705756 0 0 1 -0.684315 -0.1833561 0.7057574 0 0 1 -0.6420729 -0.2994151 0.7057572 -0.6420745 -0.2994096 0.705758 -0.5803326 -0.4063493 0.7057579 -0.5803344 -0.4063458 0.7057586 0 0 -1 0 0 -1 0 0 -1 0 0 -1 -0.213631 -0.9769144 7.41297e-5 0 0 -1 -0.3249185 -0.9457421 1.32136e-4 -0.25885 -0.9659175 -3.29715e-4 0 0 -1 -0.3248862 -0.9457531 1.32136e-4 0 0 -1 -0.4317796 -0.9019792 -1.15026e-4 -0.4226046 -0.9063141 -2.35486e-4 0 0 -1 -0.5330178 -0.846104 8.19874e-5 0 0 -1 -0.5328897 -0.8461847 8.19874e-5 0 0 -1 -0.6269305 -0.7790752 1.28214e-4 -0.5735805 -0.8191491 -3.31781e-4 0 0 -1 0 0 -1 0 0 -1 -0.762313 -0.6472085 8.34097e-5 -0.8161647 -0.5778193 -2.11844e-4 -0.8191547 -0.5735725 -2.69383e-4 -0.8636143 -0.5041531 8.35027e-5 -0.8636462 -0.5040985 8.35026e-5 0 0 -1 0 0 -1 0 0 -1 0 0 -1 0 0 -1 0 0 -1 -0.9044803 -0.4265154 -2.18333e-4 0 0 -1 -0.9383879 -0.3455837 8.42904e-5 -0.9063014 -0.4226318 -2.66199e-4 0 0 -1 -0.938352 -0.3456811 8.42904e-5 0 0 -1 -0.9650471 -0.2620763 -2.25007e-4 0 0 -1 -0.9842973 -0.1765184 8.43208e-5 -0.965926 -0.2588181 -2.6294e-4 3.56813e-6 -8.20905e-6 -1 -0.984305 -0.176476 8.43208e-5 -3.60094e-7 0 -1 -0.9959766 -0.08961343 -2.31682e-4 -3.60098e-7 0 -1 -0.999998 -0.002015292 8.45107e-5 -0.9961944 -0.08715927 -2.59576e-4 -3.77373e-7 0 -1 -0.9999973 -0.001993417 -0.001283943 -0.9961942 0.08716225 8.41892e-5 -3.98354e-7 0 -1 -0.9963263 0.08563822 -2.62306e-4 -3.98331e-7 0 -1 -0.9849859 0.1726346 8.47452e-5 -4.24475e-7 0 -1 -0.9850001 0.1725491 -0.001270174 -0.9659261 0.2588181 8.44211e-5 -4.5815e-7 1.6672e-7 -1 -0.9660853 0.2582231 -2.55274e-4 -4.58087e-7 1.66622e-7 -1 -0.9397142 0.3419606 8.48491e-5 -5.03257e-7 2.3487e-7 -1 -0.9397628 0.3418249 -0.001256227 -0.9063076 0.4226188 8.45123e-5 -5.67363e-7 3.28172e-7 -1 -0.9061719 0.4229096 -2.48054e-4 -5.6734e-7 3.2814e-7 -1 -0.8656252 0.5006926 8.4674e-5 -6.65985e-7 4.67539e-7 -1 -0.8656375 0.5006699 -0.001241326 -0.8191548 0.5735725 8.43697e-5 -8.38617e-7 7.06135e-7 -1 -0.8184521 0.5745747 -2.41113e-4 -8.38627e-7 7.06148e-7 -1 -0.7649424 0.6440988 8.45497e-5 -1.22048e-6 1.22583e-6 -1 -0.7649395 0.644101 -0.00122708 -0.7071068 0.7071068 8.42553e-5 -0.7055588 0.7086513 -2.33706e-4 -0.6087754 0.7933427 0 -0.3826869 0.9238781 0 0 0 -1 -0.3826869 0.9238781 0 0 0 -1 -0.3826869 0.9238781 0 -0.130514 0.9914464 0 0.3826731 -0.9238838 0 0 0 1 0 0 1 0.6087713 -0.7933458 0 0 0 1 0 0 1 1 0 0 1 0 0 0 0 1 0 0 -1 0 0 1 0 0 -1 -0.991444 0.1305326 0 -0.9238806 0.382681 0 -0.9238806 0.382681 0 -0.7933517 0.6087635 0 0 0 1 0 0 1 0 0 1 0.9914438 -0.1305347 0 0 0 1 0.9914438 -0.1305347 0 0.9238855 -0.382669 0 0 0 1 0 0 -1 0 0 -1 0.9238855 -0.382669 0 0 0 -1 0.7933483 -0.6087681 0 0 0 -1 0.7933483 -0.6087681 0 0 0 -1 0.6087713 -0.7933458 0 0 0 1 0 0 1 -0.6231849 -0.7820662 -0.003618001 -0.6229415 -0.7822684 3.44714e-5 -0.6718349 -0.7406991 -0.001625776 -0.7071068 -0.7071068 3.42443e-5 -0.7179746 -0.6960693 -3.84384e-4 0 0 -1 0 0 -1 0 0 1 0 0 1 -0.350234 -0.9366622 8.37139e-5 -0.3503166 -0.9366314 8.37139e-5 0 0 1 0 0 1 -0.5184657 -0.8550984 4.71965e-5 -0.518296 -0.8552013 4.71966e-5 -0.5735737 -0.8191537 -5.98586e-4 -0.5715283 -0.8205822 -6.55245e-4 0 1 0 0 1 0 0 1 0 0 1 0 0.2719278 0.7268151 -0.63071 0 0 1 0 1 0 0.2757404 0.7292102 -0.6262744 0.2818434 0.7172468 -0.6372766 0.281108 0.7176509 -0.6371464 -1 0 0 -1 0 0 0 0 -1 -0.9961951 0.08715152 0 0 0 -1 -0.9961951 0.08715152 0 0 1 0 0 0 1 1 0 0 0 1 0 0 0 1 0 0 -1 1 0 0 0 0 1 0.2588118 -0.965925 -0.002335846 0 0 -1 0.08714121 -0.9961946 -0.001636803 0.1305491 -0.9914419 -2.12325e-4 0 1 0 0 0 -1 0.1305142 -0.9914464 -2.12325e-4 0 1 0 0 0 -1 1 0 0 0 0 1 0 0 1 0 0 1 1 0 0 0 0 1 0.3315153 0.6383234 -0.6947236 1 0 0 0 0 1 0.3098835 0.6633241 -0.681156 0.3350517 0.6086512 -0.7192246 0.3710958 0.5434036 -0.7529944 0 0 1 0.3388452 0.6078853 -0.7180944 0.3701819 0.5385379 -0.7569295 0 0 1 0.3401638 0.6098737 -0.7157812 0.3674278 0.5390788 -0.7578858 0.3383895 0.610234 -0.7163149 0.3676974 0.5395992 -0.7573844 0.3124881 0.6695953 -0.6737902 0.3395945 0.6120084 -0.7142277 0.3676876 0.5396012 -0.7573879 0.3086527 0.6703661 -0.674791 0.3372325 0.6124853 -0.7149378 0.3678623 0.5399311 -0.7570679 0.3090747 0.6760944 -0.6688567 0.3374996 0.6157532 -0.7119987 0.3670973 0.5400784 -0.7573342 0.3335539 0.6165372 -0.7131786 0.3671009 0.5401479 -0.7572828 0.333782 0.6189356 -0.710991 0.364483 0.5406411 -0.7581947 0.3247802 0.6206745 -0.7136391 0.3644294 0.53982 -0.7588053 0.3243927 0.6230627 -0.7117319 0.3560641 0.5413436 -0.7616859 0.3086383 0.6259444 -0.7161955 0.3567187 0.5367444 -0.7646288 0.3086651 0.6252672 -0.7167753 0.3405327 0.539501 -0.7700495 0.2893613 0.6285554 -0.7219337 0.2893661 0.6254432 -0.7246297 0.2689275 0.6286573 -0.729704 0.26801 0.6250147 -0.7331625 0.2429456 0.6285743 -0.7388314 0.2421688 0.6198266 -0.7464378 0.2271713 0.6217914 -0.7495123 0.2244725 0.6171987 -0.7541073 0.2209381 0.6176423 -0.7547876 0.2182467 0.6133761 -0.7590376 0.1990272 0.6156718 -0.7624542 0.1788043 0.7102446 -0.6808683 0.194722 0.6119942 -0.7665158 0 0 1 0 0 1 0 0 1 0 0 1 0 0 1 0 0 1 0 0 1 -0.8191403 -0.5735929 -7.03375e-4 0 0 1 0 0 1 0 0 1 0 0 1 0 0 1 0 0 1 0 0 1 0.2961923 0.7247647 -0.6220822 0 0 1 0.294118 0.6970423 -0.6539316 0 0 1 0.2907556 0.6977064 -0.6547266 0 0 1 0.2935937 0.701467 -0.6494204 0 0 1 0.2891383 0.7023441 -0.6504704 0.3115625 0.6629864 -0.6807187 0 0 1 1 0 0 0.2918565 0.7058455 -0.645447 0.3137587 0.6660697 -0.676688 1 0 0 0.2870219 0.7067909 -0.6465795 0.3104053 0.6667477 -0.6775664 0.2875553 0.7139665 -0.6384072 0.2815158 0.7151267 -0.6397989 0.2820618 0.7213571 -0.6325229 0.2720479 0.7232262 -0.6347708 0.3038602 0.6771253 -0.6702017 0.2697235 0.7337882 -0.6235416 0.3042796 0.681944 -0.6651063 0.2546344 0.7364516 -0.6267378 0.2946206 0.6838019 -0.6675431 0.2383329 0.7673798 -0.5952528 0.2541782 0.7420392 -0.6202993 0.29312 0.6913703 -0.6603695 0.2366658 0.7449288 -0.6237551 0.277675 0.6941862 -0.6640799 0.2212648 0.7751345 -0.5917841 0.2365134 0.748633 -0.6193626 0.2774556 0.6974834 -0.6607083 0.2186164 0.7513791 -0.6226044 0.259123 0.7006075 -0.664834 0.2189482 0.7526268 -0.6209787 0.2590904 0.7018293 -0.663557 0.1980918 0.7555584 -0.6244127 0.2400608 0.7048404 -0.6675111 0.1980984 0.7556666 -0.6242796 0.2399278 0.704322 -0.6681056 0.184004 0.7575169 -0.6263472 0.2172737 0.7075899 -0.6723904 0.1849715 0.7589271 -0.6243519 0.2170526 0.7044746 -0.6757246 0.1770231 0.7599327 -0.625432 0.203213 0.7063367 -0.6780804 0.1799231 0.7638378 -0.6198222 0.2027596 0.7056274 -0.678954 0.15985 0.7662806 -0.6223039 0.1975262 0.7063084 -0.6797881 0.1628405 0.7683395 -0.618981 0.1983283 0.7074704 -0.6783447 0.178431 0.7099627 -0.6812602 -0.1305713 0.9914389 -9.69283e-6 -0.1305093 0.9914471 3.51641e-6 -0.1307833 0.991411 0 0 0 1 -0.3826677 0.9238861 0 -0.2167403 0.9762293 -9.93684e-5 4.79285e-7 -1.15715e-6 1 7.62481e-7 -9.93652e-7 1 -0.6087742 0.7933435 0 -0.7933534 0.6087614 0 -0.7933534 0.6087614 0 -0.9238832 0.3826744 0 0 0 -1 0 0 -1 0.9238583 -0.3826831 -0.006286919 0.9430164 -0.332742 0.001632988 0.3776851 0.1325342 -0.9163998 0.9871863 -0.1595721 -8.91736e-5 0.3839 0.1380819 -0.912992 0.4039692 0.1512914 -0.9021751 0.3938568 0.1606311 -0.9050273 0.4139013 0.07789659 -0.9069828 0.4328482 0.1779118 -0.8837363 0.4082334 0.2068977 -0.8891226 0.4133422 0.1981003 -0.8887657 0.4352983 0.1634853 -0.885318 0.4472338 0.2059666 -0.8703791 0.4267845 0.2382144 -0.8724156 0.4082632 0.2790094 -0.8691806 0.4432459 0.2262956 -0.8673658 0.4445718 0.2130578 -0.8700357 1 0 0 0.4573107 0.1668772 -0.8735095 8.67489e-4 3.31854e-6 -0.9999997 8.65952e-4 -8.46077e-6 -0.9999997 0.240778 0.9705803 -1.36124e-4 8.61749e-4 -4.0865e-5 -0.9999997 8.65949e-4 -0.002093672 -0.9999974 0.2588181 0.9659261 -3.15421e-4 8.874e-4 1.58082e-4 -0.9999996 0.3182462 0.9480081 4.39748e-5 8.67195e-4 -0.002100467 -0.9999974 8.68064e-4 7.85078e-6 -0.9999997 0.3180071 0.9480884 4.39746e-5 8.67532e-4 3.65286e-6 -0.9999996 0.3935445 0.9193056 -6.37106e-5 8.44672e-4 -1.79554e-4 -0.9999997 0.4662607 0.8846474 5.88767e-6 0.4226458 0.9062949 -3.33129e-4 8.67568e-4 4.02408e-6 -0.9999996 0.4683455 0.8835453 5.88735e-6 8.64579e-4 -2.04876e-5 -0.9999996 0.5359947 0.8442213 -6.54051e-6 8.80234e-4 1.11357e-4 -0.9999996 0.6022988 0.7982707 -4.63842e-5 0.5735696 0.8191568 -3.35331e-4 8.67303e-4 1.96988e-6 -0.9999997 0.6643638 0.7474094 3.50811e-5 8.6682e-4 -2.22518e-6 -0.9999997 0.6645939 0.7472047 3.50811e-5 8.67888e-4 7.40535e-6 -0.9999997 0.7226006 0.6912658 -1.15478e-4 0.7071025 0.7071111 -3.21759e-4 8.67082e-4 0 -0.9999997 0.7759594 0.630783 6.1038e-5 8.65938e-4 -1.07223e-5 -0.9999997 0.775941 0.6308055 6.1038e-5 8.69559e-4 2.50244e-5 -0.9999997 0.8242448 0.5662337 -1.99268e-4 0.8191547 0.5735725 -2.92846e-4 8.66398e-4 -6.97927e-6 -0.9999997 0.8671415 0.4980618 7.14715e-5 8.67085e-4 1.80996e-7 -0.9999997 0.8671467 0.4980528 7.14715e-5 8.67124e-4 6.19145e-7 -0.9999997 0.9044413 0.426598 -2.99402e-4 0.906308 0.4226177 -2.48191e-4 8.67105e-4 3.97255e-7 -0.9999995 0.935899 0.3522688 6.65175e-5 8.66966e-4 -1.24737e-6 -0.9999996 0.9358096 0.3525059 6.65176e-5 8.66918e-4 -1.86318e-6 -0.9999997 0.9612108 0.2758147 -1.42626e-4 8.6946e-4 3.2922e-5 -0.9999997 0.98031 0.1974645 4.62773e-5 0.9659175 0.25885 -3.13515e-4 8.66465e-4 -8.78669e-6 -0.9999997 8.69195e-4 2.77809e-5 -0.9999997 8.65949e-4 -1.42054e-5 -0.9999996 8.65948e-4 -0.002100288 -0.9999974 -0.002449631 -0.01327174 -0.9999089 -0.002533733 0.004377841 -0.9999872 -0.005150258 0.004395067 -0.9999771 -0.00532037 0.02889734 -0.9995683 -0.002276778 0.05167144 -0.9986616 -0.003989398 0.02889817 -0.9995744 -0.003445088 0.05167067 -0.9986582 -0.002223372 0.03647857 -0.999332 -0.003841698 0.005814075 -0.9999758 -0.003370225 0.03470265 -0.999392 8.66362e-4 0.04387789 -0.9990365 3.19913e-4 0.005813837 -0.999983 -7.29074e-5 0.03470271 -0.9993977 4.00786e-4 -0.02216637 -0.9997543 8.0453e-6 -3.9856e-5 -1 0.005656778 -0.02216625 -0.9997383 0.006920695 -0.001707971 -0.9999746 0.141403 0.8054614 -0.5755321 0.1563661 0.7976303 -0.5825252 0 1 0 0.1408895 0.8054395 -0.5756886 0.1590555 0.7903898 -0.5915956 0.1560909 0.7975748 -0.5826749 0 1 0 0 1 0 0.1434918 0.7977615 -0.5856506 0.1646581 0.7953448 -0.5833647 0.1718001 0.7888652 -0.5900647 0.1669229 0.7921105 -0.5871096 0.009828686 0.1256137 -0.9920306 0 1 0 0.1492228 0.8004227 -0.5805653 0.1692335 0.7864623 -0.5940009 9.66094e-4 0.07341486 -0.9973011 -4.41398e-4 0.08456248 -0.9964181 0 1 0 0.1853677 0.7844271 -0.5918723 -0.004128932 0.07338076 -0.9972955 0 1 3.09137e-6 0 1 0 0.1174414 0.8109909 -0.5731503 -0.005324721 0.07104504 -0.9974589 0 1 0 -8.01487e-7 1 1.85532e-5 7.81995e-6 1 -1.49446e-4 0.1154641 0.7823536 -0.6120383 0.09678107 0.8088343 -0.5800176 0 1 0 0.1406278 0.7861005 -0.6018887 0.1073218 0.7893915 -0.6044363 0.09522813 0.8046219 -0.5861019 0.1450057 0.7340356 -0.6634495 0.07263278 0.7896764 -0.609209 0.1162263 0.7864202 -0.6066587 0.07583934 0.7740412 -0.6285766 0.1085583 0.7497214 -0.6527886 0.0634557 0.7526392 -0.6553683 0.08108472 0.7036818 -0.7058733 0.06952273 0.7155027 -0.695142 0.08259695 0.6901458 -0.7189413 0.05631399 0.6914016 -0.7202726 0.06535011 0.6179052 -0.7835321 0.06550586 0.6140134 -0.7865726 0.06753242 0.587012 -0.8067566 0.05195856 0.5875539 -0.8075151 0.06089234 0.4717448 -0.87963 0.04541277 0.4362813 -0.8986636 0.05222457 0.4361382 -0.898363 0.05641448 0.3101992 -0.9489963 0.03659802 0.2583405 -0.9653604 0.03676813 0.258339 -0.9653544 0.0496698 0.1306057 -0.9901894 0.04073202 0.1042408 -0.9937177 0.02236503 0.1042996 -0.9942945 0.05089133 0.02595567 -0.9983668 8.68991e-4 2.24903e-5 -0.9999997 8.65941e-4 -1.19825e-5 -0.9999997 0.9998185 -0.01905304 -1.21195e-5 8.65716e-4 -0.02279466 -0.9997398 -0.002264916 -0.02986204 -0.9995515 -0.002340495 -0.01597589 -0.9998697 -0.005007505 -0.03294563 -0.9994447 -0.005645751 -0.0159381 -0.9998571 -0.005966603 0.01904433 -0.9998009 -0.005888044 0.0190438 -0.9998013 -0.005827307 0.01287811 -0.9999001 -0.003093242 0.01287949 -0.9999122 -0.002913296 -0.0100907 -0.9999449 0.001050233 -0.01009106 -0.9999485 6.11974e-4 0.05719184 -0.998363 0.00119996 0.05370044 -0.9985564 0 1 0 -4.93593e-4 0.0623995 -0.9980511 0 1 0 -0.004051744 0.007208347 -0.9999658 -0.001134991 0.06155294 -0.9981032 -0.001075029 0.007209539 -0.9999734 -0.004421234 0.038383 -0.9992533 -0.003756284 0.06156784 -0.9980958 0.001142919 0.09653341 -0.9953292 -0.002174794 0.09656715 -0.9953241 0.00391817 0.1400195 -0.990141 0.001268506 0.1400564 -0.9901427 0.008905172 0.1937909 -0.9810025 0.006573498 0.1938306 -0.981013 8.66817e-4 1.14401e-6 -0.9999997 8.66079e-4 -0.04126965 -0.9991477 -0.7307067 -0.6826916 -3.96918e-6 0.006938517 -0.03786611 -0.9992586 -0.7960355 -0.6052501 4.21069e-6 0.006829917 0.008775115 -0.9999381 0.01700729 0.05042713 -0.9985829 0.009045004 0.05049484 -0.9986834 0.01637268 0.1431216 -0.9895696 0.02902811 0.1961464 -0.9801448 0.02159923 0.1962385 -0.9803183 0.027498 0.2966659 -0.9545853 0.0432527 0.3638532 -0.9304516 0.03466153 0.3640333 -0.9307407 0.04114592 0.4355273 -0.8992347 0.05862128 0.5112991 -0.8574011 0.04918491 0.5116167 -0.8578049 0.05715572 0.5404573 -0.8394278 0.07444864 0.6174625 -0.7830693 0.073255 0.6326283 -0.7709832 0.1101812 0.701578 -0.7040231 0.1111277 0.6943488 -0.7110066 0.1345507 0.7336705 -0.6660508 0.1309195 0.6756744 -0.7254821 0 1 0 0.1167295 0.6706311 -0.732549 0 1 0 0 1 0 0 1 0 0 1 0 0 1 0 0 1 0 0 1 0 0 1 0 0 1 0 0.00568825 0.07442641 -0.9972103 0 1 0 0.006620347 0.08326768 -0.9965052 0 1 0 -0.005043327 0.07124269 -0.9974462 0 1 0 0 1 0 0.001701951 0.05649548 -0.9984015 0.009340107 0.09980332 -0.9949634 0.01146519 0.1019266 -0.9947258 0.004883646 0.06523352 -0.9978581 0 1 0 0.004769444 0.06527709 -0.9978558 0.007611453 0.09063333 -0.9958552 -0.004428923 0.07123845 -0.9974495 0 1 0 0.002768695 0.06105268 -0.9981307 0.008273005 0.1054358 -0.9943916 0.003796339 0.06399154 -0.9979432 -0.003603696 0.07059258 -0.9974988 0 1 0 -0.002635836 0.0690121 -0.9976124 -0.001584649 0.06631511 -0.9977975 0.1088653 0.6135888 -0.7820851 0.09821408 0.6224266 -0.7764917 0 1 0 0.0956704 0.5996903 -0.7944928 0.0974332 0.6310991 -0.7695588 0 1 0 0 1 0 0 1 0 0.01319086 0.1298899 -0.9914407 0.01579308 0.1372691 -0.9904079 0 1 0 0.01485514 0.1384115 -0.9902634 0.0195477 0.1888522 -0.981811 0.02395552 0.2164076 -0.9760092 0.004547894 -0.05572134 -0.998436 0.004554033 -0.05576664 -0.9984335 0.00455749 -0.05578476 -0.9984324 0.00445801 -0.02019786 -0.999786 0.004553794 -0.05576342 -0.9984336 0.008221387 -0.02025681 -0.999761 0.004558742 -0.05579018 -0.9984322 0.008374869 -0.02226084 -0.9997171 0.004546761 -0.0557326 -0.9984354 0.007769525 -0.01307868 -0.9998843 0 0 -1 8.66682e-4 -0.04127198 -0.9991475 -0.2464504 -0.9691554 -2.00119e-4 0 0 -1 0.007537662 -0.009356319 -0.9999279 8.5528e-4 -0.04123675 -0.999149 -0.3202906 -0.9473193 6.65771e-5 -0.2588181 -0.965926 -3.2003e-4 0 0 -1 0 0 -1 0.007375717 -0.006566166 -0.9999513 8.70325e-4 -0.04127979 -0.9991472 -0.3204261 -0.9472735 6.6577e-5 0 0 -1 0.007266521 -0.004600584 -0.9999631 8.60494e-4 -0.04125994 -0.999148 -0.4044215 -0.9145727 -1.09739e-4 0 0 -1 0.007160067 -0.002583742 -0.999971 8.91206e-4 -0.0413081 -0.9991461 -0.4853587 -0.8743152 7.77797e-5 -0.4226046 -0.9063141 -3.0802e-4 0 0 -1 0.00708729 -0.001123547 -0.9999742 8.60258e-4 -0.04126495 -0.9991479 -0.4853761 -0.8743054 7.77798e-5 0 0 -1 0.007041394 -1.73863e-4 -0.9999752 8.63615e-4 -0.04126805 -0.9991477 -0.5622132 -0.8269923 -1.47915e-4 0 0 -1 0.006979405 0.00115019 -0.999975 9.00629e-4 -0.04129475 -0.9991466 -0.623667 -0.7816902 1.6122e-5 -0.5735725 -0.8191548 -2.92489e-4 0 0 -1 0.006907939 0.002777755 -0.9999724 8.60976e-4 -0.04126703 -0.9991477 -0.6236926 -0.7816697 1.6122e-5 0 0 -1 0.006824791 0.004792749 -0.9999652 -0.6712731 -0.7412101 -1.99196e-5 0 0 -1 0.006711065 0.007896721 -0.9999464 -0.7070897 -0.7071238 -3.20938e-4 0 0 -1 0.006570875 0.01266437 -0.9998981 0 0 -1 0 0 -1 0.006441771 0.02011632 -0.9997768 0.006537914 0.1008588 -0.9948793 0.01325207 0.07605624 -0.9970155 0.01190674 0.1879489 -0.9821066 0.0142219 0.1879057 -0.9820841 0.01325112 0.2424255 -0.9700796 0.01635295 0.2423639 -0.9700476 0.01589882 0.2627795 -0.9647249 0.01833224 0.2627319 -0.9646947 0.01813548 0.2708567 -0.9624488 0.03090137 0.2706167 -0.9621911 0.03069704 0.2796536 -0.9596101 0.01156544 0.2046376 -0.9787695 0.03480118 0.2784811 -0.959811 0.08597111 0.5473021 -0.8325079 0.08298557 0.5480328 -0.8323302 0 1 0 0.08240908 0.5572229 -0.8262635 0 1 0 0 1 0 0.06184363 0.5583021 -0.8273295 0.02915632 0.2273256 -0.9733822 0 1 0 0.06284016 0.5402145 -0.8391779 0.02308553 0.2373394 -0.9711524 0 1 0 0 0 1 0 0 1 -0.7057568 0.06174695 0.7057582 0 0 1 0 0 1 -0.7057567 -0.06175059 0.705758 0 0 1 -0.0871129 0.9961983 -5.31454e-4 0 0 1 -0.7057565 -0.06174695 0.7057586 0 0 1 -0.6843126 -0.1833602 0.7057586 0 0 1 0 0 1 0 0 1 0 0 1 -0.2993938 -0.642083 0.7057569 0 0 1 0 0 1 -0.183361 -0.6843149 0.7057563 -0.2993958 -0.6420817 0.7057573 -0.1833718 -0.68431 0.7057581 0 0 1 -0.4063618 -0.5803247 0.7057573 0 0 1 0 0 1 -0.4063508 -0.580335 0.7057551 0 0 1 -0.5009539 -0.5009539 0.7057551 0 0 1 -0.5803278 -0.406364 0.7057535 -0.5009438 -0.5009678 0.7057526 -0.6420828 -0.2993937 0.7057572 0 0 1 -0.5803434 -0.4063324 0.7057588 -0.642082 -0.299396 0.7057568 0 0 1 -0.6843113 -0.1833721 0.7057568 0 0 1 0 0 1 0 0 1 0.9062971 0.4226408 -5.92641e-4 0.7935833 0.6084138 -0.007629632 0.2835117 0.09347367 -0.9544023 0.2589979 0.03781497 -0.9651374 0.2569683 0.1281855 -0.9578809 0.2503421 0.06782561 -0.9657787 0.2473152 0.1073106 -0.9629744 0.2050018 0.0413075 -0.9778895 0.2199841 0.1075784 -0.9695534 0.2031963 0.07334297 -0.9763873 0.2139961 0.1911147 -0.9579566 0.1854162 0.07338792 -0.9799158 0.2109072 0.1911826 -0.9586279 0.1813563 0.1544178 -0.9712184 0.1626566 0.04462665 -0.985673 0.2005846 0.3251811 -0.9241337 0.3826968 -0.923874 0 0.6087467 -0.7933647 0 0.3826968 -0.923874 -1.76284e-4 0.3827882 -0.9238362 -1.0027e-5 -7.62441e-7 9.9367e-7 1 0.3827881 -0.9238361 -1.77294e-4 -9.9366e-7 7.62451e-7 1 0.7933576 -0.6087558 0 0.9238698 -0.3827069 0 0.9238698 -0.3827069 0 0.9914501 -0.130486 0 0 0 -1 0 0 -1 -0.9913012 0.1305044 -0.01704251 -0.9988656 0.0476197 2.1661e-5 0.2697327 0.1538804 -0.9505604 0.2826124 0.2114031 -0.9356489 0.2590714 0.141973 -0.9553667 0.2486602 0.2455106 -0.9369592 0.240606 0.2457834 -0.9389884 0.2299336 0.3465763 -0.9094039 0.2193824 0.3472357 -0.9117559 0.2045009 0.4771126 -0.854718 0.7933429 -0.608775 5.40422e-6 0.7933359 -0.6087696 -0.004228115 0.7933576 -0.6087558 0 -9.9366e-7 7.62451e-7 1 -1.15712e-6 4.7933e-7 1 0.9238698 -0.3827069 0 0.9914501 -0.130486 0 0.9914501 -0.130486 0 0.9914495 0.1304909 0 0 0 -1 0 0 -1 -0.9237331 -0.3826313 -0.01762431 -0.8703872 -0.4923067 0.007765352 0.9914563 0.1304395 0 0.9238766 0.3826907 0 -1.15714e-6 -4.79313e-7 1 -1.24178e-6 -1.63438e-7 1 -1.15712e-6 -4.7933e-7 1 0.9914495 0.1304909 0 0.9238698 0.3827069 0 0.9238698 0.3827069 0 0.7933717 0.6087375 0 0.9238698 0.3827069 0 0.7933717 0.6087375 0 0.7933717 0.6087375 0 0.6087558 0.7933576 0 0 0 -1 0 0 -1 0 0 -1 0 0 -1 -0.6087026 -0.7932824 -0.01357793 -0.3826363 -0.9237912 -0.0141161 -0.4913254 -0.8709517 0.006507396 -0.3283803 -0.9445438 0.001811683 0.2711116 0.03983312 -0.9617233 0.300072 0.08278566 -0.9503175 0.3098832 0.09063398 -0.9464449 0.9914551 -0.1304482 -1.69714e-5 0.9914266 -0.1306649 2.04627e-5 0.9914452 -0.1305234 0 -1.24175e-6 1.63477e-7 1 -1.24178e-6 1.63432e-7 1 0.9914501 -0.130486 0 0.9914495 0.1304909 0 0.9914495 0.1304909 0 0.9238698 0.3827069 0 0 0 -1 0 0 -1 -0.7932593 -0.6086804 -0.01574331 -0.7663377 -0.6424379 -1.11536e-4 0 0 1 0.7609354 0.6488277 2.4173e-4 0.823647 0.5671027 -3.40189e-4 0 0 1 0.8191538 0.5735738 -5.32363e-4 0.7609695 0.6487877 2.4173e-4 0.7933274 0.6087949 -6.07075e-4 0.7933534 0.6087612 -1.25016e-6 0.7933883 0.6087153 8.12017e-4 0.7071062 0.7071062 -0.001257777 0.9238781 0.3826869 9.07581e-7 0.9238815 0.3826789 2.55987e-6 0.9238779 0.3826869 6.59432e-4 0.9238469 0.3827623 0 0 0 1 0.9659264 0.2588121 -0.001559495 0.9409434 0.3385637 2.08867e-4 0.9238467 0.3827622 6.57022e-4 0 0 1 0.9914562 0.1304395 4.93289e-4 0.9409911 0.3384316 2.08867e-4 0.9047229 0.426 -5.62203e-4 0.1305613 0.9914402 8.00386e-6 0.1305245 0.9914451 2.05003e-7 0.1305606 0.9914352 -0.00315839 0.1305082 0.9914472 0 0.3824893 0.9239594 0.001028418 -0.1305283 0.9914445 0 1.63485e-7 -1.24177e-6 1 4.79295e-7 -1.15715e-6 1 -0.3826744 0.9238832 0 -0.6087742 0.7933435 0 -0.6087742 0.7933435 0 -0.7933534 0.6087614 0 0 0 -1 0 0 -1 0.793343 -0.6087446 -0.006094455 0.7715506 -0.636168 -1.25795e-4 0.869569 -0.4937934 0.0042364 0.3722923 0.1253206 -0.9196158 0 0 1 0.3294932 0.9441578 2.85115e-4 0.4346632 0.9005931 -2.07461e-4 0 0 1 0.4226172 0.9063081 -5.32717e-4 0.3294355 0.9441781 2.85116e-4 0.3826572 0.9238904 -3.87073e-4 0.3826808 0.9238806 2.83046e-6 0.5735738 0.8191539 -3.77887e-4 0.3834767 0.9235209 -0.007395923 0.3826572 0.9238904 -2.48853e-6 0.3834872 0.9235461 1.96888e-4 0.3826744 0.9238832 0 -4.79293e-7 -1.15715e-6 1 -4.79293e-7 -1.15715e-6 1 0.3826744 0.9238832 0 0.1305234 0.9914452 0 0.1305234 0.9914452 0 0.1305234 0.9914452 0 -0.1305234 0.9914452 0 -0.1305234 0.9914452 0 -0.3826744 0.9238832 0 0.6087555 0.7933579 -8.69177e-7 0.608766 0.7933499 1.78736e-6 0.6087551 0.7933576 9.38445e-4 0.6086816 0.7934147 0 0 0 1 0.6512475 0.7588654 2.67491e-4 0.6086813 0.7934142 9.35252e-4 0 0 1 0.6512911 0.758828 2.67491e-4 0.5644466 0.8254694 -6.22978e-4 0 0 1 -0.705758 -0.06174707 0.705757 0 0 1 -0.6843146 -0.1833608 0.7057567 0 0 1 0 0 1 1 0 0 0 -1 0 0 -1 0 -1 0 0 -1 0 0 0 0 1 0 0 1 0 0 1 1 0 0 0 0 1 0.9961951 0.08715152 0 0.965927 0.2588144 0 0 0 1 0 0 1 0.906301 0.4226327 0 0 0 1 0.8191617 0.5735628 0 0.7071068 0.7071068 0 0 0 1 0 0 1 0.5735628 0.8191617 0 0 0 1 0 0 1 0 0 1 0.08715152 0.9961951 0 0 0 1 0 1 0 0 1 0 0 0 1 0 0 1 0 0 1 0 0 1 0 0 1 0 0 1 0 0 1 0 0 1 0 0 1 0 0 1 0 0 1 0.6420761 -0.299404 0.7057588 0 0 1 0.5803306 -0.4063525 0.7057578 0.6420817 -0.2993958 0.7057573 0 0 1 0 0 1 0 0 1 0 0 1 0.06174695 -0.7057567 0.7057583 0.9961974 0.08712536 -1.11841e-4 0.9930191 0.1179524 -5.45363e-4 0.9802644 0.197691 4.62774e-5 0.7057579 0.06172418 0.7057592 0.9974359 0.07156485 -2.25212e-4 0.7057594 0.06174719 0.7057557 0.6843107 0.1833838 0.7057544 0.6843138 0.1833558 0.7057586 0.642076 0.2994043 0.7057588 0.6420742 0.2994102 0.7057578 0.5803328 0.4063494 0.7057577 0.5803346 0.4063459 0.7057584 0.5009485 0.5009546 0.7057585 0.5009511 0.5009511 0.7057592 0.4063468 0.5803337 0.7057586 0.4063458 0.5803344 0.7057585 0.2994242 0.6420665 0.7057591 0.2994042 0.64208 0.7057554 0.1833612 0.6843155 0.7057556 -0.3826869 -0.9238781 0 -0.608753 -0.7933599 0 0 0 -1 -0.3826869 -0.9238781 0 -0.608753 -0.7933599 0 0 0 -1 -0.3826869 -0.9238781 0 -0.130514 -0.9914464 0 -0.608753 -0.7933599 0 -0.7933517 -0.6087635 0 0 0 1 0 0 1 -0.9238756 -0.3826928 0 -0.9914445 -0.1305283 0 0 0 -1 -0.9238756 -0.3826928 0 -0.9914445 -0.1305283 0 0 0 -1 -0.9238756 -0.3826928 0 -0.7933517 -0.6087635 0 -0.9914445 -0.1305283 0 -0.991444 0.1305326 0 -0.9238756 -0.3826928 0 -0.7933517 -0.6087635 0 -0.7933517 -0.6087635 0 -0.608753 -0.7933599 0 0 0 -1 0 0 -1 0.9914444 -0.1305305 0 -0.9914445 -0.1305283 0 0.9914444 -0.1305305 0 0.9238805 -0.3826811 0 -0.991444 0.1305326 0 0 0 1 0 0 1 -0.991444 0.1305326 0 0 0 1 -0.9238806 0.382681 0 0 0 1 0 0 1 0 0 1 -0.8191617 0.5735628 0 -0.7070961 0.7071175 0 0 0 1 0 0 1 -0.9659217 0.2588344 0 0 0 -1 0 0 -1 -0.9659217 0.2588344 0 0 0 -1 -0.9063092 0.4226152 0 -0.9063092 0.4226152 0 -0.8191617 0.5735628 0 0 0 1 0 0 1 0 0 1 0 0 1 0.8191533 -0.5735734 -0.001230299 0 0 1 0 0 1 0.9237328 -0.3829481 -0.008287012 0 0 1 0 0 -1 0 0 -1 0 0 -1 0.08715152 0.9961951 0 0 0 -1 0.2588144 0.965927 0 0 0 -1 0.2588144 0.965927 0 0.4226327 0.906301 0 0 0 -1 0.4226327 0.906301 0 0 0 -1 0.5735628 0.8191617 0 0.7071068 0.7071068 0 0 0 -1 0 0 -1 0.8191617 0.5735628 0 0 0 -1 0.906301 0.4226327 0 0.965927 0.2588144 0 0 0 -1 0 0 -1 0.9961951 0.08715152 0 0.3826673 -0.9238862 4.5172e-6 0.3826673 -0.9238862 -1.76236e-4 0.3826813 -0.9238803 2.26079e-6 0.3826813 -0.9238804 -1.76236e-4 -0.1305251 -0.9914451 0 0.1305258 -0.9914449 0 -0.1305249 -0.9914436 -0.001621484 -0.1305347 -0.9914438 1.44157e-6 -0.08714133 -0.996196 -2.02754e-4 -0.1305347 -0.9914437 -2.0297e-4 -0.2588118 -0.965925 -0.002317786 0.1305491 -0.9914419 0 0.3826907 -0.9238766 0 0.1305142 -0.9914464 2.6223e-6 -4.79317e-7 1.15715e-6 1 -7.62495e-7 9.93655e-7 1 0.6087797 -0.7933393 0 0.7933576 -0.6087558 0 0.7933576 -0.6087558 0 0.9238698 -0.3827069 0 0 0 -1 0 0 -1 -0.9237965 0.3826575 -0.01315981 -0.8617367 0.5073066 0.00706321 -0.9486551 0.3162534 0.006126344 0.2745072 0.3780856 -0.8841364 0.2738751 0.294802 -0.9154695 -0.9867755 0.1619297 -0.007284045 0.2575553 0.2808763 -0.9245397 0.2646239 0.2805868 -0.9226295 0.2503673 0.3827875 -0.8892637 0.2479786 0.3829627 -0.8898574 -0.6088107 0.7933155 -1.20857e-5 -0.6087659 0.7933499 -3.24011e-7 -0.6087521 0.7933605 0 -0.7933576 0.6087558 0 9.93668e-7 -7.62457e-7 1 1.15715e-6 -4.79296e-7 1 -0.9238832 0.3826744 0 -0.9914445 0.1305283 0 -0.9914445 0.1305283 0 -0.9914452 -0.1305234 0 0 0 -1 0 0 -1 0.9238681 0.3826872 -0.004258632 0.9749704 0.2222897 0.004487454 0.9061303 0.4229913 0.002505302 0.3860818 0.2316986 -0.8928922 0.3744138 0.3382103 -0.8633818 0.3633531 0.355615 -0.8611113 0.3841181 0.3536834 -0.8528548 0.3843998 0.371837 -0.8449699 0.402103 0.369894 -0.837551 0.4006168 0.388583 -0.8297646 0.4087574 0.3875404 -0.8262748 0.4094223 0.3948311 -0.8224852 0.4105921 0.3946696 -0.8219794 0.4110841 0.4009822 -0.8186715 0.4099555 0.401147 -0.8191567 0.4111811 0.4037777 -0.8172476 0.409066 0.4040945 -0.818152 0.4101724 0.406516 -0.8163966 0.4060648 0.4071431 -0.8181356 0.4081021 0.438028 -0.8009895 1 0 0 -0.7933427 0.6087752 0 -0.9238766 0.3826907 0 -0.7933928 0.60871 -2.35286e-7 1.15714e-6 -4.79313e-7 1 1.24177e-6 -1.63484e-7 1 -0.9914445 0.1305283 0 -0.9914452 -0.1305234 0 -0.9914452 -0.1305234 0 -0.9238832 -0.3826744 0 0 0 -1 0 0 -1 0.7933568 0.6087552 -0.001420021 0.7889602 0.6144444 -1.15509e-4 0.3506613 0.4120539 -0.8409805 0.6273642 0.7787249 0.001292467 0.3471273 0.4505516 -0.8224998 0.3362575 0.4743504 -0.8135862 0.3638517 0.4484219 -0.8164128 0.3188782 0.5366415 -0.7812379 0.3637256 0.4603787 -0.8097872 0.3407647 0.5332264 -0.7743055 0.3216984 0.5318635 -0.7833463 0.3805624 0.4579995 -0.8033734 0.3313583 0.5314397 -0.7795983 0.379354 0.4689208 -0.7976238 0.3876121 0.4676316 -0.794404 0.3878893 0.4711979 -0.7921581 0.3898679 0.4708729 -0.7913796 0.3900331 0.4734131 -0.7897811 0.3899615 0.4734253 -0.7898092 0.3903809 0.4742736 -0.7890927 0.3894726 0.4744305 -0.7894471 0.3897642 0.4750326 -0.788941 0.3860037 0.4756879 -0.7903937 -0.9238705 -0.3827052 -3.52176e-6 -0.9238445 -0.3827682 -1.51386e-5 -0.9238705 -0.3827052 2.23526e-4 -0.9238766 -0.3826907 0 -0.9238444 -0.3827681 2.23804e-4 1.15714e-6 4.79313e-7 1 1.15715e-6 4.79296e-7 1 -0.9238832 -0.3826744 0 9.93668e-7 7.62457e-7 1 -0.7933393 -0.6087797 0 9.93633e-7 7.62478e-7 1 -0.7933393 -0.6087797 0 -0.7933393 -0.6087797 0 -0.6087982 -0.7933251 0 -0.6087982 -0.7933251 0 -0.6087982 -0.7933251 0 -0.3826419 -0.9238967 0 0 0 -1 0 0 -1 0.1305233 0.9914255 -0.006259143 0.1594896 0.9871962 -0.002611815 -0.008472681 0.9999526 0.004808962 0.2822892 0.5668584 -0.7739409 0.2823947 0.5822027 -0.762426 0.2558973 0.5075283 -0.8227585 0.2572963 0.5105665 -0.8204392 -0.5882004 0.8087145 -0.001093327 0.2594241 0.5599649 -0.7868536 0.2489969 0.5114884 -0.8224235 0.2436864 0.5004315 -0.8307738 0.240265 0.5007953 -0.8315509 0.23272 0.4861855 -0.8422976 0.2145959 0.4879651 -0.8460725 -0.3827019 -0.9238719 4.34995e-6 -0.3826128 -0.9239088 -7.98829e-6 -0.3827014 -0.9238708 -0.001567482 -0.3826839 -0.9238793 0 -0.3826128 -0.9239088 -1.48993e-4 -0.4226172 -0.9063081 -6.44352e-4 -0.6085727 -0.7934981 0 -0.6085721 -0.7934973 -0.001474559 -0.6087608 -0.7933538 6.00387e-7 -0.5735732 -0.819153 -0.001473128 -0.6087608 -0.7933539 -5.63431e-5 -0.6087549 -0.7933585 -5.64546e-5 -0.793352 -0.6087633 -2.29843e-6 -0.7933718 -0.6087374 0 -0.793352 -0.6087633 7.04119e-5 -0.7933512 -0.6087642 -2.39181e-6 -0.7933649 -0.6087321 -0.004173398 -0.7933512 -0.6087642 7.04119e-5 -0.7071211 -0.7070925 -1.22459e-4 -0.9238952 -0.3826454 5.03109e-6 -0.9238633 -0.3827225 1.21619e-7 -0.9238952 -0.3826454 2.23804e-4 -0.9238497 -0.3827555 0 -0.9238626 -0.3827223 -0.001194596 -0.9063081 -0.4226172 -6.64975e-4 -0.7933509 -0.6087645 -2.45367e-6 -0.7933502 -0.608764 -0.001347184 -0.7933576 -0.6087558 0 -0.9238491 -0.3827553 -0.001194596 -0.9914449 -0.1305259 -1.37566e-6 -0.9914486 -0.1304977 0 -0.9914448 -0.1305259 3.9068e-4 -0.9914432 -0.1305384 -2.35526e-6 -0.9914412 -0.1304967 -0.00385344 -0.9659275 -0.2588124 -4.49042e-4 -0.9914335 -0.1306128 -1.59546e-5 -0.991433 -0.1306127 -0.001029014 -0.9914427 -0.1305421 0 -0.9961958 -0.08714133 -5.99265e-4 -0.9914432 -0.1305384 3.9068e-4 0 0 1 0 0 1 0 0 1 -0.8191403 0.573593 -5.50104e-4 0 0 1 0 0 1 -0.7933925 0.6087098 8.64765e-4 0 0 1 -0.4226173 0.9063082 -3.60427e-4 -0.3825023 0.923954 0.001063644 -0.4352014 0.9003329 -6.44961e-4 -0.9913225 0.1314527 0 -0.9913222 0.1314527 -8.5761e-4 -0.9914547 0.1304514 -3.56565e-6 -0.9914543 0.1304513 -8.5761e-4 -0.9961958 0.08714133 -5.18462e-4 -0.9962686 0.08630508 -5.39207e-4 -0.9846518 0.17453 1.8451e-4 0 0 1 -0.1014842 0.9948368 -8.83493e-4 -0.04325914 0.9990639 -9.49232e-5 0 0 1 -0.1305713 0.9914388 -3.24213e-4 -0.1594231 0.9872104 6.12465e-5 0 0 1 0.1305082 0.9914472 -3.33212e-4 -0.1595193 0.9871948 6.12464e-5 -0.3825268 0.9239444 3.41134e-5 -0.3826786 0.9238815 -5.20914e-7 -0.3825249 0.9239397 -0.003180801 0 0 1 -0.1307832 0.9914104 0.001091122 -0.2588658 0.965913 -6.86506e-4 -0.3288915 0.9443677 2.91005e-4 0 0 1 -0.3288804 0.9443715 2.91005e-4 -0.3838528 0.9233943 0 -0.6087678 0.7933484 0 -0.3825024 0.9239545 2.31883e-6 7.62471e-7 -9.93655e-7 1 9.9366e-7 -7.62462e-7 1 -0.7933534 0.6087614 0 -0.9238832 0.3826744 0 -0.9238832 0.3826744 0 -0.9914445 0.1305283 0 0 0 -1 0 0 -1 0.9914314 -0.1305431 -0.004716634 0 0 -1 0.9996914 0.02445268 0.004366993 0.9914246 0.1305397 -0.006053626 0.3915585 0.1548708 -0.9070265 0.3903209 0.2228097 -0.8933115 0.4055472 0.2217414 -0.8867707 0.4070134 0.2478263 -0.8791599 0.4251548 0.2462347 -0.8709833 0.4240455 0.278023 -0.8619099 0.4311813 0.277243 -0.8586146 0.4329224 0.2918018 -0.852895 0.4321717 0.2918923 -0.8532447 0.4336265 0.3058521 -0.8475981 0.4302133 0.3062957 -0.8491758 0.4311124 0.3025673 -0.850056 0.4331824 0.3127661 -0.845299 0.4309907 0.303344 -0.8498408 0.4285545 0.3133882 -0.8474248 0.4291149 0.3200508 -0.8446466 0.4314068 0.3197319 -0.8435993 0.4305195 0.3250709 -0.8420106 1 0 0 8.67026e-4 0 -0.9999997 8.67197e-4 2.42477e-6 -0.9999997 8.67195e-4 -0.002098262 -0.9999974 8.65941e-4 -1.43271e-5 -0.9999997 8.67198e-4 2.60112e-6 -0.9999996 0.998956 0.04568129 -9.03251e-5 8.67195e-4 -0.002098262 -0.9999974 0.9994896 0.03194528 -4.27195e-5 8.64411e-4 -3.21263e-5 -0.9999997 8.68444e-4 1.78875e-5 -0.9999996 0.9998679 0.01625198 -9.05132e-6 8.6822e-4 -0.02279543 -0.9997398 8.67231e-4 2.01616e-6 -0.9999995 8.67198e-4 1.66306e-6 -0.9999996 0.999246 -0.03882783 -6.18847e-5 8.66446e-4 -0.04161441 -0.9991334 8.66875e-4 -6.35074e-7 -0.9999996 8.67197e-4 3.17982e-6 -0.9999997 0.9999997 -7.326e-4 3.16026e-6 8.66882e-4 -5.50402e-7 -0.9999997 8.66972e-4 -0.022794 -0.9997398 0.9999998 -6.3492e-4 3.16026e-6 -0.006345927 0.03839433 -0.9992425 -0.003684997 0.05691146 -0.9983724 -0.006088197 0.01822388 -0.9998154 -0.005513846 0.05693042 -0.998363 -0.005540251 0.01821798 -0.9998188 -0.005006551 0.02175265 -0.9997509 -0.001916527 0.08170938 -0.9966543 -0.005857944 0.02176469 -0.999746 -0.00319612 0.0817269 -0.9966496 0.001732289 0.1149807 -0.9933663 6.30262e-4 0.1149984 -0.9933655 0.001322031 0.06623482 -0.9978032 0.007416009 0.1474485 -0.9890419 0.005528211 0.1474818 -0.9890493 8.6842e-4 1.19376e-5 -0.9999996 8.66574e-4 -4.15628e-6 -0.9999997 8.65823e-4 -0.04161417 -0.9991334 -0.001602232 -0.04866689 -0.9988138 -0.001589775 -0.05086058 -0.9987046 -0.004029214 -0.03465384 -0.9993913 0 0 -1 -0.004347681 -0.0329554 -0.9994474 0 0 -1 0 0 -1 -0.00411576 -0.02292335 -0.9997287 0.006828248 0.08150237 -0.9966497 0 0 -1 -0.004083514 -0.01369076 -0.999898 0.004905939 0.08715695 -0.9961825 0 0 -1 -0.004149258 -0.008639156 -0.9999541 0.006433963 0.07748031 -0.9969731 0 0 -1 0 0 -1 -0.004221856 -0.00562644 -0.9999753 0.001793503 0.07121539 -0.9974594 0 0 -1 0 0 -1 0 0 -1 -0.004278361 -0.003805458 -0.9999836 -4.39093e-4 0.07634752 -0.9970812 0 0 -1 0 0 -1 -0.004615128 0.003804385 -0.9999821 -0.004729509 0.005800664 -0.999972 0 0 -1 0 0 -1 -0.004318118 -0.002681553 -0.9999871 0 0 -1 0 0 -1 -0.0045349 0.00226742 -0.9999871 -0.004996061 0.01012617 -0.9999362 0 0 -1 0 0 -1 -0.004350364 -0.00182867 -0.9999888 -0.001718163 0.05495089 -0.9984876 0 0 -1 -0.004481196 0.001177906 -0.9999893 0 0 -1 -0.005928456 0.02135866 -0.9997543 0 0 -1 0 0 -1 -0.004387855 -9.01806e-4 -0.99999 -0.002679407 0.05318427 -0.9985812 0 0 -1 -0.004431605 1.084e-4 -0.9999901 0 0 -1 -0.00471729 0.02982282 -0.9995441 -0.004544377 0.05263078 -0.9986037 -0.002711236 0.04946589 -0.9987722 0.07638293 0.4862843 -0.8704558 0.06665432 0.5002853 -0.8632912 0 1 0 0.05223006 0.4582831 -0.8872703 0.06744068 0.4836207 -0.8726755 0 1 0 0.05393773 0.4132426 -0.9090222 0.06688255 0.4213978 -0.9044063 0.03714072 0.4138038 -0.9096082 0.04914921 0.4843908 -0.87347 0 1 0 0.02689045 0.3484181 -0.9369534 0.05634719 0.4198942 -0.9058222 0.03790205 0.3896753 -0.9201721 0.0500068 0.4630155 -0.8849384 0.04887694 0.3468042 -0.9366632 0.02759355 0.3225854 -0.9461381 0.04102241 0.3480528 -0.936577 0.04060202 0.3622556 -0.9311941 0.02441334 0.3226619 -0.9461994 0.03480041 0.3897659 -0.9202562 0.04626816 0.463149 -0.8850719 0.04103988 0.3356001 -0.9411101 0.02497637 0.2989218 -0.9539507 0.03552854 0.3635984 -0.9308781 0.04727309 0.435341 -0.8990237 0.02170073 0.2989962 -0.9540075 0.03140681 0.3637072 -0.9309837 0.02285927 0.2374976 -0.9711191 0.03290688 0.2965523 -0.9544495 0.01949459 0.2375649 -0.971176 0.0206958 0.1430552 -0.9894984 0.01081812 0.1007888 -0.994849 0.01142477 0.008714258 -0.9998968 0.00456345 -0.05574965 -0.9984344 0.004542231 -0.0557723 -0.9984332 0.004551529 -0.05576753 -0.9984334 0.004567801 -0.05575072 -0.9984343 0.004544138 -0.05578261 -0.9984326 0.4928022 -0.8701414 4.17204e-5 0.00455451 -0.05576074 -0.9984338 0.004557251 -0.05575346 -0.9984342 0.004547953 -0.05578541 -0.9984324 0.004589557 -0.05561339 -0.9984418 0.004555523 -0.05575853 -0.998434 0.1955175 -0.9807002 2.31133e-5 0.004547059 -0.0558018 -0.9984315 0.1327276 -0.9911525 -3.07063e-5 0.004564344 -0.05570089 -0.9984371 0.06935793 -0.9975919 -1.67546e-4 0.08715927 -0.9961943 -3.27033e-4 0.00456357 -0.0557056 -0.9984368 0.005869925 -0.9999828 4.31427e-5 0.0617485 -0.7057568 0.7057581 0.005707442 -0.9999837 4.31427e-5 -0.06174695 -0.7057568 0.7057582 -0.05794197 -0.9983199 -1.03588e-4 -0.06175017 -0.7057561 0.7057587 -0.1213894 -0.9926048 -6.07883e-4 -0.08716225 -0.9961941 -1.42191e-4 -0.1841694 -0.9828945 3.96306e-5 -0.1842468 -0.98288 3.96306e-5 9.83701e-4 -0.05610811 -0.9984242 8.63158e-4 -0.05611282 -0.9984241 0.683622 -0.7298362 -1.22151e-4 0.00456947 -0.05575871 -0.9984338 0.002674818 -0.06141513 -0.9981088 0.6490491 -0.7607465 4.18692e-5 0.004544854 -0.05576342 -0.9984337 0.002635538 -0.04965305 -0.998763 0.001717984 -0.06157392 -0.9981011 0.5735725 -0.8191548 4.17184e-5 0.004562973 -0.05575883 -0.9984339 0.6489276 -0.7608488 -0.001423776 0.001676321 -0.05052787 -0.9987213 0.006218433 -0.02966952 -0.9995405 0.004545867 -0.0557667 -0.9984335 0.5993269 -0.8005042 -5.80576e-4 0.004689455 -0.05213397 -0.998629 0 0 -1 0.5470935 -0.8370715 -9.01715e-5 0.002379238 -0.05630159 -0.998411 0.001497864 -0.05924117 -0.9982426 8.67293e-4 1.89357e-6 -0.9999997 8.67197e-4 1.62548e-6 -0.9999997 0.9074659 -0.4201257 -2.84624e-4 8.65793e-4 -3.66515e-6 -0.9999997 8.65499e-4 -0.06256145 -0.9980408 0.870297 -0.4925274 6.98376e-5 0.9063141 -0.4226046 -2.53076e-4 8.64514e-4 -9.47319e-6 -0.9999997 7.36776e-4 -0.06231582 -0.9980562 0.8702688 -0.492577 6.98377e-5 8.66537e-4 1.20971e-6 -0.9999997 7.40245e-4 -0.06311655 -0.9980059 0.8191548 -0.5735725 -2.01935e-4 8.67193e-4 6.1002e-6 -0.9999996 0.8327596 -0.5536344 -5.05323e-4 3.10753e-4 -0.06188952 -0.998083 8.66831e-4 1.79552e-6 -0.9999997 0.7968509 -0.604176 -6.52408e-5 0 0 -1 8.66574e-4 -1.85679e-6 -0.9999997 0.757929 -0.6523371 3.54783e-5 0 0 -1 8.6452e-4 -5.40483e-5 -0.9999997 0.7578457 -0.6524328 -0.001112759 0.7071025 -0.7071111 3.53824e-5 0.7159799 -0.6981209 -3.97821e-4 8.66735e-4 -2.10479e-6 -0.9999997 8.66574e-4 -3.1038e-6 -0.9999995 8.65213e-4 -0.05600607 -0.9984301 -5.41184e-4 -0.06081014 -0.9981492 -5.44533e-4 -0.06016182 -0.9981885 -0.00121957 -0.06283158 -0.9980234 -0.002189815 -0.0546717 -0.998502 0 0 -1 0 0 -1 -0.0030694 -0.05318915 -0.9985798 0 0 -1 0 0 -1 -0.004288792 -0.05280017 -0.9985958 0 0 -1 0.01276051 0.0757966 -0.9970417 0.008461594 0.07877606 -0.9968564 0 0 1 0.1594472 0.9872012 -0.003241002 0.216485 0.9762848 -0.001515626 0 0 1 0.2588659 0.9659134 5.99838e-5 0.1592935 0.9872313 6.03271e-5 0 0 1 0.1015934 0.9948259 -4.13197e-4 0 0 1 0.0871129 0.9961982 -6.89242e-4 0.04358613 0.9990497 -9.82204e-5 0.9914425 0.1305446 -6.12992e-6 0.991442 0.1305446 -9.2623e-4 0.9913731 0.1310709 -1.2302e-4 0.9961956 -0.08714133 -9.0424e-4 0.9913415 0.1310667 -0.007979691 0.9914356 -0.1305962 3.23519e-4 0 0 1 0.9850314 0.1723747 1.67353e-4 0.9960855 0.08839422 -5.62745e-4 0 0 1 0.9961958 0.08714133 -5.32069e-4 0.9850114 0.1724894 1.67353e-4 0.9914445 0.1305292 -3.32481e-6 0.6087569 -0.7933568 -2.50693e-6 0.6087672 -0.793349 -4.26344e-6 0.6087561 -0.793356 -0.001516461 0.6086275 -0.7934561 3.36063e-5 0.4226168 -0.9063073 -0.001480579 0.6086062 -0.7934264 -0.008547544 0.7933408 -0.6087778 1.19992e-6 0.7933511 -0.6087643 0 0.7933409 -0.6087778 1.52748e-5 0.7952374 -0.606298 -4.5707e-4 0.7933511 -0.6087643 1.4993e-5 0.9238766 -0.3826907 0 0.7071211 -0.7070925 1.51465e-5 0.7952294 -0.6062933 -0.004327595 -1.15714e-6 4.79313e-7 1 0.6087547 -0.7933585 0 0.6087548 -0.7933585 -9.8917e-5 0.6085681 -0.7935016 1.71671e-5 0.5735738 -0.8191539 -9.88051e-5 0.6085675 -0.7935008 -0.001509189 0.6087665 -0.793348 -0.001516699 0.9914356 -0.1305962 0 0.9914449 0.1305258 0 0.9914492 -0.1304932 -4.84349e-6 -1.24175e-6 -1.6348e-7 1 0.9914492 -0.1304932 3.21258e-4 0.9914265 -0.1306649 3.21258e-4 0.9659275 -0.2588124 -3.97981e-4 0.9914475 -0.1304472 -0.003923475 0.9238782 -0.3826866 1.58678e-4 0.9238666 -0.3827145 6.63091e-6 0.9238947 -0.3826469 -5.0884e-6 0.923866 -0.3827142 -0.001260101 0.9237645 -0.3829612 6.55153e-5 0.9238236 -0.3828184 8.27377e-6 0.9238947 -0.3826469 1.59114e-4 0.9062971 -0.4226408 -6.85248e-4 0.9238782 -0.3826866 0 0.9238236 -0.3828184 1.59114e-4 0 0 1 0 0 1 -0.2588091 0.9659284 0 0 0 1 0 0 1 -0.4226409 0.9062972 0 -0.08715152 0.9961951 0 -0.5735728 0.8191546 0 -0.5735728 0.8191546 0 0 0 -1 0 0 -1 -0.7070961 0.7071175 0 0 0 -1 -0.4226409 0.9062972 0 0 0 -1 0 0 -1 -0.2588091 0.9659284 0 -0.08715152 0.9961951 0 8.65058e-4 -2.01624e-5 -0.9999997 8.67207e-4 1.73752e-6 -0.9999997 0.9981485 -0.06082463 -1.57888e-4 8.66455e-4 -0.04161447 -0.9991334 0.9951109 -0.09876334 -4.00699e-4 0.9961971 -0.08712834 -2.71046e-4 0.7057618 -0.06172668 0.705755 0.7057568 -0.06174695 0.7057582 8.68724e-4 8.49507e-6 -0.9999997 8.67193e-4 1.28337e-6 -0.9999996 0.9442324 -0.3292798 1.37261e-4 8.64882e-4 -1.30403e-5 -0.9999996 8.65523e-4 -0.06202495 -0.9980742 0.944278 -0.3291491 1.37261e-4 0.9659174 -0.25885 -3.24769e-4 0.9724611 -0.2330651 -8.14894e-5 0.6843055 -0.1833827 0.7057598 0.6843153 -0.1833598 0.7057561 0.4226177 -0.906308 -2.3803e-4 0.4363532 -0.8997755 -4.18252e-4 0.4927178 -0.8701892 4.17204e-5 0.2994059 -0.6420791 0.7057552 0.3782389 -0.9257081 -2.16338e-5 0.1833723 -0.6843119 0.7057561 0.2993923 -0.6420832 0.7057574 0.3187978 -0.9478228 1.73071e-5 0.1833605 -0.6843133 0.7057579 0.4063491 -0.5803325 0.7057582 0.3184968 -0.947924 1.7307e-5 0.2588181 -0.9659261 -2.94735e-4 0.4063556 -0.5803291 0.7057572 0.2575026 -0.9662775 -2.80588e-4 0.5009491 -0.5009552 0.7057577 0.1955442 -0.9806948 2.31133e-5 0.5009526 -0.5009526 0.705757 0.5803334 -0.4063497 0.7057572 8.66584e-4 -6.13019e-6 -0.9999997 8.67198e-4 2.46169e-6 -0.9999996 0.9982132 0.05975377 -1.56333e-4 8.67195e-4 -0.002098262 -0.9999974 -1.6348e-7 1.24176e-6 1 -4.79246e-7 1.15715e-6 1 4.79773e-6 0 1 0.3826419 -0.9238967 0 0.3826419 -0.9238967 0 0.6087797 -0.7933393 0 0.3826419 -0.9238967 0 0.6087797 -0.7933393 0 0.6087797 -0.7933393 0 0.7933576 -0.6087558 0 0 0 -1 0 0 -1 0 0 -1 0 0 -1 -0.6087306 0.7933438 -0.007260799 -0.7932989 0.6087108 -0.01217371 -0.7399859 0.6726084 0.004336416 0.2701492 0.4434322 -0.854627 0.2600389 0.4056934 -0.8762378 0.2609644 0.4056212 -0.8759961 -0.382657 -0.9238905 0 -0.1305283 -0.9914445 0 -0.3826569 -0.9238905 -1.49945e-4 -0.382791 -0.923835 1.10213e-5 -0.382791 -0.923835 -1.49944e-4 0 0 1 -0.6519602 0.7582531 2.7547e-4 -0.5636217 0.8260328 -6.30068e-4 0 0 1 -0.652057 0.7581698 2.75469e-4 -0.5735738 0.8191539 -2.80425e-4 -0.6088106 0.7933155 -4.37812e-4 -0.3838528 0.9233942 -3.60781e-4 -0.7934271 0.6086654 -2.55214e-5 -0.7933462 0.6087707 1.60283e-6 -0.7934225 0.6086618 -0.003378987 0 0 1 -0.6087518 0.7933602 9.81037e-4 -0.7071067 0.7071067 -6.513e-4 -0.7600094 0.6499119 2.52944e-4 0 0 1 -0.7600401 0.6498761 2.52944e-4 -0.8244463 0.5659399 -6.07765e-4 0 0 1 -0.9415527 0.3368659 2.22398e-4 -0.9039579 0.4276211 -5.76753e-4 0 0 1 -0.9415848 0.3367758 2.22398e-4 -0.9063082 0.4226173 -4.30519e-4 -0.9238414 0.3827749 -6.93754e-4 -0.7933426 0.6087751 -5.50632e-4 -0.9238416 0.382775 2.04155e-5 -0.9238814 0.3826789 -1.94007e-7 -0.9238789 0.3826848 0 -0.9914424 0.1305446 0 1.24175e-6 -1.63504e-7 1 1.24175e-6 1.635e-7 1 1.24177e-6 1.63478e-7 1 -0.9914452 -0.1305234 0 -0.9238832 -0.3826744 0 -0.9238832 -0.3826744 0 -0.7933393 -0.6087797 0 0 0 -1 0 0 -1 0.6087538 0.7933549 -0.002638339 0 0 -1 0.4828155 0.8757208 0.001517176 0 0 -1 0.382686 0.9238651 -0.004981875 0.3791093 0.9253411 -0.004455864 0.3133692 0.5389394 -0.781885 0.2697637 0.9629255 0.001431345 0.3017417 0.5495202 -0.7790889 0.2927066 0.5626642 -0.7731311 -0.6087613 -0.7933534 1.15376e-6 -0.6087548 -0.7933585 0 -0.6087613 -0.7933535 -5.64429e-5 -0.6087571 -0.7933567 3.50852e-7 -0.6087571 -0.7933567 -5.64435e-5 -0.6087558 -0.7933576 0 7.62451e-7 9.9366e-7 1 7.6252e-7 9.9364e-7 1 -0.6087982 -0.7933251 0 4.79309e-7 1.15715e-6 1 -0.3826419 -0.9238967 0 -0.3826419 -0.9238967 0 -0.1305608 -0.9914403 0 0 0 -1 0 0 -1 0 0 -1 -0.1305225 0.9914195 -0.007151544 -0.2213993 0.9751753 0.003943741 0.2734401 0.5583264 -0.7832638 1.63483e-7 1.24176e-6 1 -4.79773e-6 0 1 4.79248e-7 1.15715e-6 1 -0.1305608 -0.9914403 0 -0.3826419 -0.9238967 0 -0.1305608 -0.9914403 0 -0.1305608 -0.9914403 0 0.1305608 -0.9914403 0 0.1305608 -0.9914403 0 0.1305608 -0.9914403 0 0.1305608 -0.9914403 0 0.3826419 -0.9238967 0 0 0 -1 0 0 -1 -0.3826835 0.9238593 -0.006110906 -0.4149438 0.909847 1.88169e-4 0.1903169 0.6336352 -0.7498573 -0.9914399 0.1305642 4.42948e-6 -0.9914429 0.1305409 0 -0.9914397 0.1305642 5.60567e-4 0 0 1 -0.9659265 0.2588121 -0.001492023 -0.9846559 0.1745071 1.8451e-4 0 0 1 -0.9238787 0.3826847 7.23925e-4 8.66982e-4 0 -0.9999996 8.67821e-4 6.24415e-6 -0.9999996 0.9873659 -0.1584571 3.89656e-5 8.65562e-4 -1.16489e-5 -0.9999997 8.66459e-4 -0.05600583 -0.9984301 0.9874218 -0.1581078 3.89655e-5 0 0 1 0 0 1 0 0 -1 0 0 -1 0 0 1 0 0 1 0 0 -1 0 0 -1 0.2926712 -0.6938846 -0.6579269 0.2926715 -0.6938846 -0.6579269 0.2926716 -0.6938838 -0.6579276 0.292674 -0.6938771 -0.6579335 0.2926722 -0.6938798 -0.6579316 0.2926741 -0.6938794 -0.6579312 0.2926729 -0.6938805 -0.6579304 0.2926746 -0.6938803 -0.6579299 0.292672 -0.6938821 -0.6579292 0.292671 -0.6938822 -0.6579294 0.2926735 -0.6938794 -0.6579312 0 0 1 0 0 1 0 0 1 0 0 1 0 0 1 0 0 1 0 0 1 0 0 1 0 0 1 0 0 1 0 0 1 0 0 1 0 0 1 0 0 1 0 0 1 0 0 1 0 0 1 0 0 1 0 0 1 0 0 1 0 0 1 0 0 1 0 0 1 0 0 1 0 0 1 0 0 1 0 0 1 0 0 1 0 0 1 0 0 1 0 0 1 0 0 1 0 0 1 0 0 1 0 0 1 0 0 1 0 0 1 0 0 1 0 0 1 0 0 1 -1 0 0 -1 0 0 0 0 1 0 0 1 0 0 1 0 0 1 0 0 1 0 0 1 0 0 1 0 0 1 0 0 1 0 0 1 0 0 1 0 0 1 0 0 1 0 -1 0 0 -1 0 1 0 0 1 0 0 0 1 0 0 1 0 -1 0 0 -1 0 0 -1 0 0 -1 0 0 -1 0 0 -1 0 0 -1 0 0 -1 0 0 -1 0 0 -1 0 0 -1 0 0 -1 0 0 -1 0 0 -1 0 0 -1 0 0 -1 0 0 -1 0 0 -1 0 0 -1 0 0 -1 0 0 0 0 1 0 0 1 0 0 -1 0 0 -1 0 0 -1 0 0 -1 0 0 -1 0 0 -1 0 0 -1 0 0 -1 0 0 -1 0 0 -1 0 0 -1 0 0 -1 0 0 -1 0 0 -1 0 0 -1 0 0 -1 0 0 -1 0 0 -1 0 0 -1 0 0 -1 0 0 -1 0 0 -1 0 0 -1 0 0 -1 0 0 -1 0 0 -1 0 0 -1 0 0 -1 0 0 -1 0 0 -1 0 0 -1 0 0 -1 0 0 -1 0 0 -1 0 0 -1 0 0 -1 0 0 -1 0 0 -1 0 0 -1 0 0 -1 0 0 -1 0 0 -1 0 0 -1 0 0 -1 0 0 -1 0 0 -1 0 0 -1 0 0 -1 0 0 -1 0 0 -1 0 0 -1 0 0 -1 0 0 -1 0 0 -1 0 0 -1 0 0 -1 0 0 -1 0 0 -1 0 0 -1 0 0 -1 0 0 -1 0 0 -1 0 0 -1 0 0 -1 0 0 -1 0 0 -1 0 0 -1 0 0 -1 0 0 -1 0 0 -1 0 0 -1 0 0 -1 0 0 -1 0 0 -1 0 0 -1 0 0 -1 0 0 -1 0 0 -1 0 0 -1 0 0 -1 0 0 -1 0 0 -1 0 0 -1 0 0 -1 0 0 -1 0 0 -1 0 0 -1 0 0 -1 0 0 -1 0 0 -1 0 0 -1 0 0 -1 0 0 -1 0 0 -1 0 0 -1 0 0 -1 0 0 -1 0 0 -1 0 0 -1 0 0 -1 0 0 -1 0 0 -1 0 0 -1 0 0 -1 0 0 -1 0 0 -1 0 0 -1 0 0 -1 0 0 -1 0 0 -1 0 0 -1 0 0 -1 0 0 -1 0 0 -1 0 0 -1 0 0 -1 0 0 -1 0 0 -1 0 0 -1 0 0 -1 0 0 -1 0 0 -1 0 0 -1 0 0 -1 0 0 -1 0 0 -1 0 0 -1 0 0 -1 0 0 -1 0 0 -1 0 0 -1 0 0 -1 0 0 -1 0 0 -1 0 0 -1 0 0 -1 0 0 -1 0 0 -1 0 0 -1 0 0 -1 0 0 -1 0 0 -1 0 0 -1 0 0 -1 0 0 -1 0 0 -1 0 0 -1 0 0 -1 0 0 -1 0 0 -1 0 0 -1 0 0 -1 0 0 -1 0 0 -1 0 1 0 0 1 0 0 0 1 0 0 1 0 -1 0 0 -1 0 0 0 -1 0 0 -1 -1 0 0 -1 0 0 0 1 0 0 1 0 0 0 1 0 0 1 0 -1 0 0 -1 0 0 0 -1 0 0 -1 -1 0 0 -1 0 0 0 1 0 0 1 0 0 0 1 0 0 1 0 -1 0 0 -1 0 0 0 -1 0 0 -1 -1 0 0 -1 0 0 0.7071064 0.7071073 0 0.7071064 0.7071073 0 0.5773499 0.5773506 0.5773506 0.5773499 0.5773506 -0.5773506 0 0.7071068 0.7071068 0 0.7071068 0.7071068 0.7071064 0 0.7071072 0.7071064 0 0.7071072 0.7071064 -0.7071073 0 0.7071064 -0.7071073 0 0.7071064 0 -0.7071072 0.7071064 0 -0.7071072 0 0.7071068 -0.7071068 0 0.7071068 -0.7071068 -0.7071059 0.7071077 0 -0.7071059 0.7071077 0 -0.5773494 0.5773507 0.5773507 0.5773499 -0.5773506 0.5773506 0.5773499 -0.5773506 -0.5773506 -0.5773494 0.5773507 -0.5773507 -0.7071059 0 0.7071077 -0.7071059 0 0.7071077 0 -0.7071068 0.7071068 0 -0.7071068 0.7071068 0 -0.7071068 -0.7071068 0 -0.7071068 -0.7071068 -0.7071059 0 -0.7071077 -0.7071059 0 -0.7071077 -0.5773494 -0.5773507 0.5773507 -0.5773494 -0.5773507 -0.5773507 -0.7071059 -0.7071077 0 -0.7071059 -0.7071077 0 -0.996196 0.08714139 0 -0.996196 0.08714139 0 -0.9659283 0.2588098 0 -0.9659283 0.2588098 0 -0.9063073 0.4226193 0 -0.9063073 0.4226193 0 -0.8191453 0.5735861 0 -0.8191453 0.5735861 0 -0.7071135 0.7071001 0 -0.7071135 0.7071001 0 -0.5735645 0.8191604 0 -0.5735645 0.8191604 0 -0.4226193 0.9063073 0 -0.4226193 0.9063073 0 -0.2588256 0.9659241 0 -0.2588256 0.9659241 0 -0.08715468 0.9961948 0 -0.08715468 0.9961948 0 0.08715468 0.9961948 0 0.08715468 0.9961948 0 0.2588256 0.9659241 0 0.2588256 0.9659241 0 0.4226193 0.9063073 0 0.4226193 0.9063073 0 0.5735771 0.8191516 0 0.5735771 0.8191516 0 0.7071001 0.7071135 0 0.7071001 0.7071135 0 0.8191578 0.5735681 0 0.8191578 0.5735681 0 0.9063073 0.4226193 0 0.9063073 0.4226193 0 0.9659217 0.2588347 0 0.9659217 0.2588347 0 0.996196 0.08714139 0 0.996196 0.08714139 0 0.9961959 -0.08714258 0 0.9961959 -0.08714258 0 0.9659217 -0.2588347 0 0.9659217 -0.2588347 0 0.9063073 -0.4226193 0 0.9063073 -0.4226193 0 0.8191623 -0.5735619 0 0.8191623 -0.5735619 0 0.7070934 -0.7071201 0 0.7070934 -0.7071201 0 0.5735861 -0.8191453 0 0.5735861 -0.8191453 0 0.4226193 -0.9063073 0 0.4226193 -0.9063073 0 0.2588131 -0.9659274 0 0.2588131 -0.9659274 0 0.08715468 -0.9961948 0 0.08715468 -0.9961948 0 -0.08715468 -0.9961948 0 -0.08715468 -0.9961948 0 -0.2588131 -0.9659274 0 -0.2588131 -0.9659274 0 -0.4226193 -0.9063073 0 -0.4226193 -0.9063073 0 -0.5735735 -0.8191541 0 -0.5735735 -0.8191541 0 -0.7071068 -0.7071068 0 -0.7071068 -0.7071068 0 -0.8191497 -0.5735798 0 -0.8191497 -0.5735798 0 -0.9063073 -0.4226193 0 -0.9063073 -0.4226193 0 -0.9659283 -0.2588098 0 -0.9659283 -0.2588098 0 -0.9961959 -0.08714258 0 -0.9961959 -0.08714258 0 0 0 -1 0 0 -1 0 0 -1 0 0 -1 0 0 -1 0 0 -1 0 0 -1 0 0 -1 0 0 -1 0 0 -1 0 0 -1 0 0 -1 0 0 -1 0 0 -1 0 0 -1 0 0 -1 0 0 -1 0 0 -1 0 0 -1 0 0 -1 0 0 -1 0 0 -1 0 0 -1 0 0 -1 0 0 -1 0 0 -1 0 0 -1 0 0 -1 0 0 -1 0 0 -1 0 0 -1 0 0 -1 0 0 -1 0 0 -1 0 0 -1 0 0 -1 -0.9961959 0.08714258 0 -0.9961959 0.08714258 0 -0.9659283 0.2588098 0 -0.9659283 0.2588098 0 -0.9063073 0.4226193 0 -0.9063073 0.4226193 0 -0.8191497 0.5735798 0 -0.8191497 0.5735798 0 -0.7071068 0.7071068 0 -0.7071068 0.7071068 0 -0.5735735 0.8191541 0 -0.5735735 0.8191541 0 -0.4226193 0.9063073 0 -0.4226193 0.9063073 0 -0.2588131 0.9659274 0 -0.2588131 0.9659274 0 -0.08715468 0.9961948 0 -0.08715468 0.9961948 0 0.08715468 0.9961948 0 0.08715468 0.9961948 0 0.2588131 0.9659274 0 0.2588131 0.9659274 0 0.4226193 0.9063073 0 0.4226193 0.9063073 0 0.5735861 0.8191453 0 0.5735861 0.8191453 0 0.7070934 0.7071201 0 0.7070934 0.7071201 0 0.8191623 0.5735619 0 0.8191623 0.5735619 0 0.9063073 0.4226193 0 0.9063073 0.4226193 0 0.9659217 0.2588347 0 0.9659217 0.2588347 0 0.9961959 0.08714258 0 0.9961959 0.08714258 0 0.996196 -0.08714139 0 0.996196 -0.08714139 0 0.9659217 -0.2588347 0 0.9659217 -0.2588347 0 0.9063073 -0.4226193 0 0.9063073 -0.4226193 0 0.8191578 -0.5735681 0 0.8191578 -0.5735681 0 0.7071001 -0.7071135 0 0.7071001 -0.7071135 0 0.5735771 -0.8191516 0 0.5735771 -0.8191516 0 0.4226193 -0.9063073 0 0.4226193 -0.9063073 0 0.2588256 -0.9659241 0 0.2588256 -0.9659241 0 0.08715468 -0.9961948 0 0.08715468 -0.9961948 0 -0.08715468 -0.9961948 0 -0.08715468 -0.9961948 0 -0.2588256 -0.9659241 0 -0.2588256 -0.9659241 0 -0.4226193 -0.9063073 0 -0.4226193 -0.9063073 0 -0.5735645 -0.8191604 0 -0.5735645 -0.8191604 0 -0.7071135 -0.7071001 0 -0.7071135 -0.7071001 0 -0.8191453 -0.5735861 0 -0.8191453 -0.5735861 0 -0.9063073 -0.4226193 0 -0.9063073 -0.4226193 0 -0.9659283 -0.2588098 0 -0.9659283 -0.2588098 0 -0.996196 -0.08714139 0 -0.996196 -0.08714139 0 0 0 -1 0 0 -1 0 0 -1 0 0 -1 0 0 -1 0 0 -1 0 0 -1 0 0 -1 0 0 -1 0 0 -1 0 0 -1 0 0 -1 0 0 -1 0 0 -1 0 0 -1 0 0 -1 0 0 -1 0 0 -1 0 0 -1 0 0 -1 0 0 -1 0 0 -1 0 0 -1 0 0 -1 0 0 -1 0 0 -1 0 0 -1 0 0 -1 0 0 -1 0 0 -1 0 0 -1 0 0 -1 0 0 -1 0 0 -1 0 0 -1 0 0 -1 -0.9961947 0.08715581 0 -0.9961947 0.08715581 0 -0.965925 0.2588222 0 -0.965925 0.2588222 0 -0.9063073 0.4226193 0 -0.9063073 0.4226193 0 -0.819156 0.5735708 0 -0.819156 0.5735708 0 -0.7071001 0.7071135 0 -0.7071001 0.7071135 0 -0.5735861 0.8191453 0 -0.5735861 0.8191453 0 -0.4226193 0.9063073 0 -0.4226193 0.9063073 0 -0.2588098 0.9659283 0 -0.2588098 0.9659283 0 -0.08715468 0.9961948 0 -0.08715468 0.9961948 0 0.08715581 0.9961947 0 0.08715581 0.9961947 0 0.2588098 0.9659283 0 0.2588098 0.9659283 0 0.4226193 0.9063073 0 0.4226193 0.9063073 0 0.5735798 0.8191497 0 0.5735798 0.8191497 0 0.7071068 0.7071068 0 0.7071068 0.7071068 0 0.8191497 0.5735798 0 0.8191497 0.5735798 0 0.9063073 0.4226193 0 0.9063073 0.4226193 0 0.9659283 0.2588098 0 0.9659283 0.2588098 0 0.9961947 0.08715581 0 0.9961947 0.08715581 0 0.9961948 -0.08715468 0 0.9961948 -0.08715468 0 0.9659283 -0.2588098 0 0.9659283 -0.2588098 0 0.9063073 -0.4226193 0 0.9063073 -0.4226193 0 0.8191453 -0.5735861 0 0.8191453 -0.5735861 0 0.7071135 -0.7071001 0 0.7071135 -0.7071001 0 0.5735708 -0.819156 0 0.5735708 -0.819156 0 0.4226193 -0.9063073 0 0.4226193 -0.9063073 0 0.2588222 -0.965925 0 0.2588222 -0.965925 0 0.08715581 -0.9961947 0 0.08715581 -0.9961947 0 -0.08715468 -0.9961948 0 -0.08715468 -0.9961948 0 -0.2588222 -0.965925 0 -0.2588222 -0.965925 0 -0.4226193 -0.9063073 0 -0.4226193 -0.9063073 0 -0.5735771 -0.8191516 0 -0.5735771 -0.8191516 0 -0.7071068 -0.7071068 0 -0.7071068 -0.7071068 0 -0.8191516 -0.5735771 0 -0.8191516 -0.5735771 0 -0.9063073 -0.4226193 0 -0.9063073 -0.4226193 0 -0.965925 -0.2588222 0 -0.965925 -0.2588222 0 -0.9961948 -0.08715468 0 -0.9961948 -0.08715468 0 0 0 -1 0 0 -1 0 0 -1 0 0 -1 0 0 -1 0 0 -1 0 0 -1 0 0 -1 0 0 -1 0 0 -1 0 0 -1 0 0 -1 0 0 -1 0 0 -1 0 0 -1 0 0 -1 0 0 -1 0 0 -1 0 0 -1 0 0 -1 0 0 -1 0 0 -1 0 0 -1 0 0 -1 0 0 -1 0 0 -1 0 0 -1 0 0 -1 0 0 -1 0 0 -1 0 0 -1 0 0 -1 0 0 -1 0 0 -1 0 0 -1 0 0 -1 -0.9961948 0.08715468 0 -0.9961948 0.08715468 0 -0.965925 0.2588222 0 -0.965925 0.2588222 0 -0.9063073 0.4226193 0 -0.9063073 0.4226193 0 -0.8191516 0.5735771 0 -0.8191516 0.5735771 0 -0.7071068 0.7071068 0 -0.7071068 0.7071068 0 -0.5735771 0.8191516 0 -0.5735771 0.8191516 0 -0.4226193 0.9063073 0 -0.4226193 0.9063073 0 -0.2588222 0.965925 0 -0.2588222 0.965925 0 -0.08715468 0.9961948 0 -0.08715468 0.9961948 0 0.08715581 0.9961947 0 0.08715581 0.9961947 0 0.2588222 0.965925 0 0.2588222 0.965925 0 0.4226193 0.9063073 0 0.4226193 0.9063073 0 0.5735708 0.819156 0 0.5735708 0.819156 0 0.7071135 0.7071001 0 0.7071135 0.7071001 0 0.8191453 0.5735861 0 0.8191453 0.5735861 0 0.9063073 0.4226193 0 0.9063073 0.4226193 0 0.9659283 0.2588098 0 0.9659283 0.2588098 0 0.9961948 0.08715468 0 0.9961948 0.08715468 0 0.9961947 -0.08715581 0 0.9961947 -0.08715581 0 0.9659283 -0.2588098 0 0.9659283 -0.2588098 0 0.9063073 -0.4226193 0 0.9063073 -0.4226193 0 0.8191497 -0.5735798 0 0.8191497 -0.5735798 0 0.7071068 -0.7071068 0 0.7071068 -0.7071068 0 0.5735798 -0.8191497 0 0.5735798 -0.8191497 0 0.4226193 -0.9063073 0 0.4226193 -0.9063073 0 0.2588098 -0.9659283 0 0.2588098 -0.9659283 0 0.08715581 -0.9961947 0 0.08715581 -0.9961947 0 -0.08715468 -0.9961948 0 -0.08715468 -0.9961948 0 -0.2588098 -0.9659283 0 -0.2588098 -0.9659283 0 -0.4226193 -0.9063073 0 -0.4226193 -0.9063073 0 -0.5735861 -0.8191453 0 -0.5735861 -0.8191453 0 -0.7071001 -0.7071135 0 -0.7071001 -0.7071135 0 -0.819156 -0.5735708 0 -0.819156 -0.5735708 0 -0.9063073 -0.4226193 0 -0.9063073 -0.4226193 0 -0.965925 -0.2588222 0 -0.965925 -0.2588222 0 -0.9961947 -0.08715581 0 -0.9961947 -0.08715581 0 0 0 -1 0 0 -1 0 0 -1 0 0 -1 0 0 -1 0 0 -1 0 0 -1 0 0 -1 0 0 -1 0 0 -1 0 0 -1 0 0 -1 0 0 -1 0 0 -1 0 0 -1 0 0 -1 0 0 -1 0 0 -1 0 0 -1 0 0 -1 0 0 -1 0 0 -1 0 0 -1 0 0 -1 0 0 -1 0 0 -1 0 0 -1 0 0 -1 0 0 -1 0 0 -1 0 0 -1 0 0 -1 0 0 -1 0 0 -1 0 0 -1 0 0 -1</float_array>
          <technique_common>
            <accessor source="#nuc_支撑架_降压模块_降低高度-mesh-normals-array" count="8120" stride="3">
              <param name="X" type="float"/>
              <param name="Y" type="float"/>
              <param name="Z" type="float"/>
            </accessor>
          </technique_common>
        </source>
        <vertices id="nuc_支撑架_降压模块_降低高度-mesh-vertices">
          <input semantic="POSITION" source="#nuc_支撑架_降压模块_降低高度-mesh-positions"/>
        </vertices>
        <triangles count="8120">
          <input semantic="VERTEX" source="#nuc_支撑架_降压模块_降低高度-mesh-vertices" offset="0"/>
          <input semantic="NORMAL" source="#nuc_支撑架_降压模块_降低高度-mesh-normals" offset="1"/>
          <p>0 0 1 0 2 0 2 1 1 1 3 1 4 2 5 2 6 2 6 3 5 3 7 3 8 4 9 4 10 4 10 5 9 5 11 5 12 6 13 6 14 6 14 7 13 7 15 7 16 8 17 8 18 8 19 9 18 9 20 9 20 10 18 10 21 10 22 11 23 11 24 11 24 12 23 12 25 12 26 13 27 13 28 13 28 14 27 14 29 14 27 15 30 15 31 15 32 16 33 16 34 16 34 17 33 17 35 17 34 18 35 18 36 18 22 19 37 19 23 19 23 20 37 20 38 20 23 21 38 21 18 21 18 22 38 22 39 22 18 23 39 23 21 23 18 24 40 24 41 24 31 25 42 25 27 25 27 26 42 26 43 26 27 27 43 27 34 27 34 28 43 28 44 28 34 29 44 29 32 29 45 30 46 30 47 30 19 31 48 31 18 31 18 32 48 32 49 32 18 33 49 33 40 33 41 34 50 34 18 34 18 35 50 35 51 35 18 36 51 36 16 36 30 37 27 37 52 37 52 38 27 38 26 38 52 39 26 39 47 39 47 40 26 40 53 40 47 41 53 41 45 41 19 42 54 42 48 42 48 43 54 43 55 43 48 44 55 44 56 44 56 45 55 45 57 45 46 46 58 46 47 46 47 47 58 47 59 47 47 48 59 48 60 48 60 49 61 49 47 49 47 50 61 50 62 50 47 51 62 51 63 51 63 52 62 52 64 52 63 53 64 53 55 53 55 54 64 54 65 54 55 55 65 55 57 55 66 56 67 56 68 56 68 57 67 57 69 57 70 58 71 58 72 58 73 59 74 59 75 59 75 60 74 60 76 60 75 61 76 61 77 61 66 62 78 62 67 62 67 63 78 63 79 63 67 64 79 64 80 64 80 65 79 65 81 65 80 66 81 66 82 66 83 67 70 67 84 67 84 68 70 68 85 68 86 69 80 69 87 69 87 70 80 70 88 70 89 71 82 71 90 71 89 72 91 72 82 72 82 73 91 73 92 73 82 74 92 74 80 74 80 75 92 75 93 75 80 76 93 76 88 76 86 77 94 77 80 77 80 78 94 78 95 78 80 79 95 79 96 79 72 80 97 80 70 80 70 81 97 81 98 81 70 82 98 82 99 82 100 83 101 83 85 83 85 84 101 84 102 84 85 85 102 85 103 85 99 86 104 86 70 86 70 87 104 87 105 87 70 88 105 88 85 88 85 89 105 89 106 89 85 90 106 90 100 90 90 91 107 91 89 91 89 92 107 92 108 92 89 93 108 93 109 93 83 94 110 94 70 94 70 95 110 95 111 95 70 96 111 96 75 96 75 97 111 97 112 97 75 98 112 98 73 98 103 99 102 99 113 99 113 100 102 100 114 100 113 101 114 101 109 101 109 102 114 102 115 102 109 103 115 103 89 103 116 104 117 104 118 104 118 105 117 105 119 105 118 106 119 106 120 106 120 107 119 107 121 107 120 108 121 108 122 108 122 109 121 109 123 109 122 110 123 110 124 110 124 111 123 111 125 111 124 112 125 112 126 112 126 113 125 113 127 113 126 114 127 114 128 114 128 115 127 115 129 115 128 116 129 116 130 116 130 117 129 117 131 117 130 118 131 118 132 118 132 119 131 119 133 119 132 120 133 120 134 120 134 121 133 121 135 121 134 122 135 122 136 122 136 123 135 123 137 123 136 124 137 124 138 124 138 125 137 125 139 125 138 126 139 126 140 126 140 127 139 127 141 127 140 128 141 128 142 128 142 129 141 129 143 129 142 130 143 130 144 130 144 131 143 131 145 131 144 132 145 132 146 132 146 133 145 133 147 133 146 134 147 134 148 134 148 135 147 135 149 135 148 136 149 136 150 136 150 137 149 137 151 137 150 138 151 138 152 138 152 139 151 139 153 139 152 140 153 140 154 140 154 141 153 141 155 141 154 142 155 142 156 142 156 143 155 143 157 143 156 144 157 144 158 144 158 145 157 145 159 145 158 146 159 146 160 146 160 147 159 147 161 147 160 148 161 148 162 148 162 149 161 149 163 149 162 150 163 150 164 150 164 151 163 151 165 151 164 152 165 152 166 152 166 153 165 153 167 153 166 154 167 154 168 154 168 155 167 155 169 155 168 156 169 156 170 156 170 157 169 157 171 157 170 158 171 158 172 158 172 159 171 159 173 159 172 160 173 160 174 160 174 161 173 161 175 161 174 162 175 162 176 162 176 163 175 163 177 163 176 164 177 164 178 164 178 165 177 165 179 165 178 166 179 166 180 166 180 167 179 167 181 167 180 168 181 168 182 168 182 169 181 169 183 169 182 170 183 170 184 170 184 171 183 171 185 171 184 172 185 172 186 172 186 173 185 173 187 173 186 174 187 174 116 174 116 175 187 175 117 175 188 176 189 176 190 176 190 177 189 177 191 177 190 178 191 178 192 178 192 179 191 179 193 179 192 180 193 180 194 180 194 181 193 181 195 181 194 182 195 182 196 182 196 183 195 183 197 183 196 184 197 184 198 184 198 185 197 185 199 185 198 186 199 186 200 186 200 187 199 187 201 187 200 188 201 188 202 188 202 189 201 189 203 189 202 190 203 190 204 190 204 191 203 191 205 191 204 192 205 192 206 192 206 193 205 193 207 193 206 194 207 194 208 194 208 195 207 195 209 195 208 196 209 196 210 196 210 197 209 197 211 197 210 198 211 198 212 198 212 199 211 199 213 199 212 200 213 200 214 200 214 201 213 201 215 201 214 202 215 202 216 202 216 203 215 203 217 203 216 204 217 204 218 204 218 205 217 205 219 205 218 206 219 206 220 206 220 207 219 207 221 207 220 208 221 208 222 208 222 209 221 209 223 209 222 210 223 210 224 210 224 211 223 211 225 211 224 212 225 212 226 212 226 213 225 213 227 213 226 214 227 214 228 214 228 215 227 215 229 215 228 216 229 216 230 216 230 217 229 217 231 217 230 218 231 218 232 218 232 219 231 219 233 219 232 220 233 220 234 220 234 221 233 221 235 221 234 222 235 222 236 222 236 223 235 223 237 223 236 224 237 224 238 224 238 225 237 225 239 225 238 226 239 226 240 226 240 227 239 227 241 227 240 228 241 228 242 228 242 229 241 229 243 229 242 230 243 230 244 230 244 231 243 231 245 231 244 232 245 232 246 232 246 233 245 233 247 233 246 234 247 234 248 234 248 235 247 235 249 235 248 236 249 236 250 236 250 237 249 237 251 237 250 238 251 238 252 238 252 239 251 239 253 239 252 240 253 240 254 240 254 241 253 241 255 241 254 242 255 242 256 242 256 243 255 243 257 243 256 244 257 244 258 244 258 245 257 245 259 245 258 246 259 246 188 246 188 247 259 247 189 247 191 248 25 248 193 248 193 249 25 249 260 249 193 250 260 250 195 250 195 251 260 251 261 251 195 252 261 252 197 252 197 253 261 253 262 253 197 254 262 254 199 254 199 255 262 255 263 255 199 256 263 256 201 256 201 257 263 257 264 257 201 258 264 258 203 258 203 259 264 259 265 259 203 260 265 260 205 260 205 261 265 261 266 261 205 262 266 262 207 262 207 263 266 263 267 263 207 264 267 264 209 264 209 265 267 265 268 265 209 266 268 266 211 266 211 267 268 267 269 267 211 268 269 268 213 268 213 269 269 269 270 269 213 270 270 270 215 270 215 271 270 271 271 271 215 272 271 272 217 272 217 273 271 273 272 273 217 274 272 274 219 274 219 275 272 275 36 275 219 276 36 276 221 276 221 277 36 277 223 277 223 278 36 278 35 278 223 279 35 279 225 279 225 280 35 280 33 280 225 281 33 281 227 281 227 282 33 282 32 282 227 283 32 283 229 283 229 284 32 284 44 284 229 285 44 285 231 285 231 286 44 286 43 286 231 287 43 287 233 287 233 288 43 288 42 288 233 289 42 289 235 289 235 290 42 290 31 290 235 291 31 291 237 291 237 292 31 292 30 292 237 293 30 293 239 293 239 294 30 294 52 294 239 295 52 295 241 295 241 296 52 296 47 296 241 297 47 297 243 297 243 298 47 298 63 298 243 299 63 299 245 299 245 300 63 300 55 300 245 301 55 301 247 301 247 302 55 302 54 302 247 303 54 303 249 303 249 304 54 304 19 304 249 305 19 305 251 305 251 306 19 306 20 306 251 307 20 307 253 307 253 308 20 308 21 308 253 309 21 309 255 309 255 310 21 310 39 310 255 311 39 311 257 311 257 312 39 312 38 312 257 313 38 313 259 313 259 314 38 314 37 314 259 315 37 315 189 315 189 316 37 316 22 316 189 317 22 317 191 317 191 318 22 318 24 318 191 319 24 319 25 319 269 320 268 320 0 320 268 321 267 321 0 321 0 322 267 322 266 322 0 323 266 323 1 323 1 324 266 324 265 324 1 325 265 325 23 325 265 326 264 326 23 326 23 327 264 327 263 327 23 328 263 328 262 328 34 329 36 329 0 329 0 330 36 330 272 330 262 331 261 331 23 331 23 332 261 332 260 332 23 333 260 333 25 333 272 334 271 334 0 334 0 335 271 335 270 335 0 336 270 336 269 336 34 337 0 337 7 337 155 338 29 338 157 338 157 339 29 339 273 339 157 340 273 340 159 340 159 341 273 341 274 341 159 342 274 342 161 342 161 343 274 343 275 343 161 344 275 344 163 344 163 345 275 345 276 345 163 346 276 346 165 346 165 347 276 347 277 347 165 348 277 348 167 348 167 349 277 349 278 349 167 350 278 350 169 350 169 351 278 351 279 351 169 352 279 352 171 352 171 353 279 353 280 353 171 354 280 354 173 354 173 355 280 355 281 355 173 356 281 356 175 356 175 357 281 357 282 357 175 358 282 358 177 358 177 359 282 359 283 359 177 360 283 360 179 360 179 361 283 361 284 361 179 362 284 362 181 362 181 363 284 363 285 363 181 364 285 364 183 364 183 365 285 365 17 365 183 366 17 366 185 366 185 367 17 367 187 367 187 368 17 368 16 368 187 369 16 369 117 369 117 370 16 370 51 370 117 371 51 371 119 371 119 372 51 372 50 372 119 373 50 373 121 373 121 374 50 374 41 374 121 375 41 375 123 375 123 376 41 376 40 376 123 377 40 377 125 377 125 378 40 378 49 378 125 379 49 379 127 379 127 380 49 380 48 380 127 381 48 381 129 381 129 382 48 382 56 382 129 383 56 383 131 383 131 384 56 384 57 384 131 385 57 385 133 385 133 386 57 386 65 386 133 387 65 387 135 387 135 388 65 388 64 388 135 389 64 389 137 389 137 390 64 390 62 390 137 391 62 391 139 391 139 392 62 392 61 392 139 393 61 393 141 393 141 394 61 394 60 394 141 395 60 395 143 395 143 396 60 396 59 396 143 397 59 397 145 397 145 398 59 398 58 398 145 399 58 399 147 399 147 400 58 400 46 400 147 401 46 401 149 401 149 402 46 402 45 402 149 403 45 403 151 403 151 404 45 404 53 404 151 405 53 405 153 405 153 406 53 406 26 406 153 407 26 407 155 407 155 408 26 408 28 408 155 409 28 409 29 409 1 410 23 410 15 410 2 411 6 411 0 411 0 412 6 412 7 412 5 413 27 413 7 413 7 414 27 414 34 414 282 415 281 415 9 415 281 416 280 416 9 416 9 417 280 417 279 417 9 418 279 418 11 418 279 419 278 419 11 419 11 420 278 420 277 420 11 421 277 421 27 421 27 422 277 422 276 422 27 423 276 423 275 423 18 424 17 424 9 424 9 425 17 425 285 425 275 426 274 426 27 426 27 427 274 427 273 427 27 428 273 428 29 428 285 429 284 429 9 429 9 430 284 430 283 430 9 431 283 431 282 431 18 432 14 432 23 432 23 433 14 433 15 433 13 434 3 434 15 434 15 435 3 435 1 435 222 436 71 436 220 436 220 437 71 437 286 437 220 438 286 438 218 438 218 439 286 439 287 439 218 440 287 440 216 440 216 441 287 441 288 441 216 442 288 442 214 442 214 443 288 443 289 443 214 444 289 444 212 444 212 445 289 445 290 445 212 446 290 446 210 446 210 447 290 447 291 447 210 448 291 448 208 448 208 449 291 449 292 449 208 450 292 450 206 450 206 451 292 451 293 451 206 452 293 452 204 452 204 453 293 453 294 453 204 454 294 454 202 454 202 455 294 455 295 455 202 456 295 456 200 456 200 457 295 457 296 457 200 458 296 458 198 458 198 459 296 459 297 459 198 460 297 460 196 460 196 461 297 461 298 461 196 462 298 462 194 462 194 463 298 463 96 463 194 464 96 464 192 464 192 465 96 465 190 465 190 466 96 466 95 466 190 467 95 467 188 467 188 468 95 468 94 468 188 469 94 469 258 469 258 470 94 470 86 470 258 471 86 471 256 471 256 472 86 472 87 472 256 473 87 473 254 473 254 474 87 474 88 474 254 475 88 475 252 475 252 476 88 476 93 476 252 477 93 477 250 477 250 478 93 478 92 478 250 479 92 479 248 479 248 480 92 480 91 480 248 481 91 481 246 481 246 482 91 482 89 482 246 483 89 483 244 483 244 484 89 484 115 484 244 485 115 485 242 485 242 486 115 486 114 486 242 487 114 487 240 487 240 488 114 488 102 488 240 489 102 489 238 489 238 490 102 490 101 490 238 491 101 491 236 491 236 492 101 492 100 492 236 493 100 493 234 493 234 494 100 494 106 494 234 495 106 495 232 495 232 496 106 496 105 496 232 497 105 497 230 497 230 498 105 498 104 498 230 499 104 499 228 499 228 500 104 500 99 500 228 501 99 501 226 501 226 502 99 502 98 502 226 503 98 503 224 503 224 504 98 504 97 504 224 505 97 505 222 505 222 506 97 506 72 506 222 507 72 507 71 507 295 508 294 508 3 508 294 509 293 509 3 509 3 510 293 510 292 510 3 511 292 511 2 511 292 512 291 512 2 512 2 513 291 513 290 513 2 514 290 514 70 514 70 515 290 515 289 515 70 516 289 516 288 516 80 517 96 517 3 517 3 518 96 518 298 518 288 519 287 519 70 519 70 520 287 520 286 520 70 521 286 521 71 521 298 522 297 522 3 522 3 523 297 523 296 523 3 524 296 524 295 524 2 525 70 525 6 525 27 526 5 526 11 526 18 527 9 527 14 527 3 528 13 528 80 528 75 529 4 529 70 529 70 530 4 530 6 530 4 531 10 531 5 531 5 532 10 532 11 532 8 533 12 533 9 533 9 534 12 534 14 534 12 535 67 535 13 535 13 536 67 536 80 536 4 537 75 537 10 537 12 538 8 538 67 538 299 539 300 539 8 539 301 540 302 540 10 540 302 541 303 541 10 541 10 542 303 542 304 542 10 543 304 543 305 543 305 544 306 544 10 544 10 545 306 545 307 545 10 546 307 546 308 546 299 547 8 547 309 547 75 548 77 548 10 548 10 549 77 549 310 549 10 550 310 550 301 550 308 551 311 551 10 551 10 552 311 552 312 552 10 553 312 553 8 553 8 554 312 554 313 554 8 555 313 555 309 555 300 556 314 556 8 556 8 557 314 557 315 557 8 558 315 558 316 558 69 559 67 559 317 559 317 560 67 560 8 560 317 561 8 561 318 561 318 562 8 562 316 562 310 563 77 563 76 563 162 564 303 564 160 564 160 565 303 565 302 565 160 566 302 566 158 566 158 567 302 567 156 567 166 568 306 568 164 568 164 569 306 569 305 569 164 570 305 570 162 570 162 571 305 571 304 571 162 572 304 572 303 572 172 573 312 573 170 573 170 574 312 574 311 574 170 575 311 575 168 575 168 576 311 576 308 576 168 577 308 577 166 577 166 578 308 578 307 578 166 579 307 579 306 579 180 580 314 580 178 580 178 581 314 581 300 581 178 582 300 582 176 582 176 583 300 583 299 583 176 584 299 584 174 584 174 585 299 585 309 585 174 586 309 586 172 586 172 587 309 587 313 587 172 588 313 588 312 588 182 589 316 589 180 589 180 590 316 590 315 590 180 591 315 591 314 591 186 592 69 592 184 592 184 593 69 593 317 593 184 594 317 594 182 594 182 595 317 595 318 595 182 596 318 596 316 596 302 597 301 597 156 597 156 598 301 598 310 598 156 599 310 599 154 599 154 600 310 600 76 600 154 601 76 601 152 601 152 602 76 602 74 602 152 603 74 603 150 603 150 604 74 604 73 604 150 605 73 605 148 605 148 606 73 606 112 606 148 607 112 607 146 607 146 608 112 608 111 608 146 609 111 609 144 609 144 610 111 610 110 610 144 611 110 611 142 611 142 612 110 612 83 612 142 613 83 613 140 613 140 614 83 614 84 614 140 615 84 615 138 615 138 616 84 616 85 616 138 617 85 617 136 617 136 618 85 618 103 618 136 619 103 619 134 619 134 620 103 620 113 620 134 621 113 621 132 621 132 622 113 622 109 622 132 623 109 623 130 623 130 624 109 624 108 624 130 625 108 625 128 625 128 626 108 626 107 626 128 627 107 627 126 627 126 628 107 628 90 628 126 629 90 629 124 629 124 630 90 630 82 630 124 631 82 631 122 631 122 632 82 632 81 632 122 633 81 633 120 633 120 634 81 634 79 634 120 635 79 635 118 635 118 636 79 636 78 636 118 637 78 637 116 637 116 638 78 638 66 638 116 639 66 639 186 639 186 640 66 640 68 640 186 641 68 641 69 641 319 642 320 642 321 642 321 643 320 643 322 643 323 644 320 644 319 644 324 645 319 645 321 645 321 646 322 646 325 646 319 647 324 647 323 647 326 648 324 648 321 648 325 649 322 649 327 649 323 650 324 650 326 650 328 651 326 651 321 651 325 652 327 652 329 652 323 653 326 653 330 653 331 654 328 654 321 654 330 655 326 655 328 655 329 656 332 656 325 656 329 657 327 657 333 657 334 658 331 658 321 658 330 659 328 659 331 659 329 660 333 660 332 660 332 661 335 661 325 661 336 662 334 662 321 662 331 663 334 663 330 663 332 664 333 664 335 664 325 665 335 665 337 665 338 666 336 666 321 666 330 667 334 667 336 667 325 668 337 668 339 668 340 669 338 669 321 669 341 670 336 670 338 670 330 671 336 671 341 671 339 672 337 672 342 672 343 673 340 673 321 673 341 674 338 674 340 674 341 675 344 675 330 675 339 676 342 676 345 676 346 677 342 677 337 677 347 678 343 678 321 678 340 679 343 679 341 679 345 680 342 680 348 680 346 681 349 681 342 681 350 682 347 682 321 682 341 683 343 683 347 683 345 684 348 684 351 684 349 685 348 685 342 685 352 686 349 686 346 686 353 687 350 687 321 687 354 688 347 688 350 688 341 689 347 689 354 689 351 690 348 690 355 690 349 691 356 691 348 691 352 692 357 692 349 692 351 693 355 693 358 693 355 694 348 694 359 694 357 695 356 695 349 695 359 696 348 696 356 696 360 697 357 697 352 697 358 698 355 698 361 698 362 699 355 699 359 699 363 700 356 700 357 700 359 701 356 701 363 701 364 702 357 702 360 702 358 703 361 703 365 703 361 704 355 704 362 704 362 705 359 705 366 705 363 706 357 706 364 706 366 707 359 707 363 707 364 708 360 708 367 708 365 709 361 709 368 709 369 710 363 710 364 710 366 711 363 711 369 711 370 712 364 712 367 712 365 713 368 713 371 713 369 714 364 714 370 714 370 715 367 715 372 715 371 716 368 716 373 716 372 717 374 717 370 717 372 718 367 718 375 718 371 719 373 719 376 719 376 720 377 720 371 720 376 721 373 721 378 721 378 722 377 722 376 722 379 723 380 723 322 723 322 724 380 724 333 724 379 725 381 725 380 725 320 726 379 726 322 726 322 727 333 727 327 727 379 728 323 728 381 728 381 729 382 729 380 729 320 730 323 730 379 730 323 731 383 731 381 731 381 732 383 732 384 732 381 733 384 733 385 733 385 734 384 734 386 734 385 735 386 735 387 735 388 736 353 736 389 736 389 737 353 737 321 737 353 738 388 738 354 738 390 739 388 739 389 739 389 740 321 740 391 740 354 741 350 741 353 741 354 742 388 742 390 742 392 743 390 743 389 743 391 744 393 744 389 744 391 745 321 745 339 745 354 746 390 746 394 746 395 747 392 747 389 747 394 748 390 748 392 748 391 749 339 749 396 749 339 750 321 750 325 750 397 751 395 751 389 751 394 752 392 752 395 752 396 753 339 753 345 753 398 754 397 754 389 754 395 755 397 755 394 755 396 756 345 756 399 756 400 757 398 757 389 757 394 758 397 758 398 758 399 759 345 759 351 759 401 760 400 760 389 760 402 761 398 761 400 761 394 762 398 762 402 762 399 763 351 763 403 763 404 764 401 764 389 764 403 765 351 765 358 765 405 766 404 766 389 766 403 767 358 767 406 767 407 768 405 768 389 768 406 769 358 769 365 769 405 770 407 770 408 770 406 771 365 771 409 771 409 772 365 772 410 772 409 773 410 773 411 773 371 774 410 774 365 774 411 775 410 775 412 775 371 776 412 776 410 776 411 777 412 777 413 777 413 778 414 778 411 778 413 779 412 779 415 779 414 780 413 780 416 780 415 781 412 781 417 781 416 782 413 782 418 782 419 783 420 783 421 783 421 784 420 784 422 784 419 785 423 785 420 785 424 786 419 786 421 786 421 787 422 787 425 787 426 788 423 788 419 788 420 789 423 789 386 789 424 790 421 790 427 790 426 791 419 791 424 791 427 792 421 792 425 792 387 793 423 793 426 793 420 794 386 794 384 794 387 795 386 795 423 795 427 796 425 796 428 796 384 797 383 797 420 797 420 798 383 798 429 798 420 799 429 799 344 799 323 800 429 800 383 800 330 801 344 801 429 801 330 802 429 802 323 802 430 803 431 803 432 803 432 804 431 804 375 804 431 805 430 805 433 805 432 806 434 806 430 806 432 807 375 807 435 807 436 808 375 808 431 808 437 809 431 809 433 809 433 810 430 810 438 810 434 811 432 811 435 811 430 812 434 812 439 812 435 813 375 813 367 813 431 814 437 814 436 814 375 815 436 815 372 815 433 816 438 816 440 816 430 817 441 817 438 817 442 818 434 818 435 818 430 819 439 819 441 819 443 820 439 820 434 820 435 821 367 821 444 821 436 822 437 822 445 822 372 823 436 823 445 823 440 824 438 824 446 824 438 825 441 825 447 825 442 826 435 826 444 826 443 827 434 827 442 827 441 828 439 828 448 828 448 829 439 829 443 829 444 830 367 830 360 830 449 831 445 831 437 831 372 832 445 832 374 832 440 833 446 833 450 833 438 834 447 834 446 834 441 835 451 835 447 835 442 836 444 836 452 836 442 837 453 837 443 837 441 838 448 838 451 838 454 839 448 839 443 839 444 840 360 840 452 840 455 841 449 841 437 841 374 842 445 842 449 842 450 843 446 843 456 843 446 844 447 844 457 844 447 845 451 845 458 845 451 846 448 846 454 846 459 847 454 847 443 847 452 848 360 848 352 848 460 849 449 849 455 849 374 850 449 850 460 850 450 851 456 851 461 851 446 852 457 852 456 852 447 853 458 853 457 853 451 854 454 854 459 854 452 855 352 855 462 855 456 856 457 856 463 856 464 857 452 857 462 857 462 858 352 858 346 858 456 859 463 859 465 859 464 860 462 860 466 860 462 861 346 861 467 861 462 862 467 862 466 862 467 863 346 863 337 863 466 864 467 864 468 864 467 865 337 865 468 865 466 866 468 866 469 866 468 867 337 867 335 867 468 868 333 868 469 868 468 869 335 869 333 869 402 870 401 870 408 870 408 871 401 871 404 871 402 872 400 872 401 872 408 873 470 873 402 873 408 874 404 874 405 874 402 875 470 875 471 875 402 876 471 876 394 876 394 877 471 877 472 877 394 878 472 878 354 878 354 879 472 879 473 879 354 880 473 880 341 880 341 881 473 881 344 881 474 882 475 882 476 882 476 883 475 883 477 883 475 884 474 884 478 884 460 885 474 885 476 885 476 886 477 886 479 886 478 887 474 887 455 887 476 888 374 888 460 888 474 889 460 889 455 889 479 890 480 890 476 890 479 891 477 891 481 891 478 892 455 892 482 892 476 893 480 893 374 893 479 894 483 894 480 894 479 895 481 895 484 895 485 896 481 896 477 896 482 897 455 897 486 897 370 898 374 898 480 898 484 899 483 899 479 899 369 900 480 900 483 900 484 901 481 901 487 901 485 902 488 902 481 902 482 903 486 903 489 903 370 904 480 904 369 904 484 905 490 905 483 905 369 906 483 906 366 906 484 907 487 907 491 907 488 908 487 908 481 908 491 909 490 909 484 909 366 910 483 910 490 910 491 911 487 911 492 911 491 912 493 912 490 912 366 913 490 913 362 913 491 914 492 914 373 914 494 915 492 915 487 915 373 916 493 916 491 916 362 917 490 917 493 917 373 918 492 918 378 918 373 919 368 919 493 919 362 920 493 920 361 920 495 921 378 921 492 921 361 922 493 922 368 922 496 923 497 923 498 923 498 924 497 924 499 924 500 925 496 925 498 925 498 926 499 926 501 926 502 927 500 927 498 927 503 928 498 928 501 928 501 929 499 929 504 929 505 930 502 930 498 930 501 931 504 931 503 931 506 932 498 932 503 932 507 933 505 933 498 933 503 934 504 934 508 934 503 935 508 935 506 935 506 936 509 936 498 936 510 937 507 937 498 937 505 938 507 938 511 938 506 939 508 939 509 939 498 940 509 940 512 940 513 941 510 941 498 941 511 942 507 942 510 942 508 943 512 943 509 943 498 944 512 944 514 944 515 945 513 945 498 945 516 946 510 946 513 946 511 947 510 947 516 947 514 948 512 948 508 948 517 949 498 949 514 949 518 950 515 950 498 950 516 951 513 951 515 951 514 952 508 952 517 952 517 953 519 953 498 953 520 954 518 954 498 954 516 955 515 955 518 955 517 956 508 956 519 956 498 957 519 957 521 957 522 958 520 958 498 958 518 959 520 959 523 959 516 960 518 960 523 960 498 961 521 961 524 961 525 962 522 962 498 962 523 963 520 963 522 963 524 964 521 964 526 964 527 965 525 965 498 965 528 966 522 966 525 966 523 967 522 967 528 967 524 968 526 968 529 968 530 969 527 969 498 969 528 970 525 970 527 970 529 971 526 971 531 971 532 972 530 972 498 972 530 973 528 973 527 973 529 974 531 974 533 974 534 975 532 975 498 975 532 976 535 976 530 976 530 977 535 977 528 977 533 978 531 978 536 978 537 979 534 979 498 979 532 980 534 980 535 980 533 981 536 981 538 981 531 982 539 982 536 982 540 983 537 983 498 983 535 984 534 984 537 984 538 985 536 985 539 985 541 986 539 986 531 986 542 987 540 987 498 987 535 988 537 988 540 988 538 989 539 989 541 989 541 990 531 990 543 990 544 991 542 991 498 991 540 992 542 992 535 992 543 993 531 993 545 993 546 994 544 994 498 994 547 995 542 995 544 995 535 996 542 996 547 996 543 997 545 997 548 997 549 998 546 998 498 998 547 999 544 999 546 999 548 1000 545 1000 550 1000 551 1001 549 1001 498 1001 547 1002 546 1002 549 1002 548 1003 550 1003 552 1003 553 1004 551 1004 498 1004 549 1005 551 1005 554 1005 547 1006 549 1006 554 1006 552 1007 550 1007 555 1007 556 1008 553 1008 498 1008 554 1009 551 1009 553 1009 552 1010 555 1010 557 1010 558 1011 556 1011 498 1011 428 1012 553 1012 556 1012 554 1013 553 1013 428 1013 557 1014 555 1014 559 1014 557 1015 559 1015 560 1015 561 1016 559 1016 555 1016 560 1017 559 1017 562 1017 561 1018 563 1018 559 1018 560 1019 562 1019 564 1019 563 1020 562 1020 559 1020 565 1021 563 1021 561 1021 564 1022 562 1022 566 1022 563 1023 567 1023 562 1023 565 1024 568 1024 563 1024 564 1025 566 1025 569 1025 567 1026 566 1026 562 1026 570 1027 567 1027 563 1027 571 1028 568 1028 565 1028 568 1029 570 1029 563 1029 569 1030 566 1030 572 1030 567 1031 572 1031 566 1031 570 1032 573 1032 567 1032 571 1033 574 1033 568 1033 575 1034 570 1034 568 1034 569 1035 572 1035 576 1035 577 1036 572 1036 567 1036 578 1037 573 1037 570 1037 573 1038 577 1038 567 1038 579 1039 574 1039 571 1039 568 1040 574 1040 580 1040 568 1041 581 1041 575 1041 575 1042 578 1042 570 1042 576 1043 582 1043 569 1043 576 1044 572 1044 583 1044 584 1045 572 1045 577 1045 578 1046 577 1046 573 1046 579 1047 585 1047 574 1047 580 1048 586 1048 568 1048 580 1049 574 1049 585 1049 568 1050 587 1050 581 1050 575 1051 581 1051 578 1051 588 1052 582 1052 576 1052 582 1053 589 1053 569 1053 576 1054 583 1054 588 1054 583 1055 572 1055 584 1055 584 1056 577 1056 578 1056 590 1057 585 1057 579 1057 580 1058 585 1058 586 1058 568 1059 586 1059 591 1059 591 1060 587 1060 568 1060 578 1061 581 1061 587 1061 588 1062 578 1062 582 1062 582 1063 592 1063 589 1063 588 1064 583 1064 578 1064 578 1065 583 1065 584 1065 590 1066 578 1066 585 1066 586 1067 585 1067 578 1067 586 1068 578 1068 591 1068 591 1069 578 1069 587 1069 582 1070 578 1070 592 1070 589 1071 592 1071 593 1071 594 1072 578 1072 590 1072 578 1073 593 1073 592 1073 589 1074 593 1074 595 1074 596 1075 578 1075 594 1075 578 1076 597 1076 593 1076 595 1077 593 1077 597 1077 596 1078 594 1078 598 1078 597 1079 578 1079 596 1079 595 1080 597 1080 599 1080 598 1081 600 1081 596 1081 598 1082 594 1082 601 1082 599 1083 597 1083 602 1083 600 1084 598 1084 601 1084 596 1085 600 1085 603 1085 601 1086 594 1086 604 1086 599 1087 602 1087 605 1087 597 1088 606 1088 602 1088 601 1089 604 1089 600 1089 596 1090 603 1090 607 1090 600 1091 608 1091 603 1091 605 1092 602 1092 606 1092 609 1093 606 1093 597 1093 600 1094 604 1094 610 1094 607 1095 603 1095 611 1095 608 1096 600 1096 612 1096 603 1097 608 1097 613 1097 605 1098 606 1098 609 1098 609 1099 597 1099 614 1099 600 1100 610 1100 612 1100 611 1101 603 1101 615 1101 616 1102 608 1102 612 1102 603 1103 613 1103 615 1103 495 1104 613 1104 608 1104 605 1105 609 1105 614 1105 614 1106 597 1106 617 1106 612 1107 610 1107 618 1107 619 1108 616 1108 612 1108 608 1109 616 1109 620 1109 615 1110 613 1110 494 1110 378 1111 495 1111 608 1111 613 1112 495 1112 494 1112 614 1113 617 1113 605 1113 621 1114 617 1114 597 1114 612 1115 618 1115 622 1115 623 1116 619 1116 612 1116 616 1117 619 1117 412 1117 378 1118 608 1118 620 1118 620 1119 616 1119 412 1119 615 1120 494 1120 488 1120 494 1121 495 1121 492 1121 605 1122 617 1122 621 1122 624 1123 621 1123 597 1123 622 1124 618 1124 625 1124 626 1125 623 1125 612 1125 412 1126 619 1126 623 1126 620 1127 377 1127 378 1127 620 1128 412 1128 371 1128 488 1129 494 1129 487 1129 605 1130 621 1130 624 1130 624 1131 597 1131 627 1131 622 1132 625 1132 628 1132 629 1133 626 1133 612 1133 412 1134 623 1134 626 1134 377 1135 620 1135 371 1135 627 1136 597 1136 630 1136 628 1137 625 1137 631 1137 632 1138 629 1138 612 1138 626 1139 629 1139 412 1139 627 1140 630 1140 633 1140 630 1141 597 1141 634 1141 628 1142 631 1142 635 1142 412 1143 629 1143 632 1143 633 1144 630 1144 634 1144 634 1145 597 1145 636 1145 412 1146 632 1146 637 1146 633 1147 634 1147 638 1147 634 1148 636 1148 639 1148 638 1149 634 1149 639 1149 638 1150 639 1150 640 1150 640 1151 639 1151 641 1151 640 1152 641 1152 642 1152 643 1153 558 1153 333 1153 333 1154 558 1154 498 1154 558 1155 643 1155 428 1155 644 1156 643 1156 333 1156 333 1157 498 1157 645 1157 428 1158 556 1158 558 1158 428 1159 643 1159 427 1159 646 1160 644 1160 333 1160 427 1161 643 1161 644 1161 469 1162 333 1162 645 1162 645 1163 498 1163 647 1163 648 1164 646 1164 333 1164 427 1165 644 1165 646 1165 469 1166 645 1166 649 1166 645 1167 647 1167 650 1167 651 1168 648 1168 333 1168 646 1169 648 1169 427 1169 469 1170 649 1170 466 1170 649 1171 645 1171 650 1171 650 1172 647 1172 652 1172 653 1173 651 1173 333 1173 648 1174 651 1174 427 1174 466 1175 649 1175 654 1175 649 1176 650 1176 654 1176 650 1177 652 1177 655 1177 656 1178 653 1178 333 1178 427 1179 651 1179 653 1179 466 1180 654 1180 464 1180 654 1181 650 1181 655 1181 655 1182 652 1182 657 1182 658 1183 656 1183 333 1183 427 1184 653 1184 656 1184 464 1185 654 1185 453 1185 654 1186 655 1186 453 1186 655 1187 657 1187 659 1187 660 1188 658 1188 333 1188 656 1189 658 1189 427 1189 464 1190 453 1190 442 1190 453 1191 655 1191 659 1191 659 1192 657 1192 661 1192 662 1193 660 1193 333 1193 427 1194 658 1194 660 1194 442 1195 452 1195 464 1195 453 1196 659 1196 443 1196 659 1197 661 1197 663 1197 664 1198 662 1198 333 1198 427 1199 660 1199 662 1199 443 1200 659 1200 663 1200 663 1201 661 1201 665 1201 666 1202 664 1202 333 1202 662 1203 664 1203 427 1203 663 1204 665 1204 667 1204 668 1205 666 1205 333 1205 427 1206 664 1206 666 1206 667 1207 665 1207 669 1207 670 1208 668 1208 333 1208 427 1209 666 1209 668 1209 667 1210 669 1210 671 1210 672 1211 670 1211 333 1211 668 1212 670 1212 427 1212 671 1213 669 1213 673 1213 674 1214 672 1214 333 1214 427 1215 670 1215 672 1215 671 1216 673 1216 675 1216 676 1217 674 1217 333 1217 424 1218 672 1218 674 1218 427 1219 672 1219 424 1219 675 1220 673 1220 677 1220 678 1221 676 1221 333 1221 424 1222 674 1222 676 1222 675 1223 677 1223 679 1223 680 1224 678 1224 333 1224 424 1225 676 1225 678 1225 679 1226 677 1226 681 1226 682 1227 680 1227 333 1227 426 1228 678 1228 680 1228 424 1229 678 1229 426 1229 679 1230 681 1230 683 1230 684 1231 682 1231 333 1231 426 1232 680 1232 682 1232 683 1233 681 1233 685 1233 686 1234 684 1234 333 1234 684 1235 426 1235 682 1235 683 1236 685 1236 687 1236 688 1237 686 1237 333 1237 686 1238 387 1238 684 1238 684 1239 387 1239 426 1239 687 1240 685 1240 689 1240 690 1241 688 1241 333 1241 688 1242 385 1242 686 1242 686 1243 385 1243 387 1243 687 1244 689 1244 691 1244 692 1245 690 1245 333 1245 688 1246 690 1246 385 1246 691 1247 689 1247 693 1247 382 1248 692 1248 333 1248 385 1249 690 1249 692 1249 691 1250 693 1250 694 1250 380 1251 382 1251 333 1251 381 1252 692 1252 382 1252 385 1253 692 1253 381 1253 694 1254 693 1254 695 1254 694 1255 695 1255 696 1255 696 1256 695 1256 697 1256 696 1257 697 1257 698 1257 698 1258 697 1258 699 1258 414 1259 700 1259 701 1259 701 1260 700 1260 702 1260 700 1261 414 1261 703 1261 411 1262 414 1262 701 1262 701 1263 702 1263 704 1263 703 1264 414 1264 705 1264 411 1265 701 1265 409 1265 409 1266 701 1266 704 1266 704 1267 702 1267 706 1267 707 1268 705 1268 414 1268 409 1269 704 1269 406 1269 704 1270 706 1270 708 1270 416 1271 707 1271 414 1271 406 1272 704 1272 708 1272 708 1273 706 1273 709 1273 406 1274 708 1274 403 1274 708 1275 709 1275 710 1275 403 1276 708 1276 710 1276 710 1277 709 1277 711 1277 403 1278 710 1278 399 1278 710 1279 711 1279 712 1279 399 1280 710 1280 712 1280 712 1281 711 1281 713 1281 399 1282 712 1282 396 1282 712 1283 713 1283 714 1283 396 1284 712 1284 714 1284 714 1285 713 1285 715 1285 396 1286 714 1286 391 1286 714 1287 715 1287 393 1287 391 1288 714 1288 393 1288 393 1289 715 1289 716 1289 717 1290 718 1290 719 1290 719 1291 718 1291 720 1291 717 1292 721 1292 718 1292 719 1293 720 1293 722 1293 722 1294 720 1294 723 1294 722 1295 723 1295 724 1295 724 1296 723 1296 725 1296 724 1297 725 1297 726 1297 726 1298 725 1298 727 1298 726 1299 727 1299 728 1299 725 1300 729 1300 727 1300 726 1301 728 1301 730 1301 728 1302 727 1302 729 1302 731 1303 729 1303 725 1303 728 1304 729 1304 732 1304 733 1305 731 1305 725 1305 732 1306 729 1306 731 1306 733 1307 725 1307 734 1307 735 1308 731 1308 733 1308 732 1309 731 1309 716 1309 735 1310 736 1310 731 1310 716 1311 731 1311 736 1311 737 1312 736 1312 735 1312 716 1313 736 1313 393 1313 738 1314 737 1314 735 1314 393 1315 736 1315 737 1315 738 1316 735 1316 739 1316 393 1317 737 1317 738 1317 739 1318 740 1318 738 1318 739 1319 735 1319 741 1319 738 1320 740 1320 393 1320 739 1321 742 1321 740 1321 739 1322 741 1322 743 1322 393 1323 740 1323 742 1323 744 1324 742 1324 739 1324 743 1325 745 1325 739 1325 743 1326 741 1326 746 1326 744 1327 393 1327 742 1327 744 1328 739 1328 747 1328 743 1329 746 1329 745 1329 739 1330 745 1330 748 1330 747 1331 393 1331 744 1331 739 1332 749 1332 747 1332 745 1333 746 1333 389 1333 739 1334 748 1334 750 1334 745 1335 389 1335 748 1335 747 1336 749 1336 393 1336 739 1337 751 1337 749 1337 750 1338 752 1338 739 1338 748 1339 393 1339 750 1339 748 1340 389 1340 393 1340 393 1341 749 1341 751 1341 753 1342 751 1342 739 1342 750 1343 393 1343 752 1343 739 1344 752 1344 754 1344 753 1345 393 1345 751 1345 753 1346 739 1346 755 1346 754 1347 752 1347 393 1347 739 1348 754 1348 755 1348 755 1349 393 1349 753 1349 755 1350 754 1350 393 1350 756 1351 407 1351 757 1351 757 1352 407 1352 389 1352 408 1353 407 1353 756 1353 758 1354 756 1354 757 1354 757 1355 389 1355 759 1355 408 1356 756 1356 760 1356 761 1357 758 1357 757 1357 760 1358 756 1358 758 1358 759 1359 389 1359 741 1359 762 1360 761 1360 757 1360 759 1361 741 1361 763 1361 389 1362 746 1362 741 1362 763 1363 741 1363 734 1363 763 1364 734 1364 764 1364 741 1365 735 1365 734 1365 764 1366 734 1366 723 1366 734 1367 735 1367 733 1367 764 1368 723 1368 765 1368 734 1369 725 1369 723 1369 765 1370 723 1370 720 1370 765 1371 720 1371 766 1371 766 1372 767 1372 765 1372 766 1373 720 1373 768 1373 718 1374 768 1374 720 1374 718 1375 721 1375 768 1375 769 1376 415 1376 770 1376 770 1377 415 1377 612 1377 415 1378 769 1378 413 1378 770 1379 612 1379 622 1379 415 1380 417 1380 612 1380 413 1381 769 1381 771 1381 622 1382 772 1382 770 1382 612 1383 417 1383 773 1383 413 1384 771 1384 774 1384 612 1385 773 1385 637 1385 773 1386 417 1386 412 1386 637 1387 632 1387 612 1387 637 1388 773 1388 412 1388 775 1389 776 1389 413 1389 413 1390 776 1390 418 1390 776 1391 775 1391 770 1391 774 1392 775 1392 413 1392 418 1393 776 1393 770 1393 770 1394 775 1394 774 1394 416 1395 418 1395 770 1395 770 1396 774 1396 771 1396 707 1397 416 1397 770 1397 771 1398 769 1398 770 1398 707 1399 770 1399 777 1399 777 1400 770 1400 772 1400 777 1401 772 1401 778 1401 778 1402 779 1402 777 1402 778 1403 772 1403 780 1403 781 1404 782 1404 783 1404 783 1405 782 1405 784 1405 785 1406 782 1406 781 1406 786 1407 784 1407 782 1407 781 1408 787 1408 785 1408 786 1409 782 1409 785 1409 785 1410 787 1410 788 1410 785 1411 788 1411 789 1411 790 1412 785 1412 789 1412 789 1413 788 1413 791 1413 789 1414 792 1414 790 1414 789 1415 791 1415 792 1415 793 1416 791 1416 788 1416 790 1417 792 1417 794 1417 792 1418 791 1418 795 1418 793 1419 795 1419 791 1419 790 1420 794 1420 796 1420 792 1421 795 1421 794 1421 797 1422 795 1422 793 1422 796 1423 798 1423 790 1423 794 1424 799 1424 796 1424 794 1425 795 1425 799 1425 797 1426 799 1426 795 1426 796 1427 800 1427 798 1427 790 1428 798 1428 801 1428 796 1429 799 1429 800 1429 798 1430 800 1430 802 1430 790 1431 801 1431 803 1431 798 1432 802 1432 801 1432 804 1433 802 1433 800 1433 803 1434 805 1434 790 1434 801 1435 806 1435 803 1435 801 1436 802 1436 806 1436 803 1437 807 1437 805 1437 790 1438 805 1438 808 1438 803 1439 806 1439 807 1439 809 1440 806 1440 802 1440 805 1441 807 1441 810 1441 805 1442 810 1442 808 1442 811 1443 810 1443 807 1443 808 1444 810 1444 812 1444 808 1445 812 1445 813 1445 813 1446 812 1446 814 1446 813 1447 814 1447 815 1447 816 1448 814 1448 812 1448 815 1449 814 1449 817 1449 817 1450 814 1450 816 1450 815 1451 817 1451 818 1451 819 1452 817 1452 816 1452 815 1453 818 1453 820 1453 818 1454 817 1454 821 1454 819 1455 821 1455 817 1455 820 1456 818 1456 822 1456 818 1457 821 1457 822 1457 820 1458 822 1458 823 1458 822 1459 821 1459 824 1459 823 1460 825 1460 820 1460 822 1461 824 1461 823 1461 823 1462 826 1462 825 1462 820 1463 825 1463 420 1463 823 1464 824 1464 826 1464 825 1465 826 1465 827 1465 825 1466 827 1466 420 1466 828 1467 826 1467 824 1467 827 1468 826 1468 828 1468 420 1469 827 1469 829 1469 420 1470 829 1470 422 1470 422 1471 829 1471 830 1471 829 1472 831 1472 830 1472 422 1473 832 1473 833 1473 833 1474 832 1474 834 1474 425 1475 422 1475 833 1475 425 1476 833 1476 835 1476 835 1477 836 1477 425 1477 425 1478 836 1478 837 1478 838 1479 425 1479 839 1479 840 1480 839 1480 425 1480 428 1481 425 1481 838 1481 839 1482 841 1482 838 1482 840 1483 425 1483 842 1483 428 1484 838 1484 554 1484 554 1485 838 1485 841 1485 842 1486 425 1486 843 1486 554 1487 841 1487 547 1487 844 1488 845 1488 846 1488 846 1489 845 1489 847 1489 847 1490 848 1490 846 1490 846 1491 848 1491 849 1491 846 1492 849 1492 850 1492 850 1493 851 1493 846 1493 846 1494 851 1494 852 1494 846 1495 852 1495 853 1495 853 1496 854 1496 846 1496 846 1497 854 1497 855 1497 846 1498 855 1498 856 1498 856 1499 855 1499 820 1499 856 1500 820 1500 857 1500 857 1501 820 1501 473 1501 857 1502 473 1502 858 1502 820 1503 420 1503 473 1503 858 1504 473 1504 859 1504 473 1505 420 1505 344 1505 859 1506 473 1506 472 1506 859 1507 472 1507 860 1507 860 1508 472 1508 471 1508 486 1509 433 1509 861 1509 861 1510 433 1510 440 1510 433 1511 486 1511 437 1511 489 1512 486 1512 861 1512 861 1513 440 1513 862 1513 437 1514 486 1514 455 1514 489 1515 861 1515 863 1515 863 1516 861 1516 862 1516 862 1517 440 1517 450 1517 863 1518 862 1518 864 1518 862 1519 450 1519 865 1519 864 1520 866 1520 863 1520 864 1521 862 1521 865 1521 865 1522 450 1522 461 1522 867 1523 868 1523 869 1523 869 1524 868 1524 870 1524 868 1525 867 1525 871 1525 872 1526 867 1526 869 1526 869 1527 870 1527 873 1527 871 1528 867 1528 874 1528 872 1529 869 1529 875 1529 458 1530 867 1530 872 1530 875 1531 869 1531 873 1531 871 1532 874 1532 876 1532 458 1533 874 1533 867 1533 463 1534 872 1534 875 1534 457 1535 458 1535 872 1535 876 1536 877 1536 871 1536 876 1537 874 1537 459 1537 451 1538 874 1538 458 1538 463 1539 875 1539 878 1539 457 1540 872 1540 463 1540 877 1541 876 1541 443 1541 443 1542 876 1542 459 1542 874 1543 451 1543 459 1543 465 1544 463 1544 878 1544 443 1545 663 1545 877 1545 830 1546 831 1546 866 1546 866 1547 831 1547 879 1547 866 1548 880 1548 830 1548 831 1549 881 1549 879 1549 864 1550 880 1550 866 1550 829 1551 881 1551 831 1551 879 1552 881 1552 882 1552 864 1553 883 1553 880 1553 827 1554 881 1554 829 1554 881 1555 828 1555 882 1555 865 1556 883 1556 864 1556 828 1557 881 1557 827 1557 882 1558 828 1558 884 1558 865 1559 885 1559 883 1559 828 1560 886 1560 884 1560 461 1561 885 1561 865 1561 828 1562 824 1562 886 1562 884 1563 886 1563 887 1563 461 1564 888 1564 885 1564 886 1565 824 1565 821 1565 886 1566 819 1566 887 1566 465 1567 888 1567 461 1567 886 1568 821 1568 819 1568 887 1569 819 1569 889 1569 461 1570 456 1570 465 1570 465 1571 890 1571 888 1571 819 1572 816 1572 889 1572 878 1573 890 1573 465 1573 889 1574 816 1574 891 1574 878 1575 892 1575 890 1575 816 1576 893 1576 891 1576 894 1577 892 1577 878 1577 816 1578 812 1578 893 1578 891 1579 893 1579 895 1579 894 1580 896 1580 892 1580 893 1581 812 1581 810 1581 895 1582 897 1582 891 1582 893 1583 811 1583 895 1583 898 1584 896 1584 894 1584 893 1585 810 1585 811 1585 895 1586 811 1586 899 1586 898 1587 900 1587 896 1587 899 1588 901 1588 895 1588 811 1589 809 1589 899 1589 902 1590 900 1590 898 1590 811 1591 806 1591 809 1591 899 1592 809 1592 903 1592 902 1593 904 1593 900 1593 811 1594 807 1594 806 1594 809 1595 804 1595 903 1595 905 1596 904 1596 902 1596 809 1597 802 1597 804 1597 903 1598 804 1598 906 1598 905 1599 907 1599 904 1599 804 1600 797 1600 906 1600 908 1601 907 1601 905 1601 804 1602 799 1602 797 1602 906 1603 797 1603 909 1603 908 1604 783 1604 907 1604 804 1605 800 1605 799 1605 797 1606 793 1606 909 1606 910 1607 783 1607 908 1607 909 1608 793 1608 911 1608 910 1609 787 1609 783 1609 793 1610 912 1610 911 1610 912 1611 787 1611 910 1611 788 1612 912 1612 793 1612 911 1613 912 1613 910 1613 787 1614 912 1614 788 1614 913 1615 860 1615 914 1615 914 1616 860 1616 470 1616 915 1617 860 1617 913 1617 408 1618 914 1618 470 1618 860 1619 471 1619 470 1619 915 1620 913 1620 916 1620 917 1621 475 1621 918 1621 918 1622 475 1622 478 1622 475 1623 917 1623 477 1623 918 1624 478 1624 919 1624 477 1625 917 1625 920 1625 919 1626 478 1626 482 1626 477 1627 920 1627 485 1627 919 1628 482 1628 921 1628 485 1629 920 1629 922 1629 921 1630 482 1630 489 1630 485 1631 922 1631 923 1631 924 1632 922 1632 920 1632 921 1633 489 1633 925 1633 923 1634 488 1634 485 1634 923 1635 922 1635 926 1635 927 1636 922 1636 924 1636 925 1637 489 1637 863 1637 923 1638 615 1638 488 1638 923 1639 926 1639 611 1639 927 1640 926 1640 922 1640 924 1641 928 1641 927 1641 925 1642 863 1642 879 1642 611 1643 615 1643 923 1643 611 1644 926 1644 929 1644 924 1645 930 1645 928 1645 927 1646 928 1646 931 1646 882 1647 925 1647 879 1647 879 1648 863 1648 866 1648 611 1649 929 1649 932 1649 927 1650 931 1650 933 1650 932 1651 607 1651 611 1651 932 1652 929 1652 934 1652 933 1653 931 1653 935 1653 607 1654 932 1654 596 1654 596 1655 932 1655 934 1655 933 1656 935 1656 936 1656 936 1657 935 1657 937 1657 936 1658 937 1658 938 1658 939 1659 940 1659 499 1659 499 1660 940 1660 941 1660 942 1661 939 1661 499 1661 499 1662 941 1662 504 1662 497 1663 942 1663 499 1663 504 1664 941 1664 943 1664 942 1665 497 1665 944 1665 944 1666 497 1666 496 1666 944 1667 496 1667 945 1667 945 1668 946 1668 944 1668 945 1669 496 1669 500 1669 945 1670 947 1670 946 1670 945 1671 500 1671 511 1671 511 1672 947 1672 945 1672 511 1673 500 1673 502 1673 511 1674 502 1674 505 1674 948 1675 949 1675 950 1675 950 1676 949 1676 951 1676 949 1677 948 1677 952 1677 950 1678 951 1678 953 1678 504 1679 950 1679 953 1679 504 1680 953 1680 954 1680 954 1681 955 1681 504 1681 954 1682 953 1682 956 1682 954 1683 957 1683 955 1683 504 1684 955 1684 508 1684 954 1685 956 1685 958 1685 958 1686 957 1686 954 1686 957 1687 959 1687 955 1687 955 1688 960 1688 508 1688 958 1689 956 1689 961 1689 958 1690 962 1690 957 1690 957 1691 963 1691 959 1691 955 1692 959 1692 960 1692 508 1693 960 1693 526 1693 958 1694 961 1694 964 1694 964 1695 962 1695 958 1695 962 1696 963 1696 957 1696 963 1697 965 1697 959 1697 959 1698 966 1698 960 1698 508 1699 526 1699 519 1699 960 1700 967 1700 526 1700 964 1701 961 1701 968 1701 964 1702 635 1702 962 1702 962 1703 631 1703 963 1703 963 1704 969 1704 965 1704 959 1705 965 1705 966 1705 960 1706 966 1706 967 1706 519 1707 526 1707 521 1707 526 1708 967 1708 531 1708 964 1709 968 1709 970 1709 970 1710 635 1710 964 1710 635 1711 631 1711 962 1711 963 1712 631 1712 969 1712 965 1713 969 1713 971 1713 965 1714 972 1714 966 1714 966 1715 973 1715 967 1715 967 1716 545 1716 531 1716 970 1717 968 1717 974 1717 970 1718 780 1718 635 1718 965 1719 971 1719 972 1719 966 1720 972 1720 973 1720 967 1721 973 1721 545 1721 970 1722 974 1722 975 1722 975 1723 780 1723 970 1723 635 1724 780 1724 628 1724 972 1725 971 1725 976 1725 550 1726 973 1726 972 1726 545 1727 973 1727 550 1727 975 1728 974 1728 977 1728 975 1729 778 1729 780 1729 628 1730 780 1730 772 1730 972 1731 976 1731 550 1731 975 1732 977 1732 978 1732 978 1733 778 1733 975 1733 628 1734 772 1734 622 1734 550 1735 976 1735 561 1735 978 1736 977 1736 979 1736 978 1737 779 1737 778 1737 550 1738 561 1738 555 1738 978 1739 979 1739 980 1739 980 1740 779 1740 978 1740 980 1741 979 1741 981 1741 980 1742 982 1742 779 1742 980 1743 981 1743 983 1743 983 1744 982 1744 980 1744 983 1745 981 1745 984 1745 982 1746 983 1746 985 1746 983 1747 984 1747 986 1747 985 1748 983 1748 986 1748 986 1749 984 1749 987 1749 947 1750 988 1750 839 1750 988 1751 989 1751 839 1751 511 1752 988 1752 947 1752 839 1753 946 1753 947 1753 516 1754 989 1754 988 1754 839 1755 989 1755 990 1755 516 1756 988 1756 511 1756 523 1757 989 1757 516 1757 839 1758 990 1758 991 1758 523 1759 990 1759 989 1759 991 1760 992 1760 839 1760 528 1761 991 1761 990 1761 528 1762 990 1762 523 1762 535 1763 992 1763 991 1763 839 1764 992 1764 841 1764 535 1765 991 1765 528 1765 547 1766 992 1766 535 1766 547 1767 841 1767 992 1767 529 1768 538 1768 498 1768 498 1769 538 1769 993 1769 529 1770 533 1770 538 1770 529 1771 498 1771 524 1771 498 1772 993 1772 994 1772 994 1773 647 1773 498 1773 994 1774 993 1774 995 1774 994 1775 652 1775 647 1775 994 1776 995 1776 996 1776 996 1777 652 1777 994 1777 652 1778 996 1778 657 1778 538 1779 997 1779 998 1779 999 1780 998 1780 997 1780 1000 1781 997 1781 538 1781 538 1782 998 1782 1001 1782 998 1783 999 1783 1002 1783 1000 1784 538 1784 1003 1784 1001 1785 998 1785 1004 1785 1002 1786 1005 1786 998 1786 1002 1787 999 1787 1006 1787 1003 1788 538 1788 1007 1788 1004 1789 998 1789 1005 1789 1002 1790 1008 1790 1005 1790 1002 1791 1006 1791 1009 1791 1003 1792 1007 1792 564 1792 538 1793 1010 1793 1007 1793 1004 1794 1005 1794 1011 1794 1009 1795 1008 1795 1002 1795 1011 1796 1005 1796 1008 1796 1009 1797 1006 1797 1012 1797 564 1798 1007 1798 1010 1798 1013 1799 1010 1799 538 1799 1009 1800 1014 1800 1008 1800 1011 1801 1008 1801 1015 1801 1009 1802 1012 1802 1016 1802 564 1803 1010 1803 560 1803 1017 1804 1013 1804 538 1804 1013 1805 1018 1805 1010 1805 1016 1806 1014 1806 1009 1806 1015 1807 1008 1807 1014 1807 1016 1808 1012 1808 1019 1808 560 1809 1010 1809 1018 1809 1017 1810 538 1810 1020 1810 1021 1811 1013 1811 1017 1811 1022 1812 1018 1812 1013 1812 1016 1813 1023 1813 1014 1813 1015 1814 1014 1814 1024 1814 1016 1815 1019 1815 1025 1815 560 1816 1018 1816 1017 1816 560 1817 1017 1817 1020 1817 1020 1818 538 1818 1026 1818 1017 1819 1022 1819 1021 1819 1021 1820 1022 1820 1013 1820 1017 1821 1018 1821 1022 1821 1025 1822 1023 1822 1016 1822 1024 1823 1014 1823 1023 1823 1025 1824 1019 1824 1027 1824 1020 1825 1026 1825 560 1825 1028 1826 1026 1826 538 1826 1025 1827 697 1827 1023 1827 1024 1828 1023 1828 695 1828 1025 1829 1027 1829 699 1829 560 1830 1026 1830 557 1830 1028 1831 538 1831 1029 1831 557 1832 1026 1832 1028 1832 699 1833 697 1833 1025 1833 695 1834 1023 1834 697 1834 557 1835 1028 1835 1029 1835 1029 1836 538 1836 1030 1836 1029 1837 1030 1837 557 1837 538 1838 1031 1838 1030 1838 557 1839 1030 1839 1031 1839 1032 1840 1031 1840 538 1840 557 1841 1031 1841 1032 1841 1032 1842 538 1842 1033 1842 1032 1843 1033 1843 557 1843 1033 1844 538 1844 1034 1844 557 1845 1033 1845 552 1845 1033 1846 1034 1846 552 1846 1035 1847 1034 1847 538 1847 552 1848 1034 1848 1035 1848 1036 1849 1035 1849 538 1849 552 1850 1035 1850 1036 1850 1036 1851 538 1851 548 1851 552 1852 1036 1852 548 1852 548 1853 538 1853 1037 1853 548 1854 1037 1854 543 1854 538 1855 1038 1855 1037 1855 543 1856 1037 1856 1038 1856 1039 1857 1038 1857 538 1857 543 1858 1038 1858 1039 1858 1039 1859 538 1859 1040 1859 543 1860 1039 1860 1040 1860 1040 1861 538 1861 1041 1861 1040 1862 1041 1862 543 1862 538 1863 1042 1863 1041 1863 543 1864 1041 1864 1042 1864 1043 1865 1042 1865 538 1865 543 1866 1042 1866 1043 1866 1043 1867 538 1867 1044 1867 543 1868 1043 1868 1044 1868 1044 1869 538 1869 541 1869 1044 1870 541 1870 543 1870 1045 1871 1046 1871 1047 1871 1047 1872 1046 1872 1048 1872 976 1873 1046 1873 1045 1873 1045 1874 1047 1874 1049 1874 1047 1875 1048 1875 1050 1875 1048 1876 1046 1876 1051 1876 976 1877 1045 1877 1052 1877 1053 1878 1046 1878 976 1878 1052 1879 1045 1879 1049 1879 1049 1880 1047 1880 1054 1880 1047 1881 1050 1881 1054 1881 1050 1882 1048 1882 1051 1882 1051 1883 1046 1883 1055 1883 976 1884 1052 1884 565 1884 610 1885 1053 1885 976 1885 1053 1886 1055 1886 1046 1886 1052 1887 1049 1887 1056 1887 1049 1888 1054 1888 1057 1888 1054 1889 1050 1889 1058 1889 1050 1890 1051 1890 1059 1890 1059 1891 1051 1891 1055 1891 976 1892 565 1892 561 1892 565 1893 1052 1893 1060 1893 1058 1894 1053 1894 610 1894 1061 1895 1055 1895 1053 1895 1062 1896 1052 1896 1056 1896 1056 1897 1049 1897 1063 1897 1063 1898 1049 1898 1057 1898 1054 1899 1058 1899 1057 1899 1058 1900 1050 1900 1059 1900 1059 1901 1055 1901 1064 1901 565 1902 1060 1902 571 1902 1062 1903 1060 1903 1052 1903 1057 1904 1058 1904 610 1904 1058 1905 1064 1905 1053 1905 1053 1906 1065 1906 1061 1906 1061 1907 1065 1907 1055 1907 1056 1908 1063 1908 1062 1908 1057 1909 610 1909 1063 1909 1059 1910 1064 1910 1058 1910 1064 1911 1055 1911 1066 1911 571 1912 1060 1912 1067 1912 1067 1913 1060 1913 1062 1913 1064 1914 1066 1914 1053 1914 1053 1915 1068 1915 1065 1915 1068 1916 1055 1916 1065 1916 1062 1917 1063 1917 604 1917 1063 1918 610 1918 604 1918 1066 1919 1055 1919 1069 1919 571 1920 1067 1920 579 1920 1062 1921 604 1921 1067 1921 1053 1922 1066 1922 1069 1922 1070 1923 1068 1923 1053 1923 1070 1924 1055 1924 1068 1924 1071 1925 1069 1925 1055 1925 579 1926 1067 1926 590 1926 1067 1927 604 1927 594 1927 1053 1928 1069 1928 1071 1928 1070 1929 1053 1929 1071 1929 1071 1930 1055 1930 1070 1930 1067 1931 594 1931 590 1931 589 1932 1072 1932 1073 1932 1073 1933 1072 1933 1074 1933 1072 1934 589 1934 1075 1934 569 1935 589 1935 1073 1935 1073 1936 1074 1936 1076 1936 569 1937 1073 1937 564 1937 564 1938 1073 1938 1076 1938 1076 1939 1074 1939 1000 1939 564 1940 1076 1940 1077 1940 1076 1941 1000 1941 1077 1941 1077 1942 1078 1942 564 1942 1077 1943 1000 1943 1078 1943 564 1944 1078 1944 1079 1944 1079 1945 1078 1945 1000 1945 564 1946 1079 1946 1080 1946 1080 1947 1079 1947 1000 1947 1003 1948 564 1948 1080 1948 1080 1949 1000 1949 1003 1949 1081 1950 1082 1950 1083 1950 1083 1951 1082 1951 1084 1951 1085 1952 1081 1952 1083 1952 1083 1953 1084 1953 605 1953 1086 1954 1085 1954 1083 1954 605 1955 1084 1955 589 1955 1087 1956 1086 1956 1083 1956 1086 1957 1088 1957 1085 1957 605 1958 589 1958 595 1958 1089 1959 1087 1959 1083 1959 1087 1960 1090 1960 1086 1960 1086 1961 1090 1961 1088 1961 605 1962 595 1962 599 1962 1091 1963 1089 1963 1083 1963 1087 1964 1089 1964 1090 1964 1090 1965 1092 1965 1088 1965 1093 1966 1091 1966 1083 1966 1090 1967 1089 1967 1091 1967 1094 1968 1093 1968 1083 1968 1095 1969 1091 1969 1093 1969 1090 1970 1091 1970 1095 1970 1095 1971 1093 1971 1094 1971 618 1972 976 1972 1096 1972 1096 1973 976 1973 971 1973 610 1974 976 1974 618 1974 618 1975 1096 1975 625 1975 1096 1976 971 1976 969 1976 625 1977 1096 1977 969 1977 625 1978 969 1978 631 1978 1097 1979 1098 1979 1099 1979 1099 1980 1098 1980 1100 1980 1097 1981 1101 1981 1098 1981 1102 1982 1097 1982 1099 1982 1099 1983 1100 1983 1103 1983 1097 1984 1104 1984 1101 1984 1105 1985 1102 1985 1099 1985 1102 1986 1104 1986 1097 1986 1099 1987 1103 1987 1106 1987 1103 1988 1100 1988 605 1988 1107 1989 1105 1989 1099 1989 1102 1990 1105 1990 1104 1990 1106 1991 1108 1991 1099 1991 1103 1992 605 1992 1106 1992 1109 1993 1107 1993 1099 1993 1104 1994 1105 1994 1107 1994 1106 1995 605 1995 1108 1995 1099 1996 1108 1996 1110 1996 1111 1997 1109 1997 1099 1997 1112 1998 1107 1998 1109 1998 1104 1999 1107 1999 1112 1999 605 2000 1110 2000 1108 2000 1099 2001 1110 2001 1113 2001 1114 2002 1111 2002 1099 2002 1112 2003 1109 2003 1111 2003 605 2004 1115 2004 1110 2004 1113 2005 1110 2005 1115 2005 1116 2006 1114 2006 1099 2006 1111 2007 1114 2007 1112 2007 633 2008 1115 2008 605 2008 1113 2009 1115 2009 1117 2009 1118 2010 1116 2010 1099 2010 1119 2011 1114 2011 1116 2011 1112 2012 1114 2012 1119 2012 605 2013 624 2013 633 2013 1117 2014 1115 2014 633 2014 1117 2015 1120 2015 1113 2015 1121 2016 1118 2016 1099 2016 1119 2017 1116 2017 1118 2017 633 2018 624 2018 627 2018 1117 2019 633 2019 1120 2019 1120 2020 1122 2020 1113 2020 1123 2021 1121 2021 1099 2021 1119 2022 1118 2022 1121 2022 1120 2023 633 2023 1122 2023 1124 2024 1123 2024 1099 2024 1125 2025 1121 2025 1123 2025 1119 2026 1121 2026 1125 2026 1126 2027 1124 2027 1099 2027 1125 2028 1123 2028 1124 2028 1127 2029 1126 2029 1099 2029 1125 2030 1124 2030 1126 2030 1128 2031 1127 2031 1099 2031 1129 2032 1126 2032 1127 2032 1125 2033 1126 2033 1129 2033 1130 2034 1128 2034 1099 2034 1129 2035 1127 2035 1128 2035 1131 2036 1130 2036 1099 2036 1129 2037 1128 2037 1130 2037 1132 2038 1131 2038 1099 2038 1130 2039 1131 2039 1133 2039 1129 2040 1130 2040 1133 2040 1134 2041 1132 2041 1099 2041 1133 2042 1131 2042 1132 2042 1135 2043 1134 2043 1099 2043 1136 2044 1132 2044 1134 2044 1133 2045 1132 2045 1136 2045 1137 2046 1135 2046 1099 2046 1136 2047 1134 2047 1135 2047 1138 2048 1137 2048 1099 2048 1137 2049 1136 2049 1135 2049 1139 2050 1138 2050 1099 2050 1138 2051 1140 2051 1137 2051 1137 2052 1140 2052 1136 2052 1141 2053 1139 2053 1099 2053 1138 2054 1139 2054 1140 2054 1142 2055 1141 2055 1099 2055 1140 2056 1139 2056 1141 2056 1143 2057 1142 2057 1099 2057 1144 2058 1141 2058 1142 2058 1140 2059 1141 2059 1144 2059 1145 2060 1143 2060 1099 2060 1144 2061 1142 2061 1143 2061 1146 2062 1145 2062 1099 2062 1143 2063 1145 2063 1144 2063 1147 2064 1146 2064 1099 2064 1144 2065 1145 2065 1146 2065 1148 2066 1147 2066 1099 2066 1149 2067 1148 2067 1099 2067 1150 2068 1149 2068 1099 2068 1151 2069 1150 2069 1099 2069 1152 2070 1151 2070 1099 2070 1153 2071 1152 2071 1099 2071 1151 2072 1152 2072 1154 2072 1155 2073 1153 2073 1099 2073 1152 2074 1153 2074 1154 2074 1156 2075 1155 2075 1099 2075 1154 2076 1153 2076 1155 2076 1157 2077 1156 2077 1099 2077 1158 2078 1155 2078 1156 2078 1154 2079 1155 2079 1158 2079 1159 2080 1157 2080 1099 2080 1160 2081 1159 2081 1099 2081 1161 2082 1160 2082 1099 2082 1162 2083 1161 2083 1099 2083 1163 2084 1162 2084 1099 2084 1164 2085 1163 2085 1099 2085 1165 2086 1164 2086 1099 2086 1166 2087 1165 2087 1099 2087 1167 2088 1166 2088 1099 2088 1165 2089 1166 2089 1168 2089 1169 2090 1167 2090 1099 2090 1168 2091 1166 2091 1167 2091 1170 2092 1169 2092 1099 2092 916 2093 1167 2093 1169 2093 1168 2094 1167 2094 916 2094 1171 2095 1170 2095 1099 2095 1172 2096 1171 2096 1099 2096 1173 2097 1174 2097 1175 2097 1175 2098 1174 2098 597 2098 1173 2099 1176 2099 1174 2099 1173 2100 1175 2100 1177 2100 1175 2101 597 2101 1177 2101 1174 2102 636 2102 597 2102 1173 2103 597 2103 1176 2103 1174 2104 1176 2104 636 2104 1177 2105 1178 2105 1173 2105 1177 2106 597 2106 1178 2106 1173 2107 1178 2107 597 2107 1176 2108 597 2108 641 2108 639 2109 636 2109 1176 2109 1176 2110 641 2110 639 2110 1179 2111 1180 2111 1181 2111 1181 2112 1180 2112 1182 2112 1180 2113 1179 2113 597 2113 1183 2114 1179 2114 1181 2114 1181 2115 1182 2115 1184 2115 1185 2116 1182 2116 1180 2116 597 2117 1179 2117 1183 2117 1186 2118 1183 2118 1181 2118 1184 2119 1182 2119 1187 2119 597 2120 1183 2120 641 2120 1186 2121 1181 2121 1188 2121 641 2122 1183 2122 1186 2122 1184 2123 1187 2123 1189 2123 1190 2124 1187 2124 1182 2124 642 2125 1186 2125 1188 2125 642 2126 641 2126 1186 2126 1189 2127 1187 2127 1191 2127 1187 2128 1190 2128 1191 2128 1192 2129 642 2129 1188 2129 1189 2130 1191 2130 1193 2130 1191 2131 1190 2131 1194 2131 642 2132 1192 2132 640 2132 1193 2133 1195 2133 1189 2133 1193 2134 1191 2134 1196 2134 1191 2135 1194 2135 1196 2135 640 2136 1192 2136 1122 2136 1193 2137 1197 2137 1195 2137 1189 2138 1195 2138 1198 2138 1193 2139 1196 2139 1199 2139 1196 2140 1194 2140 1200 2140 640 2141 1122 2141 638 2141 1199 2142 1197 2142 1193 2142 1199 2143 1196 2143 1201 2143 1196 2144 1200 2144 1201 2144 638 2145 1122 2145 633 2145 1199 2146 1202 2146 1197 2146 1199 2147 1201 2147 1203 2147 1201 2148 1200 2148 1204 2148 1203 2149 1202 2149 1199 2149 1203 2150 1201 2150 1205 2150 1201 2151 1204 2151 1205 2151 1203 2152 1206 2152 1202 2152 1203 2153 1205 2153 1207 2153 1207 2154 1206 2154 1203 2154 1208 2155 538 2155 1209 2155 1209 2156 538 2156 1001 2156 538 2157 1208 2157 993 2157 1209 2158 1001 2158 1210 2158 993 2159 1208 2159 1211 2159 1210 2160 1001 2160 1004 2160 993 2161 1211 2161 995 2161 1210 2162 1004 2162 1212 2162 995 2163 1211 2163 1213 2163 1212 2164 1004 2164 1011 2164 995 2165 1213 2165 996 2165 1214 2166 1213 2166 1211 2166 1212 2167 1011 2167 1215 2167 996 2168 1213 2168 1216 2168 1217 2169 1213 2169 1214 2169 1215 2170 1011 2170 1015 2170 996 2171 1216 2171 657 2171 1217 2172 1216 2172 1213 2172 1215 2173 1015 2173 1218 2173 657 2174 1216 2174 661 2174 1218 2175 1015 2175 1024 2175 1218 2176 1024 2176 693 2176 693 2177 1024 2177 695 2177 1219 2178 1208 2178 1220 2178 1220 2179 1208 2179 1221 2179 1208 2180 1219 2180 1222 2180 1219 2181 1220 2181 1223 2181 1220 2182 1221 2182 1224 2182 1222 2183 1211 2183 1208 2183 1222 2184 1219 2184 1223 2184 1223 2185 1220 2185 1225 2185 1225 2186 1220 2186 1224 2186 1224 2187 1221 2187 1226 2187 1214 2188 1211 2188 1222 2188 1222 2189 1223 2189 1214 2189 1214 2190 1223 2190 1225 2190 1224 2191 1226 2191 1225 2191 1214 2192 1225 2192 1217 2192 1225 2193 1226 2193 1227 2193 1217 2194 1225 2194 1227 2194 1217 2195 1227 2195 1228 2195 1228 2196 1216 2196 1217 2196 1228 2197 1227 2197 1229 2197 1228 2198 661 2198 1216 2198 1228 2199 1229 2199 665 2199 665 2200 661 2200 1228 2200 665 2201 1229 2201 669 2201 871 2202 1230 2202 868 2202 868 2203 1230 2203 1231 2203 1230 2204 871 2204 1232 2204 868 2205 1231 2205 870 2205 1233 2206 1231 2206 1230 2206 1232 2207 871 2207 877 2207 870 2208 1231 2208 1234 2208 1231 2209 1233 2209 1234 2209 1232 2210 877 2210 667 2210 870 2211 1234 2211 873 2211 1234 2212 1233 2212 1235 2212 667 2213 877 2213 663 2213 873 2214 1234 2214 1236 2214 1234 2215 1235 2215 1237 2215 1233 2216 1238 2216 1235 2216 873 2217 1236 2217 894 2217 1237 2218 1236 2218 1234 2218 1237 2219 1235 2219 1239 2219 875 2220 873 2220 894 2220 894 2221 1236 2221 898 2221 1236 2222 1237 2222 898 2222 1237 2223 1239 2223 902 2223 878 2224 875 2224 894 2224 898 2225 1237 2225 902 2225 902 2226 1239 2226 905 2226 1240 2227 1230 2227 1241 2227 1241 2228 1230 2228 1232 2228 1230 2229 1240 2229 1233 2229 1241 2230 1242 2230 1240 2230 1241 2231 1232 2231 671 2231 1233 2232 1240 2232 1238 2232 1242 2233 1241 2233 671 2233 1243 2234 1240 2234 1242 2234 671 2235 1232 2235 667 2235 1240 2236 1244 2236 1238 2236 1245 2237 1242 2237 671 2237 1243 2238 1242 2238 1245 2238 1244 2239 1240 2239 1243 2239 1245 2240 671 2240 1246 2240 1246 2241 671 2241 675 2241 1246 2242 675 2242 1247 2242 1248 2243 1246 2243 1247 2243 1247 2244 675 2244 679 2244 1248 2245 1247 2245 1249 2245 1247 2246 679 2246 1249 2246 1250 2247 1248 2247 1249 2247 1249 2248 679 2248 683 2248 1249 2249 1251 2249 1250 2249 1249 2250 683 2250 1251 2250 1250 2251 1251 2251 1252 2251 1251 2252 683 2252 687 2252 1250 2253 1252 2253 1253 2253 1251 2254 687 2254 1252 2254 1253 2255 1252 2255 1254 2255 1252 2256 687 2256 691 2256 1252 2257 691 2257 1254 2257 1254 2258 691 2258 694 2258 1254 2259 694 2259 1255 2259 1255 2260 694 2260 696 2260 1255 2261 696 2261 1256 2261 1256 2262 696 2262 698 2262 1257 2263 1258 2263 1259 2263 1259 2264 1258 2264 1260 2264 1258 2265 1257 2265 1208 2265 1261 2266 1257 2266 1259 2266 1259 2267 1260 2267 1262 2267 1263 2268 1260 2268 1258 2268 1208 2269 1257 2269 1261 2269 1262 2270 1261 2270 1259 2270 1262 2271 1260 2271 1264 2271 1208 2272 1261 2272 1221 2272 1262 2273 1226 2273 1261 2273 1262 2274 1264 2274 1265 2274 1266 2275 1264 2275 1260 2275 1221 2276 1261 2276 1267 2276 1265 2277 1226 2277 1262 2277 1267 2278 1261 2278 1226 2278 1265 2279 1264 2279 1268 2279 1267 2280 1226 2280 1221 2280 1265 2281 1227 2281 1226 2281 1265 2282 1268 2282 1229 2282 1269 2283 1268 2283 1264 2283 1229 2284 1227 2284 1265 2284 1229 2285 1268 2285 669 2285 673 2286 1268 2286 1269 2286 669 2287 1268 2287 673 2287 673 2288 1269 2288 677 2288 1270 2289 1209 2289 1271 2289 1271 2290 1209 2290 1210 2290 1209 2291 1270 2291 1208 2291 1272 2292 1270 2292 1271 2292 1271 2293 1210 2293 1273 2293 1208 2294 1270 2294 1272 2294 1263 2295 1272 2295 1271 2295 1274 2296 1271 2296 1273 2296 1273 2297 1210 2297 1212 2297 1208 2298 1272 2298 1258 2298 1263 2299 1271 2299 1274 2299 1258 2300 1272 2300 1263 2300 1274 2301 1273 2301 1275 2301 1273 2302 1212 2302 1276 2302 1274 2303 1260 2303 1263 2303 1275 2304 1266 2304 1274 2304 1275 2305 1273 2305 1276 2305 1276 2306 1212 2306 1215 2306 1274 2307 1266 2307 1260 2307 1275 2308 1277 2308 1266 2308 1275 2309 1276 2309 1278 2309 1276 2310 1215 2310 1279 2310 1278 2311 1277 2311 1275 2311 1277 2312 1269 2312 1266 2312 1278 2313 1276 2313 1279 2313 1279 2314 1215 2314 1218 2314 1278 2315 681 2315 1277 2315 1277 2316 677 2316 1269 2316 1266 2317 1269 2317 1264 2317 1278 2318 1279 2318 685 2318 1279 2319 1218 2319 689 2319 685 2320 681 2320 1278 2320 681 2321 677 2321 1277 2321 685 2322 1279 2322 689 2322 689 2323 1218 2323 693 2323 997 2324 1280 2324 1281 2324 1281 2325 1280 2325 1282 2325 839 2326 1280 2326 997 2326 1281 2327 999 2327 997 2327 1281 2328 1282 2328 1283 2328 1280 2329 1284 2329 1282 2329 839 2330 997 2330 1285 2330 1284 2331 1280 2331 839 2331 999 2332 1281 2332 1286 2332 1281 2333 1283 2333 1287 2333 1283 2334 1282 2334 1288 2334 1286 2335 1006 2335 999 2335 1286 2336 1281 2336 1287 2336 1287 2337 1283 2337 1288 2337 1027 2338 1288 2338 1282 2338 1286 2339 1012 2339 1006 2339 1286 2340 1287 2340 1289 2340 1289 2341 1287 2341 1288 2341 699 2342 1027 2342 1282 2342 1289 2343 1288 2343 1027 2343 1289 2344 1012 2344 1286 2344 698 2345 699 2345 1282 2345 1027 2346 1019 2346 1289 2346 1289 2347 1019 2347 1012 2347 1256 2348 698 2348 1282 2348 1290 2349 1256 2349 1282 2349 1291 2350 1290 2350 1282 2350 1256 2351 1290 2351 1255 2351 1292 2352 1291 2352 1282 2352 1255 2353 1290 2353 1291 2353 1291 2354 1292 2354 1293 2354 1255 2355 1291 2355 1253 2355 1253 2356 1291 2356 1293 2356 1293 2357 1292 2357 1294 2357 1253 2358 1254 2358 1255 2358 1295 2359 982 2359 1296 2359 1296 2360 982 2360 985 2360 982 2361 1295 2361 779 2361 700 2362 1295 2362 1296 2362 1296 2363 985 2363 1297 2363 779 2364 1295 2364 703 2364 700 2365 1296 2365 702 2365 703 2366 1295 2366 700 2366 702 2367 1296 2367 1297 2367 1297 2368 985 2368 986 2368 779 2369 703 2369 777 2369 702 2370 1297 2370 706 2370 1297 2371 986 2371 1298 2371 777 2372 703 2372 705 2372 706 2373 1297 2373 1298 2373 1298 2374 986 2374 1299 2374 777 2375 705 2375 707 2375 706 2376 1298 2376 709 2376 1298 2377 1299 2377 1300 2377 709 2378 1298 2378 1301 2378 1298 2379 1300 2379 1301 2379 1300 2380 1299 2380 1302 2380 709 2381 1301 2381 711 2381 1301 2382 1300 2382 1303 2382 711 2383 1301 2383 1304 2383 1301 2384 1303 2384 1304 2384 711 2385 1304 2385 713 2385 1304 2386 1303 2386 1305 2386 713 2387 1304 2387 1306 2387 1304 2388 1305 2388 1306 2388 713 2389 1306 2389 715 2389 1306 2390 1305 2390 1307 2390 715 2391 1306 2391 1308 2391 1306 2392 1307 2392 1308 2392 715 2393 1308 2393 716 2393 716 2394 1308 2394 732 2394 1308 2395 728 2395 732 2395 1309 2396 717 2396 1310 2396 1310 2397 717 2397 719 2397 717 2398 1309 2398 721 2398 1310 2399 719 2399 722 2399 721 2400 1309 2400 1311 2400 721 2401 1311 2401 952 2401 952 2402 1312 2402 721 2402 721 2403 1312 2403 1313 2403 1311 2404 1309 2404 1314 2404 1314 2405 1309 2405 1310 2405 1314 2406 1310 2406 722 2406 953 2407 1314 2407 722 2407 953 2408 722 2408 956 2408 956 2409 722 2409 724 2409 956 2410 724 2410 961 2410 961 2411 724 2411 1315 2411 961 2412 1315 2412 968 2412 1316 2413 1315 2413 724 2413 968 2414 1315 2414 1317 2414 730 2415 1316 2415 724 2415 968 2416 1317 2416 974 2416 1315 2417 1318 2417 1317 2417 726 2418 730 2418 724 2418 974 2419 1317 2419 1319 2419 974 2420 1319 2420 977 2420 1320 2421 1319 2421 1317 2421 977 2422 1319 2422 1321 2422 1307 2423 1319 2423 1320 2423 977 2424 1321 2424 979 2424 1307 2425 1321 2425 1319 2425 1308 2426 1307 2426 1320 2426 979 2427 1321 2427 1322 2427 1305 2428 1321 2428 1307 2428 979 2429 1322 2429 981 2429 1305 2430 1322 2430 1321 2430 981 2431 1322 2431 1323 2431 1303 2432 1322 2432 1305 2432 981 2433 1323 2433 987 2433 1303 2434 1323 2434 1322 2434 987 2435 984 2435 981 2435 987 2436 1323 2436 1302 2436 1300 2437 1323 2437 1303 2437 986 2438 987 2438 1302 2438 1300 2439 1302 2439 1323 2439 1299 2440 986 2440 1302 2440 1324 2441 1325 2441 1326 2441 1326 2442 1325 2442 1327 2442 1324 2443 1318 2443 1325 2443 1326 2444 1317 2444 1324 2444 1326 2445 1327 2445 1328 2445 1327 2446 1325 2446 1308 2446 1324 2447 1317 2447 1318 2447 1325 2448 1318 2448 1329 2448 1326 2449 1320 2449 1317 2449 1328 2450 1320 2450 1326 2450 1328 2451 1327 2451 1320 2451 1308 2452 1320 2452 1327 2452 1308 2453 1325 2453 728 2453 1325 2454 1329 2454 728 2454 1315 2455 1329 2455 1318 2455 728 2456 1329 2456 1330 2456 1330 2457 1329 2457 1315 2457 728 2458 1330 2458 1331 2458 1331 2459 1330 2459 1315 2459 1331 2460 1332 2460 728 2460 1331 2461 1315 2461 1332 2461 1332 2462 1333 2462 728 2462 1332 2463 1315 2463 1333 2463 728 2464 1333 2464 1334 2464 1315 2465 1334 2465 1333 2465 728 2466 1334 2466 1335 2466 1335 2467 1334 2467 1315 2467 728 2468 1335 2468 1336 2468 1335 2469 1315 2469 1336 2469 1336 2470 1337 2470 728 2470 1336 2471 1315 2471 1337 2471 728 2472 1337 2472 1338 2472 1315 2473 1338 2473 1337 2473 728 2474 1338 2474 1339 2474 1339 2475 1338 2475 1315 2475 728 2476 1339 2476 1340 2476 1339 2477 1315 2477 1340 2477 1340 2478 1341 2478 728 2478 1340 2479 1315 2479 1341 2479 728 2480 1341 2480 1342 2480 1315 2481 1342 2481 1341 2481 728 2482 1342 2482 1316 2482 1316 2483 1342 2483 1315 2483 730 2484 728 2484 1316 2484 1343 2485 762 2485 759 2485 759 2486 762 2486 757 2486 1343 2487 1344 2487 762 2487 1345 2488 1343 2488 759 2488 1343 2489 1345 2489 1344 2489 762 2490 1344 2490 760 2490 1346 2491 1345 2491 759 2491 1344 2492 1345 2492 1346 2492 762 2493 760 2493 761 2493 1347 2494 1346 2494 759 2494 1346 2495 1347 2495 1344 2495 760 2496 758 2496 761 2496 1348 2497 1347 2497 759 2497 1344 2498 1347 2498 1348 2498 1349 2499 1348 2499 759 2499 1344 2500 1348 2500 1350 2500 1351 2501 1349 2501 759 2501 1350 2502 1348 2502 1349 2502 1350 2503 1351 2503 1352 2503 1352 2504 1351 2504 1353 2504 1350 2505 1349 2505 1351 2505 1352 2506 1354 2506 1350 2506 1352 2507 1353 2507 1355 2507 1350 2508 1354 2508 1356 2508 1350 2509 1356 2509 1344 2509 1344 2510 1356 2510 1357 2510 1344 2511 1357 2511 760 2511 760 2512 1357 2512 914 2512 760 2513 914 2513 408 2513 1353 2514 1351 2514 763 2514 763 2515 1351 2515 759 2515 1355 2516 1353 2516 763 2516 1358 2517 1355 2517 763 2517 1355 2518 1358 2518 1352 2518 767 2519 1358 2519 764 2519 764 2520 1358 2520 763 2520 1352 2521 1358 2521 767 2521 765 2522 767 2522 764 2522 1352 2523 767 2523 721 2523 721 2524 1313 2524 1352 2524 721 2525 767 2525 766 2525 1352 2526 1313 2526 1354 2526 721 2527 766 2527 768 2527 783 2528 784 2528 1359 2528 1360 2529 1359 2529 784 2529 1359 2530 1361 2530 783 2530 1360 2531 784 2531 786 2531 1361 2532 1359 2532 1360 2532 790 2533 1360 2533 786 2533 790 2534 786 2534 785 2534 1362 2535 1363 2535 1364 2535 1364 2536 1363 2536 1365 2536 1366 2537 1362 2537 1364 2537 1364 2538 1365 2538 1367 2538 1367 2539 1365 2539 1368 2539 1367 2540 1368 2540 820 2540 820 2541 1368 2541 790 2541 790 2542 808 2542 820 2542 820 2543 808 2543 813 2543 820 2544 813 2544 815 2544 880 2545 834 2545 832 2545 832 2546 830 2546 880 2546 422 2547 830 2547 832 2547 1369 2548 1370 2548 880 2548 880 2549 1370 2549 834 2549 833 2550 1370 2550 1369 2550 834 2551 1370 2551 833 2551 833 2552 1369 2552 835 2552 1371 2553 1372 2553 883 2553 883 2554 1372 2554 1373 2554 835 2555 1372 2555 1371 2555 1373 2556 1372 2556 835 2556 835 2557 1371 2557 836 2557 836 2558 1371 2558 1374 2558 836 2559 1374 2559 1375 2559 1375 2560 1376 2560 836 2560 1377 2561 1378 2561 885 2561 885 2562 1378 2562 1379 2562 843 2563 1378 2563 1377 2563 837 2564 1379 2564 1378 2564 837 2565 1378 2565 843 2565 425 2566 837 2566 843 2566 1380 2567 1381 2567 883 2567 883 2568 1381 2568 1376 2568 837 2569 1381 2569 1380 2569 836 2570 1376 2570 1381 2570 837 2571 1380 2571 1382 2571 836 2572 1381 2572 837 2572 1382 2573 1379 2573 837 2573 1383 2574 1384 2574 890 2574 890 2575 1384 2575 1385 2575 1384 2576 1383 2576 840 2576 840 2577 1385 2577 1384 2577 840 2578 1383 2578 1386 2578 840 2579 1386 2579 1387 2579 1387 2580 839 2580 840 2580 1386 2581 1388 2581 1387 2581 1387 2582 1389 2582 839 2582 1390 2583 1391 2583 888 2583 888 2584 1391 2584 1392 2584 840 2585 1391 2585 1390 2585 842 2586 1392 2586 1391 2586 840 2587 1390 2587 1393 2587 842 2588 1391 2588 840 2588 1393 2589 1394 2589 840 2589 840 2590 1394 2590 1385 2590 1395 2591 1396 2591 888 2591 888 2592 1396 2592 1397 2592 842 2593 1396 2593 1395 2593 888 2594 1397 2594 885 2594 843 2595 1397 2595 1396 2595 842 2596 1395 2596 1398 2596 843 2597 1396 2597 842 2597 1398 2598 1392 2598 842 2598 1399 2599 1362 2599 844 2599 844 2600 1362 2600 1400 2600 844 2601 1400 2601 1401 2601 1400 2602 1362 2602 1366 2602 1401 2603 1402 2603 844 2603 1403 2604 1401 2604 1400 2604 1401 2605 1404 2605 1402 2605 844 2606 1402 2606 1405 2606 1402 2607 1404 2607 1406 2607 844 2608 1405 2608 845 2608 1402 2609 1406 2609 1407 2609 1408 2610 1409 2610 1410 2610 1410 2611 1409 2611 1411 2611 1408 2612 1410 2612 846 2612 1410 2613 1411 2613 1366 2613 846 2614 1410 2614 844 2614 1366 2615 1411 2615 1412 2615 1366 2616 1412 2616 1403 2616 1403 2617 1400 2617 1366 2617 1412 2618 1413 2618 1403 2618 1403 2619 1413 2619 1414 2619 1403 2620 1414 2620 1415 2620 1416 2621 1408 2621 1417 2621 1417 2622 1408 2622 1418 2622 1416 2623 1419 2623 1408 2623 1417 2624 849 2624 1416 2624 1418 2625 850 2625 1417 2625 1408 2626 1420 2626 1418 2626 1416 2627 848 2627 1419 2627 1408 2628 1419 2628 1421 2628 1417 2629 850 2629 849 2629 1416 2630 849 2630 848 2630 1418 2631 851 2631 850 2631 1420 2632 851 2632 1418 2632 1419 2633 848 2633 847 2633 1408 2634 1421 2634 1409 2634 1419 2635 847 2635 1421 2635 1421 2636 847 2636 845 2636 1422 2637 1367 2637 855 2637 855 2638 1367 2638 820 2638 1408 2639 1367 2639 1422 2639 1422 2640 855 2640 854 2640 1408 2641 1422 2641 1423 2641 1422 2642 854 2642 1423 2642 1423 2643 1424 2643 1408 2643 1423 2644 854 2644 853 2644 1423 2645 853 2645 1424 2645 1408 2646 1424 2646 1420 2646 1424 2647 853 2647 852 2647 1424 2648 852 2648 1420 2648 1420 2649 852 2649 851 2649 1367 2650 1425 2650 1426 2650 1426 2651 1425 2651 1399 2651 1425 2652 1367 2652 1408 2652 1399 2653 1425 2653 856 2653 1425 2654 1408 2654 856 2654 856 2655 1408 2655 846 2655 1427 2656 1362 2656 857 2656 857 2657 1362 2657 1399 2657 1427 2658 1428 2658 1362 2658 1429 2659 1427 2659 857 2659 857 2660 1399 2660 856 2660 1430 2661 1428 2661 1427 2661 1362 2662 1428 2662 1431 2662 1429 2663 857 2663 1432 2663 1430 2664 1427 2664 1429 2664 1362 2665 1431 2665 1433 2665 1432 2666 857 2666 858 2666 1433 2667 1434 2667 1362 2667 1435 2668 1434 2668 1433 2668 1362 2669 1434 2669 1436 2669 1437 2670 1438 2670 1439 2670 1439 2671 1438 2671 1440 2671 1437 2672 1441 2672 1438 2672 1439 2673 859 2673 1437 2673 1439 2674 1440 2674 1442 2674 1439 2675 858 2675 859 2675 1437 2676 859 2676 860 2676 1442 2677 1443 2677 1439 2677 1432 2678 858 2678 1439 2678 1437 2679 860 2679 915 2679 1439 2680 1443 2680 1444 2680 1439 2681 1444 2681 1432 2681 1432 2682 1444 2682 1445 2682 1432 2683 1445 2683 1446 2683 1447 2684 918 2684 1448 2684 1448 2685 918 2685 919 2685 918 2686 1447 2686 917 2686 1449 2687 1447 2687 1448 2687 1448 2688 919 2688 1450 2688 917 2689 1447 2689 1451 2689 1449 2690 1448 2690 1452 2690 1452 2691 1448 2691 1450 2691 1450 2692 919 2692 921 2692 917 2693 1451 2693 920 2693 1447 2694 1453 2694 1451 2694 1454 2695 1449 2695 1452 2695 1452 2696 1450 2696 1455 2696 1450 2697 921 2697 1456 2697 920 2698 1451 2698 1457 2698 1451 2699 1453 2699 1457 2699 1454 2700 1452 2700 1458 2700 1458 2701 1452 2701 1455 2701 1455 2702 1450 2702 1456 2702 1456 2703 921 2703 925 2703 920 2704 1457 2704 1459 2704 1459 2705 1457 2705 1453 2705 1458 2706 1455 2706 887 2706 1455 2707 1456 2707 884 2707 1456 2708 925 2708 882 2708 924 2709 920 2709 1459 2709 887 2710 1455 2710 884 2710 884 2711 1456 2711 882 2711 1460 2712 1458 2712 889 2712 889 2713 1458 2713 887 2713 1458 2714 1460 2714 1454 2714 1461 2715 1460 2715 889 2715 1454 2716 1460 2716 1462 2716 891 2717 1461 2717 889 2717 1454 2718 1462 2718 1463 2718 1464 2719 1465 2719 1466 2719 1466 2720 1465 2720 1467 2720 1465 2721 1464 2721 1246 2721 1466 2722 1467 2722 1468 2722 1465 2723 1469 2723 1467 2723 1469 2724 1465 2724 1246 2724 1246 2725 1464 2725 1470 2725 1468 2726 1467 2726 1471 2726 1467 2727 1469 2727 1472 2727 1472 2728 1469 2728 1246 2728 1246 2729 1470 2729 1245 2729 1467 2730 1473 2730 1471 2730 1467 2731 1472 2731 1473 2731 1472 2732 1246 2732 1248 2732 1245 2733 1470 2733 1474 2733 1471 2734 1473 2734 1475 2734 1473 2735 1472 2735 1476 2735 1477 2736 1472 2736 1248 2736 1245 2737 1474 2737 1243 2737 1471 2738 1475 2738 1478 2738 1473 2739 1476 2739 1475 2739 1476 2740 1472 2740 1477 2740 1477 2741 1248 2741 1479 2741 1471 2742 1478 2742 1480 2742 1478 2743 1475 2743 1481 2743 1475 2744 1476 2744 1482 2744 1483 2745 1476 2745 1477 2745 1483 2746 1477 2746 1479 2746 1479 2747 1248 2747 1250 2747 1480 2748 1478 2748 1484 2748 1478 2749 1481 2749 1485 2749 1475 2750 1482 2750 1481 2750 1482 2751 1476 2751 1483 2751 1479 2752 1250 2752 1486 2752 1480 2753 1484 2753 1487 2753 1478 2754 1485 2754 1484 2754 1485 2755 1481 2755 1488 2755 1481 2756 1482 2756 1489 2756 1483 2757 1489 2757 1482 2757 1486 2758 1250 2758 1253 2758 1487 2759 1484 2759 1490 2759 1484 2760 1485 2760 1491 2760 1485 2761 1488 2761 1492 2761 1481 2762 1489 2762 1488 2762 1493 2763 1489 2763 1483 2763 1486 2764 1253 2764 1494 2764 1484 2765 1491 2765 1490 2765 1485 2766 1492 2766 1491 2766 1492 2767 1488 2767 1495 2767 1488 2768 1489 2768 1496 2768 1493 2769 1496 2769 1489 2769 1494 2770 1253 2770 1293 2770 1490 2771 1491 2771 901 2771 1491 2772 1492 2772 1497 2772 1492 2773 1495 2773 1498 2773 1495 2774 1488 2774 1499 2774 1488 2775 1496 2775 1499 2775 930 2776 1496 2776 1493 2776 1494 2777 1293 2777 1500 2777 1490 2778 901 2778 899 2778 1491 2779 1497 2779 901 2779 1492 2780 1498 2780 1497 2780 1498 2781 1495 2781 1501 2781 1502 2782 1495 2782 1499 2782 930 2783 1499 2783 1496 2783 1500 2784 1293 2784 1294 2784 901 2785 1497 2785 897 2785 1497 2786 1498 2786 1503 2786 1498 2787 1501 2787 1504 2787 1501 2788 1495 2788 1502 2788 924 2789 1502 2789 1499 2789 924 2790 1499 2790 930 2790 1500 2791 1294 2791 1505 2791 901 2792 897 2792 895 2792 1497 2793 1503 2793 897 2793 1498 2794 1504 2794 1503 2794 1504 2795 1501 2795 1453 2795 1459 2796 1501 2796 1502 2796 1459 2797 1502 2797 924 2797 1505 2798 1294 2798 1506 2798 897 2799 1503 2799 1461 2799 1504 2800 1463 2800 1503 2800 1504 2801 1453 2801 1463 2801 1453 2802 1501 2802 1459 2802 1505 2803 1506 2803 1507 2803 897 2804 1461 2804 891 2804 1503 2805 1462 2805 1461 2805 1503 2806 1463 2806 1462 2806 1463 2807 1453 2807 1449 2807 1507 2808 1506 2808 1508 2808 1461 2809 1462 2809 1460 2809 1463 2810 1449 2810 1454 2810 1453 2811 1447 2811 1449 2811 1507 2812 1508 2812 1509 2812 1509 2813 1508 2813 1510 2813 1509 2814 1510 2814 1511 2814 1511 2815 1510 2815 1512 2815 1511 2816 1512 2816 1513 2816 1513 2817 1512 2817 1514 2817 1513 2818 1514 2818 1515 2818 1515 2819 1514 2819 1516 2819 1515 2820 1516 2820 1517 2820 1518 2821 1466 2821 1519 2821 1519 2822 1466 2822 1468 2822 1466 2823 1518 2823 1464 2823 1519 2824 1468 2824 1520 2824 1464 2825 1518 2825 1470 2825 1520 2826 1468 2826 1521 2826 1474 2827 1470 2827 1518 2827 1520 2828 1521 2828 1522 2828 1468 2829 1471 2829 1521 2829 1522 2830 1521 2830 1523 2830 1521 2831 1471 2831 1480 2831 1522 2832 1523 2832 909 2832 1521 2833 1480 2833 1523 2833 909 2834 911 2834 1522 2834 909 2835 1523 2835 906 2835 1523 2836 1480 2836 1487 2836 1523 2837 1487 2837 906 2837 906 2838 1487 2838 903 2838 1487 2839 1490 2839 903 2839 903 2840 1490 2840 899 2840 1244 2841 1518 2841 1524 2841 1524 2842 1518 2842 1519 2842 1518 2843 1244 2843 1474 2843 1238 2844 1244 2844 1524 2844 1524 2845 1519 2845 1525 2845 1474 2846 1244 2846 1243 2846 1238 2847 1524 2847 1526 2847 1526 2848 1524 2848 1525 2848 1525 2849 1519 2849 1520 2849 1235 2850 1238 2850 1526 2850 1526 2851 1525 2851 1527 2851 1525 2852 1520 2852 1528 2852 1235 2853 1526 2853 1239 2853 1239 2854 1526 2854 1527 2854 1527 2855 1525 2855 1528 2855 1528 2856 1520 2856 1522 2856 1239 2857 1527 2857 905 2857 1527 2858 1528 2858 908 2858 1528 2859 1522 2859 910 2859 905 2860 1527 2860 908 2860 908 2861 1528 2861 910 2861 910 2862 1522 2862 911 2862 1529 2863 1530 2863 914 2863 914 2864 1530 2864 1531 2864 914 2865 1532 2865 1529 2865 914 2866 1531 2866 913 2866 1168 2867 1531 2867 1530 2867 1158 2868 1529 2868 1532 2868 916 2869 913 2869 1531 2869 916 2870 1531 2870 1168 2870 1158 2871 1532 2871 1154 2871 916 2872 1170 2872 915 2872 915 2873 1170 2873 1171 2873 916 2874 1169 2874 1170 2874 915 2875 1171 2875 1172 2875 1368 2876 1365 2876 1533 2876 1533 2877 1365 2877 596 2877 1533 2878 596 2878 1534 2878 1365 2879 1535 2879 596 2879 1534 2880 596 2880 938 2880 1363 2881 1535 2881 1365 2881 596 2882 1535 2882 1536 2882 1534 2883 938 2883 1537 2883 596 2884 934 2884 938 2884 1363 2885 1536 2885 1535 2885 596 2886 1536 2886 1538 2886 1537 2887 938 2887 937 2887 938 2888 934 2888 936 2888 1538 2889 1536 2889 1363 2889 1538 2890 1539 2890 596 2890 1537 2891 937 2891 1540 2891 936 2892 934 2892 929 2892 1363 2893 1539 2893 1538 2893 596 2894 1539 2894 1541 2894 1540 2895 937 2895 935 2895 936 2896 929 2896 933 2896 1363 2897 1541 2897 1539 2897 596 2898 1541 2898 1542 2898 1540 2899 935 2899 1543 2899 933 2900 929 2900 926 2900 1542 2901 1541 2901 1363 2901 1542 2902 1544 2902 596 2902 1543 2903 935 2903 931 2903 933 2904 926 2904 927 2904 1363 2905 1544 2905 1542 2905 596 2906 1544 2906 1545 2906 1543 2907 931 2907 1546 2907 1363 2908 1545 2908 1544 2908 596 2909 1545 2909 1547 2909 1546 2910 931 2910 928 2910 1285 2911 1545 2911 1363 2911 1547 2912 1545 2912 1548 2912 1546 2913 928 2913 1549 2913 1285 2914 1548 2914 1545 2914 1547 2915 1548 2915 1550 2915 1549 2916 928 2916 930 2916 1550 2917 1548 2917 1285 2917 1550 2918 1551 2918 1547 2918 1549 2919 930 2919 1552 2919 1285 2920 1551 2920 1550 2920 1547 2921 1551 2921 1553 2921 1552 2922 930 2922 1493 2922 1285 2923 1553 2923 1551 2923 1547 2924 1553 2924 1554 2924 1552 2925 1493 2925 1555 2925 1554 2926 1553 2926 1285 2926 1554 2927 1556 2927 1547 2927 1555 2928 1493 2928 1483 2928 1554 2929 1285 2929 1556 2929 1547 2930 1556 2930 1557 2930 1555 2931 1483 2931 1479 2931 1556 2932 1558 2932 1557 2932 1559 2933 940 2933 944 2933 944 2934 940 2934 939 2934 1559 2935 1560 2935 940 2935 944 2936 1561 2936 1559 2936 944 2937 939 2937 942 2937 1559 2938 1561 2938 1562 2938 1559 2939 1562 2939 1563 2939 1563 2940 1562 2940 1564 2940 1563 2941 1564 2941 1565 2941 1560 2942 1566 2942 943 2942 943 2943 1566 2943 1567 2943 1559 2944 1566 2944 1560 2944 940 2945 1560 2945 943 2945 943 2946 1567 2946 504 2946 943 2947 941 2947 940 2947 1285 2948 1568 2948 1569 2948 1570 2949 1569 2949 1568 2949 1569 2950 1571 2950 1285 2950 1570 2951 1568 2951 1572 2951 1573 2952 1569 2952 1570 2952 1573 2953 1571 2953 1569 2953 1285 2954 1571 2954 1574 2954 1575 2955 1571 2955 1573 2955 1285 2956 1574 2956 1564 2956 1575 2957 1574 2957 1571 2957 1564 2958 1562 2958 1285 2958 1565 2959 1564 2959 1574 2959 1565 2960 1574 2960 1575 2960 1285 2961 1562 2961 1561 2961 1285 2962 1561 2962 839 2962 839 2963 1561 2963 946 2963 944 2964 946 2964 1561 2964 1576 2965 948 2965 1577 2965 1577 2966 948 2966 950 2966 948 2967 1576 2967 952 2967 1577 2968 950 2968 504 2968 949 2969 1578 2969 951 2969 951 2970 1578 2970 1579 2970 952 2971 1578 2971 949 2971 951 2972 1579 2972 953 2972 1580 2973 1581 2973 1582 2973 1582 2974 1581 2974 1583 2974 1581 2975 1580 2975 1584 2975 1585 2976 1580 2976 1582 2976 1582 2977 1583 2977 1586 2977 1584 2978 1580 2978 1587 2978 1582 2979 1588 2979 1585 2979 1580 2980 1585 2980 1587 2980 1582 2981 1586 2981 1589 2981 1586 2982 1583 2982 1000 2982 1588 2983 1582 2983 1590 2983 1587 2984 1585 2984 1591 2984 1589 2985 1586 2985 1592 2985 1586 2986 1000 2986 1593 2986 1000 2987 1583 2987 997 2987 1590 2988 1582 2988 1594 2988 1585 2989 1595 2989 1591 2989 1589 2990 1592 2990 1596 2990 1593 2991 1597 2991 1586 2991 1593 2992 1000 2992 1598 2992 997 2993 1583 2993 1599 2993 1590 2994 1594 2994 1600 2994 1591 2995 1595 2995 1601 2995 1596 2996 1592 2996 1602 2996 1597 2997 1593 2997 1603 2997 1586 2998 1597 2998 1604 2998 1593 2999 1598 2999 1603 2999 1605 3000 1598 3000 1000 3000 1599 3001 1583 3001 1606 3001 1600 3002 1594 3002 1607 3002 1591 3003 1601 3003 1608 3003 1596 3004 1602 3004 1609 3004 1610 3005 1597 3005 1603 3005 1586 3006 1604 3006 1611 3006 1604 3007 1597 3007 1610 3007 1603 3008 1598 3008 1612 3008 1598 3009 1605 3009 1613 3009 1599 3010 1606 3010 1614 3010 1615 3011 1606 3011 1583 3011 1600 3012 1607 3012 1616 3012 1609 3013 1602 3013 1617 3013 1610 3014 1603 3014 1618 3014 1611 3015 1604 3015 1619 3015 1619 3016 1604 3016 1610 3016 1603 3017 1612 3017 1618 3017 1613 3018 1612 3018 1598 3018 1613 3019 1605 3019 1620 3019 1614 3020 1621 3020 1599 3020 1614 3021 1606 3021 1622 3021 1623 3022 1615 3022 1583 3022 1606 3023 1615 3023 1624 3023 1616 3024 1607 3024 1625 3024 1609 3025 1617 3025 1626 3025 1627 3026 1610 3026 1618 3026 1619 3027 1610 3027 1627 3027 1618 3028 1612 3028 1628 3028 1612 3029 1613 3029 1628 3029 1613 3030 1620 3030 1629 3030 1630 3031 1621 3031 1614 3031 1621 3032 1631 3032 1599 3032 1614 3033 1622 3033 1632 3033 1633 3034 1623 3034 1583 3034 1615 3035 1623 3035 1634 3035 1624 3036 1615 3036 1634 3036 1616 3037 1625 3037 1635 3037 1626 3038 1636 3038 1609 3038 1626 3039 1617 3039 1637 3039 1627 3040 1618 3040 1638 3040 1618 3041 1628 3041 1639 3041 1628 3042 1613 3042 1629 3042 1614 3043 1640 3043 1630 3043 1621 3044 1630 3044 1641 3044 1642 3045 1631 3045 1621 3045 1614 3046 1632 3046 1640 3046 1632 3047 1622 3047 1643 3047 1644 3048 1633 3048 1583 3048 1623 3049 1633 3049 1645 3049 1634 3050 1623 3050 1646 3050 1624 3051 1634 3051 1647 3051 1635 3052 1625 3052 1648 3052 1626 3053 1649 3053 1636 3053 1609 3054 1636 3054 1650 3054 1626 3055 1637 3055 1651 3055 1652 3056 1637 3056 1617 3056 1653 3057 1627 3057 1638 3057 1638 3058 1618 3058 1639 3058 1639 3059 1628 3059 1654 3059 1628 3060 1629 3060 1655 3060 1630 3061 1640 3061 1656 3061 1621 3062 1641 3062 1642 3062 1641 3063 1630 3063 1656 3063 1640 3064 1632 3064 1657 3064 1632 3065 1643 3065 1658 3065 1659 3066 1644 3066 1583 3066 1633 3067 1644 3067 1660 3067 1645 3068 1661 3068 1623 3068 1645 3069 1633 3069 1660 3069 1634 3070 1646 3070 1662 3070 1623 3071 1663 3071 1646 3071 1647 3072 1634 3072 1662 3072 1664 3073 1649 3073 1626 3073 1651 3074 1664 3074 1626 3074 1651 3075 1637 3075 1665 3075 1652 3076 1666 3076 1637 3076 1638 3077 1639 3077 1667 3077 1639 3078 1654 3078 1668 3078 1655 3079 1629 3079 1669 3079 1640 3080 1657 3080 1656 3080 1642 3081 1641 3081 1668 3081 1641 3082 1656 3082 1670 3082 1671 3083 1657 3083 1632 3083 1668 3084 1632 3084 1658 3084 1658 3085 1643 3085 1672 3085 1673 3086 1659 3086 1583 3086 1644 3087 1659 3087 1674 3087 1660 3088 1644 3088 1674 3088 1661 3089 1645 3089 1675 3089 1623 3090 1661 3090 1663 3090 1645 3091 1660 3091 1675 3091 1646 3092 1663 3092 1662 3092 1647 3093 1662 3093 1676 3093 1664 3094 1677 3094 1649 3094 1651 3095 1677 3095 1664 3095 1651 3096 1665 3096 1677 3096 1665 3097 1637 3097 1678 3097 1679 3098 1666 3098 1652 3098 1666 3099 1680 3099 1637 3099 1667 3100 1639 3100 1681 3100 1668 3101 1658 3101 1639 3101 1655 3102 1669 3102 1682 3102 1656 3103 1657 3103 1670 3103 1642 3104 1668 3104 1683 3104 1641 3105 1632 3105 1668 3105 1670 3106 1684 3106 1641 3106 1685 3107 1671 3107 1632 3107 1657 3108 1671 3108 1670 3108 1658 3109 1672 3109 1686 3109 1659 3110 1673 3110 1687 3110 1674 3111 1659 3111 1687 3111 1660 3112 1674 3112 1688 3112 1667 3113 1661 3113 1675 3113 1689 3114 1663 3114 1661 3114 1675 3115 1660 3115 1690 3115 1662 3116 1663 3116 1676 3116 1677 3117 1665 3117 1678 3117 1691 3118 1678 3118 1637 3118 1679 3119 1692 3119 1666 3119 1692 3120 1680 3120 1666 3120 1693 3121 1637 3121 1680 3121 1681 3122 1661 3122 1667 3122 1681 3123 1639 3123 1658 3123 1682 3124 1669 3124 1694 3124 1642 3125 1683 3125 1695 3125 1683 3126 1668 3126 1696 3126 1632 3127 1641 3127 1697 3127 1670 3128 1671 3128 1684 3128 1641 3129 1684 3129 1698 3129 1699 3130 1685 3130 1632 3130 1671 3131 1685 3131 1684 3131 1687 3132 1673 3132 1700 3132 1674 3133 1687 3133 1701 3133 1688 3134 1690 3134 1660 3134 1688 3135 1674 3135 1701 3135 1661 3136 1681 3136 1689 3136 1675 3137 1690 3137 1702 3137 1703 3138 1676 3138 1663 3138 1677 3139 1678 3139 1691 3139 1691 3140 1637 3140 1693 3140 1677 3141 1692 3141 1679 3141 1677 3142 1680 3142 1692 3142 1693 3143 1680 3143 1677 3143 1682 3144 1694 3144 1704 3144 1642 3145 1695 3145 1705 3145 1695 3146 1683 3146 1706 3146 1632 3147 1697 3147 1707 3147 1697 3148 1641 3148 1708 3148 1709 3149 1641 3149 1698 3149 1684 3150 1685 3150 1698 3150 1707 3151 1699 3151 1632 3151 1685 3152 1699 3152 1698 3152 1687 3153 1700 3153 1710 3153 1701 3154 1687 3154 1710 3154 1690 3155 1688 3155 1711 3155 1688 3156 1701 3156 1712 3156 1702 3157 1690 3157 1711 3157 1713 3158 1703 3158 1663 3158 1676 3159 1703 3159 1714 3159 1691 3160 1693 3160 1677 3160 1704 3161 1694 3161 1715 3161 1705 3162 1695 3162 1716 3162 1707 3163 1697 3163 1717 3163 1697 3164 1708 3164 1717 3164 1708 3165 1641 3165 1709 3165 1698 3166 1699 3166 1709 3166 1699 3167 1707 3167 1709 3167 1710 3168 1700 3168 1718 3168 1712 3169 1701 3169 1710 3169 1711 3170 1688 3170 1712 3170 1702 3171 1711 3171 1719 3171 1703 3172 1713 3172 1720 3172 1714 3173 1703 3173 1720 3173 1704 3174 1715 3174 1721 3174 1707 3175 1717 3175 1722 3175 1717 3176 1708 3176 1722 3176 1722 3177 1708 3177 1709 3177 1709 3178 1707 3178 1722 3178 1723 3179 1710 3179 1718 3179 1712 3180 1710 3180 1723 3180 1711 3181 1712 3181 1724 3181 1719 3182 1711 3182 1724 3182 1720 3183 1713 3183 1725 3183 1714 3184 1720 3184 1726 3184 1721 3185 1715 3185 1727 3185 1723 3186 1718 3186 1728 3186 1724 3187 1712 3187 1723 3187 1720 3188 1725 3188 1729 3188 1726 3189 1720 3189 1730 3189 1721 3190 1727 3190 1731 3190 1728 3191 1718 3191 1732 3191 1729 3192 1725 3192 1733 3192 1726 3193 1730 3193 1734 3193 1731 3194 1727 3194 1735 3194 1729 3195 1733 3195 1736 3195 1734 3196 1730 3196 1737 3196 1736 3197 1733 3197 1738 3197 1734 3198 1737 3198 1739 3198 1736 3199 1738 3199 1740 3199 1739 3200 1737 3200 1741 3200 1740 3201 1738 3201 1742 3201 1743 3202 1744 3202 1084 3202 1084 3203 1744 3203 1745 3203 1746 3204 1743 3204 1084 3204 1084 3205 1745 3205 589 3205 1744 3206 1747 3206 1745 3206 1748 3207 1746 3207 1084 3207 589 3208 1745 3208 1749 3208 1750 3209 1748 3209 1084 3209 589 3210 1749 3210 1075 3210 1751 3211 1750 3211 1084 3211 1075 3212 1749 3212 1752 3212 1753 3213 1751 3213 1084 3213 1075 3214 1752 3214 1072 3214 1754 3215 1753 3215 1084 3215 1753 3216 1435 3216 1751 3216 1072 3217 1752 3217 1755 3217 1756 3218 1754 3218 1084 3218 1754 3219 1757 3219 1753 3219 1753 3220 1757 3220 1435 3220 1072 3221 1755 3221 1074 3221 1755 3222 1752 3222 1758 3222 1759 3223 1756 3223 1084 3223 1754 3224 1756 3224 1757 3224 1074 3225 1755 3225 1760 3225 1761 3226 1755 3226 1758 3226 1762 3227 1759 3227 1084 3227 1757 3228 1756 3228 1759 3228 1074 3229 1760 3229 1000 3229 1760 3230 1755 3230 1761 3230 1761 3231 1758 3231 1763 3231 1082 3232 1762 3232 1084 3232 1764 3233 1759 3233 1762 3233 1757 3234 1759 3234 1764 3234 1000 3235 1760 3235 1765 3235 1766 3236 1760 3236 1761 3236 1767 3237 1761 3237 1763 3237 1763 3238 1758 3238 1768 3238 1000 3239 1765 3239 1769 3239 1765 3240 1760 3240 1766 3240 1766 3241 1761 3241 1767 3241 1715 3242 1767 3242 1763 3242 1727 3243 1763 3243 1768 3243 1769 3244 1605 3244 1000 3244 1769 3245 1765 3245 1770 3245 1770 3246 1765 3246 1766 3246 1771 3247 1766 3247 1767 3247 1715 3248 1763 3248 1727 3248 1694 3249 1767 3249 1715 3249 1727 3250 1768 3250 1735 3250 1605 3251 1769 3251 1620 3251 1620 3252 1769 3252 1770 3252 1772 3253 1770 3253 1766 3253 1694 3254 1771 3254 1767 3254 1772 3255 1766 3255 1771 3255 1735 3256 1768 3256 1773 3256 1629 3257 1620 3257 1770 3257 1629 3258 1770 3258 1772 3258 1669 3259 1771 3259 1694 3259 1669 3260 1772 3260 1771 3260 1735 3261 1773 3261 1774 3261 1629 3262 1772 3262 1669 3262 1774 3263 1773 3263 1775 3263 1764 3264 1082 3264 1088 3264 1088 3265 1082 3265 1081 3265 1764 3266 1762 3266 1082 3266 1088 3267 1776 3267 1764 3267 1088 3268 1081 3268 1085 3268 1764 3269 1776 3269 1436 3269 1764 3270 1436 3270 1757 3270 1757 3271 1436 3271 1434 3271 1757 3272 1434 3272 1435 3272 1777 3273 1094 3273 1100 3273 1100 3274 1094 3274 1083 3274 1777 3275 1095 3275 1094 3275 1778 3276 1777 3276 1100 3276 1100 3277 1083 3277 605 3277 1777 3278 1779 3278 1095 3278 1780 3279 1778 3279 1100 3279 1778 3280 1779 3280 1777 3280 1781 3281 1780 3281 1100 3281 1778 3282 1780 3282 1779 3282 1782 3283 1781 3283 1100 3283 1779 3284 1780 3284 1781 3284 1783 3285 1782 3285 1100 3285 1784 3286 1781 3286 1782 3286 1779 3287 1781 3287 1784 3287 1785 3288 1783 3288 1100 3288 1784 3289 1782 3289 1783 3289 1786 3290 1785 3290 1100 3290 1785 3291 1784 3291 1783 3291 1787 3292 1786 3292 1100 3292 1786 3293 1788 3293 1785 3293 1785 3294 1788 3294 1784 3294 1789 3295 1787 3295 1100 3295 1786 3296 1787 3296 1788 3296 1790 3297 1789 3297 1100 3297 1788 3298 1787 3298 1789 3298 1791 3299 1790 3299 1100 3299 1792 3300 1789 3300 1790 3300 1788 3301 1789 3301 1792 3301 1793 3302 1791 3302 1100 3302 1792 3303 1790 3303 1791 3303 1794 3304 1793 3304 1100 3304 1791 3305 1793 3305 1792 3305 1795 3306 1794 3306 1100 3306 1792 3307 1793 3307 1794 3307 1796 3308 1795 3308 1100 3308 1797 3309 1794 3309 1795 3309 1792 3310 1794 3310 1797 3310 1798 3311 1796 3311 1100 3311 1797 3312 1795 3312 1796 3312 1799 3313 1798 3313 1100 3313 1798 3314 1797 3314 1796 3314 1800 3315 1799 3315 1100 3315 1799 3316 1801 3316 1798 3316 1798 3317 1801 3317 1797 3317 1802 3318 1800 3318 1100 3318 1799 3319 1800 3319 1801 3319 1803 3320 1802 3320 1100 3320 1801 3321 1800 3321 1802 3321 1098 3322 1803 3322 1100 3322 1101 3323 1802 3323 1803 3323 1801 3324 1802 3324 1101 3324 1101 3325 1803 3325 1098 3325 1776 3326 1092 3326 1362 3326 1362 3327 1092 3327 1804 3327 1088 3328 1092 3328 1776 3328 1362 3329 1436 3329 1776 3329 1362 3330 1804 3330 1363 3330 1090 3331 1804 3331 1092 3331 1363 3332 1804 3332 1805 3332 1095 3333 1804 3333 1090 3333 1363 3334 1805 3334 1806 3334 1095 3335 1805 3335 1804 3335 1779 3336 1806 3336 1805 3336 1779 3337 1805 3337 1095 3337 1806 3338 1807 3338 1363 3338 1807 3339 1808 3339 1363 3339 1784 3340 1807 3340 1806 3340 1788 3341 1808 3341 1807 3341 1363 3342 1808 3342 1809 3342 1784 3343 1806 3343 1779 3343 1788 3344 1807 3344 1784 3344 1792 3345 1808 3345 1788 3345 1363 3346 1809 3346 1810 3346 1792 3347 1809 3347 1808 3347 1810 3348 1811 3348 1363 3348 1797 3349 1810 3349 1809 3349 1797 3350 1809 3350 1792 3350 1801 3351 1811 3351 1810 3351 1363 3352 1811 3352 1812 3352 1801 3353 1810 3353 1797 3353 1101 3354 1811 3354 1801 3354 1363 3355 1812 3355 1285 3355 1101 3356 1812 3356 1811 3356 1285 3357 1812 3357 1813 3357 1104 3358 1812 3358 1101 3358 1104 3359 1813 3359 1812 3359 1814 3360 1285 3360 1815 3360 1815 3361 1285 3361 1816 3361 1814 3362 1817 3362 1285 3362 1125 3363 1814 3363 1815 3363 1119 3364 1815 3364 1816 3364 1285 3365 1813 3365 1816 3365 1129 3366 1817 3366 1814 3366 1285 3367 1817 3367 1818 3367 1125 3368 1815 3368 1119 3368 1129 3369 1814 3369 1125 3369 1119 3370 1816 3370 1112 3370 1112 3371 1816 3371 1813 3371 1133 3372 1817 3372 1129 3372 1285 3373 1818 3373 1819 3373 1133 3374 1818 3374 1817 3374 1112 3375 1813 3375 1104 3375 1819 3376 1820 3376 1285 3376 1136 3377 1819 3377 1818 3377 1136 3378 1818 3378 1133 3378 1140 3379 1820 3379 1819 3379 1285 3380 1820 3380 1821 3380 1140 3381 1819 3381 1136 3381 1144 3382 1820 3382 1140 3382 1285 3383 1821 3383 1822 3383 1144 3384 1821 3384 1820 3384 1823 3385 1172 3385 1745 3385 1745 3386 1172 3386 1099 3386 1172 3387 1823 3387 915 3387 1824 3388 1823 3388 1745 3388 1745 3389 1099 3389 1752 3389 1823 3390 1824 3390 915 3390 1825 3391 1824 3391 1745 3391 1749 3392 1745 3392 1752 3392 1758 3393 1752 3393 1099 3393 915 3394 1824 3394 1825 3394 1441 3395 1825 3395 1745 3395 1758 3396 1099 3396 1826 3396 915 3397 1825 3397 1437 3397 1438 3398 1441 3398 1745 3398 1437 3399 1825 3399 1441 3399 1758 3400 1826 3400 1773 3400 1826 3401 1099 3401 1827 3401 1440 3402 1438 3402 1745 3402 1773 3403 1768 3403 1758 3403 1773 3404 1826 3404 1828 3404 1826 3405 1827 3405 1829 3405 1099 3406 1113 3406 1827 3406 1442 3407 1440 3407 1745 3407 1773 3408 1828 3408 1775 3408 1830 3409 1828 3409 1826 3409 1829 3410 1827 3410 1831 3410 1827 3411 1113 3411 1832 3411 1443 3412 1442 3412 1745 3412 1833 3413 1830 3413 1826 3413 1829 3414 1831 3414 1834 3414 1444 3415 1443 3415 1745 3415 1445 3416 1444 3416 1745 3416 1446 3417 1445 3417 1745 3417 1835 3418 1446 3418 1745 3418 1836 3419 1835 3419 1745 3419 1446 3420 1835 3420 1432 3420 1837 3421 1836 3421 1745 3421 1835 3422 1836 3422 1432 3422 1838 3423 1837 3423 1745 3423 1432 3424 1836 3424 1837 3424 1839 3425 1838 3425 1745 3425 1429 3426 1837 3426 1838 3426 1432 3427 1837 3427 1429 3427 1840 3428 1839 3428 1745 3428 1429 3429 1838 3429 1839 3429 1841 3430 1840 3430 1745 3430 1839 3431 1840 3431 1429 3431 1842 3432 1841 3432 1745 3432 1429 3433 1840 3433 1841 3433 1843 3434 1842 3434 1745 3434 1430 3435 1841 3435 1842 3435 1429 3436 1841 3436 1430 3436 1844 3437 1843 3437 1745 3437 1430 3438 1842 3438 1843 3438 1845 3439 1844 3439 1745 3439 1844 3440 1430 3440 1843 3440 1747 3441 1845 3441 1745 3441 1845 3442 1846 3442 1844 3442 1844 3443 1846 3443 1430 3443 1845 3444 1747 3444 1846 3444 1747 3445 1744 3445 1846 3445 1846 3446 1744 3446 1743 3446 1846 3447 1743 3447 1847 3447 1847 3448 1743 3448 1746 3448 1831 3449 1188 3449 1848 3449 1848 3450 1188 3450 1849 3450 1188 3451 1831 3451 1192 3451 1834 3452 1831 3452 1848 3452 1848 3453 1849 3453 1850 3453 1192 3454 1831 3454 1832 3454 1834 3455 1848 3455 1851 3455 1850 3456 1849 3456 1852 3456 1192 3457 1832 3457 1122 3457 1827 3458 1832 3458 1831 3458 1122 3459 1832 3459 1113 3459 1853 3460 1144 3460 1147 3460 1144 3461 1146 3461 1147 3461 1853 3462 1821 3462 1144 3462 1147 3463 1148 3463 1853 3463 1853 3464 1822 3464 1821 3464 1853 3465 1148 3465 1149 3465 1154 3466 1822 3466 1853 3466 1853 3467 1149 3467 1154 3467 1154 3468 1149 3468 1150 3468 1154 3469 1150 3469 1151 3469 1158 3470 1157 3470 1854 3470 1854 3471 1157 3471 1159 3471 1158 3472 1156 3472 1157 3472 1854 3473 1159 3473 1160 3473 1160 3474 1161 3474 1854 3474 1854 3475 1161 3475 1162 3475 1854 3476 1163 3476 1168 3476 1168 3477 1163 3477 1164 3477 1854 3478 1162 3478 1163 3478 1168 3479 1530 3479 1854 3479 1168 3480 1164 3480 1165 3480 1854 3481 1530 3481 1529 3481 1854 3482 1529 3482 1158 3482 1855 3483 1856 3483 1857 3483 1857 3484 1856 3484 1858 3484 1859 3485 1855 3485 1857 3485 1857 3486 1858 3486 1860 3486 1861 3487 1859 3487 1857 3487 1855 3488 1859 3488 1862 3488 1860 3489 1858 3489 1863 3489 1864 3490 1861 3490 1857 3490 1862 3491 1859 3491 1861 3491 1860 3492 1863 3492 1865 3492 1866 3493 1864 3493 1857 3493 1867 3494 1861 3494 1864 3494 1862 3495 1861 3495 1867 3495 1865 3496 1863 3496 1868 3496 1869 3497 1866 3497 1857 3497 1867 3498 1864 3498 1866 3498 1865 3499 1868 3499 1870 3499 1871 3500 1869 3500 1857 3500 1866 3501 1869 3501 1867 3501 1872 3502 1865 3502 1870 3502 1870 3503 1868 3503 1873 3503 1874 3504 1871 3504 1857 3504 1867 3505 1869 3505 1871 3505 1870 3506 1873 3506 1872 3506 1875 3507 1865 3507 1872 3507 1876 3508 1874 3508 1857 3508 1877 3509 1871 3509 1874 3509 1867 3510 1871 3510 1877 3510 1872 3511 1873 3511 1878 3511 1872 3512 1878 3512 1875 3512 1875 3513 1879 3513 1865 3513 1880 3514 1876 3514 1857 3514 1877 3515 1874 3515 1876 3515 1875 3516 1878 3516 1879 3516 1865 3517 1879 3517 1881 3517 1882 3518 1880 3518 1857 3518 1876 3519 1880 3519 1877 3519 1878 3520 1883 3520 1879 3520 1865 3521 1881 3521 1884 3521 1879 3522 1883 3522 1881 3522 1885 3523 1882 3523 1857 3523 1877 3524 1880 3524 1882 3524 1883 3525 1878 3525 1886 3525 1884 3526 1881 3526 1887 3526 1883 3527 1887 3527 1881 3527 1888 3528 1885 3528 1857 3528 1889 3529 1882 3529 1885 3529 1877 3530 1882 3530 1889 3530 1890 3531 1883 3531 1886 3531 1884 3532 1887 3532 1891 3532 1887 3533 1883 3533 1890 3533 1892 3534 1888 3534 1857 3534 1889 3535 1885 3535 1888 3535 1893 3536 1890 3536 1886 3536 1891 3537 1887 3537 1894 3537 1895 3538 1887 3538 1890 3538 1896 3539 1892 3539 1857 3539 1888 3540 1892 3540 1889 3540 1893 3541 1886 3541 1897 3541 1898 3542 1890 3542 1893 3542 1891 3543 1894 3543 1180 3543 1894 3544 1887 3544 1895 3544 1898 3545 1895 3545 1890 3545 1899 3546 1896 3546 1857 3546 1889 3547 1892 3547 1896 3547 1898 3548 1893 3548 1900 3548 597 3549 1891 3549 1180 3549 1180 3550 1894 3550 1185 3550 1185 3551 1894 3551 1895 3551 1185 3552 1895 3552 1898 3552 1901 3553 1899 3553 1857 3553 1902 3554 1896 3554 1899 3554 1889 3555 1896 3555 1902 3555 1900 3556 1893 3556 1903 3556 1182 3557 1185 3557 1898 3557 1904 3558 1901 3558 1857 3558 1902 3559 1899 3559 1901 3559 1900 3560 1903 3560 1905 3560 1906 3561 1904 3561 1857 3561 1901 3562 1904 3562 1902 3562 1905 3563 1903 3563 1907 3563 1908 3564 1906 3564 1857 3564 1902 3565 1904 3565 1906 3565 1909 3566 1908 3566 1857 3566 1910 3567 1906 3567 1908 3567 1902 3568 1906 3568 1910 3568 1911 3569 1909 3569 1857 3569 1910 3570 1908 3570 1909 3570 1912 3571 1911 3571 1857 3571 1909 3572 1911 3572 1910 3572 1913 3573 1912 3573 1857 3573 1910 3574 1911 3574 1912 3574 1914 3575 1913 3575 1857 3575 1915 3576 1912 3576 1913 3576 1910 3577 1912 3577 1915 3577 1916 3578 1914 3578 1857 3578 1915 3579 1913 3579 1914 3579 1915 3580 1914 3580 1916 3580 1915 3581 1916 3581 1917 3581 1918 3582 1184 3582 1919 3582 1919 3583 1184 3583 1198 3583 1184 3584 1918 3584 1181 3584 1920 3585 1918 3585 1919 3585 1919 3586 1198 3586 1921 3586 1189 3587 1198 3587 1184 3587 1181 3588 1918 3588 1920 3588 1922 3589 1920 3589 1919 3589 1921 3590 1198 3590 1923 3590 1181 3591 1920 3591 1924 3591 1924 3592 1920 3592 1922 3592 1921 3593 1923 3593 1925 3593 1923 3594 1198 3594 1926 3594 1925 3595 1923 3595 1927 3595 1926 3596 1927 3596 1923 3596 1926 3597 1198 3597 1195 3597 1925 3598 1927 3598 1928 3598 1926 3599 1929 3599 1927 3599 1926 3600 1195 3600 1930 3600 1928 3601 1927 3601 1931 3601 1930 3602 1929 3602 1926 3602 1929 3603 1931 3603 1927 3603 1930 3604 1195 3604 1197 3604 1928 3605 1931 3605 1932 3605 1930 3606 1933 3606 1929 3606 1930 3607 1197 3607 1934 3607 1932 3608 1931 3608 1935 3608 1934 3609 1933 3609 1930 3609 1934 3610 1197 3610 1202 3610 1932 3611 1935 3611 1936 3611 1934 3612 1937 3612 1933 3612 1934 3613 1202 3613 1206 3613 1936 3614 1935 3614 1938 3614 1206 3615 1937 3615 1934 3615 1939 3616 1940 3616 1941 3616 1941 3617 1940 3617 1942 3617 1940 3618 1939 3618 1943 3618 1941 3619 1944 3619 1939 3619 1945 3620 1942 3620 1940 3620 1943 3621 1939 3621 1946 3621 1939 3622 1944 3622 1947 3622 1939 3623 1948 3623 1946 3623 1939 3624 1947 3624 1948 3624 1946 3625 1948 3625 1949 3625 1948 3626 1947 3626 1950 3626 1948 3627 1951 3627 1949 3627 1948 3628 1950 3628 1951 3628 1950 3629 1947 3629 1952 3629 1949 3630 1951 3630 1953 3630 1951 3631 1950 3631 1954 3631 1955 3632 1950 3632 1952 3632 1952 3633 1947 3633 1956 3633 1951 3634 1957 3634 1953 3634 1951 3635 1954 3635 1957 3635 1954 3636 1950 3636 1955 3636 1957 3637 1954 3637 1958 3637 1959 3638 1954 3638 1955 3638 1957 3639 1958 3639 1181 3639 1958 3640 1954 3640 1959 3640 1959 3641 1955 3641 1960 3641 1181 3642 1958 3642 1961 3642 1962 3643 1958 3643 1959 3643 1963 3644 1959 3644 1960 3644 1181 3645 1961 3645 1188 3645 1961 3646 1958 3646 1962 3646 1962 3647 1959 3647 1963 3647 1188 3648 1961 3648 1849 3648 1849 3649 1961 3649 1962 3649 1852 3650 1962 3650 1963 3650 1849 3651 1962 3651 1852 3651 1852 3652 1963 3652 1964 3652 1965 3653 1898 3653 1966 3653 1966 3654 1898 3654 1900 3654 1898 3655 1965 3655 1182 3655 1967 3656 1965 3656 1966 3656 1966 3657 1900 3657 1968 3657 1182 3658 1965 3658 1969 3658 1967 3659 1966 3659 1970 3659 1969 3660 1965 3660 1967 3660 1970 3661 1966 3661 1968 3661 1968 3662 1900 3662 1905 3662 1182 3663 1969 3663 1971 3663 1972 3664 1967 3664 1970 3664 1973 3665 1969 3665 1967 3665 1970 3666 1968 3666 1974 3666 1968 3667 1905 3667 1974 3667 1971 3668 1190 3668 1182 3668 1971 3669 1969 3669 1975 3669 1973 3670 1967 3670 1972 3670 1975 3671 1969 3671 1973 3671 1190 3672 1971 3672 1194 3672 1971 3673 1975 3673 1976 3673 1977 3674 1975 3674 1973 3674 1194 3675 1971 3675 1978 3675 1971 3676 1976 3676 1978 3676 1976 3677 1975 3677 1979 3677 1977 3678 1973 3678 1980 3678 1979 3679 1975 3679 1977 3679 1194 3680 1978 3680 1200 3680 1978 3681 1976 3681 1981 3681 1976 3682 1979 3682 1982 3682 1200 3683 1978 3683 1983 3683 1978 3684 1981 3684 1983 3684 1976 3685 1982 3685 1981 3685 1982 3686 1979 3686 1984 3686 1200 3687 1983 3687 1204 3687 1981 3688 1982 3688 1985 3688 1982 3689 1984 3689 1986 3689 1986 3690 1987 3690 1985 3690 1985 3691 1987 3691 1988 3691 1987 3692 1986 3692 1989 3692 1982 3693 1986 3693 1985 3693 1985 3694 1988 3694 1990 3694 1989 3695 1991 3695 1987 3695 1989 3696 1986 3696 1992 3696 1981 3697 1985 3697 1990 3697 1990 3698 1988 3698 1205 3698 1991 3699 1989 3699 1993 3699 1986 3700 1984 3700 1992 3700 1983 3701 1981 3701 1990 3701 1205 3702 1204 3702 1990 3702 1988 3703 1207 3703 1205 3703 1993 3704 1989 3704 1994 3704 1984 3705 1995 3705 1992 3705 1204 3706 1983 3706 1990 3706 1996 3707 1997 3707 1998 3707 1997 3708 1999 3708 1998 3708 1997 3709 1996 3709 1999 3709 2000 3710 1996 3710 1998 3710 1998 3711 1999 3711 2001 3711 2000 3712 1998 3712 1974 3712 1998 3713 2001 3713 2002 3713 2003 3714 2000 3714 1974 3714 1974 3715 1998 3715 2002 3715 1974 3716 2002 3716 2001 3716 1700 3717 2003 3717 1974 3717 2004 3718 1974 3718 2001 3718 1700 3719 1974 3719 1718 3719 2001 3720 2005 3720 2004 3720 1974 3721 2004 3721 1972 3721 1718 3722 1974 3722 2006 3722 2004 3723 2005 3723 1988 3723 1972 3724 1970 3724 1974 3724 1972 3725 2004 3725 1980 3725 1718 3726 2006 3726 1732 3726 2004 3727 1988 3727 2007 3727 2005 3728 2008 3728 1988 3728 1980 3729 1973 3729 1972 3729 2009 3730 1980 3730 2004 3730 1732 3731 2006 3731 2010 3731 2007 3732 2011 3732 2004 3732 1988 3733 2008 3733 1207 3733 2011 3734 2009 3734 2004 3734 1980 3735 2009 3735 1977 3735 2011 3736 2007 3736 1995 3736 1207 3737 2008 3737 2012 3737 2009 3738 2011 3738 2013 3738 1977 3739 2009 3739 2013 3739 2013 3740 2011 3740 1995 3740 1207 3741 2012 3741 1206 3741 2012 3742 2008 3742 2014 3742 1977 3743 2013 3743 1979 3743 2013 3744 1995 3744 1984 3744 1206 3745 2012 3745 1937 3745 2012 3746 2014 3746 1937 3746 1979 3747 2013 3747 1984 3747 1937 3748 2014 3748 2015 3748 1937 3749 2015 3749 1933 3749 1933 3750 2015 3750 2016 3750 1933 3751 2016 3751 1929 3751 1929 3752 2016 3752 1931 3752 2017 3753 2018 3753 1282 3753 1282 3754 2018 3754 2019 3754 2018 3755 2017 3755 839 3755 2020 3756 2017 3756 1282 3756 1282 3757 2019 3757 2021 3757 839 3758 2017 3758 2020 3758 2022 3759 2020 3759 1282 3759 2021 3760 2019 3760 1514 3760 839 3761 2020 3761 2022 3761 2023 3762 2022 3762 1282 3762 2022 3763 2023 3763 839 3763 2024 3764 2023 3764 1282 3764 839 3765 2023 3765 2024 3765 1284 3766 2024 3766 1282 3766 839 3767 2024 3767 1284 3767 2025 3768 997 3768 2026 3768 2026 3769 997 3769 2027 3769 997 3770 2025 3770 1285 3770 2028 3771 2025 3771 2026 3771 2026 3772 2027 3772 2029 3772 1285 3773 2025 3773 2028 3773 2030 3774 2028 3774 2026 3774 2029 3775 2031 3775 2026 3775 2029 3776 2027 3776 2032 3776 1285 3777 2028 3777 2030 3777 2033 3778 2030 3778 2026 3778 2034 3779 2026 3779 2031 3779 2030 3780 2033 3780 1285 3780 2035 3781 2033 3781 2026 3781 1557 3782 2026 3782 2034 3782 1285 3783 2033 3783 2035 3783 1558 3784 2035 3784 2026 3784 1557 3785 1558 3785 2026 3785 1285 3786 2035 3786 1558 3786 1556 3787 1285 3787 1558 3787 2036 3788 2021 3788 1512 3788 1512 3789 2021 3789 1514 3789 2021 3790 2036 3790 1282 3790 1510 3791 2036 3791 1512 3791 1282 3792 2036 3792 2037 3792 2037 3793 2036 3793 1510 3793 1282 3794 2037 3794 1292 3794 1508 3795 2037 3795 1510 3795 1292 3796 2037 3796 1506 3796 1506 3797 2037 3797 1508 3797 1294 3798 1292 3798 1506 3798 1578 3799 1311 3799 1579 3799 1579 3800 1311 3800 1314 3800 952 3801 1311 3801 1578 3801 1579 3802 1314 3802 953 3802 2038 3803 2039 3803 2040 3803 2040 3804 2039 3804 2041 3804 2039 3805 2038 3805 952 3805 2040 3806 2041 3806 504 3806 952 3807 2038 3807 2042 3807 952 3808 2042 3808 1572 3808 1572 3809 2043 3809 952 3809 1572 3810 2042 3810 2044 3810 952 3811 2043 3811 1312 3811 1572 3812 2044 3812 2045 3812 1313 3813 1285 3813 1354 3813 1354 3814 1285 3814 1356 3814 1313 3815 1312 3815 1285 3815 1356 3816 1285 3816 1357 3816 1285 3817 1312 3817 2043 3817 1357 3818 1285 3818 1822 3818 1285 3819 2043 3819 1568 3819 1357 3820 1822 3820 914 3820 1572 3821 1568 3821 2043 3821 914 3822 1822 3822 1532 3822 1154 3823 1532 3823 1822 3823 2046 3824 1361 3824 1360 3824 1360 3825 2047 3825 2046 3825 2047 3826 2048 3826 907 3826 907 3827 2048 3827 2049 3827 1360 3828 2048 3828 2047 3828 2050 3829 2049 3829 2048 3829 2050 3830 2048 3830 1360 3830 839 3831 2050 3831 1360 3831 839 3832 1360 3832 790 3832 1410 3833 1366 3833 1426 3833 1426 3834 1366 3834 1364 3834 1410 3835 1426 3835 844 3835 1426 3836 1364 3836 1367 3836 844 3837 1426 3837 1399 3837 2051 3838 1368 3838 1517 3838 1517 3839 1368 3839 1533 3839 2051 3840 790 3840 1368 3840 2052 3841 2051 3841 1517 3841 1517 3842 1533 3842 1515 3842 2052 3843 790 3843 2051 3843 2053 3844 2052 3844 1517 3844 1515 3845 1533 3845 2054 3845 2052 3846 2053 3846 790 3846 2055 3847 2053 3847 1517 3847 1515 3848 2054 3848 1513 3848 1533 3849 1534 3849 2054 3849 790 3850 2053 3850 2055 3850 2056 3851 2055 3851 1517 3851 1513 3852 2054 3852 2057 3852 2054 3853 1534 3853 1537 3853 790 3854 2055 3854 2056 3854 2058 3855 2056 3855 1517 3855 1513 3856 2057 3856 1511 3856 2054 3857 1537 3857 2057 3857 2056 3858 2058 3858 790 3858 2059 3859 2058 3859 1517 3859 1511 3860 2057 3860 2060 3860 2057 3861 1537 3861 1540 3861 790 3862 2058 3862 2059 3862 2061 3863 2059 3863 1517 3863 1511 3864 2060 3864 1509 3864 2057 3865 1540 3865 2060 3865 790 3866 2059 3866 2061 3866 1509 3867 2060 3867 2062 3867 2060 3868 1540 3868 1543 3868 1509 3869 2062 3869 1507 3869 2060 3870 1543 3870 2062 3870 1507 3871 2062 3871 2063 3871 2062 3872 1543 3872 1546 3872 1507 3873 2063 3873 1505 3873 2062 3874 1546 3874 2063 3874 1505 3875 2063 3875 2064 3875 2063 3876 1546 3876 1549 3876 1505 3877 2064 3877 1500 3877 2063 3878 1549 3878 2064 3878 1500 3879 2064 3879 2065 3879 2064 3880 1549 3880 1552 3880 1500 3881 2065 3881 1494 3881 2064 3882 1552 3882 2065 3882 1494 3883 2065 3883 1486 3883 2065 3884 1552 3884 1555 3884 2065 3885 1555 3885 1486 3885 1486 3886 1555 3886 1479 3886 2066 3887 1373 3887 835 3887 835 3888 1369 3888 2066 3888 2067 3889 2068 3889 843 3889 2068 3890 1397 3890 843 3890 843 3891 1377 3891 2067 3891 2069 3892 2070 3892 892 3892 2070 3893 2071 3893 892 3893 2070 3894 2069 3894 1389 3894 1389 3895 2071 3895 2070 3895 892 3896 2071 3896 1388 3896 1387 3897 2071 3897 1389 3897 1388 3898 1386 3898 892 3898 1387 3899 1388 3899 2071 3899 892 3900 1386 3900 890 3900 2072 3901 2073 3901 892 3901 892 3902 2073 3902 2069 3902 2074 3903 2073 3903 2072 3903 1389 3904 2069 3904 2073 3904 1389 3905 2073 3905 2074 3905 839 3906 1389 3906 2074 3906 839 3907 2074 3907 2075 3907 885 3908 1395 3908 888 3908 1397 3909 1395 3909 885 3909 2076 3910 2077 3910 2078 3910 2078 3911 2077 3911 1414 3911 2076 3912 1406 3912 2077 3912 2078 3913 2079 3913 2076 3913 1414 3914 2080 3914 2078 3914 1415 3915 1414 3915 2077 3915 2077 3916 1406 3916 1404 3916 2078 3917 2080 3917 2079 3917 2077 3918 1404 3918 1415 3918 1415 3919 1404 3919 1401 3919 1415 3920 1401 3920 1403 3920 1411 3921 1409 3921 1405 3921 1405 3922 1409 3922 845 3922 1411 3923 1405 3923 1402 3923 1421 3924 845 3924 1409 3924 1411 3925 1402 3925 1412 3925 1412 3926 1402 3926 1407 3926 1412 3927 1407 3927 1413 3927 2080 3928 2081 3928 2079 3928 2079 3929 2081 3929 1406 3929 1414 3930 2081 3930 2080 3930 2076 3931 2079 3931 1406 3931 1407 3932 1406 3932 2081 3932 1413 3933 2081 3933 1414 3933 1413 3934 1407 3934 2081 3934 1847 3935 1748 3935 1435 3935 1435 3936 1748 3936 1750 3936 1847 3937 1746 3937 1748 3937 1435 3938 1433 3938 1847 3938 1435 3939 1750 3939 1751 3939 1847 3940 1433 3940 1431 3940 1847 3941 1431 3941 1846 3941 1846 3942 1431 3942 1428 3942 1846 3943 1428 3943 1430 3943 2082 3944 2061 3944 2019 3944 2019 3945 2061 3945 1517 3945 2061 3946 2082 3946 790 3946 2083 3947 2082 3947 2019 3947 1517 3948 1516 3948 2019 3948 790 3949 2082 3949 2083 3949 2084 3950 2083 3950 2019 3950 1514 3951 2019 3951 1516 3951 790 3952 2083 3952 2084 3952 2085 3953 2084 3953 2019 3953 2084 3954 2085 3954 790 3954 2086 3955 2085 3955 2019 3955 790 3956 2085 3956 2086 3956 2018 3957 2086 3957 2019 3957 790 3958 2086 3958 839 3958 839 3959 2086 3959 2018 3959 2087 3960 2088 3960 1996 3960 1996 3961 2088 3961 2089 3961 2090 3962 2087 3962 1996 3962 1996 3963 2089 3963 596 3963 2091 3964 2090 3964 1996 3964 2087 3965 2090 3965 2092 3965 1996 3966 596 3966 1547 3966 2093 3967 2091 3967 1996 3967 2090 3968 2091 3968 2092 3968 1996 3969 1547 3969 1999 3969 2094 3970 2093 3970 1996 3970 2092 3971 2091 3971 2093 3971 1999 3972 1547 3972 2095 3972 2096 3973 2094 3973 1996 3973 1999 3974 2095 3974 2001 3974 1547 3975 2097 3975 2095 3975 2001 3976 2095 3976 2098 3976 1547 3977 1557 3977 2097 3977 2095 3978 2097 3978 2099 3978 2001 3979 2098 3979 2100 3979 2097 3980 1557 3980 2099 3980 2100 3981 2101 3981 2001 3981 2100 3982 2098 3982 2102 3982 2042 3983 2038 3983 1567 3983 1567 3984 2038 3984 2040 3984 2044 3985 2042 3985 1567 3985 1567 3986 2040 3986 504 3986 2045 3987 2044 3987 1567 3987 2103 3988 2045 3988 1567 3988 2104 3989 2103 3989 1567 3989 2045 3990 2103 3990 1572 3990 2105 3991 2104 3991 1567 3991 1572 3992 2103 3992 2104 3992 2106 3993 2105 3993 1567 3993 1570 3994 2104 3994 2105 3994 1572 3995 2104 3995 1570 3995 2107 3996 2106 3996 1567 3996 1570 3997 2105 3997 2106 3997 2108 3998 2107 3998 1567 3998 2107 3999 1570 3999 2106 3999 2109 4000 2108 4000 1567 4000 2108 4001 1573 4001 2107 4001 2107 4002 1573 4002 1570 4002 2110 4003 2109 4003 1567 4003 2108 4004 2109 4004 1573 4004 2111 4005 2110 4005 1567 4005 2109 4006 2110 4006 1573 4006 2112 4007 2111 4007 1567 4007 1573 4008 2110 4008 2111 4008 2113 4009 2112 4009 1567 4009 1575 4010 2111 4010 2112 4010 1573 4011 2111 4011 1575 4011 2114 4012 2113 4012 1567 4012 1575 4013 2112 4013 2113 4013 2115 4014 2114 4014 1567 4014 2114 4015 1575 4015 2113 4015 2116 4016 2115 4016 1567 4016 2115 4017 1565 4017 2114 4017 2114 4018 1565 4018 1575 4018 2117 4019 2116 4019 1567 4019 2115 4020 2116 4020 1565 4020 2118 4021 2117 4021 1567 4021 2116 4022 2117 4022 1565 4022 2119 4023 2118 4023 1567 4023 1565 4024 2117 4024 2118 4024 2120 4025 2119 4025 1567 4025 1563 4026 2118 4026 2119 4026 1565 4027 2118 4027 1563 4027 2121 4028 2120 4028 1567 4028 1563 4029 2119 4029 2120 4029 1566 4030 2121 4030 1567 4030 2120 4031 2121 4031 1563 4031 1563 4032 2121 4032 1566 4032 1563 4033 1566 4033 1559 4033 2122 4034 1576 4034 2041 4034 2041 4035 1576 4035 1577 4035 952 4036 1576 4036 2122 4036 2039 4037 2122 4037 2041 4037 2041 4038 1577 4038 504 4038 952 4039 2122 4039 2039 4039 2123 4040 1583 4040 2124 4040 2124 4041 1583 4041 1581 4041 2125 4042 1583 4042 2123 4042 2126 4043 2123 4043 2124 4043 2124 4044 1581 4044 2127 4044 2128 4045 2124 4045 2127 4045 2127 4046 1581 4046 1584 4046 1601 4047 2129 4047 1608 4047 1608 4048 2129 4048 2130 4048 2129 4049 1601 4049 1588 4049 1608 4050 2130 4050 1591 4050 2130 4051 2129 4051 2131 4051 2132 4052 2129 4052 1588 4052 1588 4053 1601 4053 1595 4053 1591 4054 2130 4054 2133 4054 2131 4055 2129 4055 2134 4055 2135 4056 2132 4056 1588 4056 2129 4057 2132 4057 2134 4057 1588 4058 1595 4058 1585 4058 1591 4059 2133 4059 1587 4059 2134 4060 2135 4060 2131 4060 2136 4061 2135 4061 1588 4061 2134 4062 2132 4062 2135 4062 1587 4063 2133 4063 2137 4063 2131 4064 2135 4064 2138 4064 2135 4065 2136 4065 2139 4065 1587 4066 2137 4066 1584 4066 2131 4067 2138 4067 2140 4067 2135 4068 2139 4068 2138 4068 2139 4069 2136 4069 1635 4069 1584 4070 2137 4070 2141 4070 2140 4071 2138 4071 1648 4071 2139 4072 1635 4072 2138 4072 1584 4073 2141 4073 2127 4073 2138 4074 1635 4074 1648 4074 2127 4075 2141 4075 2142 4075 2127 4076 2142 4076 2128 4076 2128 4077 2142 4077 2143 4077 2144 4078 2145 4078 2146 4078 2146 4079 2145 4079 1594 4079 2146 4080 1594 4080 2147 4080 2147 4081 1594 4081 1582 4081 2147 4082 1582 4082 2148 4082 2148 4083 1582 4083 2149 4083 2148 4084 2149 4084 2150 4084 1582 4085 2151 4085 2149 4085 2150 4086 2149 4086 2151 4086 2152 4087 2151 4087 1582 4087 2150 4088 2151 4088 2152 4088 2152 4089 1582 4089 2153 4089 2153 4090 1582 4090 2154 4090 2153 4091 2154 4091 2155 4091 1582 4092 2156 4092 2154 4092 2155 4093 2154 4093 2156 4093 2157 4094 2156 4094 1582 4094 2155 4095 2156 4095 2157 4095 2157 4096 1582 4096 2158 4096 2155 4097 2157 4097 2158 4097 2158 4098 1582 4098 2159 4098 2158 4099 2159 4099 2155 4099 2160 4100 2159 4100 1582 4100 2155 4101 2159 4101 2160 4101 2161 4102 2160 4102 1582 4102 2155 4103 2160 4103 2161 4103 2161 4104 1582 4104 2162 4104 2162 4105 2163 4105 2161 4105 2162 4106 1582 4106 2164 4106 2162 4107 2165 4107 2163 4107 2162 4108 2164 4108 2166 4108 1582 4109 2167 4109 2164 4109 2162 4110 2168 4110 2165 4110 2166 4111 2169 4111 2162 4111 2166 4112 2164 4112 2167 4112 2170 4113 2167 4113 1582 4113 2169 4114 2168 4114 2162 4114 2166 4115 2171 4115 2169 4115 2166 4116 2167 4116 2170 4116 2170 4117 1582 4117 2172 4117 2169 4118 1650 4118 2168 4118 2173 4119 2171 4119 2166 4119 2171 4120 1650 4120 2169 4120 2166 4121 2170 4121 2172 4121 2172 4122 1582 4122 2174 4122 2166 4123 2175 4123 2173 4123 2171 4124 2173 4124 2176 4124 2171 4125 1596 4125 1650 4125 2172 4126 2174 4126 2166 4126 1582 4127 2175 4127 2174 4127 2166 4128 2174 4128 2175 4128 2173 4129 2175 4129 1582 4129 2176 4130 2177 4130 2171 4130 2173 4131 1582 4131 2176 4131 2178 4132 1596 4132 2171 4132 1609 4133 1650 4133 1596 4133 2176 4134 1582 4134 2177 4134 2171 4135 2177 4135 2179 4135 2171 4136 2180 4136 2178 4136 2178 4137 1589 4137 1596 4137 2179 4138 2177 4138 1582 4138 2171 4139 2179 4139 2180 4139 2180 4140 1582 4140 2178 4140 2181 4141 1589 4141 2178 4141 2180 4142 2179 4142 1582 4142 2178 4143 1582 4143 2182 4143 2178 4144 2183 4144 2181 4144 2181 4145 1582 4145 1589 4145 2178 4146 2182 4146 2184 4146 1582 4147 2185 4147 2182 4147 2178 4148 2185 4148 2183 4148 2183 4149 1582 4149 2181 4149 2184 4150 2186 4150 2178 4150 2184 4151 2182 4151 2186 4151 2183 4152 2185 4152 1582 4152 2182 4153 2185 4153 2187 4153 2178 4154 2187 4154 2185 4154 2178 4155 2186 4155 2188 4155 2182 4156 2188 4156 2186 4156 2189 4157 2182 4157 2187 4157 2189 4158 2187 4158 2178 4158 2178 4159 2188 4159 2190 4159 2190 4160 2188 4160 2182 4160 2190 4161 2182 4161 2189 4161 2178 4162 2190 4162 2189 4162 2191 4163 1588 4163 1600 4163 1600 4164 1588 4164 1590 4164 1588 4165 2191 4165 2192 4165 1616 4166 2191 4166 1600 4166 2192 4167 2136 4167 1588 4167 2192 4168 2191 4168 1616 4168 2136 4169 2192 4169 1635 4169 1635 4170 2192 4170 1616 4170 1586 4171 2193 4171 2194 4171 2194 4172 2193 4172 1602 4172 1586 4173 2195 4173 2193 4173 2194 4174 2196 4174 1586 4174 2194 4175 1602 4175 2196 4175 2193 4176 2195 4176 1602 4176 2196 4177 1592 4177 1586 4177 2196 4178 1602 4178 1592 4178 2197 4179 1599 4179 2198 4179 2198 4180 1599 4180 2199 4180 1599 4181 2197 4181 997 4181 2200 4182 2197 4182 2198 4182 2198 4183 2199 4183 2201 4183 1631 4184 2199 4184 1599 4184 997 4185 2197 4185 2202 4185 2200 4186 2198 4186 2203 4186 2202 4187 2197 4187 2200 4187 2203 4188 2198 4188 2201 4188 2201 4189 2199 4189 1631 4189 997 4190 2202 4190 2204 4190 2203 4191 2201 4191 2205 4191 2201 4192 1631 4192 2206 4192 2204 4193 2202 4193 2207 4193 2205 4194 2201 4194 2206 4194 1631 4195 1642 4195 2206 4195 2207 4196 2202 4196 2208 4196 2205 4197 2206 4197 2209 4197 2206 4198 1642 4198 2209 4198 2207 4199 2208 4199 2210 4199 2211 4200 2209 4200 1642 4200 2212 4201 2207 4201 2210 4201 2213 4202 2211 4202 1642 4202 2209 4203 2211 4203 2214 4203 2207 4204 2212 4204 2215 4204 2216 4205 2213 4205 1642 4205 2211 4206 2213 4206 2217 4206 2214 4207 2211 4207 2217 4207 2215 4208 2212 4208 1654 4208 1705 4209 2216 4209 1642 4209 2213 4210 2216 4210 2218 4210 2217 4211 2213 4211 2218 4211 2214 4212 2217 4212 2219 4212 1668 4213 1654 4213 2212 4213 2216 4214 1705 4214 2220 4214 2218 4215 2216 4215 2220 4215 2217 4216 2218 4216 2221 4216 2219 4217 2217 4217 2221 4217 2218 4218 2220 4218 2222 4218 2221 4219 2218 4219 2223 4219 2219 4220 2221 4220 2224 4220 2218 4221 2222 4221 2223 4221 2222 4222 2220 4222 2225 4222 2221 4223 2223 4223 2226 4223 2224 4224 2221 4224 2226 4224 2226 4225 2223 4225 2227 4225 2224 4226 2226 4226 2228 4226 2226 4227 2227 4227 2229 4227 2228 4228 2226 4228 2229 4228 2229 4229 2227 4229 2230 4229 2231 4230 2232 4230 1594 4230 1594 4231 2232 4231 2233 4231 2234 4232 2231 4232 1594 4232 1594 4233 2233 4233 1607 4233 2235 4234 2234 4234 1594 4234 2231 4235 2234 4235 2236 4235 1607 4236 2233 4236 2237 4236 2238 4237 2235 4237 1594 4237 2239 4238 2234 4238 2235 4238 2236 4239 2234 4239 2239 4239 1607 4240 2237 4240 1625 4240 2233 4241 2240 4241 2237 4241 2241 4242 2238 4242 1594 4242 2239 4243 2235 4243 2238 4243 1625 4244 2237 4244 2242 4244 2237 4245 2240 4245 2243 4245 2244 4246 2241 4246 1594 4246 2238 4247 2241 4247 2239 4247 1625 4248 2242 4248 1648 4248 2237 4249 2243 4249 2242 4249 2245 4250 2244 4250 1594 4250 2246 4251 2241 4251 2244 4251 2239 4252 2241 4252 2246 4252 1648 4253 2242 4253 2247 4253 2248 4254 2245 4254 1594 4254 2246 4255 2244 4255 2245 4255 1648 4256 2247 4256 2140 4256 2249 4257 2248 4257 1594 4257 2245 4258 2248 4258 2246 4258 2140 4259 2247 4259 2250 4259 2251 4260 2249 4260 1594 4260 2252 4261 2248 4261 2249 4261 2246 4262 2248 4262 2252 4262 2140 4263 2250 4263 2253 4263 2254 4264 2251 4264 1594 4264 2252 4265 2249 4265 2251 4265 2253 4266 2250 4266 2255 4266 2256 4267 2254 4267 1594 4267 2251 4268 2254 4268 2252 4268 2253 4269 2255 4269 2257 4269 2258 4270 2256 4270 1594 4270 2259 4271 2254 4271 2256 4271 2252 4272 2254 4272 2259 4272 2257 4273 2255 4273 2260 4273 2261 4274 2258 4274 1594 4274 2259 4275 2256 4275 2258 4275 2257 4276 2260 4276 2262 4276 2263 4277 2261 4277 1594 4277 2258 4278 2261 4278 2259 4278 2262 4279 2260 4279 2264 4279 2265 4280 2263 4280 1594 4280 2266 4281 2261 4281 2263 4281 2259 4282 2261 4282 2266 4282 2262 4283 2264 4283 2267 4283 2268 4284 2265 4284 1594 4284 2266 4285 2263 4285 2265 4285 2267 4286 2264 4286 2269 4286 2270 4287 2268 4287 1594 4287 2265 4288 2268 4288 2266 4288 2267 4289 2269 4289 2271 4289 2272 4290 2270 4290 1594 4290 2273 4291 2268 4291 2270 4291 2266 4292 2268 4292 2273 4292 2274 4293 2272 4293 1594 4293 2273 4294 2270 4294 2272 4294 2273 4295 2275 4295 2266 4295 2276 4296 2274 4296 1594 4296 2272 4297 2274 4297 2273 4297 2277 4298 2276 4298 1594 4298 2278 4299 2274 4299 2276 4299 2273 4300 2274 4300 2278 4300 2279 4301 2277 4301 1594 4301 2278 4302 2276 4302 2277 4302 2280 4303 2279 4303 1594 4303 2277 4304 2279 4304 2278 4304 2281 4305 2280 4305 1594 4305 2278 4306 2279 4306 2280 4306 2282 4307 2280 4307 2281 4307 2278 4308 2280 4308 2282 4308 2282 4309 2281 4309 2283 4309 2284 4310 1611 4310 2285 4310 2285 4311 1611 4311 1619 4311 1611 4312 2284 4312 1586 4312 2285 4313 1619 4313 1627 4313 1586 4314 2284 4314 2286 4314 1627 4315 1653 4315 2285 4315 1586 4316 2286 4316 2195 4316 2195 4317 2286 4317 2287 4317 2195 4318 2287 4318 1602 4318 1602 4319 2287 4319 1617 4319 1617 4320 2287 4320 1652 4320 1652 4321 2287 4321 2288 4321 1652 4322 2288 4322 1865 4322 2289 4323 1652 4323 1865 4323 1865 4324 2288 4324 1857 4324 1865 4325 1857 4325 1860 4325 2290 4326 1622 4326 2291 4326 2291 4327 1622 4327 1606 4327 1622 4328 2290 4328 1643 4328 2292 4329 2290 4329 2291 4329 2291 4330 1606 4330 2293 4330 1643 4331 2290 4331 2294 4331 2292 4332 2291 4332 2295 4332 2294 4333 2290 4333 2292 4333 2295 4334 2291 4334 2293 4334 2293 4335 1606 4335 1624 4335 1643 4336 2294 4336 2296 4336 1734 4337 2292 4337 2295 4337 1739 4338 2294 4338 2292 4338 2295 4339 2293 4339 2297 4339 2297 4340 2293 4340 1624 4340 2296 4341 2294 4341 1739 4341 1734 4342 2295 4342 1726 4342 1739 4343 2292 4343 1734 4343 1726 4344 2295 4344 2297 4344 2297 4345 1624 4345 1647 4345 1726 4346 2297 4346 1714 4346 1714 4347 2297 4347 1647 4347 1714 4348 1647 4348 1676 4348 2298 4349 2299 4349 2300 4349 2300 4350 2299 4350 2301 4350 1677 4351 2298 4351 2300 4351 2300 4352 2301 4352 2302 4352 2300 4353 2302 4353 1677 4353 1677 4354 2302 4354 2303 4354 1677 4355 2303 4355 2304 4355 2303 4356 2302 4356 2305 4356 1677 4357 2304 4357 2306 4357 2304 4358 2303 4358 2307 4358 2303 4359 2305 4359 2307 4359 2305 4360 2302 4360 2308 4360 2306 4361 1649 4361 1677 4361 2304 4362 2307 4362 2306 4362 2305 4363 2308 4363 2307 4363 2306 4364 2307 4364 1649 4364 2307 4365 2308 4365 2165 4365 1636 4366 1649 4366 2307 4366 2307 4367 2165 4367 1636 4367 1636 4368 2165 4368 2168 4368 1636 4369 2168 4369 1650 4369 2309 4370 1653 4370 2310 4370 2310 4371 1653 4371 1638 4371 1653 4372 2309 4372 2311 4372 2310 4373 1702 4373 2309 4373 2310 4374 1638 4374 1667 4374 2310 4375 1675 4375 1702 4375 1667 4376 1675 4376 2310 4376 2312 4377 2204 4377 2313 4377 2313 4378 2204 4378 2207 4378 2204 4379 2312 4379 997 4379 2314 4380 2312 4380 2313 4380 2313 4381 2207 4381 1682 4381 997 4382 2312 4382 2315 4382 2314 4383 2313 4383 1682 4383 2315 4384 2312 4384 2314 4384 1682 4385 2207 4385 2215 4385 997 4386 2315 4386 2027 4386 1682 4387 1704 4387 2314 4387 2032 4388 2315 4388 2314 4388 1682 4389 2215 4389 1655 4389 2027 4390 2315 4390 2032 4390 2314 4391 1704 4391 1721 4391 2314 4392 1721 4392 2032 4392 1655 4393 2215 4393 1654 4393 2032 4394 1721 4394 1731 4394 1655 4395 1654 4395 1628 4395 2032 4396 1731 4396 2029 4396 2029 4397 1731 4397 1735 4397 2029 4398 1735 4398 2031 4398 2031 4399 1735 4399 1774 4399 2031 4400 1774 4400 2034 4400 2034 4401 1774 4401 1775 4401 2034 4402 1775 4402 2316 4402 2316 4403 1775 4403 2317 4403 2316 4404 2317 4404 2318 4404 1775 4405 1828 4405 2317 4405 2316 4406 2318 4406 2319 4406 2318 4407 2317 4407 2320 4407 1828 4408 1830 4408 2317 4408 2319 4409 2318 4409 2321 4409 2318 4410 2320 4410 2322 4410 2317 4411 1830 4411 2320 4411 2319 4412 2321 4412 2323 4412 2318 4413 2322 4413 2321 4413 2322 4414 2320 4414 2324 4414 1830 4415 1833 4415 2320 4415 2323 4416 2321 4416 2325 4416 2320 4417 1833 4417 2324 4417 2326 4418 1643 4418 2327 4418 2327 4419 1643 4419 2328 4419 1643 4420 2326 4420 1672 4420 2329 4421 2326 4421 2327 4421 2327 4422 2328 4422 2330 4422 1672 4423 2326 4423 2331 4423 2329 4424 2327 4424 2332 4424 2326 4425 2329 4425 2333 4425 2332 4426 2327 4426 2330 4426 2330 4427 2328 4427 2334 4427 1672 4428 2331 4428 1686 4428 2331 4429 2326 4429 2333 4429 2333 4430 2329 4430 2332 4430 2335 4431 2332 4431 2330 4431 2336 4432 2330 4432 2334 4432 1686 4433 2331 4433 1689 4433 2337 4434 2331 4434 2333 4434 2333 4435 2332 4435 2335 4435 2336 4436 2335 4436 2330 4436 1689 4437 1681 4437 1686 4437 1663 4438 1689 4438 2331 4438 2337 4439 2333 4439 2338 4439 1742 4440 2331 4440 2337 4440 2338 4441 2333 4441 2335 4441 2338 4442 2335 4442 2336 4442 1681 4443 1658 4443 1686 4443 1663 4444 2331 4444 1742 4444 1740 4445 1742 4445 2337 4445 1742 4446 1738 4446 1663 4446 1663 4447 1738 4447 1733 4447 1663 4448 1733 4448 1725 4448 1725 4449 1713 4449 1663 4449 2339 4450 2340 4450 2003 4450 2003 4451 2340 4451 2000 4451 2341 4452 2339 4452 2003 4452 2342 4453 2341 4453 2003 4453 2343 4454 2342 4454 2003 4454 2344 4455 2343 4455 2003 4455 2125 4456 2342 4456 2343 4456 1583 4457 2344 4457 2003 4457 2343 4458 2344 4458 2125 4458 2003 4459 1673 4459 1583 4459 2125 4460 2344 4460 1583 4460 1673 4461 2003 4461 1700 4461 1891 4462 2089 4462 1677 4462 1677 4463 2089 4463 2298 4463 1891 4464 1677 4464 2345 4464 2299 4465 2298 4465 2089 4465 2346 4466 1891 4466 2345 4466 2345 4467 1677 4467 2347 4467 2346 4468 2345 4468 1865 4468 2345 4469 2347 4469 1865 4469 2348 4470 2347 4470 1677 4470 2346 4471 1865 4471 2349 4471 1865 4472 2347 4472 2348 4472 2289 4473 2348 4473 1677 4473 1865 4474 2348 4474 2289 4474 2289 4475 1677 4475 1679 4475 1679 4476 1652 4476 2289 4476 1706 4477 2208 4477 2350 4477 2350 4478 2208 4478 2230 4478 2208 4479 1706 4479 2210 4479 2225 4480 1706 4480 2350 4480 2350 4481 2230 4481 2351 4481 2210 4482 1706 4482 1696 4482 2225 4483 2350 4483 2351 4483 1706 4484 2225 4484 1695 4484 2351 4485 2230 4485 2227 4485 2210 4486 1696 4486 2212 4486 1683 4487 1696 4487 1706 4487 2222 4488 2225 4488 2351 4488 1695 4489 2225 4489 1716 4489 2351 4490 2227 4490 2223 4490 2212 4491 1696 4491 1668 4491 2223 4492 2222 4492 2351 4492 1716 4493 2225 4493 2220 4493 2220 4494 1705 4494 1716 4494 2352 4495 2311 4495 1719 4495 1719 4496 2311 4496 2309 4496 2311 4497 2352 4497 2353 4497 2309 4498 1702 4498 1719 4498 2353 4499 2352 4499 2354 4499 2353 4500 2354 4500 2355 4500 2355 4501 2354 4501 2356 4501 2357 4502 2352 4502 1724 4502 1724 4503 2352 4503 1719 4503 2352 4504 2357 4504 2354 4504 1724 4505 1723 4505 2357 4505 2354 4506 2357 4506 2358 4506 1728 4507 2357 4507 1723 4507 2354 4508 2358 4508 1858 4508 2358 4509 2357 4509 1728 4509 1858 4510 2358 4510 1873 4510 1728 4511 1732 4511 2358 4511 1858 4512 1873 4512 1863 4512 2358 4513 1732 4513 2010 4513 1863 4514 1873 4514 1868 4514 2358 4515 2010 4515 2359 4515 2360 4516 2296 4516 1741 4516 1741 4517 2296 4517 1739 4517 2296 4518 2360 4518 1643 4518 2334 4519 2360 4519 1741 4519 1643 4520 2360 4520 2328 4520 2334 4521 1741 4521 2361 4521 2328 4522 2360 4522 2334 4522 2334 4523 2361 4523 2336 4523 2361 4524 1741 4524 1737 4524 2336 4525 2361 4525 2362 4525 2361 4526 1737 4526 2363 4526 2336 4527 2362 4527 2338 4527 2363 4528 2362 4528 2361 4528 2363 4529 1737 4529 1730 4529 2338 4530 2362 4530 1740 4530 2363 4531 1736 4531 2362 4531 2363 4532 1730 4532 1729 4532 2338 4533 1740 4533 2337 4533 1740 4534 2362 4534 1736 4534 1729 4535 1736 4535 2363 4535 1729 4536 1730 4536 1720 4536 2364 4537 1829 4537 2365 4537 2365 4538 1829 4538 1834 4538 1829 4539 2364 4539 1826 4539 2366 4540 2364 4540 2365 4540 2365 4541 1834 4541 2367 4541 1826 4542 2364 4542 2368 4542 2366 4543 2365 4543 2369 4543 2368 4544 2364 4544 2366 4544 2369 4545 2365 4545 2367 4545 2367 4546 1834 4546 1851 4546 1826 4547 2368 4547 2370 4547 2366 4548 2371 4548 2368 4548 2368 4549 2371 4549 2370 4549 2372 4550 1833 4550 2323 4550 2323 4551 1833 4551 1826 4551 1833 4552 2372 4552 2324 4552 2323 4553 2325 4553 2372 4553 2323 4554 1826 4554 2373 4554 2324 4555 2372 4555 2374 4555 2372 4556 2325 4556 2375 4556 2373 4557 1826 4557 2370 4557 2372 4558 2375 4558 2376 4558 1964 4559 2034 4559 1850 4559 1850 4560 2034 4560 1851 4560 2034 4561 1964 4561 2098 4561 1850 4562 1852 4562 1964 4562 1851 4563 1848 4563 1850 4563 2367 4564 1851 4564 2034 4564 2377 4565 2034 4565 2098 4565 2369 4566 2367 4566 2034 4566 2099 4567 2377 4567 2098 4567 2034 4568 2377 4568 2099 4568 2098 4569 2095 4569 2099 4569 2099 4570 1557 4570 2034 4570 2378 4571 2379 4571 1858 4571 2379 4572 2378 4572 2380 4572 2381 4573 2378 4573 1858 4573 2380 4574 2378 4574 2382 4574 2383 4575 2381 4575 1858 4575 2382 4576 2378 4576 2381 4576 2384 4577 2383 4577 1858 4577 2382 4578 2381 4578 2383 4578 2385 4579 2384 4579 1858 4579 2383 4580 2384 4580 2382 4580 2386 4581 2385 4581 1858 4581 2387 4582 2384 4582 2385 4582 2382 4583 2384 4583 2387 4583 2388 4584 2386 4584 1858 4584 2387 4585 2385 4585 2386 4585 2389 4586 2388 4586 1858 4586 2386 4587 2388 4587 2387 4587 2390 4588 2389 4588 1858 4588 2391 4589 2388 4589 2389 4589 2387 4590 2388 4590 2391 4590 2392 4591 2390 4591 1858 4591 2391 4592 2389 4592 2390 4592 2393 4593 2392 4593 1858 4593 2390 4594 2392 4594 2391 4594 2394 4595 2393 4595 1858 4595 2395 4596 2392 4596 2393 4596 2391 4597 2392 4597 2395 4597 2396 4598 2394 4598 1858 4598 2395 4599 2393 4599 2394 4599 2397 4600 2396 4600 1858 4600 2394 4601 2396 4601 2395 4601 2398 4602 2397 4602 1858 4602 2395 4603 2396 4603 2397 4603 2399 4604 2398 4604 1858 4604 2400 4605 2399 4605 1858 4605 2401 4606 2400 4606 1858 4606 2402 4607 2401 4607 1858 4607 2400 4608 2401 4608 2403 4608 2404 4609 2402 4609 1858 4609 2403 4610 2401 4610 2402 4610 2405 4611 2404 4611 1858 4611 2406 4612 2402 4612 2404 4612 2403 4613 2402 4613 2406 4613 2407 4614 2405 4614 1858 4614 2406 4615 2404 4615 2405 4615 2408 4616 2407 4616 1858 4616 2405 4617 2407 4617 2406 4617 2409 4618 2408 4618 1858 4618 2406 4619 2407 4619 2408 4619 2410 4620 2409 4620 1858 4620 2411 4621 2408 4621 2409 4621 2406 4622 2408 4622 2411 4622 2412 4623 2410 4623 1858 4623 2411 4624 2409 4624 2410 4624 2413 4625 2412 4625 1858 4625 2410 4626 2412 4626 2411 4626 1856 4627 2413 4627 1858 4627 2411 4628 2412 4628 2413 4628 1862 4629 2413 4629 1856 4629 2411 4630 2413 4630 1862 4630 1862 4631 1856 4631 1855 4631 2414 4632 2415 4632 2416 4632 2416 4633 2415 4633 2417 4633 1867 4634 2415 4634 2414 4634 2416 4635 2418 4635 2414 4635 1877 4636 2417 4636 2415 4636 1867 4637 2414 4637 1862 4637 1877 4638 2415 4638 1867 4638 1862 4639 2414 4639 2418 4639 1862 4640 2418 4640 2411 4640 2411 4641 2418 4641 2419 4641 2411 4642 2419 4642 2406 4642 2406 4643 2419 4643 2420 4643 2406 4644 2420 4644 2403 4644 2403 4645 2420 4645 2421 4645 1897 4646 2358 4646 2422 4646 2422 4647 2358 4647 2423 4647 2358 4648 1897 4648 1873 4648 2422 4649 1893 4649 1897 4649 1873 4650 1897 4650 1878 4650 1893 4651 2422 4651 1903 4651 1886 4652 1878 4652 1897 4652 1903 4653 2422 4653 2424 4653 1903 4654 2424 4654 1907 4654 1907 4655 2424 4655 2425 4655 1865 4656 2426 4656 2427 4656 2427 4657 2426 4657 1891 4657 2426 4658 1865 4658 1884 4658 2428 4659 1865 4659 2427 4659 2427 4660 1891 4660 2428 4660 1891 4661 2426 4661 1884 4661 2428 4662 2429 4662 1865 4662 2428 4663 1891 4663 2429 4663 1865 4664 2429 4664 2430 4664 1891 4665 2430 4665 2429 4665 1865 4666 2430 4666 2431 4666 2431 4667 2430 4667 1891 4667 2432 4668 1865 4668 2431 4668 2431 4669 1891 4669 2432 4669 2432 4670 2433 4670 1865 4670 2432 4671 1891 4671 2433 4671 1865 4672 2433 4672 2434 4672 2434 4673 2433 4673 1891 4673 1865 4674 2434 4674 2435 4674 2435 4675 2434 4675 1891 4675 2436 4676 1865 4676 2435 4676 2435 4677 1891 4677 2436 4677 2436 4678 2437 4678 1865 4678 2436 4679 1891 4679 2437 4679 1865 4680 2437 4680 2438 4680 1891 4681 2438 4681 2437 4681 1865 4682 2438 4682 2439 4682 2439 4683 2438 4683 1891 4683 2440 4684 1865 4684 2439 4684 2439 4685 1891 4685 2440 4685 2440 4686 2441 4686 1865 4686 2440 4687 1891 4687 2441 4687 1865 4688 2441 4688 2442 4688 1891 4689 2442 4689 2441 4689 1865 4690 2442 4690 2349 4690 2349 4691 2442 4691 1891 4691 2349 4692 1891 4692 2346 4692 2443 4693 2444 4693 2416 4693 2444 4694 2445 4694 2416 4694 1902 4695 2444 4695 2443 4695 2416 4696 2417 4696 2443 4696 2416 4697 2445 4697 2446 4697 1902 4698 2443 4698 1889 4698 1889 4699 2443 4699 2417 4699 2416 4700 2446 4700 2447 4700 1889 4701 2417 4701 1877 4701 2447 4702 2446 4702 2448 4702 2447 4703 2448 4703 2449 4703 2449 4704 2450 4704 2447 4704 2447 4705 2450 4705 2451 4705 2447 4706 2451 4706 2452 4706 2452 4707 2453 4707 2447 4707 2447 4708 2453 4708 2454 4708 2455 4709 2006 4709 2456 4709 2456 4710 2006 4710 1974 4710 2006 4711 2455 4711 2010 4711 2456 4712 1974 4712 2425 4712 2010 4713 2455 4713 2359 4713 2456 4714 2425 4714 2457 4714 2425 4715 1974 4715 1907 4715 2457 4716 2425 4716 2424 4716 1974 4717 1905 4717 1907 4717 2457 4718 2424 4718 2423 4718 2423 4719 2424 4719 2422 4719 2458 4720 2459 4720 2460 4720 2460 4721 2459 4721 2461 4721 2458 4722 2462 4722 2459 4722 2460 4723 2449 4723 2458 4723 2460 4724 2461 4724 2463 4724 2458 4725 2449 4725 2448 4725 2458 4726 2448 4726 1917 4726 1917 4727 2448 4727 2446 4727 1917 4728 2446 4728 1915 4728 1915 4729 2446 4729 2445 4729 1915 4730 2445 4730 1910 4730 1910 4731 2445 4731 2444 4731 1910 4732 2444 4732 1902 4732 2464 4733 1916 4733 2465 4733 2465 4734 1916 4734 1857 4734 1917 4735 1916 4735 2464 4735 2466 4736 2464 4736 2465 4736 2465 4737 1857 4737 2467 4737 1917 4738 2464 4738 2466 4738 2468 4739 2466 4739 2465 4739 2467 4740 1857 4740 2288 4740 2466 4741 2468 4741 1917 4741 2469 4742 2468 4742 2465 4742 2467 4743 2288 4743 2470 4743 1917 4744 2468 4744 2469 4744 2462 4745 2469 4745 2465 4745 2470 4746 2288 4746 2354 4746 1917 4747 2469 4747 2458 4747 2459 4748 2462 4748 2465 4748 2458 4749 2469 4749 2462 4749 2470 4750 2354 4750 1858 4750 2461 4751 2459 4751 2465 4751 1858 4752 2471 4752 2470 4752 2472 4753 2473 4753 2474 4753 2474 4754 2473 4754 2475 4754 2473 4755 2472 4755 2476 4755 2474 4756 2475 4756 2477 4756 2478 4757 2475 4757 2473 4757 2476 4758 1940 4758 2473 4758 2476 4759 2472 4759 2479 4759 2477 4760 2475 4760 2480 4760 2475 4761 2478 4761 2480 4761 1940 4762 2476 4762 1945 4762 2473 4763 1940 4763 1943 4763 2476 4764 2479 4764 2481 4764 2477 4765 2480 4765 1941 4765 2480 4766 2478 4766 1956 4766 1945 4767 2476 4767 2481 4767 2473 4768 1943 4768 2482 4768 1941 4769 2480 4769 1944 4769 2480 4770 1956 4770 1944 4770 2482 4771 1943 4771 1946 4771 1944 4772 1956 4772 1947 4772 2482 4773 1946 4773 2483 4773 2483 4774 1946 4774 1949 4774 2483 4775 1949 4775 2484 4775 2483 4776 2484 4776 2485 4776 2484 4777 1949 4777 1953 4777 2484 4778 1953 4778 2486 4778 2487 4779 2484 4779 2486 4779 2486 4780 1953 4780 2488 4780 2486 4781 2488 4781 2489 4781 2489 4782 2488 4782 1922 4782 2489 4783 1922 4783 2490 4783 2490 4784 1922 4784 1919 4784 2490 4785 1919 4785 2491 4785 2491 4786 1919 4786 1921 4786 2491 4787 1921 4787 2492 4787 2492 4788 1921 4788 1925 4788 2492 4789 1925 4789 2493 4789 2493 4790 1925 4790 1928 4790 2493 4791 1928 4791 2494 4791 2494 4792 1928 4792 1932 4792 2494 4793 1932 4793 2495 4793 2495 4794 2496 4794 2494 4794 2495 4795 1932 4795 1936 4795 2495 4796 1936 4796 2102 4796 2102 4797 1936 4797 1938 4797 2102 4798 1938 4798 2100 4798 2100 4799 1938 4799 2497 4799 2100 4800 2497 4800 2101 4800 2101 4801 2497 4801 2498 4801 2101 4802 2498 4802 2499 4802 2499 4803 2001 4803 2101 4803 2499 4804 2498 4804 2014 4804 2005 4805 2001 4805 2499 4805 2499 4806 2014 4806 2005 4806 2005 4807 2014 4807 2008 4807 1957 4808 1924 4808 2488 4808 2488 4809 1924 4809 1922 4809 1924 4810 1957 4810 1181 4810 1953 4811 1957 4811 2488 4811 2015 4812 2498 4812 2500 4812 2500 4813 2498 4813 2497 4813 2015 4814 2014 4814 2498 4814 2500 4815 2016 4815 2015 4815 2500 4816 2497 4816 1938 4816 2500 4817 1935 4817 2016 4817 1938 4818 1935 4818 2500 4818 2016 4819 1935 4819 1931 4819 2501 4820 2474 4820 2502 4820 2502 4821 2474 4821 2477 4821 2474 4822 2501 4822 2472 4822 2502 4823 2503 4823 2501 4823 2502 4824 2477 4824 1942 4824 2472 4825 2501 4825 2504 4825 2502 4826 1945 4826 2503 4826 2501 4827 2503 4827 2505 4827 1942 4828 1945 4828 2502 4828 1942 4829 2477 4829 1941 4829 2472 4830 2504 4830 2479 4830 2501 4831 2505 4831 2504 4831 1945 4832 2481 4832 2503 4832 2503 4833 2506 4833 2505 4833 2479 4834 2504 4834 2507 4834 2504 4835 2505 4835 2508 4835 2504 4836 2508 4836 2507 4836 2507 4837 2508 4837 2509 4837 2510 4838 2509 4838 2508 4838 1964 4839 2473 4839 2511 4839 2511 4840 2473 4840 2512 4840 2473 4841 1964 4841 2513 4841 2098 4842 1964 4842 2511 4842 2511 4843 2512 4843 2514 4843 2515 4844 2512 4844 2473 4844 2513 4845 2516 4845 2473 4845 2513 4846 1964 4846 1960 4846 2098 4847 2511 4847 2517 4847 2517 4848 2511 4848 2514 4848 2514 4849 2512 4849 2518 4849 2519 4850 2515 4850 2473 4850 2512 4851 2515 4851 2518 4851 2513 4852 1952 4852 2516 4852 2473 4853 2516 4853 2478 4853 1960 4854 1955 4854 2513 4854 1964 4855 1963 4855 1960 4855 2517 4856 2514 4856 2520 4856 2514 4857 2518 4857 2521 4857 2482 4858 2519 4858 2473 4858 2522 4859 2515 4859 2519 4859 2521 4860 2518 4860 2515 4860 1955 4861 1952 4861 2513 4861 1952 4862 1956 4862 2516 4862 2516 4863 1956 4863 2478 4863 2520 4864 2514 4864 2523 4864 2514 4865 2521 4865 2523 4865 2519 4866 2482 4866 2524 4866 2522 4867 2519 4867 2485 4867 2521 4868 2515 4868 2522 4868 2520 4869 2523 4869 2496 4869 2523 4870 2521 4870 2525 4870 2485 4871 2519 4871 2524 4871 2483 4872 2524 4872 2482 4872 2525 4873 2522 4873 2485 4873 2521 4874 2522 4874 2525 4874 2496 4875 2523 4875 2526 4875 2523 4876 2525 4876 2526 4876 2485 4877 2524 4877 2483 4877 2525 4878 2485 4878 2487 4878 2496 4879 2526 4879 2527 4879 2526 4880 2525 4880 2487 4880 2487 4881 2485 4881 2484 4881 2494 4882 2496 4882 2527 4882 2527 4883 2526 4883 2528 4883 2526 4884 2487 4884 2528 4884 2494 4885 2527 4885 2493 4885 2527 4886 2528 4886 2529 4886 2528 4887 2487 4887 2486 4887 2493 4888 2527 4888 2529 4888 2529 4889 2528 4889 2489 4889 2528 4890 2486 4890 2489 4890 2493 4891 2529 4891 2492 4891 2529 4892 2489 4892 2490 4892 2492 4893 2529 4893 2490 4893 2492 4894 2490 4894 2491 4894 1988 4895 2530 4895 2531 4895 2531 4896 2530 4896 2532 4896 2530 4897 1988 4897 1987 4897 2531 4898 2532 4898 2533 4898 2534 4899 2531 4899 2533 4899 2533 4900 2532 4900 2535 4900 2534 4901 2533 4901 2536 4901 2533 4902 2535 4902 2537 4902 2536 4903 2533 4903 2537 4903 2537 4904 2535 4904 2538 4904 2536 4905 2537 4905 2539 4905 1991 4906 2540 4906 1987 4906 1987 4907 2540 4907 2541 4907 2540 4908 1991 4908 2542 4908 1987 4909 2541 4909 2530 4909 2542 4910 1991 4910 1993 4910 2530 4911 2541 4911 2543 4911 2542 4912 1993 4912 2544 4912 2530 4913 2543 4913 2532 4913 2544 4914 1993 4914 2545 4914 1988 4915 2544 4915 2545 4915 1993 4916 1994 4916 2545 4916 2007 4917 1988 4917 2545 4917 2545 4918 1994 4918 2007 4918 1995 4919 2007 4919 1994 4919 1995 4920 1994 4920 1992 4920 1992 4921 1994 4921 1989 4921 2340 4922 2096 4922 2000 4922 2000 4923 2096 4923 1996 4923 2340 4924 2092 4924 2096 4924 2340 4925 2339 4925 2092 4925 2096 4926 2092 4926 2094 4926 2092 4927 2339 4927 2341 4927 2092 4928 2093 4928 2094 4928 2092 4929 2341 4929 2125 4929 2125 4930 2341 4930 2342 4930 2546 4931 2547 4931 907 4931 907 4932 2547 4932 2548 4932 2547 4933 2546 4933 2549 4933 2548 4934 2547 4934 2549 4934 2549 4935 2546 4935 2550 4935 2548 4936 2549 4936 2551 4936 2549 4937 2550 4937 2050 4937 2549 4938 2552 4938 2551 4938 2550 4939 2049 4939 2050 4939 2552 4940 2553 4940 904 4940 904 4941 2553 4941 2554 4941 2549 4942 2553 4942 2552 4942 2555 4943 2554 4943 2553 4943 2555 4944 2553 4944 2549 4944 2555 4945 2549 4945 839 4945 2549 4946 2050 4946 839 4946 890 4947 1386 4947 1388 4947 1388 4948 2070 4948 890 4948 2556 4949 2557 4949 896 4949 896 4950 2557 4950 2558 4950 2557 4951 2556 4951 2074 4951 2558 4952 2557 4952 2074 4952 2074 4953 2556 4953 2559 4953 2558 4954 2074 4954 2560 4954 2074 4955 2559 4955 2075 4955 2074 4956 2072 4956 2560 4956 2075 4957 2559 4957 2561 4957 2562 4958 2563 4958 2564 4958 2564 4959 2563 4959 2075 4959 2564 4960 2075 4960 2565 4960 2075 4961 2563 4961 839 4961 839 4962 2563 4962 2566 4962 839 4963 2566 4963 2555 4963 2567 4964 2568 4964 2089 4964 2568 4965 2567 4965 2416 4965 2569 4966 2567 4966 2089 4966 2568 4967 2416 4967 2447 4967 2416 4968 2567 4968 2569 4968 2570 4969 2569 4969 2089 4969 2447 4970 2571 4970 2568 4970 2569 4971 2570 4971 2416 4971 2572 4972 2570 4972 2089 4972 2568 4973 2571 4973 2573 4973 2416 4974 2570 4974 2572 4974 2574 4975 2572 4975 2089 4975 2416 4976 2572 4976 2574 4976 2575 4977 2574 4977 2089 4977 2574 4978 2575 4978 2416 4978 2576 4979 2575 4979 2089 4979 2416 4980 2575 4980 2576 4980 2088 4981 2576 4981 2089 4981 2416 4982 2576 4982 2092 4982 2092 4983 2576 4983 2088 4983 2092 4984 2088 4984 2087 4984 2520 4985 2495 4985 2577 4985 2577 4986 2495 4986 2102 4986 2496 4987 2495 4987 2520 4987 2520 4988 2577 4988 2517 4988 2577 4989 2102 4989 2098 4989 2517 4990 2577 4990 2098 4990 2578 4991 2123 4991 2126 4991 2578 4992 2125 4992 2123 4992 2579 4993 2578 4993 2126 4993 2579 4994 2125 4994 2578 4994 2580 4995 2579 4995 2126 4995 2579 4996 2580 4996 2125 4996 2581 4997 2580 4997 2126 4997 2125 4998 2580 4998 2581 4998 2582 4999 2581 4999 2126 4999 2125 5000 2581 5000 2582 5000 2583 5001 2582 5001 2126 5001 2582 5002 2583 5002 2125 5002 2584 5003 2583 5003 2126 5003 2125 5004 2583 5004 2584 5004 2125 5005 2584 5005 2585 5005 2585 5006 2584 5006 2586 5006 2585 5007 2586 5007 2587 5007 2587 5008 2588 5008 2585 5008 2585 5009 2588 5009 2589 5009 2585 5010 2589 5010 2590 5010 2590 5011 2591 5011 2585 5011 2585 5012 2591 5012 2592 5012 2585 5013 2592 5013 2593 5013 2593 5014 2594 5014 2585 5014 2585 5015 2594 5015 2595 5015 2585 5016 2595 5016 2596 5016 2597 5017 2598 5017 2599 5017 2599 5018 2598 5018 2142 5018 2598 5019 2597 5019 2126 5019 2600 5020 2597 5020 2599 5020 2599 5021 2142 5021 2601 5021 2598 5022 2143 5022 2142 5022 2143 5023 2598 5023 2126 5023 2126 5024 2597 5024 2602 5024 2600 5025 2599 5025 2603 5025 2602 5026 2597 5026 2600 5026 2603 5027 2599 5027 2601 5027 2601 5028 2142 5028 2141 5028 2128 5029 2143 5029 2126 5029 2126 5030 2602 5030 2604 5030 2600 5031 2604 5031 2602 5031 2603 5032 2601 5032 2605 5032 2601 5033 2141 5033 2606 5033 2124 5034 2128 5034 2126 5034 2604 5035 2607 5035 2126 5035 2607 5036 2604 5036 2600 5036 2605 5037 2601 5037 2606 5037 2606 5038 2141 5038 2137 5038 2606 5039 2137 5039 2262 5039 2262 5040 2137 5040 2133 5040 2262 5041 2133 5041 2257 5041 2257 5042 2133 5042 2130 5042 2257 5043 2130 5043 2253 5043 2253 5044 2130 5044 2131 5044 2253 5045 2131 5045 2140 5045 2283 5046 2281 5046 2608 5046 2608 5047 2281 5047 1594 5047 2609 5048 2283 5048 2608 5048 2608 5049 1594 5049 2610 5049 2283 5050 2609 5050 2282 5050 2610 5051 1594 5051 2611 5051 2610 5052 2611 5052 2612 5052 2613 5053 2611 5053 1594 5053 2612 5054 2611 5054 2613 5054 2614 5055 2613 5055 1594 5055 2612 5056 2613 5056 2614 5056 2614 5057 1594 5057 2615 5057 2615 5058 1594 5058 2616 5058 2615 5059 2616 5059 2617 5059 1594 5060 2618 5060 2616 5060 2617 5061 2616 5061 2618 5061 2619 5062 2618 5062 1594 5062 2617 5063 2618 5063 2619 5063 2619 5064 1594 5064 2620 5064 2617 5065 2619 5065 2620 5065 2620 5066 1594 5066 2621 5066 2620 5067 2621 5067 2617 5067 1594 5068 2145 5068 2621 5068 2617 5069 2621 5069 2144 5069 2144 5070 2621 5070 2145 5070 2617 5071 2144 5071 2622 5071 2622 5072 2144 5072 2623 5072 2622 5073 2623 5073 2624 5073 2150 5074 2623 5074 2144 5074 2624 5075 2623 5075 2625 5075 2150 5076 2144 5076 2147 5076 2626 5077 2623 5077 2150 5077 2624 5078 2625 5078 2627 5078 2626 5079 2625 5079 2623 5079 2147 5080 2148 5080 2150 5080 2147 5081 2144 5081 2146 5081 2155 5082 2626 5082 2150 5082 2627 5083 2628 5083 2624 5083 2627 5084 2625 5084 2163 5084 2163 5085 2625 5085 2626 5085 2155 5086 2150 5086 2152 5086 2161 5087 2626 5087 2155 5087 2627 5088 2163 5088 2629 5088 2161 5089 2163 5089 2626 5089 2152 5090 2153 5090 2155 5090 2629 5091 2163 5091 2630 5091 2629 5092 2630 5092 2631 5092 2163 5093 2632 5093 2630 5093 2631 5094 2630 5094 2633 5094 2630 5095 2632 5095 2634 5095 2631 5096 2633 5096 2635 5096 2630 5097 2634 5097 2633 5097 2635 5098 2633 5098 2636 5098 2633 5099 2634 5099 2637 5099 2635 5100 2636 5100 2638 5100 2633 5101 2637 5101 2636 5101 2638 5102 2636 5102 2639 5102 2636 5103 2637 5103 2640 5103 2638 5104 2639 5104 2641 5104 2636 5105 2640 5105 2639 5105 2641 5106 2639 5106 2642 5106 2639 5107 2640 5107 2643 5107 2641 5108 2642 5108 2644 5108 2639 5109 2643 5109 2642 5109 2644 5110 2642 5110 2645 5110 2642 5111 2643 5111 2646 5111 2644 5112 2645 5112 2647 5112 2642 5113 2646 5113 2645 5113 2647 5114 2645 5114 2648 5114 2645 5115 2646 5115 2649 5115 2647 5116 2648 5116 2650 5116 2651 5117 2652 5117 2089 5117 2089 5118 2652 5118 2653 5118 2652 5119 2651 5119 2654 5119 2655 5120 2651 5120 2089 5120 2089 5121 2653 5121 2299 5121 2654 5122 2651 5122 2656 5122 2657 5123 2655 5123 2089 5123 2651 5124 2655 5124 2656 5124 2299 5125 2653 5125 2301 5125 2654 5126 2656 5126 2658 5126 2659 5127 2657 5127 2089 5127 2656 5128 2655 5128 2657 5128 2301 5129 2653 5129 2660 5129 2658 5130 2656 5130 2661 5130 2662 5131 2659 5131 2089 5131 2663 5132 2657 5132 2659 5132 2656 5133 2657 5133 2663 5133 2301 5134 2660 5134 2302 5134 2632 5135 2660 5135 2653 5135 2663 5136 2661 5136 2656 5136 2664 5137 2662 5137 2089 5137 2665 5138 2659 5138 2662 5138 2663 5139 2659 5139 2665 5139 2302 5140 2660 5140 2666 5140 2667 5141 2660 5141 2632 5141 2662 5142 2664 5142 2668 5142 2665 5143 2662 5143 2669 5143 2665 5144 2670 5144 2663 5144 2302 5145 2666 5145 2308 5145 2667 5146 2666 5146 2660 5146 2671 5147 2667 5147 2632 5147 2669 5148 2662 5148 2668 5148 2672 5149 2668 5149 2664 5149 2669 5150 2673 5150 2665 5150 2308 5151 2666 5151 2674 5151 2675 5152 2666 5152 2667 5152 2671 5153 2632 5153 2676 5153 2677 5154 2667 5154 2671 5154 2669 5155 2668 5155 2672 5155 2672 5156 2664 5156 2678 5156 2673 5157 2669 5157 2672 5157 2308 5158 2674 5158 2165 5158 2675 5159 2674 5159 2666 5159 2677 5160 2675 5160 2667 5160 2679 5161 2671 5161 2676 5161 2676 5162 2632 5162 2680 5162 2681 5163 2677 5163 2671 5163 2678 5164 2664 5164 2682 5164 2165 5165 2674 5165 2683 5165 2683 5166 2674 5166 2675 5166 2683 5167 2675 5167 2677 5167 2679 5168 2676 5168 2684 5168 2681 5169 2671 5169 2679 5169 2676 5170 2680 5170 2685 5170 2163 5171 2680 5171 2632 5171 2686 5172 2677 5172 2681 5172 2165 5173 2683 5173 2686 5173 2686 5174 2683 5174 2677 5174 2687 5175 2679 5175 2684 5175 2684 5176 2676 5176 2685 5176 2688 5177 2681 5177 2679 5177 2685 5178 2680 5178 2689 5178 2690 5179 2680 5179 2163 5179 2688 5180 2686 5180 2681 5180 2163 5181 2165 5181 2686 5181 2684 5182 2691 5182 2687 5182 2687 5183 2688 5183 2679 5183 2684 5184 2685 5184 2691 5184 2685 5185 2689 5185 2692 5185 2680 5186 2693 5186 2689 5186 2687 5187 2690 5187 2163 5187 2690 5188 2694 5188 2680 5188 2163 5189 2686 5189 2688 5189 2687 5190 2691 5190 2690 5190 2163 5191 2688 5191 2687 5191 2691 5192 2685 5192 2692 5192 2692 5193 2689 5193 2695 5193 2680 5194 2696 5194 2693 5194 2689 5195 2693 5195 2696 5195 2697 5196 2694 5196 2690 5196 2698 5197 2680 5197 2694 5197 2691 5198 2692 5198 2690 5198 2690 5199 2692 5199 2695 5199 2699 5200 2695 5200 2689 5200 2700 5201 2696 5201 2680 5201 2689 5202 2696 5202 2700 5202 2690 5203 2699 5203 2697 5203 2697 5204 2689 5204 2694 5204 2698 5205 2694 5205 2689 5205 2700 5206 2680 5206 2698 5206 2690 5207 2695 5207 2699 5207 2699 5208 2689 5208 2697 5208 2698 5209 2689 5209 2700 5209 2701 5210 2702 5210 2200 5210 2200 5211 2702 5211 2202 5211 2702 5212 2701 5212 2208 5212 2703 5213 2701 5213 2200 5213 2702 5214 2208 5214 2202 5214 2208 5215 2701 5215 2704 5215 2703 5216 2200 5216 2203 5216 2704 5217 2701 5217 2703 5217 2208 5218 2704 5218 2705 5218 2706 5219 2703 5219 2203 5219 2707 5220 2704 5220 2703 5220 2705 5221 2704 5221 2707 5221 2706 5222 2203 5222 2205 5222 2707 5223 2703 5223 2706 5223 2708 5224 2705 5224 2224 5224 2224 5225 2705 5225 2707 5225 2705 5226 2708 5226 2208 5226 2228 5227 2708 5227 2224 5227 2224 5228 2707 5228 2219 5228 2208 5229 2708 5229 2228 5229 2219 5230 2707 5230 2706 5230 2208 5231 2228 5231 2229 5231 2219 5232 2706 5232 2214 5232 2229 5233 2230 5233 2208 5233 2214 5234 2706 5234 2205 5234 2214 5235 2205 5235 2209 5235 2236 5236 2709 5236 2710 5236 2709 5237 2711 5237 2710 5237 2236 5238 2712 5238 2709 5238 2710 5239 2713 5239 2236 5239 2709 5240 2712 5240 2714 5240 2236 5241 2713 5241 2715 5241 2709 5242 2714 5242 2716 5242 2236 5243 2715 5243 2717 5243 2717 5244 2718 5244 2236 5244 2236 5245 2718 5245 2232 5245 2236 5246 2232 5246 2231 5246 2719 5247 2720 5247 2233 5247 2233 5248 2720 5248 2721 5248 2722 5249 2719 5249 2233 5249 2233 5250 2721 5250 2723 5250 2724 5251 2722 5251 2233 5251 2722 5252 2725 5252 2719 5252 2233 5253 2723 5253 2726 5253 2723 5254 2721 5254 2727 5254 2728 5255 2724 5255 2233 5255 2724 5256 2729 5256 2722 5256 2722 5257 2729 5257 2725 5257 2726 5258 2730 5258 2233 5258 2723 5259 2727 5259 2726 5259 2731 5260 2728 5260 2233 5260 2724 5261 2728 5261 2729 5261 2726 5262 2727 5262 2730 5262 2233 5263 2730 5263 2732 5263 2733 5264 2731 5264 2233 5264 2729 5265 2728 5265 2731 5265 2727 5266 2732 5266 2730 5266 2233 5267 2732 5267 2240 5267 2734 5268 2733 5268 2233 5268 2735 5269 2731 5269 2733 5269 2729 5270 2731 5270 2735 5270 2727 5271 2736 5271 2732 5271 2240 5272 2732 5272 2736 5272 2737 5273 2734 5273 2233 5273 2738 5274 2733 5274 2734 5274 2735 5275 2733 5275 2738 5275 2240 5276 2736 5276 2243 5276 2739 5277 2737 5277 2233 5277 2738 5278 2734 5278 2737 5278 2243 5279 2736 5279 2740 5279 2741 5280 2739 5280 2233 5280 2737 5281 2739 5281 2738 5281 2243 5282 2740 5282 2742 5282 2743 5283 2741 5283 2233 5283 2738 5284 2739 5284 2741 5284 2742 5285 2740 5285 2744 5285 2745 5286 2743 5286 2233 5286 2716 5287 2741 5287 2743 5287 2738 5288 2741 5288 2716 5288 2742 5289 2744 5289 2746 5289 2747 5290 2745 5290 2233 5290 2716 5291 2743 5291 2745 5291 2746 5292 2744 5292 2748 5292 2749 5293 2747 5293 2233 5293 2745 5294 2747 5294 2716 5294 2746 5295 2748 5295 2750 5295 2751 5296 2749 5296 2233 5296 2709 5297 2747 5297 2749 5297 2716 5298 2747 5298 2709 5298 2750 5299 2748 5299 2752 5299 2753 5300 2751 5300 2233 5300 2709 5301 2749 5301 2751 5301 2750 5302 2752 5302 2754 5302 2755 5303 2753 5303 2233 5303 2751 5304 2753 5304 2709 5304 2754 5305 2752 5305 2756 5305 2757 5306 2755 5306 2233 5306 2709 5307 2753 5307 2755 5307 2754 5308 2756 5308 2758 5308 2759 5309 2757 5309 2233 5309 2709 5310 2755 5310 2757 5310 2758 5311 2756 5311 2760 5311 2711 5312 2759 5312 2233 5312 2757 5313 2759 5313 2709 5313 2758 5314 2760 5314 2761 5314 2710 5315 2711 5315 2233 5315 2709 5316 2759 5316 2711 5316 2761 5317 2760 5317 2762 5317 2713 5318 2710 5318 2233 5318 2761 5319 2762 5319 2763 5319 2715 5320 2713 5320 2233 5320 2763 5321 2762 5321 2764 5321 2717 5322 2715 5322 2233 5322 2763 5323 2764 5323 2765 5323 2718 5324 2717 5324 2233 5324 2765 5325 2764 5325 2766 5325 2232 5326 2718 5326 2233 5326 2765 5327 2766 5327 2767 5327 2767 5328 2766 5328 2768 5328 2767 5329 2768 5329 2769 5329 2714 5330 2712 5330 2125 5330 2125 5331 2712 5331 2770 5331 2770 5332 2771 5332 2125 5332 2236 5333 2770 5333 2712 5333 2239 5334 2771 5334 2770 5334 2125 5335 2771 5335 2772 5335 2239 5336 2770 5336 2236 5336 2246 5337 2771 5337 2239 5337 2125 5338 2772 5338 2773 5338 2246 5339 2772 5339 2771 5339 2773 5340 2774 5340 2125 5340 2252 5341 2773 5341 2772 5341 2252 5342 2772 5342 2246 5342 2259 5343 2774 5343 2773 5343 2125 5344 2774 5344 2275 5344 2259 5345 2773 5345 2252 5345 2266 5346 2774 5346 2259 5346 2125 5347 2275 5347 2775 5347 2266 5348 2275 5348 2774 5348 2273 5349 2775 5349 2275 5349 2776 5350 2777 5350 2778 5350 2778 5351 2777 5351 2779 5351 2777 5352 2776 5352 2780 5352 2778 5353 2781 5353 2776 5353 2778 5354 2779 5354 2255 5354 2778 5355 2255 5355 2782 5355 2782 5356 2255 5356 2250 5356 2782 5357 2250 5357 2783 5357 2782 5358 2783 5358 2784 5358 2783 5359 2250 5359 2247 5359 2784 5360 2783 5360 2742 5360 2783 5361 2247 5361 2242 5361 2243 5362 2742 5362 2783 5362 2242 5363 2243 5363 2783 5363 2785 5364 2786 5364 2255 5364 2255 5365 2786 5365 2260 5365 2786 5366 2785 5366 2787 5366 2788 5367 2785 5367 2255 5367 2779 5368 2788 5368 2255 5368 2789 5369 2790 5369 2791 5369 2792 5370 2789 5370 2791 5370 2791 5371 2793 5371 2792 5371 2793 5372 2791 5372 2794 5372 2794 5373 2791 5373 2795 5373 2794 5374 2795 5374 2796 5374 2796 5375 2795 5375 2797 5375 2796 5376 2797 5376 2798 5376 2798 5377 2797 5377 2799 5377 2798 5378 2799 5378 2800 5378 2800 5379 2799 5379 2801 5379 2800 5380 2801 5380 2802 5380 2802 5381 2803 5381 2800 5381 2802 5382 2801 5382 2804 5382 2260 5383 2802 5383 2804 5383 2804 5384 2264 5384 2260 5384 2805 5385 2806 5385 2807 5385 2807 5386 2806 5386 2808 5386 2807 5387 2808 5387 2809 5387 2809 5388 2810 5388 2807 5388 2809 5389 2808 5389 2811 5389 2809 5390 2811 5390 2812 5390 2813 5391 2809 5391 2812 5391 2812 5392 2811 5392 2814 5392 2812 5393 2814 5393 2815 5393 2815 5394 2814 5394 2816 5394 2817 5395 2815 5395 2816 5395 2817 5396 2816 5396 2818 5396 2817 5397 2818 5397 2271 5397 2269 5398 2817 5398 2271 5398 2271 5399 2818 5399 2819 5399 2271 5400 2819 5400 2267 5400 2267 5401 2819 5401 2820 5401 2267 5402 2820 5402 2605 5402 2605 5403 2606 5403 2267 5403 2267 5404 2606 5404 2262 5404 2821 5405 2822 5405 2791 5405 2791 5406 2822 5406 2823 5406 2791 5407 2823 5407 2795 5407 2795 5408 2823 5408 2824 5408 2795 5409 2824 5409 2797 5409 2797 5410 2824 5410 2825 5410 2797 5411 2825 5411 2799 5411 2799 5412 2825 5412 2826 5412 2799 5413 2826 5413 2801 5413 2801 5414 2826 5414 2827 5414 2801 5415 2827 5415 2828 5415 2801 5416 2828 5416 2804 5416 2828 5417 2827 5417 2815 5417 2804 5418 2828 5418 2264 5418 2828 5419 2815 5419 2817 5419 2269 5420 2264 5420 2828 5420 2828 5421 2817 5421 2269 5421 2829 5422 2830 5422 2831 5422 2831 5423 2830 5423 2832 5423 2829 5424 2831 5424 2833 5424 2831 5425 2832 5425 2775 5425 2833 5426 2831 5426 2834 5426 2278 5427 2831 5427 2775 5427 2775 5428 2832 5428 2835 5428 2282 5429 2834 5429 2831 5429 2278 5430 2775 5430 2273 5430 2282 5431 2831 5431 2278 5431 2775 5432 2835 5432 2125 5432 2836 5433 2835 5433 2832 5433 2125 5434 2835 5434 2837 5434 2836 5435 2832 5435 2838 5435 2839 5436 2835 5436 2836 5436 2125 5437 2837 5437 2840 5437 2839 5438 2837 5438 2835 5438 2841 5439 2840 5439 2837 5439 2841 5440 2837 5440 2839 5440 2353 5441 2284 5441 2311 5441 2311 5442 2284 5442 2285 5442 2284 5443 2353 5443 2286 5443 2285 5444 1653 5444 2311 5444 2286 5445 2353 5445 2355 5445 2286 5446 2355 5446 2287 5446 2287 5447 2355 5447 2356 5447 2287 5448 2356 5448 2842 5448 2287 5449 2842 5449 2288 5449 2842 5450 2356 5450 2354 5450 2842 5451 2354 5451 2288 5451 2843 5452 2316 5452 2844 5452 2844 5453 2316 5453 2319 5453 2316 5454 2843 5454 2034 5454 2371 5455 2843 5455 2844 5455 2844 5456 2319 5456 2373 5456 2034 5457 2843 5457 2845 5457 2371 5458 2844 5458 2370 5458 2845 5459 2843 5459 2371 5459 2370 5460 2844 5460 2373 5460 2373 5461 2319 5461 2323 5461 2034 5462 2845 5462 2369 5462 2366 5463 2845 5463 2371 5463 2369 5464 2845 5464 2366 5464 2846 5465 2847 5465 2848 5465 2848 5466 2847 5466 2849 5466 2847 5467 2846 5467 2850 5467 2848 5468 2376 5468 2846 5468 2848 5469 2849 5469 2851 5469 2850 5470 2846 5470 2852 5470 2376 5471 2848 5471 2851 5471 2846 5472 2376 5472 2375 5472 2851 5473 2849 5473 2853 5473 2850 5474 2852 5474 2854 5474 2846 5475 2375 5475 2852 5475 2854 5476 2852 5476 2855 5476 2852 5477 2375 5477 2856 5477 2855 5478 2324 5478 2854 5478 2852 5479 2856 5479 2855 5479 2325 5480 2856 5480 2375 5480 2322 5481 2324 5481 2855 5481 2855 5482 2856 5482 2322 5482 2321 5483 2856 5483 2325 5483 2321 5484 2322 5484 2856 5484 2857 5485 2456 5485 2858 5485 2858 5486 2456 5486 2457 5486 2456 5487 2857 5487 2455 5487 2858 5488 2457 5488 2859 5488 2455 5489 2857 5489 2860 5489 2859 5490 2457 5490 2423 5490 2455 5491 2860 5491 2359 5491 2359 5492 2860 5492 2861 5492 2359 5493 2861 5493 2862 5493 2358 5494 2359 5494 2862 5494 2862 5495 2861 5495 2863 5495 2864 5496 2863 5496 2861 5496 2865 5497 2847 5497 2866 5497 2866 5498 2847 5498 2850 5498 2847 5499 2865 5499 2849 5499 2866 5500 2850 5500 2867 5500 2849 5501 2865 5501 2868 5501 2867 5502 2850 5502 2854 5502 2849 5503 2868 5503 2869 5503 2509 5504 2868 5504 2865 5504 2867 5505 2854 5505 2374 5505 2869 5506 2853 5506 2849 5506 2869 5507 2868 5507 2510 5507 2507 5508 2509 5508 2865 5508 2868 5509 2509 5509 2510 5509 2374 5510 2854 5510 2324 5510 2853 5511 2869 5511 2870 5511 2870 5512 2869 5512 2510 5512 2870 5513 2510 5513 2505 5513 2505 5514 2506 5514 2870 5514 2505 5515 2510 5515 2508 5515 2871 5516 2867 5516 2851 5516 2851 5517 2867 5517 2374 5517 2867 5518 2871 5518 2866 5518 2851 5519 2853 5519 2871 5519 2851 5520 2374 5520 2376 5520 2866 5521 2871 5521 2872 5521 2871 5522 2853 5522 2870 5522 2376 5523 2374 5523 2372 5523 2866 5524 2872 5524 2865 5524 2871 5525 2870 5525 2872 5525 2865 5526 2872 5526 2873 5526 2872 5527 2870 5527 2506 5527 2873 5528 2507 5528 2865 5528 2872 5529 2506 5529 2873 5529 2479 5530 2507 5530 2873 5530 2873 5531 2506 5531 2481 5531 2481 5532 2479 5532 2873 5532 2503 5533 2481 5533 2506 5533 2874 5534 2471 5534 1858 5534 2874 5535 2875 5535 2471 5535 2876 5536 2874 5536 1858 5536 2874 5537 2877 5537 2875 5537 2878 5538 2876 5538 1858 5538 2876 5539 2877 5539 2874 5539 2879 5540 2878 5540 1858 5540 2876 5541 2878 5541 2877 5541 2880 5542 2879 5542 1858 5542 2877 5543 2878 5543 2879 5543 2881 5544 2880 5544 1858 5544 2882 5545 2879 5545 2880 5545 2877 5546 2879 5546 2882 5546 2883 5547 2881 5547 1858 5547 2882 5548 2880 5548 2881 5548 2884 5549 2883 5549 1858 5549 2883 5550 2882 5550 2881 5550 2885 5551 2884 5551 1858 5551 2884 5552 2886 5552 2883 5552 2883 5553 2886 5553 2882 5553 2887 5554 2885 5554 1858 5554 2884 5555 2885 5555 2886 5555 2886 5556 2888 5556 2882 5556 2889 5557 2887 5557 1858 5557 2886 5558 2885 5558 2887 5558 2890 5559 2889 5559 1858 5559 2891 5560 2887 5560 2889 5560 2886 5561 2887 5561 2891 5561 2892 5562 2890 5562 1858 5562 2891 5563 2889 5563 2890 5563 2893 5564 2892 5564 1858 5564 2892 5565 2891 5565 2890 5565 2894 5566 2893 5566 1858 5566 2893 5567 2895 5567 2892 5567 2892 5568 2895 5568 2891 5568 2896 5569 2894 5569 1858 5569 2893 5570 2894 5570 2895 5570 2897 5571 2896 5571 1858 5571 2895 5572 2894 5572 2896 5572 2379 5573 2897 5573 1858 5573 2380 5574 2896 5574 2897 5574 2895 5575 2896 5575 2380 5575 2380 5576 2897 5576 2379 5576 2395 5577 2398 5577 2403 5577 2403 5578 2398 5578 2399 5578 2395 5579 2397 5579 2398 5579 2403 5580 2421 5580 2395 5580 2403 5581 2399 5581 2400 5581 2395 5582 2421 5582 2898 5582 2395 5583 2898 5583 2391 5583 2391 5584 2898 5584 2899 5584 2391 5585 2899 5585 2387 5585 2387 5586 2899 5586 2900 5586 2387 5587 2900 5587 2382 5587 2382 5588 2900 5588 2901 5588 2382 5589 2901 5589 2380 5589 2380 5590 2901 5590 2902 5590 2380 5591 2902 5591 2895 5591 2895 5592 2902 5592 2903 5592 2895 5593 2903 5593 2891 5593 2891 5594 2903 5594 2904 5594 2891 5595 2904 5595 2886 5595 2886 5596 2904 5596 2888 5596 2840 5597 2905 5597 2125 5597 2125 5598 2905 5598 2906 5598 2907 5599 2905 5599 2840 5599 2125 5600 2906 5600 2908 5600 2909 5601 2906 5601 2905 5601 2907 5602 2840 5602 2841 5602 2909 5603 2905 5603 2907 5603 2908 5604 2910 5604 2125 5604 2875 5605 2908 5605 2906 5605 2875 5606 2906 5606 2909 5606 2877 5607 2910 5607 2908 5607 2125 5608 2910 5608 2888 5608 2877 5609 2908 5609 2875 5609 2882 5610 2910 5610 2877 5610 2125 5611 2888 5611 2092 5611 2882 5612 2888 5612 2910 5612 2092 5613 2888 5613 2904 5613 2092 5614 2904 5614 2903 5614 2903 5615 2902 5615 2092 5615 2092 5616 2902 5616 2901 5616 2092 5617 2901 5617 2900 5617 2900 5618 2899 5618 2092 5618 2092 5619 2899 5619 2898 5619 2092 5620 2898 5620 2421 5620 2421 5621 2420 5621 2092 5621 2092 5622 2420 5622 2419 5622 2092 5623 2419 5623 2416 5623 2416 5624 2419 5624 2418 5624 2911 5625 2857 5625 2912 5625 2912 5626 2857 5626 2858 5626 2857 5627 2911 5627 2860 5627 2912 5628 2858 5628 2913 5628 2860 5629 2911 5629 2914 5629 2913 5630 2858 5630 2859 5630 2860 5631 2914 5631 2861 5631 2358 5632 2913 5632 2859 5632 2861 5633 2914 5633 2915 5633 2859 5634 2423 5634 2358 5634 2916 5635 2917 5635 2918 5635 2918 5636 2917 5636 2919 5636 2916 5637 2920 5637 2917 5637 2918 5638 2453 5638 2916 5638 2918 5639 2919 5639 2921 5639 2916 5640 2453 5640 2452 5640 2916 5641 2452 5641 2922 5641 2922 5642 2452 5642 2451 5642 2922 5643 2451 5643 2923 5643 2923 5644 2451 5644 2450 5644 2923 5645 2450 5645 2460 5645 2460 5646 2450 5646 2449 5646 2924 5647 2925 5647 2447 5647 2926 5648 2925 5648 2924 5648 2447 5649 2454 5649 2924 5649 2926 5650 2924 5650 2927 5650 2927 5651 2924 5651 2454 5651 2927 5652 2454 5652 2918 5652 2918 5653 2454 5653 2453 5653 2463 5654 2461 5654 2467 5654 2467 5655 2461 5655 2465 5655 2928 5656 2463 5656 2467 5656 2929 5657 2928 5657 2467 5657 2928 5658 2460 5658 2463 5658 2930 5659 2929 5659 2467 5659 2929 5660 2923 5660 2928 5660 2928 5661 2923 5661 2460 5661 2931 5662 2930 5662 2467 5662 2930 5663 2923 5663 2929 5663 2932 5664 2931 5664 2467 5664 2931 5665 2922 5665 2930 5665 2930 5666 2922 5666 2923 5666 2933 5667 2932 5667 2467 5667 2931 5668 2932 5668 2922 5668 2920 5669 2933 5669 2467 5669 2922 5670 2932 5670 2933 5670 2917 5671 2920 5671 2467 5671 2916 5672 2933 5672 2920 5672 2922 5673 2933 5673 2916 5673 2919 5674 2917 5674 2467 5674 2921 5675 2919 5675 2467 5675 2934 5676 2921 5676 2467 5676 2921 5677 2934 5677 2918 5677 2918 5678 2934 5678 2935 5678 2918 5679 2935 5679 2927 5679 2927 5680 2935 5680 2936 5680 2927 5681 2936 5681 2937 5681 2935 5682 2934 5682 2470 5682 2470 5683 2934 5683 2467 5683 2936 5684 2935 5684 2470 5684 2937 5685 2936 5685 2470 5685 2938 5686 2937 5686 2470 5686 2939 5687 2938 5687 2470 5687 2938 5688 2927 5688 2937 5688 2940 5689 2939 5689 2470 5689 2939 5690 2926 5690 2938 5690 2938 5691 2926 5691 2927 5691 2941 5692 2940 5692 2470 5692 2940 5693 2926 5693 2939 5693 2942 5694 2941 5694 2470 5694 2941 5695 2926 5695 2940 5695 2943 5696 2942 5696 2470 5696 2942 5697 2838 5697 2941 5697 2941 5698 2838 5698 2926 5698 2944 5699 2943 5699 2470 5699 2942 5700 2943 5700 2838 5700 2945 5701 2944 5701 2470 5701 2838 5702 2943 5702 2944 5702 2946 5703 2945 5703 2470 5703 2836 5704 2944 5704 2945 5704 2838 5705 2944 5705 2836 5705 2947 5706 2946 5706 2470 5706 2839 5707 2945 5707 2946 5707 2836 5708 2945 5708 2839 5708 2948 5709 2947 5709 2470 5709 2839 5710 2946 5710 2947 5710 2949 5711 2948 5711 2470 5711 2948 5712 2839 5712 2947 5712 2950 5713 2949 5713 2470 5713 2949 5714 2841 5714 2948 5714 2948 5715 2841 5715 2839 5715 2951 5716 2950 5716 2470 5716 2949 5717 2950 5717 2841 5717 2952 5718 2951 5718 2470 5718 2841 5719 2950 5719 2951 5719 2953 5720 2952 5720 2470 5720 2907 5721 2951 5721 2952 5721 2841 5722 2951 5722 2907 5722 2954 5723 2953 5723 2470 5723 2907 5724 2952 5724 2953 5724 2955 5725 2954 5725 2470 5725 2954 5726 2907 5726 2953 5726 2956 5727 2955 5727 2470 5727 2955 5728 2909 5728 2954 5728 2954 5729 2909 5729 2907 5729 2957 5730 2956 5730 2470 5730 2955 5731 2956 5731 2909 5731 2958 5732 2957 5732 2470 5732 2909 5733 2956 5733 2957 5733 2471 5734 2958 5734 2470 5734 2875 5735 2957 5735 2958 5735 2909 5736 2957 5736 2875 5736 2875 5737 2958 5737 2471 5737 2536 5738 2540 5738 2534 5738 2534 5739 2540 5739 2542 5739 2540 5740 2536 5740 2541 5740 2534 5741 2542 5741 2959 5741 2541 5742 2536 5742 2539 5742 2959 5743 2531 5743 2534 5743 2959 5744 2542 5744 2544 5744 2541 5745 2539 5745 2543 5745 2531 5746 2959 5746 1988 5746 1988 5747 2959 5747 2544 5747 2543 5748 2539 5748 2960 5748 2543 5749 2960 5749 2961 5749 2961 5750 2960 5750 2962 5750 2963 5751 2964 5751 2965 5751 2965 5752 2964 5752 2966 5752 2964 5753 2963 5753 2967 5753 2965 5754 2966 5754 2968 5754 2967 5755 2963 5755 2969 5755 2968 5756 2966 5756 2538 5756 2968 5757 2538 5757 2970 5757 2970 5758 2538 5758 2535 5758 2970 5759 2535 5759 2961 5759 2961 5760 2535 5760 2532 5760 2532 5761 2543 5761 2961 5761 2971 5762 2964 5762 2972 5762 2972 5763 2964 5763 2967 5763 2964 5764 2971 5764 2973 5764 2972 5765 2961 5765 2971 5765 2973 5766 2966 5766 2964 5766 2973 5767 2971 5767 2974 5767 2971 5768 2961 5768 2962 5768 2966 5769 2973 5769 2538 5769 2538 5770 2973 5770 2974 5770 2971 5771 2962 5771 2974 5771 2538 5772 2974 5772 2537 5772 2974 5773 2962 5773 2975 5773 2537 5774 2974 5774 2975 5774 2960 5775 2975 5775 2962 5775 2537 5776 2975 5776 2539 5776 2539 5777 2975 5777 2960 5777 2976 5778 2977 5778 900 5778 900 5779 2977 5779 2978 5779 2555 5780 2977 5780 2976 5780 2566 5781 2978 5781 2977 5781 2555 5782 2976 5782 2979 5782 2566 5783 2977 5783 2555 5783 2979 5784 2554 5784 2555 5784 890 5785 2069 5785 892 5785 2070 5786 2069 5786 890 5786 2565 5787 2980 5787 896 5787 896 5788 2980 5788 2561 5788 2565 5789 2075 5789 2980 5789 2075 5790 2561 5790 2980 5790 2981 5791 2982 5791 900 5791 900 5792 2982 5792 2562 5792 2563 5793 2982 5793 2981 5793 2562 5794 2982 5794 2563 5794 2563 5795 2981 5795 2566 5795 2981 5796 2978 5796 2566 5796 2568 5797 2983 5797 2682 5797 2682 5798 2983 5798 2984 5798 2568 5799 2573 5799 2983 5799 2089 5800 2568 5800 2682 5800 2682 5801 2984 5801 2985 5801 2983 5802 2986 5802 2984 5802 2682 5803 2664 5803 2089 5803 2678 5804 2682 5804 2985 5804 2985 5805 2984 5805 2987 5805 2988 5806 2987 5806 2984 5806 2989 5807 2571 5807 2990 5807 2990 5808 2571 5808 2447 5808 2991 5809 2571 5809 2989 5809 2989 5810 2990 5810 2992 5810 2991 5811 2989 5811 2993 5811 2989 5812 2992 5812 2993 5812 2573 5813 2833 5813 2585 5813 2833 5814 2994 5814 2585 5814 2995 5815 2833 5815 2573 5815 2983 5816 2573 5816 2585 5816 2585 5817 2994 5817 2996 5817 2997 5818 2995 5818 2573 5818 2585 5819 2986 5819 2983 5819 2585 5820 2996 5820 2998 5820 2994 5821 2999 5821 2996 5821 2997 5822 2573 5822 3000 5822 2996 5823 3001 5823 2998 5823 2996 5824 2999 5824 3002 5824 2997 5825 3000 5825 2829 5825 3000 5826 2573 5826 2571 5826 2996 5827 3002 5827 3001 5827 2829 5828 3000 5828 2830 5828 3000 5829 2571 5829 2991 5829 3000 5830 2991 5830 2830 5830 2586 5831 2584 5831 3003 5831 3003 5832 2584 5832 2126 5832 2587 5833 2586 5833 3003 5833 3003 5834 2126 5834 3004 5834 2588 5835 2587 5835 3003 5835 3003 5836 3004 5836 3005 5836 3004 5837 2126 5837 3006 5837 2589 5838 2588 5838 3003 5838 3005 5839 3007 5839 3003 5839 3005 5840 3004 5840 3008 5840 3004 5841 3006 5841 3008 5841 2590 5842 2589 5842 3003 5842 3005 5843 3008 5843 3009 5843 3008 5844 3006 5844 3010 5844 2591 5845 2590 5845 3003 5845 3009 5846 3008 5846 3011 5846 3008 5847 3010 5847 3011 5847 3009 5848 3011 5848 3012 5848 3011 5849 3010 5849 3013 5849 3012 5850 3014 5850 3009 5850 3012 5851 3011 5851 3015 5851 3011 5852 3013 5852 3015 5852 3012 5853 3016 5853 3014 5853 3012 5854 3015 5854 3017 5854 3015 5855 3013 5855 3018 5855 3017 5856 3016 5856 3012 5856 3017 5857 3015 5857 3019 5857 3015 5858 3018 5858 3019 5858 3017 5859 3019 5859 3020 5859 3019 5860 3018 5860 3021 5860 3020 5861 3019 5861 3022 5861 3019 5862 3021 5862 3022 5862 3020 5863 3022 5863 3023 5863 3022 5864 3021 5864 3024 5864 3023 5865 3022 5865 3025 5865 3022 5866 3024 5866 3025 5866 3023 5867 3025 5867 3026 5867 3025 5868 3024 5868 3027 5868 3026 5869 3025 5869 3028 5869 3025 5870 3027 5870 3028 5870 3026 5871 3028 5871 3029 5871 3029 5872 3028 5872 3030 5872 3029 5873 3030 5873 3031 5873 3031 5874 3030 5874 3032 5874 3031 5875 3032 5875 3033 5875 3033 5876 3032 5876 3034 5876 3033 5877 3034 5877 3035 5877 3035 5878 3034 5878 3036 5878 3035 5879 3036 5879 3037 5879 3037 5880 3036 5880 3038 5880 3037 5881 3038 5881 2761 5881 2761 5882 2763 5882 3037 5882 2761 5883 3038 5883 2758 5883 2585 5884 2998 5884 3039 5884 3039 5885 3040 5885 2585 5885 2585 5886 3040 5886 3041 5886 2585 5887 3041 5887 3042 5887 3042 5888 3043 5888 2585 5888 2585 5889 3043 5889 3044 5889 2585 5890 3044 5890 3045 5890 3043 5891 3046 5891 3044 5891 3045 5892 3047 5892 2585 5892 2585 5893 3047 5893 3048 5893 2585 5894 3048 5894 2125 5894 2125 5895 3048 5895 3049 5895 2592 5896 2591 5896 2984 5896 2984 5897 2591 5897 3003 5897 2593 5898 2592 5898 2984 5898 2984 5899 3003 5899 2988 5899 2594 5900 2593 5900 2984 5900 2988 5901 3003 5901 3007 5901 2595 5902 2594 5902 2984 5902 2988 5903 3007 5903 2987 5903 2596 5904 2595 5904 2984 5904 2987 5905 3007 5905 3050 5905 3051 5906 2596 5906 2984 5906 2987 5907 3050 5907 2985 5907 3005 5908 3050 5908 3007 5908 2986 5909 3051 5909 2984 5909 2596 5910 3051 5910 2585 5910 2985 5911 3050 5911 3014 5911 3009 5912 3050 5912 3005 5912 2585 5913 3051 5913 2986 5913 2985 5914 3014 5914 2678 5914 3009 5915 3014 5915 3050 5915 2678 5916 3014 5916 3016 5916 2678 5917 3016 5917 2672 5917 2672 5918 3016 5918 3052 5918 2672 5919 3052 5919 2673 5919 3017 5920 3052 5920 3016 5920 2673 5921 3052 5921 3053 5921 3020 5922 3052 5922 3017 5922 2673 5923 3053 5923 2670 5923 3020 5924 3053 5924 3052 5924 2665 5925 2673 5925 2670 5925 2670 5926 3053 5926 3054 5926 3023 5927 3053 5927 3020 5927 2670 5928 3054 5928 2661 5928 3023 5929 3054 5929 3053 5929 2663 5930 2670 5930 2661 5930 2661 5931 3054 5931 3055 5931 3026 5932 3054 5932 3023 5932 2661 5933 3055 5933 2658 5933 3026 5934 3055 5934 3054 5934 2658 5935 3055 5935 3056 5935 3029 5936 3055 5936 3026 5936 2658 5937 3056 5937 3057 5937 3029 5938 3056 5938 3055 5938 3057 5939 3056 5939 3058 5939 3031 5940 3056 5940 3029 5940 3057 5941 3058 5941 3059 5941 3031 5942 3058 5942 3056 5942 3059 5943 3058 5943 3060 5943 3033 5944 3058 5944 3031 5944 3059 5945 3060 5945 3061 5945 3033 5946 3060 5946 3058 5946 3061 5947 3060 5947 3062 5947 3035 5948 3060 5948 3033 5948 3061 5949 3062 5949 2765 5949 3035 5950 3062 5950 3060 5950 2765 5951 3062 5951 2763 5951 3037 5952 3062 5952 3035 5952 3037 5953 2763 5953 3062 5953 3063 5954 3064 5954 3065 5954 3065 5955 3064 5955 3066 5955 3065 5956 3066 5956 3067 5956 3068 5957 3066 5957 3064 5957 3069 5958 3065 5958 3067 5958 3066 5959 3068 5959 3070 5959 3065 5960 3069 5960 3071 5960 3071 5961 3069 5961 3072 5961 3071 5962 3072 5962 3073 5962 3073 5963 3072 5963 3074 5963 3073 5964 3074 5964 3075 5964 3075 5965 3074 5965 3076 5965 3077 5966 3075 5966 3076 5966 3077 5967 3076 5967 3078 5967 3077 5968 3078 5968 3079 5968 3079 5969 3078 5969 3080 5969 2605 5970 3079 5970 3080 5970 3081 5971 3080 5971 3078 5971 3080 5972 3081 5972 2605 5972 2605 5973 3081 5973 3082 5973 2605 5974 3082 5974 2603 5974 3081 5975 3083 5975 3082 5975 2603 5976 3082 5976 3084 5976 3082 5977 3083 5977 3085 5977 2603 5978 3084 5978 2600 5978 3082 5979 3085 5979 3084 5979 2600 5980 3084 5980 3086 5980 3084 5981 3085 5981 3087 5981 2600 5982 3086 5982 2607 5982 3088 5983 3086 5983 3084 5983 3084 5984 3087 5984 3089 5984 2607 5985 3086 5985 2126 5985 3088 5986 3084 5986 3089 5986 3090 5987 2609 5987 3091 5987 3091 5988 2609 5988 2608 5988 2282 5989 2609 5989 3090 5989 3092 5990 3090 5990 3091 5990 3091 5991 2608 5991 2612 5991 2282 5992 3090 5992 3093 5992 3094 5993 3092 5993 3091 5993 3093 5994 3090 5994 3092 5994 2612 5995 2608 5995 2610 5995 3095 5996 3094 5996 3091 5996 3093 5997 3092 5997 3094 5997 3096 5998 3095 5998 3091 5998 3095 5999 3093 5999 3094 5999 3097 6000 3096 6000 3091 6000 3096 6001 3098 6001 3095 6001 3095 6002 3098 6002 3093 6002 3099 6003 3097 6003 3091 6003 3096 6004 3097 6004 3098 6004 3100 6005 3099 6005 3091 6005 3098 6006 3097 6006 3099 6006 3101 6007 3100 6007 3091 6007 3102 6008 3099 6008 3100 6008 3098 6009 3099 6009 3102 6009 3103 6010 3101 6010 3091 6010 3102 6011 3100 6011 3101 6011 3104 6012 3103 6012 3091 6012 3103 6013 3102 6013 3101 6013 3105 6014 3104 6014 3091 6014 3104 6015 3106 6015 3103 6015 3103 6016 3106 6016 3102 6016 3107 6017 3105 6017 3091 6017 3104 6018 3105 6018 3106 6018 3108 6019 3107 6019 3091 6019 3106 6020 3105 6020 3107 6020 3109 6021 3108 6021 3091 6021 3110 6022 3107 6022 3108 6022 3106 6023 3107 6023 3110 6023 3111 6024 3109 6024 3091 6024 3110 6025 3108 6025 3109 6025 3112 6026 3111 6026 3091 6026 3111 6027 3110 6027 3109 6027 3113 6028 3112 6028 3091 6028 3112 6029 3114 6029 3111 6029 3111 6030 3114 6030 3110 6030 3115 6031 3113 6031 3091 6031 3112 6032 3113 6032 3114 6032 3116 6033 3115 6033 3091 6033 3113 6034 3115 6034 3114 6034 3117 6035 3116 6035 3091 6035 3114 6036 3115 6036 3116 6036 3118 6037 3117 6037 3091 6037 3119 6038 3116 6038 3117 6038 3114 6039 3116 6039 3119 6039 3120 6040 3118 6040 3091 6040 3121 6041 3122 6041 3123 6041 3123 6042 3122 6042 3124 6042 3123 6043 3124 6043 2612 6043 3125 6044 3123 6044 2612 6044 3125 6045 2612 6045 3126 6045 3126 6046 2612 6046 3127 6046 3126 6047 3127 6047 3128 6047 3127 6048 2612 6048 2617 6048 3128 6049 3127 6049 3129 6049 2622 6050 3127 6050 2617 6050 2617 6051 2612 6051 2614 6051 3128 6052 3129 6052 3130 6052 2622 6053 3129 6053 3127 6053 2617 6054 2614 6054 2615 6054 3130 6055 3129 6055 2628 6055 2624 6056 3129 6056 2622 6056 3130 6057 2628 6057 2631 6057 2624 6058 2628 6058 3129 6058 2631 6059 2628 6059 2629 6059 2628 6060 2627 6060 2629 6060 2769 6061 3131 6061 3132 6061 3132 6062 3131 6062 3133 6062 3131 6063 2769 6063 2653 6063 3132 6064 2767 6064 2769 6064 3132 6065 3133 6065 3059 6065 3131 6066 2652 6066 3133 6066 2652 6067 3131 6067 2653 6067 2653 6068 2769 6068 3134 6068 3132 6069 3061 6069 2767 6069 3059 6070 3061 6070 3132 6070 3059 6071 3133 6071 3057 6071 3133 6072 2652 6072 2654 6072 2653 6073 3134 6073 2634 6073 2769 6074 2768 6074 3134 6074 3061 6075 2765 6075 2767 6075 3133 6076 2654 6076 3057 6076 2632 6077 2653 6077 2634 6077 2634 6078 3134 6078 3135 6078 3134 6079 2768 6079 3136 6079 3057 6080 2654 6080 2658 6080 2634 6081 3135 6081 3137 6081 3135 6082 3134 6082 3138 6082 3134 6083 3136 6083 3139 6083 3136 6084 2768 6084 2766 6084 3137 6085 3140 6085 2634 6085 3135 6086 3141 6086 3137 6086 3138 6087 3141 6087 3135 6087 3138 6088 3134 6088 3139 6088 3139 6089 3136 6089 3142 6089 3142 6090 3136 6090 2766 6090 3140 6091 3137 6091 3141 6091 3141 6092 3138 6092 3142 6092 3138 6093 3139 6093 3142 6093 3142 6094 2766 6094 2764 6094 3143 6095 3141 6095 3142 6095 3142 6096 2764 6096 3144 6096 3142 6097 3144 6097 3143 6097 3144 6098 2764 6098 2762 6098 3143 6099 3144 6099 3145 6099 3144 6100 2762 6100 3145 6100 3143 6101 3145 6101 3146 6101 3145 6102 2762 6102 2760 6102 3146 6103 3145 6103 3147 6103 3145 6104 2760 6104 3147 6104 3146 6105 3147 6105 3148 6105 3147 6106 2760 6106 2756 6106 3148 6107 3147 6107 3149 6107 3147 6108 2756 6108 3149 6108 3149 6109 2756 6109 2752 6109 3149 6110 2752 6110 3150 6110 3151 6111 3149 6111 3150 6111 3150 6112 2752 6112 2748 6112 3150 6113 2748 6113 3152 6113 3153 6114 3150 6114 3152 6114 3152 6115 2748 6115 2744 6115 3152 6116 2744 6116 2736 6116 3154 6117 3152 6117 2736 6117 2736 6118 2744 6118 2740 6118 3155 6119 3156 6119 3157 6119 3157 6120 3156 6120 3158 6120 3156 6121 3155 6121 3159 6121 3157 6122 3158 6122 3125 6122 3160 6123 3157 6123 3125 6123 3160 6124 3125 6124 3161 6124 3162 6125 3160 6125 3161 6125 3161 6126 3125 6126 3126 6126 3161 6127 3126 6127 3163 6127 3163 6128 3126 6128 3128 6128 3163 6129 3128 6129 3164 6129 3164 6130 3128 6130 3130 6130 3164 6131 3130 6131 2635 6131 2635 6132 3130 6132 2631 6132 3165 6133 3166 6133 2634 6133 2634 6134 3166 6134 2637 6134 3166 6135 3165 6135 3167 6135 2634 6136 3167 6136 3165 6136 3167 6137 3168 6137 3166 6137 3164 6138 2638 6138 3169 6138 3169 6139 2638 6139 2641 6139 2635 6140 2638 6140 3164 6140 3164 6141 3169 6141 3163 6141 3169 6142 2641 6142 3170 6142 3170 6143 2641 6143 2644 6143 3170 6144 2644 6144 3171 6144 3171 6145 2644 6145 2647 6145 3171 6146 2647 6146 3172 6146 3172 6147 2647 6147 2650 6147 3172 6148 2650 6148 3173 6148 2720 6149 3174 6149 2721 6149 2721 6150 3174 6150 3175 6150 2725 6151 3174 6151 2720 6151 2721 6152 3175 6152 2727 6152 2725 6153 2720 6153 2719 6153 2727 6154 3175 6154 3176 6154 2727 6155 3176 6155 3154 6155 3154 6156 2736 6156 2727 6156 3154 6157 3176 6157 3177 6157 3154 6158 3177 6158 3153 6158 3153 6159 3152 6159 3154 6159 3153 6160 3177 6160 3178 6160 3153 6161 3178 6161 3151 6161 3151 6162 3150 6162 3153 6162 3151 6163 3178 6163 3179 6163 3151 6164 3179 6164 3148 6164 3148 6165 3149 6165 3151 6165 3148 6166 3179 6166 3180 6166 3148 6167 3180 6167 3146 6167 3146 6168 3180 6168 3181 6168 3146 6169 3181 6169 3143 6169 3143 6170 3181 6170 3182 6170 3143 6171 3182 6171 3141 6171 3183 6172 3182 6172 3181 6172 3141 6173 3182 6173 3140 6173 3184 6174 3183 6174 3181 6174 3182 6175 3183 6175 3185 6175 3140 6176 3182 6176 3166 6176 3183 6177 3184 6177 3186 6177 3185 6178 3187 6178 3182 6178 3185 6179 3183 6179 3188 6179 3140 6180 3166 6180 3189 6180 3190 6181 3166 6181 3182 6181 3186 6182 3191 6182 3183 6182 3186 6183 3184 6183 3192 6183 3187 6184 3185 6184 2640 6184 3182 6185 3187 6185 3193 6185 3185 6186 3188 6186 2640 6186 3183 6187 3191 6187 3188 6187 3140 6188 3189 6188 2634 6188 3189 6189 3166 6189 3194 6189 3195 6190 3190 6190 3182 6190 3166 6191 3190 6191 2637 6191 2640 6192 3191 6192 3186 6192 3186 6193 3192 6193 2640 6193 2637 6194 3187 6194 2640 6194 3182 6195 3193 6195 3195 6195 3193 6196 3187 6196 2637 6196 2640 6197 3188 6197 3191 6197 2634 6198 3189 6198 3194 6198 3196 6199 3194 6199 3166 6199 2637 6200 3190 6200 3195 6200 2640 6201 3192 6201 2643 6201 2637 6202 3195 6202 3193 6202 2634 6203 3194 6203 3196 6203 3168 6204 3196 6204 3166 6204 3196 6205 3168 6205 2634 6205 2634 6206 3168 6206 3167 6206 3197 6207 3184 6207 3198 6207 3198 6208 3184 6208 3181 6208 3184 6209 3197 6209 3199 6209 3200 6210 3197 6210 3198 6210 3198 6211 3181 6211 3180 6211 3199 6212 3192 6212 3184 6212 3199 6213 3197 6213 3201 6213 3197 6214 3200 6214 3201 6214 3192 6215 3199 6215 2643 6215 3199 6216 3201 6216 2643 6216 3201 6217 3200 6217 3202 6217 2643 6218 3201 6218 2646 6218 3201 6219 3202 6219 2646 6219 2646 6220 3202 6220 3203 6220 3204 6221 3205 6221 3175 6221 3175 6222 3205 6222 3206 6222 3207 6223 3204 6223 3175 6223 3175 6224 3206 6224 3208 6224 3209 6225 3207 6225 3175 6225 3208 6226 3206 6226 3210 6226 3211 6227 3209 6227 3175 6227 3208 6228 3210 6228 3212 6228 3213 6229 3211 6229 3175 6229 3214 6230 3208 6230 3212 6230 3212 6231 3210 6231 3215 6231 3216 6232 3213 6232 3175 6232 3213 6233 3217 6233 3211 6233 3212 6234 3215 6234 3214 6234 3218 6235 3208 6235 3214 6235 3219 6236 3216 6236 3175 6236 3216 6237 3220 6237 3213 6237 3213 6238 3220 6238 3217 6238 3214 6239 3215 6239 3221 6239 3214 6240 3221 6240 3218 6240 3218 6241 3222 6241 3208 6241 3223 6242 3219 6242 3175 6242 3216 6243 3219 6243 3220 6243 3218 6244 3221 6244 3222 6244 3208 6245 3222 6245 3224 6245 3225 6246 3223 6246 3175 6246 3220 6247 3219 6247 3223 6247 3221 6248 3224 6248 3222 6248 3208 6249 3224 6249 3226 6249 3227 6250 3225 6250 3175 6250 3228 6251 3223 6251 3225 6251 3220 6252 3223 6252 3228 6252 3226 6253 3224 6253 3221 6253 3208 6254 3226 6254 3229 6254 3230 6255 3227 6255 3175 6255 3228 6256 3225 6256 3227 6256 3226 6257 3221 6257 3229 6257 3229 6258 3231 6258 3208 6258 3232 6259 3230 6259 3175 6259 3230 6260 3228 6260 3227 6260 3229 6261 3221 6261 3231 6261 3208 6262 3231 6262 3233 6262 3234 6263 3232 6263 3175 6263 3232 6264 3235 6264 3230 6264 3230 6265 3235 6265 3228 6265 3233 6266 3231 6266 3221 6266 3208 6267 3233 6267 3236 6267 3174 6268 3234 6268 3175 6268 3232 6269 3234 6269 3235 6269 3236 6270 3233 6270 3221 6270 3236 6271 3237 6271 3208 6271 3235 6272 3234 6272 3174 6272 3236 6273 3221 6273 3237 6273 3208 6274 3237 6274 3238 6274 3235 6275 3174 6275 2725 6275 3237 6276 3221 6276 3239 6276 3238 6277 3240 6277 3208 6277 3237 6278 3239 6278 3238 6278 3238 6279 3239 6279 3240 6279 3208 6280 3240 6280 3241 6280 3208 6281 3241 6281 3242 6281 3242 6282 3241 6282 3243 6282 3242 6283 3243 6283 3244 6283 3244 6284 3243 6284 3173 6284 3244 6285 3173 6285 3245 6285 3245 6286 3173 6286 2650 6286 3245 6287 2650 6287 3246 6287 3246 6288 2650 6288 2648 6288 3246 6289 2648 6289 3247 6289 3247 6290 2648 6290 2649 6290 3247 6291 2649 6291 3248 6291 2645 6292 2649 6292 2648 6292 3248 6293 2649 6293 3249 6293 3250 6294 3200 6294 3251 6294 3251 6295 3200 6295 3198 6295 3200 6296 3250 6296 3203 6296 3251 6297 3198 6297 3252 6297 3203 6298 3202 6298 3200 6298 3203 6299 3250 6299 3249 6299 3252 6300 3198 6300 3180 6300 2646 6301 3203 6301 3249 6301 3248 6302 3249 6302 3250 6302 3252 6303 3180 6303 3179 6303 2646 6304 3249 6304 2649 6304 3253 6305 3248 6305 3250 6305 3254 6306 2714 6306 3255 6306 3255 6307 2714 6307 2125 6307 2716 6308 2714 6308 3254 6308 3255 6309 3256 6309 3254 6309 3255 6310 2125 6310 3070 6310 2716 6311 3254 6311 2738 6311 3254 6312 3256 6312 3257 6312 3070 6313 3258 6313 3255 6313 3070 6314 2125 6314 3259 6314 2738 6315 3254 6315 3260 6315 3254 6316 3257 6316 3261 6316 2738 6317 3260 6317 2735 6317 3261 6318 3262 6318 3254 6318 3254 6319 3262 6319 3263 6319 3254 6320 3263 6320 3264 6320 3265 6321 3266 6321 3267 6321 3220 6322 3267 6322 3266 6322 3266 6323 3265 6323 3268 6323 3267 6324 3269 6324 3265 6324 3220 6325 3266 6325 3217 6325 3228 6326 3267 6326 3220 6326 3217 6327 3266 6327 3268 6327 3268 6328 3265 6328 3270 6328 3228 6329 3269 6329 3267 6329 3265 6330 3269 6330 3271 6330 3268 6331 3270 6331 3272 6331 3235 6332 3269 6332 3228 6332 3265 6333 3271 6333 3273 6333 3235 6334 3271 6334 3269 6334 3273 6335 3274 6335 3265 6335 2725 6336 3273 6336 3271 6336 2725 6337 3271 6337 3235 6337 2729 6338 3274 6338 3273 6338 3265 6339 3274 6339 3260 6339 2729 6340 3273 6340 2725 6340 2735 6341 3274 6341 2729 6341 3265 6342 3260 6342 3275 6342 2735 6343 3260 6343 3274 6343 3275 6344 3260 6344 3254 6344 3275 6345 3254 6345 3276 6345 3276 6346 3254 6346 3264 6346 3264 6347 2789 6347 3276 6347 3276 6348 2789 6348 2792 6348 2781 6349 2778 6349 3277 6349 3277 6350 2778 6350 2782 6350 2781 6351 3277 6351 3278 6351 3277 6352 2782 6352 3279 6352 3278 6353 3277 6353 3279 6353 3279 6354 2782 6354 2784 6354 3278 6355 3279 6355 3280 6355 3279 6356 2784 6356 3280 6356 3278 6357 3280 6357 3281 6357 3280 6358 2784 6358 2746 6358 3281 6359 3280 6359 2750 6359 3280 6360 2746 6360 2750 6360 2784 6361 2742 6361 2746 6361 3281 6362 2750 6362 2754 6362 3282 6363 3283 6363 3284 6363 3284 6364 3283 6364 3285 6364 2994 6365 3283 6365 3282 6365 3286 6366 3282 6366 3284 6366 3284 6367 3285 6367 3287 6367 3282 6368 3286 6368 2994 6368 3287 6369 3285 6369 3288 6369 3287 6370 3288 6370 3289 6370 3289 6371 3288 6371 3290 6371 3289 6372 3290 6372 3291 6372 3291 6373 3290 6373 2780 6373 3291 6374 2780 6374 3292 6374 3292 6375 2780 6375 2776 6375 3292 6376 2776 6376 3293 6376 3293 6377 2776 6377 2781 6377 3293 6378 2781 6378 3294 6378 3295 6379 3293 6379 3294 6379 3294 6380 2781 6380 3278 6380 3294 6381 3278 6381 3296 6381 3296 6382 3278 6382 3281 6382 3296 6383 3281 6383 3297 6383 3297 6384 3281 6384 2754 6384 3297 6385 2754 6385 2758 6385 3298 6386 3299 6386 3300 6386 3299 6387 3298 6387 3301 6387 3285 6388 3298 6388 3300 6388 3285 6389 3300 6389 3288 6389 3288 6390 3300 6390 3302 6390 3288 6391 3302 6391 3290 6391 3290 6392 3302 6392 3303 6392 3290 6393 3303 6393 2780 6393 2780 6394 3303 6394 3304 6394 2780 6395 3304 6395 2777 6395 2777 6396 3304 6396 3305 6396 2777 6397 3305 6397 2779 6397 2779 6398 3305 6398 2788 6398 3306 6399 3307 6399 3308 6399 3308 6400 3307 6400 2793 6400 3308 6401 2793 6401 3309 6401 3310 6402 3308 6402 3309 6402 3309 6403 2793 6403 2794 6403 3310 6404 3309 6404 3311 6404 3309 6405 2794 6405 3312 6405 3311 6406 3309 6406 3312 6406 3312 6407 2794 6407 2796 6407 3311 6408 3312 6408 3313 6408 3312 6409 2796 6409 3314 6409 3313 6410 3312 6410 3314 6410 3314 6411 2796 6411 2798 6411 3313 6412 3314 6412 2787 6412 3314 6413 2798 6413 3315 6413 2787 6414 3314 6414 3315 6414 3315 6415 2798 6415 2800 6415 2787 6416 3315 6416 2786 6416 3315 6417 2800 6417 3316 6417 2786 6418 3315 6418 3316 6418 3316 6419 2800 6419 2803 6419 2786 6420 3316 6420 2260 6420 3316 6421 2803 6421 2260 6421 2260 6422 2803 6422 2802 6422 3317 6423 3318 6423 3319 6423 3318 6424 3320 6424 3319 6424 3321 6425 3317 6425 3319 6425 3321 6426 3319 6426 3310 6426 3302 6427 3321 6427 3310 6427 3302 6428 3310 6428 3303 6428 3303 6429 3310 6429 3311 6429 3303 6430 3311 6430 3304 6430 3304 6431 3311 6431 3313 6431 3304 6432 3313 6432 3305 6432 3305 6433 3313 6433 2787 6433 3305 6434 2787 6434 2788 6434 2788 6435 2787 6435 2785 6435 2790 6436 3322 6436 3323 6436 3263 6437 3323 6437 3322 6437 3264 6438 3322 6438 2790 6438 3323 6439 2821 6439 2790 6439 3263 6440 3322 6440 3264 6440 2821 6441 3323 6441 3263 6441 3264 6442 2790 6442 2789 6442 2791 6443 2790 6443 2821 6443 2821 6444 3263 6444 2822 6444 2822 6445 3263 6445 3262 6445 3307 6446 3324 6446 2793 6446 2793 6447 3324 6447 3325 6447 3276 6448 3324 6448 3307 6448 2793 6449 3325 6449 2792 6449 3324 6450 3326 6450 3325 6450 3276 6451 3307 6451 3275 6451 3326 6452 3324 6452 3276 6452 2792 6453 3325 6453 3276 6453 3325 6454 3326 6454 3327 6454 3275 6455 3307 6455 3306 6455 3276 6456 3327 6456 3326 6456 3276 6457 3325 6457 3327 6457 2806 6458 3328 6458 2808 6458 2808 6459 3328 6459 3329 6459 3328 6460 2806 6460 3257 6460 2808 6461 3329 6461 3063 6461 3257 6462 2806 6462 2805 6462 3065 6463 2808 6463 3063 6463 2808 6464 3065 6464 2811 6464 2811 6465 3065 6465 3071 6465 2811 6466 3071 6466 2814 6466 2814 6467 3071 6467 3073 6467 2814 6468 3073 6468 2816 6468 2816 6469 3073 6469 3075 6469 2818 6470 2816 6470 3075 6470 2818 6471 3075 6471 3077 6471 2818 6472 3077 6472 2820 6472 2820 6473 2819 6473 2818 6473 2820 6474 3077 6474 3079 6474 2605 6475 2820 6475 3079 6475 3330 6476 3331 6476 3332 6476 3257 6477 3332 6477 3331 6477 3331 6478 3330 6478 3261 6478 3332 6479 2805 6479 3330 6479 3257 6480 3331 6480 3261 6480 3257 6481 2805 6481 3332 6481 3261 6482 3330 6482 3333 6482 2807 6483 3330 6483 2805 6483 3261 6484 3333 6484 3262 6484 3262 6485 3333 6485 3334 6485 3333 6486 3330 6486 2807 6486 3334 6487 3333 6487 2807 6487 2807 6488 2823 6488 3334 6488 2823 6489 2807 6489 2824 6489 2824 6490 2807 6490 2810 6490 2824 6491 2810 6491 2825 6491 2825 6492 2810 6492 2813 6492 2825 6493 2813 6493 2826 6493 2810 6494 2809 6494 2813 6494 2826 6495 2813 6495 2812 6495 2826 6496 2812 6496 2827 6496 2827 6497 2812 6497 2815 6497 2822 6498 3335 6498 2823 6498 2823 6499 3335 6499 3336 6499 2822 6500 3262 6500 3335 6500 2823 6501 3336 6501 3334 6501 3335 6502 3337 6502 3336 6502 3262 6503 3337 6503 3335 6503 3262 6504 3334 6504 3336 6504 3336 6505 3337 6505 3338 6505 3262 6506 3338 6506 3337 6506 3336 6507 3338 6507 3262 6507 2925 6508 2832 6508 2830 6508 2838 6509 2832 6509 2925 6509 2447 6510 2925 6510 2830 6510 2838 6511 2925 6511 2926 6511 2447 6512 2830 6512 2990 6512 2990 6513 2830 6513 3339 6513 2830 6514 2991 6514 3339 6514 2991 6515 3340 6515 3339 6515 3339 6516 3340 6516 3341 6516 3340 6517 2997 6517 3341 6517 3341 6518 2997 6518 2829 6518 2829 6519 2833 6519 3341 6519 3341 6520 2833 6520 3342 6520 3341 6521 3342 6521 3343 6521 3342 6522 2833 6522 2995 6522 3343 6523 3344 6523 3341 6523 3345 6524 3343 6524 3342 6524 3346 6525 3344 6525 3343 6525 3341 6526 3344 6526 3347 6526 3341 6527 3347 6527 3348 6527 3349 6528 3347 6528 3344 6528 3348 6529 3350 6529 3341 6529 3351 6530 3348 6530 3347 6530 3352 6531 3350 6531 3348 6531 3341 6532 3350 6532 3353 6532 3341 6533 3353 6533 3354 6533 3355 6534 3353 6534 3350 6534 3354 6535 3356 6535 3341 6535 3341 6536 3356 6536 3357 6536 3341 6537 3357 6537 3339 6537 3358 6538 3357 6538 3356 6538 3339 6539 3357 6539 3359 6539 3360 6540 3357 6540 3358 6540 3359 6541 3357 6541 3360 6541 3361 6542 3362 6542 2833 6542 3362 6543 3363 6543 2833 6543 2833 6544 2834 6544 3361 6544 2833 6545 3363 6545 3364 6545 2833 6546 3364 6546 3365 6546 3365 6547 3366 6547 2833 6547 2833 6548 3366 6548 3367 6548 2833 6549 3367 6549 3368 6549 3368 6550 3369 6550 2833 6550 2833 6551 3369 6551 3370 6551 2833 6552 3370 6552 3371 6552 3372 6553 3370 6553 3369 6553 3371 6554 3373 6554 2833 6554 3374 6555 3371 6555 3370 6555 3374 6556 3370 6556 3372 6556 2833 6557 3373 6557 3375 6557 2833 6558 3375 6558 3376 6558 3376 6559 3377 6559 2833 6559 2833 6560 3377 6560 3272 6560 3378 6561 3272 6561 3377 6561 3119 6562 3118 6562 3159 6562 3159 6563 3118 6563 3120 6563 3119 6564 3117 6564 3118 6564 3159 6565 3367 6565 3119 6565 3159 6566 3120 6566 3379 6566 3119 6567 3367 6567 3366 6567 3119 6568 3366 6568 3114 6568 3114 6569 3366 6569 3365 6569 3114 6570 3365 6570 3110 6570 3110 6571 3365 6571 3364 6571 3110 6572 3364 6572 3106 6572 3106 6573 3364 6573 3363 6573 3106 6574 3363 6574 3102 6574 3102 6575 3363 6575 3362 6575 3102 6576 3362 6576 3098 6576 3098 6577 3362 6577 3361 6577 3098 6578 3361 6578 3093 6578 3093 6579 3361 6579 2834 6579 3093 6580 2834 6580 2282 6580 3380 6581 2862 6581 3381 6581 3381 6582 2862 6582 3382 6582 2862 6583 3380 6583 2358 6583 2912 6584 3380 6584 3381 6584 3381 6585 3382 6585 3383 6585 2358 6586 3380 6586 2913 6586 2912 6587 3381 6587 2911 6587 2913 6588 3380 6588 2912 6588 2911 6589 3381 6589 3383 6589 3383 6590 3382 6590 3384 6590 2911 6591 3383 6591 2914 6591 2914 6592 3383 6592 3384 6592 2864 6593 3385 6593 3386 6593 3386 6594 3385 6594 3387 6594 3385 6595 2864 6595 2915 6595 3386 6596 3388 6596 2864 6596 3386 6597 3387 6597 2967 6597 2915 6598 2864 6598 2861 6598 3386 6599 2969 6599 3388 6599 2864 6600 3388 6600 2863 6600 2967 6601 2969 6601 3386 6601 2967 6602 3387 6602 2972 6602 2969 6603 3384 6603 3388 6603 3388 6604 3382 6604 2863 6604 3388 6605 3384 6605 3382 6605 2863 6606 3382 6606 2862 6606 2915 6607 2965 6607 3385 6607 3385 6608 2965 6608 2968 6608 2965 6609 2915 6609 3389 6609 3385 6610 2968 6610 3387 6610 3389 6611 2963 6611 2965 6611 3389 6612 2915 6612 2914 6612 3387 6613 2968 6613 2970 6613 2963 6614 3389 6614 2969 6614 2914 6615 3384 6615 3389 6615 3387 6616 2970 6616 2972 6616 2969 6617 3389 6617 3384 6617 2972 6618 2970 6618 2961 6618 3390 6619 3339 6619 3391 6619 3391 6620 3339 6620 3392 6620 3390 6621 3393 6621 3339 6621 3394 6622 3390 6622 3391 6622 3395 6623 3391 6623 3392 6623 3339 6624 3393 6624 2992 6624 3339 6625 2992 6625 2990 6625 2993 6626 2992 6626 3393 6626 2993 6627 3396 6627 2991 6627 2991 6628 3396 6628 3394 6628 2993 6629 3393 6629 3396 6629 2991 6630 3394 6630 3395 6630 3396 6631 3390 6631 3394 6631 3396 6632 3393 6632 3390 6632 3394 6633 3391 6633 3395 6633 3397 6634 3398 6634 2833 6634 2833 6635 3398 6635 3399 6635 2833 6636 3272 6636 3397 6636 2833 6637 3399 6637 3301 6637 3398 6638 3400 6638 3399 6638 3397 6639 3272 6639 3270 6639 3301 6640 3401 6640 2833 6640 3399 6641 3400 6641 3402 6641 2833 6642 3401 6642 2994 6642 3403 6643 3340 6643 3358 6643 3358 6644 3340 6644 2991 6644 3403 6645 3404 6645 3340 6645 3358 6646 3356 6646 3403 6646 3358 6647 2991 6647 3360 6647 3403 6648 3354 6648 3404 6648 3340 6649 3404 6649 3355 6649 3403 6650 3356 6650 3354 6650 3404 6651 3354 6651 3353 6651 3340 6652 3355 6652 3352 6652 3404 6653 3353 6653 3355 6653 3352 6654 3351 6654 3340 6654 3355 6655 3350 6655 3352 6655 3352 6656 3348 6656 3351 6656 3340 6657 3351 6657 3349 6657 3340 6658 3349 6658 3346 6658 3351 6659 3347 6659 3349 6659 3346 6660 3345 6660 3340 6660 3349 6661 3344 6661 3346 6661 3346 6662 3343 6662 3345 6662 3340 6663 3345 6663 2995 6663 3340 6664 2995 6664 2997 6664 3345 6665 3342 6665 2995 6665 3405 6666 3286 6666 3284 6666 2994 6667 3286 6667 3405 6667 2999 6668 3405 6668 3284 6668 2994 6669 3405 6669 2999 6669 3406 6670 3001 6670 3407 6670 3408 6671 3407 6671 3001 6671 2998 6672 3001 6672 3406 6672 3409 6673 3406 6673 3407 6673 2998 6674 3406 6674 3039 6674 3039 6675 3406 6675 3409 6675 3039 6676 3409 6676 3040 6676 3002 6677 2999 6677 3408 6677 3284 6678 3408 6678 2999 6678 3001 6679 3002 6679 3408 6679 3408 6680 3284 6680 3410 6680 3410 6681 3284 6681 3287 6681 3410 6682 3287 6682 3411 6682 3411 6683 3287 6683 3289 6683 3411 6684 3289 6684 3412 6684 3412 6685 3289 6685 3291 6685 3413 6686 3412 6686 3291 6686 3413 6687 3291 6687 3292 6687 3413 6688 3292 6688 3414 6688 3415 6689 3413 6689 3414 6689 3414 6690 3292 6690 3295 6690 3415 6691 3414 6691 3416 6691 3414 6692 3295 6692 3416 6692 3293 6693 3295 6693 3292 6693 3416 6694 3295 6694 3294 6694 3416 6695 3294 6695 3296 6695 3417 6696 3416 6696 3296 6696 3417 6697 3296 6697 3297 6697 3418 6698 3419 6698 3420 6698 3420 6699 3419 6699 3421 6699 3420 6700 3421 6700 3422 6700 3423 6701 3420 6701 3422 6701 3420 6702 3423 6702 3424 6702 3424 6703 3423 6703 3425 6703 3424 6704 3425 6704 3426 6704 3426 6705 3425 6705 3427 6705 3426 6706 3427 6706 3428 6706 3428 6707 3427 6707 3429 6707 3428 6708 3429 6708 3430 6708 3430 6709 3429 6709 3431 6709 3430 6710 3431 6710 3432 6710 3433 6711 3430 6711 3432 6711 3432 6712 3431 6712 3434 6712 3433 6713 3432 6713 3435 6713 3432 6714 3434 6714 3436 6714 3435 6715 3432 6715 3436 6715 3435 6716 3436 6716 3437 6716 3437 6717 3436 6717 3438 6717 3437 6718 3438 6718 3439 6718 3439 6719 3438 6719 3440 6719 3439 6720 3440 6720 3441 6720 3441 6721 3440 6721 3442 6721 3441 6722 3442 6722 3443 6722 3443 6723 3442 6723 3444 6723 3443 6724 3444 6724 3445 6724 3445 6725 3444 6725 3446 6725 3445 6726 3446 6726 3447 6726 3447 6727 3446 6727 3448 6727 3447 6728 3448 6728 3449 6728 3449 6729 3448 6729 3006 6729 2126 6730 3449 6730 3006 6730 3450 6731 3451 6731 3423 6731 3423 6732 3451 6732 3452 6732 3453 6733 3450 6733 3423 6733 3423 6734 3452 6734 3425 6734 3425 6735 3452 6735 3454 6735 3425 6736 3454 6736 3427 6736 3427 6737 3454 6737 3455 6737 3427 6738 3455 6738 3429 6738 3429 6739 3455 6739 3456 6739 3429 6740 3456 6740 3431 6740 3431 6741 3456 6741 3457 6741 3431 6742 3457 6742 3434 6742 3434 6743 3457 6743 3458 6743 3436 6744 3434 6744 3458 6744 3459 6745 3458 6745 3457 6745 3436 6746 3458 6746 3460 6746 3460 6747 3458 6747 3459 6747 3436 6748 3460 6748 3438 6748 3460 6749 3459 6749 3028 6749 3438 6750 3460 6750 3027 6750 3028 6751 3027 6751 3460 6751 3028 6752 3459 6752 3030 6752 3438 6753 3027 6753 3440 6753 3459 6754 3461 6754 3030 6754 3440 6755 3027 6755 3024 6755 3440 6756 3024 6756 3442 6756 3442 6757 3024 6757 3021 6757 3442 6758 3021 6758 3444 6758 3444 6759 3021 6759 3018 6759 3444 6760 3018 6760 3446 6760 3446 6761 3018 6761 3013 6761 3446 6762 3013 6762 3448 6762 3448 6763 3013 6763 3010 6763 3448 6764 3010 6764 3006 6764 3462 6765 3463 6765 3464 6765 3463 6766 3465 6766 3464 6766 3463 6767 3462 6767 3045 6767 3466 6768 3462 6768 3464 6768 3045 6769 3465 6769 3463 6769 3467 6770 3466 6770 3464 6770 3467 6771 3464 6771 3468 6771 3467 6772 3468 6772 3469 6772 3468 6773 3464 6773 3470 6773 3469 6774 3468 6774 3471 6774 3468 6775 3470 6775 3472 6775 3469 6776 3471 6776 3473 6776 3468 6777 3472 6777 3471 6777 3473 6778 3471 6778 3474 6778 3471 6779 3472 6779 3475 6779 3471 6780 3475 6780 3474 6780 3474 6781 3475 6781 3476 6781 3474 6782 3476 6782 3477 6782 3477 6783 3476 6783 3478 6783 3477 6784 3478 6784 3479 6784 3479 6785 3480 6785 3477 6785 3479 6786 3478 6786 3481 6786 3479 6787 3481 6787 3032 6787 3030 6788 3479 6788 3032 6788 3482 6789 3483 6789 3034 6789 3034 6790 3483 6790 3484 6790 3483 6791 3482 6791 3485 6791 3032 6792 3482 6792 3034 6792 3034 6793 3484 6793 3036 6793 3036 6794 3484 6794 3417 6794 3036 6795 3417 6795 3038 6795 3038 6796 3417 6796 3297 6796 3038 6797 3297 6797 2758 6797 3486 6798 3487 6798 3488 6798 3488 6799 3487 6799 3489 6799 3486 6800 3041 6800 3487 6800 3490 6801 3486 6801 3488 6801 3487 6802 3040 6802 3489 6802 3487 6803 3041 6803 3040 6803 3491 6804 3486 6804 3490 6804 3486 6805 3491 6805 3041 6805 3492 6806 3491 6806 3490 6806 3041 6807 3491 6807 3042 6807 3042 6808 3491 6808 3492 6808 3042 6809 3492 6809 3493 6809 3494 6810 3495 6810 3470 6810 3495 6811 3496 6811 3470 6811 3043 6812 3495 6812 3494 6812 3046 6813 3494 6813 3470 6813 3042 6814 3496 6814 3495 6814 3043 6815 3494 6815 3046 6815 3042 6816 3495 6816 3043 6816 3465 6817 3497 6817 3464 6817 3464 6818 3497 6818 3498 6818 3465 6819 3045 6819 3497 6819 3464 6820 3498 6820 3499 6820 3497 6821 3044 6821 3498 6821 3497 6822 3045 6822 3044 6822 3499 6823 3046 6823 3470 6823 3044 6824 3046 6824 3499 6824 3464 6825 3499 6825 3470 6825 3044 6826 3499 6826 3498 6826 3500 6827 3501 6827 3466 6827 3501 6828 3462 6828 3466 6828 3047 6829 3501 6829 3500 6829 3502 6830 3500 6830 3466 6830 3045 6831 3462 6831 3501 6831 3045 6832 3501 6832 3047 6832 3503 6833 3502 6833 3466 6833 3503 6834 3048 6834 3502 6834 3504 6835 3503 6835 3466 6835 3502 6836 3048 6836 3047 6836 3047 6837 3500 6837 3502 6837 3505 6838 2125 6838 3506 6838 3506 6839 2125 6839 3507 6839 3505 6840 3508 6840 2125 6840 3506 6841 3450 6841 3505 6841 2125 6842 3049 6842 3507 6842 2125 6843 3508 6843 3509 6843 3505 6844 3450 6844 3453 6844 2125 6845 3509 6845 3259 6845 3509 6846 3510 6846 3259 6846 3259 6847 3510 6847 3511 6847 3259 6848 3511 6848 3512 6848 3513 6849 3503 6849 3504 6849 3503 6850 3513 6850 3048 6850 3514 6851 3513 6851 3504 6851 3048 6852 3513 6852 3514 6852 3048 6853 3514 6853 3049 6853 3049 6854 3514 6854 3515 6854 3049 6855 3515 6855 3516 6855 3064 6856 3517 6856 3258 6856 3255 6857 3258 6857 3517 6857 3517 6858 3064 6858 3255 6858 3258 6859 3518 6859 3064 6859 3255 6860 3064 6860 3063 6860 3070 6861 3518 6861 3258 6861 3064 6862 3518 6862 3068 6862 3255 6863 3063 6863 3329 6863 3070 6864 3068 6864 3518 6864 3067 6865 3519 6865 3069 6865 3069 6866 3519 6866 3511 6866 3070 6867 3519 6867 3067 6867 3519 6868 3520 6868 3511 6868 3070 6869 3067 6869 3066 6869 3259 6870 3519 6870 3070 6870 3259 6871 3520 6871 3519 6871 3511 6872 3520 6872 3512 6872 3512 6873 3520 6873 3259 6873 3510 6874 3418 6874 3069 6874 3069 6875 3418 6875 3420 6875 3511 6876 3510 6876 3069 6876 3069 6877 3420 6877 3072 6877 3072 6878 3420 6878 3424 6878 3072 6879 3424 6879 3074 6879 3074 6880 3424 6880 3426 6880 3074 6881 3426 6881 3076 6881 3076 6882 3426 6882 3428 6882 3078 6883 3076 6883 3428 6883 3078 6884 3428 6884 3521 6884 3078 6885 3521 6885 3081 6885 3521 6886 3428 6886 3430 6886 3081 6887 3521 6887 3433 6887 3521 6888 3430 6888 3433 6888 3081 6889 3433 6889 3083 6889 3083 6890 3433 6890 3435 6890 3083 6891 3435 6891 3085 6891 3085 6892 3435 6892 3437 6892 3085 6893 3437 6893 3087 6893 3087 6894 3437 6894 3439 6894 3087 6895 3439 6895 3089 6895 3089 6896 3439 6896 3441 6896 3089 6897 3441 6897 3088 6897 3088 6898 3441 6898 3443 6898 3088 6899 3443 6899 3522 6899 3522 6900 3086 6900 3088 6900 3522 6901 3443 6901 3445 6901 3086 6902 3522 6902 3523 6902 3522 6903 3445 6903 3523 6903 3523 6904 3447 6904 3086 6904 3523 6905 3445 6905 3447 6905 3086 6906 3447 6906 3449 6906 3086 6907 3449 6907 2126 6907 3379 6908 3120 6908 3524 6908 3524 6909 3120 6909 3091 6909 3524 6910 3091 6910 2612 6910 3122 6911 3525 6911 3124 6911 3124 6912 3525 6912 3526 6912 3159 6913 3525 6913 3122 6913 3124 6914 3526 6914 2612 6914 3159 6915 3122 6915 3121 6915 3527 6916 3121 6916 3528 6916 3528 6917 3121 6917 3123 6917 3121 6918 3527 6918 3159 6918 3528 6919 3123 6919 3125 6919 3529 6920 3155 6920 3530 6920 3530 6921 3155 6921 3157 6921 3159 6922 3155 6922 3529 6922 3530 6923 3157 6923 3160 6923 3531 6924 3527 6924 3158 6924 3158 6925 3527 6925 3528 6925 3159 6926 3527 6926 3531 6926 3156 6927 3531 6927 3158 6927 3158 6928 3528 6928 3125 6928 3159 6929 3531 6929 3156 6929 3163 6930 3169 6930 3532 6930 3532 6931 3169 6931 3170 6931 3532 6932 3161 6932 3163 6932 3532 6933 3170 6933 3533 6933 3532 6934 3162 6934 3161 6934 3533 6935 3162 6935 3532 6935 3533 6936 3170 6936 3171 6936 3534 6937 3162 6937 3533 6937 3533 6938 3171 6938 3535 6938 3535 6939 3171 6939 3172 6939 3535 6940 3172 6940 3536 6940 3537 6941 3535 6941 3536 6941 3536 6942 3172 6942 3173 6942 3536 6943 3173 6943 3243 6943 3538 6944 3539 6944 3540 6944 3540 6945 3539 6945 3541 6945 3540 6946 3541 6946 3160 6946 3542 6947 3540 6947 3160 6947 3542 6948 3160 6948 3543 6948 3543 6949 3160 6949 3544 6949 3543 6950 3544 6950 3545 6950 3162 6951 3544 6951 3160 6951 3543 6952 3545 6952 3546 6952 3545 6953 3544 6953 3547 6953 3548 6954 3544 6954 3162 6954 3545 6955 3547 6955 3243 6955 3548 6956 3547 6956 3544 6956 3548 6957 3162 6957 3549 6957 3243 6958 3547 6958 3550 6958 3549 6959 3547 6959 3548 6959 3162 6960 3551 6960 3549 6960 3243 6961 3550 6961 3536 6961 3547 6962 3552 6962 3550 6962 3549 6963 3551 6963 3547 6963 3162 6964 3553 6964 3551 6964 3536 6965 3550 6965 3554 6965 3555 6966 3552 6966 3547 6966 3556 6967 3550 6967 3552 6967 3547 6968 3551 6968 3553 6968 3557 6969 3553 6969 3162 6969 3536 6970 3554 6970 3537 6970 3537 6971 3554 6971 3550 6971 3558 6972 3555 6972 3547 6972 3162 6973 3552 6973 3555 6973 3556 6974 3552 6974 3162 6974 3534 6975 3550 6975 3556 6975 3557 6976 3547 6976 3553 6976 3557 6977 3162 6977 3559 6977 3537 6978 3550 6978 3560 6978 3558 6979 3547 6979 3561 6979 3162 6980 3555 6980 3558 6980 3556 6981 3162 6981 3534 6981 3534 6982 3562 6982 3550 6982 3559 6983 3547 6983 3557 6983 3162 6984 3563 6984 3559 6984 3560 6985 3535 6985 3537 6985 3560 6986 3550 6986 3564 6986 3561 6987 3162 6987 3558 6987 3561 6988 3547 6988 3565 6988 3533 6989 3562 6989 3534 6989 3562 6990 3566 6990 3550 6990 3559 6991 3563 6991 3547 6991 3162 6992 3565 6992 3563 6992 3560 6993 3564 6993 3535 6993 3550 6994 3566 6994 3564 6994 3561 6995 3565 6995 3162 6995 3547 6996 3563 6996 3565 6996 3533 6997 3566 6997 3562 6997 3535 6998 3564 6998 3566 6998 3535 6999 3566 6999 3533 6999 3567 7000 3250 7000 3568 7000 3568 7001 3250 7001 3251 7001 3250 7002 3567 7002 3253 7002 3569 7003 3567 7003 3568 7003 3568 7004 3251 7004 3570 7004 3253 7005 3567 7005 3571 7005 3569 7006 3568 7006 3572 7006 3571 7007 3567 7007 3569 7007 3572 7008 3568 7008 3570 7008 3570 7009 3251 7009 3252 7009 3253 7010 3571 7010 3573 7010 3246 7011 3569 7011 3572 7011 3573 7012 3571 7012 3569 7012 3572 7013 3570 7013 3574 7013 3570 7014 3252 7014 3575 7014 3253 7015 3573 7015 3247 7015 3246 7016 3572 7016 3245 7016 3247 7017 3569 7017 3246 7017 3247 7018 3573 7018 3569 7018 3245 7019 3572 7019 3574 7019 3574 7020 3570 7020 3575 7020 3575 7021 3252 7021 3179 7021 3248 7022 3253 7022 3247 7022 3245 7023 3574 7023 3244 7023 3574 7024 3575 7024 3576 7024 3575 7025 3179 7025 3178 7025 3244 7026 3574 7026 3576 7026 3576 7027 3575 7027 3178 7027 3244 7028 3576 7028 3242 7028 3576 7029 3178 7029 3177 7029 3242 7030 3576 7030 3177 7030 3242 7031 3177 7031 3176 7031 3242 7032 3176 7032 3208 7032 3208 7033 3176 7033 3175 7033 3577 7034 3578 7034 3206 7034 3206 7035 3578 7035 3579 7035 3580 7036 3577 7036 3206 7036 3206 7037 3579 7037 3581 7037 3582 7038 3580 7038 3206 7038 3583 7039 3581 7039 3579 7039 3584 7040 3582 7040 3206 7040 3585 7041 3584 7041 3206 7041 3586 7042 3585 7042 3206 7042 3587 7043 3586 7043 3206 7043 3588 7044 3587 7044 3206 7044 3586 7045 3587 7045 3378 7045 3589 7046 3588 7046 3206 7046 3378 7047 3587 7047 3588 7047 3590 7048 3589 7048 3206 7048 3591 7049 3588 7049 3589 7049 3378 7050 3588 7050 3591 7050 3205 7051 3590 7051 3206 7051 3591 7052 3589 7052 3590 7052 3591 7053 3272 7053 3378 7053 3591 7054 3590 7054 3205 7054 3591 7055 3268 7055 3272 7055 3205 7056 3204 7056 3591 7056 3217 7057 3268 7057 3591 7057 3591 7058 3204 7058 3207 7058 3591 7059 3207 7059 3217 7059 3217 7060 3207 7060 3209 7060 3217 7061 3209 7061 3211 7061 3592 7062 3593 7062 3206 7062 3206 7063 3593 7063 3594 7063 3593 7064 3592 7064 3595 7064 3596 7065 3592 7065 3206 7065 3206 7066 3594 7066 3597 7066 3595 7067 3592 7067 3596 7067 3598 7068 3596 7068 3206 7068 3597 7069 3599 7069 3206 7069 3597 7070 3594 7070 3600 7070 3595 7071 3596 7071 3583 7071 3601 7072 3598 7072 3206 7072 3583 7073 3596 7073 3598 7073 3597 7074 3600 7074 3599 7074 3206 7075 3599 7075 3210 7075 3581 7076 3601 7076 3206 7076 3583 7077 3598 7077 3601 7077 3599 7078 3600 7078 3215 7078 3599 7079 3215 7079 3210 7079 3601 7080 3581 7080 3583 7080 3215 7081 3600 7081 3221 7081 3221 7082 3600 7082 3239 7082 3602 7083 3603 7083 3594 7083 3594 7084 3603 7084 3604 7084 3602 7085 3374 7085 3603 7085 3605 7086 3602 7086 3594 7086 3594 7087 3604 7087 3600 7087 3602 7088 3605 7088 3374 7088 3603 7089 3374 7089 3372 7089 3606 7090 3605 7090 3594 7090 3600 7091 3604 7091 3607 7091 3374 7092 3605 7092 3606 7092 3608 7093 3606 7093 3594 7093 3600 7094 3607 7094 3239 7094 3374 7095 3606 7095 3609 7095 3610 7096 3608 7096 3594 7096 3609 7097 3606 7097 3608 7097 3239 7098 3607 7098 3611 7098 3612 7099 3610 7099 3594 7099 3609 7100 3608 7100 3610 7100 3239 7101 3611 7101 3240 7101 3613 7102 3612 7102 3594 7102 3610 7103 3612 7103 3609 7103 3240 7104 3611 7104 3241 7104 3593 7105 3613 7105 3594 7105 3595 7106 3612 7106 3613 7106 3609 7107 3612 7107 3595 7107 3595 7108 3613 7108 3593 7108 3614 7109 3615 7109 3616 7109 3616 7110 3615 7110 3617 7110 3616 7111 3617 7111 3542 7111 3607 7112 3616 7112 3542 7112 3607 7113 3542 7113 3618 7113 3607 7114 3618 7114 3611 7114 3618 7115 3542 7115 3619 7115 3611 7116 3618 7116 3620 7116 3618 7117 3619 7117 3620 7117 3546 7118 3619 7118 3542 7118 3611 7119 3620 7119 3241 7119 3620 7120 3619 7120 3545 7120 3546 7121 3542 7121 3543 7121 3546 7122 3545 7122 3619 7122 3241 7123 3620 7123 3243 7123 3620 7124 3545 7124 3243 7124 3328 7125 3621 7125 3622 7125 3257 7126 3622 7126 3621 7126 3257 7127 3621 7127 3328 7127 3622 7128 3623 7128 3328 7128 3256 7129 3622 7129 3257 7129 3623 7130 3622 7130 3256 7130 3623 7131 3624 7131 3328 7131 3623 7132 3256 7132 3624 7132 3328 7133 3624 7133 3329 7133 3624 7134 3256 7134 3255 7134 3624 7135 3255 7135 3329 7135 3625 7136 3626 7136 3308 7136 3626 7137 3625 7137 3265 7137 3627 7138 3625 7138 3308 7138 3265 7139 3625 7139 3270 7139 3270 7140 3625 7140 3627 7140 3270 7141 3627 7141 3628 7141 3626 7142 3629 7142 3630 7142 3629 7143 3275 7143 3630 7143 3626 7144 3265 7144 3629 7144 3630 7145 3306 7145 3626 7145 3629 7146 3265 7146 3275 7146 3275 7147 3306 7147 3630 7147 3308 7148 3626 7148 3306 7148 3631 7149 3632 7149 3285 7149 3632 7150 3633 7150 3285 7150 3631 7151 3401 7151 3632 7151 3283 7152 3631 7152 3285 7152 3631 7153 2994 7153 3401 7153 3283 7154 2994 7154 3631 7154 3634 7155 3635 7155 3300 7155 3635 7156 3402 7156 3300 7156 3634 7157 3399 7157 3635 7157 3299 7158 3634 7158 3300 7158 3399 7159 3402 7159 3635 7159 3300 7160 3402 7160 3321 7160 3634 7161 3301 7161 3399 7161 3299 7162 3301 7162 3634 7162 3300 7163 3321 7163 3302 7163 3636 7164 3298 7164 3285 7164 3301 7165 3298 7165 3636 7165 3633 7166 3636 7166 3285 7166 3301 7167 3636 7167 3401 7167 3401 7168 3636 7168 3633 7168 3401 7169 3633 7169 3632 7169 3628 7170 3627 7170 3319 7170 3319 7171 3627 7171 3308 7171 3320 7172 3628 7172 3319 7172 3319 7173 3308 7173 3310 7173 3628 7174 3320 7174 3270 7174 3270 7175 3320 7175 3318 7175 3270 7176 3318 7176 3397 7176 3397 7177 3318 7177 3317 7177 3397 7178 3317 7178 3637 7178 3400 7179 3638 7179 3321 7179 3321 7180 3638 7180 3639 7180 3398 7181 3638 7181 3400 7181 3402 7182 3400 7182 3321 7182 3321 7183 3639 7183 3637 7183 3397 7184 3639 7184 3638 7184 3397 7185 3638 7185 3398 7185 3637 7186 3317 7186 3321 7186 3637 7187 3639 7187 3397 7187 3640 7188 3641 7188 3339 7188 3339 7189 3641 7189 3642 7189 3643 7190 3641 7190 3640 7190 3339 7191 3359 7191 3640 7191 3339 7192 3642 7192 3392 7192 3644 7193 3642 7193 3641 7193 3645 7194 3640 7194 3359 7194 3646 7195 3392 7195 3642 7195 3646 7196 3642 7196 3644 7196 3395 7197 3646 7197 2991 7197 2991 7198 3646 7198 3644 7198 3395 7199 3392 7199 3646 7199 3644 7200 3643 7200 2991 7200 3644 7201 3641 7201 3643 7201 2991 7202 3643 7202 3645 7202 2991 7203 3645 7203 3360 7203 3643 7204 3640 7204 3645 7204 3645 7205 3359 7205 3360 7205 3539 7206 3529 7206 3541 7206 3541 7207 3529 7207 3530 7207 3529 7208 3539 7208 3159 7208 3541 7209 3530 7209 3160 7209 3159 7210 3539 7210 3538 7210 3159 7211 3538 7211 3647 7211 3647 7212 3368 7212 3159 7212 3159 7213 3368 7213 3367 7213 3648 7214 3614 7214 3604 7214 3604 7215 3614 7215 3616 7215 3648 7216 3372 7216 3614 7216 3603 7217 3648 7217 3604 7217 3604 7218 3616 7218 3607 7218 3603 7219 3372 7219 3648 7219 3614 7220 3372 7220 3647 7220 3614 7221 3647 7221 3615 7221 3372 7222 3369 7222 3647 7222 3647 7223 3369 7223 3368 7223 3583 7224 3578 7224 3649 7224 3649 7225 3578 7225 3577 7225 3583 7226 3579 7226 3578 7226 3649 7227 3376 7227 3583 7227 3649 7228 3577 7228 3580 7228 3649 7229 3377 7229 3376 7229 3583 7230 3376 7230 3375 7230 3580 7231 3582 7231 3649 7231 3378 7232 3377 7232 3649 7232 3583 7233 3375 7233 3595 7233 3649 7234 3582 7234 3584 7234 3649 7235 3584 7235 3378 7235 3595 7236 3375 7236 3373 7236 3378 7237 3584 7237 3585 7237 3595 7238 3373 7238 3609 7238 3378 7239 3585 7239 3586 7239 3609 7240 3373 7240 3371 7240 3609 7241 3371 7241 3374 7241 3525 7242 3379 7242 3526 7242 3526 7243 3379 7243 3524 7243 3379 7244 3525 7244 3159 7244 3526 7245 3524 7245 2612 7245 3407 7246 3408 7246 3650 7246 3650 7247 3408 7247 3410 7247 3650 7248 3651 7248 3407 7248 3650 7249 3410 7249 3652 7249 3653 7250 3650 7250 3652 7250 3652 7251 3410 7251 3411 7251 3653 7252 3652 7252 3654 7252 3652 7253 3411 7253 3655 7253 3654 7254 3652 7254 3655 7254 3655 7255 3411 7255 3412 7255 3485 7256 3654 7256 3655 7256 3656 7257 3655 7257 3412 7257 3485 7258 3655 7258 3656 7258 3656 7259 3412 7259 3413 7259 3485 7260 3656 7260 3483 7260 3656 7261 3413 7261 3415 7261 3483 7262 3656 7262 3415 7262 3483 7263 3415 7263 3484 7263 3484 7264 3415 7264 3416 7264 3484 7265 3416 7265 3417 7265 3657 7266 3409 7266 3488 7266 3407 7267 3488 7267 3409 7267 3040 7268 3409 7268 3657 7268 3489 7269 3657 7269 3488 7269 3040 7270 3657 7270 3489 7270 3419 7271 3658 7271 3659 7271 3659 7272 3658 7272 3508 7272 3508 7273 3658 7273 3419 7273 3659 7274 3421 7274 3419 7274 3421 7275 3659 7275 3508 7275 3508 7276 3419 7276 3509 7276 3509 7277 3419 7277 3418 7277 3509 7278 3418 7278 3510 7278 3422 7279 3660 7279 3423 7279 3423 7280 3660 7280 3453 7280 3508 7281 3660 7281 3422 7281 3660 7282 3661 7282 3453 7282 3508 7283 3422 7283 3421 7283 3505 7284 3660 7284 3508 7284 3505 7285 3661 7285 3660 7285 3453 7286 3661 7286 3662 7286 3662 7287 3661 7287 3505 7287 3505 7288 3453 7288 3662 7288 3663 7289 3664 7289 3665 7289 3665 7290 3664 7290 3507 7290 3507 7291 3664 7291 3663 7291 3665 7292 3666 7292 3663 7292 3507 7293 3666 7293 3665 7293 3507 7294 3663 7294 3506 7294 3506 7295 3663 7295 3451 7295 3506 7296 3451 7296 3450 7296 3451 7297 3663 7297 3452 7297 3452 7298 3663 7298 3666 7298 3452 7299 3666 7299 3667 7299 3504 7300 3452 7300 3667 7300 3452 7301 3504 7301 3454 7301 3454 7302 3504 7302 3466 7302 3454 7303 3466 7303 3467 7303 3454 7304 3467 7304 3455 7304 3455 7305 3467 7305 3469 7305 3455 7306 3469 7306 3456 7306 3456 7307 3469 7307 3473 7307 3456 7308 3473 7308 3457 7308 3457 7309 3473 7309 3668 7309 3457 7310 3668 7310 3459 7310 3473 7311 3474 7311 3668 7311 3459 7312 3668 7312 3461 7312 3668 7313 3474 7313 3477 7313 3668 7314 3477 7314 3461 7314 3461 7315 3477 7315 3669 7315 3030 7316 3461 7316 3669 7316 3477 7317 3480 7317 3669 7317 3030 7318 3669 7318 3480 7318 3480 7319 3479 7319 3030 7319 3670 7320 3493 7320 3490 7320 3493 7321 3492 7321 3490 7321 3493 7322 3670 7322 3042 7322 3496 7323 3670 7323 3490 7323 3670 7324 3496 7324 3042 7324 3470 7325 3496 7325 3490 7325 3472 7326 3470 7326 3490 7326 3472 7327 3490 7327 3671 7327 3472 7328 3671 7328 3475 7328 3671 7329 3490 7329 3488 7329 3475 7330 3671 7330 3672 7330 3475 7331 3672 7331 3476 7331 3476 7332 3672 7332 3673 7332 3476 7333 3673 7333 3478 7333 3478 7334 3673 7334 3674 7334 3478 7335 3674 7335 3675 7335 3478 7336 3675 7336 3481 7336 3481 7337 3675 7337 3676 7337 3032 7338 3481 7338 3676 7338 3488 7339 3407 7339 3677 7339 3677 7340 3407 7340 3651 7340 3671 7341 3488 7341 3677 7341 3672 7342 3677 7342 3651 7342 3671 7343 3677 7343 3672 7343 3672 7344 3651 7344 3678 7344 3678 7345 3673 7345 3672 7345 3678 7346 3651 7346 3653 7346 3674 7347 3673 7347 3678 7347 3678 7348 3653 7348 3674 7348 3651 7349 3650 7349 3653 7349 3674 7350 3653 7350 3654 7350 3675 7351 3674 7351 3654 7351 3675 7352 3654 7352 3485 7352 3675 7353 3485 7353 3676 7353 3676 7354 3485 7354 3482 7354 3032 7355 3676 7355 3482 7355 3667 7356 3679 7356 3504 7356 3504 7357 3679 7357 3514 7357 3049 7358 3679 7358 3667 7358 3679 7359 3516 7359 3514 7359 3049 7360 3667 7360 3507 7360 3516 7361 3679 7361 3049 7361 3514 7362 3516 7362 3515 7362 3507 7363 3667 7363 3666 7363 3680 7364 3538 7364 3617 7364 3617 7365 3538 7365 3540 7365 3647 7366 3538 7366 3680 7366 3615 7367 3680 7367 3617 7367 3617 7368 3540 7368 3542 7368 3647 7369 3680 7369 3615 7369 2548 7370 2551 7370 907 7370 907 7371 2551 7371 904 7371 904 7372 2548 7372 907 7372 2551 7373 2548 7373 904 7373 904 7374 2979 7374 2976 7374 904 7375 2976 7375 900 7375 900 7376 2979 7376 904 7376 2976 7377 2979 7377 900 7377 3681 7378 3682 7378 3683 7378 3683 7379 3682 7379 3684 7379 3683 7380 3684 7380 3685 7380 3686 7381 3682 7381 3687 7381 3687 7382 3682 7382 3681 7382 3687 7383 3681 7383 3688 7383 3688 7384 3681 7384 3689 7384 3688 7385 3689 7385 3690 7385 3690 7386 3689 7386 3691 7386 3690 7387 3691 7387 3692 7387 3692 7388 3691 7388 3693 7388 907 7389 2046 7389 2047 7389 783 7390 2046 7390 907 7390 783 7391 1361 7391 2046 7391 784 7392 1361 7392 783 7392 783 7393 781 7393 784 7393 896 7394 2564 7394 2565 7394 900 7395 2564 7395 896 7395 900 7396 2562 7396 2564 7396 904 7397 2551 7397 2552 7397 2550 7398 2546 7398 907 7398 892 7399 2560 7399 2072 7399 892 7400 2558 7400 2560 7400 896 7401 2558 7401 892 7401 2559 7402 2556 7402 896 7402 885 7403 1397 7403 2068 7403 888 7404 1398 7404 1395 7404 1392 7405 1398 7405 888 7405 883 7406 1382 7406 1380 7406 885 7407 1382 7407 883 7407 885 7408 1379 7408 1382 7408 880 7409 2066 7409 1369 7409 883 7410 2066 7410 880 7410 883 7411 1373 7411 2066 7411 904 7412 2554 7412 2979 7412 888 7413 1393 7413 1390 7413 890 7414 1393 7414 888 7414 890 7415 1394 7415 1393 7415 1385 7416 1394 7416 890 7416 883 7417 1374 7417 1371 7417 883 7418 1375 7418 1374 7418 1376 7419 1375 7419 883 7419 787 7420 781 7420 783 7420 2049 7421 2550 7421 907 7421 890 7422 1386 7422 1383 7422 2561 7423 2559 7423 896 7423 2067 7424 885 7424 2068 7424 885 7425 2067 7425 1377 7425 834 7426 880 7426 1369 7426 830 7427 880 7427 834 7427 2978 7428 2981 7428 900 7428 597 7429 2089 7429 1891 7429 596 7430 2089 7430 597 7430 907 7431 2047 7431 2049 7431 896 7432 2565 7432 2561 7432 2981 7433 2562 7433 900 7433 907 7434 2546 7434 2548 7434 896 7435 2556 7435 2558 7435 883 7436 1380 7436 1376 7436 1377 7437 1379 7437 885 7437 1371 7438 1373 7438 883 7438 900 7439 2976 7439 2978 7439 2552 7440 2554 7440 904 7440 888 7441 1390 7441 1392 7441 892 7442 2072 7442 2069 7442 890 7443 1383 7443 1385 7443 3694 7444 3695 7444 3696 7444 3696 7445 3695 7445 3697 7445 3698 7446 3699 7446 3700 7446 3700 7447 3699 7447 3701 7447 3702 7448 3703 7448 3704 7448 3704 7449 3703 7449 3705 7449 3706 7450 3707 7450 3708 7450 3708 7451 3707 7451 3709 7451 3709 7452 3710 7452 3711 7452 3711 7453 3710 7453 3712 7453 3713 7454 3708 7454 3714 7454 3707 7455 3715 7455 3709 7455 3709 7456 3715 7456 3716 7456 3709 7457 3716 7457 3710 7457 3710 7458 3716 7458 3717 7458 3716 7459 3706 7459 3717 7459 3717 7460 3706 7460 3708 7460 3717 7461 3708 7461 3718 7461 3718 7462 3708 7462 3713 7462 3718 7463 3713 7463 3712 7463 3712 7464 3713 7464 3719 7464 3712 7465 3719 7465 3711 7465 3711 7466 3719 7466 3720 7466 3711 7467 3720 7467 3714 7467 3714 7468 3720 7468 3721 7468 3714 7469 3721 7469 3713 7469 3722 7470 3723 7470 3724 7470 3724 7471 3723 7471 3725 7471 3726 7472 3727 7472 3728 7472 3728 7473 3727 7473 3729 7473 3730 7474 3731 7474 3732 7474 3732 7475 3731 7475 3733 7475 3733 7476 3734 7476 3732 7476 3732 7477 3734 7477 3735 7477 3732 7478 3735 7478 3736 7478 3737 7479 3738 7479 3732 7479 3732 7480 3738 7480 3739 7480 3732 7481 3739 7481 3740 7481 3740 7482 3739 7482 3741 7482 3736 7483 3742 7483 3732 7483 3732 7484 3742 7484 3743 7484 3732 7485 3743 7485 3744 7485 3744 7486 3745 7486 3732 7486 3732 7487 3745 7487 3746 7487 3732 7488 3746 7488 3747 7488 3748 7489 3749 7489 3750 7489 3750 7490 3749 7490 3751 7490 3750 7491 3751 7491 3752 7491 3753 7492 3754 7492 3755 7492 3748 7493 3750 7493 3756 7493 3756 7494 3750 7494 3757 7494 3756 7495 3757 7495 3758 7495 3758 7496 3757 7496 3759 7496 3758 7497 3759 7497 3760 7497 3747 7498 3761 7498 3732 7498 3732 7499 3761 7499 3762 7499 3732 7500 3762 7500 3737 7500 3763 7501 3750 7501 3764 7501 3765 7502 3766 7502 3764 7502 3764 7503 3766 7503 3767 7503 3764 7504 3767 7504 3768 7504 3769 7505 3770 7505 3771 7505 3772 7506 3773 7506 3767 7506 3772 7507 3767 7507 3774 7507 3773 7508 3775 7508 3767 7508 3767 7509 3775 7509 3776 7509 3767 7510 3776 7510 3768 7510 3777 7511 3778 7511 3726 7511 3726 7512 3778 7512 3758 7512 3726 7513 3758 7513 3727 7513 3727 7514 3758 7514 3760 7514 3779 7515 3780 7515 3781 7515 3781 7516 3780 7516 3782 7516 3781 7517 3782 7517 3783 7517 3752 7518 3784 7518 3750 7518 3750 7519 3784 7519 3785 7519 3750 7520 3785 7520 3764 7520 3764 7521 3785 7521 3786 7521 3764 7522 3786 7522 3765 7522 3769 7523 3771 7523 3767 7523 3767 7524 3771 7524 3787 7524 3767 7525 3787 7525 3774 7525 3754 7526 3753 7526 3788 7526 3788 7527 3753 7527 3789 7527 3788 7528 3789 7528 3726 7528 3726 7529 3789 7529 3790 7529 3726 7530 3790 7530 3777 7530 3741 7531 3791 7531 3740 7531 3740 7532 3791 7532 3792 7532 3740 7533 3792 7533 3793 7533 3793 7534 3794 7534 3740 7534 3740 7535 3794 7535 3795 7535 3740 7536 3795 7536 3796 7536 3783 7537 3797 7537 3781 7537 3781 7538 3797 7538 3798 7538 3781 7539 3798 7539 3799 7539 3799 7540 3798 7540 3800 7540 3800 7541 3801 7541 3799 7541 3799 7542 3801 7542 3802 7542 3799 7543 3802 7543 3803 7543 3804 7544 3805 7544 3732 7544 3732 7545 3805 7545 3806 7545 3732 7546 3806 7546 3730 7546 3730 7547 3806 7547 3807 7547 3730 7548 3807 7548 3764 7548 3764 7549 3807 7549 3808 7549 3764 7550 3808 7550 3763 7550 3796 7551 3809 7551 3740 7551 3740 7552 3809 7552 3810 7552 3740 7553 3810 7553 3770 7553 3803 7554 3811 7554 3799 7554 3799 7555 3811 7555 3812 7555 3799 7556 3812 7556 3813 7556 3769 7557 3814 7557 3770 7557 3770 7558 3814 7558 3815 7558 3770 7559 3815 7559 3740 7559 3740 7560 3815 7560 3816 7560 3740 7561 3816 7561 3817 7561 3817 7562 3818 7562 3740 7562 3740 7563 3818 7563 3819 7563 3740 7564 3819 7564 3781 7564 3781 7565 3819 7565 3820 7565 3820 7566 3821 7566 3781 7566 3781 7567 3821 7567 3822 7567 3781 7568 3822 7568 3823 7568 3813 7569 3824 7569 3799 7569 3799 7570 3824 7570 3825 7570 3799 7571 3825 7571 3826 7571 3823 7572 3827 7572 3781 7572 3781 7573 3827 7573 3828 7573 3781 7574 3828 7574 3829 7574 3755 7575 3830 7575 3753 7575 3753 7576 3830 7576 3831 7576 3753 7577 3831 7577 3832 7577 3833 7578 3834 7578 3732 7578 3835 7579 3836 7579 3837 7579 3836 7580 3838 7580 3837 7580 3837 7581 3838 7581 3839 7581 3837 7582 3839 7582 3840 7582 3829 7583 3841 7583 3781 7583 3781 7584 3841 7584 3842 7584 3781 7585 3842 7585 3843 7585 3826 7586 3844 7586 3799 7586 3799 7587 3844 7587 3845 7587 3799 7588 3845 7588 3732 7588 3732 7589 3845 7589 3846 7589 3732 7590 3846 7590 3833 7590 3729 7591 3727 7591 3847 7591 3847 7592 3727 7592 3848 7592 3847 7593 3848 7593 3837 7593 3837 7594 3848 7594 3849 7594 3837 7595 3849 7595 3835 7595 3840 7596 3850 7596 3837 7596 3837 7597 3850 7597 3851 7597 3837 7598 3851 7598 3852 7598 3843 7599 3853 7599 3781 7599 3781 7600 3853 7600 3854 7600 3781 7601 3854 7601 3753 7601 3852 7602 3855 7602 3837 7602 3837 7603 3855 7603 3856 7603 3837 7604 3856 7604 3857 7604 3832 7605 3858 7605 3753 7605 3753 7606 3858 7606 3859 7606 3753 7607 3859 7607 3781 7607 3781 7608 3859 7608 3860 7608 3781 7609 3860 7609 3779 7609 3834 7610 3861 7610 3732 7610 3732 7611 3861 7611 3837 7611 3732 7612 3837 7612 3862 7612 3862 7613 3837 7613 3857 7613 3862 7614 3863 7614 3732 7614 3732 7615 3863 7615 3864 7615 3732 7616 3864 7616 3865 7616 3865 7617 3866 7617 3732 7617 3732 7618 3866 7618 3867 7618 3732 7619 3867 7619 3868 7619 3868 7620 3869 7620 3732 7620 3732 7621 3869 7621 3870 7621 3732 7622 3870 7622 3871 7622 3871 7623 3872 7623 3732 7623 3732 7624 3872 7624 3873 7624 3732 7625 3873 7625 3804 7625 3874 7626 3875 7626 3713 7626 3713 7627 3875 7627 3719 7627 3875 7628 3876 7628 3719 7628 3719 7629 3876 7629 3720 7629 3876 7630 3877 7630 3720 7630 3720 7631 3877 7631 3721 7631 3877 7632 3874 7632 3721 7632 3721 7633 3874 7633 3713 7633 3877 7634 3876 7634 3874 7634 3874 7635 3876 7635 3875 7635 3878 7636 3879 7636 3717 7636 3717 7637 3879 7637 3710 7637 3879 7638 3880 7638 3710 7638 3710 7639 3880 7639 3712 7639 3880 7640 3881 7640 3712 7640 3712 7641 3881 7641 3718 7641 3881 7642 3878 7642 3718 7642 3718 7643 3878 7643 3717 7643 3881 7644 3880 7644 3878 7644 3878 7645 3880 7645 3879 7645 3882 7646 3883 7646 3707 7646 3707 7647 3883 7647 3715 7647 3883 7648 3884 7648 3715 7648 3715 7649 3884 7649 3716 7649 3884 7650 3885 7650 3716 7650 3716 7651 3885 7651 3706 7651 3885 7652 3882 7652 3706 7652 3706 7653 3882 7653 3707 7653 3885 7654 3884 7654 3882 7654 3882 7655 3884 7655 3883 7655 3698 7656 3702 7656 3699 7656 3699 7657 3702 7657 3704 7657 3699 7658 3704 7658 3725 7658 3702 7659 3698 7659 3740 7659 3705 7660 3724 7660 3704 7660 3704 7661 3724 7661 3725 7661 3723 7662 3701 7662 3725 7662 3725 7663 3701 7663 3699 7663 3701 7664 3695 7664 3700 7664 3700 7665 3695 7665 3694 7665 3700 7666 3732 7666 3698 7666 3698 7667 3732 7667 3740 7667 3781 7668 3703 7668 3740 7668 3740 7669 3703 7669 3702 7669 3703 7670 3711 7670 3705 7670 3705 7671 3711 7671 3714 7671 3705 7672 3714 7672 3724 7672 3701 7673 3723 7673 3695 7673 3700 7674 3694 7674 3732 7674 3703 7675 3781 7675 3711 7675 3708 7676 3722 7676 3714 7676 3714 7677 3722 7677 3724 7677 3722 7678 3697 7678 3723 7678 3723 7679 3697 7679 3695 7679 3696 7680 3799 7680 3694 7680 3694 7681 3799 7681 3732 7681 3799 7682 3709 7682 3781 7682 3781 7683 3709 7683 3711 7683 3722 7684 3708 7684 3697 7684 3799 7685 3696 7685 3709 7685 3709 7686 3696 7686 3708 7686 3708 7687 3696 7687 3697 7687 3886 7688 3729 7688 3887 7688 3887 7689 3729 7689 3847 7689 3887 7690 3847 7690 3888 7690 3888 7691 3847 7691 3837 7691 3888 7692 3837 7692 3889 7692 3889 7693 3837 7693 3861 7693 3889 7694 3861 7694 3890 7694 3890 7695 3861 7695 3834 7695 3890 7696 3834 7696 3891 7696 3891 7697 3834 7697 3833 7697 3891 7698 3833 7698 3892 7698 3892 7699 3833 7699 3846 7699 3892 7700 3846 7700 3893 7700 3893 7701 3846 7701 3845 7701 3893 7702 3845 7702 3894 7702 3894 7703 3845 7703 3844 7703 3894 7704 3844 7704 3895 7704 3895 7705 3844 7705 3826 7705 3895 7706 3826 7706 3896 7706 3896 7707 3826 7707 3825 7707 3896 7708 3825 7708 3897 7708 3897 7709 3825 7709 3824 7709 3897 7710 3824 7710 3898 7710 3898 7711 3824 7711 3813 7711 3898 7712 3813 7712 3899 7712 3899 7713 3813 7713 3812 7713 3899 7714 3812 7714 3900 7714 3900 7715 3812 7715 3811 7715 3900 7716 3811 7716 3901 7716 3901 7717 3811 7717 3803 7717 3901 7718 3803 7718 3902 7718 3902 7719 3803 7719 3802 7719 3902 7720 3802 7720 3903 7720 3903 7721 3802 7721 3801 7721 3903 7722 3801 7722 3904 7722 3904 7723 3801 7723 3800 7723 3904 7724 3800 7724 3905 7724 3905 7725 3800 7725 3798 7725 3905 7726 3798 7726 3906 7726 3906 7727 3798 7727 3797 7727 3906 7728 3797 7728 3907 7728 3907 7729 3797 7729 3783 7729 3907 7730 3783 7730 3908 7730 3908 7731 3783 7731 3782 7731 3908 7732 3782 7732 3909 7732 3909 7733 3782 7733 3780 7733 3909 7734 3780 7734 3910 7734 3910 7735 3780 7735 3779 7735 3910 7736 3779 7736 3911 7736 3911 7737 3779 7737 3860 7737 3911 7738 3860 7738 3912 7738 3912 7739 3860 7739 3859 7739 3912 7740 3859 7740 3913 7740 3913 7741 3859 7741 3858 7741 3913 7742 3858 7742 3914 7742 3914 7743 3858 7743 3832 7743 3914 7744 3832 7744 3915 7744 3915 7745 3832 7745 3831 7745 3915 7746 3831 7746 3916 7746 3916 7747 3831 7747 3830 7747 3916 7748 3830 7748 3917 7748 3917 7749 3830 7749 3755 7749 3917 7750 3755 7750 3918 7750 3918 7751 3755 7751 3754 7751 3918 7752 3754 7752 3919 7752 3919 7753 3754 7753 3788 7753 3919 7754 3788 7754 3920 7754 3920 7755 3788 7755 3726 7755 3920 7756 3726 7756 3921 7756 3921 7757 3726 7757 3728 7757 3921 7758 3728 7758 3886 7758 3886 7759 3728 7759 3729 7759 3920 7760 3921 7760 3922 7760 3922 7761 3921 7761 3886 7761 3922 7762 3886 7762 3887 7762 3917 7763 3918 7763 3922 7763 3922 7764 3918 7764 3919 7764 3922 7765 3919 7765 3920 7765 3914 7766 3915 7766 3922 7766 3922 7767 3915 7767 3916 7767 3922 7768 3916 7768 3917 7768 3911 7769 3912 7769 3922 7769 3922 7770 3912 7770 3913 7770 3922 7771 3913 7771 3914 7771 3908 7772 3909 7772 3922 7772 3922 7773 3909 7773 3910 7773 3922 7774 3910 7774 3911 7774 3905 7775 3906 7775 3922 7775 3922 7776 3906 7776 3907 7776 3922 7777 3907 7777 3908 7777 3902 7778 3903 7778 3922 7778 3922 7779 3903 7779 3904 7779 3922 7780 3904 7780 3905 7780 3899 7781 3900 7781 3922 7781 3922 7782 3900 7782 3901 7782 3922 7783 3901 7783 3902 7783 3896 7784 3897 7784 3922 7784 3922 7785 3897 7785 3898 7785 3922 7786 3898 7786 3899 7786 3893 7787 3894 7787 3922 7787 3922 7788 3894 7788 3895 7788 3922 7789 3895 7789 3896 7789 3890 7790 3891 7790 3922 7790 3922 7791 3891 7791 3892 7791 3922 7792 3892 7792 3893 7792 3887 7793 3888 7793 3922 7793 3922 7794 3888 7794 3889 7794 3922 7795 3889 7795 3890 7795 3923 7796 3814 7796 3924 7796 3924 7797 3814 7797 3769 7797 3924 7798 3769 7798 3925 7798 3925 7799 3769 7799 3767 7799 3925 7800 3767 7800 3926 7800 3926 7801 3767 7801 3766 7801 3926 7802 3766 7802 3927 7802 3927 7803 3766 7803 3765 7803 3927 7804 3765 7804 3928 7804 3928 7805 3765 7805 3786 7805 3928 7806 3786 7806 3929 7806 3929 7807 3786 7807 3785 7807 3929 7808 3785 7808 3930 7808 3930 7809 3785 7809 3784 7809 3930 7810 3784 7810 3931 7810 3931 7811 3784 7811 3752 7811 3931 7812 3752 7812 3932 7812 3932 7813 3752 7813 3751 7813 3932 7814 3751 7814 3933 7814 3933 7815 3751 7815 3749 7815 3933 7816 3749 7816 3934 7816 3934 7817 3749 7817 3748 7817 3934 7818 3748 7818 3935 7818 3935 7819 3748 7819 3756 7819 3935 7820 3756 7820 3936 7820 3936 7821 3756 7821 3758 7821 3936 7822 3758 7822 3937 7822 3937 7823 3758 7823 3778 7823 3937 7824 3778 7824 3938 7824 3938 7825 3778 7825 3777 7825 3938 7826 3777 7826 3939 7826 3939 7827 3777 7827 3790 7827 3939 7828 3790 7828 3940 7828 3940 7829 3790 7829 3789 7829 3940 7830 3789 7830 3941 7830 3941 7831 3789 7831 3753 7831 3941 7832 3753 7832 3942 7832 3942 7833 3753 7833 3854 7833 3942 7834 3854 7834 3943 7834 3943 7835 3854 7835 3853 7835 3943 7836 3853 7836 3944 7836 3944 7837 3853 7837 3843 7837 3944 7838 3843 7838 3945 7838 3945 7839 3843 7839 3842 7839 3945 7840 3842 7840 3946 7840 3946 7841 3842 7841 3841 7841 3946 7842 3841 7842 3947 7842 3947 7843 3841 7843 3829 7843 3947 7844 3829 7844 3948 7844 3948 7845 3829 7845 3828 7845 3948 7846 3828 7846 3949 7846 3949 7847 3828 7847 3827 7847 3949 7848 3827 7848 3950 7848 3950 7849 3827 7849 3823 7849 3950 7850 3823 7850 3951 7850 3951 7851 3823 7851 3822 7851 3951 7852 3822 7852 3952 7852 3952 7853 3822 7853 3821 7853 3952 7854 3821 7854 3953 7854 3953 7855 3821 7855 3820 7855 3953 7856 3820 7856 3954 7856 3954 7857 3820 7857 3819 7857 3954 7858 3819 7858 3955 7858 3955 7859 3819 7859 3818 7859 3955 7860 3818 7860 3956 7860 3956 7861 3818 7861 3817 7861 3956 7862 3817 7862 3957 7862 3957 7863 3817 7863 3816 7863 3957 7864 3816 7864 3958 7864 3958 7865 3816 7865 3815 7865 3958 7866 3815 7866 3923 7866 3923 7867 3815 7867 3814 7867 3957 7868 3958 7868 3959 7868 3959 7869 3958 7869 3923 7869 3959 7870 3923 7870 3924 7870 3954 7871 3955 7871 3959 7871 3959 7872 3955 7872 3956 7872 3959 7873 3956 7873 3957 7873 3951 7874 3952 7874 3959 7874 3959 7875 3952 7875 3953 7875 3959 7876 3953 7876 3954 7876 3948 7877 3949 7877 3959 7877 3959 7878 3949 7878 3950 7878 3959 7879 3950 7879 3951 7879 3945 7880 3946 7880 3959 7880 3959 7881 3946 7881 3947 7881 3959 7882 3947 7882 3948 7882 3942 7883 3943 7883 3959 7883 3959 7884 3943 7884 3944 7884 3959 7885 3944 7885 3945 7885 3939 7886 3940 7886 3959 7886 3959 7887 3940 7887 3941 7887 3959 7888 3941 7888 3942 7888 3936 7889 3937 7889 3959 7889 3959 7890 3937 7890 3938 7890 3959 7891 3938 7891 3939 7891 3933 7892 3934 7892 3959 7892 3959 7893 3934 7893 3935 7893 3959 7894 3935 7894 3936 7894 3930 7895 3931 7895 3959 7895 3959 7896 3931 7896 3932 7896 3959 7897 3932 7897 3933 7897 3927 7898 3928 7898 3959 7898 3959 7899 3928 7899 3929 7899 3959 7900 3929 7900 3930 7900 3924 7901 3925 7901 3959 7901 3959 7902 3925 7902 3926 7902 3959 7903 3926 7903 3927 7903 3960 7904 3741 7904 3961 7904 3961 7905 3741 7905 3739 7905 3961 7906 3739 7906 3962 7906 3962 7907 3739 7907 3738 7907 3962 7908 3738 7908 3963 7908 3963 7909 3738 7909 3737 7909 3963 7910 3737 7910 3964 7910 3964 7911 3737 7911 3762 7911 3964 7912 3762 7912 3965 7912 3965 7913 3762 7913 3761 7913 3965 7914 3761 7914 3966 7914 3966 7915 3761 7915 3747 7915 3966 7916 3747 7916 3967 7916 3967 7917 3747 7917 3746 7917 3967 7918 3746 7918 3968 7918 3968 7919 3746 7919 3745 7919 3968 7920 3745 7920 3969 7920 3969 7921 3745 7921 3744 7921 3969 7922 3744 7922 3970 7922 3970 7923 3744 7923 3743 7923 3970 7924 3743 7924 3971 7924 3971 7925 3743 7925 3742 7925 3971 7926 3742 7926 3972 7926 3972 7927 3742 7927 3736 7927 3972 7928 3736 7928 3973 7928 3973 7929 3736 7929 3735 7929 3973 7930 3735 7930 3974 7930 3974 7931 3735 7931 3734 7931 3974 7932 3734 7932 3975 7932 3975 7933 3734 7933 3733 7933 3975 7934 3733 7934 3976 7934 3976 7935 3733 7935 3731 7935 3976 7936 3731 7936 3977 7936 3977 7937 3731 7937 3730 7937 3977 7938 3730 7938 3978 7938 3978 7939 3730 7939 3764 7939 3978 7940 3764 7940 3979 7940 3979 7941 3764 7941 3768 7941 3979 7942 3768 7942 3980 7942 3980 7943 3768 7943 3776 7943 3980 7944 3776 7944 3981 7944 3981 7945 3776 7945 3775 7945 3981 7946 3775 7946 3982 7946 3982 7947 3775 7947 3773 7947 3982 7948 3773 7948 3983 7948 3983 7949 3773 7949 3772 7949 3983 7950 3772 7950 3984 7950 3984 7951 3772 7951 3774 7951 3984 7952 3774 7952 3985 7952 3985 7953 3774 7953 3787 7953 3985 7954 3787 7954 3986 7954 3986 7955 3787 7955 3771 7955 3986 7956 3771 7956 3987 7956 3987 7957 3771 7957 3770 7957 3987 7958 3770 7958 3988 7958 3988 7959 3770 7959 3810 7959 3988 7960 3810 7960 3989 7960 3989 7961 3810 7961 3809 7961 3989 7962 3809 7962 3990 7962 3990 7963 3809 7963 3796 7963 3990 7964 3796 7964 3991 7964 3991 7965 3796 7965 3795 7965 3991 7966 3795 7966 3992 7966 3992 7967 3795 7967 3794 7967 3992 7968 3794 7968 3993 7968 3993 7969 3794 7969 3793 7969 3993 7970 3793 7970 3994 7970 3994 7971 3793 7971 3792 7971 3994 7972 3792 7972 3995 7972 3995 7973 3792 7973 3791 7973 3995 7974 3791 7974 3960 7974 3960 7975 3791 7975 3741 7975 3994 7976 3995 7976 3996 7976 3996 7977 3995 7977 3960 7977 3996 7978 3960 7978 3961 7978 3991 7979 3992 7979 3996 7979 3996 7980 3992 7980 3993 7980 3996 7981 3993 7981 3994 7981 3988 7982 3989 7982 3996 7982 3996 7983 3989 7983 3990 7983 3996 7984 3990 7984 3991 7984 3985 7985 3986 7985 3996 7985 3996 7986 3986 7986 3987 7986 3996 7987 3987 7987 3988 7987 3982 7988 3983 7988 3996 7988 3996 7989 3983 7989 3984 7989 3996 7990 3984 7990 3985 7990 3979 7991 3980 7991 3996 7991 3996 7992 3980 7992 3981 7992 3996 7993 3981 7993 3982 7993 3976 7994 3977 7994 3996 7994 3996 7995 3977 7995 3978 7995 3996 7996 3978 7996 3979 7996 3973 7997 3974 7997 3996 7997 3996 7998 3974 7998 3975 7998 3996 7999 3975 7999 3976 7999 3970 8000 3971 8000 3996 8000 3996 8001 3971 8001 3972 8001 3996 8002 3972 8002 3973 8002 3967 8003 3968 8003 3996 8003 3996 8004 3968 8004 3969 8004 3996 8005 3969 8005 3970 8005 3964 8006 3965 8006 3996 8006 3996 8007 3965 8007 3966 8007 3996 8008 3966 8008 3967 8008 3961 8009 3962 8009 3996 8009 3996 8010 3962 8010 3963 8010 3996 8011 3963 8011 3964 8011 3997 8012 3805 8012 3998 8012 3998 8013 3805 8013 3804 8013 3998 8014 3804 8014 3999 8014 3999 8015 3804 8015 3873 8015 3999 8016 3873 8016 4000 8016 4000 8017 3873 8017 3872 8017 4000 8018 3872 8018 4001 8018 4001 8019 3872 8019 3871 8019 4001 8020 3871 8020 4002 8020 4002 8021 3871 8021 3870 8021 4002 8022 3870 8022 4003 8022 4003 8023 3870 8023 3869 8023 4003 8024 3869 8024 4004 8024 4004 8025 3869 8025 3868 8025 4004 8026 3868 8026 4005 8026 4005 8027 3868 8027 3867 8027 4005 8028 3867 8028 4006 8028 4006 8029 3867 8029 3866 8029 4006 8030 3866 8030 4007 8030 4007 8031 3866 8031 3865 8031 4007 8032 3865 8032 4008 8032 4008 8033 3865 8033 3864 8033 4008 8034 3864 8034 4009 8034 4009 8035 3864 8035 3863 8035 4009 8036 3863 8036 4010 8036 4010 8037 3863 8037 3862 8037 4010 8038 3862 8038 4011 8038 4011 8039 3862 8039 3857 8039 4011 8040 3857 8040 4012 8040 4012 8041 3857 8041 3856 8041 4012 8042 3856 8042 4013 8042 4013 8043 3856 8043 3855 8043 4013 8044 3855 8044 4014 8044 4014 8045 3855 8045 3852 8045 4014 8046 3852 8046 4015 8046 4015 8047 3852 8047 3851 8047 4015 8048 3851 8048 4016 8048 4016 8049 3851 8049 3850 8049 4016 8050 3850 8050 4017 8050 4017 8051 3850 8051 3840 8051 4017 8052 3840 8052 4018 8052 4018 8053 3840 8053 3839 8053 4018 8054 3839 8054 4019 8054 4019 8055 3839 8055 3838 8055 4019 8056 3838 8056 4020 8056 4020 8057 3838 8057 3836 8057 4020 8058 3836 8058 4021 8058 4021 8059 3836 8059 3835 8059 4021 8060 3835 8060 4022 8060 4022 8061 3835 8061 3849 8061 4022 8062 3849 8062 4023 8062 4023 8063 3849 8063 3848 8063 4023 8064 3848 8064 4024 8064 4024 8065 3848 8065 3727 8065 4024 8066 3727 8066 4025 8066 4025 8067 3727 8067 3760 8067 4025 8068 3760 8068 4026 8068 4026 8069 3760 8069 3759 8069 4026 8070 3759 8070 4027 8070 4027 8071 3759 8071 3757 8071 4027 8072 3757 8072 4028 8072 4028 8073 3757 8073 3750 8073 4028 8074 3750 8074 4029 8074 4029 8075 3750 8075 3763 8075 4029 8076 3763 8076 4030 8076 4030 8077 3763 8077 3808 8077 4030 8078 3808 8078 4031 8078 4031 8079 3808 8079 3807 8079 4031 8080 3807 8080 4032 8080 4032 8081 3807 8081 3806 8081 4032 8082 3806 8082 3997 8082 3997 8083 3806 8083 3805 8083 4031 8084 4032 8084 4033 8084 4033 8085 4032 8085 3997 8085 4033 8086 3997 8086 3998 8086 4028 8087 4029 8087 4033 8087 4033 8088 4029 8088 4030 8088 4033 8089 4030 8089 4031 8089 4025 8090 4026 8090 4033 8090 4033 8091 4026 8091 4027 8091 4033 8092 4027 8092 4028 8092 4022 8093 4023 8093 4033 8093 4033 8094 4023 8094 4024 8094 4033 8095 4024 8095 4025 8095 4019 8096 4020 8096 4033 8096 4033 8097 4020 8097 4021 8097 4033 8098 4021 8098 4022 8098 4016 8099 4017 8099 4033 8099 4033 8100 4017 8100 4018 8100 4033 8101 4018 8101 4019 8101 4013 8102 4014 8102 4033 8102 4033 8103 4014 8103 4015 8103 4033 8104 4015 8104 4016 8104 4010 8105 4011 8105 4033 8105 4033 8106 4011 8106 4012 8106 4033 8107 4012 8107 4013 8107 4007 8108 4008 8108 4033 8108 4033 8109 4008 8109 4009 8109 4033 8110 4009 8110 4010 8110 4004 8111 4005 8111 4033 8111 4033 8112 4005 8112 4006 8112 4033 8113 4006 8113 4007 8113 4001 8114 4002 8114 4033 8114 4033 8115 4002 8115 4003 8115 4033 8116 4003 8116 4004 8116 3998 8117 3999 8117 4033 8117 4033 8118 3999 8118 4000 8118 4033 8119 4000 8119 4001 8119</p>
        </triangles>
      </mesh>
    </geometry>
  </library_geometries>
  <library_visual_scenes>
    <visual_scene id="Scene" name="Scene">
      <node id="nuc_支撑架_降压模块_降低高度" name="nuc+支撑架+降压模块_降低高度" type="NODE">
        <matrix sid="transform">1 0 0 0 0 1 0 0 0 0 1 0 0 0 0 1</matrix>
        <instance_geometry url="#nuc_支撑架_降压模块_降低高度-mesh" name="nuc+支撑架+降压模块_降低高度"/>
      </node>
      <node id="Camera" name="Camera" type="NODE">
        <matrix sid="transform">0.6859207 -0.3240135 0.6515582 7.358891 0.7276763 0.3054208 -0.6141704 -6.925791 0 0.8953956 0.4452714 4.958309 0 0 0 1</matrix>
        <instance_camera url="#Camera-camera"/>
      </node>
      <node id="Light" name="Light" type="NODE">
        <matrix sid="transform">-0.2908646 -0.7711008 0.5663932 4.076245 0.9551712 -0.1998834 0.2183912 1.005454 -0.05518906 0.6045247 0.7946723 5.903862 0 0 0 1</matrix>
        <instance_light url="#Light-light"/>
      </node>
    </visual_scene>
  </library_visual_scenes>
  <scene>
    <instance_visual_scene url="#Scene"/>
  </scene>
</COLLADA>